{
	"type": "FeatureCollection",
	"features": [{
		"type": "Feature",
		"properties": {
			"credits": "Based on Rüdiger Schmitt, Die altpersischen Inschriften der Achaimeniden: Editio minor mit deutscher Übersetzung (2009). Digitized, lemmatized, and updated by Henry Heitmann-Gordon, 2016-19, for the Munich Open-access Cuneiform Corpus Initiative (MOCCI), a corpus-building initiative funded by LMU Munich and the Alexander von Humboldt Foundation (through the establishment of the Alexander von Humboldt Chair for Ancient History of the Near and Middle East) and based at the Historisches Seminar - Abteilung Alte Geschichte of Ludwig-Maximilians-Universität München. The annotated edition is released under the Creative Commons Attribution Share-Alike license 3.0. Please cite this page as http://oracc.org/ario/Q007129/.",
			"designation": "Ariaramnes 1",
			"display_name": "ARIo AmHa",
			"dynastic_seat": "Persia",
			"genre": "Royal Inscription",
			"id_composite": "Q007129",
			"language": "Old Persian",
			"period": "Achaemenid",
			"pleiades_id": "903021",
			"popular_name": "AmHa",
			"primary_publication": "Ariaramnes 1",
			"provenience": "Ecbatana",
			"ruler": "Ariaramnes",
			"script": "Old Persian",
			"script_remarks": "inscribed",
			"script_type": "Cuneiform",
			"subgenre": "Ariaramnes",
			"supergenre": "LIT"
		},
		"geometry": {
			"type": "Point",
			"coordinates": [48.512209,34.799294]
		}
	}, {
		"type": "Feature",
		"properties": {
			"credits": "Based on Rüdiger Schmitt, Die altpersischen Inschriften der Achaimeniden: Editio minor mit deutscher Übersetzung (2009). Digitized, lemmatized, and updated by Henry Heitmann-Gordon, 2016-19, for the Munich Open-access Cuneiform Corpus Initiative (MOCCI), a corpus-building initiative funded by LMU Munich and the Alexander von Humboldt Foundation (through the establishment of the Alexander von Humboldt Chair for Ancient History of the Near and Middle East) and based at the Historisches Seminar - Abteilung Alte Geschichte of Ludwig-Maximilians-Universität München. The annotated edition is released under the Creative Commons Attribution Share-Alike license 3.0. Please cite this page as http://oracc.org/ario/Q007130/.",
			"designation": "Arsames 1",
			"display_name": "ARIo AsHa",
			"dynastic_seat": "Persia",
			"genre": "Royal Inscription",
			"id_composite": "Q007130",
			"language": "Old Persian",
			"period": "Achaemenid",
			"pleiades_id": "903021",
			"popular_name": "AsHa",
			"primary_publication": "Arsames 1",
			"provenience": "Ecbatana",
			"ruler": "Arsames",
			"script": "Old Persian",
			"script_remarks": "inscribed",
			"script_type": "Cuneiform",
			"subgenre": "Arsames",
			"supergenre": "LIT"
		},
		"geometry": {
			"type": "Point",
			"coordinates": [48.512209,34.799294]
		}
	}, {
		"type": "Feature",
		"properties": {
			"credits": "Based on Rüdiger Schmitt, Die altpersischen Inschriften der Achaimeniden: Editio minor mit deutscher Übersetzung (2009). Digitized, lemmatized, and updated by Henry Heitmann-Gordon, 2016-19, for the Munich Open-access Cuneiform Corpus Initiative (MOCCI), a corpus-building initiative funded by LMU Munich and the Alexander von Humboldt Foundation (through the establishment of the Alexander von Humboldt Chair for Ancient History of the Near and Middle East) and based at the Historisches Seminar - Abteilung Alte Geschichte of Ludwig-Maximilians-Universität München. The annotated edition is released under the Creative Commons Attribution Share-Alike license 3.0. Please cite this page as http://oracc.org/ario/Q007250/.",
			"designation": "Artaxerxes I  01",
			"display_name": "ARIo A¹Pa",
			"dynastic_seat": "Persia",
			"genre": "Royal Inscription",
			"id_composite": "Q007250",
			"language": "Akkadian, Old Persian",
			"period": "Achaemenid",
			"pleiades_id": "922695",
			"popular_name": "A¹Pa",
			"primary_publication": "Artaxerxes I  01",
			"provenience": "Persepolis",
			"ruler": "Artaxerxes I",
			"script": "Old Persian",
			"script_remarks": "inscribed",
			"script_type": "Cuneiform",
			"subgenre": "Artaxerxes I",
			"supergenre": "LIT"
		},
		"geometry": {
			"type": "Point",
			"coordinates": [52.889437,29.9353403333]
		}
	}, {
		"type": "Feature",
		"properties": {
			"credits": "Based on Rüdiger Schmitt, Die altpersischen Inschriften der Achaimeniden: Editio minor mit deutscher Übersetzung (2009). Digitized, lemmatized, and updated by Henry Heitmann-Gordon, 2016-19, for the Munich Open-access Cuneiform Corpus Initiative (MOCCI), a corpus-building initiative funded by LMU Munich and the Alexander von Humboldt Foundation (through the establishment of the Alexander von Humboldt Chair for Ancient History of the Near and Middle East) and based at the Historisches Seminar - Abteilung Alte Geschichte of Ludwig-Maximilians-Universität München. The annotated edition is released under the Creative Commons Attribution Share-Alike license 3.0. Please cite this page as http://oracc.org/ario/Q007251/.",
			"designation": "Artaxerxes I  02",
			"display_name": "ARIo A¹Pb",
			"dynastic_seat": "Persia",
			"genre": "Royal Inscription",
			"id_composite": "Q007251",
			"language": "Akkadian",
			"period": "Achaemenid",
			"pleiades_id": "922695",
			"popular_name": "A¹Pb",
			"primary_publication": "Artaxerxes I  02",
			"provenience": "Persepolis",
			"ruler": "Artaxerxes I",
			"script": "Old Persian",
			"script_remarks": "inscribed",
			"script_type": "Cuneiform",
			"subgenre": "Artaxerxes I",
			"supergenre": "LIT"
		},
		"geometry": {
			"type": "Point",
			"coordinates": [52.889437,29.9353403333]
		}
	}, {
		"type": "Feature",
		"properties": {
			"credits": "Based on Rüdiger Schmitt, &quot;Eine weitere Alabaster-Vase mit Artaxerxes-Inschrift&quot;, in: AMIT 33 (2001),191-201. Digitized, lemmatized, and updated by Henry Heitmann-Gordon, 2016-19, for the Munich Open-access Cuneiform Corpus Initiative (MOCCI), a corpus-building initiative funded by LMU Munich and the Alexander von Humboldt Foundation (through the establishment of the Alexander von Humboldt Chair for Ancient History of the Near and Middle East) and based at the Historisches Seminar - Abteilung Alte Geschichte of Ludwig-Maximilians-Universität München. The annotated edition is released under the Creative Commons Attribution Share-Alike license 3.0. Please cite this page as http://oracc.org/ario/Q007252/.",
			"designation": "Artaxerxes I  03",
			"display_name": "ARIo VA¹a",
			"dynastic_seat": "Persia",
			"genre": "Royal Inscription",
			"id_composite": "Q007252",
			"language": "Akkadian, Old Persian, Elamite, Hieroglyphs",
			"period": "Achaemenid",
			"pleiades_id": "922698",
			"popular_name": "VA¹a",
			"primary_publication": "Artaxerxes I  03",
			"provenience": "Persia",
			"ruler": "Artaxerxes I",
			"script": "Old Persian",
			"script_remarks": "inscribed",
			"script_type": "Cuneiform",
			"subgenre": "Artaxerxes I",
			"supergenre": "LIT"
		},
		"geometry": {
			"type": "Point",
			"coordinates": [51.5,30.5]
		}
	}, {
		"type": "Feature",
		"properties": {
			"credits": "Based on Rüdiger Schmitt, &quot;Die Artaxerxes-Vase aus dem Rezā-Abbāsi Museum&quot;, AMIT 34 (2002),341-343. Digitized, lemmatized, and updated by Henry Heitmann-Gordon, 2016-19, for the Munich Open-access Cuneiform Corpus Initiative (MOCCI), a corpus-building initiative funded by LMU Munich and the Alexander von Humboldt Foundation (through the establishment of the Alexander von Humboldt Chair for Ancient History of the Near and Middle East) and based at the Historisches Seminar - Abteilung Alte Geschichte of Ludwig-Maximilians-Universität München. The annotated edition is released under the Creative Commons Attribution Share-Alike license 3.0. Please cite this page as http://oracc.org/ario/Q007253/.",
			"designation": "Artaxerxes I  04",
			"display_name": "ARIo VA¹b",
			"dynastic_seat": "Persia",
			"genre": "Royal Inscription",
			"id_composite": "Q007253",
			"language": "Akkadian, Old Persian, Elamite, Hieroglyphs",
			"period": "Achaemenid",
			"pleiades_id": "922698",
			"popular_name": "VA¹b",
			"primary_publication": "Artaxerxes I  04",
			"provenience": "Persia",
			"ruler": "Artaxerxes I",
			"script": "Old Persian",
			"script_remarks": "inscribed",
			"script_type": "Cuneiform",
			"subgenre": "Artaxerxes I",
			"supergenre": "LIT"
		},
		"geometry": {
			"type": "Point",
			"coordinates": [51.5,30.5]
		}
	}, {
		"type": "Feature",
		"properties": {
			"credits": "Based on Rüdiger Schmitt, &quot;Eine weitere Alabaster-Vase mit Artaxerxes-Inschrift&quot;, in: AMIT 33 (2001),191-201. Digitized, lemmatized, and updated by Henry Heitmann-Gordon, 2016-19, for the Munich Open-access Cuneiform Corpus Initiative (MOCCI), a corpus-building initiative funded by LMU Munich and the Alexander von Humboldt Foundation (through the establishment of the Alexander von Humboldt Chair for Ancient History of the Near and Middle East) and based at the Historisches Seminar - Abteilung Alte Geschichte of Ludwig-Maximilians-Universität München. The annotated edition is released under the Creative Commons Attribution Share-Alike license 3.0. Please cite this page as http://oracc.org/ario/Q007254/.",
			"designation": "Artaxerxes I  05",
			"display_name": "ARIo VA¹c",
			"dynastic_seat": "Persia",
			"genre": "Royal Inscription",
			"id_composite": "Q007254",
			"language": "Akkadian, Old Persian, Elamite, Hieroglyphs",
			"period": "Achaemenid",
			"pleiades_id": "922698",
			"popular_name": "VA¹c",
			"primary_publication": "Artaxerxes I  05",
			"provenience": "Persia",
			"ruler": "Artaxerxes I",
			"script": "Old Persian",
			"script_remarks": "inscribed",
			"script_type": "Cuneiform",
			"subgenre": "Artaxerxes I",
			"supergenre": "LIT"
		},
		"geometry": {
			"type": "Point",
			"coordinates": [51.5,30.5]
		}
	}, {
		"type": "Feature",
		"properties": {
			"credits": "Based on Rüdiger Schmitt, &quot;Eine weitere Alabaster-Vase mit Artaxerxes-Inschrift&quot;, in: AMIT 33 (2001),191-201. Digitized, lemmatized, and updated by Henry Heitmann-Gordon, 2016-19, for the Munich Open-access Cuneiform Corpus Initiative (MOCCI), a corpus-building initiative funded by LMU Munich and the Alexander von Humboldt Foundation (through the establishment of the Alexander von Humboldt Chair for Ancient History of the Near and Middle East) and based at the Historisches Seminar - Abteilung Alte Geschichte of Ludwig-Maximilians-Universität München. The annotated edition is released under the Creative Commons Attribution Share-Alike license 3.0. Please cite this page as http://oracc.org/ario/Q007255/.",
			"designation": "Artaxerxes I  06",
			"display_name": "ARIo VA¹d",
			"dynastic_seat": "Persia",
			"genre": "Royal Inscription",
			"id_composite": "Q007255",
			"language": "Akkadian, Old Persian, Elamite, Hieroglyphs",
			"period": "Achaemenid",
			"pleiades_id": "922698",
			"popular_name": "VA¹d",
			"primary_publication": "Artaxerxes I  06",
			"provenience": "Persia",
			"ruler": "Artaxerxes I",
			"script": "Old Persian",
			"script_remarks": "inscribed",
			"script_type": "Cuneiform",
			"subgenre": "Artaxerxes I",
			"supergenre": "LIT"
		},
		"geometry": {
			"type": "Point",
			"coordinates": [51.5,30.5]
		}
	}, {
		"type": "Feature",
		"properties": {
			"credits": "This text is a modern forgery. Based on Rüdiger Schmitt, Pseudo-altpersische Inschriften. Inschriftenfälschungen und moderne Nachbildungen in altpersischer Keilschrift (2007). Digitized, lemmatized, and updated by Henry Heitmann-Gordon, 2016-19, for the Munich Open-access Cuneiform Corpus Initiative (MOCCI), a corpus-building initiative funded by LMU Munich and the Alexander von Humboldt Foundation (through the establishment of the Alexander von Humboldt Chair for Ancient History of the Near and Middle East) and based at the Historisches Seminar - Abteilung Alte Geschichte of Ludwig-Maximilians-Universität München. The annotated edition is released under the Creative Commons Attribution Share-Alike license 3.0. Please cite this page as http://oracc.org/ario/Q007256/.",
			"designation": "Artaxerxes I  07",
			"display_name": "ARIo VA¹e",
			"dynastic_seat": "Persia",
			"genre": "Royal Inscription",
			"id_composite": "Q007256",
			"language": "Old Persian",
			"period": "Achaemenid",
			"pleiades_id": "922698",
			"popular_name": "VA¹e",
			"primary_publication": "Artaxerxes I  07",
			"provenience": "Persia",
			"ruler": "Artaxerxes I",
			"script": "Old Persian",
			"script_remarks": "inscribed",
			"script_type": "Cuneiform",
			"subgenre": "Artaxerxes I",
			"supergenre": "LIT"
		},
		"geometry": {
			"type": "Point",
			"coordinates": [51.5,30.5]
		}
	}, {
		"type": "Feature",
		"properties": {
			"credits": "Based on Sims-Williams, Nicholas, &quot;The Inscriptions on the Miho Bowl and some comparable objects&quot;, in: Studia Iranica 30:2 (2001), 187-198. Digitized, lemmatized, and updated by Henry Heitmann-Gordon, 2016-19, for the Munich Open-access Cuneiform Corpus Initiative (MOCCI), a corpus-building initiative funded by LMU Munich and the Alexander von Humboldt Foundation (through the establishment of the Alexander von Humboldt Chair for Ancient History of the Near and Middle East) and based at the Historisches Seminar - Abteilung Alte Geschichte of Ludwig-Maximilians-Universität München. The annotated edition is released under the Creative Commons Attribution Share-Alike license 3.0. Please cite this page as http://oracc.org/ario/Q007257/.",
			"designation": "Artaxerxes I  08",
			"display_name": "ARIo VA¹f",
			"dynastic_seat": "Persia",
			"genre": "Royal Inscription",
			"id_composite": "Q007257",
			"language": "Akkadian, Old Persian",
			"period": "Achaemenid",
			"pleiades_id": "922698",
			"popular_name": "VA¹f",
			"primary_publication": "Artaxerxes I  08",
			"provenience": "Persia",
			"ruler": "Artaxerxes I",
			"script": "Old Persian",
			"script_remarks": "inscribed",
			"script_type": "Cuneiform",
			"subgenre": "Artaxerxes I",
			"supergenre": "LIT"
		},
		"geometry": {
			"type": "Point",
			"coordinates": [51.5,30.5]
		}
	}, {
		"type": "Feature",
		"properties": {
			"credits": "Based on Rüdiger Schmitt, &quot;Eine weitere Alabaster-Vase mit Artaxerxes-Inschrift&quot;, in: AMIT 33 (2001),191-201. Digitized, lemmatized, and updated by Henry Heitmann-Gordon, 2016-19, for the Munich Open-access Cuneiform Corpus Initiative (MOCCI), a corpus-building initiative funded by LMU Munich and the Alexander von Humboldt Foundation (through the establishment of the Alexander von Humboldt Chair for Ancient History of the Near and Middle East) and based at the Historisches Seminar - Abteilung Alte Geschichte of Ludwig-Maximilians-Universität München. The annotated edition is released under the Creative Commons Attribution Share-Alike license 3.0. Please cite this page as http://oracc.org/ario/Q007258/.",
			"designation": "Artaxerxes I  09",
			"display_name": "ARIo VA¹g",
			"dynastic_seat": "Persia",
			"genre": "Royal Inscription",
			"id_composite": "Q007258",
			"language": "Akkadian, Old Persian, Elamite, Hieroglyphs",
			"period": "Achaemenid",
			"pleiades_id": "922698",
			"popular_name": "VA¹g",
			"primary_publication": "Artaxerxes I  09",
			"provenience": "Persia",
			"ruler": "Artaxerxes I",
			"script": "Old Persian",
			"script_remarks": "inscribed",
			"script_type": "Cuneiform",
			"subgenre": "Artaxerxes I",
			"supergenre": "LIT"
		},
		"geometry": {
			"type": "Point",
			"coordinates": [51.5,30.5]
		}
	}, {
		"type": "Feature",
		"properties": {
			"credits": "Based on Rüdiger Schmitt, &quot;Cuneiform Inscriptions&quot;, in: Deniz Kaptan, The Daskyleion Bullae I (2002), 194-197. Digitized, lemmatized, and updated by Henry Heitmann-Gordon, 2016-19, for the Munich Open-access Cuneiform Corpus Initiative (MOCCI), a corpus-building initiative funded by LMU Munich and the Alexander von Humboldt Foundation (through the establishment of the Alexander von Humboldt Chair for Ancient History of the Near and Middle East) and based at the Historisches Seminar - Abteilung Alte Geschichte of Ludwig-Maximilians-Universität München. The annotated edition is released under the Creative Commons Attribution Share-Alike license 3.0. Please cite this page as http://oracc.org/ario/Q007258/.",
			"designation": "Artaxerxes I  10",
			"display_name": "ARIo SA¹a",
			"dynastic_seat": "Persia",
			"genre": "Administrative",
			"id_composite": "Q007259",
			"language": "Old Persian",
			"period": "Achaemenid",
			"pleiades_id": "511225",
			"popular_name": "SA¹a",
			"primary_publication": "Artaxerxes I  10",
			"provenience": "Daskyleion",
			"ruler": "Artaxerxes I",
			"script": "Old Persian",
			"script_remarks": "inscribed",
			"script_type": "Cuneiform",
			"subgenre": "Artaxerxes I",
			"supergenre": "ELA"
		},
		"geometry": {
			"type": "Point",
			"coordinates": [28.062536,40.138708]
		}
	}, {
		"type": "Feature",
		"properties": {
			"credits": "Based on Rüdiger Schmitt, &quot;Cuneiform Inscriptions&quot;, in: Deniz Kaptan, The Daskyleion Bullae I (2002), 194-197. Digitized, lemmatized, and updated by Henry Heitmann-Gordon, 2016-19, for the Munich Open-access Cuneiform Corpus Initiative (MOCCI), a corpus-building initiative funded by LMU Munich and the Alexander von Humboldt Foundation (through the establishment of the Alexander von Humboldt Chair for Ancient History of the Near and Middle East) and based at the Historisches Seminar - Abteilung Alte Geschichte of Ludwig-Maximilians-Universität München. The annotated edition is released under the Creative Commons Attribution Share-Alike license 3.0. Please cite this page as http://oracc.org/ario/Q007258/.",
			"designation": "Artaxerxes I  11",
			"display_name": "ARIo SA¹b",
			"dynastic_seat": "Persia",
			"genre": "Administrative",
			"id_composite": "Q009268",
			"language": "Old Persian",
			"period": "Achaemenid",
			"pleiades_id": "511225",
			"popular_name": "SA¹b",
			"primary_publication": "Artaxerxes I  11",
			"provenience": "Daskyleion",
			"ruler": "Artaxerxes I",
			"script": "Old Persian",
			"script_remarks": "inscribed",
			"script_type": "Cuneiform",
			"subgenre": "Artaxerxes I",
			"supergenre": "ELA"
		},
		"geometry": {
			"type": "Point",
			"coordinates": [28.062536,40.138708]
		}
	}, {
		"type": "Feature",
		"properties": {
			"credits": "Based on Weissbach, Franz H., &quot;Die Inschriften&quot;, in: Friedrich Wetzel, Erich Schmidt, Alfred Mallwitz (eds.), Das Babylon der Spätzeit, Berlin 1957, 48f. Digitized, lemmatized, and updated by Henry Heitmann-Gordon, 2016-19, for the Munich Open-access Cuneiform Corpus Initiative (MOCCI), a corpus-building initiative funded by LMU Munich and the Alexander von Humboldt Foundation (through the establishment of the Alexander von Humboldt Chair for Ancient History of the Near and Middle East) and based at the Historisches Seminar - Abteilung Alte Geschichte of Ludwig-Maximilians-Universität München. The annotated edition is released under the Creative Commons Attribution Share-Alike license 3.0. Please cite this page as http://oracc.org/ario/Q007266/.",
			"designation": "Artaxerxes II 01",
			"display_name": "ARIo A²B²a",
			"dynastic_seat": "Persia",
			"genre": "Royal Inscription",
			"id_composite": "Q007266",
			"language": "Elamite",
			"period": "Achaemenid",
			"pleiades_id": "893951",
			"popular_name": "A²B²a",
			"primary_publication": "Artaxerxes II 01",
			"provenience": "Babylon",
			"ruler": "Artaxerxes II",
			"script": "Old Persian",
			"script_remarks": "inscribed",
			"script_type": "Cuneiform",
			"subgenre": "Artaxerxes II",
			"supergenre": "LIT"
		},
		"geometry": {
			"type": "Point",
			"coordinates": [44.422236,32.543395]
		}
	}, {
		"type": "Feature",
		"properties": {
			"credits": "Based on Weissbach, Franz H., &quot;Die Inschriften&quot;, in: Friedrich Wetzel, Erich Schmidt, Alfred Mallwitz (eds.), Das Babylon der Spätzeit, Berlin 1957, 48f. Digitized, lemmatized, and updated by Henry Heitmann-Gordon, 2016-19, for the Munich Open-access Cuneiform Corpus Initiative (MOCCI), a corpus-building initiative funded by LMU Munich and the Alexander von Humboldt Foundation (through the establishment of the Alexander von Humboldt Chair for Ancient History of the Near and Middle East) and based at the Historisches Seminar - Abteilung Alte Geschichte of Ludwig-Maximilians-Universität München. The annotated edition is released under the Creative Commons Attribution Share-Alike license 3.0. Please cite this page as http://oracc.org/ario/Q007267/.",
			"designation": "Artaxerxes II 02",
			"display_name": "ARIo A²B²b",
			"dynastic_seat": "Persia",
			"genre": "Royal Inscription",
			"id_composite": "Q007267",
			"language": "Elamite",
			"period": "Achaemenid",
			"pleiades_id": "893951",
			"popular_name": "A²B²b",
			"primary_publication": "Artaxerxes II 02",
			"provenience": "Babylon",
			"ruler": "Artaxerxes II",
			"script": "Old Persian",
			"script_remarks": "inscribed",
			"script_type": "Cuneiform",
			"subgenre": "Artaxerxes II",
			"supergenre": "LIT"
		},
		"geometry": {
			"type": "Point",
			"coordinates": [44.422236,32.543395]
		}
	}, {
		"type": "Feature",
		"properties": {
			"credits": "Based on Weissbach, Franz H., &quot;Die Inschriften&quot;, in: Friedrich Wetzel, Erich Schmidt, Alfred Mallwitz (eds.), Das Babylon der Spätzeit, Berlin 1957, 48f. Digitized, lemmatized, and updated by Henry Heitmann-Gordon, 2016-19, for the Munich Open-access Cuneiform Corpus Initiative (MOCCI), a corpus-building initiative funded by LMU Munich and the Alexander von Humboldt Foundation (through the establishment of the Alexander von Humboldt Chair for Ancient History of the Near and Middle East) and based at the Historisches Seminar - Abteilung Alte Geschichte of Ludwig-Maximilians-Universität München. The annotated edition is released under the Creative Commons Attribution Share-Alike license 3.0. Please cite this page as http://oracc.org/ario/Q007268/.",
			"designation": "Artaxerxes II 03",
			"display_name": "ARIo A²B²c",
			"dynastic_seat": "Persia",
			"genre": "Royal Inscription",
			"id_composite": "Q007268",
			"language": "Elamite",
			"period": "Achaemenid",
			"pleiades_id": "893951",
			"popular_name": "A²B²c",
			"primary_publication": "Artaxerxes II 03",
			"provenience": "Babylon",
			"ruler": "Artaxerxes II",
			"script": "Old Persian",
			"script_remarks": "inscribed",
			"script_type": "Cuneiform",
			"subgenre": "Artaxerxes II",
			"supergenre": "LIT"
		},
		"geometry": {
			"type": "Point",
			"coordinates": [44.422236,32.543395]
		}
	}, {
		"type": "Feature",
		"properties": {
			"credits": "Based on Rüdiger Schmitt, Die altpersischen Inschriften der Achaimeniden: Editio minor mit deutscher Übersetzung (2009). Digitized, lemmatized, and updated by Henry Heitmann-Gordon, 2016-19, for the Munich Open-access Cuneiform Corpus Initiative (MOCCI), a corpus-building initiative funded by LMU Munich and the Alexander von Humboldt Foundation (through the establishment of the Alexander von Humboldt Chair for Ancient History of the Near and Middle East) and based at the Historisches Seminar - Abteilung Alte Geschichte of Ludwig-Maximilians-Universität München. The annotated edition is released under the Creative Commons Attribution Share-Alike license 3.0. Please cite this page as http://oracc.org/ario/Q007269/.",
			"designation": "Artaxerxes II 04",
			"display_name": "ARIo A²B²d",
			"dynastic_seat": "Persia",
			"genre": "Royal Inscription",
			"id_composite": "Q007269",
			"language": "Old Persian",
			"period": "Achaemenid",
			"pleiades_id": "893951",
			"popular_name": "A²B²d",
			"primary_publication": "Artaxerxes II 04",
			"provenience": "Babylon",
			"ruler": "Artaxerxes II",
			"script": "Old Persian",
			"script_remarks": "inscribed",
			"script_type": "Cuneiform",
			"subgenre": "Artaxerxes II",
			"supergenre": "LIT"
		},
		"geometry": {
			"type": "Point",
			"coordinates": [44.422236,32.543395]
		}
	}, {
		"type": "Feature",
		"properties": {
			"credits": "Based on Rüdiger Schmitt, Die altpersischen Inschriften der Achaimeniden: Editio minor mit deutscher Übersetzung (2009). Digitized, lemmatized, and updated by Henry Heitmann-Gordon, 2016-19, for the Munich Open-access Cuneiform Corpus Initiative (MOCCI), a corpus-building initiative funded by LMU Munich and the Alexander von Humboldt Foundation (through the establishment of the Alexander von Humboldt Chair for Ancient History of the Near and Middle East) and based at the Historisches Seminar - Abteilung Alte Geschichte of Ludwig-Maximilians-Universität München. The annotated edition is released under the Creative Commons Attribution Share-Alike license 3.0. Please cite this page as http://oracc.org/ario/Q007270/.",
			"designation": "Artaxerxes II 05",
			"display_name": "ARIo A²B²e",
			"dynastic_seat": "Persia",
			"genre": "Royal Inscription",
			"id_composite": "Q007270",
			"language": "Old Persian",
			"period": "Achaemenid",
			"pleiades_id": "893951",
			"popular_name": "A²B²e",
			"primary_publication": "Artaxerxes II 05",
			"provenience": "Babylon",
			"ruler": "Artaxerxes II",
			"script": "Old Persian",
			"script_remarks": "inscribed",
			"script_type": "Cuneiform",
			"subgenre": "Artaxerxes II",
			"supergenre": "LIT"
		},
		"geometry": {
			"type": "Point",
			"coordinates": [44.422236,32.543395]
		}
	}, {
		"type": "Feature",
		"properties": {
			"credits": "Based on Rüdiger Schmitt, Die altpersischen Inschriften der Achaimeniden: Editio minor mit deutscher Übersetzung (2009). Digitized, lemmatized, and updated by Henry Heitmann-Gordon, 2016-19, for the Munich Open-access Cuneiform Corpus Initiative (MOCCI), a corpus-building initiative funded by LMU Munich and the Alexander von Humboldt Foundation (through the establishment of the Alexander von Humboldt Chair for Ancient History of the Near and Middle East) and based at the Historisches Seminar - Abteilung Alte Geschichte of Ludwig-Maximilians-Universität München. The annotated edition is released under the Creative Commons Attribution Share-Alike license 3.0. Please cite this page as http://oracc.org/ario/Q007271/.",
			"designation": "Artaxerxes II 06",
			"display_name": "ARIo A²Ha",
			"dynastic_seat": "Persia",
			"genre": "Royal Inscription",
			"id_composite": "Q007271",
			"language": "Akkadian, Old Persian, Elamite",
			"period": "Achaemenid",
			"pleiades_id": "903021",
			"popular_name": "A²Ha",
			"primary_publication": "Artaxerxes II 06",
			"provenience": "Ecbatana",
			"ruler": "Artaxerxes II",
			"script": "Old Persian",
			"script_remarks": "inscribed",
			"script_type": "Cuneiform",
			"subgenre": "Artaxerxes II",
			"supergenre": "LIT"
		},
		"geometry": {
			"type": "Point",
			"coordinates": [48.512209,34.799294]
		}
	}, {
		"type": "Feature",
		"properties": {
			"credits": "Based on Rüdiger Schmitt, Die altpersischen Inschriften der Achaimeniden: Editio minor mit deutscher Übersetzung (2009). Digitized, lemmatized, and updated by Henry Heitmann-Gordon, 2016-19, for the Munich Open-access Cuneiform Corpus Initiative (MOCCI), a corpus-building initiative funded by LMU Munich and the Alexander von Humboldt Foundation (through the establishment of the Alexander von Humboldt Chair for Ancient History of the Near and Middle East) and based at the Historisches Seminar - Abteilung Alte Geschichte of Ludwig-Maximilians-Universität München. The annotated edition is released under the Creative Commons Attribution Share-Alike license 3.0. Please cite this page as http://oracc.org/ario/Q007272/.",
			"designation": "Artaxerxes II 07",
			"display_name": "ARIo A²Hb",
			"dynastic_seat": "Persia",
			"genre": "Royal Inscription",
			"id_composite": "Q007272",
			"language": "Old Persian",
			"period": "Achaemenid",
			"pleiades_id": "903021",
			"popular_name": "A²Hb",
			"primary_publication": "Artaxerxes II 07",
			"provenience": "Ecbatana",
			"ruler": "Artaxerxes II",
			"script": "Old Persian",
			"script_remarks": "inscribed",
			"script_type": "Cuneiform",
			"subgenre": "Artaxerxes II",
			"supergenre": "LIT"
		},
		"geometry": {
			"type": "Point",
			"coordinates": [48.512209,34.799294]
		}
	}, {
		"type": "Feature",
		"properties": {
			"credits": "Based on Rüdiger Schmitt, Die altpersischen Inschriften der Achaimeniden: Editio minor mit deutscher Übersetzung (2009). Digitized, lemmatized, and updated by Henry Heitmann-Gordon, 2016-19, for the Munich Open-access Cuneiform Corpus Initiative (MOCCI), a corpus-building initiative funded by LMU Munich and the Alexander von Humboldt Foundation (through the establishment of the Alexander von Humboldt Chair for Ancient History of the Near and Middle East) and based at the Historisches Seminar - Abteilung Alte Geschichte of Ludwig-Maximilians-Universität München. The annotated edition is released under the Creative Commons Attribution Share-Alike license 3.0. Please cite this page as http://oracc.org/ario/Q007273/.",
			"designation": "Artaxerxes II 08",
			"display_name": "ARIo A²Hc",
			"dynastic_seat": "Persia",
			"genre": "Royal Inscription",
			"id_composite": "Q007273",
			"language": "Old Persian",
			"period": "Achaemenid",
			"pleiades_id": "903021",
			"popular_name": "A²Hc",
			"primary_publication": "Artaxerxes II 08",
			"provenience": "Ecbatana",
			"ruler": "Artaxerxes II",
			"script": "Old Persian",
			"script_remarks": "inscribed",
			"script_type": "Cuneiform",
			"subgenre": "Artaxerxes II",
			"supergenre": "LIT"
		},
		"geometry": {
			"type": "Point",
			"coordinates": [48.512209,34.799294]
		}
	}, {
		"type": "Feature",
		"properties": {
			"credits": "Based on Rüdiger Schmitt, Die altpersischen Inschriften der Achaimeniden: Editio minor mit deutscher Übersetzung (2009). Digitized, lemmatized, and updated by Henry Heitmann-Gordon, 2016-19, for the Munich Open-access Cuneiform Corpus Initiative (MOCCI), a corpus-building initiative funded by LMU Munich and the Alexander von Humboldt Foundation (through the establishment of the Alexander von Humboldt Chair for Ancient History of the Near and Middle East) and based at the Historisches Seminar - Abteilung Alte Geschichte of Ludwig-Maximilians-Universität München. The annotated edition is released under the Creative Commons Attribution Share-Alike license 3.0. Please cite this page as http://oracc.org/ario/Q007274/.",
			"designation": "Artaxerxes II 09",
			"display_name": "ARIo A²Hd",
			"dynastic_seat": "Persia",
			"genre": "Royal Inscription",
			"id_composite": "Q007274",
			"language": "Old Persian",
			"period": "Achaemenid",
			"pleiades_id": "903021",
			"popular_name": "A²Hd",
			"primary_publication": "Artaxerxes II 09",
			"provenience": "Ecbatana",
			"ruler": "Artaxerxes II",
			"script": "Old Persian",
			"script_remarks": "inscribed",
			"script_type": "Cuneiform",
			"subgenre": "Artaxerxes II",
			"supergenre": "LIT"
		},
		"geometry": {
			"type": "Point",
			"coordinates": [48.512209,34.799294]
		}
	}, {
		"type": "Feature",
		"properties": {
			"credits": "Based on Rüdiger Schmitt, Die altpersischen Inschriften der Achaimeniden: Editio minor mit deutscher Übersetzung (2009). Digitized, lemmatized, and updated by Henry Heitmann-Gordon, 2016-19, for the Munich Open-access Cuneiform Corpus Initiative (MOCCI), a corpus-building initiative funded by LMU Munich and the Alexander von Humboldt Foundation (through the establishment of the Alexander von Humboldt Chair for Ancient History of the Near and Middle East) and based at the Historisches Seminar - Abteilung Alte Geschichte of Ludwig-Maximilians-Universität München. The annotated edition is released under the Creative Commons Attribution Share-Alike license 3.0. Please cite this page as http://oracc.org/ario/Q007275/.",
			"designation": "Artaxerxes II 10",
			"display_name": "ARIo A²Sa",
			"dynastic_seat": "Persia",
			"genre": "Royal Inscription",
			"id_composite": "Q007275",
			"language": "Akkadian, Old Persian, Elamite",
			"period": "Achaemenid",
			"pleiades_id": "912936",
			"popular_name": "A²Sa",
			"primary_publication": "Artaxerxes II 10",
			"provenience": "Susa",
			"ruler": "Artaxerxes II",
			"script": "Old Persian",
			"script_remarks": "inscribed",
			"script_type": "Cuneiform",
			"subgenre": "Artaxerxes II",
			"supergenre": "LIT"
		},
		"geometry": {
			"type": "Point",
			"coordinates": [48.257787,32.189217]
		}
	}, {
		"type": "Feature",
		"properties": {
			"credits": "Based on Rüdiger Schmitt, Die altpersischen Inschriften der Achaimeniden: Editio minor mit deutscher Übersetzung (2009). Digitized, lemmatized, and updated by Henry Heitmann-Gordon, 2016-19, for the Munich Open-access Cuneiform Corpus Initiative (MOCCI), a corpus-building initiative funded by LMU Munich and the Alexander von Humboldt Foundation (through the establishment of the Alexander von Humboldt Chair for Ancient History of the Near and Middle East) and based at the Historisches Seminar - Abteilung Alte Geschichte of Ludwig-Maximilians-Universität München. The annotated edition is released under the Creative Commons Attribution Share-Alike license 3.0. Please cite this page as http://oracc.org/ario/Q007276/.",
			"designation": "Artaxerxes II 11",
			"display_name": "ARIo A²Sb",
			"dynastic_seat": "Persia",
			"genre": "Royal Inscription",
			"id_composite": "Q007276",
			"language": "Akkadian, Old Persian, Elamite",
			"period": "Achaemenid",
			"pleiades_id": "912936",
			"popular_name": "A²Sb",
			"primary_publication": "Artaxerxes II 11",
			"provenience": "Susa",
			"ruler": "Artaxerxes II",
			"script": "Old Persian",
			"script_remarks": "inscribed",
			"script_type": "Cuneiform",
			"subgenre": "Artaxerxes II",
			"supergenre": "LIT"
		},
		"geometry": {
			"type": "Point",
			"coordinates": [48.257787,32.189217]
		}
	}, {
		"type": "Feature",
		"properties": {
			"credits": "Based on Rüdiger Schmitt, Die altpersischen Inschriften der Achaimeniden: Editio minor mit deutscher Übersetzung (2009). Digitized, lemmatized, and updated by Henry Heitmann-Gordon, 2016-19, for the Munich Open-access Cuneiform Corpus Initiative (MOCCI), a corpus-building initiative funded by LMU Munich and the Alexander von Humboldt Foundation (through the establishment of the Alexander von Humboldt Chair for Ancient History of the Near and Middle East) and based at the Historisches Seminar - Abteilung Alte Geschichte of Ludwig-Maximilians-Universität München. The annotated edition is released under the Creative Commons Attribution Share-Alike license 3.0. Please cite this page as http://oracc.org/ario/Q007277/.",
			"designation": "Artaxerxes II 12",
			"display_name": "ARIo A²Sc",
			"dynastic_seat": "Persia",
			"genre": "Royal Inscription",
			"id_composite": "Q007277",
			"language": "Old Persian",
			"period": "Achaemenid",
			"pleiades_id": "912936",
			"popular_name": "A²Sc",
			"primary_publication": "Artaxerxes II 12",
			"provenience": "Susa",
			"ruler": "Artaxerxes II",
			"script": "Old Persian",
			"script_remarks": "inscribed",
			"script_type": "Cuneiform",
			"subgenre": "Artaxerxes II",
			"supergenre": "LIT"
		},
		"geometry": {
			"type": "Point",
			"coordinates": [48.257787,32.189217]
		}
	}, {
		"type": "Feature",
		"properties": {
			"credits": "Based on Rüdiger Schmitt, Die altpersischen Inschriften der Achaimeniden: Editio minor mit deutscher Übersetzung (2009). Digitized, lemmatized, and updated by Henry Heitmann-Gordon, 2016-19, for the Munich Open-access Cuneiform Corpus Initiative (MOCCI), a corpus-building initiative funded by LMU Munich and the Alexander von Humboldt Foundation (through the establishment of the Alexander von Humboldt Chair for Ancient History of the Near and Middle East) and based at the Historisches Seminar - Abteilung Alte Geschichte of Ludwig-Maximilians-Universität München. The annotated edition is released under the Creative Commons Attribution Share-Alike license 3.0. Please cite this page as http://oracc.org/ario/Q007278/.",
			"designation": "Artaxerxes II 13",
			"display_name": "ARIo A²Sd",
			"dynastic_seat": "Persia",
			"genre": "Royal Inscription",
			"id_composite": "Q007278",
			"language": "Akkadian, Old Persian, Elamite",
			"period": "Achaemenid",
			"pleiades_id": "912936",
			"popular_name": "A²Sd",
			"primary_publication": "Artaxerxes II 13",
			"provenience": "Susa",
			"ruler": "Artaxerxes II",
			"script": "Old Persian",
			"script_remarks": "inscribed",
			"script_type": "Cuneiform",
			"subgenre": "Artaxerxes II",
			"supergenre": "LIT"
		},
		"geometry": {
			"type": "Point",
			"coordinates": [48.257787,32.189217]
		}
	}, {
		"type": "Feature",
		"properties": {
			"credits": "Based on Vallat, François, Corpus des inscriptions royales en elamite achemenide, These Universite de la Sorbonne, s.l. (Paris) 1977. Digitized, lemmatized, and updated by Henry Heitmann-Gordon, 2016-19, for the Munich Open-access Cuneiform Corpus Initiative (MOCCI), a corpus-building initiative funded by LMU Munich and the Alexander von Humboldt Foundation (through the establishment of the Alexander von Humboldt Chair for Ancient History of the Near and Middle East) and based at the Historisches Seminar - Abteilung Alte Geschichte of Ludwig-Maximilians-Universität München. The annotated edition is released under the Creative Commons Attribution Share-Alike license 3.0. Please cite this page as http://oracc.org/ario/Q007279/.",
			"designation": "Artaxerxes II 14",
			"display_name": "ARIo A²Se",
			"dynastic_seat": "Persia",
			"genre": "Royal Inscription",
			"id_composite": "Q007279",
			"language": "Elamite",
			"period": "Achaemenid",
			"pleiades_id": "912936",
			"popular_name": "A²Se",
			"primary_publication": "Artaxerxes II 14",
			"provenience": "Susa",
			"ruler": "Artaxerxes II",
			"script": "Old Persian",
			"script_remarks": "inscribed",
			"script_type": "Cuneiform",
			"subgenre": "Artaxerxes II",
			"supergenre": "LIT"
		},
		"geometry": {
			"type": "Point",
			"coordinates": [48.257787,32.189217]
		}
	}, {
		"type": "Feature",
		"properties": {
			"credits": "Based on Rüdiger Schmitt, Die altpersischen Inschriften der Achaimeniden: Editio minor mit deutscher Übersetzung (2009). Digitized, lemmatized, and updated by Henry Heitmann-Gordon, 2016-19, for the Munich Open-access Cuneiform Corpus Initiative (MOCCI), a corpus-building initiative funded by LMU Munich and the Alexander von Humboldt Foundation (through the establishment of the Alexander von Humboldt Chair for Ancient History of the Near and Middle East) and based at the Historisches Seminar - Abteilung Alte Geschichte of Ludwig-Maximilians-Universität München. The annotated edition is released under the Creative Commons Attribution Share-Alike license 3.0. Please cite this page as http://oracc.org/ario/Q007280/.",
			"designation": "Artaxerxes II or III 1",
			"display_name": "ARIo A²/³Pa",
			"dynastic_seat": "Persia",
			"genre": "Royal Inscription",
			"id_composite": "Q007280",
			"language": "Akkadian, Old Persian, Elamite",
			"period": "Achaemenid",
			"pleiades_id": "922695",
			"popular_name": "A²/³Pa",
			"primary_publication": "Artaxerxes II or III 1",
			"provenience": "Persepolis",
			"ruler": "Artaxerxes II or III",
			"script": "Old Persian",
			"script_remarks": "inscribed",
			"script_type": "Cuneiform",
			"subgenre": "Artaxerxes II or III",
			"supergenre": "LIT"
		},
		"geometry": {
			"type": "Point",
			"coordinates": [52.889437,29.9353403333]
		}
	}, {
		"type": "Feature",
		"properties": {
			"credits": "Based on Rüdiger Schmitt, Die altpersischen Inschriften der Achaimeniden: Editio minor mit deutscher Übersetzung (2009). Digitized, lemmatized, and updated by Henry Heitmann-Gordon, 2016-19, for the Munich Open-access Cuneiform Corpus Initiative (MOCCI), a corpus-building initiative funded by LMU Munich and the Alexander von Humboldt Foundation (through the establishment of the Alexander von Humboldt Chair for Ancient History of the Near and Middle East) and based at the Historisches Seminar - Abteilung Alte Geschichte of Ludwig-Maximilians-Universität München. The annotated edition is released under the Creative Commons Attribution Share-Alike license 3.0. Please cite this page as http://oracc.org/ario/Q007281/.",
			"designation": "Artaxerxes III  1",
			"display_name": "ARIo A³Pa",
			"dynastic_seat": "Persia",
			"genre": "Royal Inscription",
			"id_composite": "Q007281",
			"language": "Old Persian",
			"period": "Achaemenid",
			"pleiades_id": "922695",
			"popular_name": "A³Pa",
			"primary_publication": "Artaxerxes III  1",
			"provenience": "Persepolis",
			"ruler": "Artaxerxes III",
			"script": "Old Persian",
			"script_remarks": "inscribed",
			"script_type": "Cuneiform",
			"subgenre": "Artaxerxes III",
			"supergenre": "LIT"
		},
		"geometry": {
			"type": "Point",
			"coordinates": [52.889437,29.9353403333]
		}
	}, {
		"type": "Feature",
		"properties": {
			"credits": "Based on Brandenstein, Wilhelm, „Die neuen Achämenideninschriften&quot;, in: WZKM 39 (1932), 7-97. Digitized, lemmatized, and updated by Henry Heitmann-Gordon, 2016-19, for the Munich Open-access Cuneiform Corpus Initiative (MOCCI), a corpus-building initiative funded by LMU Munich and the Alexander von Humboldt Foundation (through the establishment of the Alexander von Humboldt Chair for Ancient History of the Near and Middle East) and based at the Historisches Seminar - Abteilung Alte Geschichte of Ludwig-Maximilians-Universität München. The annotated edition is released under the Creative Commons Attribution Share-Alike license 3.0. Please cite this page as http://oracc.org/ario/Q007282/.",
			"designation": "Artaxerxes III  2",
			"display_name": "ARIo A³Sa",
			"dynastic_seat": "Persia",
			"genre": "Royal Inscription",
			"id_composite": "Q007282",
			"language": "Akkadian",
			"period": "Achaemenid",
			"pleiades_id": "912936",
			"popular_name": "A³Sa",
			"primary_publication": "Artaxerxes III  2",
			"provenience": "Susa",
			"ruler": "Artaxerxes III",
			"script": "Old Persian",
			"script_remarks": "inscribed",
			"script_type": "Cuneiform",
			"subgenre": "Artaxerxes III",
			"supergenre": "LIT"
		},
		"geometry": {
			"type": "Point",
			"coordinates": [48.257787,32.189217]
		}
	}, {
		"type": "Feature",
		"properties": {
			"credits": "Based on Rüdiger Schmitt, Altpersische Siegel-Inschriften (1981). Digitized, lemmatized, and updated by Henry Heitmann-Gordon, 2016-19, for the Munich Open-access Cuneiform Corpus Initiative (MOCCI), a corpus-building initiative funded by LMU Munich and the Alexander von Humboldt Foundation (through the establishment of the Alexander von Humboldt Chair for Ancient History of the Near and Middle East) and based at the Historisches Seminar - Abteilung Alte Geschichte of Ludwig-Maximilians-Universität München. The annotated edition is released under the Creative Commons Attribution Share-Alike license 3.0. Please cite this page as http://oracc.org/ario/Q007283/.",
			"designation": "Artaxerxes III  3",
			"display_name": "ARIo SA³a",
			"dynastic_seat": "Persia",
			"genre": "Administrative",
			"id_composite": "Q007283",
			"language": "Old Persian",
			"period": "Achaemenid",
			"pleiades_id": "922698",
			"popular_name": "SA³a",
			"primary_publication": "Artaxerxes III  3",
			"provenience": "Persia",
			"ruler": "Artaxerxes III",
			"script": "Old Persian",
			"script_remarks": "inscribed",
			"script_type": "Cuneiform",
			"subgenre": "Artaxerxes III",
			"supergenre": "ELA"
		},
		"geometry": {
			"type": "Point",
			"coordinates": [51.5,30.5]
		}
	}, {
		"type": "Feature",
		"properties": {
			"credits": "Based on Rüdiger Schmitt, Altpersische Siegel-Inschriften (1981). Digitized, lemmatized, and updated by Henry Heitmann-Gordon, 2016-19, for the Munich Open-access Cuneiform Corpus Initiative (MOCCI), a corpus-building initiative funded by LMU Munich and the Alexander von Humboldt Foundation (through the establishment of the Alexander von Humboldt Chair for Ancient History of the Near and Middle East) and based at the Historisches Seminar - Abteilung Alte Geschichte of Ludwig-Maximilians-Universität München. The annotated edition is released under the Creative Commons Attribution Share-Alike license 3.0. Please cite this page as http://oracc.org/ario/Q009269/.",
			"designation": "Artaxerxes III  4",
			"display_name": "ARIo SA³b",
			"dynastic_seat": "Persia",
			"genre": "Administrative",
			"id_composite": "Q009269",
			"language": "Old Persian",
			"period": "Achaemenid",
			"pleiades_id": "922698",
			"popular_name": "SA³b",
			"primary_publication": "Artaxerxes III  4",
			"provenience": "Persia",
			"ruler": "Artaxerxes III",
			"script": "Old Persian",
			"script_remarks": "inscribed",
			"script_type": "Cuneiform",
			"subgenre": "Artaxerxes III",
			"supergenre": "ELA"
		},
		"geometry": {
			"type": "Point",
			"coordinates": [51.5,30.5]
		}
	}, {
		"type": "Feature",
		"properties": {
			"credits": "Adapted from I. Finkel, The Cyrus Cylinder. The King of Persia&apos;s Proclamation from Ancient Babylon by Alexa Bartelmus and Jamie Novotny for the Munich Open-access Cuneiform Corpus Initiative (MOCCI), a corpus-building initiative funded by LMU Munich and the Alexander von Humboldt Foundation (through the establishment of the Alexander von Humboldt Chair for Ancient History of the Near and Middle East) and based at the Historisches Seminar - Abteilung Alte Geschichte of Ludwig-Maximilians-Universität München. The text was lemmatized by Alexa Bartelmus and Bastian Still, and translated by Jamie Novotny. The annotated edition is released under the Creative Commons Attribution Share-Alike license 3.0. Please cite this page as http://oracc.org/ario/Q006653/.",
			"designation": "Cyrus II 1",
			"display_name": "ARIo CB²a",
			"dynastic_seat": "Persia",
			"genre": "Royal Inscription",
			"id_composite": "Q006653",
			"language": "Akkadian",
			"period": "Achaemenid",
			"pleiades_id": "893951",
			"popular_name": "CB²a",
			"primary_publication": "Cyrus II 1",
			"provenience": "Babylon",
			"ruler": "Cyrus II",
			"script": "Old Persian",
			"script_remarks": "inscribed",
			"script_type": "Cuneiform",
			"subgenre": "Cyrus II",
			"supergenre": "LIT"
		},
		"geometry": {
			"type": "Point",
			"coordinates": [44.422236,32.543395]
		}
	}, {
		"type": "Feature",
		"properties": {
			"credits": "Adapted from H. Schaudig, Die Inschriften Nabonids von Babylon und Kyros&apos; des Großen by Alexa Bartelmus and Jamie Novotny for the Munich Open-access Cuneiform Corpus Initiative (MOCCI), a corpus-building initiative funded by LMU Munich and the Alexander von Humboldt Foundation (through the establishment of the Alexander von Humboldt Chair for Ancient History of the Near and Middle East) and based at the Historisches Seminar - Abteilung Alte Geschichte of Ludwig-Maximilians-Universität München. The text was lemmatized by Alexa Bartelmus and Bastian Still, and translated by Jamie Novotny. The annotated edition is released under the Creative Commons Attribution Share-Alike license 3.0. Please cite this page as http://oracc.org/ario/Q006654/.",
			"designation": "Cyrus II 2",
			"display_name": "ARIo CUa",
			"dynastic_seat": "Persia",
			"genre": "Royal Inscription",
			"id_composite": "Q006654",
			"language": "Akkadian",
			"period": "Achaemenid",
			"pleiades_id": "912985",
			"popular_name": "CUa",
			"primary_publication": "Cyrus II 2",
			"provenience": "Ur",
			"ruler": "Cyrus II",
			"script": "Old Persian",
			"script_remarks": "inscribed",
			"script_type": "Cuneiform",
			"subgenre": "Cyrus II",
			"supergenre": "LIT"
		},
		"geometry": {
			"type": "Point",
			"coordinates": [46.104748,30.961580]
		}
	}, {
		"type": "Feature",
		"properties": {
			"credits": "Adapted from H. Schaudig, Die Inschriften Nabonids von Babylon und Kyros&apos; des Großen by Alexa Bartelmus and Jamie Novotny for the Munich Open-access Cuneiform Corpus Initiative (MOCCI), a corpus-building initiative funded by LMU Munich and the Alexander von Humboldt Foundation (through the establishment of the Alexander von Humboldt Chair for Ancient History of the Near and Middle East) and based at the Historisches Seminar - Abteilung Alte Geschichte of Ludwig-Maximilians-Universität München. The text was lemmatized by Alexa Bartelmus and Bastian Still, and translated by Jamie Novotny. The annotated edition is released under the Creative Commons Attribution Share-Alike license 3.0. Please cite this page as http://oracc.org/ario/Q006655/.",
			"designation": "Cyrus II 3",
			"display_name": "ARIo CWa",
			"dynastic_seat": "Persia",
			"genre": "Royal Inscription",
			"id_composite": "Q006655",
			"language": "Akkadian",
			"period": "Achaemenid",
			"pleiades_id": "912986",
			"popular_name": "CWa",
			"primary_publication": "Cyrus II 3",
			"provenience": "Uruk",
			"ruler": "Cyrus II",
			"script": "Old Persian",
			"script_remarks": "inscribed",
			"script_type": "Cuneiform",
			"subgenre": "Cyrus II",
			"supergenre": "LIT"
		},
		"geometry": {
			"type": "Point",
			"coordinates": [45.638752,31.32446]
		}
	}, {
		"type": "Feature",
		"properties": {
			"credits": "Based on Rüdiger Schmitt, Die altpersischen Inschriften der Achaimeniden: Editio minor mit deutscher Übersetzung (2009); Vallat, François, Corpus des inscriptions royales en elamite achemenide, These Universite de la Sorbonne, s.l. (Paris) 1977. Digitized, lemmatized, and updated by Henry Heitmann-Gordon, 2016-19, for the Munich Open-access Cuneiform Corpus Initiative (MOCCI), a corpus-building initiative funded by LMU Munich and the Alexander von Humboldt Foundation (through the establishment of the Alexander von Humboldt Chair for Ancient History of the Near and Middle East) and based at the Historisches Seminar - Abteilung Alte Geschichte of Ludwig-Maximilians-Universität München. The annotated edition is released under the Creative Commons Attribution Share-Alike license 3.0. Please cite this page as http://oracc.org/ario/Q007131/.",
			"designation": "Cyrus II 4",
			"display_name": "ARIo CMa",
			"dynastic_seat": "Persia",
			"genre": "Royal Inscription",
			"id_composite": "Q007131",
			"language": "Akkadian, Old Persian, Elamite",
			"period": "Achaemenid",
			"pleiades_id": "922693",
			"popular_name": "CMa",
			"primary_publication": "Cyrus II 4",
			"provenience": "Pasargadae",
			"ruler": "Cyrus II",
			"script": "Old Persian",
			"script_remarks": "inscribed",
			"script_type": "Cuneiform",
			"subgenre": "Cyrus II",
			"supergenre": "LIT"
		},
		"geometry": {
			"type": "Point",
			"coordinates": [53.1684426, 30.1930914]
		}
	}, {
		"type": "Feature",
		"properties": {
			"credits": "Based on Rüdiger Schmitt, Die altpersischen Inschriften der Achaimeniden: Editio minor mit deutscher Übersetzung (2009). Digitized, lemmatized, and updated by Henry Heitmann-Gordon, 2016-19, for the Munich Open-access Cuneiform Corpus Initiative (MOCCI), a corpus-building initiative funded by LMU Munich and the Alexander von Humboldt Foundation (through the establishment of the Alexander von Humboldt Chair for Ancient History of the Near and Middle East) and based at the Historisches Seminar - Abteilung Alte Geschichte of Ludwig-Maximilians-Universität München. The annotated edition is released under the Creative Commons Attribution Share-Alike license 3.0. Please cite this page as http://oracc.org/ario/Q007132/.",
			"designation": "Cyrus II 5",
			"display_name": "ARIo CMb",
			"dynastic_seat": "Persia",
			"genre": "Royal Inscription",
			"id_composite": "Q007132",
			"language": "Old Persian",
			"period": "Achaemenid",
			"pleiades_id": "922693",
			"popular_name": "CMb",
			"primary_publication": "Cyrus II 5",
			"provenience": "Pasargadae",
			"ruler": "Cyrus II",
			"script": "Old Persian",
			"script_remarks": "inscribed",
			"script_type": "Cuneiform",
			"subgenre": "Cyrus II",
			"supergenre": "LIT"
		},
		"geometry": {
			"type": "Point",
			"coordinates": [53.1684426, 30.1930914]
		}
	}, {
		"type": "Feature",
		"properties": {
			"credits": "Based on Rüdiger Schmitt, Die altpersischen Inschriften der Achaimeniden: Editio minor mit deutscher Übersetzung (2009); Vallat, François, Corpus des inscriptions royales en elamite achemenide, These Universite de la Sorbonne, s.l. (Paris) 1977. Digitized, lemmatized, and updated by Henry Heitmann-Gordon, 2016-19, for the Munich Open-access Cuneiform Corpus Initiative (MOCCI), a corpus-building initiative funded by LMU Munich and the Alexander von Humboldt Foundation (through the establishment of the Alexander von Humboldt Chair for Ancient History of the Near and Middle East) and based at the Historisches Seminar - Abteilung Alte Geschichte of Ludwig-Maximilians-Universität München. The annotated edition is released under the Creative Commons Attribution Share-Alike license 3.0. Please cite this page as http://oracc.org/ario/Q007133/.",
			"designation": "Cyrus II 6",
			"display_name": "ARIo CMc",
			"dynastic_seat": "Persia",
			"genre": "Royal Inscription",
			"id_composite": "Q007133",
			"language": "Akkadian, Old Persian, Elamite",
			"period": "Achaemenid",
			"pleiades_id": "922693",
			"popular_name": "CMc",
			"primary_publication": "Cyrus II 6",
			"provenience": "Pasargadae",
			"ruler": "Cyrus II",
			"script": "Old Persian",
			"script_remarks": "inscribed",
			"script_type": "Cuneiform",
			"subgenre": "Cyrus II",
			"supergenre": "LIT"
		},
		"geometry": {
			"type": "Point",
			"coordinates": [53.1684426, 30.1930914]
		}
	}, {
		"type": "Feature",
		"properties": {
			"credits": "Based on Rüdiger Schmitt, Die altpersischen Inschriften der Achaimeniden: Editio minor mit deutscher Übersetzung (2009). Digitized, lemmatized, and updated by Henry Heitmann-Gordon, 2016-19, for the Munich Open-access Cuneiform Corpus Initiative (MOCCI), a corpus-building initiative funded by LMU Munich and the Alexander von Humboldt Foundation (through the establishment of the Alexander von Humboldt Chair for Ancient History of the Near and Middle East) and based at the Historisches Seminar - Abteilung Alte Geschichte of Ludwig-Maximilians-Universität München. The annotated edition is released under the Creative Commons Attribution Share-Alike license 3.0. Please cite this page as http://oracc.org/ario/Q007134/.",
			"designation": "Darius I  01",
			"display_name": "ARIo DB",
			"dynastic_seat": "Persia",
			"genre": "Royal Inscription",
			"id_composite": "Q007134",
			"language": "Akkadian, Old Persian, Elamite",
			"period": "Achaemenid",
			"pleiades_id": "903002",
			"popular_name": "DB",
			"primary_publication": "Darius I  01",
			"provenience": "Bisutun",
			"ruler": "Darius I",
			"script": "Old Persian",
			"script_remarks": "inscribed",
			"script_type": "Cuneiform",
			"subgenre": "Darius I",
			"supergenre": "LIT"
		},
		"geometry": {
			"type": "Point",
			"coordinates": [47.454353,34.393528]
		}
	}, {
		"type": "Feature",
		"properties": {
			"credits": "Based on Rüdiger Schmitt, Die altpersischen Inschriften der Achaimeniden: Editio minor mit deutscher Übersetzung (2009). Digitized, lemmatized, and updated by Henry Heitmann-Gordon, 2016-19, for the Munich Open-access Cuneiform Corpus Initiative (MOCCI), a corpus-building initiative funded by LMU Munich and the Alexander von Humboldt Foundation (through the establishment of the Alexander von Humboldt Chair for Ancient History of the Near and Middle East) and based at the Historisches Seminar - Abteilung Alte Geschichte of Ludwig-Maximilians-Universität München. The annotated edition is released under the Creative Commons Attribution Share-Alike license 3.0. Please cite this page as http://oracc.org/ario/Q007135/.",
			"designation": "Darius I  02",
			"display_name": "ARIo DBa",
			"dynastic_seat": "Persia",
			"genre": "Royal Inscription",
			"id_composite": "Q007135",
			"language": "Old Persian, Elamite",
			"period": "Achaemenid",
			"pleiades_id": "903002",
			"popular_name": "DBa",
			"primary_publication": "Darius I  02",
			"provenience": "Bisutun",
			"ruler": "Darius I",
			"script": "Old Persian",
			"script_remarks": "inscribed",
			"script_type": "Cuneiform",
			"subgenre": "Darius I",
			"supergenre": "LIT"
		},
		"geometry": {
			"type": "Point",
			"coordinates": [47.454353,34.393528]
		}
	}, {
		"type": "Feature",
		"properties": {
			"credits": "Based on Rüdiger Schmitt, Die altpersischen Inschriften der Achaimeniden: Editio minor mit deutscher Übersetzung (2009). Digitized, lemmatized, and updated by Henry Heitmann-Gordon, 2016-19, for the Munich Open-access Cuneiform Corpus Initiative (MOCCI), a corpus-building initiative funded by LMU Munich and the Alexander von Humboldt Foundation (through the establishment of the Alexander von Humboldt Chair for Ancient History of the Near and Middle East) and based at the Historisches Seminar - Abteilung Alte Geschichte of Ludwig-Maximilians-Universität München. The annotated edition is released under the Creative Commons Attribution Share-Alike license 3.0. Please cite this page as http://oracc.org/ario/Q007136/.",
			"designation": "Darius I  03",
			"display_name": "ARIo DBb",
			"dynastic_seat": "Persia",
			"genre": "Royal Inscription",
			"id_composite": "Q007136",
			"language": "Akkadian, Old Persian, Elamite",
			"period": "Achaemenid",
			"pleiades_id": "903002",
			"popular_name": "DBb",
			"primary_publication": "Darius I  03",
			"provenience": "Bisutun",
			"ruler": "Darius I",
			"script": "Old Persian",
			"script_remarks": "inscribed",
			"script_type": "Cuneiform",
			"subgenre": "Darius I",
			"supergenre": "LIT"
		},
		"geometry": {
			"type": "Point",
			"coordinates": [47.454353,34.393528]
		}
	}, {
		"type": "Feature",
		"properties": {
			"credits": "Based on Rüdiger Schmitt, Die altpersischen Inschriften der Achaimeniden: Editio minor mit deutscher Übersetzung (2009). Digitized, lemmatized, and updated by Henry Heitmann-Gordon, 2016-19, for the Munich Open-access Cuneiform Corpus Initiative (MOCCI), a corpus-building initiative funded by LMU Munich and the Alexander von Humboldt Foundation (through the establishment of the Alexander von Humboldt Chair for Ancient History of the Near and Middle East) and based at the Historisches Seminar - Abteilung Alte Geschichte of Ludwig-Maximilians-Universität München. The annotated edition is released under the Creative Commons Attribution Share-Alike license 3.0. Please cite this page as http://oracc.org/ario/Q007137/.",
			"designation": "Darius I  04",
			"display_name": "ARIo DBc",
			"dynastic_seat": "Persia",
			"genre": "Royal Inscription",
			"id_composite": "Q007137",
			"language": "Akkadian, Old Persian, Elamite",
			"period": "Achaemenid",
			"pleiades_id": "903002",
			"popular_name": "DBc",
			"primary_publication": "Darius I  04",
			"provenience": "Bisutun",
			"ruler": "Darius I",
			"script": "Old Persian",
			"script_remarks": "inscribed",
			"script_type": "Cuneiform",
			"subgenre": "Darius I",
			"supergenre": "LIT"
		},
		"geometry": {
			"type": "Point",
			"coordinates": [47.454353,34.393528]
		}
	}, {
		"type": "Feature",
		"properties": {
			"credits": "Based on Rüdiger Schmitt, Die altpersischen Inschriften der Achaimeniden: Editio minor mit deutscher Übersetzung (2009). Digitized, lemmatized, and updated by Henry Heitmann-Gordon, 2016-19, for the Munich Open-access Cuneiform Corpus Initiative (MOCCI), a corpus-building initiative funded by LMU Munich and the Alexander von Humboldt Foundation (through the establishment of the Alexander von Humboldt Chair for Ancient History of the Near and Middle East) and based at the Historisches Seminar - Abteilung Alte Geschichte of Ludwig-Maximilians-Universität München. The annotated edition is released under the Creative Commons Attribution Share-Alike license 3.0. Please cite this page as http://oracc.org/ario/Q007138/.",
			"designation": "Darius I  05",
			"display_name": "ARIo DBd",
			"dynastic_seat": "Persia",
			"genre": "Royal Inscription",
			"id_composite": "Q007138",
			"language": "Akkadian, Old Persian, Elamite",
			"period": "Achaemenid",
			"pleiades_id": "903002",
			"popular_name": "DBd",
			"primary_publication": "Darius I  05",
			"provenience": "Bisutun",
			"ruler": "Darius I",
			"script": "Old Persian",
			"script_remarks": "inscribed",
			"script_type": "Cuneiform",
			"subgenre": "Darius I",
			"supergenre": "LIT"
		},
		"geometry": {
			"type": "Point",
			"coordinates": [47.454353,34.393528]
		}
	}, {
		"type": "Feature",
		"properties": {
			"credits": "Based on Rüdiger Schmitt, Die altpersischen Inschriften der Achaimeniden: Editio minor mit deutscher Übersetzung (2009). Digitized, lemmatized, and updated by Henry Heitmann-Gordon, 2016-19, for the Munich Open-access Cuneiform Corpus Initiative (MOCCI), a corpus-building initiative funded by LMU Munich and the Alexander von Humboldt Foundation (through the establishment of the Alexander von Humboldt Chair for Ancient History of the Near and Middle East) and based at the Historisches Seminar - Abteilung Alte Geschichte of Ludwig-Maximilians-Universität München. The annotated edition is released under the Creative Commons Attribution Share-Alike license 3.0. Please cite this page as http://oracc.org/ario/Q007139/.",
			"designation": "Darius I  06",
			"display_name": "ARIo DBe",
			"dynastic_seat": "Persia",
			"genre": "Royal Inscription",
			"id_composite": "Q007139",
			"language": "Akkadian, Old Persian, Elamite",
			"period": "Achaemenid",
			"pleiades_id": "903002",
			"popular_name": "DBe",
			"primary_publication": "Darius I  06",
			"provenience": "Bisutun",
			"ruler": "Darius I",
			"script": "Old Persian",
			"script_remarks": "inscribed",
			"script_type": "Cuneiform",
			"subgenre": "Darius I",
			"supergenre": "LIT"
		},
		"geometry": {
			"type": "Point",
			"coordinates": [47.454353,34.393528]
		}
	}, {
		"type": "Feature",
		"properties": {
			"credits": "Based on Rüdiger Schmitt, Die altpersischen Inschriften der Achaimeniden: Editio minor mit deutscher Übersetzung (2009). Digitized, lemmatized, and updated by Henry Heitmann-Gordon, 2016-19, for the Munich Open-access Cuneiform Corpus Initiative (MOCCI), a corpus-building initiative funded by LMU Munich and the Alexander von Humboldt Foundation (through the establishment of the Alexander von Humboldt Chair for Ancient History of the Near and Middle East) and based at the Historisches Seminar - Abteilung Alte Geschichte of Ludwig-Maximilians-Universität München. The annotated edition is released under the Creative Commons Attribution Share-Alike license 3.0. Please cite this page as http://oracc.org/ario/Q007140/.",
			"designation": "Darius I  07",
			"display_name": "ARIo DBf",
			"dynastic_seat": "Persia",
			"genre": "Royal Inscription",
			"id_composite": "Q007140",
			"language": "Akkadian, Old Persian, Elamite",
			"period": "Achaemenid",
			"pleiades_id": "903002",
			"popular_name": "DBf",
			"primary_publication": "Darius I  07",
			"provenience": "Bisutun",
			"ruler": "Darius I",
			"script": "Old Persian",
			"script_remarks": "inscribed",
			"script_type": "Cuneiform",
			"subgenre": "Darius I",
			"supergenre": "LIT"
		},
		"geometry": {
			"type": "Point",
			"coordinates": [47.454353,34.393528]
		}
	}, {
		"type": "Feature",
		"properties": {
			"credits": "Based on Rüdiger Schmitt, Die altpersischen Inschriften der Achaimeniden: Editio minor mit deutscher Übersetzung (2009). Digitized, lemmatized, and updated by Henry Heitmann-Gordon, 2016-19, for the Munich Open-access Cuneiform Corpus Initiative (MOCCI), a corpus-building initiative funded by LMU Munich and the Alexander von Humboldt Foundation (through the establishment of the Alexander von Humboldt Chair for Ancient History of the Near and Middle East) and based at the Historisches Seminar - Abteilung Alte Geschichte of Ludwig-Maximilians-Universität München. The annotated edition is released under the Creative Commons Attribution Share-Alike license 3.0. Please cite this page as http://oracc.org/ario/Q007141/.",
			"designation": "Darius I  08",
			"display_name": "ARIo DBg",
			"dynastic_seat": "Persia",
			"genre": "Royal Inscription",
			"id_composite": "Q007141",
			"language": "Akkadian, Old Persian, Elamite",
			"period": "Achaemenid",
			"pleiades_id": "903002",
			"popular_name": "DBg",
			"primary_publication": "Darius I  08",
			"provenience": "Bisutun",
			"ruler": "Darius I",
			"script": "Old Persian",
			"script_remarks": "inscribed",
			"script_type": "Cuneiform",
			"subgenre": "Darius I",
			"supergenre": "LIT"
		},
		"geometry": {
			"type": "Point",
			"coordinates": [47.454353,34.393528]
		}
	}, {
		"type": "Feature",
		"properties": {
			"credits": "Based on Rüdiger Schmitt, Die altpersischen Inschriften der Achaimeniden: Editio minor mit deutscher Übersetzung (2009). Digitized, lemmatized, and updated by Henry Heitmann-Gordon, 2016-19, for the Munich Open-access Cuneiform Corpus Initiative (MOCCI), a corpus-building initiative funded by LMU Munich and the Alexander von Humboldt Foundation (through the establishment of the Alexander von Humboldt Chair for Ancient History of the Near and Middle East) and based at the Historisches Seminar - Abteilung Alte Geschichte of Ludwig-Maximilians-Universität München. The annotated edition is released under the Creative Commons Attribution Share-Alike license 3.0. Please cite this page as http://oracc.org/ario/Q007142/.",
			"designation": "Darius I  09",
			"display_name": "ARIo DBh",
			"dynastic_seat": "Persia",
			"genre": "Royal Inscription",
			"id_composite": "Q007142",
			"language": "Akkadian, Old Persian, Elamite",
			"period": "Achaemenid",
			"pleiades_id": "903002",
			"popular_name": "DBh",
			"primary_publication": "Darius I  09",
			"provenience": "Bisutun",
			"ruler": "Darius I",
			"script": "Old Persian",
			"script_remarks": "inscribed",
			"script_type": "Cuneiform",
			"subgenre": "Darius I",
			"supergenre": "LIT"
		},
		"geometry": {
			"type": "Point",
			"coordinates": [47.454353,34.393528]
		}
	}, {
		"type": "Feature",
		"properties": {
			"credits": "Based on Rüdiger Schmitt, Die altpersischen Inschriften der Achaimeniden: Editio minor mit deutscher Übersetzung (2009). Digitized, lemmatized, and updated by Henry Heitmann-Gordon, 2016-19, for the Munich Open-access Cuneiform Corpus Initiative (MOCCI), a corpus-building initiative funded by LMU Munich and the Alexander von Humboldt Foundation (through the establishment of the Alexander von Humboldt Chair for Ancient History of the Near and Middle East) and based at the Historisches Seminar - Abteilung Alte Geschichte of Ludwig-Maximilians-Universität München. The annotated edition is released under the Creative Commons Attribution Share-Alike license 3.0. Please cite this page as http://oracc.org/ario/Q007143/.",
			"designation": "Darius I  10",
			"display_name": "ARIo DBi",
			"dynastic_seat": "Persia",
			"genre": "Royal Inscription",
			"id_composite": "Q007143",
			"language": "Akkadian, Old Persian, Elamite",
			"period": "Achaemenid",
			"pleiades_id": "903002",
			"popular_name": "DBi",
			"primary_publication": "Darius I  10",
			"provenience": "Bisutun",
			"ruler": "Darius I",
			"script": "Old Persian",
			"script_remarks": "inscribed",
			"script_type": "Cuneiform",
			"subgenre": "Darius I",
			"supergenre": "LIT"
		},
		"geometry": {
			"type": "Point",
			"coordinates": [47.454353,34.393528]
		}
	}, {
		"type": "Feature",
		"properties": {
			"credits": "Based on Rüdiger Schmitt, Die altpersischen Inschriften der Achaimeniden: Editio minor mit deutscher Übersetzung (2009). Digitized, lemmatized, and updated by Henry Heitmann-Gordon, 2016-19, for the Munich Open-access Cuneiform Corpus Initiative (MOCCI), a corpus-building initiative funded by LMU Munich and the Alexander von Humboldt Foundation (through the establishment of the Alexander von Humboldt Chair for Ancient History of the Near and Middle East) and based at the Historisches Seminar - Abteilung Alte Geschichte of Ludwig-Maximilians-Universität München. The annotated edition is released under the Creative Commons Attribution Share-Alike license 3.0. Please cite this page as http://oracc.org/ario/Q007144/.",
			"designation": "Darius I  11",
			"display_name": "ARIo DBj",
			"dynastic_seat": "Persia",
			"genre": "Royal Inscription",
			"id_composite": "Q007144",
			"language": "Akkadian, Old Persian, Elamite",
			"period": "Achaemenid",
			"pleiades_id": "903002",
			"popular_name": "DBj",
			"primary_publication": "Darius I  11",
			"provenience": "Bisutun",
			"ruler": "Darius I",
			"script": "Old Persian",
			"script_remarks": "inscribed",
			"script_type": "Cuneiform",
			"subgenre": "Darius I",
			"supergenre": "LIT"
		},
		"geometry": {
			"type": "Point",
			"coordinates": [47.454353,34.393528]
		}
	}, {
		"type": "Feature",
		"properties": {
			"credits": "Based on Rüdiger Schmitt, Die altpersischen Inschriften der Achaimeniden: Editio minor mit deutscher Übersetzung (2009). Digitized, lemmatized, and updated by Henry Heitmann-Gordon, 2016-19, for the Munich Open-access Cuneiform Corpus Initiative (MOCCI), a corpus-building initiative funded by LMU Munich and the Alexander von Humboldt Foundation (through the establishment of the Alexander von Humboldt Chair for Ancient History of the Near and Middle East) and based at the Historisches Seminar - Abteilung Alte Geschichte of Ludwig-Maximilians-Universität München. The annotated edition is released under the Creative Commons Attribution Share-Alike license 3.0. Please cite this page as http://oracc.org/ario/Q007145/.",
			"designation": "Darius I  12",
			"display_name": "ARIo DBk",
			"dynastic_seat": "Persia",
			"genre": "Royal Inscription",
			"id_composite": "Q007145",
			"language": "Old Persian, Elamite",
			"period": "Achaemenid",
			"pleiades_id": "903002",
			"popular_name": "DBk",
			"primary_publication": "Darius I  12",
			"provenience": "Bisutun",
			"ruler": "Darius I",
			"script": "Old Persian",
			"script_remarks": "inscribed",
			"script_type": "Cuneiform",
			"subgenre": "Darius I",
			"supergenre": "LIT"
		},
		"geometry": {
			"type": "Point",
			"coordinates": [47.454353,34.393528]
		}
	}, {
		"type": "Feature",
		"properties": {
			"credits": "Based on Rüdiger Schmitt, Die altpersischen Inschriften der Achaimeniden: Editio minor mit deutscher Übersetzung (2009). Digitized, lemmatized, and updated by Henry Heitmann-Gordon, 2016-19, for the Munich Open-access Cuneiform Corpus Initiative (MOCCI), a corpus-building initiative funded by LMU Munich and the Alexander von Humboldt Foundation (through the establishment of the Alexander von Humboldt Chair for Ancient History of the Near and Middle East) and based at the Historisches Seminar - Abteilung Alte Geschichte of Ludwig-Maximilians-Universität München. The annotated edition is released under the Creative Commons Attribution Share-Alike license 3.0. Please cite this page as http://oracc.org/ario/Q007146/.",
			"designation": "Darius I  13",
			"display_name": "ARIo DEa",
			"dynastic_seat": "Persia",
			"genre": "Royal Inscription",
			"id_composite": "Q007146",
			"language": "Akkadian, Elamite, Persian",
			"period": "Achaemenid",
			"pleiades_id": "903032",
			"popular_name": "DEa",
			"primary_publication": "Darius I  13",
			"provenience": "Elvend",
			"ruler": "Darius I",
			"script": "Old Persian",
			"script_remarks": "inscribed",
			"script_type": "Cuneiform",
			"subgenre": "Darius I",
			"supergenre": "LIT"
		},
		"geometry": {
			"type": "Point",
			"coordinates": [48.43661,34.759872]
		}
	}, {
		"type": "Feature",
		"properties": {
			"credits": "Based on Rüdiger Schmitt, Die altpersischen Inschriften der Achaimeniden: Editio minor mit deutscher Übersetzung (2009). Digitized, lemmatized, and updated by Henry Heitmann-Gordon, 2016-19, for the Munich Open-access Cuneiform Corpus Initiative (MOCCI), a corpus-building initiative funded by LMU Munich and the Alexander von Humboldt Foundation (through the establishment of the Alexander von Humboldt Chair for Ancient History of the Near and Middle East) and based at the Historisches Seminar - Abteilung Alte Geschichte of Ludwig-Maximilians-Universität München. The annotated edition is released under the Creative Commons Attribution Share-Alike license 3.0. Please cite this page as http://oracc.org/ario/Q007147/.",
			"designation": "Darius I  14",
			"display_name": "ARIo DGa",
			"dynastic_seat": "Persia",
			"genre": "Royal Inscription",
			"id_composite": "Q007147",
			"language": "Old Persian",
			"period": "Achaemenid",
			"popular_name": "DGa",
			"primary_publication": "Darius I  14",
			"provenience": "Gherla (Romania)",
			"ruler": "Darius I",
			"script": "Old Persian",
			"script_remarks": "inscribed",
			"script_type": "Cuneiform",
			"subgenre": "Darius I",
			"supergenre": "LIT"
		},
		"geometry": {
			"type": "Point",
			"coordinates": [23.899912,47.019833]
		}
	}, {
		"type": "Feature",
		"properties": {
			"credits": "Based on Rüdiger Schmitt, Die altpersischen Inschriften der Achaimeniden: Editio minor mit deutscher Übersetzung (2009). Digitized, lemmatized, and updated by Henry Heitmann-Gordon, 2016-19, for the Munich Open-access Cuneiform Corpus Initiative (MOCCI), a corpus-building initiative funded by LMU Munich and the Alexander von Humboldt Foundation (through the establishment of the Alexander von Humboldt Chair for Ancient History of the Near and Middle East) and based at the Historisches Seminar - Abteilung Alte Geschichte of Ludwig-Maximilians-Universität München. The annotated edition is released under the Creative Commons Attribution Share-Alike license 3.0. Please cite this page as http://oracc.org/ario/Q007148/.",
			"designation": "Darius I  15",
			"display_name": "ARIo DHa",
			"dynastic_seat": "Persia",
			"genre": "Royal Inscription",
			"id_composite": "Q007148",
			"language": "Akkadian, Old Persian, Elamite",
			"period": "Achaemenid",
			"pleiades_id": "903021",
			"popular_name": "DHa",
			"primary_publication": "Darius I  15",
			"provenience": "Ecbatana",
			"ruler": "Darius I",
			"script": "Old Persian",
			"script_remarks": "inscribed",
			"script_type": "Cuneiform",
			"subgenre": "Darius I",
			"supergenre": "LIT"
		},
		"geometry": {
			"type": "Point",
			"coordinates": [48.512209,34.799294]
		}
	}, {
		"type": "Feature",
		"properties": {
			"credits": "Based on Rüdiger Schmitt, Die altpersischen Inschriften der Achaimeniden: Editio minor mit deutscher Übersetzung (2009). Digitized, lemmatized, and updated by Henry Heitmann-Gordon, 2016-19, for the Munich Open-access Cuneiform Corpus Initiative (MOCCI), a corpus-building initiative funded by LMU Munich and the Alexander von Humboldt Foundation (through the establishment of the Alexander von Humboldt Chair for Ancient History of the Near and Middle East) and based at the Historisches Seminar - Abteilung Alte Geschichte of Ludwig-Maximilians-Universität München. The annotated edition is released under the Creative Commons Attribution Share-Alike license 3.0. Please cite this page as http://oracc.org/ario/Q007149/.",
			"designation": "Darius I  16",
			"display_name": "ARIo DKa",
			"dynastic_seat": "Persia",
			"genre": "Royal Inscription",
			"id_composite": "Q007149",
			"language": "Old Persian",
			"period": "Achaemenid",
			"pleiades_id": "776181",
			"popular_name": "DKa",
			"primary_publication": "Darius I  16",
			"provenience": "El-Khargeh",
			"ruler": "Darius I",
			"script": "Old Persian",
			"script_remarks": "inscribed",
			"script_type": "Cuneiform",
			"subgenre": "Darius I",
			"supergenre": "LIT"
		},
		"geometry": {
			"type": "Point",
			"coordinates": [30.553476,25.438054]
		}
	}, {
		"type": "Feature",
		"properties": {
			"credits": "Based on Rüdiger Schmitt, Die altpersischen Inschriften der Achaimeniden: Editio minor mit deutscher Übersetzung (2009). Digitized, lemmatized, and updated by Henry Heitmann-Gordon, 2016-19, for the Munich Open-access Cuneiform Corpus Initiative (MOCCI), a corpus-building initiative funded by LMU Munich and the Alexander von Humboldt Foundation (through the establishment of the Alexander von Humboldt Chair for Ancient History of the Near and Middle East) and based at the Historisches Seminar - Abteilung Alte Geschichte of Ludwig-Maximilians-Universität München. The annotated edition is released under the Creative Commons Attribution Share-Alike license 3.0. Please cite this page as http://oracc.org/ario/Q007150/.",
			"designation": "Darius I  17",
			"display_name": "ARIo DMa",
			"dynastic_seat": "Persia",
			"genre": "Royal Inscription",
			"id_composite": "Q007150",
			"language": "Akkadian, Old Persian, Elamite",
			"period": "Achaemenid",
			"pleiades_id": "922693",
			"popular_name": "DMa",
			"primary_publication": "Darius I  17",
			"provenience": "Pasargadae",
			"ruler": "Darius I",
			"script": "Old Persian",
			"script_remarks": "inscribed",
			"script_type": "Cuneiform",
			"subgenre": "Darius I",
			"supergenre": "LIT"
		},
		"geometry": {
			"type": "Point",
			"coordinates": [53.1684426, 30.1930914]
		}
	}, {
		"type": "Feature",
		"properties": {
			"credits": "Based on Rüdiger Schmitt, Die altpersischen Inschriften der Achaimeniden: Editio minor mit deutscher Übersetzung (2009). Digitized, lemmatized, and updated by Henry Heitmann-Gordon, 2016-19, for the Munich Open-access Cuneiform Corpus Initiative (MOCCI), a corpus-building initiative funded by LMU Munich and the Alexander von Humboldt Foundation (through the establishment of the Alexander von Humboldt Chair for Ancient History of the Near and Middle East) and based at the Historisches Seminar - Abteilung Alte Geschichte of Ludwig-Maximilians-Universität München. The annotated edition is released under the Creative Commons Attribution Share-Alike license 3.0. Please cite this page as http://oracc.org/ario/Q007151/.",
			"designation": "Darius I  18",
			"display_name": "ARIo DMb",
			"dynastic_seat": "Persia",
			"genre": "Royal Inscription",
			"id_composite": "Q007151",
			"language": "Akkadian, Old Persian, Elamite",
			"period": "Achaemenid",
			"pleiades_id": "922693",
			"popular_name": "DMb",
			"primary_publication": "Darius I  18",
			"provenience": "Pasargadae",
			"ruler": "Darius I",
			"script": "Old Persian",
			"script_remarks": "inscribed",
			"script_type": "Cuneiform",
			"subgenre": "Darius I",
			"supergenre": "LIT"
		},
		"geometry": {
			"type": "Point",
			"coordinates": [53.1684426, 30.1930914]
		}
	}, {
		"type": "Feature",
		"properties": {
			"credits": "Based on Rüdiger Schmitt, Die altpersischen Inschriften der Achaimeniden: Editio minor mit deutscher Übersetzung (2009). Digitized, lemmatized, and updated by Henry Heitmann-Gordon, 2016-19, for the Munich Open-access Cuneiform Corpus Initiative (MOCCI), a corpus-building initiative funded by LMU Munich and the Alexander von Humboldt Foundation (through the establishment of the Alexander von Humboldt Chair for Ancient History of the Near and Middle East) and based at the Historisches Seminar - Abteilung Alte Geschichte of Ludwig-Maximilians-Universität München. The annotated edition is released under the Creative Commons Attribution Share-Alike license 3.0. Please cite this page as http://oracc.org/ario/Q007157/.",
			"designation": "Darius I  24",
			"display_name": "ARIo DPa",
			"dynastic_seat": "Persia",
			"genre": "Royal Inscription",
			"id_composite": "Q007157",
			"language": "Akkadian, Old Persian, Elamite",
			"period": "Achaemenid",
			"pleiades_id": "922695",
			"popular_name": "DPa",
			"primary_publication": "Darius I  24",
			"provenience": "Persepolis",
			"ruler": "Darius I",
			"script": "Old Persian",
			"script_remarks": "inscribed",
			"script_type": "Cuneiform",
			"subgenre": "Darius I",
			"supergenre": "LIT"
		},
		"geometry": {
			"type": "Point",
			"coordinates": [52.889437,29.9353403333]
		}
	}, {
		"type": "Feature",
		"properties": {
			"credits": "Based on Rüdiger Schmitt, Die altpersischen Inschriften der Achaimeniden: Editio minor mit deutscher Übersetzung (2009). Digitized, lemmatized, and updated by Henry Heitmann-Gordon, 2016-19, for the Munich Open-access Cuneiform Corpus Initiative (MOCCI), a corpus-building initiative funded by LMU Munich and the Alexander von Humboldt Foundation (through the establishment of the Alexander von Humboldt Chair for Ancient History of the Near and Middle East) and based at the Historisches Seminar - Abteilung Alte Geschichte of Ludwig-Maximilians-Universität München. The annotated edition is released under the Creative Commons Attribution Share-Alike license 3.0. Please cite this page as http://oracc.org/ario/Q007158/.",
			"designation": "Darius I  25",
			"display_name": "ARIo DPb",
			"dynastic_seat": "Persia",
			"genre": "Royal Inscription",
			"id_composite": "Q007158",
			"language": "Akkadian, Old Persian, Elamite",
			"period": "Achaemenid",
			"pleiades_id": "922695",
			"popular_name": "DPb",
			"primary_publication": "Darius I  25",
			"provenience": "Persepolis",
			"ruler": "Darius I",
			"script": "Old Persian",
			"script_remarks": "inscribed",
			"script_type": "Cuneiform",
			"subgenre": "Darius I",
			"supergenre": "LIT"
		},
		"geometry": {
			"type": "Point",
			"coordinates": [52.889437,29.9353403333]
		}
	}, {
		"type": "Feature",
		"properties": {
			"credits": "Based on Rüdiger Schmitt, Die altpersischen Inschriften der Achaimeniden: Editio minor mit deutscher Übersetzung (2009). Digitized, lemmatized, and updated by Henry Heitmann-Gordon, 2016-19, for the Munich Open-access Cuneiform Corpus Initiative (MOCCI), a corpus-building initiative funded by LMU Munich and the Alexander von Humboldt Foundation (through the establishment of the Alexander von Humboldt Chair for Ancient History of the Near and Middle East) and based at the Historisches Seminar - Abteilung Alte Geschichte of Ludwig-Maximilians-Universität München. The annotated edition is released under the Creative Commons Attribution Share-Alike license 3.0. Please cite this page as http://oracc.org/ario/Q007159/.",
			"designation": "Darius I  26",
			"display_name": "ARIo DPc",
			"dynastic_seat": "Persia",
			"genre": "Royal Inscription",
			"id_composite": "Q007159",
			"language": "Akkadian, Old Persian, Elamite",
			"period": "Achaemenid",
			"pleiades_id": "922695",
			"popular_name": "DPc",
			"primary_publication": "Darius I  26",
			"provenience": "Persepolis",
			"ruler": "Darius I",
			"script": "Old Persian",
			"script_remarks": "inscribed",
			"script_type": "Cuneiform",
			"subgenre": "Darius I",
			"supergenre": "LIT"
		},
		"geometry": {
			"type": "Point",
			"coordinates": [52.889437,29.9353403333]
		}
	}, {
		"type": "Feature",
		"properties": {
			"credits": "Based on Rüdiger Schmitt, Die altpersischen Inschriften der Achaimeniden: Editio minor mit deutscher Übersetzung (2009). Digitized, lemmatized, and updated by Henry Heitmann-Gordon, 2016-19, for the Munich Open-access Cuneiform Corpus Initiative (MOCCI), a corpus-building initiative funded by LMU Munich and the Alexander von Humboldt Foundation (through the establishment of the Alexander von Humboldt Chair for Ancient History of the Near and Middle East) and based at the Historisches Seminar - Abteilung Alte Geschichte of Ludwig-Maximilians-Universität München. The annotated edition is released under the Creative Commons Attribution Share-Alike license 3.0. Please cite this page as http://oracc.org/ario/Q007160/.",
			"designation": "Darius I  27",
			"display_name": "ARIo DPd",
			"dynastic_seat": "Persia",
			"genre": "Royal Inscription",
			"id_composite": "Q007160",
			"language": "Old Persian",
			"period": "Achaemenid",
			"pleiades_id": "922695",
			"popular_name": "DPd",
			"primary_publication": "Darius I  27",
			"provenience": "Persepolis",
			"ruler": "Darius I",
			"script": "Old Persian",
			"script_remarks": "inscribed",
			"script_type": "Cuneiform",
			"subgenre": "Darius I",
			"supergenre": "LIT"
		},
		"geometry": {
			"type": "Point",
			"coordinates": [52.889437,29.9353403333]
		}
	}, {
		"type": "Feature",
		"properties": {
			"credits": "Based on Rüdiger Schmitt, Die altpersischen Inschriften der Achaimeniden: Editio minor mit deutscher Übersetzung (2009). Digitized, lemmatized, and updated by Henry Heitmann-Gordon, 2016-19, for the Munich Open-access Cuneiform Corpus Initiative (MOCCI), a corpus-building initiative funded by LMU Munich and the Alexander von Humboldt Foundation (through the establishment of the Alexander von Humboldt Chair for Ancient History of the Near and Middle East) and based at the Historisches Seminar - Abteilung Alte Geschichte of Ludwig-Maximilians-Universität München. The annotated edition is released under the Creative Commons Attribution Share-Alike license 3.0. Please cite this page as http://oracc.org/ario/Q007161/.",
			"designation": "Darius I  28",
			"display_name": "ARIo DPe",
			"dynastic_seat": "Persia",
			"genre": "Royal Inscription",
			"id_composite": "Q007161",
			"language": "Old Persian",
			"period": "Achaemenid",
			"pleiades_id": "922695",
			"popular_name": "DPe",
			"primary_publication": "Darius I  28",
			"provenience": "Persepolis",
			"ruler": "Darius I",
			"script": "Old Persian",
			"script_remarks": "inscribed",
			"script_type": "Cuneiform",
			"subgenre": "Darius I",
			"supergenre": "LIT"
		},
		"geometry": {
			"type": "Point",
			"coordinates": [52.889437,29.9353403333]
		}
	}, {
		"type": "Feature",
		"properties": {
			"credits": "Based on Rüdiger Schmitt, Die altpersischen Inschriften der Achaimeniden: Editio minor mit deutscher Übersetzung (2009). Digitized, lemmatized, and updated by Henry Heitmann-Gordon, 2016-19, for the Munich Open-access Cuneiform Corpus Initiative (MOCCI), a corpus-building initiative funded by LMU Munich and the Alexander von Humboldt Foundation (through the establishment of the Alexander von Humboldt Chair for Ancient History of the Near and Middle East) and based at the Historisches Seminar - Abteilung Alte Geschichte of Ludwig-Maximilians-Universität München. The annotated edition is released under the Creative Commons Attribution Share-Alike license 3.0. Please cite this page as http://oracc.org/ario/Q007162/.",
			"designation": "Darius I  29",
			"display_name": "ARIo DPf",
			"dynastic_seat": "Persia",
			"genre": "Royal Inscription",
			"id_composite": "Q007162",
			"language": "Elamite",
			"period": "Achaemenid",
			"pleiades_id": "922695",
			"popular_name": "DPf",
			"primary_publication": "Darius I  29",
			"provenience": "Persepolis",
			"ruler": "Darius I",
			"script": "Old Persian",
			"script_remarks": "inscribed",
			"script_type": "Cuneiform",
			"subgenre": "Darius I",
			"supergenre": "LIT"
		},
		"geometry": {
			"type": "Point",
			"coordinates": [52.889437,29.9353403333]
		}
	}, {
		"type": "Feature",
		"properties": {
			"credits": "Based on Rüdiger Schmitt, Die altpersischen Inschriften der Achaimeniden: Editio minor mit deutscher Übersetzung (2009). Digitized, lemmatized, and updated by Henry Heitmann-Gordon, 2016-19, for the Munich Open-access Cuneiform Corpus Initiative (MOCCI), a corpus-building initiative funded by LMU Munich and the Alexander von Humboldt Foundation (through the establishment of the Alexander von Humboldt Chair for Ancient History of the Near and Middle East) and based at the Historisches Seminar - Abteilung Alte Geschichte of Ludwig-Maximilians-Universität München. The annotated edition is released under the Creative Commons Attribution Share-Alike license 3.0. Please cite this page as http://oracc.org/ario/Q007163/.",
			"designation": "Darius I  30",
			"display_name": "ARIo DPg",
			"dynastic_seat": "Persia",
			"genre": "Royal Inscription",
			"id_composite": "Q007163",
			"language": "Akkadian",
			"period": "Achaemenid",
			"pleiades_id": "922695",
			"popular_name": "DPg",
			"primary_publication": "Darius I  30",
			"provenience": "Persepolis",
			"ruler": "Darius I",
			"script": "Old Persian",
			"script_remarks": "inscribed",
			"script_type": "Cuneiform",
			"subgenre": "Darius I",
			"supergenre": "LIT"
		},
		"geometry": {
			"type": "Point",
			"coordinates": [52.889437,29.9353403333]
		}
	}, {
		"type": "Feature",
		"properties": {
			"credits": "Based on Rüdiger Schmitt, Die altpersischen Inschriften der Achaimeniden: Editio minor mit deutscher Übersetzung (2009). Digitized, lemmatized, and updated by Henry Heitmann-Gordon, 2016-19, for the Munich Open-access Cuneiform Corpus Initiative (MOCCI), a corpus-building initiative funded by LMU Munich and the Alexander von Humboldt Foundation (through the establishment of the Alexander von Humboldt Chair for Ancient History of the Near and Middle East) and based at the Historisches Seminar - Abteilung Alte Geschichte of Ludwig-Maximilians-Universität München. The annotated edition is released under the Creative Commons Attribution Share-Alike license 3.0. Please cite this page as http://oracc.org/ario/Q007164/.",
			"designation": "Darius I  31",
			"display_name": "ARIo DPh",
			"dynastic_seat": "Persia",
			"genre": "Royal Inscription",
			"id_composite": "Q007164",
			"language": "Akkadian, Old Persian, Elamite",
			"period": "Achaemenid",
			"pleiades_id": "922695",
			"popular_name": "DPh",
			"primary_publication": "Darius I  31",
			"provenience": "Persepolis",
			"ruler": "Darius I",
			"script": "Old Persian",
			"script_remarks": "inscribed",
			"script_type": "Cuneiform",
			"subgenre": "Darius I",
			"supergenre": "LIT"
		},
		"geometry": {
			"type": "Point",
			"coordinates": [52.889437,29.9353403333]
		}
	}, {
		"type": "Feature",
		"properties": {
			"credits": "Based on Rüdiger Schmitt, Die altpersischen Inschriften der Achaimeniden: Editio minor mit deutscher Übersetzung (2009). Digitized, lemmatized, and updated by Henry Heitmann-Gordon, 2016-19, for the Munich Open-access Cuneiform Corpus Initiative (MOCCI), a corpus-building initiative funded by LMU Munich and the Alexander von Humboldt Foundation (through the establishment of the Alexander von Humboldt Chair for Ancient History of the Near and Middle East) and based at the Historisches Seminar - Abteilung Alte Geschichte of Ludwig-Maximilians-Universität München. The annotated edition is released under the Creative Commons Attribution Share-Alike license 3.0. Please cite this page as http://oracc.org/ario/Q007165/.",
			"designation": "Darius I  32",
			"display_name": "ARIo DPi",
			"dynastic_seat": "Persia",
			"genre": "Royal Inscription",
			"id_composite": "Q007165",
			"language": "Akkadian, Old Persian, Elamite",
			"period": "Achaemenid",
			"pleiades_id": "922695",
			"popular_name": "DPi",
			"primary_publication": "Darius I  32",
			"provenience": "Persepolis",
			"ruler": "Darius I",
			"script": "Old Persian",
			"script_remarks": "inscribed",
			"script_type": "Cuneiform",
			"subgenre": "Darius I",
			"supergenre": "LIT"
		},
		"geometry": {
			"type": "Point",
			"coordinates": [52.889437,29.9353403333]
		}
	}, {
		"type": "Feature",
		"properties": {
			"credits": "Based on Rüdiger Schmitt, Die altpersischen Inschriften der Achaimeniden: Editio minor mit deutscher Übersetzung (2009). Digitized, lemmatized, and updated by Henry Heitmann-Gordon, 2016-19, for the Munich Open-access Cuneiform Corpus Initiative (MOCCI), a corpus-building initiative funded by LMU Munich and the Alexander von Humboldt Foundation (through the establishment of the Alexander von Humboldt Chair for Ancient History of the Near and Middle East) and based at the Historisches Seminar - Abteilung Alte Geschichte of Ludwig-Maximilians-Universität München. The annotated edition is released under the Creative Commons Attribution Share-Alike license 3.0. Please cite this page as http://oracc.org/ario/Q007166/.",
			"designation": "Darius I  33",
			"display_name": "ARIo DPj",
			"dynastic_seat": "Persia",
			"genre": "Royal Inscription",
			"id_composite": "Q007166",
			"language": "Akkadian, Old Persian, Elamite",
			"period": "Achaemenid",
			"pleiades_id": "922695",
			"popular_name": "DPj",
			"primary_publication": "Darius I  33",
			"provenience": "Persepolis",
			"ruler": "Darius I",
			"script": "Old Persian",
			"script_remarks": "inscribed",
			"script_type": "Cuneiform",
			"subgenre": "Darius I",
			"supergenre": "LIT"
		},
		"geometry": {
			"type": "Point",
			"coordinates": [52.889437,29.9353403333]
		}
	}, {
		"type": "Feature",
		"properties": {
			"credits": "Based on Rüdiger Schmitt, Die altpersischen Inschriften der Achaimeniden: Editio minor mit deutscher Übersetzung (2009). Digitized, lemmatized, and updated by Henry Heitmann-Gordon, 2016-19, for the Munich Open-access Cuneiform Corpus Initiative (MOCCI), a corpus-building initiative funded by LMU Munich and the Alexander von Humboldt Foundation (through the establishment of the Alexander von Humboldt Chair for Ancient History of the Near and Middle East) and based at the Historisches Seminar - Abteilung Alte Geschichte of Ludwig-Maximilians-Universität München. The annotated edition is released under the Creative Commons Attribution Share-Alike license 3.0. Please cite this page as http://oracc.org/ario/Q007167/.",
			"designation": "Darius I  34",
			"display_name": "ARIo DSa",
			"dynastic_seat": "Persia",
			"genre": "Royal Inscription",
			"id_composite": "Q007167",
			"language": "Old Persian",
			"period": "Achaemenid",
			"pleiades_id": "912936",
			"popular_name": "DSa",
			"primary_publication": "Darius I  34",
			"provenience": "Susa",
			"ruler": "Darius I",
			"script": "Old Persian",
			"script_remarks": "inscribed",
			"script_type": "Cuneiform",
			"subgenre": "Darius I",
			"supergenre": "LIT"
		},
		"geometry": {
			"type": "Point",
			"coordinates": [48.257787,32.189217]
		}
	}, {
		"type": "Feature",
		"properties": {
			"credits": "Based on Rüdiger Schmitt, Die altpersischen Inschriften der Achaimeniden: Editio minor mit deutscher Übersetzung (2009). Digitized, lemmatized, and updated by Henry Heitmann-Gordon, 2016-19, for the Munich Open-access Cuneiform Corpus Initiative (MOCCI), a corpus-building initiative funded by LMU Munich and the Alexander von Humboldt Foundation (through the establishment of the Alexander von Humboldt Chair for Ancient History of the Near and Middle East) and based at the Historisches Seminar - Abteilung Alte Geschichte of Ludwig-Maximilians-Universität München. The annotated edition is released under the Creative Commons Attribution Share-Alike license 3.0. Please cite this page as http://oracc.org/ario/Q007168/.",
			"designation": "Darius I  35",
			"display_name": "ARIo DSb",
			"dynastic_seat": "Persia",
			"genre": "Royal Inscription",
			"id_composite": "Q007168",
			"language": "Old Persian",
			"period": "Achaemenid",
			"pleiades_id": "912936",
			"popular_name": "DSb",
			"primary_publication": "Darius I  35",
			"provenience": "Susa",
			"ruler": "Darius I",
			"script": "Old Persian",
			"script_remarks": "inscribed",
			"script_type": "Cuneiform",
			"subgenre": "Darius I",
			"supergenre": "LIT"
		},
		"geometry": {
			"type": "Point",
			"coordinates": [48.257787,32.189217]
		}
	}, {
		"type": "Feature",
		"properties": {
			"credits": "Based on Rüdiger Schmitt, Die altpersischen Inschriften der Achaimeniden: Editio minor mit deutscher Übersetzung (2009). Digitized, lemmatized, and updated by Henry Heitmann-Gordon, 2016-19, for the Munich Open-access Cuneiform Corpus Initiative (MOCCI), a corpus-building initiative funded by LMU Munich and the Alexander von Humboldt Foundation (through the establishment of the Alexander von Humboldt Chair for Ancient History of the Near and Middle East) and based at the Historisches Seminar - Abteilung Alte Geschichte of Ludwig-Maximilians-Universität München. The annotated edition is released under the Creative Commons Attribution Share-Alike license 3.0. Please cite this page as http://oracc.org/ario/Q007169/.",
			"designation": "Darius I  36",
			"display_name": "ARIo DSc",
			"dynastic_seat": "Persia",
			"genre": "Royal Inscription",
			"id_composite": "Q007169",
			"language": "Akkadian, Old Persian, Elamite",
			"period": "Achaemenid",
			"pleiades_id": "912936",
			"popular_name": "DSc",
			"primary_publication": "Darius I  36",
			"provenience": "Susa",
			"ruler": "Darius I",
			"script": "Old Persian",
			"script_remarks": "inscribed",
			"script_type": "Cuneiform",
			"subgenre": "Darius I",
			"supergenre": "LIT"
		},
		"geometry": {
			"type": "Point",
			"coordinates": [48.257787,32.189217]
		}
	}, {
		"type": "Feature",
		"properties": {
			"credits": "Based on Rüdiger Schmitt, Die altpersischen Inschriften der Achaimeniden: Editio minor mit deutscher Übersetzung (2009). Digitized, lemmatized, and updated by Henry Heitmann-Gordon, 2016-19, for the Munich Open-access Cuneiform Corpus Initiative (MOCCI), a corpus-building initiative funded by LMU Munich and the Alexander von Humboldt Foundation (through the establishment of the Alexander von Humboldt Chair for Ancient History of the Near and Middle East) and based at the Historisches Seminar - Abteilung Alte Geschichte of Ludwig-Maximilians-Universität München. The annotated edition is released under the Creative Commons Attribution Share-Alike license 3.0. Please cite this page as http://oracc.org/ario/Q007170/.",
			"designation": "Darius I  37",
			"display_name": "ARIo DSd",
			"dynastic_seat": "Persia",
			"genre": "Royal Inscription",
			"id_composite": "Q007170",
			"language": "Akkadian, Old Persian, Elamite",
			"period": "Achaemenid",
			"pleiades_id": "912936",
			"popular_name": "DSd",
			"primary_publication": "Darius I  37",
			"provenience": "Susa",
			"ruler": "Darius I",
			"script": "Old Persian",
			"script_remarks": "inscribed",
			"script_type": "Cuneiform",
			"subgenre": "Darius I",
			"supergenre": "LIT"
		},
		"geometry": {
			"type": "Point",
			"coordinates": [48.257787,32.189217]
		}
	}, {
		"type": "Feature",
		"properties": {
			"credits": "Based on Rüdiger Schmitt, Die altpersischen Inschriften der Achaimeniden: Editio minor mit deutscher Übersetzung (2009). Digitized, lemmatized, and updated by Henry Heitmann-Gordon, 2016-19, for the Munich Open-access Cuneiform Corpus Initiative (MOCCI), a corpus-building initiative funded by LMU Munich and the Alexander von Humboldt Foundation (through the establishment of the Alexander von Humboldt Chair for Ancient History of the Near and Middle East) and based at the Historisches Seminar - Abteilung Alte Geschichte of Ludwig-Maximilians-Universität München. The annotated edition is released under the Creative Commons Attribution Share-Alike license 3.0. Please cite this page as http://oracc.org/ario/Q007171/.",
			"designation": "Darius I  38",
			"display_name": "ARIo DSe",
			"dynastic_seat": "Persia",
			"genre": "Royal Inscription",
			"id_composite": "Q007171",
			"language": "Akkadian, Old Persian, Elamite",
			"period": "Achaemenid",
			"pleiades_id": "912936",
			"popular_name": "DSe",
			"primary_publication": "Darius I  38",
			"provenience": "Susa",
			"ruler": "Darius I",
			"script": "Old Persian",
			"script_remarks": "inscribed",
			"script_type": "Cuneiform",
			"subgenre": "Darius I",
			"supergenre": "LIT"
		},
		"geometry": {
			"type": "Point",
			"coordinates": [48.257787,32.189217]
		}
	}, {
		"type": "Feature",
		"properties": {
			"credits": "Based on Rüdiger Schmitt, Die altpersischen Inschriften der Achaimeniden: Editio minor mit deutscher Übersetzung (2009). Digitized, lemmatized, and updated by Henry Heitmann-Gordon, 2016-19, for the Munich Open-access Cuneiform Corpus Initiative (MOCCI), a corpus-building initiative funded by LMU Munich and the Alexander von Humboldt Foundation (through the establishment of the Alexander von Humboldt Chair for Ancient History of the Near and Middle East) and based at the Historisches Seminar - Abteilung Alte Geschichte of Ludwig-Maximilians-Universität München. The annotated edition is released under the Creative Commons Attribution Share-Alike license 3.0. Please cite this page as http://oracc.org/ario/Q007172/.",
			"designation": "Darius I  39",
			"display_name": "ARIo DSf",
			"dynastic_seat": "Persia",
			"genre": "Royal Inscription",
			"id_composite": "Q007172",
			"language": "Akkadian, Old Persian, Elamite",
			"period": "Achaemenid",
			"pleiades_id": "912936",
			"popular_name": "DSf",
			"primary_publication": "Darius I  39",
			"provenience": "Susa",
			"ruler": "Darius I",
			"script": "Old Persian",
			"script_remarks": "inscribed",
			"script_type": "Cuneiform",
			"subgenre": "Darius I",
			"supergenre": "LIT"
		},
		"geometry": {
			"type": "Point",
			"coordinates": [48.257787,32.189217]
		}
	}, {
		"type": "Feature",
		"properties": {
			"credits": "Based on Rüdiger Schmitt, Die altpersischen Inschriften der Achaimeniden: Editio minor mit deutscher Übersetzung (2009). Digitized, lemmatized, and updated by Henry Heitmann-Gordon, 2016-19, for the Munich Open-access Cuneiform Corpus Initiative (MOCCI), a corpus-building initiative funded by LMU Munich and the Alexander von Humboldt Foundation (through the establishment of the Alexander von Humboldt Chair for Ancient History of the Near and Middle East) and based at the Historisches Seminar - Abteilung Alte Geschichte of Ludwig-Maximilians-Universität München. The annotated edition is released under the Creative Commons Attribution Share-Alike license 3.0. Please cite this page as http://oracc.org/ario/Q007173/.",
			"designation": "Darius I  40",
			"display_name": "ARIo DSg",
			"dynastic_seat": "Persia",
			"genre": "Royal Inscription",
			"id_composite": "Q007173",
			"language": "Akkadian, Old Persian, Elamite",
			"period": "Achaemenid",
			"pleiades_id": "912936",
			"popular_name": "DSg",
			"primary_publication": "Darius I  40",
			"provenience": "Susa",
			"ruler": "Darius I",
			"script": "Old Persian",
			"script_remarks": "inscribed",
			"script_type": "Cuneiform",
			"subgenre": "Darius I",
			"supergenre": "LIT"
		},
		"geometry": {
			"type": "Point",
			"coordinates": [48.257787,32.189217]
		}
	}, {
		"type": "Feature",
		"properties": {
			"credits": "Based on Rüdiger Schmitt, Die altpersischen Inschriften der Achaimeniden: Editio minor mit deutscher Übersetzung (2009). Digitized, lemmatized, and updated by Henry Heitmann-Gordon, 2016-19, for the Munich Open-access Cuneiform Corpus Initiative (MOCCI), a corpus-building initiative funded by LMU Munich and the Alexander von Humboldt Foundation (through the establishment of the Alexander von Humboldt Chair for Ancient History of the Near and Middle East) and based at the Historisches Seminar - Abteilung Alte Geschichte of Ludwig-Maximilians-Universität München. The annotated edition is released under the Creative Commons Attribution Share-Alike license 3.0. Please cite this page as http://oracc.org/ario/Q007174/.",
			"designation": "Darius I  41",
			"display_name": "ARIo DSi",
			"dynastic_seat": "Persia",
			"genre": "Royal Inscription",
			"id_composite": "Q007174",
			"language": "Akkadian, Old Persian, Elamite",
			"period": "Achaemenid",
			"pleiades_id": "912936",
			"popular_name": "DSi",
			"primary_publication": "Darius I  41",
			"provenience": "Susa",
			"ruler": "Darius I",
			"script": "Old Persian",
			"script_remarks": "inscribed",
			"script_type": "Cuneiform",
			"subgenre": "Darius I",
			"supergenre": "LIT"
		},
		"geometry": {
			"type": "Point",
			"coordinates": [48.257787,32.189217]
		}
	}, {
		"type": "Feature",
		"properties": {
			"credits": "Based on Rüdiger Schmitt, Die altpersischen Inschriften der Achaimeniden: Editio minor mit deutscher Übersetzung (2009). Digitized, lemmatized, and updated by Henry Heitmann-Gordon, 2016-19, for the Munich Open-access Cuneiform Corpus Initiative (MOCCI), a corpus-building initiative funded by LMU Munich and the Alexander von Humboldt Foundation (through the establishment of the Alexander von Humboldt Chair for Ancient History of the Near and Middle East) and based at the Historisches Seminar - Abteilung Alte Geschichte of Ludwig-Maximilians-Universität München. The annotated edition is released under the Creative Commons Attribution Share-Alike license 3.0. Please cite this page as http://oracc.org/ario/Q007175/.",
			"designation": "Darius I  42",
			"display_name": "ARIo DSj",
			"dynastic_seat": "Persia",
			"genre": "Royal Inscription",
			"id_composite": "Q007175",
			"language": "Akkadian, Old Persian, Elamite",
			"period": "Achaemenid",
			"pleiades_id": "912936",
			"popular_name": "DSj",
			"primary_publication": "Darius I  42",
			"provenience": "Susa",
			"ruler": "Darius I",
			"script": "Old Persian",
			"script_remarks": "inscribed",
			"script_type": "Cuneiform",
			"subgenre": "Darius I",
			"supergenre": "LIT"
		},
		"geometry": {
			"type": "Point",
			"coordinates": [48.257787,32.189217]
		}
	}, {
		"type": "Feature",
		"properties": {
			"credits": "Based on Rüdiger Schmitt, Die altpersischen Inschriften der Achaimeniden: Editio minor mit deutscher Übersetzung (2009). Digitized, lemmatized, and updated by Henry Heitmann-Gordon, 2016-19, for the Munich Open-access Cuneiform Corpus Initiative (MOCCI), a corpus-building initiative funded by LMU Munich and the Alexander von Humboldt Foundation (through the establishment of the Alexander von Humboldt Chair for Ancient History of the Near and Middle East) and based at the Historisches Seminar - Abteilung Alte Geschichte of Ludwig-Maximilians-Universität München. The annotated edition is released under the Creative Commons Attribution Share-Alike license 3.0. Please cite this page as http://oracc.org/ario/Q007176/.",
			"designation": "Darius I  43",
			"display_name": "ARIo DSk",
			"dynastic_seat": "Persia",
			"genre": "Royal Inscription",
			"id_composite": "Q007176",
			"language": "Old Persian",
			"period": "Achaemenid",
			"pleiades_id": "912936",
			"popular_name": "DSk",
			"primary_publication": "Darius I  43",
			"provenience": "Susa",
			"ruler": "Darius I",
			"script": "Old Persian",
			"script_remarks": "inscribed",
			"script_type": "Cuneiform",
			"subgenre": "Darius I",
			"supergenre": "LIT"
		},
		"geometry": {
			"type": "Point",
			"coordinates": [48.257787,32.189217]
		}
	}, {
		"type": "Feature",
		"properties": {
			"credits": "Based on Rüdiger Schmitt, Die altpersischen Inschriften der Achaimeniden: Editio minor mit deutscher Übersetzung (2009). Digitized, lemmatized, and updated by Henry Heitmann-Gordon, 2016-19, for the Munich Open-access Cuneiform Corpus Initiative (MOCCI), a corpus-building initiative funded by LMU Munich and the Alexander von Humboldt Foundation (through the establishment of the Alexander von Humboldt Chair for Ancient History of the Near and Middle East) and based at the Historisches Seminar - Abteilung Alte Geschichte of Ludwig-Maximilians-Universität München. The annotated edition is released under the Creative Commons Attribution Share-Alike license 3.0. Please cite this page as http://oracc.org/ario/Q007177/.",
			"designation": "Darius I  44",
			"display_name": "ARIo DSl",
			"dynastic_seat": "Persia",
			"genre": "Royal Inscription",
			"id_composite": "Q007177",
			"language": "Old Persian",
			"period": "Achaemenid",
			"pleiades_id": "912936",
			"popular_name": "DSl",
			"primary_publication": "Darius I  44",
			"provenience": "Susa",
			"ruler": "Darius I",
			"script": "Old Persian",
			"script_remarks": "inscribed",
			"script_type": "Cuneiform",
			"subgenre": "Darius I",
			"supergenre": "LIT"
		},
		"geometry": {
			"type": "Point",
			"coordinates": [48.257787,32.189217]
		}
	}, {
		"type": "Feature",
		"properties": {
			"credits": "Based on Rüdiger Schmitt, Die altpersischen Inschriften der Achaimeniden: Editio minor mit deutscher Übersetzung (2009). Digitized, lemmatized, and updated by Henry Heitmann-Gordon, 2016-19, for the Munich Open-access Cuneiform Corpus Initiative (MOCCI), a corpus-building initiative funded by LMU Munich and the Alexander von Humboldt Foundation (through the establishment of the Alexander von Humboldt Chair for Ancient History of the Near and Middle East) and based at the Historisches Seminar - Abteilung Alte Geschichte of Ludwig-Maximilians-Universität München. The annotated edition is released under the Creative Commons Attribution Share-Alike license 3.0. Please cite this page as http://oracc.org/ario/Q007178/.",
			"designation": "Darius I  45",
			"display_name": "ARIo DSn",
			"dynastic_seat": "Persia",
			"genre": "Royal Inscription",
			"id_composite": "Q007178",
			"language": "Akkadian, Old Persian, Elamite",
			"period": "Achaemenid",
			"pleiades_id": "912936",
			"popular_name": "DSn",
			"primary_publication": "Darius I  45",
			"provenience": "Susa",
			"ruler": "Darius I",
			"script": "Old Persian",
			"script_remarks": "inscribed",
			"script_type": "Cuneiform",
			"subgenre": "Darius I",
			"supergenre": "LIT"
		},
		"geometry": {
			"type": "Point",
			"coordinates": [48.257787,32.189217]
		}
	}, {
		"type": "Feature",
		"properties": {
			"credits": "Based on Rüdiger Schmitt, Die altpersischen Inschriften der Achaimeniden: Editio minor mit deutscher Übersetzung (2009). Digitized, lemmatized, and updated by Henry Heitmann-Gordon, 2016-19, for the Munich Open-access Cuneiform Corpus Initiative (MOCCI), a corpus-building initiative funded by LMU Munich and the Alexander von Humboldt Foundation (through the establishment of the Alexander von Humboldt Chair for Ancient History of the Near and Middle East) and based at the Historisches Seminar - Abteilung Alte Geschichte of Ludwig-Maximilians-Universität München. The annotated edition is released under the Creative Commons Attribution Share-Alike license 3.0. Please cite this page as http://oracc.org/ario/Q007179/.",
			"designation": "Darius I  46",
			"display_name": "ARIo DSao",
			"dynastic_seat": "Persia",
			"genre": "Royal Inscription",
			"id_composite": "Q007179",
			"language": "Akkadian, Old Persian, Elamite",
			"period": "Achaemenid",
			"pleiades_id": "912936",
			"popular_name": "DSo",
			"primary_publication": "Darius I  46",
			"provenience": "Susa",
			"ruler": "Darius I",
			"script": "Old Persian",
			"script_remarks": "inscribed",
			"script_type": "Cuneiform",
			"subgenre": "Darius I",
			"supergenre": "LIT"
		},
		"geometry": {
			"type": "Point",
			"coordinates": [48.257787,32.189217]
		}
	}, {
		"type": "Feature",
		"properties": {
			"credits": "Based on Rüdiger Schmitt, Die altpersischen Inschriften der Achaimeniden: Editio minor mit deutscher Übersetzung (2009). Digitized, lemmatized, and updated by Henry Heitmann-Gordon, 2016-19, for the Munich Open-access Cuneiform Corpus Initiative (MOCCI), a corpus-building initiative funded by LMU Munich and the Alexander von Humboldt Foundation (through the establishment of the Alexander von Humboldt Chair for Ancient History of the Near and Middle East) and based at the Historisches Seminar - Abteilung Alte Geschichte of Ludwig-Maximilians-Universität München. The annotated edition is released under the Creative Commons Attribution Share-Alike license 3.0. Please cite this page as http://oracc.org/ario/Q007180/.",
			"designation": "Darius I  47",
			"display_name": "ARIo DSp",
			"dynastic_seat": "Persia",
			"genre": "Royal Inscription",
			"id_composite": "Q007180",
			"language": "Old Persian",
			"period": "Achaemenid",
			"pleiades_id": "912936",
			"popular_name": "DSp",
			"primary_publication": "Darius I  47",
			"provenience": "Susa",
			"ruler": "Darius I",
			"script": "Old Persian",
			"script_remarks": "inscribed",
			"script_type": "Cuneiform",
			"subgenre": "Darius I",
			"supergenre": "LIT"
		},
		"geometry": {
			"type": "Point",
			"coordinates": [48.257787,32.189217]
		}
	}, {
		"type": "Feature",
		"properties": {
			"credits": "Based on Rüdiger Schmitt, Die altpersischen Inschriften der Achaimeniden: Editio minor mit deutscher Übersetzung (2009). Digitized, lemmatized, and updated by Henry Heitmann-Gordon, 2016-19, for the Munich Open-access Cuneiform Corpus Initiative (MOCCI), a corpus-building initiative funded by LMU Munich and the Alexander von Humboldt Foundation (through the establishment of the Alexander von Humboldt Chair for Ancient History of the Near and Middle East) and based at the Historisches Seminar - Abteilung Alte Geschichte of Ludwig-Maximilians-Universität München. The annotated edition is released under the Creative Commons Attribution Share-Alike license 3.0. Please cite this page as http://oracc.org/ario/Q007181/.",
			"designation": "Darius I  48",
			"display_name": "ARIo DSs",
			"dynastic_seat": "Persia",
			"genre": "Royal Inscription",
			"id_composite": "Q007181",
			"language": "Old Persian",
			"period": "Achaemenid",
			"pleiades_id": "912936",
			"popular_name": "DSs",
			"primary_publication": "Darius I  48",
			"provenience": "Susa",
			"ruler": "Darius I",
			"script": "Old Persian",
			"script_remarks": "inscribed",
			"script_type": "Cuneiform",
			"subgenre": "Darius I",
			"supergenre": "LIT"
		},
		"geometry": {
			"type": "Point",
			"coordinates": [48.257787,32.189217]
		}
	}, {
		"type": "Feature",
		"properties": {
			"credits": "Based on Rüdiger Schmitt, Die altpersischen Inschriften der Achaimeniden: Editio minor mit deutscher Übersetzung (2009). Digitized, lemmatized, and updated by Henry Heitmann-Gordon, 2016-19, for the Munich Open-access Cuneiform Corpus Initiative (MOCCI), a corpus-building initiative funded by LMU Munich and the Alexander von Humboldt Foundation (through the establishment of the Alexander von Humboldt Chair for Ancient History of the Near and Middle East) and based at the Historisches Seminar - Abteilung Alte Geschichte of Ludwig-Maximilians-Universität München. The annotated edition is released under the Creative Commons Attribution Share-Alike license 3.0. Please cite this page as http://oracc.org/ario/Q007182/.",
			"designation": "Darius I  49",
			"display_name": "ARIo DSt",
			"dynastic_seat": "Persia",
			"genre": "Royal Inscription",
			"id_composite": "Q007182",
			"language": "Old Persian",
			"period": "Achaemenid",
			"pleiades_id": "912936",
			"popular_name": "DSt",
			"primary_publication": "Darius I  49",
			"provenience": "Susa",
			"ruler": "Darius I",
			"script": "Old Persian",
			"script_remarks": "inscribed",
			"script_type": "Cuneiform",
			"subgenre": "Darius I",
			"supergenre": "LIT"
		},
		"geometry": {
			"type": "Point",
			"coordinates": [48.257787,32.189217]
		}
	}, {
		"type": "Feature",
		"properties": {
			"credits": "Based on Vallat, François, Corpus des inscriptions royales en elamite achemenide, These Universite de la Sorbonne, s.l. (Paris) 1977. Digitized, lemmatized, and updated by Henry Heitmann-Gordon, 2016-19, for the Munich Open-access Cuneiform Corpus Initiative (MOCCI), a corpus-building initiative funded by LMU Munich and the Alexander von Humboldt Foundation (through the establishment of the Alexander von Humboldt Chair for Ancient History of the Near and Middle East) and based at the Historisches Seminar - Abteilung Alte Geschichte of Ludwig-Maximilians-Universität München. The annotated edition is released under the Creative Commons Attribution Share-Alike license 3.0. Please cite this page as http://oracc.org/ario/Q007183/.",
			"designation": "Darius I  50",
			"display_name": "ARIo DSu",
			"dynastic_seat": "Persia",
			"genre": "Royal Inscription",
			"id_composite": "Q007183",
			"language": "Elamite",
			"period": "Achaemenid",
			"pleiades_id": "912936",
			"popular_name": "DSu",
			"primary_publication": "Darius I  50",
			"provenience": "Susa",
			"ruler": "Darius I",
			"script": "Old Persian",
			"script_remarks": "inscribed",
			"script_type": "Cuneiform",
			"subgenre": "Darius I",
			"supergenre": "LIT"
		},
		"geometry": {
			"type": "Point",
			"coordinates": [48.257787,32.189217]
		}
	}, {
		"type": "Feature",
		"properties": {
			"credits": "Based on Brandenstein, Wilhelm, &quot;Die neuen Achämenideninschriften&quot;, in: WZKM 39 (1932), 7-97. Digitized, lemmatized, and updated by Henry Heitmann-Gordon, 2016-19, for the Munich Open-access Cuneiform Corpus Initiative (MOCCI), a corpus-building initiative funded by LMU Munich and the Alexander von Humboldt Foundation (through the establishment of the Alexander von Humboldt Chair for Ancient History of the Near and Middle East) and based at the Historisches Seminar - Abteilung Alte Geschichte of Ludwig-Maximilians-Universität München. The annotated edition is released under the Creative Commons Attribution Share-Alike license 3.0. Please cite this page as http://oracc.org/ario/Q007184/.",
			"designation": "Darius I  51",
			"display_name": "ARIo DSv",
			"dynastic_seat": "Persia",
			"genre": "Royal Inscription",
			"id_composite": "Q007184",
			"language": "Akkadian",
			"period": "Achaemenid",
			"pleiades_id": "912936",
			"popular_name": "DSv",
			"primary_publication": "Darius I  51",
			"provenience": "Susa",
			"ruler": "Darius I",
			"script": "Old Persian",
			"script_remarks": "inscribed",
			"script_type": "Cuneiform",
			"subgenre": "Darius I",
			"supergenre": "LIT"
		},
		"geometry": {
			"type": "Point",
			"coordinates": [48.257787,32.189217]
		}
	}, {
		"type": "Feature",
		"properties": {
			"credits": "Based on Brandenstein, Wilhelm, &quot;Die neuen Achämenideninschriften&quot;, in: WZKM 39 (1932), 7-97. Digitized, lemmatized, and updated by Henry Heitmann-Gordon, 2016-19, for the Munich Open-access Cuneiform Corpus Initiative (MOCCI), a corpus-building initiative funded by LMU Munich and the Alexander von Humboldt Foundation (through the establishment of the Alexander von Humboldt Chair for Ancient History of the Near and Middle East) and based at the Historisches Seminar - Abteilung Alte Geschichte of Ludwig-Maximilians-Universität München. The annotated edition is released under the Creative Commons Attribution Share-Alike license 3.0. Please cite this page as http://oracc.org/ario/Q007185/.",
			"designation": "Darius I  52",
			"display_name": "ARIo DSw",
			"dynastic_seat": "Persia",
			"genre": "Royal Inscription",
			"id_composite": "Q007185",
			"language": "Akkadian",
			"period": "Achaemenid",
			"pleiades_id": "912936",
			"popular_name": "DSw",
			"primary_publication": "Darius I  52",
			"provenience": "Susa",
			"ruler": "Darius I",
			"script": "Old Persian",
			"script_remarks": "inscribed",
			"script_type": "Cuneiform",
			"subgenre": "Darius I",
			"supergenre": "LIT"
		},
		"geometry": {
			"type": "Point",
			"coordinates": [48.257787,32.189217]
		}
	}, {
		"type": "Feature",
		"properties": {
			"credits": "Based on Rüdiger Schmitt, Die altpersischen Inschriften der Achaimeniden: Editio minor mit deutscher Übersetzung (2009). Digitized, lemmatized, and updated by Henry Heitmann-Gordon, 2016-19, for the Munich Open-access Cuneiform Corpus Initiative (MOCCI), a corpus-building initiative funded by LMU Munich and the Alexander von Humboldt Foundation (through the establishment of the Alexander von Humboldt Chair for Ancient History of the Near and Middle East) and based at the Historisches Seminar - Abteilung Alte Geschichte of Ludwig-Maximilians-Universität München. The annotated edition is released under the Creative Commons Attribution Share-Alike license 3.0. Please cite this page as http://oracc.org/ario/Q007186/.",
			"designation": "Darius I  53",
			"display_name": "ARIo DSy",
			"dynastic_seat": "Persia",
			"genre": "Royal Inscription",
			"id_composite": "Q007186",
			"language": "Akkadian, Old Persian, Elamite",
			"period": "Achaemenid",
			"pleiades_id": "912936",
			"popular_name": "DSy",
			"primary_publication": "Darius I  53",
			"provenience": "Susa",
			"ruler": "Darius I",
			"script": "Old Persian",
			"script_remarks": "inscribed",
			"script_type": "Cuneiform",
			"subgenre": "Darius I",
			"supergenre": "LIT"
		},
		"geometry": {
			"type": "Point",
			"coordinates": [48.257787,32.189217]
		}
	}, {
		"type": "Feature",
		"properties": {
			"credits": "Based on Rüdiger Schmitt, Die altpersischen Inschriften der Achaimeniden: Editio minor mit deutscher Übersetzung (2009). Digitized, lemmatized, and updated by Henry Heitmann-Gordon, 2016-19, for the Munich Open-access Cuneiform Corpus Initiative (MOCCI), a corpus-building initiative funded by LMU Munich and the Alexander von Humboldt Foundation (through the establishment of the Alexander von Humboldt Chair for Ancient History of the Near and Middle East) and based at the Historisches Seminar - Abteilung Alte Geschichte of Ludwig-Maximilians-Universität München. The annotated edition is released under the Creative Commons Attribution Share-Alike license 3.0. Please cite this page as http://oracc.org/ario/Q007187/.",
			"designation": "Darius I  54",
			"display_name": "ARIo DSz",
			"dynastic_seat": "Persia",
			"genre": "Royal Inscription",
			"id_composite": "Q007187",
			"language": "Old Persian, Elamite",
			"period": "Achaemenid",
			"pleiades_id": "912936",
			"popular_name": "DSz",
			"primary_publication": "Darius I  54",
			"provenience": "Susa",
			"ruler": "Darius I",
			"script": "Old Persian",
			"script_remarks": "inscribed",
			"script_type": "Cuneiform",
			"subgenre": "Darius I",
			"supergenre": "LIT"
		},
		"geometry": {
			"type": "Point",
			"coordinates": [48.257787,32.189217]
		}
	}, {
		"type": "Feature",
		"properties": {
			"credits": "Based on Vallat, François, Corpus des inscriptions royales en elamite achemenide, These Universite de la Sorbonne, s.l. (Paris) 1977. Digitized, lemmatized, and updated by Henry Heitmann-Gordon, 2016-19, for the Munich Open-access Cuneiform Corpus Initiative (MOCCI), a corpus-building initiative funded by LMU Munich and the Alexander von Humboldt Foundation (through the establishment of the Alexander von Humboldt Chair for Ancient History of the Near and Middle East) and based at the Historisches Seminar - Abteilung Alte Geschichte of Ludwig-Maximilians-Universität München. The annotated edition is released under the Creative Commons Attribution Share-Alike license 3.0. Please cite this page as http://oracc.org/ario/Q007188/.",
			"designation": "Darius I  55",
			"display_name": "ARIo DSaa",
			"dynastic_seat": "Persia",
			"genre": "Royal Inscription",
			"id_composite": "Q007188",
			"language": "Akkadian",
			"period": "Achaemenid",
			"pleiades_id": "912936",
			"popular_name": "DSaa",
			"primary_publication": "Darius I  55",
			"provenience": "Susa",
			"ruler": "Darius I",
			"script": "Old Persian",
			"script_remarks": "inscribed",
			"script_type": "Cuneiform",
			"subgenre": "Darius I",
			"supergenre": "LIT"
		},
		"geometry": {
			"type": "Point",
			"coordinates": [48.257787,32.189217]
		}
	}, {
		"type": "Feature",
		"properties": {
			"credits": "Based on Rüdiger Schmitt, Die altpersischen Inschriften der Achaimeniden: Editio minor mit deutscher Übersetzung (2009). Digitized, lemmatized, and updated by Henry Heitmann-Gordon, 2016-19, for the Munich Open-access Cuneiform Corpus Initiative (MOCCI), a corpus-building initiative funded by LMU Munich and the Alexander von Humboldt Foundation (through the establishment of the Alexander von Humboldt Chair for Ancient History of the Near and Middle East) and based at the Historisches Seminar - Abteilung Alte Geschichte of Ludwig-Maximilians-Universität München. The annotated edition is released under the Creative Commons Attribution Share-Alike license 3.0. Please cite this page as http://oracc.org/ario/Q007189/.",
			"designation": "Darius I  56",
			"display_name": "ARIo DSab",
			"dynastic_seat": "Persia",
			"genre": "Royal Inscription",
			"id_composite": "Q007189",
			"language": "Akkadian, Old Persian, Elamite",
			"period": "Achaemenid",
			"pleiades_id": "912936",
			"popular_name": "DSab",
			"primary_publication": "Darius I  56",
			"provenience": "Susa",
			"ruler": "Darius I",
			"script": "Old Persian",
			"script_remarks": "inscribed",
			"script_type": "Cuneiform",
			"subgenre": "Darius I",
			"supergenre": "LIT"
		},
		"geometry": {
			"type": "Point",
			"coordinates": [48.257787,32.189217]
		}
	}, {
		"type": "Feature",
		"properties": {
			"credits": "Based on Rüdiger Schmitt, Die altpersischen Inschriften der Achaimeniden: Editio minor mit deutscher Übersetzung (2009). Digitized, lemmatized, and updated by Henry Heitmann-Gordon, 2016-19, for the Munich Open-access Cuneiform Corpus Initiative (MOCCI), a corpus-building initiative funded by LMU Munich and the Alexander von Humboldt Foundation (through the establishment of the Alexander von Humboldt Chair for Ancient History of the Near and Middle East) and based at the Historisches Seminar - Abteilung Alte Geschichte of Ludwig-Maximilians-Universität München. The annotated edition is released under the Creative Commons Attribution Share-Alike license 3.0. Please cite this page as http://oracc.org/ario/Q007190/.",
			"designation": "Darius I  57",
			"display_name": "ARIo DSac",
			"dynastic_seat": "Persia",
			"genre": "Royal Inscription",
			"id_composite": "Q007190",
			"language": "Akkadian, Old Persian, Elamite",
			"period": "Achaemenid",
			"pleiades_id": "912936",
			"popular_name": "DSac",
			"primary_publication": "Darius I  57",
			"provenience": "Susa",
			"ruler": "Darius I",
			"script": "Old Persian",
			"script_remarks": "inscribed",
			"script_type": "Cuneiform",
			"subgenre": "Darius I",
			"supergenre": "LIT"
		},
		"geometry": {
			"type": "Point",
			"coordinates": [48.257787,32.189217]
		}
	}, {
		"type": "Feature",
		"properties": {
			"credits": "Based on Rüdiger Schmitt, Die altpersischen Inschriften der Achaimeniden: Editio minor mit deutscher Übersetzung (2009). Digitized, lemmatized, and updated by Henry Heitmann-Gordon, 2016-19, for the Munich Open-access Cuneiform Corpus Initiative (MOCCI), a corpus-building initiative funded by LMU Munich and the Alexander von Humboldt Foundation (through the establishment of the Alexander von Humboldt Chair for Ancient History of the Near and Middle East) and based at the Historisches Seminar - Abteilung Alte Geschichte of Ludwig-Maximilians-Universität München. The annotated edition is released under the Creative Commons Attribution Share-Alike license 3.0. Please cite this page as http://oracc.org/ario/Q007191/.",
			"designation": "Darius I  58",
			"display_name": "ARIo DSad",
			"dynastic_seat": "Persia",
			"genre": "Royal Inscription",
			"id_composite": "Q007191",
			"language": "Old Persian",
			"period": "Achaemenid",
			"pleiades_id": "912936",
			"popular_name": "DSad",
			"primary_publication": "Darius I  58",
			"provenience": "Susa",
			"ruler": "Darius I",
			"script": "Old Persian",
			"script_remarks": "inscribed",
			"script_type": "Cuneiform",
			"subgenre": "Darius I",
			"supergenre": "LIT"
		},
		"geometry": {
			"type": "Point",
			"coordinates": [48.257787,32.189217]
		}
	}, {
		"type": "Feature",
		"properties": {
			"credits": "Based on Rüdiger Schmitt, Die altpersischen Inschriften der Achaimeniden: Editio minor mit deutscher Übersetzung (2009). Digitized, lemmatized, and updated by Henry Heitmann-Gordon, 2016-19, for the Munich Open-access Cuneiform Corpus Initiative (MOCCI), a corpus-building initiative funded by LMU Munich and the Alexander von Humboldt Foundation (through the establishment of the Alexander von Humboldt Chair for Ancient History of the Near and Middle East) and based at the Historisches Seminar - Abteilung Alte Geschichte of Ludwig-Maximilians-Universität München. The annotated edition is released under the Creative Commons Attribution Share-Alike license 3.0. Please cite this page as http://oracc.org/ario/Q007192/.",
			"designation": "Darius I  59",
			"display_name": "ARIo DZa",
			"dynastic_seat": "Persia",
			"genre": "Royal Inscription",
			"id_composite": "Q007192",
			"language": "Old Persian",
			"period": "Achaemenid",
			"pleiades_id": "727088",
			"popular_name": "DZa",
			"primary_publication": "Darius I  59",
			"provenience": "Suez",
			"ruler": "Darius I",
			"script": "Old Persian",
			"script_remarks": "inscribed",
			"script_type": "Cuneiform",
			"subgenre": "Darius I",
			"supergenre": "LIT"
		},
		"geometry": {
			"type": "Point",
			"coordinates": [31.5110853352,30.5723823112]
		}
	}, {
		"type": "Feature",
		"properties": {
			"credits": "Based on Rüdiger Schmitt, Die altpersischen Inschriften der Achaimeniden: Editio minor mit deutscher Übersetzung (2009). Digitized, lemmatized, and updated by Henry Heitmann-Gordon, 2016-19, for the Munich Open-access Cuneiform Corpus Initiative (MOCCI), a corpus-building initiative funded by LMU Munich and the Alexander von Humboldt Foundation (through the establishment of the Alexander von Humboldt Chair for Ancient History of the Near and Middle East) and based at the Historisches Seminar - Abteilung Alte Geschichte of Ludwig-Maximilians-Universität München. The annotated edition is released under the Creative Commons Attribution Share-Alike license 3.0. Please cite this page as http://oracc.org/ario/Q007193/.",
			"designation": "Darius I  60",
			"display_name": "ARIo DZb",
			"dynastic_seat": "Persia",
			"genre": "Royal Inscription",
			"id_composite": "Q007193",
			"language": "Akkadian, Old Persian, Elamite",
			"period": "Achaemenid",
			"pleiades_id": "727088",
			"popular_name": "DZb",
			"primary_publication": "Darius I  60",
			"provenience": "Suez",
			"ruler": "Darius I",
			"script": "Old Persian",
			"script_remarks": "inscribed",
			"script_type": "Cuneiform",
			"subgenre": "Darius I",
			"supergenre": "LIT"
		},
		"geometry": {
			"type": "Point",
			"coordinates": [31.5110853352,30.5723823112]
		}
	}, {
		"type": "Feature",
		"properties": {
			"credits": "Based on Rüdiger Schmitt, Die altpersischen Inschriften der Achaimeniden: Editio minor mit deutscher Übersetzung (2009). Digitized, lemmatized, and updated by Henry Heitmann-Gordon, 2016-19, for the Munich Open-access Cuneiform Corpus Initiative (MOCCI), a corpus-building initiative funded by LMU Munich and the Alexander von Humboldt Foundation (through the establishment of the Alexander von Humboldt Chair for Ancient History of the Near and Middle East) and based at the Historisches Seminar - Abteilung Alte Geschichte of Ludwig-Maximilians-Universität München. The annotated edition is released under the Creative Commons Attribution Share-Alike license 3.0. Please cite this page as http://oracc.org/ario/Q007194/.",
			"designation": "Darius I  61",
			"display_name": "ARIo DZc",
			"dynastic_seat": "Persia",
			"genre": "Royal Inscription",
			"id_composite": "Q007194",
			"language": "Akkadian, Old Persian, Elamite",
			"period": "Achaemenid",
			"pleiades_id": "727088",
			"popular_name": "DZc",
			"primary_publication": "Darius I  61",
			"provenience": "Suez",
			"ruler": "Darius I",
			"script": "Old Persian",
			"script_remarks": "inscribed",
			"script_type": "Cuneiform",
			"subgenre": "Darius I",
			"supergenre": "LIT"
		},
		"geometry": {
			"type": "Point",
			"coordinates": [31.5110853352,30.5723823112]
		}
	}, {
		"type": "Feature",
		"properties": {
			"credits": "Based on Rüdiger Schmitt, Die altpersischen Inschriften der Achaimeniden: Editio minor mit deutscher Übersetzung (2009). Digitized, lemmatized, and updated by Henry Heitmann-Gordon, 2016-19, for the Munich Open-access Cuneiform Corpus Initiative (MOCCI), a corpus-building initiative funded by LMU Munich and the Alexander von Humboldt Foundation (through the establishment of the Alexander von Humboldt Chair for Ancient History of the Near and Middle East) and based at the Historisches Seminar - Abteilung Alte Geschichte of Ludwig-Maximilians-Universität München. The annotated edition is released under the Creative Commons Attribution Share-Alike license 3.0. Please cite this page as http://oracc.org/ario/Q007195/.",
			"designation": "Darius I  62",
			"display_name": "ARIo DZd",
			"dynastic_seat": "Persia",
			"genre": "Royal Inscription",
			"id_composite": "Q007195",
			"language": "Old Persian",
			"period": "Achaemenid",
			"pleiades_id": "727088",
			"popular_name": "DZd",
			"primary_publication": "Darius I  62",
			"provenience": "Suez",
			"ruler": "Darius I",
			"script": "Old Persian",
			"script_remarks": "inscribed",
			"script_type": "Cuneiform",
			"subgenre": "Darius I",
			"supergenre": "LIT"
		},
		"geometry": {
			"type": "Point",
			"coordinates": [31.5110853352,30.5723823112]
		}
	}, {
		"type": "Feature",
		"properties": {
			"credits": "Based on Rüdiger Schmitt, Die altpersischen Inschriften der Achaimeniden: Editio minor mit deutscher Übersetzung (2009). Digitized, lemmatized, and updated by Henry Heitmann-Gordon, 2016-19, for the Munich Open-access Cuneiform Corpus Initiative (MOCCI), a corpus-building initiative funded by LMU Munich and the Alexander von Humboldt Foundation (through the establishment of the Alexander von Humboldt Chair for Ancient History of the Near and Middle East) and based at the Historisches Seminar - Abteilung Alte Geschichte of Ludwig-Maximilians-Universität München. The annotated edition is released under the Creative Commons Attribution Share-Alike license 3.0. Please cite this page as http://oracc.org/ario/Q007196/.",
			"designation": "Darius I  63",
			"display_name": "ARIo DZe",
			"dynastic_seat": "Persia",
			"genre": "Royal Inscription",
			"id_composite": "Q007196",
			"language": "Akkadian, Old Persian, Elamite",
			"period": "Achaemenid",
			"pleiades_id": "727088",
			"popular_name": "DZe",
			"primary_publication": "Darius I  63",
			"provenience": "Suez",
			"ruler": "Darius I",
			"script": "Old Persian",
			"script_remarks": "inscribed",
			"script_type": "Cuneiform",
			"subgenre": "Darius I",
			"supergenre": "LIT"
		},
		"geometry": {
			"type": "Point",
			"coordinates": [31.5110853352,30.5723823112]
		}
	}, {
		"type": "Feature",
		"properties": {
			"credits": "Based on Vincent Scheil, &quot;Documents et arguments&quot;, in: Revue d&apos;Assyriologie et d&apos;archéologie orientale 27:2 (1930), 93-101. Digitized, lemmatized, and updated by Henry Heitmann-Gordon, 2016-19, for the Munich Open-access Cuneiform Corpus Initiative (MOCCI), a corpus-building initiative funded by LMU Munich and the Alexander von Humboldt Foundation (through the establishment of the Alexander von Humboldt Chair for Ancient History of the Near and Middle East) and based at the Historisches Seminar - Abteilung Alte Geschichte of Ludwig-Maximilians-Universität München. The annotated edition is released under the Creative Commons Attribution Share-Alike license 3.0. Please cite this page as http://oracc.org/ario/Q007197/.",
			"designation": "Darius I  64",
			"display_name": "ARIo DZf",
			"dynastic_seat": "Persia",
			"genre": "Royal Inscription",
			"id_composite": "Q007197",
			"language": "Akkadian, Old Persian, Elamite",
			"period": "Achaemenid",
			"pleiades_id": "727088",
			"popular_name": "DZf",
			"primary_publication": "Darius I  64",
			"provenience": "Suez",
			"ruler": "Darius I",
			"script": "Old Persian",
			"script_remarks": "inscribed",
			"script_type": "Cuneiform",
			"subgenre": "Darius I",
			"supergenre": "LIT"
		},
		"geometry": {
			"type": "Point",
			"coordinates": [31.5110853352,30.5723823112]
		}
	}, {
		"type": "Feature",
		"properties": {
			"credits": "Based on Manfred Mayrhofer, Supplement zur Sammlung der altpersischen Inschriften, Vienna 1978. Digitized, lemmatized, and updated by Henry Heitmann-Gordon, 2016-19, for the Munich Open-access Cuneiform Corpus Initiative (MOCCI), a corpus-building initiative funded by LMU Munich and the Alexander von Humboldt Foundation (through the establishment of the Alexander von Humboldt Chair for Ancient History of the Near and Middle East) and based at the Historisches Seminar - Abteilung Alte Geschichte of Ludwig-Maximilians-Universität München. The annotated edition is released under the Creative Commons Attribution Share-Alike license 3.0. Please cite this page as http://oracc.org/ario/Q007198/.",
			"designation": "Darius I  65",
			"display_name": "ARIo VDa",
			"dynastic_seat": "Persia",
			"genre": "Royal Inscription",
			"id_composite": "Q007198",
			"language": "Akkadian, Old Persian, Elamite",
			"period": "Achaemenid",
			"pleiades_id": "922698",
			"popular_name": "VDa",
			"primary_publication": "Darius I  65",
			"provenience": "Persia",
			"ruler": "Darius I",
			"script": "Old Persian",
			"script_remarks": "inscribed",
			"script_type": "Cuneiform",
			"subgenre": "Darius I",
			"supergenre": "LIT"
		},
		"geometry": {
			"type": "Point",
			"coordinates": [51.5,30.5]
		}
	}, {
		"type": "Feature",
		"properties": {
			"credits": "Based on Manfred Mayrhofer, Supplement zur Sammlung der altpersischen Inschriften, Vienna 1978. Digitized, lemmatized, and updated by Henry Heitmann-Gordon, 2016-19, for the Munich Open-access Cuneiform Corpus Initiative (MOCCI), a corpus-building initiative funded by LMU Munich and the Alexander von Humboldt Foundation (through the establishment of the Alexander von Humboldt Chair for Ancient History of the Near and Middle East) and based at the Historisches Seminar - Abteilung Alte Geschichte of Ludwig-Maximilians-Universität München. The annotated edition is released under the Creative Commons Attribution Share-Alike license 3.0. Please cite this page as http://oracc.org/ario/Q007200/.",
			"designation": "Darius I  66",
			"display_name": "ARIo VDb",
			"dynastic_seat": "Persia",
			"genre": "Royal Inscription",
			"id_composite": "Q007200",
			"language": "Akkadian, Old Persian, Elamite",
			"period": "Achaemenid",
			"pleiades_id": "903021",
			"popular_name": "VDb",
			"primary_publication": "Darius I  66",
			"provenience": "Ecbatana",
			"ruler": "Darius I",
			"script": "Old Persian",
			"script_remarks": "inscribed",
			"script_type": "Cuneiform",
			"subgenre": "Darius I",
			"supergenre": "LIT"
		},
		"geometry": {
			"type": "Point",
			"coordinates": [48.512209,34.799294]
		}
	}, {
		"type": "Feature",
		"properties": {
			"credits": "Based on Joan Goodnick Westenholz, Matthew W. Stolper, &quot;A Stone Jar with Inscriptions of Darius I in Four Languages&quot;, in: ARTA 2002.005. Digitized, lemmatized, and updated by Henry Heitmann-Gordon, 2016-19, for the Munich Open-access Cuneiform Corpus Initiative (MOCCI), a corpus-building initiative funded by LMU Munich and the Alexander von Humboldt Foundation (through the establishment of the Alexander von Humboldt Chair for Ancient History of the Near and Middle East) and based at the Historisches Seminar - Abteilung Alte Geschichte of Ludwig-Maximilians-Universität München. The annotated edition is released under the Creative Commons Attribution Share-Alike license 3.0. Please cite this page as http://oracc.org/ario/Q007201/.",
			"designation": "Darius I  67",
			"display_name": "ARIo VDc",
			"dynastic_seat": "Persia",
			"genre": "Royal Inscription",
			"id_composite": "Q007201",
			"language": "Akkadian, Old Persian, Elamite,  Hieroglyphs",
			"period": "Achaemenid",
			"pleiades_id": "922698",
			"popular_name": "VDc",
			"primary_publication": "Darius I  67",
			"provenience": "Persia",
			"ruler": "Darius I",
			"script": "Old Persian",
			"script_remarks": "inscribed",
			"script_type": "Cuneiform",
			"subgenre": "Darius I",
			"supergenre": "LIT"
		},
		"geometry": {
			"type": "Point",
			"coordinates": [51.5,30.5]
		}
	}, {
		"type": "Feature",
		"properties": {
			"credits": "Based on Manfred Mayrhofer, Supplement zur Sammlung der altpersischen Inschriften, Vienna 1978. Digitized, lemmatized, and updated by Henry Heitmann-Gordon, 2016-19, for the Munich Open-access Cuneiform Corpus Initiative (MOCCI), a corpus-building initiative funded by LMU Munich and the Alexander von Humboldt Foundation (through the establishment of the Alexander von Humboldt Chair for Ancient History of the Near and Middle East) and based at the Historisches Seminar - Abteilung Alte Geschichte of Ludwig-Maximilians-Universität München. The annotated edition is released under the Creative Commons Attribution Share-Alike license 3.0. Please cite this page as http://oracc.org/ario/Q007202/.",
			"designation": "Darius I  68",
			"display_name": "ARIo VDd",
			"dynastic_seat": "Persia",
			"genre": "Royal Inscription",
			"id_composite": "Q007202",
			"language": "Old Persian",
			"period": "Achaemenid",
			"pleiades_id": "922698",
			"popular_name": "VDd",
			"primary_publication": "Darius I  68",
			"provenience": "Persia",
			"ruler": "Darius I",
			"script": "Old Persian",
			"script_remarks": "inscribed",
			"script_type": "Cuneiform",
			"subgenre": "Darius I",
			"supergenre": "LIT"
		},
		"geometry": {
			"type": "Point",
			"coordinates": [51.5,30.5]
		}
	}, {
		"type": "Feature",
		"properties": {
			"credits": "Based on Rüdiger Schmitt, Altpersische Siegel-Inschriften (1981). Digitized, lemmatized, and updated by Henry Heitmann-Gordon, 2016-19, for the Munich Open-access Cuneiform Corpus Initiative (MOCCI), a corpus-building initiative funded by LMU Munich and the Alexander von Humboldt Foundation (through the establishment of the Alexander von Humboldt Chair for Ancient History of the Near and Middle East) and based at the Historisches Seminar - Abteilung Alte Geschichte of Ludwig-Maximilians-Universität München. The annotated edition is released under the Creative Commons Attribution Share-Alike license 3.0. Please cite this page as http://oracc.org/ario/Q007203/.",
			"designation": "Darius I  69",
			"display_name": "ARIo SDa-h",
			"dynastic_seat": "Persia",
			"genre": "Royal Inscription",
			"id_composite": "Q007203",
			"language": "Akkadian, Elamite, Persian",
			"period": "Achaemenid",
			"pleiades_id": "922698",
			"popular_name": "SDa-h",
			"primary_publication": "Darius I  69",
			"provenience": "Persia",
			"ruler": "Darius I",
			"script": "Old Persian",
			"script_remarks": "inscribed",
			"script_type": "Cuneiform",
			"subgenre": "Darius I",
			"supergenre": "LIT"
		},
		"geometry": {
			"type": "Point",
			"coordinates": [51.5,30.5]
		}
	}, {
		"type": "Feature",
		"properties": {
			"credits": "Based on Rüdiger Schmitt, Beiträge zu altpersischen Inschriften, Wiesbaden 1999. Digitized, lemmatized, and updated by Henry Heitmann-Gordon, 2016-19, for the Munich Open-access Cuneiform Corpus Initiative (MOCCI), a corpus-building initiative funded by LMU Munich and the Alexander von Humboldt Foundation (through the establishment of the Alexander von Humboldt Chair for Ancient History of the Near and Middle East) and based at the Historisches Seminar - Abteilung Alte Geschichte of Ludwig-Maximilians-Universität München. The annotated edition is released under the Creative Commons Attribution Share-Alike license 3.0. Please cite this page as http://oracc.org/ario/Q007204/.",
			"designation": "Darius I  70",
			"display_name": "ARIo WDa",
			"dynastic_seat": "Persia",
			"genre": "Administrative",
			"id_composite": "Q007204",
			"language": "Old Persian",
			"period": "Achaemenid",
			"pleiades_id": "922698",
			"popular_name": "WDa",
			"primary_publication": "Darius I  70",
			"provenience": "Persia",
			"ruler": "Darius I",
			"script": "Old Persian",
			"script_remarks": "inscribed",
			"script_type": "Cuneiform",
			"subgenre": "Darius I",
			"supergenre": "ELA"
		},
		"geometry": {
			"type": "Point",
			"coordinates": [51.5,30.5]
		}
	}, {
		"type": "Feature",
		"properties": {
			"credits": "Based on Rüdiger Schmitt, Beiträge zu altpersischen Inschriften, Wiesbaden 1999. Digitized, lemmatized, and updated by Henry Heitmann-Gordon, 2016-19, for the Munich Open-access Cuneiform Corpus Initiative (MOCCI), a corpus-building initiative funded by LMU Munich and the Alexander von Humboldt Foundation (through the establishment of the Alexander von Humboldt Chair for Ancient History of the Near and Middle East) and based at the Historisches Seminar - Abteilung Alte Geschichte of Ludwig-Maximilians-Universität München. The annotated edition is released under the Creative Commons Attribution Share-Alike license 3.0. Please cite this page as http://oracc.org/ario/Q007284/.",
			"designation": "Darius I  71",
			"display_name": "ARIo WDb",
			"dynastic_seat": "Persia",
			"genre": "Administrative",
			"id_composite": "Q007284",
			"language": "Akkadian, Elamite, Persian",
			"period": "Achaemenid",
			"pleiades_id": "922698",
			"popular_name": "WDb",
			"primary_publication": "Darius I  71",
			"provenience": "Persia",
			"ruler": "Darius I",
			"script": "Old Persian",
			"script_remarks": "inscribed",
			"script_type": "Cuneiform",
			"subgenre": "Darius I",
			"supergenre": "ELA"
		},
		"geometry": {
			"type": "Point",
			"coordinates": [51.5,30.5]
		}
	}, {
		"type": "Feature",
		"properties": {
			"credits": "Based on Rüdiger Schmitt, Beiträge zu altpersischen Inschriften, Wiesbaden 1999. Digitized, lemmatized, and updated by Henry Heitmann-Gordon, 2016-19, for the Munich Open-access Cuneiform Corpus Initiative (MOCCI), a corpus-building initiative funded by LMU Munich and the Alexander von Humboldt Foundation (through the establishment of the Alexander von Humboldt Chair for Ancient History of the Near and Middle East) and based at the Historisches Seminar - Abteilung Alte Geschichte of Ludwig-Maximilians-Universität München. The annotated edition is released under the Creative Commons Attribution Share-Alike license 3.0. Please cite this page as http://oracc.org/ario/Q009254/.",
			"designation": "Darius I  72",
			"display_name": "ARIo WDc",
			"dynastic_seat": "Persia",
			"genre": "Administrative",
			"id_composite": "Q009254",
			"language": "Akkadian, Elamite, Persian",
			"period": "Achaemenid",
			"pleiades_id": "922695",
			"popular_name": "WDc",
			"primary_publication": "Darius I  72",
			"provenience": "Persepolis",
			"ruler": "Darius I",
			"script": "Old Persian",
			"script_remarks": "inscribed",
			"script_type": "Cuneiform",
			"subgenre": "Darius I",
			"supergenre": "ELA"
		},
		"geometry": {
			"type": "Point",
			"coordinates": [52.889437,29.9353403333]
		}
	}, {
		"type": "Feature",
		"properties": {
			"credits": "Based on Rüdiger Schmitt, Beiträge zu altpersischen Inschriften, Wiesbaden 1999. Digitized, lemmatized, and updated by Henry Heitmann-Gordon, 2016-19, for the Munich Open-access Cuneiform Corpus Initiative (MOCCI), a corpus-building initiative funded by LMU Munich and the Alexander von Humboldt Foundation (through the establishment of the Alexander von Humboldt Chair for Ancient History of the Near and Middle East) and based at the Historisches Seminar - Abteilung Alte Geschichte of Ludwig-Maximilians-Universität München. The annotated edition is released under the Creative Commons Attribution Share-Alike license 3.0. Please cite this page as http://oracc.org/ario/Q009255/.",
			"designation": "Darius I  73",
			"display_name": "ARIo WDd",
			"dynastic_seat": "Persia",
			"genre": "Administrative",
			"id_composite": "Q009255",
			"language": "Akkadian, Elamite, Persian",
			"period": "Achaemenid",
			"pleiades_id": "922695",
			"popular_name": "WDd",
			"primary_publication": "Darius I  73",
			"provenience": "Persepolis",
			"ruler": "Darius I",
			"script": "Old Persian",
			"script_remarks": "inscribed",
			"script_type": "Cuneiform",
			"subgenre": "Darius I",
			"supergenre": "ELA"
		},
		"geometry": {
			"type": "Point",
			"coordinates": [52.889437,29.9353403333]
		}
	}, {
		"type": "Feature",
		"properties": {
			"credits": "Based on Rüdiger Schmitt, Beiträge zu altpersischen Inschriften, Wiesbaden 1999. Digitized, lemmatized, and updated by Henry Heitmann-Gordon, 2016-19, for the Munich Open-access Cuneiform Corpus Initiative (MOCCI), a corpus-building initiative funded by LMU Munich and the Alexander von Humboldt Foundation (through the establishment of the Alexander von Humboldt Chair for Ancient History of the Near and Middle East) and based at the Historisches Seminar - Abteilung Alte Geschichte of Ludwig-Maximilians-Universität München. The annotated edition is released under the Creative Commons Attribution Share-Alike license 3.0. Please cite this page as http://oracc.org/ario/Q009257/.",
			"designation": "Darius I  75",
			"display_name": "ARIo WDf",
			"dynastic_seat": "Persia",
			"genre": "Administrative",
			"id_composite": "Q009257",
			"language": "Akkadian, Elamite, Persian",
			"period": "Achaemenid",
			"pleiades_id": "922695",
			"popular_name": "WDf",
			"primary_publication": "Darius I  75",
			"provenience": "Persepolis",
			"ruler": "Darius I",
			"script": "Old Persian",
			"script_remarks": "inscribed",
			"script_type": "Cuneiform",
			"subgenre": "Darius I",
			"supergenre": "ELA"
		},
		"geometry": {
			"type": "Point",
			"coordinates": [52.889437,29.9353403333]
		}
	}, {
		"type": "Feature",
		"properties": {
			"credits": "Based on Rüdiger Schmitt, Beiträge zu altpersischen Inschriften, Wiesbaden 1999. Digitized, lemmatized, and updated by Henry Heitmann-Gordon, 2016-19, for the Munich Open-access Cuneiform Corpus Initiative (MOCCI), a corpus-building initiative funded by LMU Munich and the Alexander von Humboldt Foundation (through the establishment of the Alexander von Humboldt Chair for Ancient History of the Near and Middle East) and based at the Historisches Seminar - Abteilung Alte Geschichte of Ludwig-Maximilians-Universität München. The annotated edition is released under the Creative Commons Attribution Share-Alike license 3.0. Please cite this page as http://oracc.org/ario/Q009258/.",
			"designation": "Darius I  76",
			"display_name": "ARIo WDg",
			"dynastic_seat": "Persia",
			"genre": "Administrative",
			"id_composite": "Q009258",
			"language": "Akkadian, Elamite, Persian",
			"period": "Achaemenid",
			"pleiades_id": "922698",
			"popular_name": "WDg",
			"primary_publication": "Darius I  76",
			"provenience": "Persia",
			"ruler": "Darius I",
			"script": "Old Persian",
			"script_remarks": "inscribed",
			"script_type": "Cuneiform",
			"subgenre": "Darius I",
			"supergenre": "ELA"
		},
		"geometry": {
			"type": "Point",
			"coordinates": [51.5,30.5]
		}
	}, {
		"type": "Feature",
		"properties": {
			"credits": "Based on Rüdiger Schmitt, Beiträge zu altpersischen Inschriften, Wiesbaden 1999. Digitized, lemmatized, and updated by Henry Heitmann-Gordon, 2016-19, for the Munich Open-access Cuneiform Corpus Initiative (MOCCI), a corpus-building initiative funded by LMU Munich and the Alexander von Humboldt Foundation (through the establishment of the Alexander von Humboldt Chair for Ancient History of the Near and Middle East) and based at the Historisches Seminar - Abteilung Alte Geschichte of Ludwig-Maximilians-Universität München. The annotated edition is released under the Creative Commons Attribution Share-Alike license 3.0. Please cite this page as http://oracc.org/ario/Q009259/.",
			"designation": "Darius I  77",
			"display_name": "ARIo WDh",
			"dynastic_seat": "Persia",
			"genre": "Administrative",
			"id_composite": "Q009259",
			"language": "Akkadian, Elamite, Persian",
			"period": "Achaemenid",
			"pleiades_id": "922698",
			"popular_name": "WDh",
			"primary_publication": "Darius I  77",
			"provenience": "Persia",
			"ruler": "Darius I",
			"script": "Old Persian",
			"script_remarks": "inscribed",
			"script_type": "Cuneiform",
			"subgenre": "Darius I",
			"supergenre": "ELA"
		},
		"geometry": {
			"type": "Point",
			"coordinates": [51.5,30.5]
		}
	}, {
		"type": "Feature",
		"properties": {
			"credits": "Based on Rüdiger Schmitt, Beiträge zu altpersischen Inschriften, Wiesbaden 1999. Digitized, lemmatized, and updated by Henry Heitmann-Gordon, 2016-19, for the Munich Open-access Cuneiform Corpus Initiative (MOCCI), a corpus-building initiative funded by LMU Munich and the Alexander von Humboldt Foundation (through the establishment of the Alexander von Humboldt Chair for Ancient History of the Near and Middle East) and based at the Historisches Seminar - Abteilung Alte Geschichte of Ludwig-Maximilians-Universität München. The annotated edition is released under the Creative Commons Attribution Share-Alike license 3.0. Please cite this page as http://oracc.org/ario/Q009260/.",
			"designation": "Darius I  78",
			"display_name": "ARIo WDi-j",
			"dynastic_seat": "Persia",
			"genre": "Administrative",
			"id_composite": "Q009260",
			"language": "Elamite",
			"period": "Achaemenid",
			"pleiades_id": "922695",
			"popular_name": "WDi-j",
			"primary_publication": "Darius I  78",
			"provenience": "Persepolis",
			"ruler": "Darius I",
			"script": "Old Persian",
			"script_remarks": "inscribed",
			"script_type": "Cuneiform",
			"subgenre": "Darius I",
			"supergenre": "ELA"
		},
		"geometry": {
			"type": "Point",
			"coordinates": [52.889437,29.9353403333]
		}
	}, {
		"type": "Feature",
		"properties": {
			"credits": "Based on Rüdiger Schmitt, Die altpersischen Inschriften der Achaimeniden: Editio minor mit deutscher Übersetzung (2009). Digitized, lemmatized, and updated by Henry Heitmann-Gordon, 2016-19, for the Munich Open-access Cuneiform Corpus Initiative (MOCCI), a corpus-building initiative funded by LMU Munich and the Alexander von Humboldt Foundation (through the establishment of the Alexander von Humboldt Chair for Ancient History of the Near and Middle East) and based at the Historisches Seminar - Abteilung Alte Geschichte of Ludwig-Maximilians-Universität München. The annotated edition is released under the Creative Commons Attribution Share-Alike license 3.0. Please cite this page as http://oracc.org/ario/Q007260/.",
			"designation": "Darius II 1",
			"display_name": "ARIo D²Ha",
			"dynastic_seat": "Persia",
			"genre": "Royal Inscription",
			"id_composite": "Q007260",
			"language": "Old Persian",
			"period": "Achaemenid",
			"pleiades_id": "903021",
			"popular_name": "D²Ha",
			"primary_publication": "Darius II 1",
			"provenience": "Ecbatana",
			"ruler": "Darius II",
			"script": "Old Persian",
			"script_remarks": "inscribed",
			"script_type": "Cuneiform",
			"subgenre": "Darius II",
			"supergenre": "LIT"
		},
		"geometry": {
			"type": "Point",
			"coordinates": [48.512209,34.799294]
		}
	}, {
		"type": "Feature",
		"properties": {
			"credits": "Based on Rüdiger Schmitt, Die altpersischen Inschriften der Achaimeniden: Editio minor mit deutscher Übersetzung (2009). Digitized, lemmatized, and updated by Henry Heitmann-Gordon, 2016-19, for the Munich Open-access Cuneiform Corpus Initiative (MOCCI), a corpus-building initiative funded by LMU Munich and the Alexander von Humboldt Foundation (through the establishment of the Alexander von Humboldt Chair for Ancient History of the Near and Middle East) and based at the Historisches Seminar - Abteilung Alte Geschichte of Ludwig-Maximilians-Universität München. The annotated edition is released under the Creative Commons Attribution Share-Alike license 3.0. Please cite this page as http://oracc.org/ario/Q007261/.",
			"designation": "Darius II 2",
			"display_name": "ARIo D²Sa",
			"dynastic_seat": "Persia",
			"genre": "Royal Inscription",
			"id_composite": "Q007261",
			"language": "Old Persian",
			"period": "Achaemenid",
			"pleiades_id": "912936",
			"popular_name": "D²Sa",
			"primary_publication": "Darius II 2",
			"provenience": "Susa",
			"ruler": "Darius II",
			"script": "Old Persian",
			"script_remarks": "inscribed",
			"script_type": "Cuneiform",
			"subgenre": "Darius II",
			"supergenre": "LIT"
		},
		"geometry": {
			"type": "Point",
			"coordinates": [48.257787,32.189217]
		}
	}, {
		"type": "Feature",
		"properties": {
			"credits": "Based on Rüdiger Schmitt, Die altpersischen Inschriften der Achaimeniden: Editio minor mit deutscher Übersetzung (2009). Digitized, lemmatized, and updated by Henry Heitmann-Gordon, 2016-19, for the Munich Open-access Cuneiform Corpus Initiative (MOCCI), a corpus-building initiative funded by LMU Munich and the Alexander von Humboldt Foundation (through the establishment of the Alexander von Humboldt Chair for Ancient History of the Near and Middle East) and based at the Historisches Seminar - Abteilung Alte Geschichte of Ludwig-Maximilians-Universität München. The annotated edition is released under the Creative Commons Attribution Share-Alike license 3.0. Please cite this page as http://oracc.org/ario/Q007262/.",
			"designation": "Darius II 3",
			"display_name": "ARIo D²Sb",
			"dynastic_seat": "Persia",
			"genre": "Royal Inscription",
			"id_composite": "Q007262",
			"language": "Akkadian, Old Persian, Elamite",
			"period": "Achaemenid",
			"pleiades_id": "912936",
			"popular_name": "D²Sb",
			"primary_publication": "Darius II 3",
			"provenience": "Susa",
			"ruler": "Darius II",
			"script": "Old Persian",
			"script_remarks": "inscribed",
			"script_type": "Cuneiform",
			"subgenre": "Darius II",
			"supergenre": "LIT"
		},
		"geometry": {
			"type": "Point",
			"coordinates": [48.257787,32.189217]
		}
	}, {
		"type": "Feature",
		"properties": {
			"credits": "Based on Rüdiger Schmitt, Die altpersischen Inschriften der Achaimeniden: Editio minor mit deutscher Übersetzung (2009). Digitized, lemmatized, and updated by Henry Heitmann-Gordon, 2016-19, for the Munich Open-access Cuneiform Corpus Initiative (MOCCI), a corpus-building initiative funded by LMU Munich and the Alexander von Humboldt Foundation (through the establishment of the Alexander von Humboldt Chair for Ancient History of the Near and Middle East) and based at the Historisches Seminar - Abteilung Alte Geschichte of Ludwig-Maximilians-Universität München. The annotated edition is released under the Creative Commons Attribution Share-Alike license 3.0. Please cite this page as http://oracc.org/ario/Q007264/.",
			"designation": "Darius II 4",
			"display_name": "ARIo D²Sc",
			"dynastic_seat": "Persia",
			"genre": "Royal Inscription",
			"id_composite": "Q007264",
			"language": "Old Persian",
			"period": "Achaemenid",
			"pleiades_id": "912936",
			"popular_name": "D²Sc",
			"primary_publication": "Darius II 4",
			"provenience": "Susa",
			"ruler": "Darius II",
			"script": "Old Persian",
			"script_remarks": "inscribed",
			"script_type": "Cuneiform",
			"subgenre": "Darius II",
			"supergenre": "LIT"
		},
		"geometry": {
			"type": "Point",
			"coordinates": [48.257787,32.189217]
		}
	}, {
		"type": "Feature",
		"properties": {
			"credits": "Based on Rüdiger Schmitt, Altpersische Siegel-Inschriften (1981). Digitized, lemmatized, and updated by Henry Heitmann-Gordon, 2016-19, for the Munich Open-access Cuneiform Corpus Initiative (MOCCI), a corpus-building initiative funded by LMU Munich and the Alexander von Humboldt Foundation (through the establishment of the Alexander von Humboldt Chair for Ancient History of the Near and Middle East) and based at the Historisches Seminar - Abteilung Alte Geschichte of Ludwig-Maximilians-Universität München. The annotated edition is released under the Creative Commons Attribution Share-Alike license 3.0. Please cite this page as http://oracc.org/ario/Q007265/.",
			"designation": "Darius II 5",
			"display_name": "ARIo SD²a",
			"dynastic_seat": "Persia",
			"genre": "Royal Inscription",
			"id_composite": "Q007265",
			"language": "Old Persian",
			"period": "Achaemenid",
			"pleiades_id": "922698",
			"popular_name": "SD²a",
			"primary_publication": "Darius II 5",
			"provenience": "Persia",
			"ruler": "Darius II",
			"script": "Old Persian",
			"script_remarks": "inscribed",
			"script_type": "Cuneiform",
			"subgenre": "Darius II",
			"supergenre": "LIT"
		},
		"geometry": {
			"type": "Point",
			"coordinates": [51.5,30.5]
		}
	}, {
		"type": "Feature",
		"properties": {
			"credits": "Based on Rüdiger Schmitt, Die altpersischen Inschriften der Achaimeniden: Editio minor mit deutscher Übersetzung (2009). Digitized, lemmatized, and updated by Henry Heitmann-Gordon, 2016-19, for the Munich Open-access Cuneiform Corpus Initiative (MOCCI), a corpus-building initiative funded by LMU Munich and the Alexander von Humboldt Foundation (through the establishment of the Alexander von Humboldt Chair for Ancient History of the Near and Middle East) and based at the Historisches Seminar - Abteilung Alte Geschichte of Ludwig-Maximilians-Universität München. The annotated edition is released under the Creative Commons Attribution Share-Alike license 3.0. Please cite this page as http://oracc.org/ario/Q007205/.",
			"designation": "Xerxes  I 01",
			"display_name": "ARIo XEa",
			"dynastic_seat": "Persia",
			"genre": "Royal Inscription",
			"id_composite": "Q007205",
			"language": "Akkadian, Old Persian, Elamite",
			"period": "Achaemenid",
			"pleiades_id": "903032",
			"popular_name": "XEa",
			"primary_publication": "Xerxes  I 01",
			"provenience": "Elvend",
			"ruler": "Xerxes I",
			"script": "Old Persian",
			"script_remarks": "inscribed",
			"script_type": "Cuneiform",
			"subgenre": "Xerxes I",
			"supergenre": "LIT"
		},
		"geometry": {
			"type": "Point",
			"coordinates": [48.43661,34.759872]
		}
	}, {
		"type": "Feature",
		"properties": {
			"credits": "Now designated VXg (Xerxes I 36). Based on Rüdiger Schmitt, Die altpersischen Inschriften der Achaimeniden: Editio minor mit deutscher Übersetzung (2009); Brandenstein, Wilhelm, „Die neuen Achämenideninschriften&quot;, in: WZKM 39 (1932), 7-97. Digitized, lemmatized, and updated by Henry Heitmann-Gordon, 2016-19, for the Munich Open-access Cuneiform Corpus Initiative (MOCCI), a corpus-building initiative funded by LMU Munich and the Alexander von Humboldt Foundation (through the establishment of the Alexander von Humboldt Chair for Ancient History of the Near and Middle East) and based at the Historisches Seminar - Abteilung Alte Geschichte of Ludwig-Maximilians-Universität München. The annotated edition is released under the Creative Commons Attribution Share-Alike license 3.0. Please cite this page as http://oracc.org/ario/Q007207/.",
			"designation": "Xerxes  I 03",
			"display_name": "ARIo XHa",
			"dynastic_seat": "Persia",
			"genre": "Royal Inscription",
			"id_composite": "Q007207",
			"language": "Old Persian",
			"period": "Achaemenid",
			"pleiades_id": "903021",
			"popular_name": "XHa",
			"primary_publication": "Xerxes  I 03",
			"provenience": "Ecbatana",
			"ruler": "Xerxes I",
			"script": "Old Persian",
			"script_remarks": "inscribed",
			"script_type": "Cuneiform",
			"subgenre": "Xerxes I",
			"supergenre": "LIT"
		},
		"geometry": {
			"type": "Point",
			"coordinates": [48.512209,34.799294]
		}
	}, {
		"type": "Feature",
		"properties": {
			"credits": "Based on Rüdiger Schmitt, Die altpersischen Inschriften der Achaimeniden: Editio minor mit deutscher Übersetzung (2009). Digitized, lemmatized, and updated by Henry Heitmann-Gordon, 2016-19, for the Munich Open-access Cuneiform Corpus Initiative (MOCCI), a corpus-building initiative funded by LMU Munich and the Alexander von Humboldt Foundation (through the establishment of the Alexander von Humboldt Chair for Ancient History of the Near and Middle East) and based at the Historisches Seminar - Abteilung Alte Geschichte of Ludwig-Maximilians-Universität München. The annotated edition is released under the Creative Commons Attribution Share-Alike license 3.0. Please cite this page as http://oracc.org/ario/Q007208/.",
			"designation": "Xerxes  I 04",
			"display_name": "ARIo XIa",
			"dynastic_seat": "Persia",
			"genre": "Royal Inscription",
			"id_composite": "Q007208",
			"language": "Old Persian",
			"period": "Achaemenid",
			"pleiades_id": "922698",
			"popular_name": "XIa",
			"primary_publication": "Xerxes  I 04",
			"provenience": "Persia",
			"ruler": "Xerxes I",
			"script": "Old Persian",
			"script_remarks": "inscribed",
			"script_type": "Cuneiform",
			"subgenre": "Xerxes I",
			"supergenre": "LIT"
		},
		"geometry": {
			"type": "Point",
			"coordinates": [51.5,30.5]
		}
	}, {
		"type": "Feature",
		"properties": {
			"credits": "Based on Rüdiger Schmitt, Die altpersischen Inschriften der Achaimeniden: Editio minor mit deutscher Übersetzung (2009). Digitized, lemmatized, and updated by Henry Heitmann-Gordon, 2016-19, for the Munich Open-access Cuneiform Corpus Initiative (MOCCI), a corpus-building initiative funded by LMU Munich and the Alexander von Humboldt Foundation (through the establishment of the Alexander von Humboldt Chair for Ancient History of the Near and Middle East) and based at the Historisches Seminar - Abteilung Alte Geschichte of Ludwig-Maximilians-Universität München. The annotated edition is released under the Creative Commons Attribution Share-Alike license 3.0. Please cite this page as http://oracc.org/ario/Q007209/.",
			"designation": "Xerxes  I 05",
			"display_name": "ARIo XPa",
			"dynastic_seat": "Persia",
			"genre": "Royal Inscription",
			"id_composite": "Q007209",
			"language": "Akkadian, Old Persian, Elamite",
			"period": "Achaemenid",
			"pleiades_id": "922695",
			"popular_name": "XPa",
			"primary_publication": "Xerxes  I 05",
			"provenience": "Persepolis",
			"ruler": "Xerxes I",
			"script": "Old Persian",
			"script_remarks": "inscribed",
			"script_type": "Cuneiform",
			"subgenre": "Xerxes I",
			"supergenre": "LIT"
		},
		"geometry": {
			"type": "Point",
			"coordinates": [52.889437,29.9353403333]
		}
	}, {
		"type": "Feature",
		"properties": {
			"credits": "Based on Rüdiger Schmitt, Die altpersischen Inschriften der Achaimeniden: Editio minor mit deutscher Übersetzung (2009). Digitized, lemmatized, and updated by Henry Heitmann-Gordon, 2016-19, for the Munich Open-access Cuneiform Corpus Initiative (MOCCI), a corpus-building initiative funded by LMU Munich and the Alexander von Humboldt Foundation (through the establishment of the Alexander von Humboldt Chair for Ancient History of the Near and Middle East) and based at the Historisches Seminar - Abteilung Alte Geschichte of Ludwig-Maximilians-Universität München. The annotated edition is released under the Creative Commons Attribution Share-Alike license 3.0. Please cite this page as http://oracc.org/ario/Q007210/.",
			"designation": "Xerxes  I 06",
			"display_name": "ARIo XPb",
			"dynastic_seat": "Persia",
			"genre": "Royal Inscription",
			"id_composite": "Q007210",
			"language": "Akkadian, Old Persian, Elamite",
			"period": "Achaemenid",
			"pleiades_id": "922695",
			"popular_name": "XPb",
			"primary_publication": "Xerxes  I 06",
			"provenience": "Persepolis",
			"ruler": "Xerxes I",
			"script": "Old Persian",
			"script_remarks": "inscribed",
			"script_type": "Cuneiform",
			"subgenre": "Xerxes I",
			"supergenre": "LIT"
		},
		"geometry": {
			"type": "Point",
			"coordinates": [52.889437,29.9353403333]
		}
	}, {
		"type": "Feature",
		"properties": {
			"credits": "Based on Rüdiger Schmitt, Die altpersischen Inschriften der Achaimeniden: Editio minor mit deutscher Übersetzung (2009). Digitized, lemmatized, and updated by Henry Heitmann-Gordon, 2016-19, for the Munich Open-access Cuneiform Corpus Initiative (MOCCI), a corpus-building initiative funded by LMU Munich and the Alexander von Humboldt Foundation (through the establishment of the Alexander von Humboldt Chair for Ancient History of the Near and Middle East) and based at the Historisches Seminar - Abteilung Alte Geschichte of Ludwig-Maximilians-Universität München. The annotated edition is released under the Creative Commons Attribution Share-Alike license 3.0. Please cite this page as http://oracc.org/ario/Q007211/.",
			"designation": "Xerxes  I 07",
			"display_name": "ARIo XPc",
			"dynastic_seat": "Persia",
			"genre": "Royal Inscription",
			"id_composite": "Q007211",
			"language": "Akkadian, Old Persian, Elamite",
			"period": "Achaemenid",
			"pleiades_id": "922695",
			"popular_name": "XPc",
			"primary_publication": "Xerxes  I 07",
			"provenience": "Persepolis",
			"ruler": "Xerxes I",
			"script": "Old Persian",
			"script_remarks": "inscribed",
			"script_type": "Cuneiform",
			"subgenre": "Xerxes I",
			"supergenre": "LIT"
		},
		"geometry": {
			"type": "Point",
			"coordinates": [52.889437,29.9353403333]
		}
	}, {
		"type": "Feature",
		"properties": {
			"credits": "Based on Rüdiger Schmitt, Die altpersischen Inschriften der Achaimeniden: Editio minor mit deutscher Übersetzung (2009). Digitized, lemmatized, and updated by Henry Heitmann-Gordon, 2016-19, for the Munich Open-access Cuneiform Corpus Initiative (MOCCI), a corpus-building initiative funded by LMU Munich and the Alexander von Humboldt Foundation (through the establishment of the Alexander von Humboldt Chair for Ancient History of the Near and Middle East) and based at the Historisches Seminar - Abteilung Alte Geschichte of Ludwig-Maximilians-Universität München. The annotated edition is released under the Creative Commons Attribution Share-Alike license 3.0. Please cite this page as http://oracc.org/ario/Q007212/.",
			"designation": "Xerxes  I 08",
			"display_name": "ARIo XPd",
			"dynastic_seat": "Persia",
			"genre": "Royal Inscription",
			"id_composite": "Q007212",
			"language": "Akkadian, Old Persian, Elamite",
			"period": "Achaemenid",
			"pleiades_id": "922695",
			"popular_name": "XPd",
			"primary_publication": "Xerxes  I 08",
			"provenience": "Persepolis",
			"ruler": "Xerxes I",
			"script": "Old Persian",
			"script_remarks": "inscribed",
			"script_type": "Cuneiform",
			"subgenre": "Xerxes I",
			"supergenre": "LIT"
		},
		"geometry": {
			"type": "Point",
			"coordinates": [52.889437,29.9353403333]
		}
	}, {
		"type": "Feature",
		"properties": {
			"credits": "Based on Rüdiger Schmitt, Die altpersischen Inschriften der Achaimeniden: Editio minor mit deutscher Übersetzung (2009). Digitized, lemmatized, and updated by Henry Heitmann-Gordon, 2016-19, for the Munich Open-access Cuneiform Corpus Initiative (MOCCI), a corpus-building initiative funded by LMU Munich and the Alexander von Humboldt Foundation (through the establishment of the Alexander von Humboldt Chair for Ancient History of the Near and Middle East) and based at the Historisches Seminar - Abteilung Alte Geschichte of Ludwig-Maximilians-Universität München. The annotated edition is released under the Creative Commons Attribution Share-Alike license 3.0. Please cite this page as http://oracc.org/ario/Q007213/.",
			"designation": "Xerxes  I 09",
			"display_name": "ARIo XPe",
			"dynastic_seat": "Persia",
			"genre": "Royal Inscription",
			"id_composite": "Q007213",
			"language": "Akkadian, Old Persian, Elamite",
			"period": "Achaemenid",
			"pleiades_id": "922695",
			"popular_name": "XPe",
			"primary_publication": "Xerxes  I 09",
			"provenience": "Persepolis",
			"ruler": "Xerxes I",
			"script": "Old Persian",
			"script_remarks": "inscribed",
			"script_type": "Cuneiform",
			"subgenre": "Xerxes I",
			"supergenre": "LIT"
		},
		"geometry": {
			"type": "Point",
			"coordinates": [52.889437,29.9353403333]
		}
	}, {
		"type": "Feature",
		"properties": {
			"credits": "Based on Rüdiger Schmitt, Die altpersischen Inschriften der Achaimeniden: Editio minor mit deutscher Übersetzung (2009). Digitized, lemmatized, and updated by Henry Heitmann-Gordon, 2016-19, for the Munich Open-access Cuneiform Corpus Initiative (MOCCI), a corpus-building initiative funded by LMU Munich and the Alexander von Humboldt Foundation (through the establishment of the Alexander von Humboldt Chair for Ancient History of the Near and Middle East) and based at the Historisches Seminar - Abteilung Alte Geschichte of Ludwig-Maximilians-Universität München. The annotated edition is released under the Creative Commons Attribution Share-Alike license 3.0. Please cite this page as http://oracc.org/ario/Q007214/.",
			"designation": "Xerxes  I 10",
			"display_name": "ARIo XPf",
			"dynastic_seat": "Persia",
			"genre": "Royal Inscription",
			"id_composite": "Q007214",
			"language": "Akkadian, Old Persian",
			"period": "Achaemenid",
			"pleiades_id": "922695",
			"popular_name": "XPf",
			"primary_publication": "Xerxes  I 10",
			"provenience": "Persepolis",
			"ruler": "Xerxes I",
			"script": "Old Persian",
			"script_remarks": "inscribed",
			"script_type": "Cuneiform",
			"subgenre": "Xerxes I",
			"supergenre": "LIT"
		},
		"geometry": {
			"type": "Point",
			"coordinates": [52.889437,29.9353403333]
		}
	}, {
		"type": "Feature",
		"properties": {
			"credits": "Based on Rüdiger Schmitt, Die altpersischen Inschriften der Achaimeniden: Editio minor mit deutscher Übersetzung (2009). Digitized, lemmatized, and updated by Henry Heitmann-Gordon, 2016-19, for the Munich Open-access Cuneiform Corpus Initiative (MOCCI), a corpus-building initiative funded by LMU Munich and the Alexander von Humboldt Foundation (through the establishment of the Alexander von Humboldt Chair for Ancient History of the Near and Middle East) and based at the Historisches Seminar - Abteilung Alte Geschichte of Ludwig-Maximilians-Universität München. The annotated edition is released under the Creative Commons Attribution Share-Alike license 3.0. Please cite this page as http://oracc.org/ario/Q007215/.",
			"designation": "Xerxes  I 11",
			"display_name": "ARIo XPg",
			"dynastic_seat": "Persia",
			"genre": "Royal Inscription",
			"id_composite": "Q007215",
			"language": "Old Persian",
			"period": "Achaemenid",
			"pleiades_id": "922695",
			"popular_name": "XPg",
			"primary_publication": "Xerxes  I 11",
			"provenience": "Persepolis",
			"ruler": "Xerxes I",
			"script": "Old Persian",
			"script_remarks": "inscribed",
			"script_type": "Cuneiform",
			"subgenre": "Xerxes I",
			"supergenre": "LIT"
		},
		"geometry": {
			"type": "Point",
			"coordinates": [52.889437,29.9353403333]
		}
	}, {
		"type": "Feature",
		"properties": {
			"credits": "Based on Rüdiger Schmitt, Die altpersischen Inschriften der Achaimeniden: Editio minor mit deutscher Übersetzung (2009). Digitized, lemmatized, and updated by Henry Heitmann-Gordon, 2016-19, for the Munich Open-access Cuneiform Corpus Initiative (MOCCI), a corpus-building initiative funded by LMU Munich and the Alexander von Humboldt Foundation (through the establishment of the Alexander von Humboldt Chair for Ancient History of the Near and Middle East) and based at the Historisches Seminar - Abteilung Alte Geschichte of Ludwig-Maximilians-Universität München. The annotated edition is released under the Creative Commons Attribution Share-Alike license 3.0. Please cite this page as http://oracc.org/ario/Q007216/.",
			"designation": "Xerxes  I 12",
			"display_name": "ARIo XPh",
			"dynastic_seat": "Persia",
			"genre": "Royal Inscription",
			"id_composite": "Q007216",
			"language": "Akkadian, Old Persian, Elamite",
			"period": "Achaemenid",
			"pleiades_id": "922695",
			"popular_name": "XPh",
			"primary_publication": "Xerxes  I 12",
			"provenience": "Persepolis",
			"ruler": "Xerxes I",
			"script": "Old Persian",
			"script_remarks": "inscribed",
			"script_type": "Cuneiform",
			"subgenre": "Xerxes I",
			"supergenre": "LIT"
		},
		"geometry": {
			"type": "Point",
			"coordinates": [52.889437,29.9353403333]
		}
	}, {
		"type": "Feature",
		"properties": {
			"credits": "Based on Rüdiger Schmitt, Die altpersischen Inschriften der Achaimeniden: Editio minor mit deutscher Übersetzung (2009). Digitized, lemmatized, and updated by Henry Heitmann-Gordon, 2016-19, for the Munich Open-access Cuneiform Corpus Initiative (MOCCI), a corpus-building initiative funded by LMU Munich and the Alexander von Humboldt Foundation (through the establishment of the Alexander von Humboldt Chair for Ancient History of the Near and Middle East) and based at the Historisches Seminar - Abteilung Alte Geschichte of Ludwig-Maximilians-Universität München. The annotated edition is released under the Creative Commons Attribution Share-Alike license 3.0. Please cite this page as http://oracc.org/ario/Q007217/.",
			"designation": "Xerxes  I 13",
			"display_name": "ARIo XPi",
			"dynastic_seat": "Persia",
			"genre": "Royal Inscription",
			"id_composite": "Q007217",
			"language": "Old Persian, Elamite",
			"period": "Achaemenid",
			"pleiades_id": "922695",
			"popular_name": "XPi",
			"primary_publication": "Xerxes  I 13",
			"provenience": "Persepolis",
			"ruler": "Xerxes I",
			"script": "Old Persian",
			"script_remarks": "inscribed",
			"script_type": "Cuneiform",
			"subgenre": "Xerxes I",
			"supergenre": "LIT"
		},
		"geometry": {
			"type": "Point",
			"coordinates": [52.889437,29.9353403333]
		}
	}, {
		"type": "Feature",
		"properties": {
			"credits": "Based on Rüdiger Schmitt, Die altpersischen Inschriften der Achaimeniden: Editio minor mit deutscher Übersetzung (2009). Digitized, lemmatized, and updated by Henry Heitmann-Gordon, 2016-19, for the Munich Open-access Cuneiform Corpus Initiative (MOCCI), a corpus-building initiative funded by LMU Munich and the Alexander von Humboldt Foundation (through the establishment of the Alexander von Humboldt Chair for Ancient History of the Near and Middle East) and based at the Historisches Seminar - Abteilung Alte Geschichte of Ludwig-Maximilians-Universität München. The annotated edition is released under the Creative Commons Attribution Share-Alike license 3.0. Please cite this page as http://oracc.org/ario/Q007218/.",
			"designation": "Xerxes  I 14",
			"display_name": "ARIo XPj",
			"dynastic_seat": "Persia",
			"genre": "Royal Inscription",
			"id_composite": "Q007218",
			"language": "Akkadian, Old Persian, Elamite",
			"period": "Achaemenid",
			"pleiades_id": "922695",
			"popular_name": "XPj",
			"primary_publication": "Xerxes  I 14",
			"provenience": "Persepolis",
			"ruler": "Xerxes I",
			"script": "Old Persian",
			"script_remarks": "inscribed",
			"script_type": "Cuneiform",
			"subgenre": "Xerxes I",
			"supergenre": "LIT"
		},
		"geometry": {
			"type": "Point",
			"coordinates": [52.889437,29.9353403333]
		}
	}, {
		"type": "Feature",
		"properties": {
			"credits": "Based on Rüdiger Schmitt, Die altpersischen Inschriften der Achaimeniden: Editio minor mit deutscher Übersetzung (2009). Digitized, lemmatized, and updated by Henry Heitmann-Gordon, 2016-19, for the Munich Open-access Cuneiform Corpus Initiative (MOCCI), a corpus-building initiative funded by LMU Munich and the Alexander von Humboldt Foundation (through the establishment of the Alexander von Humboldt Chair for Ancient History of the Near and Middle East) and based at the Historisches Seminar - Abteilung Alte Geschichte of Ludwig-Maximilians-Universität München. The annotated edition is released under the Creative Commons Attribution Share-Alike license 3.0. Please cite this page as http://oracc.org/ario/Q007219/.",
			"designation": "Xerxes  I 15",
			"display_name": "ARIo XPk",
			"dynastic_seat": "Persia",
			"genre": "Royal Inscription",
			"id_composite": "Q007219",
			"language": "Akkadian, Old Persian, Elamite",
			"period": "Achaemenid",
			"pleiades_id": "922695",
			"popular_name": "XPk",
			"primary_publication": "Xerxes  I 15",
			"provenience": "Persepolis",
			"ruler": "Xerxes I",
			"script": "Old Persian",
			"script_remarks": "inscribed",
			"script_type": "Cuneiform",
			"subgenre": "Xerxes I",
			"supergenre": "LIT"
		},
		"geometry": {
			"type": "Point",
			"coordinates": [52.889437,29.9353403333]
		}
	}, {
		"type": "Feature",
		"properties": {
			"credits": "Based on Rüdiger Schmitt, Die altpersischen Inschriften der Achaimeniden: Editio minor mit deutscher Übersetzung (2009). Digitized, lemmatized, and updated by Henry Heitmann-Gordon, 2016-19, for the Munich Open-access Cuneiform Corpus Initiative (MOCCI), a corpus-building initiative funded by LMU Munich and the Alexander von Humboldt Foundation (through the establishment of the Alexander von Humboldt Chair for Ancient History of the Near and Middle East) and based at the Historisches Seminar - Abteilung Alte Geschichte of Ludwig-Maximilians-Universität München. The annotated edition is released under the Creative Commons Attribution Share-Alike license 3.0. Please cite this page as http://oracc.org/ario/Q007220/.",
			"designation": "Xerxes  I 16",
			"display_name": "ARIo XPl",
			"dynastic_seat": "Persia",
			"genre": "Royal Inscription",
			"id_composite": "Q007220",
			"language": "Old Persian",
			"period": "Achaemenid",
			"pleiades_id": "922695",
			"popular_name": "XPl",
			"primary_publication": "Xerxes  I 16",
			"provenience": "Persepolis",
			"ruler": "Xerxes I",
			"script": "Old Persian",
			"script_remarks": "inscribed",
			"script_type": "Cuneiform",
			"subgenre": "Xerxes I",
			"supergenre": "LIT"
		},
		"geometry": {
			"type": "Point",
			"coordinates": [52.889437,29.9353403333]
		}
	}, {
		"type": "Feature",
		"properties": {
			"credits": "Based on Rüdiger Schmitt, Die altpersischen Inschriften der Achaimeniden: Editio minor mit deutscher Übersetzung (2009). Digitized, lemmatized, and updated by Henry Heitmann-Gordon, 2016-19, for the Munich Open-access Cuneiform Corpus Initiative (MOCCI), a corpus-building initiative funded by LMU Munich and the Alexander von Humboldt Foundation (through the establishment of the Alexander von Humboldt Chair for Ancient History of the Near and Middle East) and based at the Historisches Seminar - Abteilung Alte Geschichte of Ludwig-Maximilians-Universität München. The annotated edition is released under the Creative Commons Attribution Share-Alike license 3.0. Please cite this page as http://oracc.org/ario/Q007221/.",
			"designation": "Xerxes  I 17",
			"display_name": "ARIo XPm",
			"dynastic_seat": "Persia",
			"genre": "Royal Inscription",
			"id_composite": "Q007221",
			"language": "Akkadian, Old Persian, Elamite",
			"period": "Achaemenid",
			"pleiades_id": "922695",
			"popular_name": "XPm",
			"primary_publication": "Xerxes  I 17",
			"provenience": "Persepolis",
			"ruler": "Xerxes I",
			"script": "Old Persian",
			"script_remarks": "inscribed",
			"script_type": "Cuneiform",
			"subgenre": "Xerxes I",
			"supergenre": "LIT"
		},
		"geometry": {
			"type": "Point",
			"coordinates": [52.889437,29.9353403333]
		}
	}, {
		"type": "Feature",
		"properties": {
			"credits": "Based on Rüdiger Schmitt, Die altpersischen Inschriften der Achaimeniden: Editio minor mit deutscher Übersetzung (2009). Digitized, lemmatized, and updated by Henry Heitmann-Gordon, 2016-19, for the Munich Open-access Cuneiform Corpus Initiative (MOCCI), a corpus-building initiative funded by LMU Munich and the Alexander von Humboldt Foundation (through the establishment of the Alexander von Humboldt Chair for Ancient History of the Near and Middle East) and based at the Historisches Seminar - Abteilung Alte Geschichte of Ludwig-Maximilians-Universität München. The annotated edition is released under the Creative Commons Attribution Share-Alike license 3.0. Please cite this page as http://oracc.org/ario/Q007222/.",
			"designation": "Xerxes  I 18",
			"display_name": "ARIo XPn",
			"dynastic_seat": "Persia",
			"genre": "Royal Inscription",
			"id_composite": "Q007222",
			"language": "Akkadian, Old Persian, Elamite",
			"period": "Achaemenid",
			"pleiades_id": "922695",
			"popular_name": "XPn",
			"primary_publication": "Xerxes  I 18",
			"provenience": "Persepolis",
			"ruler": "Xerxes I",
			"script": "Old Persian",
			"script_remarks": "inscribed",
			"script_type": "Cuneiform",
			"subgenre": "Xerxes I",
			"supergenre": "LIT"
		},
		"geometry": {
			"type": "Point",
			"coordinates": [52.889437,29.9353403333]
		}
	}, {
		"type": "Feature",
		"properties": {
			"credits": "Based on Rüdiger Schmitt, Die altpersischen Inschriften der Achaimeniden: Editio minor mit deutscher Übersetzung (2009). Digitized, lemmatized, and updated by Henry Heitmann-Gordon, 2016-19, for the Munich Open-access Cuneiform Corpus Initiative (MOCCI), a corpus-building initiative funded by LMU Munich and the Alexander von Humboldt Foundation (through the establishment of the Alexander von Humboldt Chair for Ancient History of the Near and Middle East) and based at the Historisches Seminar - Abteilung Alte Geschichte of Ludwig-Maximilians-Universität München. The annotated edition is released under the Creative Commons Attribution Share-Alike license 3.0. Please cite this page as http://oracc.org/ario/Q007223/.",
			"designation": "Xerxes  I 19",
			"display_name": "ARIo XPo",
			"dynastic_seat": "Persia",
			"genre": "Royal Inscription",
			"id_composite": "Q007223",
			"language": "Old Persian",
			"period": "Achaemenid",
			"pleiades_id": "922695",
			"popular_name": "XPo",
			"primary_publication": "Xerxes  I 19",
			"provenience": "Persepolis",
			"ruler": "Xerxes I",
			"script": "Old Persian",
			"script_remarks": "inscribed",
			"script_type": "Cuneiform",
			"subgenre": "Xerxes I",
			"supergenre": "LIT"
		},
		"geometry": {
			"type": "Point",
			"coordinates": [52.889437,29.9353403333]
		}
	}, {
		"type": "Feature",
		"properties": {
			"credits": "Based on Rüdiger Schmitt, Die altpersischen Inschriften der Achaimeniden: Editio minor mit deutscher Übersetzung (2009). Digitized, lemmatized, and updated by Henry Heitmann-Gordon, 2016-19, for the Munich Open-access Cuneiform Corpus Initiative (MOCCI), a corpus-building initiative funded by LMU Munich and the Alexander von Humboldt Foundation (through the establishment of the Alexander von Humboldt Chair for Ancient History of the Near and Middle East) and based at the Historisches Seminar - Abteilung Alte Geschichte of Ludwig-Maximilians-Universität München. The annotated edition is released under the Creative Commons Attribution Share-Alike license 3.0. Please cite this page as http://oracc.org/ario/Q007224/.",
			"designation": "Xerxes  I 20",
			"display_name": "ARIo XPp",
			"dynastic_seat": "Persia",
			"genre": "Royal Inscription",
			"id_composite": "Q007224",
			"language": "Akkadian, Old Persian, Elamite",
			"period": "Achaemenid",
			"pleiades_id": "922695",
			"popular_name": "XPp",
			"primary_publication": "Xerxes  I 20",
			"provenience": "Persepolis",
			"ruler": "Xerxes I",
			"script": "Old Persian",
			"script_remarks": "inscribed",
			"script_type": "Cuneiform",
			"subgenre": "Xerxes I",
			"supergenre": "LIT"
		},
		"geometry": {
			"type": "Point",
			"coordinates": [52.889437,29.9353403333]
		}
	}, {
		"type": "Feature",
		"properties": {
			"credits": "Based on Rüdiger Schmitt, Die altpersischen Inschriften der Achaimeniden: Editio minor mit deutscher Übersetzung (2009). Digitized, lemmatized, and updated by Henry Heitmann-Gordon, 2016-19, for the Munich Open-access Cuneiform Corpus Initiative (MOCCI), a corpus-building initiative funded by LMU Munich and the Alexander von Humboldt Foundation (through the establishment of the Alexander von Humboldt Chair for Ancient History of the Near and Middle East) and based at the Historisches Seminar - Abteilung Alte Geschichte of Ludwig-Maximilians-Universität München. The annotated edition is released under the Creative Commons Attribution Share-Alike license 3.0. Please cite this page as http://oracc.org/ario/Q007225/.",
			"designation": "Xerxes  I 21",
			"display_name": "ARIo XPq",
			"dynastic_seat": "Persia",
			"genre": "Royal Inscription",
			"id_composite": "Q007225",
			"language": "Akkadian, Old Persian, Elamite",
			"period": "Achaemenid",
			"pleiades_id": "922695",
			"popular_name": "XPq",
			"primary_publication": "Xerxes  I 21",
			"provenience": "Persepolis",
			"ruler": "Xerxes I",
			"script": "Old Persian",
			"script_remarks": "inscribed",
			"script_type": "Cuneiform",
			"subgenre": "Xerxes I",
			"supergenre": "LIT"
		},
		"geometry": {
			"type": "Point",
			"coordinates": [52.889437,29.9353403333]
		}
	}, {
		"type": "Feature",
		"properties": {
			"credits": "Based on Rüdiger Schmitt, Die altpersischen Inschriften der Achaimeniden: Editio minor mit deutscher Übersetzung (2009). Digitized, lemmatized, and updated by Henry Heitmann-Gordon, 2016-19, for the Munich Open-access Cuneiform Corpus Initiative (MOCCI), a corpus-building initiative funded by LMU Munich and the Alexander von Humboldt Foundation (through the establishment of the Alexander von Humboldt Chair for Ancient History of the Near and Middle East) and based at the Historisches Seminar - Abteilung Alte Geschichte of Ludwig-Maximilians-Universität München. The annotated edition is released under the Creative Commons Attribution Share-Alike license 3.0. Please cite this page as http://oracc.org/ario/Q007226/.",
			"designation": "Xerxes  I 22",
			"display_name": "ARIo XPr",
			"dynastic_seat": "Persia",
			"genre": "Royal Inscription",
			"id_composite": "Q007226",
			"language": "Akkadian, Old Persian, Elamite",
			"period": "Achaemenid",
			"pleiades_id": "922695",
			"popular_name": "XPr",
			"primary_publication": "Xerxes  I 22",
			"provenience": "Persepolis",
			"ruler": "Xerxes I",
			"script": "Old Persian",
			"script_remarks": "inscribed",
			"script_type": "Cuneiform",
			"subgenre": "Xerxes I",
			"supergenre": "LIT"
		},
		"geometry": {
			"type": "Point",
			"coordinates": [52.889437,29.9353403333]
		}
	}, {
		"type": "Feature",
		"properties": {
			"credits": "Based on Rüdiger Schmitt, Die altpersischen Inschriften der Achaimeniden: Editio minor mit deutscher Übersetzung (2009). Digitized, lemmatized, and updated by Henry Heitmann-Gordon, 2016-19, for the Munich Open-access Cuneiform Corpus Initiative (MOCCI), a corpus-building initiative funded by LMU Munich and the Alexander von Humboldt Foundation (through the establishment of the Alexander von Humboldt Chair for Ancient History of the Near and Middle East) and based at the Historisches Seminar - Abteilung Alte Geschichte of Ludwig-Maximilians-Universität München. The annotated edition is released under the Creative Commons Attribution Share-Alike license 3.0. Please cite this page as http://oracc.org/ario/Q007227/.",
			"designation": "Xerxes  I 23",
			"display_name": "ARIo XPs",
			"dynastic_seat": "Persia",
			"genre": "Royal Inscription",
			"id_composite": "Q007227",
			"language": "Akkadian, Old Persian, Elamite",
			"period": "Achaemenid",
			"pleiades_id": "922695",
			"popular_name": "XPs",
			"primary_publication": "Xerxes  I 23",
			"provenience": "Persepolis",
			"ruler": "Xerxes I",
			"script": "Old Persian",
			"script_remarks": "inscribed",
			"script_type": "Cuneiform",
			"subgenre": "Xerxes I",
			"supergenre": "LIT"
		},
		"geometry": {
			"type": "Point",
			"coordinates": [52.889437,29.9353403333]
		}
	}, {
		"type": "Feature",
		"properties": {
			"credits": "Based on Rüdiger Schmitt, Die altpersischen Inschriften der Achaimeniden: Editio minor mit deutscher Übersetzung (2009). Digitized, lemmatized, and updated by Henry Heitmann-Gordon, 2016-19, for the Munich Open-access Cuneiform Corpus Initiative (MOCCI), a corpus-building initiative funded by LMU Munich and the Alexander von Humboldt Foundation (through the establishment of the Alexander von Humboldt Chair for Ancient History of the Near and Middle East) and based at the Historisches Seminar - Abteilung Alte Geschichte of Ludwig-Maximilians-Universität München. The annotated edition is released under the Creative Commons Attribution Share-Alike license 3.0. Please cite this page as http://oracc.org/ario/Q007228/.",
			"designation": "Xerxes  I 24",
			"display_name": "ARIo XSa",
			"dynastic_seat": "Persia",
			"genre": "Royal Inscription",
			"id_composite": "Q007228",
			"language": "Akkadian, Old Persian, Elamite",
			"period": "Achaemenid",
			"pleiades_id": "912936",
			"popular_name": "XSa",
			"primary_publication": "Xerxes  I 24",
			"provenience": "Susa",
			"ruler": "Xerxes I",
			"script": "Old Persian",
			"script_remarks": "inscribed",
			"script_type": "Cuneiform",
			"subgenre": "Xerxes I",
			"supergenre": "LIT"
		},
		"geometry": {
			"type": "Point",
			"coordinates": [48.257787,32.189217]
		}
	}, {
		"type": "Feature",
		"properties": {
			"credits": "Based on Brandenstein, Wilhelm, „Die neuen Achämenideninschriften&quot;, in: WZKM 39 (1932), 7-97. Digitized, lemmatized, and updated by Henry Heitmann-Gordon, 2016-19, for the Munich Open-access Cuneiform Corpus Initiative (MOCCI), a corpus-building initiative funded by LMU Munich and the Alexander von Humboldt Foundation (through the establishment of the Alexander von Humboldt Chair for Ancient History of the Near and Middle East) and based at the Historisches Seminar - Abteilung Alte Geschichte of Ludwig-Maximilians-Universität München. The annotated edition is released under the Creative Commons Attribution Share-Alike license 3.0. Please cite this page as http://oracc.org/ario/Q007229/.",
			"designation": "Xerxes  I 25",
			"display_name": "ARIo XSb",
			"dynastic_seat": "Persia",
			"genre": "Royal Inscription",
			"id_composite": "Q007229",
			"language": "Akkadian",
			"period": "Achaemenid",
			"pleiades_id": "912936",
			"popular_name": "XSb",
			"primary_publication": "Xerxes  I 25",
			"provenience": "Susa",
			"ruler": "Xerxes I",
			"script": "Old Persian",
			"script_remarks": "inscribed",
			"script_type": "Cuneiform",
			"subgenre": "Xerxes I",
			"supergenre": "LIT"
		},
		"geometry": {
			"type": "Point",
			"coordinates": [48.257787,32.189217]
		}
	}, {
		"type": "Feature",
		"properties": {
			"credits": "Based on Rüdiger Schmitt, Die altpersischen Inschriften der Achaimeniden: Editio minor mit deutscher Übersetzung (2009). Digitized, lemmatized, and updated by Henry Heitmann-Gordon, 2016-19, for the Munich Open-access Cuneiform Corpus Initiative (MOCCI), a corpus-building initiative funded by LMU Munich and the Alexander von Humboldt Foundation (through the establishment of the Alexander von Humboldt Chair for Ancient History of the Near and Middle East) and based at the Historisches Seminar - Abteilung Alte Geschichte of Ludwig-Maximilians-Universität München. The annotated edition is released under the Creative Commons Attribution Share-Alike license 3.0. Please cite this page as http://oracc.org/ario/Q007230/.",
			"designation": "Xerxes  I 26",
			"display_name": "ARIo XSc",
			"dynastic_seat": "Persia",
			"genre": "Royal Inscription",
			"id_composite": "Q007230",
			"language": "Old Persian",
			"period": "Achaemenid",
			"pleiades_id": "912936",
			"popular_name": "XSc",
			"primary_publication": "Xerxes  I 26",
			"provenience": "Susa",
			"ruler": "Xerxes I",
			"script": "Old Persian",
			"script_remarks": "inscribed",
			"script_type": "Cuneiform",
			"subgenre": "Xerxes I",
			"supergenre": "LIT"
		},
		"geometry": {
			"type": "Point",
			"coordinates": [48.257787,32.189217]
		}
	}, {
		"type": "Feature",
		"properties": {
			"credits": "Based on Rüdiger Schmitt, Die altpersischen Inschriften der Achaimeniden: Editio minor mit deutscher Übersetzung (2009). Digitized, lemmatized, and updated by Henry Heitmann-Gordon, 2016-19, for the Munich Open-access Cuneiform Corpus Initiative (MOCCI), a corpus-building initiative funded by LMU Munich and the Alexander von Humboldt Foundation (through the establishment of the Alexander von Humboldt Chair for Ancient History of the Near and Middle East) and based at the Historisches Seminar - Abteilung Alte Geschichte of Ludwig-Maximilians-Universität München. The annotated edition is released under the Creative Commons Attribution Share-Alike license 3.0. Please cite this page as http://oracc.org/ario/Q007231/.",
			"designation": "Xerxes  I 27",
			"display_name": "ARIo XSd",
			"dynastic_seat": "Persia",
			"genre": "Royal Inscription",
			"id_composite": "Q007231",
			"language": "Akkadian, Old Persian, Elamite",
			"period": "Achaemenid",
			"pleiades_id": "912936",
			"popular_name": "XSd",
			"primary_publication": "Xerxes  I 27",
			"provenience": "Susa",
			"ruler": "Xerxes I",
			"script": "Old Persian",
			"script_remarks": "inscribed",
			"script_type": "Cuneiform",
			"subgenre": "Xerxes I",
			"supergenre": "LIT"
		},
		"geometry": {
			"type": "Point",
			"coordinates": [48.257787,32.189217]
		}
	}, {
		"type": "Feature",
		"properties": {
			"credits": "Based on Brandenstein, Wilhelm, „Die neuen Achämenideninschriften&quot;, in: WZKM 39 (1932), 7-97. Digitized, lemmatized, and updated by Henry Heitmann-Gordon, 2016-19, for the Munich Open-access Cuneiform Corpus Initiative (MOCCI), a corpus-building initiative funded by LMU Munich and the Alexander von Humboldt Foundation (through the establishment of the Alexander von Humboldt Chair for Ancient History of the Near and Middle East) and based at the Historisches Seminar - Abteilung Alte Geschichte of Ludwig-Maximilians-Universität München. The annotated edition is released under the Creative Commons Attribution Share-Alike license 3.0. Please cite this page as http://oracc.org/ario/Q007232/.",
			"designation": "Xerxes  I 28",
			"display_name": "ARIo XSe",
			"dynastic_seat": "Persia",
			"genre": "Royal Inscription",
			"id_composite": "Q007232",
			"language": "Akkadian",
			"period": "Achaemenid",
			"pleiades_id": "912936",
			"popular_name": "XSe",
			"primary_publication": "Xerxes  I 28",
			"provenience": "Susa",
			"ruler": "Xerxes I",
			"script": "Old Persian",
			"script_remarks": "inscribed",
			"script_type": "Cuneiform",
			"subgenre": "Xerxes I",
			"supergenre": "LIT"
		},
		"geometry": {
			"type": "Point",
			"coordinates": [48.257787,32.189217]
		}
	}, {
		"type": "Feature",
		"properties": {
			"credits": "Based on Rüdiger Schmitt, Die altpersischen Inschriften der Achaimeniden: Editio minor mit deutscher Übersetzung (2009). Digitized, lemmatized, and updated by Henry Heitmann-Gordon, 2016-19, for the Munich Open-access Cuneiform Corpus Initiative (MOCCI), a corpus-building initiative funded by LMU Munich and the Alexander von Humboldt Foundation (through the establishment of the Alexander von Humboldt Chair for Ancient History of the Near and Middle East) and based at the Historisches Seminar - Abteilung Alte Geschichte of Ludwig-Maximilians-Universität München. The annotated edition is released under the Creative Commons Attribution Share-Alike license 3.0. Please cite this page as http://oracc.org/ario/Q007233/.",
			"designation": "Xerxes  I 29",
			"display_name": "ARIo XVa",
			"dynastic_seat": "Persia",
			"genre": "Royal Inscription",
			"id_composite": "Q007233",
			"language": "Akkadian, Old Persian, Elamite",
			"period": "Achaemenid",
			"pleiades_id": "874771",
			"popular_name": "XVa",
			"primary_publication": "Xerxes  I 29",
			"provenience": "Tushpa",
			"ruler": "Xerxes I",
			"script": "Old Persian",
			"script_remarks": "inscribed",
			"script_type": "Cuneiform",
			"subgenre": "Xerxes I",
			"supergenre": "LIT"
		},
		"geometry": {
			"type": "Point",
			"coordinates": [43.380000,38.494166]
		}
	}, {
		"type": "Feature",
		"properties": {
			"credits": "Based on Rüdiger Schmitt, Die altpersischen Inschriften der Achaimeniden: Editio minor mit deutscher Übersetzung (2009). Digitized, lemmatized, and updated by Henry Heitmann-Gordon, 2016-19, for the Munich Open-access Cuneiform Corpus Initiative (MOCCI), a corpus-building initiative funded by LMU Munich and the Alexander von Humboldt Foundation (through the establishment of the Alexander von Humboldt Chair for Ancient History of the Near and Middle East) and based at the Historisches Seminar - Abteilung Alte Geschichte of Ludwig-Maximilians-Universität München. The annotated edition is released under the Creative Commons Attribution Share-Alike license 3.0. Please cite this page as http://oracc.org/ario/Q007234/.",
			"designation": "Xerxes  I 30",
			"display_name": "ARIo VXa",
			"dynastic_seat": "Persia",
			"genre": "Royal Inscription",
			"id_composite": "Q007234",
			"language": "Akkadian, Old Persian, Elamite, Hieroglyphs",
			"period": "Achaemenid",
			"pleiades_id": "922698",
			"popular_name": "VXa",
			"primary_publication": "Xerxes  I 30",
			"provenience": "Persia",
			"ruler": "Xerxes I",
			"script": "Old Persian",
			"script_remarks": "inscribed",
			"script_type": "Cuneiform",
			"subgenre": "Xerxes I",
			"supergenre": "LIT"
		},
		"geometry": {
			"type": "Point",
			"coordinates": [51.5,30.5]
		}
	}, {
		"type": "Feature",
		"properties": {
			"credits": "Based on Georges Posener, La Première Domination Perse en Égypte (1936). Digitized, lemmatized, and updated by Henry Heitmann-Gordon, 2016-19, for the Munich Open-access Cuneiform Corpus Initiative (MOCCI), a corpus-building initiative funded by LMU Munich and the Alexander von Humboldt Foundation (through the establishment of the Alexander von Humboldt Chair for Ancient History of the Near and Middle East) and based at the Historisches Seminar - Abteilung Alte Geschichte of Ludwig-Maximilians-Universität München. The annotated edition is released under the Creative Commons Attribution Share-Alike license 3.0. Please cite this page as http://oracc.org/ario/Q007235/.",
			"designation": "Xerxes  I 31",
			"display_name": "ARIo VXb",
			"dynastic_seat": "Persia",
			"genre": "Royal Inscription",
			"id_composite": "Q007235",
			"language": "Akkadian, Old Persian, Elamite, Hieroglyphs",
			"period": "Achaemenid",
			"pleiades_id": "912936",
			"popular_name": "VXb",
			"primary_publication": "Xerxes  I 31",
			"provenience": "Susa",
			"ruler": "Xerxes I",
			"script": "Old Persian",
			"script_remarks": "inscribed",
			"script_type": "Cuneiform",
			"subgenre": "Xerxes I",
			"supergenre": "LIT"
		},
		"geometry": {
			"type": "Point",
			"coordinates": [48.257787,32.189217]
		}
	}, {
		"type": "Feature",
		"properties": {
			"credits": "Based on Georges Posener, La Première Domination Perse en Égypte (1936). Digitized, lemmatized, and updated by Henry Heitmann-Gordon, 2016-19, for the Munich Open-access Cuneiform Corpus Initiative (MOCCI), a corpus-building initiative funded by LMU Munich and the Alexander von Humboldt Foundation (through the establishment of the Alexander von Humboldt Chair for Ancient History of the Near and Middle East) and based at the Historisches Seminar - Abteilung Alte Geschichte of Ludwig-Maximilians-Universität München. The annotated edition is released under the Creative Commons Attribution Share-Alike license 3.0. Please cite this page as http://oracc.org/ario/Q007236/.",
			"designation": "Xerxes  I 32",
			"display_name": "ARIo VXc",
			"dynastic_seat": "Persia",
			"genre": "Royal Inscription",
			"id_composite": "Q007236",
			"language": "Akkadian, Old Persian, Elamite, Hieroglyphs",
			"period": "Achaemenid",
			"pleiades_id": "912936",
			"popular_name": "VXc",
			"primary_publication": "Xerxes  I 32",
			"provenience": "Susa",
			"ruler": "Xerxes I",
			"script": "Old Persian",
			"script_remarks": "inscribed",
			"script_type": "Cuneiform",
			"subgenre": "Xerxes I",
			"supergenre": "LIT"
		},
		"geometry": {
			"type": "Point",
			"coordinates": [48.257787,32.189217]
		}
	}, {
		"type": "Feature",
		"properties": {
			"credits": "Based on Georges Posener, La Première Domination Perse en Égypte (1936). Digitized, lemmatized, and updated by Henry Heitmann-Gordon, 2016-19, for the Munich Open-access Cuneiform Corpus Initiative (MOCCI), a corpus-building initiative funded by LMU Munich and the Alexander von Humboldt Foundation (through the establishment of the Alexander von Humboldt Chair for Ancient History of the Near and Middle East) and based at the Historisches Seminar - Abteilung Alte Geschichte of Ludwig-Maximilians-Universität München. The annotated edition is released under the Creative Commons Attribution Share-Alike license 3.0. Please cite this page as http://oracc.org/ario/Q007237/.",
			"designation": "Xerxes  I 33",
			"display_name": "ARIo VXd",
			"dynastic_seat": "Persia",
			"genre": "Royal Inscription",
			"id_composite": "Q007237",
			"language": "Akkadian, Old Persian, Elamite, Hieroglyphs",
			"period": "Achaemenid",
			"pleiades_id": "912936",
			"popular_name": "VXd",
			"primary_publication": "Xerxes  I 33",
			"provenience": "Susa",
			"ruler": "Xerxes I",
			"script": "Old Persian",
			"script_remarks": "inscribed",
			"script_type": "Cuneiform",
			"subgenre": "Xerxes I",
			"supergenre": "LIT"
		},
		"geometry": {
			"type": "Point",
			"coordinates": [48.257787,32.189217]
		}
	}, {
		"type": "Feature",
		"properties": {
			"credits": "Based on Georges Posener, La Première Domination Perse en Égypte (1936). Digitized, lemmatized, and updated by Henry Heitmann-Gordon, 2016-19, for the Munich Open-access Cuneiform Corpus Initiative (MOCCI), a corpus-building initiative funded by LMU Munich and the Alexander von Humboldt Foundation (through the establishment of the Alexander von Humboldt Chair for Ancient History of the Near and Middle East) and based at the Historisches Seminar - Abteilung Alte Geschichte of Ludwig-Maximilians-Universität München. The annotated edition is released under the Creative Commons Attribution Share-Alike license 3.0. Please cite this page as http://oracc.org/ario/Q007238/.",
			"designation": "Xerxes  I 34",
			"display_name": "ARIo VXe",
			"dynastic_seat": "Persia",
			"genre": "Royal Inscription",
			"id_composite": "Q007238",
			"language": "Akkadian, Old Persian, Elamite, Hieroglyphs",
			"period": "Achaemenid",
			"pleiades_id": "912936",
			"popular_name": "VXe",
			"primary_publication": "Xerxes  I 34",
			"provenience": "Susa",
			"ruler": "Xerxes I",
			"script": "Old Persian",
			"script_remarks": "inscribed",
			"script_type": "Cuneiform",
			"subgenre": "Xerxes I",
			"supergenre": "LIT"
		},
		"geometry": {
			"type": "Point",
			"coordinates": [48.257787,32.189217]
		}
	}, {
		"type": "Feature",
		"properties": {
			"credits": "Based on Rüdiger Schmitt, Die altpersischen Inschriften der Achaimeniden: Editio minor mit deutscher Übersetzung (2009). Digitized, lemmatized, and updated by Henry Heitmann-Gordon, 2016-19, for the Munich Open-access Cuneiform Corpus Initiative (MOCCI), a corpus-building initiative funded by LMU Munich and the Alexander von Humboldt Foundation (through the establishment of the Alexander von Humboldt Chair for Ancient History of the Near and Middle East) and based at the Historisches Seminar - Abteilung Alte Geschichte of Ludwig-Maximilians-Universität München. The annotated edition is released under the Creative Commons Attribution Share-Alike license 3.0. Please cite this page as http://oracc.org/ario/Q007239/.",
			"designation": "Xerxes  I 35",
			"display_name": "ARIo VXf",
			"dynastic_seat": "Persia",
			"genre": "Royal Inscription",
			"id_composite": "Q007239",
			"language": "Akkadian, Old Persian, Elamite",
			"period": "Achaemenid",
			"pleiades_id": "903021",
			"popular_name": "VXf",
			"primary_publication": "Xerxes  I 35",
			"provenience": "Ecbatana",
			"ruler": "Xerxes I",
			"script": "Old Persian",
			"script_remarks": "inscribed",
			"script_type": "Cuneiform",
			"subgenre": "Xerxes I",
			"supergenre": "LIT"
		},
		"geometry": {
			"type": "Point",
			"coordinates": [48.512209,34.799294]
		}
	}, {
		"type": "Feature",
		"properties": {
			"credits": "Based on Brandenstein, Wilhelm, „Die neuen Achämenideninschriften&quot;, in: WZKM 39 (1932), 7-97. Digitized, lemmatized, and updated by Henry Heitmann-Gordon, 2016-19, for the Munich Open-access Cuneiform Corpus Initiative (MOCCI), a corpus-building initiative funded by LMU Munich and the Alexander von Humboldt Foundation (through the establishment of the Alexander von Humboldt Chair for Ancient History of the Near and Middle East) and based at the Historisches Seminar - Abteilung Alte Geschichte of Ludwig-Maximilians-Universität München. The annotated edition is released under the Creative Commons Attribution Share-Alike license 3.0. Please cite this page as http://oracc.org/ario/Q007240/.",
			"designation": "Xerxes  I 36",
			"display_name": "ARIo VXg",
			"dynastic_seat": "Persia",
			"genre": "Royal Inscription",
			"id_composite": "Q007240",
			"language": "Old Persian",
			"period": "Achaemenid",
			"pleiades_id": "903021",
			"popular_name": "VXg",
			"primary_publication": "Xerxes  I 36",
			"provenience": "Ecbatana",
			"ruler": "Xerxes I",
			"script": "Old Persian",
			"script_remarks": "inscribed",
			"script_type": "Cuneiform",
			"subgenre": "Xerxes I",
			"supergenre": "LIT"
		},
		"geometry": {
			"type": "Point",
			"coordinates": [48.512209,34.799294]
		}
	}, {
		"type": "Feature",
		"properties": {
			"credits": "Based on Rüdiger Schmitt, Die altpersischen Inschriften der Achaimeniden: Editio minor mit deutscher Übersetzung (2009). Digitized, lemmatized, and updated by Henry Heitmann-Gordon, 2016-19, for the Munich Open-access Cuneiform Corpus Initiative (MOCCI), a corpus-building initiative funded by LMU Munich and the Alexander von Humboldt Foundation (through the establishment of the Alexander von Humboldt Chair for Ancient History of the Near and Middle East) and based at the Historisches Seminar - Abteilung Alte Geschichte of Ludwig-Maximilians-Universität München. The annotated edition is released under the Creative Commons Attribution Share-Alike license 3.0. Please cite this page as http://oracc.org/ario/Q007241/.",
			"designation": "Xerxes  I 37",
			"display_name": "ARIo VXh",
			"dynastic_seat": "Persia",
			"genre": "Royal Inscription",
			"id_composite": "Q007241",
			"language": "Akkadian, Old Persian, Elamite",
			"period": "Achaemenid",
			"pleiades_id": "922698",
			"popular_name": "VXh",
			"primary_publication": "Xerxes  I 37",
			"provenience": "Uruk",
			"ruler": "Xerxes I",
			"script": "Old Persian",
			"script_remarks": "inscribed",
			"script_type": "Cuneiform",
			"subgenre": "Xerxes I",
			"supergenre": "LIT"
		},
		"geometry": {
			"type": "Point",
			"coordinates": [45.638752,31.32446]
		}
	}, {
		"type": "Feature",
		"properties": {
			"credits": "Based on Rüdiger Schmitt, Die altpersischen Inschriften der Achaimeniden: Editio minor mit deutscher Übersetzung (2009). Digitized, lemmatized, and updated by Henry Heitmann-Gordon, 2016-19, for the Munich Open-access Cuneiform Corpus Initiative (MOCCI), a corpus-building initiative funded by LMU Munich and the Alexander von Humboldt Foundation (through the establishment of the Alexander von Humboldt Chair for Ancient History of the Near and Middle East) and based at the Historisches Seminar - Abteilung Alte Geschichte of Ludwig-Maximilians-Universität München. The annotated edition is released under the Creative Commons Attribution Share-Alike license 3.0. Please cite this page as http://oracc.org/ario/Q007242/.",
			"designation": "Xerxes  I 38",
			"display_name": "ARIo VXi",
			"dynastic_seat": "Persia",
			"genre": "Royal Inscription",
			"id_composite": "Q007242",
			"language": "Akkadian, Old Persian, Elamite, Hieroglyphs",
			"period": "Achaemenid",
			"pleiades_id": "922695",
			"popular_name": "VXi",
			"primary_publication": "Xerxes  I 38",
			"provenience": "Persepolis",
			"ruler": "Xerxes I",
			"script": "Old Persian",
			"script_remarks": "inscribed",
			"script_type": "Cuneiform",
			"subgenre": "Xerxes I",
			"supergenre": "LIT"
		},
		"geometry": {
			"type": "Point",
			"coordinates": [52.889437,29.9353403333]
		}
	}, {
		"type": "Feature",
		"properties": {
			"credits": "Based on Rüdiger Schmitt, Die altpersischen Inschriften der Achaimeniden: Editio minor mit deutscher Übersetzung (2009). Digitized, lemmatized, and updated by Henry Heitmann-Gordon, 2016-19, for the Munich Open-access Cuneiform Corpus Initiative (MOCCI), a corpus-building initiative funded by LMU Munich and the Alexander von Humboldt Foundation (through the establishment of the Alexander von Humboldt Chair for Ancient History of the Near and Middle East) and based at the Historisches Seminar - Abteilung Alte Geschichte of Ludwig-Maximilians-Universität München. The annotated edition is released under the Creative Commons Attribution Share-Alike license 3.0. Please cite this page as http://oracc.org/ario/Q007243/.",
			"designation": "Xerxes  I 39",
			"display_name": "ARIo VXj",
			"dynastic_seat": "Persia",
			"genre": "Royal Inscription",
			"id_composite": "Q007243",
			"language": "Akkadian, Old Persian, Elamite, Hieroglyphs",
			"period": "Achaemenid",
			"pleiades_id": "922695",
			"popular_name": "VXj",
			"primary_publication": "Xerxes  I 39",
			"provenience": "Persepolis",
			"ruler": "Xerxes I",
			"script": "Old Persian",
			"script_remarks": "inscribed",
			"script_type": "Cuneiform",
			"subgenre": "Xerxes I",
			"supergenre": "LIT"
		},
		"geometry": {
			"type": "Point",
			"coordinates": [52.889437,29.9353403333]
		}
	}, {
		"type": "Feature",
		"properties": {
			"credits": "Based on Rüdiger Schmitt, Die altpersischen Inschriften der Achaimeniden: Editio minor mit deutscher Übersetzung (2009). Digitized, lemmatized, and updated by Henry Heitmann-Gordon, 2016-19, for the Munich Open-access Cuneiform Corpus Initiative (MOCCI), a corpus-building initiative funded by LMU Munich and the Alexander von Humboldt Foundation (through the establishment of the Alexander von Humboldt Chair for Ancient History of the Near and Middle East) and based at the Historisches Seminar - Abteilung Alte Geschichte of Ludwig-Maximilians-Universität München. The annotated edition is released under the Creative Commons Attribution Share-Alike license 3.0. Please cite this page as http://oracc.org/ario/Q007244/.",
			"designation": "Xerxes  I 40",
			"display_name": "ARIo VXk",
			"dynastic_seat": "Persia",
			"genre": "Royal Inscription",
			"id_composite": "Q007244",
			"language": "Akkadian, Old Persian, Elamite, Hieroglyphs",
			"period": "Achaemenid",
			"pleiades_id": "922695",
			"popular_name": "VXk",
			"primary_publication": "Xerxes  I 40",
			"provenience": "Persepolis",
			"ruler": "Xerxes I",
			"script": "Old Persian",
			"script_remarks": "inscribed",
			"script_type": "Cuneiform",
			"subgenre": "Xerxes I",
			"supergenre": "LIT"
		},
		"geometry": {
			"type": "Point",
			"coordinates": [52.889437,29.9353403333]
		}
	}, {
		"type": "Feature",
		"properties": {
			"credits": "Based on Rüdiger Schmitt, Die altpersischen Inschriften der Achaimeniden: Editio minor mit deutscher Übersetzung (2009). Digitized, lemmatized, and updated by Henry Heitmann-Gordon, 2016-19, for the Munich Open-access Cuneiform Corpus Initiative (MOCCI), a corpus-building initiative funded by LMU Munich and the Alexander von Humboldt Foundation (through the establishment of the Alexander von Humboldt Chair for Ancient History of the Near and Middle East) and based at the Historisches Seminar - Abteilung Alte Geschichte of Ludwig-Maximilians-Universität München. The annotated edition is released under the Creative Commons Attribution Share-Alike license 3.0. Please cite this page as http://oracc.org/ario/Q007245/.",
			"designation": "Xerxes  I 41",
			"display_name": "ARIo VXl",
			"dynastic_seat": "Persia",
			"genre": "Royal Inscription",
			"id_composite": "Q007245",
			"language": "Akkadian, Old Persian, Elamite, Hieroglyphs",
			"period": "Achaemenid",
			"pleiades_id": "922695",
			"popular_name": "VXl",
			"primary_publication": "Xerxes  I 41",
			"provenience": "Persepolis",
			"ruler": "Xerxes I",
			"script": "Old Persian",
			"script_remarks": "inscribed",
			"script_type": "Cuneiform",
			"subgenre": "Xerxes I",
			"supergenre": "LIT"
		},
		"geometry": {
			"type": "Point",
			"coordinates": [52.889437,29.9353403333]
		}
	}, {
		"type": "Feature",
		"properties": {
			"credits": "Based on Rüdiger Schmitt, Die altpersischen Inschriften der Achaimeniden: Editio minor mit deutscher Übersetzung (2009). Digitized, lemmatized, and updated by Henry Heitmann-Gordon, 2016-19, for the Munich Open-access Cuneiform Corpus Initiative (MOCCI), a corpus-building initiative funded by LMU Munich and the Alexander von Humboldt Foundation (through the establishment of the Alexander von Humboldt Chair for Ancient History of the Near and Middle East) and based at the Historisches Seminar - Abteilung Alte Geschichte of Ludwig-Maximilians-Universität München. The annotated edition is released under the Creative Commons Attribution Share-Alike license 3.0. Please cite this page as http://oracc.org/ario/Q007246/.",
			"designation": "Xerxes  I 42",
			"display_name": "ARIo VXm",
			"dynastic_seat": "Persia",
			"genre": "Royal Inscription",
			"id_composite": "Q007246",
			"language": "Akkadian, Old Persian, Elamite, Hieroglyphs",
			"period": "Achaemenid",
			"pleiades_id": "922695",
			"popular_name": "VXm",
			"primary_publication": "Xerxes  I 42",
			"provenience": "Persepolis",
			"ruler": "Xerxes I",
			"script": "Old Persian",
			"script_remarks": "inscribed",
			"script_type": "Cuneiform",
			"subgenre": "Xerxes I",
			"supergenre": "LIT"
		},
		"geometry": {
			"type": "Point",
			"coordinates": [52.889437,29.9353403333]
		}
	}, {
		"type": "Feature",
		"properties": {
			"credits": "Based on Rüdiger Schmitt, Die altpersischen Inschriften der Achaimeniden: Editio minor mit deutscher Übersetzung (2009). Digitized, lemmatized, and updated by Henry Heitmann-Gordon, 2016-19, for the Munich Open-access Cuneiform Corpus Initiative (MOCCI), a corpus-building initiative funded by LMU Munich and the Alexander von Humboldt Foundation (through the establishment of the Alexander von Humboldt Chair for Ancient History of the Near and Middle East) and based at the Historisches Seminar - Abteilung Alte Geschichte of Ludwig-Maximilians-Universität München. The annotated edition is released under the Creative Commons Attribution Share-Alike license 3.0. Please cite this page as http://oracc.org/ario/Q007247/.",
			"designation": "Xerxes  I 43",
			"display_name": "ARIo VXn",
			"dynastic_seat": "Persia",
			"genre": "Royal Inscription",
			"id_composite": "Q007247",
			"language": "Akkadian, Old Persian, Elamite, Hieroglyphs",
			"period": "Achaemenid",
			"pleiades_id": "922695",
			"popular_name": "VXn",
			"primary_publication": "Xerxes  I 43",
			"provenience": "Persepolis",
			"ruler": "Xerxes I",
			"script": "Old Persian",
			"script_remarks": "inscribed",
			"script_type": "Cuneiform",
			"subgenre": "Xerxes I",
			"supergenre": "LIT"
		},
		"geometry": {
			"type": "Point",
			"coordinates": [52.889437,29.9353403333]
		}
	}, {
		"type": "Feature",
		"properties": {
			"credits": "Based on Rüdiger Schmitt, Die altpersischen Inschriften der Achaimeniden: Editio minor mit deutscher Übersetzung (2009). Digitized, lemmatized, and updated by Henry Heitmann-Gordon, 2016-19, for the Munich Open-access Cuneiform Corpus Initiative (MOCCI), a corpus-building initiative funded by LMU Munich and the Alexander von Humboldt Foundation (through the establishment of the Alexander von Humboldt Chair for Ancient History of the Near and Middle East) and based at the Historisches Seminar - Abteilung Alte Geschichte of Ludwig-Maximilians-Universität München. The annotated edition is released under the Creative Commons Attribution Share-Alike license 3.0. Please cite this page as http://oracc.org/ario/Q007248/.",
			"designation": "Xerxes  I 44",
			"display_name": "ARIo VXo",
			"dynastic_seat": "Persia",
			"genre": "Royal Inscription",
			"id_composite": "Q007248",
			"language": "Akkadian, Old Persian, Elamite, Hieroglyphs",
			"period": "Achaemenid",
			"pleiades_id": "922695",
			"popular_name": "VXo",
			"primary_publication": "Xerxes  I 44",
			"provenience": "Persepolis",
			"ruler": "Xerxes I",
			"script": "Old Persian",
			"script_remarks": "inscribed",
			"script_type": "Cuneiform",
			"subgenre": "Xerxes I",
			"supergenre": "LIT"
		},
		"geometry": {
			"type": "Point",
			"coordinates": [52.889437,29.9353403333]
		}
	}, {
		"type": "Feature",
		"properties": {
			"credits": "Based on Rüdiger Schmitt, Die altpersischen Inschriften der Achaimeniden: Editio minor mit deutscher Übersetzung (2009). Digitized, lemmatized, and updated by Henry Heitmann-Gordon, 2016-19, for the Munich Open-access Cuneiform Corpus Initiative (MOCCI), a corpus-building initiative funded by LMU Munich and the Alexander von Humboldt Foundation (through the establishment of the Alexander von Humboldt Chair for Ancient History of the Near and Middle East) and based at the Historisches Seminar - Abteilung Alte Geschichte of Ludwig-Maximilians-Universität München. The annotated edition is released under the Creative Commons Attribution Share-Alike license 3.0. Please cite this page as http://oracc.org/ario/Q007249/.",
			"designation": "Xerxes  I 45",
			"display_name": "ARIo VXp",
			"dynastic_seat": "Persia",
			"genre": "Royal Inscription",
			"id_composite": "Q007249",
			"language": "Akkadian, Elamite, Old Persian, Hieroglyphs",
			"period": "Achaemenid",
			"pleiades_id": "922695",
			"popular_name": "VXp",
			"primary_publication": "Xerxes  I 45",
			"provenience": "Persepolis",
			"ruler": "Xerxes I",
			"script": "Old Persian",
			"script_remarks": "inscribed",
			"script_type": "Cuneiform",
			"subgenre": "Xerxes I",
			"supergenre": "LIT"
		},
		"geometry": {
			"type": "Point",
			"coordinates": [52.889437,29.9353403333]
		}
	}, {
		"type": "Feature",
		"properties": {
			"credits": "Based on Rüdiger Schmitt, Die altpersischen Inschriften der Achaimeniden: Editio minor mit deutscher Übersetzung (2009).  Digitized, lemmatized, and updated by Henry Heitmann-Gordon, 2016-19, for the Munich Open-access Cuneiform Corpus Initiative (MOCCI), a corpus-building initiative funded by LMU Munich and the Alexander von Humboldt Foundation (through the establishment of the Alexander von Humboldt Chair for Ancient History of the Near and Middle East) and based at the Historisches Seminar - Abteilung Alte Geschichte of Ludwig-Maximilians-Universität München. The annotated edition is released under the Creative Commons Attribution Share-Alike license 3.0. Please cite this page as http://oracc.org/ario/Q009262/.",
			"designation": "Xerxes  I 46",
			"display_name": "ARIo VXr",
			"dynastic_seat": "Persia",
			"genre": "Royal Inscription",
			"id_composite": "Q009262",
			"language": "Akkadian, Elamite, Old Persian, Hieroglyphs?",
			"period": "Achaemenid",
			"pleiades_id": "912936",
			"popular_name": "VXr",
			"primary_publication": "Xerxes  I 46",
			"provenience": "Susa",
			"ruler": "Xerxes I",
			"script": "Old Persian",
			"script_remarks": "inscribed",
			"script_type": "Cuneiform",
			"subgenre": "Xerxes I",
			"supergenre": "LIT"
		},
		"geometry": {
			"type": "Point",
			"coordinates": [48.257787,32.189217]
		}
	}, {
		"type": "Feature",
		"properties": {
			"credits": "Based on Rüdiger Schmitt, Altpersische Siegel-Inschriften (1981).  Digitized, lemmatized, and updated by Henry Heitmann-Gordon, 2016-19, for the Munich Open-access Cuneiform Corpus Initiative (MOCCI), a corpus-building initiative funded by LMU Munich and the Alexander von Humboldt Foundation (through the establishment of the Alexander von Humboldt Chair for Ancient History of the Near and Middle East) and based at the Historisches Seminar - Abteilung Alte Geschichte of Ludwig-Maximilians-Universität München. The annotated edition is released under the Creative Commons Attribution Share-Alike license 3.0. Please cite this page as http://oracc.org/ario/Q009264/.",
			"designation": "Xerxes  I 48",
			"display_name": "ARIo SXb",
			"dynastic_seat": "Persia",
			"genre": "Administrative",
			"id_composite": "Q009264",
			"language": "Old Persian",
			"period": "Achaemenid",
			"pleiades_id": "922698",
			"popular_name": "SXb",
			"primary_publication": "Xerxes  I 48",
			"provenience": "Persia",
			"ruler": "Xerxes I",
			"script": "Old Persian",
			"script_remarks": "inscribed",
			"script_type": "Cuneiform",
			"subgenre": "Xerxes I",
			"supergenre": "ELA"
		},
		"geometry": {
			"type": "Point",
			"coordinates": [51.5,30.5]
		}
	}, {
		"type": "Feature",
		"properties": {
			"credits": "Based on Rüdiger Schmitt, Altpersische Siegel-Inschriften (1981).  Digitized, lemmatized, and updated by Henry Heitmann-Gordon, 2016-19, for the Munich Open-access Cuneiform Corpus Initiative (MOCCI), a corpus-building initiative funded by LMU Munich and the Alexander von Humboldt Foundation (through the establishment of the Alexander von Humboldt Chair for Ancient History of the Near and Middle East) and based at the Historisches Seminar - Abteilung Alte Geschichte of Ludwig-Maximilians-Universität München. The annotated edition is released under the Creative Commons Attribution Share-Alike license 3.0. Please cite this page as http://oracc.org/ario/Q009263/.",
			"designation": "Xerxes  I 49",
			"display_name": "ARIo SXc",
			"dynastic_seat": "Persia",
			"genre": "Administrative",
			"id_composite": "Q009263",
			"language": "Old Persian",
			"period": "Achaemenid",
			"pleiades_id": "922698",
			"popular_name": "SXc",
			"primary_publication": "Xerxes  I 49",
			"provenience": "Persia",
			"ruler": "Xerxes I",
			"script": "Old Persian",
			"script_remarks": "inscribed",
			"script_type": "Cuneiform",
			"subgenre": "Xerxes I",
			"supergenre": "ELA"
		},
		"geometry": {
			"type": "Point",
			"coordinates": [51.5,30.5]
		}
	}, {
		"type": "Feature",
		"properties": {
			"credits": "Based on Rüdiger Schmitt, Altpersische Siegel-Inschriften (1981).  Digitized, lemmatized, and updated by Henry Heitmann-Gordon, 2016-19, for the Munich Open-access Cuneiform Corpus Initiative (MOCCI), a corpus-building initiative funded by LMU Munich and the Alexander von Humboldt Foundation (through the establishment of the Alexander von Humboldt Chair for Ancient History of the Near and Middle East) and based at the Historisches Seminar - Abteilung Alte Geschichte of Ludwig-Maximilians-Universität München. The annotated edition is released under the Creative Commons Attribution Share-Alike license 3.0. Please cite this page as http://oracc.org/ario/Q009266/.",
			"designation": "Xerxes  I 50",
			"display_name": "ARIo SXd",
			"dynastic_seat": "Persia",
			"genre": "Administrative",
			"id_composite": "Q009266",
			"language": "Akkadian, Elamite, Persian",
			"period": "Achaemenid",
			"pleiades_id": "922698",
			"popular_name": "SXd",
			"primary_publication": "Xerxes  I 50",
			"provenience": "Persia",
			"ruler": "Xerxes I",
			"script": "Old Persian",
			"script_remarks": "inscribed",
			"script_type": "Cuneiform",
			"subgenre": "Xerxes I",
			"supergenre": "ELA"
		},
		"geometry": {
			"type": "Point",
			"coordinates": [51.5,30.5]
		}
	}, {
		"type": "Feature",
		"properties": {
			"credits": "Based on Rüdiger Schmitt, Altpersische Siegel-Inschriften (1981).  Digitized, lemmatized, and updated by Henry Heitmann-Gordon, 2016-19, for the Munich Open-access Cuneiform Corpus Initiative (MOCCI), a corpus-building initiative funded by LMU Munich and the Alexander von Humboldt Foundation (through the establishment of the Alexander von Humboldt Chair for Ancient History of the Near and Middle East) and based at the Historisches Seminar - Abteilung Alte Geschichte of Ludwig-Maximilians-Universität München. The annotated edition is released under the Creative Commons Attribution Share-Alike license 3.0. Please cite this page as http://oracc.org/ario/Q009267/.",
			"designation": "Xerxes  I 51",
			"display_name": "ARIo SXe",
			"dynastic_seat": "Persia",
			"genre": "Administrative",
			"id_composite": "Q009267",
			"language": "Old Persian",
			"period": "Achaemenid",
			"pleiades_id": "922698",
			"popular_name": "SXe",
			"primary_publication": "Xerxes  I 51",
			"provenience": "Persia",
			"ruler": "Xerxes I",
			"script": "Old Persian",
			"script_remarks": "inscribed",
			"script_type": "Cuneiform",
			"subgenre": "Xerxes I",
			"supergenre": "ELA"
		},
		"geometry": {
			"type": "Point",
			"coordinates": [51.5,30.5]
		}
	}, {
		"type": "Feature",
		"properties": {
			"credits": "Based on Rüdiger Schmitt, Altpersische Siegel-Inschriften (1981).  Digitized, lemmatized, and updated by Henry Heitmann-Gordon, 2016-19, for the Munich Open-access Cuneiform Corpus Initiative (MOCCI), a corpus-building initiative funded by LMU Munich and the Alexander von Humboldt Foundation (through the establishment of the Alexander von Humboldt Chair for Ancient History of the Near and Middle East) and based at the Historisches Seminar - Abteilung Alte Geschichte of Ludwig-Maximilians-Universität München. The annotated edition is released under the Creative Commons Attribution Share-Alike license 3.0. Please cite this page as http://oracc.org/ario/Q009270/.",
			"designation": "Xerxes  I 52",
			"display_name": "ARIo SXf",
			"dynastic_seat": "Persia",
			"genre": "Administrative",
			"id_composite": "Q009270",
			"language": "Old Persian",
			"period": "Achaemenid",
			"pleiades_id": "511225",
			"popular_name": "SXf",
			"primary_publication": "Xerxes  I 52",
			"provenience": "Daskyleion",
			"ruler": "Xerxes I",
			"script": "Old Persian",
			"script_remarks": "inscribed",
			"script_type": "Cuneiform",
			"subgenre": "Xerxes I",
			"supergenre": "ELA"
		},
		"geometry": {
			"type": "Point",
			"coordinates": [28.062536,40.138708]
		}
	}, {
		"type": "Feature",
		"properties": {
			"credits": "Based on Rüdiger Schmitt, Altpersische Siegel-Inschriften (1981).  Digitized, lemmatized, and updated by Henry Heitmann-Gordon, 2016-19, for the Munich Open-access Cuneiform Corpus Initiative (MOCCI), a corpus-building initiative funded by LMU Munich and the Alexander von Humboldt Foundation (through the establishment of the Alexander von Humboldt Chair for Ancient History of the Near and Middle East) and based at the Historisches Seminar - Abteilung Alte Geschichte of Ludwig-Maximilians-Universität München. The annotated edition is released under the Creative Commons Attribution Share-Alike license 3.0. Please cite this page as http://oracc.org/ario/Q009271/.",
			"designation": "Xerxes  I 53",
			"display_name": "ARIo SXg",
			"dynastic_seat": "Persia",
			"genre": "Administrative",
			"id_composite": "Q009271",
			"language": "Akkadian, Old Persian",
			"period": "Achaemenid",
			"pleiades_id": "511225",
			"popular_name": "SXg",
			"primary_publication": "Xerxes  I 53",
			"provenience": "Daskyleion",
			"ruler": "Xerxes I",
			"script": "Old Persian",
			"script_remarks": "inscribed",
			"script_type": "Cuneiform",
			"subgenre": "Xerxes I",
			"supergenre": "ELA"
		},
		"geometry": {
			"type": "Point",
			"coordinates": [28.062536,40.138708]
		}
	}]
}
