{
	"type": "FeatureCollection",
	"features": [{
		"type": "Feature",
		"properties": {
			"id_text": "P223712",
			"author": "Gadd, Cyril J. and Legrain, Leon",
			"collection": "National Museum of Iraq, Baghdad, Iraq",
			"designation": "UET 1 153",
			"genre": "Royal/Monumental",
			"museum_no": "IM 000617",
			"object_remarks": "door socket",
			"period": "Middle Babylonian",
			"period_remarks": "Kassite",
			"primary_publication": "UET 1 153",
			"provenience": "Ur",
			"publication_date": "1928",
			"publication_history": "Brinkman MSKH 1, 222",
			"supergenre": "LIT",
			"xproject": "CDLI"
		},
		"geometry": {
			"type": "Point",
			"coordinates": [46.104748,30.961580]
		}
	}, {
		"type": "Feature",
		"properties": {
			"id_text": "P223713",
			"author": "Gadd, Cyril J. and Legrain, Leon",
			"collection": "National Museum of Iraq, Baghdad, Iraq",
			"designation": "UET 1 154",
			"genre": "Royal/Monumental",
			"museum_no": "IM 000677",
			"object_remarks": "door socket",
			"period": "Middle Babylonian",
			"period_remarks": "Kassite",
			"primary_publication": "UET 1 154",
			"provenience": "Ur",
			"publication_date": "1928",
			"publication_history": "Brinkman MSKH 1, 222",
			"supergenre": "LIT",
			"xproject": "CDLI"
		},
		"geometry": {
			"type": "Point",
			"coordinates": [46.104748,30.961580]
		}
	}, {
		"type": "Feature",
		"properties": {
			"id_text": "P223715",
			"author": "Gadd, Cyril J. and Legrain, Leon",
			"collection": "National Museum of Iraq, Baghdad, Iraq",
			"designation": "UET 1 152",
			"genre": "Royal/Monumental",
			"museum_no": "IM 000932",
			"object_remarks": "door socket",
			"period": "Middle Babylonian",
			"period_remarks": "Kassite",
			"primary_publication": "UET 1 152",
			"provenience": "Ur",
			"publication_date": "1928",
			"publication_history": "Brinkman MSKH 1, 222",
			"supergenre": "LIT",
			"xproject": "CDLI"
		},
		"geometry": {
			"type": "Point",
			"coordinates": [46.104748,30.961580]
		}
	}, {
		"type": "Feature",
		"properties": {
			"id_text": "P223716",
			"author": "Gadd, Cyril J. and Legrain, Leon",
			"collection": "National Museum of Iraq, Baghdad, Iraq",
			"designation": "UET 1 164",
			"genre": "Royal/Monumental",
			"museum_no": "IM 001002",
			"object_remarks": "stone tablet",
			"period": "Middle Babylonian",
			"period_remarks": "Kassite",
			"primary_publication": "UET 1 164",
			"provenience": "Ur",
			"publication_date": "1928",
			"publication_history": "Brinkman MSKH 1, 224",
			"supergenre": "LIT",
			"xproject": "CDLI"
		},
		"geometry": {
			"type": "Point",
			"coordinates": [46.104748,30.961580]
		}
	}, {
		"type": "Feature",
		"properties": {
			"id_text": "P223729",
			"author": "Baqir, Taha",
			"collection": "National Museum of Iraq, Baghdad, Iraq",
			"designation": "Iraq Suppl. 1944, 14: 16",
			"genre": "Royal/Monumental",
			"museum_no": "IM 049998",
			"object_remarks": "door socket",
			"period": "Middle Babylonian",
			"period_remarks": "Kassite",
			"primary_publication": "Iraq Suppl. 1944, 14: 16",
			"provenience": "Dur-Kurigalzu",
			"publication_date": "1944",
			"publication_history": "Brinkman MSKH 1,219",
			"text_remarks": "Kurigalzu I",
			"supergenre": "LIT",
			"xproject": "CDLI"
		},
		"geometry": {
			"type": "Point",
			"coordinates": [44.201763,33.354401]
		}
	}, {
		"type": "Feature",
		"properties": {
			"id_text": "P223732",
			"author": "Baqir, Taha",
			"collection": "National Museum of Iraq, Baghdad, Iraq",
			"designation": "Iraq Suppl. 1944, 15: 18",
			"genre": "Royal/Monumental",
			"museum_no": "IM 050001",
			"object_remarks": "door socket",
			"period": "Middle Babylonian",
			"period_remarks": "Kassite",
			"primary_publication": "Iraq Suppl. 1944, 15: 18",
			"provenience": "Dur-Kurigalzu",
			"publication_date": "1944",
			"publication_history": "Brinkman MSKH 1, 221",
			"text_remarks": "Kurigalzu I",
			"supergenre": "LIT",
			"xproject": "CDLI"
		},
		"geometry": {
			"type": "Point",
			"coordinates": [44.201763,33.354401]
		}
	}, {
		"type": "Feature",
		"properties": {
			"id_text": "P223737",
			"author": "Baqir, Taha",
			"collection": "National Museum of Iraq, Baghdad, Iraq",
			"designation": "Iraq Suppl. 1944, 14: 17",
			"genre": "Royal/Monumental",
			"museum_no": "IM 050006",
			"object_remarks": "door socket",
			"period": "Middle Babylonian",
			"period_remarks": "Kassite",
			"primary_publication": "Iraq Suppl. 1944, 14: 17",
			"provenience": "Dur-Kurigalzu",
			"publication_date": "1944",
			"publication_history": "Brinkman MSKH 1, 220",
			"text_remarks": "Kurigalzu I",
			"supergenre": "LIT",
			"xproject": "CDLI"
		},
		"geometry": {
			"type": "Point",
			"coordinates": [44.201763,33.354401]
		}
	}, {
		"type": "Feature",
		"properties": {
			"id_text": "P223740",
			"author": "Kramer, Samuel N.; Baqir, Taha and Levy, S.J.",
			"collection": "National Museum of Iraq, Baghdad, Iraq",
			"designation": "Sumer 04, 1-38 A",
			"genre": "Royal/Monumental",
			"museum_no": "IM 050009",
			"object_remarks": "statue",
			"period": "Middle Babylonian",
			"period_remarks": "Kassite",
			"primary_publication": "Sumer 04, 1-38 A",
			"provenience": "Dur-Kurigalzu",
			"publication_date": "1948",
			"publication_history": "Brinkman MSKH 1, 210; Veldhuis, JCS 60 (2008) 25-51",
			"text_remarks": "Kurigalzu I",
			"supergenre": "LIT",
			"xproject": "CDLI"
		},
		"geometry": {
			"type": "Point",
			"coordinates": [44.201763,33.354401]
		}
	}, {
		"type": "Feature",
		"properties": {
			"id_text": "P223741",
			"author": "Kramer, Samuel N.; Baqir, Taha and Levy, S.J.",
			"collection": "National Museum of Iraq, Baghdad, Iraq",
			"designation": "Sumer 04, 1-38 C",
			"genre": "Royal/Monumental",
			"museum_no": "IM 050010",
			"object_remarks": "statue",
			"period": "Middle Babylonian",
			"period_remarks": "Kassite",
			"primary_publication": "Sumer 04, 1-38 C",
			"provenience": "Dur-Kurigalzu",
			"publication_date": "1948",
			"publication_history": "Brinkman MSKH 1, 210; Veldhuis, JCS 60 (2008) 25-51",
			"text_remarks": "Kurigalzu I",
			"supergenre": "LIT",
			"xproject": "CDLI"
		},
		"geometry": {
			"type": "Point",
			"coordinates": [44.201763,33.354401]
		}
	}, {
		"type": "Feature",
		"properties": {
			"id_text": "P223742",
			"author": "Kramer, Samuel N.; Baqir, Taha and Levy, S.J.",
			"collection": "National Museum of Iraq, Baghdad, Iraq",
			"designation": "Sumer 04, 1-38 D",
			"genre": "Royal/Monumental",
			"museum_no": "IM 050011",
			"object_remarks": "statue",
			"period": "Middle Babylonian",
			"period_remarks": "Kassite",
			"primary_publication": "Sumer 04, 1-38 D",
			"provenience": "Dur-Kurigalzu",
			"publication_date": "1948",
			"publication_history": "Brinkman MSKH 1, 210; Veldhuis, JCS 60 (2008) 25-51",
			"text_remarks": "Kurigalzu I",
			"supergenre": "LIT",
			"xproject": "CDLI"
		},
		"geometry": {
			"type": "Point",
			"coordinates": [44.201763,33.354401]
		}
	}, {
		"type": "Feature",
		"properties": {
			"id_text": "P223775",
			"author": "Baqir, Taha",
			"collection": "National Museum of Iraq, Baghdad, Iraq",
			"designation": "Iraq Suppl. 1945, 13",
			"genre": "Royal/Monumental",
			"museum_no": "IM 050114",
			"object_remarks": "mace head",
			"period": "Middle Babylonian",
			"period_remarks": "Kassite",
			"primary_publication": "Iraq Suppl. 1945, 13",
			"provenience": "Dur-Kurigalzu",
			"publication_date": "1945",
			"publication_history": "Brinkman MSKH 1, 245",
			"text_remarks": "Kurigalzu I",
			"supergenre": "LIT",
			"xproject": "CDLI"
		},
		"geometry": {
			"type": "Point",
			"coordinates": [44.201763,33.354401]
		}
	}, {
		"type": "Feature",
		"properties": {
			"id_text": "P223776",
			"author": "Kramer, Samuel N.; Baqir, Taha and Levy, S.J.",
			"collection": "National Museum of Iraq, Baghdad, Iraq",
			"designation": "Sumer 04, 1-38 B",
			"genre": "Royal/Monumental",
			"museum_no": "IM 050140",
			"object_remarks": "statue",
			"period": "Middle Babylonian",
			"period_remarks": "Kassite",
			"primary_publication": "Sumer 04, 1-38 B",
			"provenience": "Dur-Kurigalzu",
			"publication_date": "1948",
			"publication_history": "Brinkman MSKH 1, 211; Veldhuis, JCS 60 (2008) 25-51",
			"text_remarks": "Kurigalzu I",
			"supergenre": "LIT",
			"xproject": "CDLI"
		},
		"geometry": {
			"type": "Point",
			"coordinates": [44.201763,33.354401]
		}
	}, {
		"type": "Feature",
		"properties": {
			"id_text": "P223777",
			"author": "Baqir, Taha",
			"collection": "National Museum of Iraq, Baghdad, Iraq",
			"designation": "Iraq Suppl. 1945, Pl.8 Fig.9",
			"genre": "Royal/Monumental",
			"museum_no": "IM 050141",
			"object_remarks": "tablet",
			"object_type": "tablet",
			"period": "Middle Babylonian",
			"period_remarks": "Kassite",
			"primary_publication": "Iraq Suppl. 1945, Pl.8 Fig.9",
			"provenience": "Dur-Kurigalzu",
			"publication_date": "1945",
			"publication_history": "Brinkman MSKH 1, 221",
			"text_remarks": "Kurigalzu I",
			"supergenre": "LIT",
			"xproject": "CDLI"
		},
		"geometry": {
			"type": "Point",
			"coordinates": [44.201763,33.354401]
		}
	}, {
		"type": "Feature",
		"properties": {
			"id_text": "P223779",
			"author": "Baqir, Taha",
			"collection": "National Museum of Iraq, Baghdad, Iraq",
			"designation": "Iraq Suppl. 1945, Pl.5 Fig.6",
			"genre": "Royal/Monumental",
			"museum_no": "IM 050144",
			"object_remarks": "door socket",
			"period": "Middle Babylonian",
			"period_remarks": "Kassite",
			"primary_publication": "Iraq Suppl. 1945, Pl.5 Fig.6",
			"provenience": "Dur-Kurigalzu",
			"publication_date": "1945",
			"publication_history": "Brinkman MSKH 1, 220",
			"text_remarks": "Kurigalzu I",
			"supergenre": "LIT",
			"xproject": "CDLI"
		},
		"geometry": {
			"type": "Point",
			"coordinates": [44.201763,33.354401]
		}
	}, {
		"type": "Feature",
		"properties": {
			"id_text": "P223780",
			"author": "Baqir, Taha",
			"collection": "National Museum of Iraq, Baghdad, Iraq",
			"designation": "Iraq Suppl. 1945, Pl.4 Fig.5",
			"genre": "Royal/Monumental",
			"museum_no": "IM 050162",
			"object_remarks": "brick",
			"period": "Middle Babylonian",
			"period_remarks": "Kassite",
			"primary_publication": "Iraq Suppl. 1945, Pl.4 Fig.5",
			"provenience": "Dur-Kurigalzu",
			"publication_date": "1945",
			"publication_history": "Brinkman MSKH 1, 213",
			"text_remarks": "Kurigalzu I",
			"supergenre": "LIT",
			"xproject": "CDLI"
		},
		"geometry": {
			"type": "Point",
			"coordinates": [44.201763,33.354401]
		}
	}, {
		"type": "Feature",
		"properties": {
			"id_text": "P230847",
			"author": "Veldhuis, Niek",
			"collection": "University of Pennsylvania Museum of Archaeology and Anthropology, Philadelphia, Pennsylvania, USA",
			"designation": "JCS 52, 089 08",
			"genre": "School",
			"museum_no": "UM 29-13-542",
			"object_remarks": "pillow-shaped",
			"period": "Middle Babylonian",
			"period_remarks": "Kassite",
			"primary_publication": "JCS 52, 089 08",
			"provenience": "Nippur",
			"publication_date": "2000",
			"text_remarks": "omen",
			"supergenre": "LIT",
			"xproject": "CDLI"
		},
		"geometry": {
			"type": "Point",
			"coordinates": [45.230832,32.126944]
		}
	}, {
		"type": "Feature",
		"properties": {
			"id_text": "P250372",
			"author": "Veldhuis, Niek",
			"collection": "University of Pennsylvania Museum of Archaeology and Anthropology, Philadelphia, Pennsylvania, USA",
			"designation": "JCS 52, 094 UM 29-16-561",
			"genre": "School",
			"museum_no": "UM 29-16-561",
			"object_remarks": "pillow-shaped",
			"period": "Middle Babylonian",
			"period_remarks": "Kassite",
			"primary_publication": "JCS 52, 094 UM 29-16-561",
			"provenience": "Nippur",
			"publication_date": "2000",
			"text_remarks": "proverbs",
			"supergenre": "LIT",
			"xproject": "CDLI"
		},
		"geometry": {
			"type": "Point",
			"coordinates": [45.230832,32.126944]
		}
	}, {
		"type": "Feature",
		"properties": {
			"id_text": "P250384",
			"author": "Luckenbill, Daniel D.",
			"designation": "OIP 014, 044",
			"genre": "Royal/Monumental",
			"museum_no": "A 01138",
			"object_remarks": "brick",
			"period": "Middle Babylonian",
			"period_remarks": "Kassite",
			"primary_publication": "OIP 014, 044",
			"provenience": "Adab",
			"publication_date": "1930",
			"text_remarks": "Kurigalzu I",
			"thickness": "72",
			"width": "39",
			"supergenre": "LIT",
			"xproject": "CDLI"
		},
		"geometry": {
			"type": "Point",
			"coordinates": [45.6283350,31.9516440]
		}
	}, {
		"type": "Feature",
		"properties": {
			"id_text": "P250385",
			"author": "Luckenbill, Daniel D.",
			"designation": "OIP 014, 045",
			"genre": "Royal/Monumental",
			"museum_no": "A 01137",
			"object_remarks": "brick",
			"period": "Middle Babylonian",
			"period_remarks": "Kassite",
			"primary_publication": "OIP 014, 045",
			"provenience": "Adab",
			"publication_date": "1930",
			"text_remarks": "Kurigalzu I",
			"thickness": "64",
			"width": "68",
			"supergenre": "LIT",
			"xproject": "CDLI"
		},
		"geometry": {
			"type": "Point",
			"coordinates": [45.6283350,31.9516440]
		}
	}, {
		"type": "Feature",
		"properties": {
			"id_text": "P250386",
			"author": "Luckenbill, Daniel D.",
			"designation": "OIP 014, 046",
			"genre": "Royal/Monumental",
			"museum_no": "A 01139",
			"object_remarks": "brick",
			"period": "Middle Babylonian",
			"period_remarks": "Kassite",
			"primary_publication": "OIP 014, 046",
			"provenience": "Adab",
			"publication_date": "1930",
			"text_remarks": "Kurigalzu I",
			"thickness": "49",
			"width": "67",
			"supergenre": "LIT",
			"xproject": "CDLI"
		},
		"geometry": {
			"type": "Point",
			"coordinates": [45.6283350,31.9516440]
		}
	}, {
		"type": "Feature",
		"properties": {
			"id_text": "P250387",
			"author": "Luckenbill, Daniel D.",
			"designation": "OIP 014, 047",
			"genre": "Royal/Monumental",
			"museum_no": "A 01136",
			"object_remarks": "brick",
			"period": "Middle Babylonian",
			"period_remarks": "Kassite",
			"primary_publication": "OIP 014, 047",
			"provenience": "Adab",
			"publication_date": "1930",
			"text_remarks": "Kurigalzu I",
			"thickness": "76",
			"width": "38",
			"supergenre": "LIT",
			"xproject": "CDLI"
		},
		"geometry": {
			"type": "Point",
			"coordinates": [45.6283350,31.9516440]
		}
	}, {
		"type": "Feature",
		"properties": {
			"id_text": "P262966",
			"author": "Veldhuis, Niek",
			"collection": "University of Pennsylvania Museum of Archaeology and Anthropology, Philadelphia, Pennsylvania, USA",
			"designation": "JCS 52, 089 06",
			"genre": "School",
			"museum_no": "CBS 08039",
			"object_remarks": "pillow-shaped",
			"period": "Middle Babylonian",
			"period_remarks": "Kassite",
			"primary_publication": "JCS 52, 089 06",
			"provenience": "Nippur",
			"publication_date": "2000",
			"text_remarks": "literary",
			"supergenre": "LIT",
			"xproject": "CDLI"
		},
		"geometry": {
			"type": "Point",
			"coordinates": [45.230832,32.126944]
		}
	}, {
		"type": "Feature",
		"properties": {
			"id_text": "P263396",
			"author": "Hilprecht, Hermann V.",
			"collection": "University of Pennsylvania Museum of Archaeology and Anthropology, Philadelphia, Pennsylvania, USA",
			"designation": "BE 01/1 36, pl.11",
			"genre": "Royal/Monumental",
			"museum_no": "CBS 08599",
			"object_remarks": "block; lapis lazuli",
			"period": "Middle Babylonian",
			"period_remarks": "Kassite",
			"primary_publication": "BE 01/1 36, pl.11",
			"provenience": "Nippur",
			"publication_date": "1893",
			"publication_history": "Brinkman MSKH p.229; El-Wailly Sumer 10 p.48",
			"text_remarks": "Kurigalzu II",
			"supergenre": "LIT",
			"xproject": "CDLI"
		},
		"geometry": {
			"type": "Point",
			"coordinates": [45.230832,32.126944]
		}
	}, {
		"type": "Feature",
		"properties": {
			"id_text": "P263399",
			"author": "Hilprecht, Hermann V.",
			"collection": "University of Pennsylvania Museum of Archaeology and Anthropology, Philadelphia, Pennsylvania, USA",
			"designation": "BE 01/1 35",
			"genre": "Royal/Monumental",
			"museum_no": "CBS 08600a",
			"object_remarks": "object; feldspar",
			"period": "Middle Babylonian",
			"period_remarks": "Kassite",
			"primary_publication": "BE 01/1 35",
			"provenience": "Nippur",
			"publication_date": "1893",
			"publication_history": "TAPS 18,1",
			"text_remarks": "Kurigalzu II",
			"supergenre": "LIT",
			"xproject": "CDLI"
		},
		"geometry": {
			"type": "Point",
			"coordinates": [45.230832,32.126944]
		}
	}, {
		"type": "Feature",
		"properties": {
			"id_text": "P263436",
			"author": "Hilprecht, Hermann V.",
			"collection": "University of Pennsylvania Museum of Archaeology and Anthropology, Philadelphia, Pennsylvania, USA",
			"designation": "BE 01/1 38",
			"genre": "Royal/Monumental",
			"museum_no": "CBS 08636",
			"object_remarks": "brick",
			"period": "Middle Babylonian",
			"period_remarks": "Kassite",
			"primary_publication": "BE 01/1 38",
			"provenience": "Nippur",
			"publication_date": "1893",
			"publication_history": "Brinkman MSKH p.215; El-Wailly Sumer10 p.47; Jaritz MIO 6 p.101; Ebering RLA2 p.323",
			"supergenre": "LIT",
			"xproject": "CDLI"
		},
		"geometry": {
			"type": "Point",
			"coordinates": [45.230832,32.126944]
		}
	}, {
		"type": "Feature",
		"properties": {
			"id_text": "P263441",
			"author": "Hilprecht, Hermann V.",
			"collection": "University of Pennsylvania Museum of Archaeology and Anthropology, Philadelphia, Pennsylvania, USA",
			"designation": "BE 01/1 81",
			"excavation_no": "6N-T1133",
			"genre": "Royal/Monumental",
			"museum_no": "CBS 08643",
			"object_remarks": "brick",
			"period": "Middle Babylonian",
			"period_remarks": "Kassite",
			"primary_publication": "BE 01/1 81",
			"provenience": "Nippur",
			"publication_date": "1893",
			"publication_history": "Brinkman MSKH p.90; Behrens,JCS 37 49A",
			"text_remarks": "Adad-šuma-uṣur",
			"supergenre": "LIT",
			"xproject": "CDLI"
		},
		"geometry": {
			"type": "Point",
			"coordinates": [45.230832,32.126944]
		}
	}, {
		"type": "Feature",
		"properties": {
			"id_text": "P263450",
			"author": "Legrain, Leon",
			"collection": "University of Pennsylvania Museum of Archaeology and Anthropology, Philadelphia, Pennsylvania, USA",
			"designation": "PBS 15 58, pp.31-2",
			"genre": "Royal/Monumental",
			"museum_no": "CBS 08655",
			"object_remarks": "brick",
			"period": "Middle Babylonian",
			"period_remarks": "Kassite",
			"primary_publication": "PBS 15 58, pp.31-2",
			"provenience": "Nippur",
			"publication_date": "1926",
			"publication_history": "Brinkman MSKH p.131; El-Wailly Sumer10 p.51; Jaritz MIO 6 60; Behrens JCS 37 *",
			"supergenre": "LIT",
			"xproject": "CDLI"
		},
		"geometry": {
			"type": "Point",
			"coordinates": [45.230832,32.126944]
		}
	}, {
		"type": "Feature",
		"properties": {
			"id_text": "P263457",
			"author": "Hilprecht, Hermann V.",
			"collection": "University of Pennsylvania Museum of Archaeology and Anthropology, Philadelphia, Pennsylvania, USA",
			"designation": "BE 01/1 40",
			"genre": "Royal/Monumental",
			"museum_no": "CBS 08661a",
			"object_remarks": "axe; glass",
			"period": "Middle Babylonian",
			"period_remarks": "Kassite",
			"primary_publication": "BE 01/1 40",
			"provenience": "Nippur",
			"publication_date": "1893",
			"publication_history": "Brinkman MSKH p.224; Jaritz MIO 6 112; El-Wailly, Sumer 10 p.48; Clayden ZOrA 4 (2011), 104.",
			"text_remarks": "Kurigalzu II",
			"supergenre": "LIT",
			"xproject": "CDLI"
		},
		"geometry": {
			"type": "Point",
			"coordinates": [45.230832,32.126944]
		}
	}, {
		"type": "Feature",
		"properties": {
			"id_text": "P263462",
			"author": "Hilprecht, Hermann V.",
			"collection": "University of Pennsylvania Museum of Archaeology and Anthropology, Philadelphia, Pennsylvania, USA",
			"designation": "BE 01/1 44",
			"genre": "Royal/Monumental",
			"join_information": "CBS 08669a?",
			"museum_no": "CBS 08664a+",
			"object_remarks": "tablet",
			"object_type": "tablet",
			"period": "Middle Babylonian",
			"period_remarks": "Kassite",
			"primary_publication": "BE 01/1 44",
			"provenience": "Nippur",
			"publication_date": "1893",
			"publication_history": "Brinkman MSKH p.223; Jaritz MIO 6 116; El-Wailly, Sumer 10 p.48",
			"supergenre": "LIT",
			"xproject": "CDLI"
		},
		"geometry": {
			"type": "Point",
			"coordinates": [45.230832,32.126944]
		}
	}, {
		"type": "Feature",
		"properties": {
			"id_text": "P263464",
			"author": "Hilprecht, Hermann V.",
			"collection": "University of Pennsylvania Museum of Archaeology and Anthropology, Philadelphia, Pennsylvania, USA",
			"designation": "BE 01/1 45",
			"genre": "Royal/Monumental",
			"museum_no": "CBS 08665a",
			"object_remarks": "tablet; lapis lazuli",
			"object_type": "tablet",
			"period": "Middle Babylonian",
			"period_remarks": "Kassite",
			"primary_publication": "BE 01/1 45",
			"provenience": "Nippur",
			"publication_date": "1893",
			"publication_history": "Brinkman MSKH p.223; Jaritz MIO 6 117; El-Wailly, Sumer10 p.48",
			"text_remarks": "Kurigalzu",
			"supergenre": "LIT",
			"xproject": "CDLI"
		},
		"geometry": {
			"type": "Point",
			"coordinates": [45.230832,32.126944]
		}
	}, {
		"type": "Feature",
		"properties": {
			"id_text": "P263468",
			"author": "Hilprecht, Hermann V.",
			"collection": "University of Pennsylvania Museum of Archaeology and Anthropology, Philadelphia, Pennsylvania, USA",
			"designation": "BE 01/1 47",
			"genre": "Royal/Monumental",
			"museum_no": "CBS 08667a",
			"object_remarks": "tablet",
			"object_type": "tablet",
			"period": "Middle Babylonian",
			"period_remarks": "Kassite",
			"primary_publication": "BE 01/1 47",
			"provenience": "Nippur",
			"publication_date": "1893",
			"publication_history": "Brinkman MSKH p.222; Jaritz MIO 6 118; El-Wailly, Sumer 10 p.48",
			"supergenre": "LIT",
			"xproject": "CDLI"
		},
		"geometry": {
			"type": "Point",
			"coordinates": [45.230832,32.126944]
		}
	}, {
		"type": "Feature",
		"properties": {
			"id_text": "P263470",
			"author": "Hilprecht, Hermann V.",
			"collection": "University of Pennsylvania Museum of Archaeology and Anthropology, Philadelphia, Pennsylvania, USA",
			"designation": "BE 01/1 48",
			"genre": "Royal/Monumental",
			"museum_no": "CBS 08668a",
			"object_remarks": "tablet",
			"object_type": "tablet",
			"period": "Middle Babylonian",
			"period_remarks": "Kassite",
			"primary_publication": "BE 01/1 48",
			"provenience": "Nippur",
			"publication_date": "1893",
			"publication_history": "Brinkman MSKH p.223; Jaritz MIO 6 119; El-Wailly, Sumer 10 p.48",
			"supergenre": "LIT",
			"xproject": "CDLI"
		},
		"geometry": {
			"type": "Point",
			"coordinates": [45.230832,32.126944]
		}
	}, {
		"type": "Feature",
		"properties": {
			"id_text": "P263472",
			"author": "Hilprecht, Hermann V.",
			"collection": "University of Pennsylvania Museum of Archaeology and Anthropology, Philadelphia, Pennsylvania, USA",
			"designation": "BE 01/1 50",
			"genre": "Royal/Monumental",
			"join_information": "CBS 08664a? (since both are missing, this is unchecked)",
			"museum_no": "CBS 08669a+",
			"object_remarks": "ring; agate",
			"period": "Middle Babylonian",
			"period_remarks": "Kassite",
			"primary_publication": "BE 01/1 50",
			"provenience": "Nippur",
			"publication_date": "1893",
			"publication_history": "Brinkman MSKH p.229 (both 8664 and 8669 pub.as 8669); Jaritz MIO 6 121;El-Wailly, Sumer 10 p.48",
			"supergenre": "LIT",
			"xproject": "CDLI"
		},
		"geometry": {
			"type": "Point",
			"coordinates": [45.230832,32.126944]
		}
	}, {
		"type": "Feature",
		"properties": {
			"id_text": "P263474",
			"author": "Hilprecht, Hermann V.",
			"collection": "University of Pennsylvania Museum of Archaeology and Anthropology, Philadelphia, Pennsylvania, USA",
			"designation": "BE 01/1 52",
			"genre": "Royal/Monumental",
			"museum_no": "CBS 08670a",
			"object_remarks": "eye stone",
			"period": "Middle Babylonian",
			"period_remarks": "Kassite",
			"primary_publication": "BE 01/1 52",
			"provenience": "Nippur",
			"publication_date": "1893",
			"publication_history": "Brinkman MSKH p.226; Jaritz MIO 6 123; El-Wailly, Sumer 10 p.48; Clayden ZOrA 2 (2009), 56.",
			"supergenre": "LIT",
			"xproject": "CDLI"
		},
		"geometry": {
			"type": "Point",
			"coordinates": [45.230832,32.126944]
		}
	}, {
		"type": "Feature",
		"properties": {
			"id_text": "P263476",
			"author": "Hilprecht, Hermann V.",
			"collection": "University of Pennsylvania Museum of Archaeology and Anthropology, Philadelphia, Pennsylvania, USA",
			"designation": "BE 01/1 55",
			"genre": "Royal/Monumental",
			"museum_no": "CBS 08671a",
			"object_remarks": "axe; glass",
			"period": "Middle Babylonian",
			"period_remarks": "Kassite",
			"primary_publication": "BE 01/1 55",
			"provenience": "Nippur",
			"publication_date": "1893",
			"publication_history": "PBS 15 56, p.31;Jaritz MIO 6 151,154;El-Wailly, Sumer 10 pp.50f.;Brinkman MSKH pp.240,263f; Clayden ZOrA 4 (2011), 105",
			"text_remarks": "Nazimaruttaš",
			"supergenre": "LIT",
			"xproject": "CDLI"
		},
		"geometry": {
			"type": "Point",
			"coordinates": [45.230832,32.126944]
		}
	}, {
		"type": "Feature",
		"properties": {
			"id_text": "P263481",
			"author": "Hilprecht, Hermann V.",
			"collection": "University of Pennsylvania Museum of Archaeology and Anthropology, Philadelphia, Pennsylvania, USA",
			"designation": "BE 01/1 65",
			"genre": "Royal/Monumental",
			"museum_no": "CBS 08674a",
			"object_remarks": "eye stone",
			"period": "Middle Babylonian",
			"period_remarks": "Kassite",
			"primary_publication": "BE 01/1 65",
			"provenience": "Nippur",
			"publication_date": "1893",
			"publication_history": "Brinkman MSKH p.133; Jaritz MIO 6 64; El-Wailly, Sumer 10 p.52; Clayden ZOrA 2 (2009), 58.",
			"supergenre": "LIT",
			"xproject": "CDLI"
		},
		"geometry": {
			"type": "Point",
			"coordinates": [45.230832,32.126944]
		}
	}, {
		"type": "Feature",
		"properties": {
			"id_text": "P263483",
			"author": "Hilprecht, Hermann V.",
			"collection": "University of Pennsylvania Museum of Archaeology and Anthropology, Philadelphia, Pennsylvania, USA",
			"designation": "BE 01/1 66 - 67",
			"genre": "Royal/Monumental",
			"museum_no": "CBS 08675a",
			"object_remarks": "ring; agate",
			"period": "Middle Babylonian",
			"period_remarks": "Kassite",
			"primary_publication": "BE 01/1 66 - 67",
			"provenience": "Nippur",
			"publication_date": "1893",
			"supergenre": "LIT",
			"xproject": "CDLI"
		},
		"geometry": {
			"type": "Point",
			"coordinates": [45.230832,32.126944]
		}
	}, {
		"type": "Feature",
		"properties": {
			"id_text": "P263543",
			"author": "Hilprecht, Hermann V.",
			"collection": "University of Pennsylvania Museum of Archaeology and Anthropology, Philadelphia, Pennsylvania, USA",
			"designation": "BE 01/1 60",
			"genre": "Royal/Monumental",
			"museum_no": "CBS 08722a",
			"object_remarks": "disk; lapis lazuli",
			"period": "Middle Babylonian",
			"period_remarks": "Kassite",
			"primary_publication": "BE 01/1 60",
			"provenience": "Nippur",
			"publication_date": "1893",
			"publication_history": "Brinkman MSKH p.154",
			"supergenre": "LIT",
			"xproject": "CDLI"
		},
		"geometry": {
			"type": "Point",
			"coordinates": [45.230832,32.126944]
		}
	}, {
		"type": "Feature",
		"properties": {
			"id_text": "P263549",
			"author": "Hilprecht, Hermann V.",
			"collection": "University of Pennsylvania Museum of Archaeology and Anthropology, Philadelphia, Pennsylvania, USA",
			"designation": "BE 01/1 57",
			"genre": "Royal/Monumental",
			"museum_no": "CBS 08727",
			"object_remarks": "knob; magnetite",
			"period": "Middle Babylonian",
			"period_remarks": "Kassite",
			"primary_publication": "BE 01/1 57",
			"provenience": "Nippur",
			"publication_date": "1893",
			"publication_history": "Brinkman MSKH pp.264f.; Jaritz MIO 6 156; El-Wailly p.50; Cocquerillat RA 45 p.22",
			"supergenre": "LIT",
			"xproject": "CDLI"
		},
		"geometry": {
			"type": "Point",
			"coordinates": [45.230832,32.126944]
		}
	}, {
		"type": "Feature",
		"properties": {
			"id_text": "P263551",
			"author": "Hilprecht, Hermann V.",
			"collection": "University of Pennsylvania Museum of Archaeology and Anthropology, Philadelphia, Pennsylvania, USA",
			"designation": "BE 01/1 56,pl.10",
			"genre": "Royal/Monumental",
			"museum_no": "CBS 08728a",
			"object_remarks": "knob; magnetite",
			"period": "Middle Babylonian",
			"period_remarks": "Kassite",
			"primary_publication": "BE 01/1 56,pl.10",
			"provenience": "Nippur",
			"publication_date": "1893",
			"publication_history": "Brinkman MSKH pp.241,265; Jaritz,MIO 6 155; El-Wailly,Sumer 10 p.50; Cocquerillat*",
			"supergenre": "LIT",
			"xproject": "CDLI"
		},
		"geometry": {
			"type": "Point",
			"coordinates": [45.230832,32.126944]
		}
	}, {
		"type": "Feature",
		"properties": {
			"id_text": "P263555",
			"author": "Hilprecht, Hermann V.",
			"collection": "University of Pennsylvania Museum of Archaeology and Anthropology, Philadelphia, Pennsylvania, USA",
			"designation": "BE 01/1 34, pl.10",
			"genre": "Royal/Monumental",
			"museum_no": "CBS 08730a",
			"object_remarks": "knob; ivory",
			"period": "Middle Babylonian",
			"period_remarks": "Kassite",
			"primary_publication": "BE 01/1 34, pl.10",
			"provenience": "Nippur",
			"publication_date": "1893",
			"publication_history": "Brinkman MSKH p.107; Jaritz,MIO 6 79; El-Wailly,Sumer 10 p.46; Cocquerillat,RA 45*",
			"text_remarks": "Burnaburiaš",
			"supergenre": "LIT",
			"xproject": "CDLI"
		},
		"geometry": {
			"type": "Point",
			"coordinates": [45.230832,32.126944]
		}
	}, {
		"type": "Feature",
		"properties": {
			"id_text": "P264831",
			"author": "Hilprecht, Hermann V.",
			"collection": "University of Pennsylvania Museum of Archaeology and Anthropology, Philadelphia, Pennsylvania, USA",
			"designation": "BE 01/1 39, pl.11",
			"genre": "Royal/Monumental",
			"museum_no": "CBS 09462 + CBS 08800",
			"object_remarks": "axe; glass",
			"period": "Middle Babylonian",
			"period_remarks": "Kassite",
			"primary_publication": "BE 01/1 39, pl.11",
			"provenience": "Nippur",
			"publication_date": "1893",
			"publication_history": "Brinkman MSKH p.224; Jaritz MIO 6,no.111; El-Wailly p.48; Clayden ZOrA 4 (2011), 104.",
			"supergenre": "LIT",
			"xproject": "CDLI"
		},
		"geometry": {
			"type": "Point",
			"coordinates": [45.230832,32.126944]
		}
	}, {
		"type": "Feature",
		"properties": {
			"id_text": "P266494",
			"author": "Myhrman, David W.",
			"collection": "University of Pennsylvania Museum of Archaeology and Anthropology, Philadelphia, Pennsylvania, USA",
			"designation": "PBS 1/1 11, pls.43-4",
			"genre": "Literary",
			"museum_no": "CBS 11341",
			"object_remarks": "tablet",
			"object_type": "tablet",
			"period": "Middle Babylonian",
			"period_remarks": "Kassite",
			"primary_publication": "PBS 1/1 11, pls.43-4",
			"provenience": "Nippur",
			"publication_date": "1911",
			"publication_history": "Westenholz FS Klein",
			"text_remarks": "Hymn",
			"supergenre": "LIT",
			"xproject": "CDLI"
		},
		"geometry": {
			"type": "Point",
			"coordinates": [45.230832,32.126944]
		}
	}, {
		"type": "Feature",
		"properties": {
			"id_text": "P269532",
			"author": "Legrain, Leon",
			"collection": "University of Pennsylvania Museum of Archaeology and Anthropology, Philadelphia, Pennsylvania, USA",
			"designation": "PBS 15 48",
			"genre": "Royal/Monumental",
			"museum_no": "CBS 14570",
			"object_remarks": "pyramid; agate",
			"period": "Middle Babylonian",
			"period_remarks": "Kassite",
			"primary_publication": "PBS 15 48",
			"provenience": "Nippur",
			"publication_date": "1926",
			"publication_history": "Brinkman MSKH p.229; Jaritz MIO 6, no.104; El-Wailly Sumer 10, p.48",
			"supergenre": "LIT",
			"xproject": "CDLI"
		},
		"geometry": {
			"type": "Point",
			"coordinates": [45.230832,32.126944]
		}
	}, {
		"type": "Feature",
		"properties": {
			"id_text": "P269988",
			"author": "Gadd, Cyril J. and Legrain, Leon",
			"collection": "University of Pennsylvania Museum of Archaeology and Anthropology, Philadelphia, Pennsylvania, USA",
			"designation": "UET 1 159",
			"genre": "Royal/Monumental",
			"museum_no": "CBS 16479",
			"object_remarks": "brick",
			"period": "Middle Babylonian",
			"period_remarks": "Kassite",
			"primary_publication": "UET 1 159",
			"provenience": "Ur",
			"publication_date": "1928",
			"publication_history": "Brinkman MSKH pp.217f;Jaritz MIO6,#39;El-Wailly Sumer10p.47,#22B7a; Behrens, JCS 37,p.238*",
			"supergenre": "LIT",
			"xproject": "CDLI"
		},
		"geometry": {
			"type": "Point",
			"coordinates": [46.104748,30.961580]
		}
	}, {
		"type": "Feature",
		"properties": {
			"id_text": "P269990",
			"author": "Gadd, Cyril J. and Legrain, Leon",
			"collection": "University of Pennsylvania Museum of Archaeology and Anthropology, Philadelphia, Pennsylvania, USA",
			"designation": "UET 1 163",
			"excavation_no": "U 3286",
			"genre": "Royal/Monumental",
			"museum_no": "CBS 16481",
			"object_remarks": "brick",
			"period": "Middle Babylonian",
			"period_remarks": "Kassite",
			"primary_publication": "UET 1 163",
			"provenience": "Ur",
			"publication_date": "1928",
			"publication_history": "Brinkman MSKH 217; Behrens, JCS 37, p.237, no.41; El-Wailly, Sumer 10, p.47,#22B9b",
			"supergenre": "LIT",
			"xproject": "CDLI"
		},
		"geometry": {
			"type": "Point",
			"coordinates": [46.104748,30.961580]
		}
	}, {
		"type": "Feature",
		"properties": {
			"id_text": "P273610",
			"author": "Sigrist, Marcel",
			"designation": "CTMMA 1, 119",
			"genre": "Royal/Monumental",
			"museum_no": "MMA",
			"object_remarks": "brick",
			"period": "Middle Babylonian",
			"period_remarks": "Kassite",
			"primary_publication": "CTMMA 1, 119",
			"provenience": "Nippur",
			"publication_date": "1988",
			"text_remarks": "Adad-šuma-uṣur",
			"supergenre": "LIT",
			"xproject": "CDLI"
		},
		"geometry": {
			"type": "Point",
			"coordinates": [45.230832,32.126944]
		}
	}, {
		"type": "Feature",
		"properties": {
			"id_text": "P279386",
			"author": "Veldhuis, Niek",
			"collection": "University of Pennsylvania Museum of Archaeology and Anthropology, Philadelphia, Pennsylvania, USA",
			"designation": "JCS 52, 90 09",
			"genre": "School",
			"museum_no": "N 4529",
			"object_remarks": "pillow-shaped",
			"period": "Middle Babylonian",
			"period_remarks": "Kassite",
			"primary_publication": "JCS 52, 90 09",
			"provenience": "Nippur",
			"publication_date": "2000",
			"publication_history": "Civil FI (1994), 160",
			"text_remarks": "lexical, literary",
			"supergenre": "LIT",
			"xproject": "CDLI"
		},
		"geometry": {
			"type": "Point",
			"coordinates": [45.230832,32.126944]
		}
	}, {
		"type": "Feature",
		"properties": {
			"id_text": "P289616",
			"author": "Stephens, Ferris J.",
			"collection": "Nies Babylonian Collection, Yale Babylonian Collection, New Haven, Connecticut, USA",
			"designation": "YOS 09, 067",
			"genre": "Royal/Monumental",
			"museum_no": "NBC 06103",
			"object_remarks": "foundation tablet; limestone",
			"period": "Middle Babylonian",
			"period_remarks": "Kassite",
			"primary_publication": "YOS 09, 067",
			"provenience": "Nippur",
			"publication_date": "1937",
			"publication_history": "CBCY 01, p. 53, NBC 06103",
			"thickness": "74",
			"width": "251",
			"supergenre": "LIT",
			"xproject": "CDLI"
		},
		"geometry": {
			"type": "Point",
			"coordinates": [45.230832,32.126944]
		}
	}, {
		"type": "Feature",
		"properties": {
			"id_text": "P373753",
			"author": "Hilprecht, Hermann V.",
			"designation": "BE 01/1, 037",
			"genre": "Royal/Monumental",
			"object_remarks": "door socket; marble",
			"period": "Middle Babylonian",
			"period_remarks": "Kassite",
			"primary_publication": "BE 01/1, 037",
			"provenience": "Nippur",
			"publication_date": "1893",
			"publication_history": "Brinkman MSKH Q.2.53",
			"supergenre": "LIT",
			"xproject": "CDLI"
		},
		"geometry": {
			"type": "Point",
			"coordinates": [45.230832,32.126944]
		}
	}, {
		"type": "Feature",
		"properties": {
			"id_text": "P373754",
			"author": "Hilprecht, Hermann V.",
			"collection": "Arkeoloji Müzeleri, Istanbul, Turkey",
			"designation": "BE 01/1, 049",
			"genre": "Royal/Monumental",
			"museum_no": "Ist Ni 01920",
			"object_remarks": "disk; lapis lazuli",
			"period": "Middle Babylonian",
			"period_remarks": "Kassite",
			"primary_publication": "BE 01/1, 049",
			"provenience": "Nippur",
			"publication_date": "1893",
			"publication_history": "Brinkman MSKH Q.2.73",
			"supergenre": "LIT",
			"xproject": "CDLI"
		},
		"geometry": {
			"type": "Point",
			"coordinates": [45.230832,32.126944]
		}
	}, {
		"type": "Feature",
		"properties": {
			"id_text": "P373755",
			"author": "Hilprecht, Hermann V.",
			"collection": "Arkeoloji Müzeleri, Istanbul, Turkey",
			"designation": "BE 01/1, 051",
			"genre": "Royal/Monumental",
			"museum_no": "Ist Ni 01906",
			"object_remarks": "eye stone; agate",
			"period": "Middle Babylonian",
			"period_remarks": "Kassite",
			"primary_publication": "BE 01/1, 051",
			"provenience": "Nippur",
			"publication_date": "1893",
			"publication_history": "Brinkman MSKH Q.2.84; ; Clayden ZOrA 2 (2009), 57.",
			"supergenre": "LIT",
			"xproject": "CDLI"
		},
		"geometry": {
			"type": "Point",
			"coordinates": [45.230832,32.126944]
		}
	}, {
		"type": "Feature",
		"properties": {
			"id_text": "P373756",
			"author": "Hilprecht, Hermann V.",
			"collection": "Arkeoloji Müzeleri, Istanbul, Turkey",
			"designation": "BE 01/1, 058",
			"genre": "Royal/Monumental",
			"museum_no": "Ist Ni 01921",
			"object_remarks": "disk; lapis lazuli",
			"period": "Middle Babylonian",
			"period_remarks": "Kassite",
			"primary_publication": "BE 01/1, 058",
			"provenience": "Nippur",
			"publication_date": "1893",
			"publication_history": "Brinkman MSKH U.2.12",
			"supergenre": "LIT",
			"xproject": "CDLI"
		},
		"geometry": {
			"type": "Point",
			"coordinates": [45.230832,32.126944]
		}
	}, {
		"type": "Feature",
		"properties": {
			"id_text": "P373757",
			"author": "Hilprecht, Hermann V.",
			"collection": "Arkeoloji Müzeleri, Istanbul, Turkey",
			"designation": "BE 01/1, 063",
			"genre": "Royal/Monumental",
			"museum_no": "Ist Ni 01935",
			"object_remarks": "block; lapis lazuli",
			"period": "Middle Babylonian",
			"period_remarks": "Kassite",
			"primary_publication": "BE 01/1, 063",
			"provenience": "Nippur",
			"publication_date": "1893",
			"publication_history": "Brinkman MSKH L.2.8",
			"supergenre": "LIT",
			"xproject": "CDLI"
		},
		"geometry": {
			"type": "Point",
			"coordinates": [45.230832,32.126944]
		}
	}, {
		"type": "Feature",
		"properties": {
			"id_text": "P373758",
			"author": "Hilprecht, Hermann V.",
			"collection": "Arkeoloji Müzeleri, Istanbul, Turkey",
			"designation": "BE 01/1, 068",
			"genre": "Royal/Monumental",
			"museum_no": "Ist Ni 01900",
			"object_remarks": "block; lapis lazuli",
			"period": "Middle Babylonian",
			"period_remarks": "Kassite",
			"primary_publication": "BE 01/1, 068",
			"provenience": "Nippur",
			"publication_date": "1893",
			"publication_history": "Brinkman MSKH E.2.7",
			"supergenre": "LIT",
			"xproject": "CDLI"
		},
		"geometry": {
			"type": "Point",
			"coordinates": [45.230832,32.126944]
		}
	}, {
		"type": "Feature",
		"properties": {
			"id_text": "P373759",
			"author": "Hilprecht, Hermann V.",
			"collection": "Arkeoloji Müzeleri, Istanbul, Turkey",
			"designation": "BE 01/2, 134",
			"genre": "Royal/Monumental",
			"museum_no": "Ist Ni 01902",
			"object_remarks": "eye stone; agate",
			"period": "Middle Babylonian",
			"period_remarks": "Kassite",
			"primary_publication": "BE 01/2, 134",
			"provenience": "Nippur",
			"publication_date": "1896",
			"publication_history": "Brinkman MSKH Q.2.83; Clayden ZOrA 2 (2009), 56: 16",
			"supergenre": "LIT",
			"xproject": "CDLI"
		},
		"geometry": {
			"type": "Point",
			"coordinates": [45.230832,32.126944]
		}
	}, {
		"type": "Feature",
		"properties": {
			"id_text": "P373760",
			"author": "Hilprecht, Hermann V.",
			"collection": "Arkeoloji Müzeleri, Istanbul, Turkey",
			"designation": "BE 01/2, 135",
			"genre": "Royal/Monumental",
			"museum_no": "Ist Ni 01912",
			"object_remarks": "eye stone; agate",
			"period": "Middle Babylonian",
			"period_remarks": "Kassite",
			"primary_publication": "BE 01/2, 135",
			"provenience": "Nippur",
			"publication_date": "1896",
			"publication_history": "Brinkman MSKH Q.2.85; Clayden ZOrA 2 (2009), 57: 21",
			"supergenre": "LIT",
			"xproject": "CDLI"
		},
		"geometry": {
			"type": "Point",
			"coordinates": [45.230832,32.126944]
		}
	}, {
		"type": "Feature",
		"properties": {
			"id_text": "P373776",
			"accession_no": "1881-07-01, 3395",
			"author": "Sollberger, Edmond",
			"collection": "British Museum, London, UK",
			"designation": "JAOS 088, 194",
			"genre": "Royal/Monumental",
			"object_remarks": "dog; clay",
			"period": "Middle Babylonian",
			"period_remarks": "Kassite",
			"primary_publication": "JAOS 088, 194",
			"provenience": "Isin",
			"publication_date": "1968",
			"supergenre": "LIT",
			"xproject": "CDLI"
		},
		"geometry": {
			"type": "Point",
			"coordinates": [45.267191,31.920259]
		}
	}, {
		"type": "Feature",
		"properties": {
			"id_text": "P373940",
			"author": "Walker, Christopher B.",
			"designation": "Sumer 34, 102 IB 0204",
			"excavation_no": "IB 0204",
			"genre": "Royal/Monumental",
			"object_remarks": "brick",
			"period": "Middle Babylonian",
			"period_remarks": "Kassite",
			"primary_publication": "Sumer 34, 102 IB 0204",
			"provenience": "Isin",
			"publication_date": "1978",
			"supergenre": "LIT",
			"xproject": "CDLI"
		},
		"geometry": {
			"type": "Point",
			"coordinates": [45.267191,31.920259]
		}
	}, {
		"type": "Feature",
		"properties": {
			"id_text": "P373942",
			"author": "Walker, Christopher B.",
			"designation": "Sumer 34, 103 IB 0942",
			"excavation_no": "IB 0942",
			"genre": "Royal/Monumental",
			"object_remarks": "brick",
			"period": "Middle Babylonian",
			"period_remarks": "Kassite",
			"primary_publication": "Sumer 34, 103 IB 0942",
			"provenience": "Isin",
			"publication_date": "1978",
			"supergenre": "LIT",
			"xproject": "CDLI"
		},
		"geometry": {
			"type": "Point",
			"coordinates": [45.267191,31.920259]
		}
	}, {
		"type": "Feature",
		"properties": {
			"id_text": "P373945",
			"author": "Walker, Christopher B.",
			"designation": "Sumer 34, 103 IB 0945",
			"excavation_no": "IB 0945",
			"genre": "Royal/Monumental",
			"object_remarks": "brick",
			"period": "Middle Babylonian",
			"period_remarks": "Kassite",
			"primary_publication": "Sumer 34, 103 IB 0945",
			"provenience": "Isin",
			"publication_date": "1978",
			"supergenre": "LIT",
			"xproject": "CDLI"
		},
		"geometry": {
			"type": "Point",
			"coordinates": [45.267191,31.920259]
		}
	}, {
		"type": "Feature",
		"properties": {
			"id_text": "P373949",
			"author": "Gadd, Cyril J. and Legrain, Leon",
			"designation": "UET 1 156",
			"genre": "Royal/Monumental",
			"object_remarks": "tablet",
			"object_type": "tablet",
			"period": "Middle Babylonian",
			"period_remarks": "Kassite",
			"primary_publication": "UET 1 156",
			"provenience": "Ur",
			"publication_date": "1928",
			"supergenre": "LIT",
			"xproject": "CDLI"
		},
		"geometry": {
			"type": "Point",
			"coordinates": [46.104748,30.961580]
		}
	}, {
		"type": "Feature",
		"properties": {
			"id_text": "P373950",
			"author": "Gadd, Cyril J. and Legrain, Leon",
			"designation": "UET 1 157",
			"genre": "Royal/Monumental",
			"object_remarks": "tablet",
			"object_type": "tablet",
			"period": "Middle Babylonian",
			"period_remarks": "Kassite",
			"primary_publication": "UET 1 157",
			"provenience": "Ur",
			"publication_date": "1928",
			"supergenre": "LIT",
			"xproject": "CDLI"
		},
		"geometry": {
			"type": "Point",
			"coordinates": [46.104748,30.961580]
		}
	}, {
		"type": "Feature",
		"properties": {
			"id_text": "P373951",
			"author": "Gadd, Cyril J. and Legrain, Leon",
			"designation": "UET 1 158",
			"genre": "Royal/Monumental",
			"object_remarks": "tablet",
			"object_type": "tablet",
			"period": "Middle Babylonian",
			"period_remarks": "Kassite",
			"primary_publication": "UET 1 158",
			"provenience": "Ur",
			"publication_date": "1928",
			"supergenre": "LIT",
			"xproject": "CDLI"
		},
		"geometry": {
			"type": "Point",
			"coordinates": [46.104748,30.961580]
		}
	}, {
		"type": "Feature",
		"properties": {
			"id_text": "P373952",
			"author": "Gadd, Cyril J. and Legrain, Leon",
			"designation": "UET 1 161",
			"genre": "Royal/Monumental",
			"object_remarks": "tablet",
			"object_type": "tablet",
			"period": "Middle Babylonian",
			"period_remarks": "Kassite",
			"primary_publication": "UET 1 161",
			"provenience": "Ur",
			"publication_date": "1928",
			"supergenre": "LIT",
			"xproject": "CDLI"
		},
		"geometry": {
			"type": "Point",
			"coordinates": [46.104748,30.961580]
		}
	}, {
		"type": "Feature",
		"properties": {
			"id_text": "P373953",
			"author": "Gadd, Cyril J. and Legrain, Leon",
			"designation": "UET 1 162",
			"genre": "Royal/Monumental",
			"object_remarks": "tablet",
			"object_type": "tablet",
			"period": "Middle Babylonian",
			"period_remarks": "Kassite",
			"primary_publication": "UET 1 162",
			"provenience": "Ur",
			"publication_date": "1928",
			"supergenre": "LIT",
			"xproject": "CDLI"
		},
		"geometry": {
			"type": "Point",
			"coordinates": [46.104748,30.961580]
		}
	}, {
		"type": "Feature",
		"properties": {
			"id_text": "P373954",
			"author": "Gadd, Cyril J. and Legrain, Leon",
			"designation": "UET 1 305",
			"excavation_no": "U. 7816",
			"genre": "Royal/Monumental",
			"object_remarks": "tablet",
			"object_type": "tablet",
			"period": "Middle Babylonian",
			"period_remarks": "Kassite",
			"primary_publication": "UET 1 305",
			"provenience": "Ur",
			"publication_date": "1928",
			"supergenre": "LIT",
			"xproject": "CDLI"
		},
		"geometry": {
			"type": "Point",
			"coordinates": [46.104748,30.961580]
		}
	}, {
		"type": "Feature",
		"properties": {
			"id_text": "P227632",
			"collection": "University of Pennsylvania Museum of Archaeology and Anthropology, Philadelphia, Pennsylvania, USA",
			"designation": "MSL 07, 004",
			"genre": "Lexical",
			"museum_no": "CBS 10587",
			"object_remarks": "tablet",
			"object_type": "tablet",
			"period": "Middle Babylonian",
			"period_remarks": "Kassite",
			"primary_publication": "MSL 07, 004",
			"provenience": "Nippur",
			"publication_date": "1959",
			"text_remarks": "Ura 8",
			"thickness": "?",
			"width": "?",
			"supergenre": "LEX",
			"xproject": "CDLI"
		},
		"geometry": {
			"type": "Point",
			"coordinates": [45.230832,32.126944]
		}
	}, {
		"type": "Feature",
		"properties": {
			"id_text": "P227749",
			"author": "Finkel, Irving",
			"collection": "University of Pennsylvania Museum of Archaeology and Anthropology, Philadelphia, Pennsylvania, USA",
			"designation": "MSL 16, 189",
			"genre": "Lexical",
			"museum_no": "CBS 13924",
			"object_remarks": "tablet",
			"object_type": "tablet",
			"period": "Middle Babylonian",
			"period_remarks": "Kassite",
			"primary_publication": "MSL 16, 189",
			"provenience": "Nippur",
			"publication_date": "1982",
			"publication_history": "Veldhuis JCS 60, 28",
			"text_remarks": "Nabnitu",
			"thickness": "?",
			"width": "?",
			"supergenre": "LEX",
			"xproject": "CDLI"
		},
		"geometry": {
			"type": "Point",
			"coordinates": [45.230832,32.126944]
		}
	}, {
		"type": "Feature",
		"properties": {
			"id_text": "P227759",
			"author": "Chiera, Edward",
			"collection": "University of Pennsylvania Museum of Archaeology and Anthropology, Philadelphia, Pennsylvania, USA",
			"designation": "SLT 044",
			"genre": "Lexical",
			"museum_no": "CBS 14064",
			"object_remarks": "tablet",
			"object_type": "tablet",
			"period": "Middle Babylonian",
			"period_remarks": "Kassite",
			"primary_publication": "SLT 044",
			"provenience": "Nippur",
			"publication_date": "1929",
			"text_remarks": "Ura 13",
			"thickness": "?",
			"width": "?",
			"supergenre": "LEX",
			"xproject": "CDLI"
		},
		"geometry": {
			"type": "Point",
			"coordinates": [45.230832,32.126944]
		}
	}, {
		"type": "Feature",
		"properties": {
			"id_text": "P227761",
			"collection": "University of Pennsylvania Museum of Archaeology and Anthropology, Philadelphia, Pennsylvania, USA",
			"designation": "MSL 16, 127",
			"genre": "Lexical",
			"museum_no": "CBS 14090",
			"object_remarks": "tablet",
			"object_type": "tablet",
			"period": "Middle Babylonian",
			"period_remarks": "Kassite",
			"primary_publication": "MSL 16, 127",
			"provenience": "Nippur",
			"publication_date": "1982",
			"text_remarks": "Nabnitu",
			"thickness": "?",
			"width": "?",
			"supergenre": "LEX",
			"xproject": "CDLI"
		},
		"geometry": {
			"type": "Point",
			"coordinates": [45.230832,32.126944]
		}
	}, {
		"type": "Feature",
		"properties": {
			"id_text": "P227943",
			"author": "Langdon, Stephen H.",
			"collection": "University of Pennsylvania Museum of Archaeology and Anthropology, Philadelphia, Pennsylvania, USA",
			"designation": "PBS 12, 18",
			"genre": "School",
			"museum_no": "CBS 04595",
			"object_remarks": "elongated tablet",
			"object_type": "tablet",
			"period": "Middle Babylonian",
			"period_remarks": "Kassite",
			"primary_publication": "PBS 12, 18",
			"provenience": "Nippur",
			"publication_date": "1917",
			"publication_history": "MSL V Hh II",
			"text_remarks": "Ura 2",
			"thickness": "?",
			"width": "?",
			"supergenre": "LIT",
			"xproject": "CDLI"
		},
		"geometry": {
			"type": "Point",
			"coordinates": [45.230832,32.126944]
		}
	}, {
		"type": "Feature",
		"properties": {
			"id_text": "P227944",
			"author": "Langdon, Stephen H.",
			"collection": "University of Pennsylvania Museum of Archaeology and Anthropology, Philadelphia, Pennsylvania, USA",
			"designation": "PBS 12, 16",
			"genre": "School",
			"museum_no": "CBS 04599",
			"object_remarks": "elongated tablet",
			"object_type": "tablet",
			"period": "Middle Babylonian",
			"period_remarks": "Kassite",
			"primary_publication": "PBS 12, 16",
			"provenience": "Nippur",
			"publication_date": "1917",
			"text_remarks": "Ura 2",
			"thickness": "?",
			"width": "?",
			"supergenre": "LIT",
			"xproject": "CDLI"
		},
		"geometry": {
			"type": "Point",
			"coordinates": [45.230832,32.126944]
		}
	}, {
		"type": "Feature",
		"properties": {
			"id_text": "P228044",
			"collection": "University of Pennsylvania Museum of Archaeology and Anthropology, Philadelphia, Pennsylvania, USA",
			"designation": "MSL 13, 238",
			"genre": "Lexical",
			"join_information": "P228044 lead",
			"museum_no": "CBS 07960 (+) Ni 10288",
			"object_remarks": "tablet",
			"object_type": "tablet",
			"period": "Middle Babylonian",
			"period_remarks": "Kassite",
			"primary_publication": "MSL 13, 238",
			"provenience": "Nippur",
			"publication_date": "1971",
			"thickness": "?",
			"width": "?",
			"supergenre": "LEX",
			"xproject": "CDLI"
		},
		"geometry": {
			"type": "Point",
			"coordinates": [45.230832,32.126944]
		}
	}, {
		"type": "Feature",
		"properties": {
			"id_text": "P228170",
			"collection": "University of Pennsylvania Museum of Archaeology and Anthropology, Philadelphia, Pennsylvania, USA",
			"designation": "MSL 12, 091, N 3585",
			"genre": "Lexical",
			"join_information": "P228170 lead",
			"museum_no": "N 3585 + N 3586",
			"object_remarks": "tablet",
			"object_type": "tablet",
			"period": "Middle Babylonian",
			"period_remarks": "Kassite",
			"primary_publication": "MSL 12, 091, N 3585",
			"provenience": "Nippur",
			"publication_date": "1969",
			"thickness": "?",
			"width": "?",
			"supergenre": "LEX",
			"xproject": "CDLI"
		},
		"geometry": {
			"type": "Point",
			"coordinates": [45.230832,32.126944]
		}
	}, {
		"type": "Feature",
		"properties": {
			"id_text": "P228196",
			"collection": "University of Pennsylvania Museum of Archaeology and Anthropology, Philadelphia, Pennsylvania, USA",
			"designation": "MSL 06, 082",
			"genre": "School",
			"museum_no": "N 3988",
			"object_remarks": "pillow-shaped",
			"period": "Middle Babylonian",
			"period_remarks": "Kassite",
			"primary_publication": "MSL 06, 082",
			"provenience": "Nippur",
			"publication_date": "1958",
			"publication_history": "JCS 52 2000, 77-78",
			"text_remarks": "Ura 7A",
			"thickness": "?",
			"width": "?",
			"supergenre": "LIT",
			"xproject": "CDLI"
		},
		"geometry": {
			"type": "Point",
			"coordinates": [45.230832,32.126944]
		}
	}, {
		"type": "Feature",
		"properties": {
			"id_text": "P228207",
			"collection": "University of Pennsylvania Museum of Archaeology and Anthropology, Philadelphia, Pennsylvania, USA",
			"designation": "MSL 07, 003",
			"genre": "Lexical",
			"museum_no": "N 4005",
			"object_remarks": "tablet",
			"object_type": "tablet",
			"period": "Middle Babylonian",
			"period_remarks": "Kassite",
			"primary_publication": "MSL 07, 003",
			"provenience": "Nippur",
			"publication_date": "1959",
			"publication_history": "mus.photo 55764-65 and 71746-47",
			"text_remarks": "Ura 8",
			"thickness": "?",
			"width": "?",
			"supergenre": "LEX",
			"xproject": "CDLI"
		},
		"geometry": {
			"type": "Point",
			"coordinates": [45.230832,32.126944]
		}
	}, {
		"type": "Feature",
		"properties": {
			"id_text": "P228596",
			"author": "Veldhuis, Niek",
			"collection": "University of Pennsylvania Museum of Archaeology and Anthropology, Philadelphia, Pennsylvania, USA",
			"designation": "JCS 52, 77-78",
			"genre": "School",
			"museum_no": "UM 29-13-947",
			"object_remarks": "cushion-shaped",
			"object_type": "tablet",
			"period": "Middle Babylonian",
			"period_remarks": "Kassite",
			"primary_publication": "JCS 52, 77-78",
			"provenience": "Nippur",
			"publication_date": "2000",
			"text_remarks": "Ura 6",
			"thickness": "?",
			"width": "?",
			"supergenre": "LIT",
			"xproject": "CDLI"
		},
		"geometry": {
			"type": "Point",
			"coordinates": [45.230832,32.126944]
		}
	}, {
		"type": "Feature",
		"properties": {
			"id_text": "P228683",
			"author": "Veldhuis, Niek",
			"collection": "University of Pennsylvania Museum of Archaeology and Anthropology, Philadelphia, Pennsylvania, USA",
			"designation": "JCS 52, 89: 5",
			"genre": "School",
			"museum_no": "UM 29-15-848",
			"object_remarks": "lentil",
			"period": "Middle Babylonian",
			"period_remarks": "Kassite",
			"primary_publication": "JCS 52, 89: 5",
			"provenience": "Nippur",
			"publication_date": "2000",
			"text_remarks": "Fowler and his Wife; Ura 3",
			"thickness": "?",
			"width": "?",
			"supergenre": "LIT",
			"xproject": "CDLI"
		},
		"geometry": {
			"type": "Point",
			"coordinates": [45.230832,32.126944]
		}
	}, {
		"type": "Feature",
		"properties": {
			"id_text": "P228693",
			"author": "Veldhuis, Niek",
			"collection": "University of Pennsylvania Museum of Archaeology and Anthropology, Philadelphia, Pennsylvania, USA",
			"designation": "JCS 52, 93: 19",
			"genre": "School",
			"museum_no": "UM 29-15-976",
			"object_remarks": "lentil",
			"period": "Middle Babylonian",
			"period_remarks": "Kassite",
			"primary_publication": "JCS 52, 93: 19",
			"provenience": "Nippur",
			"publication_date": "2000",
			"text_remarks": "Weidner God List",
			"thickness": "?",
			"width": "?",
			"supergenre": "LIT",
			"xproject": "CDLI"
		},
		"geometry": {
			"type": "Point",
			"coordinates": [45.230832,32.126944]
		}
	}, {
		"type": "Feature",
		"properties": {
			"id_text": "P228739",
			"author": "Veldhuis, Niek",
			"collection": "University of Pennsylvania Museum of Archaeology and Anthropology, Philadelphia, Pennsylvania, USA",
			"designation": "JCS 52, 94: 24",
			"genre": "School",
			"museum_no": "UM 29-16-338",
			"object_remarks": "pillow-shaped",
			"period": "Middle Babylonian",
			"period_remarks": "Kassite",
			"primary_publication": "JCS 52, 94: 24",
			"provenience": "Nippur",
			"publication_date": "2000",
			"text_remarks": "lexical",
			"thickness": "?",
			"width": "?",
			"supergenre": "LIT",
			"xproject": "CDLI"
		},
		"geometry": {
			"type": "Point",
			"coordinates": [45.230832,32.126944]
		}
	}, {
		"type": "Feature",
		"properties": {
			"id_text": "P228879",
			"author": "Veldhuis, Niek",
			"collection": "University of Pennsylvania Museum of Archaeology and Anthropology, Philadelphia, Pennsylvania, USA",
			"designation": "JCS 52 94: 23",
			"excavation_no": "2N-T063",
			"genre": "School",
			"museum_no": "UM 55-21-018",
			"object_remarks": "pillow-shaped",
			"period": "Middle Babylonian",
			"period_remarks": "Kassite",
			"primary_publication": "JCS 52 94: 23",
			"provenience": "Nippur",
			"publication_date": "2000",
			"publication_history": "Field neg. 738",
			"text_remarks": "Ura 2",
			"thickness": "?",
			"width": "?",
			"supergenre": "LIT",
			"xproject": "CDLI"
		},
		"geometry": {
			"type": "Point",
			"coordinates": [45.230832,32.126944]
		}
	}, {
		"type": "Feature",
		"properties": {
			"id_text": "P229173",
			"author": "Chiera, Edward",
			"collection": "University of Pennsylvania Museum of Archaeology and Anthropology, Philadelphia, Pennsylvania, USA",
			"designation": "SLT 143",
			"genre": "School",
			"museum_no": "CBS 06405",
			"object_remarks": "pillow-shaped",
			"period": "Middle Babylonian",
			"period_remarks": "Kassite",
			"primary_publication": "SLT 143",
			"provenience": "Nippur",
			"publication_date": "1929",
			"publication_history": "Veldhuis, JCS 52, 083",
			"text_remarks": "Ura 3",
			"thickness": "?",
			"width": "?",
			"supergenre": "LIT",
			"xproject": "CDLI"
		},
		"geometry": {
			"type": "Point",
			"coordinates": [45.230832,32.126944]
		}
	}, {
		"type": "Feature",
		"properties": {
			"id_text": "P229277",
			"author": "Langdon, Stephen H.",
			"collection": "University of Pennsylvania Museum of Archaeology and Anthropology, Philadelphia, Pennsylvania, USA",
			"designation": "PBS 12, 17",
			"genre": "School",
			"museum_no": "CBS 04598",
			"object_remarks": "elongated tablet",
			"object_type": "tablet",
			"period": "Middle Babylonian",
			"period_remarks": "Kassite",
			"primary_publication": "PBS 12, 17",
			"provenience": "Nippur",
			"publication_date": "1917",
			"text_remarks": "Ura 4",
			"thickness": "?",
			"width": "?",
			"supergenre": "LIT",
			"xproject": "CDLI"
		},
		"geometry": {
			"type": "Point",
			"coordinates": [45.230832,32.126944]
		}
	}, {
		"type": "Feature",
		"properties": {
			"id_text": "P229280",
			"author": "Chiera, Edward",
			"collection": "University of Pennsylvania Museum of Archaeology and Anthropology, Philadelphia, Pennsylvania, USA",
			"designation": "SLT 184",
			"genre": "Lexical",
			"museum_no": "CBS 08303",
			"object_remarks": "tablet",
			"object_type": "tablet",
			"period": "Middle Babylonian",
			"period_remarks": "Kassite",
			"primary_publication": "SLT 184",
			"provenience": "Nippur",
			"publication_date": "1929",
			"publication_history": "MSL 10, 54 V5",
			"text_remarks": "Ura 16",
			"thickness": "?",
			"width": "?",
			"supergenre": "LEX",
			"xproject": "CDLI"
		},
		"geometry": {
			"type": "Point",
			"coordinates": [45.230832,32.126944]
		}
	}, {
		"type": "Feature",
		"properties": {
			"id_text": "P229348",
			"author": "Falkowitz, Robert S.",
			"collection": "University of Pennsylvania Museum of Archaeology and Anthropology, Philadelphia, Pennsylvania, USA",
			"designation": "AfO 29/30, 36, N 7691",
			"genre": "School",
			"museum_no": "N 7691",
			"object_remarks": "lentil",
			"period": "Middle Babylonian",
			"period_remarks": "Kassite",
			"primary_publication": "AfO 29/30, 36, N 7691",
			"provenience": "Nippur",
			"publication_date": "1983-1984",
			"text_remarks": "Ura",
			"thickness": "?",
			"width": "?",
			"supergenre": "LIT",
			"xproject": "CDLI"
		},
		"geometry": {
			"type": "Point",
			"coordinates": [45.230832,32.126944]
		}
	}, {
		"type": "Feature",
		"properties": {
			"id_text": "P229951",
			"author": "Veldhuis, Niek and Hilprecht, Hermann",
			"collection": "Hilprecht-Sammlung, University of Jena, Germany",
			"designation": "AfO 50, 42",
			"genre": "School",
			"museum_no": "HS 1781",
			"object_remarks": "pillow-shaped",
			"period": "Middle Babylonian",
			"period_remarks": "Kassite",
			"primary_publication": "AfO 50, 42",
			"provenience": "Nippur",
			"publication_date": "2004",
			"text_remarks": "Ura",
			"thickness": "?",
			"width": "?",
			"supergenre": "LIT",
			"xproject": "CDLI"
		},
		"geometry": {
			"type": "Point",
			"coordinates": [45.230832,32.126944]
		}
	}, {
		"type": "Feature",
		"properties": {
			"id_text": "P230215",
			"author": "Chiera, Edward",
			"collection": "University of Pennsylvania Museum of Archaeology and Anthropology, Philadelphia, Pennsylvania, USA",
			"designation": "SLT 241",
			"genre": "School",
			"join_information": "P230215 lead",
			"museum_no": "CBS 05819 (+) CBS 10296",
			"object_remarks": "elongated tablet",
			"object_type": "tablet",
			"period": "Middle Babylonian",
			"period_remarks": "Kassite",
			"primary_publication": "SLT 241",
			"provenience": "Nippur",
			"publication_date": "1929",
			"text_remarks": "Ura 2",
			"thickness": "?",
			"width": "?",
			"supergenre": "LIT",
			"xproject": "CDLI"
		},
		"geometry": {
			"type": "Point",
			"coordinates": [45.230832,32.126944]
		}
	}, {
		"type": "Feature",
		"properties": {
			"id_text": "P230217",
			"author": "Langdon, Stephen",
			"collection": "University of Pennsylvania Museum of Archaeology and Anthropology, Philadelphia, Pennsylvania, USA",
			"designation": "PBS 12, 15",
			"genre": "School",
			"join_information": "N 7192",
			"museum_no": "CBS 04594",
			"object_remarks": "elongated tablet",
			"object_type": "tablet",
			"period": "Middle Babylonian",
			"period_remarks": "Kassite",
			"primary_publication": "PBS 12, 15",
			"provenience": "Nippur",
			"publication_date": "1912",
			"text_remarks": "Ura 2",
			"thickness": "?",
			"width": "?",
			"supergenre": "LIT",
			"xproject": "CDLI"
		},
		"geometry": {
			"type": "Point",
			"coordinates": [45.230832,32.126944]
		}
	}, {
		"type": "Feature",
		"properties": {
			"id_text": "P230507",
			"author": "Veldhuis, Niek",
			"collection": "Arkeoloji Müzeleri, Istanbul, Turkey",
			"designation": "AfO 50, 43",
			"genre": "School",
			"museum_no": "Ist Ni 01043",
			"object_remarks": "lentil",
			"period": "Middle Babylonian",
			"period_remarks": "Kassite",
			"primary_publication": "AfO 50, 43",
			"provenience": "Nippur",
			"publication_date": "2004",
			"text_remarks": "Sb",
			"thickness": "?",
			"width": "?",
			"supergenre": "LIT",
			"xproject": "CDLI"
		},
		"geometry": {
			"type": "Point",
			"coordinates": [45.230832,32.126944]
		}
	}, {
		"type": "Feature",
		"properties": {
			"id_text": "P230844",
			"author": "Veldhuis, Niek",
			"collection": "University of Pennsylvania Museum of Archaeology and Anthropology, Philadelphia, Pennsylvania, USA",
			"designation": "JCS 52, 92: 18",
			"genre": "School",
			"museum_no": "UM 29-15-944",
			"object_remarks": "pillow-shaped",
			"period": "Middle Babylonian",
			"period_remarks": "Kassite",
			"primary_publication": "JCS 52, 92: 18",
			"provenience": "Nippur",
			"publication_date": "2000",
			"text_remarks": "Ura 14",
			"thickness": "?",
			"width": "?",
			"supergenre": "LIT",
			"xproject": "CDLI"
		},
		"geometry": {
			"type": "Point",
			"coordinates": [45.230832,32.126944]
		}
	}, {
		"type": "Feature",
		"properties": {
			"id_text": "P230848",
			"author": "Veldhuis, Niek",
			"collection": "University of Pennsylvania Museum of Archaeology and Anthropology, Philadelphia, Pennsylvania, USA",
			"designation": "JCS 52 92: 16",
			"genre": "School",
			"museum_no": "UM 29-13-771",
			"object_remarks": "pillow-shaped",
			"period": "Middle Babylonian",
			"period_remarks": "Kassite",
			"primary_publication": "JCS 52 92: 16",
			"provenience": "Nippur",
			"publication_date": "2000",
			"text_remarks": "literary; Ura",
			"thickness": "?",
			"width": "?",
			"supergenre": "LIT",
			"xproject": "CDLI"
		},
		"geometry": {
			"type": "Point",
			"coordinates": [45.230832,32.126944]
		}
	}, {
		"type": "Feature",
		"properties": {
			"id_text": "P230849",
			"author": "Veldhuis, Niek",
			"collection": "University of Pennsylvania Museum of Archaeology and Anthropology, Philadelphia, Pennsylvania, USA",
			"designation": "JCS 52, 89: 7",
			"genre": "School",
			"museum_no": "UM 29-15-594",
			"object_remarks": "pillow-shaped",
			"period": "Middle Babylonian",
			"period_remarks": "Kassite",
			"primary_publication": "JCS 52, 89: 7",
			"provenience": "Nippur",
			"publication_date": "2000",
			"text_remarks": "literary; lexical",
			"thickness": "?",
			"width": "?",
			"supergenre": "LIT",
			"xproject": "CDLI"
		},
		"geometry": {
			"type": "Point",
			"coordinates": [45.230832,32.126944]
		}
	}, {
		"type": "Feature",
		"properties": {
			"id_text": "P231456",
			"author": "George, Andrew R.",
			"collection": "University of Pennsylvania Museum of Archaeology and Anthropology, Philadelphia, Pennsylvania, USA",
			"designation": "Gilgamesh II 021, CBS 14167",
			"genre": "School",
			"museum_no": "CBS 14167",
			"object_remarks": "lentil",
			"period": "Middle Babylonian",
			"period_remarks": "Kassite",
			"primary_publication": "Gilgamesh II 021, CBS 14167",
			"provenience": "Nippur",
			"publication_date": "2003",
			"publication_history": "Veldhuis, JCS 52, 088",
			"text_remarks": "Gilgameš; Ura 2",
			"thickness": "?",
			"width": "?",
			"supergenre": "LIT",
			"xproject": "CDLI"
		},
		"geometry": {
			"type": "Point",
			"coordinates": [45.230832,32.126944]
		}
	}, {
		"type": "Feature",
		"properties": {
			"id_text": "P231745",
			"author": "Vedhuis, Niek",
			"collection": "University of Pennsylvania Museum of Archaeology and Anthropology, Philadelphia, Pennsylvania, USA",
			"designation": "JCS 52, 090",
			"genre": "School",
			"join_information": "P231745 lead",
			"museum_no": "N 3783 + N 5031",
			"object_remarks": "lentil",
			"period": "Middle Babylonian",
			"period_remarks": "Kassite",
			"primary_publication": "JCS 52, 090",
			"provenience": "Nippur",
			"publication_date": "2000",
			"publication_history": "Peterson, NABU 2007/34",
			"text_remarks": "ETCSL 6.1.03 Proverbs coll.3; Sb",
			"thickness": "?",
			"width": "?",
			"supergenre": "LIT",
			"xproject": "CDLI"
		},
		"geometry": {
			"type": "Point",
			"coordinates": [45.230832,32.126944]
		}
	}, {
		"type": "Feature",
		"properties": {
			"id_text": "P247850",
			"author": "Peterson, Jeremiah",
			"collection": "University of Pennsylvania Museum of Archaeology and Anthropology, Philadelphia, Pennsylvania, USA",
			"designation": "UF 38, 592",
			"genre": "Lexical",
			"museum_no": "N 6044",
			"object_remarks": "tablet",
			"object_type": "tablet",
			"period": "Middle Babylonian",
			"period_remarks": "Kassite",
			"primary_publication": "UF 38, 592",
			"provenience": "Nippur",
			"publication_date": "2006",
			"text_remarks": "Ura: giš",
			"thickness": "?",
			"width": "?",
			"supergenre": "LEX",
			"xproject": "CDLI"
		},
		"geometry": {
			"type": "Point",
			"coordinates": [45.230832,32.126944]
		}
	}, {
		"type": "Feature",
		"properties": {
			"id_text": "P256648",
			"author": "Veldhuis, Niek",
			"collection": "University of Pennsylvania Museum of Archaeology and Anthropology, Philadelphia, Pennsylvania, USA",
			"designation": "JCS 52, 90: 10",
			"genre": "School",
			"museum_no": "UM 29-16-035",
			"object_remarks": "pillow-shaped",
			"period": "Middle Babylonian",
			"period_remarks": "Kassite",
			"primary_publication": "JCS 52, 90: 10",
			"provenience": "Nippur",
			"publication_date": "2000",
			"text_remarks": "lexical; Inana&apos;s Descent",
			"thickness": "?",
			"width": "?",
			"supergenre": "LIT",
			"xproject": "CDLI"
		},
		"geometry": {
			"type": "Point",
			"coordinates": [45.230832,32.126944]
		}
	}, {
		"type": "Feature",
		"properties": {
			"id_text": "P262860",
			"author": "Civil, Miguel",
			"collection": "University of Pennsylvania Museum of Archaeology and Anthropology, Philadelphia, Pennsylvania, USA",
			"designation": "MSL 15, 102",
			"genre": "School",
			"museum_no": "CBS 07884",
			"object_remarks": "pillow-shaped",
			"period": "Middle Babylonian",
			"period_remarks": "Kassite",
			"primary_publication": "MSL 15, 102",
			"provenience": "Nippur",
			"publication_date": "2004",
			"publication_history": "Veldhuis, JCS 52, 083",
			"text_remarks": "literary; Diri",
			"thickness": "?",
			"width": "?",
			"supergenre": "LIT",
			"xproject": "CDLI"
		},
		"geometry": {
			"type": "Point",
			"coordinates": [45.230832,32.126944]
		}
	}, {
		"type": "Feature",
		"properties": {
			"id_text": "P263556",
			"author": "Peterson, Jeremiah",
			"collection": "University of Pennsylvania Museum of Archaeology and Anthropology, Philadelphia, Pennsylvania, USA",
			"designation": "NABU 2007/66",
			"genre": "School",
			"museum_no": "CBS 08731",
			"object_remarks": "pillow-shaped",
			"period": "Middle Babylonian",
			"period_remarks": "Kassite",
			"primary_publication": "NABU 2007/66",
			"provenience": "Nippur",
			"publication_date": "2007",
			"text_remarks": "An = Anum",
			"thickness": "?",
			"width": "?",
			"supergenre": "LIT",
			"xproject": "CDLI"
		},
		"geometry": {
			"type": "Point",
			"coordinates": [45.230832,32.126944]
		}
	}, {
		"type": "Feature",
		"properties": {
			"id_text": "P267027",
			"collection": "University of Pennsylvania Museum of Archaeology and Anthropology, Philadelphia, Pennsylvania, USA",
			"designation": "CBS 11889",
			"genre": "Lexical",
			"museum_no": "CBS 11889",
			"object_remarks": "tablet",
			"object_type": "tablet",
			"period": "Middle Babylonian",
			"period_remarks": "Kassite",
			"provenience": "Nippur",
			"text_remarks": "Ura 17",
			"thickness": "?",
			"width": "?",
			"supergenre": "LEX",
			"xproject": "CDLI"
		},
		"geometry": {
			"type": "Point",
			"coordinates": [45.230832,32.126944]
		}
	}, {
		"type": "Feature",
		"properties": {
			"id_text": "P268680",
			"credits": "edition courtesy Jeremie Peterson",
			"collection": "University of Pennsylvania Museum of Archaeology and Anthropology, Philadelphia, Pennsylvania, USA",
			"designation": "CBS 13663",
			"genre": "School",
			"museum_no": "CBS 13663",
			"object_remarks": "pillow-shaped",
			"period": "Middle Babylonian",
			"period_remarks": "Kassite",
			"provenience": "Nippur",
			"text_remarks": "Ura 14",
			"thickness": "?",
			"width": "?",
			"supergenre": "LIT",
			"xproject": "CDLI"
		},
		"geometry": {
			"type": "Point",
			"coordinates": [45.230832,32.126944]
		}
	}, {
		"type": "Feature",
		"properties": {
			"id_text": "P273244",
			"author": "George, Andrew R.",
			"collection": "National Museum of Iraq, Baghdad, Iraq",
			"designation": "Gilgamesh II 020, IM 57836",
			"excavation_no": "2N-T075",
			"genre": "School",
			"museum_no": "IM 057836",
			"object_remarks": "lentil",
			"period": "Middle Babylonian",
			"period_remarks": "Kassite",
			"primary_publication": "Gilgamesh II 020, IM 57836",
			"provenience": "Nippur",
			"publication_date": "2003",
			"publication_history": "Falkowitz, Robert S., AfO 29/30 (1983-1984) 37, IM 57836; Veldhuis, Niek, BiOr 56, 391",
			"text_remarks": "Gilgameš; Ura 5",
			"thickness": "?",
			"width": "?",
			"supergenre": "LIT",
			"xproject": "CDLI"
		},
		"geometry": {
			"type": "Point",
			"coordinates": [45.230832,32.126944]
		}
	}, {
		"type": "Feature",
		"properties": {
			"id_text": "P278015",
			"author": "Peterson, Jeremiah",
			"collection": "University of Pennsylvania Museum of Archaeology and Anthropology, Philadelphia, Pennsylvania, USA",
			"designation": "NABU 2007/5",
			"genre": "Lexical",
			"museum_no": "N 2948",
			"object_remarks": "tablet",
			"object_type": "tablet",
			"period": "Middle Babylonian",
			"period_remarks": "Kassite",
			"primary_publication": "NABU 2007/5",
			"provenience": "Nippur",
			"publication_date": "2007",
			"text_remarks": "Diri",
			"thickness": "?",
			"width": "?",
			"supergenre": "LEX",
			"xproject": "CDLI"
		},
		"geometry": {
			"type": "Point",
			"coordinates": [45.230832,32.126944]
		}
	}, {
		"type": "Feature",
		"properties": {
			"id_text": "P313117",
			"author": "Biggs, Robert D.",
			"designation": "OIP 097, 42",
			"genre": "School",
			"object_remarks": "pillow-shaped",
			"period": "Middle Babylonian",
			"period_remarks": "Kassite",
			"primary_publication": "OIP 097, 42",
			"provenience": "Nippur",
			"publication_date": "1978",
			"text_remarks": "lexical; unidentified",
			"thickness": "?",
			"width": "?",
			"supergenre": "LIT",
			"xproject": "CDLI"
		},
		"geometry": {
			"type": "Point",
			"coordinates": [45.230832,32.126944]
		}
	}, {
		"type": "Feature",
		"properties": {
			"id_text": "P332927",
			"author": "Zettler, Richard L.",
			"collection": "National Museum of Iraq, Baghdad, Iraq",
			"designation": "OIP 111, pl. 098, 14 N 229",
			"excavation_no": "14N-T229",
			"genre": "School",
			"museum_no": "IM 080124",
			"object_remarks": "pillow-shaped",
			"period": "Middle Babylonian",
			"period_remarks": "Kassite",
			"primary_publication": "OIP 111, pl. 098, 14 N 229",
			"provenience": "Nippur",
			"publication_date": "1993",
			"text_remarks": "Ura",
			"thickness": "2.5",
			"width": "4.5",
			"supergenre": "LIT",
			"xproject": "CDLI"
		},
		"geometry": {
			"type": "Point",
			"coordinates": [45.230832,32.126944]
		}
	}, {
		"type": "Feature",
		"properties": {
			"id_text": "P332941",
			"author": "Durand, Jean-Marie",
			"designation": "TBER, 55, AO 017664",
			"genre": "School",
			"language": "bilingual",
			"museum_no": "AO 17664",
			"object_remarks": "pillow-shaped",
			"period": "Middle Babylonian",
			"period_remarks": "Kassite",
			"primary_publication": "TBER, 55, AO 017664",
			"provenience": "Nippur",
			"text_remarks": "Ura 2",
			"supergenre": "LIT",
			"xproject": "CDLI"
		},
		"geometry": {
			"type": "Point",
			"coordinates": [45.230832,32.126944]
		}
	}, {
		"type": "Feature",
		"properties": {
			"id_text": "P347125",
			"author": "van Dijk, Johannes J. A.",
			"designation": "VS 24, 005",
			"genre": "Lexical",
			"museum_no": "VAT 17098",
			"object_remarks": "tablet",
			"object_type": "tablet",
			"period": "Middle Babylonian",
			"period_remarks": "Kassite",
			"primary_publication": "VS 24, 005",
			"provenience": "Babylon",
			"publication_date": "1987",
			"publication_history": "MSL 13, 204 B; Pedersen ADOG 25, 103 (31)",
			"text_remarks": "Izi",
			"supergenre": "LEX",
			"xproject": "CDLI"
		},
		"geometry": {
			"type": "Point",
			"coordinates": [44.422236,32.543395]
		}
	}, {
		"type": "Feature",
		"properties": {
			"id_text": "P347134",
			"author": "van Dijk, Johannes J. A.",
			"designation": "VS 24, 015",
			"genre": "School",
			"museum_no": "VAT 17563",
			"object_remarks": "pillow-shaped",
			"period": "Middle Babylonian",
			"period_remarks": "Kassite",
			"primary_publication": "VS 24, 015",
			"provenience": "Babylon",
			"publication_date": "1987",
			"text_remarks": "Lu = ša",
			"supergenre": "LIT",
			"xproject": "CDLI"
		},
		"geometry": {
			"type": "Point",
			"coordinates": [44.422236,32.543395]
		}
	}, {
		"type": "Feature",
		"properties": {
			"id_text": "P347136",
			"author": "van Dijk, Johannes J. A.",
			"designation": "VS 24, 017",
			"excavation_no": "BE 36432",
			"genre": "Lexical",
			"museum_no": "VAT 17088",
			"object_remarks": "tablet",
			"object_type": "tablet",
			"period": "Middle Babylonian",
			"period_remarks": "Kassite",
			"primary_publication": "VS 24, 017",
			"provenience": "Babylon",
			"publication_date": "1987",
			"publication_history": "Pedersen ADOG 25, 82 (56)",
			"text_remarks": "An = Anum",
			"supergenre": "LEX",
			"xproject": "CDLI"
		},
		"geometry": {
			"type": "Point",
			"coordinates": [44.422236,32.543395]
		}
	}, {
		"type": "Feature",
		"properties": {
			"id_text": "P349388",
			"author": "Zettler, Richard L.",
			"designation": "OIP 111, pl. 103, 14 N 259a",
			"excavation_no": "14N-T259a",
			"genre": "Lexical",
			"object_remarks": "tablet",
			"object_type": "tablet",
			"period": "Middle Babylonian",
			"period_remarks": "Kassite",
			"primary_publication": "OIP 111, pl. 103, 14 N 259a",
			"provenience": "Nippur",
			"publication_date": "1993",
			"publication_history": "MSL 15, 197",
			"text_remarks": "Diri",
			"supergenre": "LEX",
			"xproject": "CDLI"
		},
		"geometry": {
			"type": "Point",
			"coordinates": [45.230832,32.126944]
		}
	}, {
		"type": "Feature",
		"properties": {
			"id_text": "P349859",
			"collection": "National Museum of Iraq, Baghdad, Iraq",
			"designation": "IM 058953",
			"excavation_no": "2N-T348",
			"genre": "School",
			"museum_no": "IM 058953",
			"object_remarks": "pillow-shaped",
			"period": "Middle Babylonian",
			"period_remarks": "Kassite",
			"provenience": "Nippur",
			"publication_history": "see Veldhuis, JCS 52, 69",
			"text_remarks": "Ura 6",
			"supergenre": "LIT",
			"xproject": "CDLI"
		},
		"geometry": {
			"type": "Point",
			"coordinates": [45.230832,32.126944]
		}
	}, {
		"type": "Feature",
		"properties": {
			"id_text": "P349923",
			"author": "Civil, Miguel",
			"collection": "Arkeoloji Müzeleri, Istanbul, Turkey",
			"designation": "MSL 13, 243",
			"genre": "Lexical",
			"museum_no": "Ist Ni 10149",
			"object_remarks": "tablet",
			"object_type": "tablet",
			"period": "Middle Babylonian",
			"period_remarks": "Kassite",
			"primary_publication": "MSL 13, 243",
			"provenience": "Nippur",
			"publication_date": "1971",
			"supergenre": "LEX",
			"xproject": "CDLI"
		},
		"geometry": {
			"type": "Point",
			"coordinates": [45.230832,32.126944]
		}
	}, {
		"type": "Feature",
		"properties": {
			"id_text": "P373783",
			"author": "Civil, Miguel",
			"collection": "National Museum of Iraq, Baghdad, Iraq",
			"designation": "MSL 12, 91 L",
			"excavation_no": "2N-T363",
			"genre": "Lexical",
			"museum_no": "IM 058955",
			"object_remarks": "tablet",
			"object_type": "tablet",
			"period": "Middle Babylonian",
			"period_remarks": "Kassite",
			"primary_publication": "MSL 12, 91 L",
			"provenience": "Nippur",
			"publication_date": "1969",
			"text_remarks": "Lu 1",
			"supergenre": "LEX",
			"xproject": "CDLI"
		},
		"geometry": {
			"type": "Point",
			"coordinates": [45.230832,32.126944]
		}
	}, {
		"type": "Feature",
		"properties": {
			"id_text": "P385890",
			"author": "Landsberger, Benno",
			"collection": "National Museum of Iraq, Baghdad, Iraq",
			"designation": "MSL 12, p. 115 D",
			"excavation_no": "2N-T434",
			"genre": "Lexical",
			"museum_no": "IM 058005",
			"object_remarks": "tablet",
			"object_type": "tablet",
			"period": "Middle Babylonian",
			"period_remarks": "Kassite",
			"primary_publication": "MSL 12, p. 115 D",
			"provenience": "Nippur",
			"publication_date": "1969",
			"supergenre": "LEX",
			"xproject": "CDLI"
		},
		"geometry": {
			"type": "Point",
			"coordinates": [45.230832,32.126944]
		}
	}, {
		"type": "Feature",
		"properties": {
			"id_text": "P386385",
			"author": "Geller, Markham J.",
			"collection": "Arkeoloji Müzeleri, Istanbul, Turkey",
			"designation": "BAM 7, 51",
			"excavation_no": "Bab 47097",
			"genre": "Lexical",
			"museum_no": "Ist —",
			"object_remarks": "tablet",
			"object_type": "tablet",
			"period": "Middle Babylonian",
			"period_remarks": "Kassite",
			"primary_publication": "BAM 7, 51",
			"provenience": "Babylon",
			"publication_date": "2005",
			"publication_history": "Pedersen, ADOG 25 226",
			"text_remarks": "Kagal",
			"supergenre": "LEX",
			"xproject": "CDLI"
		},
		"geometry": {
			"type": "Point",
			"coordinates": [44.422236,32.543395]
		}
	}, {
		"type": "Feature",
		"properties": {
			"id_text": "P417036",
			"archive": "M6",
			"credits": "Identification of the Babylon number by Alexa Bartelmus.",
			"collection": "Royal Ontario Museum of Archaeology, Toronto, Ontario, Canada",
			"designation": "ROM 910x209.184",
			"excavation_no": "Bab 36669,19",
			"genre": "School",
			"museum_no": "ROM 910x209.184",
			"object_remarks": "pillow-shaped",
			"period": "Middle Babylonian",
			"period_remarks": "Kassite",
			"provenience": "Babylon",
			"publication_history": "Pedersén, Olof, ADOG 25 (2005) 091 M6, 130",
			"text_remarks": "literary",
			"supergenre": "LIT",
			"xproject": "CDLI"
		},
		"geometry": {
			"type": "Point",
			"coordinates": [44.422236,32.543395]
		}
	}, {
		"type": "Feature",
		"properties": {
			"id_text": "P256599",
			"author": "Veldhuis, Niek",
			"collection": "University of Pennsylvania Museum of Archaeology and Anthropology, Philadelphia, Pennsylvania, USA",
			"designation": "JCS 52, 093",
			"genre": "School",
			"museum_no": "UM 29-15-970",
			"object_remarks": "pillow-shaped",
			"period": "Middle Babylonian",
			"period_remarks": "Kassite",
			"primary_publication": "JCS 52, 093",
			"provenience": "Nippur",
			"publication_date": "2000",
			"text_remarks": "Weidner God List",
			"supergenre": "LIT",
			"xproject": "CDLI"
		},
		"geometry": {
			"type": "Point",
			"coordinates": [45.230832,32.126944]
		}
	}, {
		"type": "Feature",
		"properties": {
			"id_text": "P230508",
			"author": "Veldhuis, Niek",
			"collection": "Arkeoloji Müzeleri, Istanbul, Turkey",
			"designation": "AfO 50, 42-43",
			"genre": "School",
			"museum_no": "Ist Ni 00292",
			"object_remarks": "lentil",
			"period": "Middle Babylonian",
			"period_remarks": "Kassite",
			"primary_publication": "AfO 50, 42-43",
			"provenience": "Nippur",
			"publication_date": "2004",
			"text_remarks": "literary; Weidner God List",
			"supergenre": "LIT",
			"xproject": "CDLI"
		},
		"geometry": {
			"type": "Point",
			"coordinates": [45.230832,32.126944]
		}
	}, {
		"type": "Feature",
		"properties": {
			"id_text": "X000100",
			"author": "Veldhuis, Niek",
			"collection": "Hilprecht-Sammlung, University of Jena, Germany",
			"designation": "AfO 50, 42",
			"genre": "School",
			"museum_no": "HS 1764",
			"object_remarks": "lentil",
			"period": "Middle Babylonian",
			"period_remarks": "Kassite",
			"primary_publication": "AfO 50, 42",
			"provenience": "Nippur",
			"publication_date": "2004",
			"publication_history": "Oelsner NABU 2006/61",
			"text_remarks": "An = Anum",
			"supergenre": "LIT"
		},
		"geometry": {
			"type": "Point",
			"coordinates": [45.230832,32.126944]
		}
	}, {
		"type": "Feature",
		"properties": {
			"id_text": "P276710",
			"author": "Peterson, Jeremiah",
			"collection": "University of Pennsylvania Museum of Archaeology and Anthropology, Philadelphia, Pennsylvania, USA",
			"designation": "NABU 2007/081",
			"genre": "School",
			"museum_no": "N 1586",
			"object_remarks": "pillow-shaped",
			"period": "Middle Babylonian",
			"period_remarks": "Kassite",
			"primary_publication": "NABU 2007/081",
			"provenience": "Nippur",
			"publication_date": "2007",
			"text_remarks": "Codex Hammurabi",
			"supergenre": "LIT",
			"xproject": "CDLI"
		},
		"geometry": {
			"type": "Point",
			"coordinates": [45.230832,32.126944]
		}
	}, {
		"type": "Feature",
		"properties": {
			"id_text": "P459063",
			"author": "Civil, Miguel",
			"designation": "OIC 22, 18",
			"excavation_no": "11N-T0026",
			"genre": "School",
			"object_remarks": "lentil",
			"period": "Middle Babylonian",
			"period_remarks": "Kassite",
			"primary_publication": "OIC 22, 18",
			"provenience": "Nippur",
			"publication_date": "1975",
			"text_remarks": "Ura 8",
			"supergenre": "LIT",
			"xproject": "CDLI"
		},
		"geometry": {
			"type": "Point",
			"coordinates": [45.230832,32.126944]
		}
	}, {
		"type": "Feature",
		"properties": {
			"id_text": "P263353",
			"author": "Veldhuis, Niek",
			"designation": "JCS 52, 098",
			"genre": "School",
			"object_remarks": "lentil",
			"period": "Middle Babylonian",
			"period_remarks": "Kassite",
			"primary_publication": "JCS 52, 098",
			"provenience": "Nippur",
			"publication_date": "2000",
			"text_remarks": "sign list",
			"supergenre": "LIT",
			"xproject": "CDLI"
		},
		"geometry": {
			"type": "Point",
			"coordinates": [45.230832,32.126944]
		}
	}, {
		"type": "Feature",
		"properties": {
			"id_text": "P270004",
			"author": "Veldhuis, Niek",
			"collection": "University of Pennsylvania Museum of Archaeology and Anthropology, Philadelphia, Pennsylvania, USA",
			"designation": "JCS 52, 091",
			"genre": "School",
			"museum_no": "CBS 19840",
			"object_remarks": "lentil",
			"period": "Middle Babylonian",
			"period_remarks": "Kassite",
			"primary_publication": "JCS 52, 091",
			"provenience": "Nippur",
			"publication_date": "2000",
			"text_remarks": "literary",
			"supergenre": "LIT",
			"xproject": "CDLI"
		},
		"geometry": {
			"type": "Point",
			"coordinates": [45.230832,32.126944]
		}
	}, {
		"type": "Feature",
		"properties": {
			"id_text": "P231245",
			"collection": "University of Pennsylvania Museum of Archaeology and Anthropology, Philadelphia, Pennsylvania, USA",
			"designation": "N 5048",
			"genre": "School",
			"museum_no": "N 5048",
			"object_remarks": "lentil",
			"period": "Middle Babylonian",
			"period_remarks": "Kassite",
			"provenience": "Nippur",
			"publication_history": "Veldhuis, JCS 52 (2000), 85",
			"text_remarks": "literary",
			"supergenre": "LIT",
			"xproject": "CDLI"
		},
		"geometry": {
			"type": "Point",
			"coordinates": [45.230832,32.126944]
		}
	}, {
		"type": "Feature",
		"properties": {
			"id_text": "P231367",
			"author": "Sassmannshausen, Leonhard",
			"collection": "University of Pennsylvania Museum of Archaeology and Anthropology, Philadelphia, Pennsylvania, USA",
			"designation": "BagM 28, 208 22",
			"genre": "School",
			"museum_no": "N 5447",
			"object_remarks": "lentil",
			"period": "Middle Babylonian",
			"period_remarks": "Kassite",
			"primary_publication": "BagM 28, 208 22",
			"provenience": "Nippur",
			"publication_date": "1997",
			"publication_history": "Veldhuis JCS 52 (2000), 85",
			"text_remarks": "Proverbs; lexical",
			"supergenre": "LIT",
			"xproject": "CDLI"
		},
		"geometry": {
			"type": "Point",
			"coordinates": [45.230832,32.126944]
		}
	}, {
		"type": "Feature",
		"properties": {
			"id_text": "P228536",
			"collection": "University of Pennsylvania Museum of Archaeology and Anthropology, Philadelphia, Pennsylvania, USA",
			"designation": "UM 29-13-079",
			"genre": "School",
			"museum_no": "UM 29-13-079",
			"object_remarks": "lentil",
			"period": "Middle Babylonian",
			"period_remarks": "Kassite",
			"provenience": "Nippur",
			"publication_history": "Veldhuis JCS 52 (2000), 85",
			"text_remarks": "literary",
			"supergenre": "LIT",
			"xproject": "CDLI"
		},
		"geometry": {
			"type": "Point",
			"coordinates": [45.230832,32.126944]
		}
	}, {
		"type": "Feature",
		"properties": {
			"id_text": "P273338",
			"author": "Gadd, Cyril J.",
			"collection": "British Museum, London, UK",
			"designation": "UET 6, 0400",
			"genre": "School",
			"object_remarks": "pillow-shaped",
			"period": "Middle Babylonian",
			"period_remarks": "Kassite",
			"primary_publication": "UET 6, 0400",
			"provenience": "Ur",
			"publication_date": "1966",
			"publication_history": "Veldhuis, JCS 52 (2000), 86; Ludwig UAVA 9 (2009), 248",
			"text_remarks": "literary; Ura 13",
			"supergenre": "LIT",
			"xproject": "CDLI"
		},
		"geometry": {
			"type": "Point",
			"coordinates": [46.104748,30.961580]
		}
	}, {
		"type": "Feature",
		"properties": {
			"id_text": "P347746",
			"collection": "Ashmolean Museum, Oxford, UK",
			"designation": "MSL SS 1, 023",
			"genre": "School",
			"museum_no": "Ashm 1924-0922",
			"object_remarks": "pillow-shaped",
			"period": "Middle Babylonian",
			"period_remarks": "Kassite",
			"primary_publication": "MSL SS 1, 023",
			"provenience": "Kiš",
			"text_remarks": "Ura 8",
			"supergenre": "LIT",
			"xproject": "CDLI"
		},
		"geometry": {
			"type": "Point",
			"coordinates": [44.585271,32.551977]
		}
	}, {
		"type": "Feature",
		"properties": {
			"id_text": "P230846",
			"collection": "University of Pennsylvania Museum of Archaeology and Anthropology, Philadelphia, Pennsylvania, USA",
			"designation": "UM 29-13-006",
			"genre": "School",
			"museum_no": "UM 29-13-006",
			"object_remarks": "pillow-shaped",
			"period": "Middle Babylonian",
			"period_remarks": "Kassite",
			"provenience": "Nippur",
			"publication_history": "Veldhuis JCS 52 (2000), 84",
			"supergenre": "LIT",
			"xproject": "CDLI"
		},
		"geometry": {
			"type": "Point",
			"coordinates": [45.230832,32.126944]
		}
	}, {
		"type": "Feature",
		"properties": {
			"id_text": "P255297",
			"collection": "University of Pennsylvania Museum of Archaeology and Anthropology, Philadelphia, Pennsylvania, USA",
			"designation": "UM 29-13-322",
			"genre": "School",
			"museum_no": "UM 29-13-322",
			"object_remarks": "pillow-shaped",
			"period": "Middle Babylonian",
			"period_remarks": "Kassite",
			"provenience": "Nippur",
			"publication_history": "Veldhuis JCS 52 (2000), 84",
			"supergenre": "LIT",
			"xproject": "CDLI"
		},
		"geometry": {
			"type": "Point",
			"coordinates": [45.230832,32.126944]
		}
	}, {
		"type": "Feature",
		"properties": {
			"id_text": "P255445",
			"author": "Civil, Miguel",
			"collection": "University of Pennsylvania Museum of Archaeology and Anthropology, Philadelphia, Pennsylvania, USA",
			"designation": "JAOS 103, 047 G",
			"genre": "School",
			"museum_no": "UM 29-13-495",
			"object_remarks": "pillow-shaped",
			"period": "Middle Babylonian",
			"period_remarks": "Kassite",
			"primary_publication": "JAOS 103, 047 G",
			"provenience": "Nippur",
			"publication_date": "1983",
			"publication_history": "Veldhuis JCS 52 (2000), 84",
			"text_remarks": "Enlil and Sud",
			"supergenre": "LIT",
			"xproject": "CDLI"
		},
		"geometry": {
			"type": "Point",
			"coordinates": [45.230832,32.126944]
		}
	}, {
		"type": "Feature",
		"properties": {
			"id_text": "P255482",
			"author": "Veldhuis, Niek",
			"collection": "University of Pennsylvania Museum of Archaeology and Anthropology, Philadelphia, Pennsylvania, USA",
			"designation": "JCS 52, 091",
			"genre": "School",
			"museum_no": "UM 29-13-543",
			"object_remarks": "pillow-shaped",
			"period": "Middle Babylonian",
			"period_remarks": "Kassite",
			"primary_publication": "JCS 52, 091",
			"provenience": "Nippur",
			"publication_date": "2000",
			"text_remarks": "literary",
			"supergenre": "LIT",
			"xproject": "CDLI"
		},
		"geometry": {
			"type": "Point",
			"coordinates": [45.230832,32.126944]
		}
	}, {
		"type": "Feature",
		"properties": {
			"id_text": "P231736",
			"author": "Civil, Miguel",
			"collection": "University of Pennsylvania Museum of Archaeology and Anthropology, Philadelphia, Pennsylvania, USA",
			"designation": "JAOS 103, 048 J",
			"genre": "School",
			"museum_no": "UM 29-13-545",
			"object_remarks": "pillow-shaped",
			"period": "Middle Babylonian",
			"period_remarks": "Kassite",
			"primary_publication": "JAOS 103, 048 J",
			"provenience": "Nippur",
			"publication_date": "1983",
			"publication_history": "Veldhuis JCS 52 (2000), 84",
			"text_remarks": "Enlil and Sud",
			"supergenre": "LIT",
			"xproject": "CDLI"
		},
		"geometry": {
			"type": "Point",
			"coordinates": [45.230832,32.126944]
		}
	}, {
		"type": "Feature",
		"properties": {
			"id_text": "P256540",
			"collection": "University of Pennsylvania Museum of Archaeology and Anthropology, Philadelphia, Pennsylvania, USA",
			"designation": "UM 29-15-854",
			"genre": "School",
			"museum_no": "UM 29-15-854",
			"object_remarks": "pillow-shaped",
			"period": "Middle Babylonian",
			"period_remarks": "Kassite",
			"provenience": "Nippur",
			"publication_history": "Veldhuis JCS 52 (2000), 84",
			"supergenre": "LIT",
			"xproject": "CDLI"
		},
		"geometry": {
			"type": "Point",
			"coordinates": [45.230832,32.126944]
		}
	}, {
		"type": "Feature",
		"properties": {
			"id_text": "P256560",
			"collection": "University of Pennsylvania Museum of Archaeology and Anthropology, Philadelphia, Pennsylvania, USA",
			"designation": "UM 29-15-883",
			"genre": "School",
			"museum_no": "UM 29-15-883",
			"object_remarks": "pillow-shaped",
			"period": "Middle Babylonian",
			"period_remarks": "Kassite",
			"provenience": "Nippur",
			"publication_history": "Veldhuis JCS 52 (2000), 84",
			"supergenre": "LIT",
			"xproject": "CDLI"
		},
		"geometry": {
			"type": "Point",
			"coordinates": [45.230832,32.126944]
		}
	}, {
		"type": "Feature",
		"properties": {
			"id_text": "P228741",
			"author": "Veldhuis, Niek",
			"collection": "University of Pennsylvania Museum of Archaeology and Anthropology, Philadelphia, Pennsylvania, USA",
			"designation": "JCS 52, 091",
			"genre": "School",
			"museum_no": "UM 29-16-383",
			"object_remarks": "pillow-shaped",
			"period": "Middle Babylonian",
			"period_remarks": "Kassite",
			"primary_publication": "JCS 52, 091",
			"provenience": "Nippur",
			"publication_date": "2000",
			"text_remarks": "literary; Ura 3",
			"supergenre": "LIT",
			"xproject": "CDLI"
		},
		"geometry": {
			"type": "Point",
			"coordinates": [45.230832,32.126944]
		}
	}, {
		"type": "Feature",
		"properties": {
			"id_text": "P257008",
			"collection": "University of Pennsylvania Museum of Archaeology and Anthropology, Philadelphia, Pennsylvania, USA",
			"designation": "UM 29-16-528",
			"genre": "School",
			"museum_no": "UM 29-16-528",
			"object_remarks": "pillow-shaped",
			"period": "Middle Babylonian",
			"period_remarks": "Kassite",
			"provenience": "Nippur",
			"publication_history": "Veldhuis JCS 52 (2000), 84",
			"supergenre": "LIT",
			"xproject": "CDLI"
		},
		"geometry": {
			"type": "Point",
			"coordinates": [45.230832,32.126944]
		}
	}, {
		"type": "Feature",
		"properties": {
			"id_text": "P257039",
			"collection": "University of Pennsylvania Museum of Archaeology and Anthropology, Philadelphia, Pennsylvania, USA",
			"designation": "UM 29-16-596",
			"genre": "School",
			"museum_no": "UM 29-16-596",
			"object_remarks": "pillow-shaped",
			"period": "Middle Babylonian",
			"period_remarks": "Kassite",
			"provenience": "Nippur",
			"publication_history": "Veldhuis JCS 52 (2000), 84",
			"supergenre": "LIT",
			"xproject": "CDLI"
		},
		"geometry": {
			"type": "Point",
			"coordinates": [45.230832,32.126944]
		}
	}, {
		"type": "Feature",
		"properties": {
			"id_text": "P257045",
			"author": "George, Andrew R.",
			"collection": "University of Pennsylvania Museum of Archaeology and Anthropology, Philadelphia, Pennsylvania, USA",
			"designation": "Gilgamesh II 021, UM 29-16-606",
			"genre": "School",
			"museum_no": "UM 29-16-606",
			"object_remarks": "pillow-shaped",
			"period": "Middle Babylonian",
			"period_remarks": "Kassite",
			"primary_publication": "Gilgamesh II 021, UM 29-16-606",
			"provenience": "Nippur",
			"publication_date": "2003",
			"publication_history": "Veldhuis JCS 52 (2000), 84",
			"text_remarks": "Gilgameš",
			"supergenre": "LIT",
			"xproject": "CDLI"
		},
		"geometry": {
			"type": "Point",
			"coordinates": [45.230832,32.126944]
		}
	}, {
		"type": "Feature",
		"properties": {
			"id_text": "P268409",
			"collection": "University of Pennsylvania Museum of Archaeology and Anthropology, Philadelphia, Pennsylvania, USA",
			"designation": "CBS 13330",
			"genre": "School",
			"museum_no": "CBS 13330",
			"object_remarks": "pillow-shaped",
			"period": "Middle Babylonian",
			"period_remarks": "Kassite",
			"provenience": "Nippur",
			"publication_history": "Veldhuis, JCS 52, 084",
			"supergenre": "LIT",
			"xproject": "CDLI"
		},
		"geometry": {
			"type": "Point",
			"coordinates": [45.230832,32.126944]
		}
	}, {
		"type": "Feature",
		"properties": {
			"id_text": "P270403",
			"collection": "University of Pennsylvania Museum of Archaeology and Anthropology, Philadelphia, Pennsylvania, USA",
			"designation": "CBS 19823",
			"genre": "School",
			"museum_no": "CBS 19823",
			"object_remarks": "pillow-shaped",
			"period": "Middle Babylonian",
			"period_remarks": "Kassite",
			"provenience": "Nippur",
			"publication_history": "Veldhuis, JCS 52, 084",
			"supergenre": "LIT",
			"xproject": "CDLI"
		},
		"geometry": {
			"type": "Point",
			"coordinates": [45.230832,32.126944]
		}
	}, {
		"type": "Feature",
		"properties": {
			"id_text": "P270408",
			"author": "Veldhuis, Niek",
			"collection": "University of Pennsylvania Museum of Archaeology and Anthropology, Philadelphia, Pennsylvania, USA",
			"designation": "JCS 52, 091",
			"genre": "School",
			"museum_no": "CBS 19831",
			"object_remarks": "pillow-shaped",
			"period": "Middle Babylonian",
			"period_remarks": "Kassite",
			"primary_publication": "JCS 52, 091",
			"provenience": "Nippur",
			"publication_date": "2000",
			"text_remarks": "literary",
			"supergenre": "LIT",
			"xproject": "CDLI"
		},
		"geometry": {
			"type": "Point",
			"coordinates": [45.230832,32.126944]
		}
	}, {
		"type": "Feature",
		"properties": {
			"id_text": "P276623",
			"collection": "University of Pennsylvania Museum of Archaeology and Anthropology, Philadelphia, Pennsylvania, USA",
			"designation": "N 1486",
			"genre": "School",
			"museum_no": "N 1486",
			"object_remarks": "pillow-shaped",
			"period": "Middle Babylonian",
			"period_remarks": "Kassite",
			"provenience": "Nippur",
			"publication_history": "Veldhuis JCS 52 (2000), 84",
			"supergenre": "LIT",
			"xproject": "CDLI"
		},
		"geometry": {
			"type": "Point",
			"coordinates": [45.230832,32.126944]
		}
	}, {
		"type": "Feature",
		"properties": {
			"id_text": "P231058",
			"collection": "University of Pennsylvania Museum of Archaeology and Anthropology, Philadelphia, Pennsylvania, USA",
			"designation": "N 4516",
			"genre": "School",
			"museum_no": "N 4516",
			"object_remarks": "pillow-shaped",
			"period": "Middle Babylonian",
			"period_remarks": "Kassite",
			"provenience": "Nippur",
			"publication_history": "Veldhuis JCS 52 (2000), 84",
			"supergenre": "LIT",
			"xproject": "CDLI"
		},
		"geometry": {
			"type": "Point",
			"coordinates": [45.230832,32.126944]
		}
	}, {
		"type": "Feature",
		"properties": {
			"id_text": "P279706",
			"author": "Veldhuis, Niek",
			"collection": "University of Pennsylvania Museum of Archaeology and Anthropology, Philadelphia, Pennsylvania, USA",
			"designation": "JCS 52, 088",
			"genre": "School",
			"museum_no": "N 5489",
			"object_remarks": "pillow-shaped",
			"period": "Middle Babylonian",
			"period_remarks": "Kassite",
			"primary_publication": "JCS 52, 088",
			"provenience": "Nippur",
			"publication_date": "2000",
			"text_remarks": "Code of Hammurabi",
			"supergenre": "LIT",
			"xproject": "CDLI"
		},
		"geometry": {
			"type": "Point",
			"coordinates": [45.230832,32.126944]
		}
	}, {
		"type": "Feature",
		"properties": {
			"id_text": "P281390",
			"collection": "University of Pennsylvania Museum of Archaeology and Anthropology, Philadelphia, Pennsylvania, USA",
			"designation": "N 7662",
			"genre": "School",
			"museum_no": "N 7662",
			"object_remarks": "pillow-shaped",
			"period": "Middle Babylonian",
			"period_remarks": "Kassite",
			"provenience": "Nippur",
			"publication_history": "Veldhuis JCS 52 (2000), 84",
			"supergenre": "LIT",
			"xproject": "CDLI"
		},
		"geometry": {
			"type": "Point",
			"coordinates": [45.230832,32.126944]
		}
	}, {
		"type": "Feature",
		"properties": {
			"id_text": "P231665",
			"author": "Kramer, Samuel N., Çig, Muazzez &amp; Kizilyay, Hatice",
			"collection": "Arkeoloji Müzeleri, Istanbul, Turkey",
			"designation": "ISET 2, 109, Ni 00679",
			"genre": "School",
			"museum_no": "Ist Ni 00679",
			"object_remarks": "pillow-shaped",
			"period": "Middle Babylonian",
			"period_remarks": "Kassite",
			"primary_publication": "ISET 2, 109, Ni 00679",
			"provenience": "Nippur",
			"publication_date": "1976",
			"publication_history": "Veldhuis JCS 52 (2000), 84",
			"text_remarks": "Proverbs",
			"supergenre": "LIT",
			"xproject": "CDLI"
		},
		"geometry": {
			"type": "Point",
			"coordinates": [45.230832,32.126944]
		}
	}, {
		"type": "Feature",
		"properties": {
			"id_text": "P230309",
			"author": "Langdon, Stephen H.",
			"collection": "University of Pennsylvania Museum of Archaeology and Anthropology, Philadelphia, Pennsylvania, USA",
			"designation": "PBS 12, 44",
			"genre": "School",
			"museum_no": "CBS 04615",
			"object_remarks": "pillow-shaped",
			"period": "Middle Babylonian",
			"period_remarks": "Kassite",
			"primary_publication": "PBS 12, 44",
			"provenience": "Nippur",
			"publication_date": "1917",
			"publication_history": "Veldhuis, JCS 52, 083",
			"text_remarks": "literary",
			"supergenre": "LIT",
			"xproject": "CDLI"
		},
		"geometry": {
			"type": "Point",
			"coordinates": [45.230832,32.126944]
		}
	}, {
		"type": "Feature",
		"properties": {
			"id_text": "P262169",
			"credits": "Identification Alexa Bartelmus",
			"collection": "University of Pennsylvania Museum of Archaeology and Anthropology, Philadelphia, Pennsylvania, USA",
			"designation": "CBS 07133",
			"genre": "School",
			"museum_no": "CBS 07133",
			"object_remarks": "pillow-shaped",
			"period": "Middle Babylonian",
			"period_remarks": "Kassite",
			"provenience": "Nippur",
			"publication_history": "Veldhuis, JCS 52, 083",
			"text_remarks": "Ninurta&apos;s Return",
			"supergenre": "LIT",
			"xproject": "CDLI"
		},
		"geometry": {
			"type": "Point",
			"coordinates": [45.230832,32.126944]
		}
	}, {
		"type": "Feature",
		"properties": {
			"id_text": "P227638",
			"author": "Chiera, Edward",
			"collection": "University of Pennsylvania Museum of Archaeology and Anthropology, Philadelphia, Pennsylvania, USA",
			"designation": "SLT 121",
			"genre": "Lexical",
			"museum_no": "CBS 10805",
			"object_remarks": "tablet",
			"object_type": "tablet",
			"period": "Middle Babylonian",
			"period_remarks": "Kassite",
			"primary_publication": "SLT 121",
			"provenience": "Nippur",
			"publication_date": "1929",
			"text_remarks": "An = Anum 5",
			"supergenre": "LEX",
			"xproject": "CDLI"
		},
		"geometry": {
			"type": "Point",
			"coordinates": [45.230832,32.126944]
		}
	}, {
		"type": "Feature",
		"properties": {
			"id_text": "P228065",
			"author": "Chiera, Edward",
			"collection": "University of Pennsylvania Museum of Archaeology and Anthropology, Philadelphia, Pennsylvania, USA",
			"designation": "SLT 045",
			"genre": "Lexical",
			"museum_no": "CBS 08769",
			"object_remarks": "tablet",
			"object_type": "tablet",
			"period": "Middle Babylonian",
			"period_remarks": "Kassite",
			"primary_publication": "SLT 045",
			"provenience": "Nippur",
			"publication_date": "1929",
			"text_remarks": "Ura 14",
			"supergenre": "LEX",
			"xproject": "CDLI"
		},
		"geometry": {
			"type": "Point",
			"coordinates": [45.230832,32.126944]
		}
	}, {
		"type": "Feature",
		"properties": {
			"id_text": "P228588",
			"author": "Civil, Miguel",
			"collection": "University of Pennsylvania Museum of Archaeology and Anthropology, Philadelphia, Pennsylvania, USA",
			"designation": "MSL 14, 147",
			"genre": "Lexical",
			"object_remarks": "tablet",
			"object_type": "tablet",
			"period": "Middle Babylonian",
			"period_remarks": "Kassite",
			"primary_publication": "MSL 14, 147",
			"provenience": "Nippur",
			"publication_date": "1979",
			"text_remarks": "Ea 7",
			"supergenre": "LEX",
			"xproject": "CDLI"
		},
		"geometry": {
			"type": "Point",
			"coordinates": [45.230832,32.126944]
		}
	}, {
		"type": "Feature",
		"properties": {
			"id_text": "P228629",
			"author": "Finkel, Irving",
			"collection": "University of Pennsylvania Museum of Archaeology and Anthropology, Philadelphia, Pennsylvania, USA",
			"designation": "MSL 16, 151 H",
			"genre": "Lexical",
			"object_remarks": "tablet",
			"object_type": "tablet",
			"period": "Middle Babylonian",
			"period_remarks": "Kassite",
			"primary_publication": "MSL 16, 151 H",
			"provenience": "Nippur",
			"publication_date": "1982",
			"text_remarks": "Nabnitu 17",
			"supergenre": "LEX",
			"xproject": "CDLI"
		},
		"geometry": {
			"type": "Point",
			"coordinates": [45.230832,32.126944]
		}
	}, {
		"type": "Feature",
		"properties": {
			"id_text": "P230116",
			"author": "Civil, Miguel",
			"collection": "Arkeoloji Müzeleri, Istanbul, Turkey",
			"designation": "MSL 14, 431 B",
			"genre": "Lexical",
			"museum_no": "Ist Ni 10278",
			"object_remarks": "tablet",
			"object_type": "tablet",
			"period": "Middle Babylonian",
			"period_remarks": "Kassite",
			"primary_publication": "MSL 14, 431 B",
			"provenience": "Nippur",
			"publication_date": "1979",
			"text_remarks": "Ea 6",
			"supergenre": "LEX",
			"xproject": "CDLI"
		},
		"geometry": {
			"type": "Point",
			"coordinates": [45.230832,32.126944]
		}
	}, {
		"type": "Feature",
		"properties": {
			"id_text": "P230475",
			"author": "Civil, Miguel",
			"collection": "University of Pennsylvania Museum of Archaeology and Anthropology, Philadelphia, Pennsylvania, USA",
			"designation": "MSL 14, 173 E",
			"genre": "Lexical",
			"museum_no": "CBS 10989",
			"object_remarks": "tablet",
			"object_type": "tablet",
			"period": "Middle Babylonian",
			"period_remarks": "Kassite",
			"primary_publication": "MSL 14, 173 E",
			"provenience": "Nippur",
			"publication_date": "1979",
			"publication_history": "PBS 05, 104",
			"text_remarks": "Ea 1",
			"supergenre": "LEX",
			"xproject": "CDLI"
		},
		"geometry": {
			"type": "Point",
			"coordinates": [45.230832,32.126944]
		}
	}, {
		"type": "Feature",
		"properties": {
			"id_text": "P231030",
			"author": "Shaffer, Aaron",
			"collection": "University of Pennsylvania Museum of Archaeology and Anthropology, Philadelphia, Pennsylvania, USA",
			"designation": "Iraq 43, 079",
			"genre": "Lexical",
			"museum_no": "N 4782",
			"object_remarks": "tablet",
			"object_type": "tablet",
			"period": "Middle Babylonian",
			"period_remarks": "Kassite",
			"primary_publication": "Iraq 43, 079",
			"provenience": "Nippur",
			"publication_date": "1981",
			"publication_history": "MSL 16, 249",
			"text_remarks": "Nabnitu 32",
			"supergenre": "LEX",
			"xproject": "CDLI"
		},
		"geometry": {
			"type": "Point",
			"coordinates": [45.230832,32.126944]
		}
	}, {
		"type": "Feature",
		"properties": {
			"id_text": "P262173",
			"author": "Civil, Miguel",
			"collection": "University of Pennsylvania Museum of Archaeology and Anthropology, Philadelphia, Pennsylvania, USA",
			"designation": "MSL 15, 104 C",
			"genre": "Lexical",
			"museum_no": "CBS 07137",
			"object_remarks": "tablet",
			"object_type": "tablet",
			"period": "Middle Babylonian",
			"period_remarks": "Kassite",
			"primary_publication": "MSL 15, 104 C",
			"provenience": "Nippur",
			"publication_date": "2004",
			"text_remarks": "Diri 1",
			"supergenre": "LEX",
			"xproject": "CDLI"
		},
		"geometry": {
			"type": "Point",
			"coordinates": [45.230832,32.126944]
		}
	}, {
		"type": "Feature",
		"properties": {
			"id_text": "P266302",
			"author": "Civil, Miguel",
			"collection": "University of Pennsylvania Museum of Archaeology and Anthropology, Philadelphia, Pennsylvania, USA",
			"designation": "MSL 15, 166 A",
			"genre": "Lexical",
			"museum_no": "CBS 11141",
			"object_remarks": "tablet",
			"object_type": "tablet",
			"period": "Middle Babylonian",
			"period_remarks": "Kassite",
			"primary_publication": "MSL 15, 166 A",
			"provenience": "Nippur",
			"publication_date": "2004",
			"publication_history": "PBS 05, 106",
			"text_remarks": "Diri 5",
			"supergenre": "LEX",
			"xproject": "CDLI"
		},
		"geometry": {
			"type": "Point",
			"coordinates": [45.230832,32.126944]
		}
	}, {
		"type": "Feature",
		"properties": {
			"id_text": "X000101",
			"accession_no": "AH 1882-09-18,7671+",
			"author": "Bartelmus, Alexa and Taylor, Jonathan",
			"collection": "British Museum, London, UK",
			"designation": "JCS 66, 119-120",
			"genre": "Royal/Monumental",
			"join_information": "BM 68321 + BM 71553 (+) BM 73514",
			"museum_no": "BM 67673+",
			"object_remarks": "tablet",
			"object_type": "tablet",
			"period": "Neo-Babylonian",
			"primary_publication": "JCS 66, 119-120",
			"provenience": "Sippar",
			"publication_date": "2014",
			"text_remarks": "Neo-Babylonian copy",
			"supergenre": "LIT"
		},
		"geometry": {
			"type": "Point",
			"coordinates": [44.253809,33.059195]
		}
	}, {
		"type": "Feature",
		"properties": {
			"id_text": "P235146",
			"author": "Michalowski, Piotr",
			"collection": "Kelsey Museum, University of Michigan, Ann Arbor, Michigan, USA",
			"designation": "Fs Szarzyńska 073",
			"genre": "School",
			"museum_no": "KM 89404",
			"object_remarks": "pillow-shaped",
			"period": "Middle Babylonian",
			"period_remarks": "Kassite",
			"primary_publication": "Fs Szarzyńska 073",
			"provenience": "Babylon",
			"publication_date": "1998",
			"publication_history": "Pedersen ADOG 25, 92 M6:151",
			"text_remarks": "Ininšagura",
			"supergenre": "LIT",
			"xproject": "CDLI"
		},
		"geometry": {
			"type": "Point",
			"coordinates": [44.422236,32.543395]
		}
	}, {
		"type": "Feature",
		"properties": {
			"id_text": "P260202",
			"author": "Ellis, Maria deJ.",
			"collection": "University of Pennsylvania Museum of Archaeology and Anthropology, Philadelphia, Pennsylvania, USA",
			"designation": "JCS 31, 225",
			"genre": "Literary",
			"museum_no": "CBS 03832",
			"period": "Middle Babylonian",
			"primary_publication": "JCS 31, 225",
			"provenience": "Nippur",
			"publication_date": "1979",
			"publication_history": "van Dijk, Fs Borger 035",
			"text_remarks": "Inana and An",
			"supergenre": "LIT",
			"xproject": "CDLI"
		},
		"geometry": {
			"type": "Point",
			"coordinates": [45.230832,32.126944]
		}
	}, {
		"type": "Feature",
		"properties": {
			"id_text": "P280051",
			"author": "Cooper, Jerrold S.",
			"collection": "Kelsey Museum, University of Michigan, Ann Arbor, Michigan, USA",
			"designation": "Angim, N 6286 + CBS 11153",
			"genre": "Literary",
			"museum_no": "CBS 11153 (+) N 6286",
			"object_type": "tablet",
			"period": "Middle Babylonian",
			"period_remarks": "Kassite",
			"primary_publication": "Angim, N 6286 + CBS 11153",
			"provenience": "Nippur",
			"publication_date": "1978",
			"publication_history": "Viano, Maurizio, NABU 2012/031",
			"text_remarks": "Ninurta&apos;s Return",
			"supergenre": "LIT",
			"xproject": "CDLI"
		},
		"geometry": {
			"type": "Point",
			"coordinates": [45.230832,32.126944]
		}
	}, {
		"type": "Feature",
		"properties": {
			"id_text": "P255496",
			"author": "Civil, Miguel",
			"collection": "University of Pennsylvania Museum of Archaeology and Anthropology, Philadelphia, Pennsylvania, USA",
			"designation": "AOAT 025, 086 UM 29-13-560",
			"genre": "Literary",
			"museum_no": "UM 29-13-560",
			"object_remarks": "bilingual; parallel",
			"object_type": "tablet",
			"period": "Middle Babylonian",
			"primary_publication": "AOAT 025, 086 UM 29-13-560",
			"provenience": "Nippur",
			"publication_date": "1976",
			"text_remarks": "Song of the Plowing Oxen",
			"supergenre": "LIT",
			"xproject": "CDLI"
		},
		"geometry": {
			"type": "Point",
			"coordinates": [45.230832,32.126944]
		}
	}, {
		"type": "Feature",
		"properties": {
			"id_text": "P278556",
			"author": "Civil, Miguel",
			"collection": "University of Pennsylvania Museum of Archaeology and Anthropology, Philadelphia, Pennsylvania, USA",
			"designation": "AOAT 025, 086 N 3529",
			"genre": "Literary",
			"museum_no": "N 3529",
			"object_remarks": "bilingual; parallel",
			"object_type": "tablet",
			"period": "Middle Babylonian",
			"primary_publication": "AOAT 025, 086 N 3529",
			"provenience": "Nippur",
			"publication_date": "1976",
			"text_remarks": "Song of the Plowing Oxen",
			"supergenre": "LIT",
			"xproject": "CDLI"
		},
		"geometry": {
			"type": "Point",
			"coordinates": [45.230832,32.126944]
		}
	}, {
		"type": "Feature",
		"properties": {
			"id_text": "P278248",
			"author": "Civil, Miguel",
			"cdli_comments": "erronically numbered N 3169 in AOAT 25, 86.",
			"collection": "University of Pennsylvania Museum of Archaeology and Anthropology, Philadelphia, Pennsylvania, USA",
			"designation": "AOAT 025, 086 N 3196",
			"genre": "Literary",
			"join_information": "indirect join with N 3169 (CDLI) seems doubtful.",
			"museum_no": "N 3196",
			"object_remarks": "bilingual; parallel",
			"object_type": "tablet",
			"period": "Middle Babylonian",
			"primary_publication": "AOAT 025, 086 N 3196",
			"provenience": "Nippur",
			"publication_date": "1976",
			"text_remarks": "Song of the Plowing Oxen",
			"supergenre": "LIT",
			"xproject": "CDLI"
		},
		"geometry": {
			"type": "Point",
			"coordinates": [45.230832,32.126944]
		}
	}, {
		"type": "Feature",
		"properties": {
			"id_text": "P256205",
			"author": "Kramer, Samuel N., Çig, Muazzez &amp; Kizilyay, Hatice",
			"collection": "Arkeoloji Müzeleri, Istanbul, Turkey; University of Pennsylvania Museum of Archaeology and Anthropology, Philadelphia, Pennsylvania, USA",
			"designation": "ISET 2, 026, Ni 09734",
			"genre": "Literary",
			"museum_no": "Ist Ni 09734 + UM 29-15-399",
			"object_remarks": "bilingual; parallel",
			"object_type": "tablet",
			"period": "Middle Babylonian",
			"primary_publication": "ISET 2, 026, Ni 09734",
			"provenience": "Nippur",
			"publication_date": "1976",
			"text_remarks": "Lipit-Ištar F",
			"supergenre": "LIT",
			"xproject": "CDLI"
		},
		"geometry": {
			"type": "Point",
			"coordinates": [45.230832,32.126944]
		}
	}, {
		"type": "Feature",
		"properties": {
			"id_text": "P268878",
			"author": "Sjöberg, Åke",
			"collection": "University of Pennsylvania Museum of Archaeology and Anthropology, Philadelphia, Pennsylvania, USA",
			"designation": "ZA 065, 165, 168",
			"genre": "Literary",
			"museum_no": "CBS 13860",
			"object_remarks": "bilingual; parallel",
			"object_type": "tablet",
			"period": "Middle Babylonian",
			"primary_publication": "ZA 065, 165, 168",
			"provenience": "Nippur",
			"publication_date": "1975",
			"text_remarks": "Inana C",
			"supergenre": "LIT",
			"xproject": "CDLI"
		},
		"geometry": {
			"type": "Point",
			"coordinates": [45.230832,32.126944]
		}
	}, {
		"type": "Feature",
		"properties": {
			"id_text": "P269759",
			"collection": "University of Pennsylvania Museum of Archaeology and Anthropology, Philadelphia, Pennsylvania, USA",
			"designation": "CBS 15203",
			"genre": "Literary",
			"museum_no": "CBS 15203",
			"object_remarks": "bilingual; interlinear",
			"object_type": "tablet",
			"period": "Middle Babylonian",
			"provenience": "Nippur",
			"publication_history": "Michalowski, Fs Szarszynka 70 n.17",
			"text_remarks": "Inana C",
			"supergenre": "LIT",
			"xproject": "CDLI"
		},
		"geometry": {
			"type": "Point",
			"coordinates": [45.230832,32.126944]
		}
	}, {
		"type": "Feature",
		"properties": {
			"id_text": "P278528",
			"author": "Peterson, Jeremiah",
			"collection": "University of Pennsylvania Museum of Archaeology and Anthropology, Philadelphia, Pennsylvania, USA",
			"designation": "BPOA 09, 181",
			"genre": "Literary",
			"museum_no": "N 3498",
			"object_remarks": "bilingual; interlinear",
			"object_type": "tablet",
			"period": "Middle Babylonian",
			"primary_publication": "BPOA 09, 181",
			"provenience": "Nippur",
			"publication_date": "2011",
			"text_remarks": "Lipit-Ištar F",
			"supergenre": "LIT",
			"xproject": "CDLI"
		},
		"geometry": {
			"type": "Point",
			"coordinates": [45.230832,32.126944]
		}
	}, {
		"type": "Feature",
		"properties": {
			"id_text": "P278525",
			"collection": "University of Pennsylvania Museum of Archaeology and Anthropology, Philadelphia, Pennsylvania, USA",
			"designation": "N 3495",
			"genre": "Literary",
			"museum_no": "N 3495",
			"object_type": "tablet",
			"period": "Middle Babylonian",
			"provenience": "Nippur",
			"publication_history": "Peterson, BPOA 9 p.208",
			"text_remarks": "Lipit-Ištar F",
			"supergenre": "LIT",
			"xproject": "CDLI"
		},
		"geometry": {
			"type": "Point",
			"coordinates": [45.230832,32.126944]
		}
	}, {
		"type": "Feature",
		"properties": {
			"id_text": "P268548",
			"author": "Peterson, Jeremiah",
			"collection": "University of Pennsylvania Museum of Archaeology and Anthropology, Philadelphia, Pennsylvania, USA",
			"designation": "BPOA 09, 132",
			"genre": "Literary",
			"museum_no": "CBS 13509",
			"object_remarks": "bilingual; interlinear",
			"object_type": "tablet",
			"period": "Middle Babylonian",
			"primary_publication": "BPOA 09, 132",
			"provenience": "Nippur",
			"publication_date": "2011",
			"text_remarks": "Šulgi B",
			"supergenre": "LIT",
			"xproject": "CDLI"
		},
		"geometry": {
			"type": "Point",
			"coordinates": [45.230832,32.126944]
		}
	}, {
		"type": "Feature",
		"properties": {
			"id_text": "P270460",
			"author": "Ellis, Maria deJ.",
			"collection": "University of Pennsylvania Museum of Archaeology and Anthropology, Philadelphia, Pennsylvania, USA",
			"designation": "JCS 31, 226",
			"genre": "Literary",
			"museum_no": "CBS 03558 + Ist Ni 09696",
			"object_remarks": "bilingual; interlinear",
			"object_type": "tablet",
			"period": "Middle Babylonian",
			"primary_publication": "JCS 31, 226",
			"provenience": "Nippur",
			"publication_date": "1979",
			"publication_history": "Peterson, Jeremiah, BPOA 09, 170 (CBS 03558); Kramer et al ISET 1, 109 (pl. 051), Ni 09696",
			"text_remarks": "Lipit-Ištar A",
			"supergenre": "LIT",
			"xproject": "CDLI"
		},
		"geometry": {
			"type": "Point",
			"coordinates": [45.230832,32.126944]
		}
	}, {
		"type": "Feature",
		"properties": {
			"id_text": "P266096",
			"author": "Peterson, Jeremiah",
			"collection": "University of Pennsylvania Museum of Archaeology and Anthropology, Philadelphia, Pennsylvania, USA",
			"designation": "UF 42, 573f., 02",
			"genre": "Literary",
			"museum_no": "CBS 10903",
			"object_remarks": "bilingual; interlinear",
			"object_type": "tablet",
			"period": "Middle Babylonian",
			"primary_publication": "UF 42, 573f., 02",
			"provenience": "Nippur",
			"publication_date": "2010",
			"text_remarks": "Enlil A",
			"supergenre": "LIT",
			"xproject": "CDLI"
		},
		"geometry": {
			"type": "Point",
			"coordinates": [45.230832,32.126944]
		}
	}, {
		"type": "Feature",
		"properties": {
			"id_text": "P265683",
			"collection": "University of Pennsylvania Museum of Archaeology and Anthropology, Philadelphia, Pennsylvania, USA",
			"designation": "CBS 10475",
			"genre": "Literary",
			"museum_no": "CBS 10475",
			"object_type": "tablet",
			"period": "Middle Babylonian",
			"provenience": "Nippur",
			"publication_history": "Peterson, UF 42, 573",
			"text_remarks": "Enlil A",
			"supergenre": "LIT",
			"xproject": "CDLI"
		},
		"geometry": {
			"type": "Point",
			"coordinates": [45.230832,32.126944]
		}
	}, {
		"type": "Feature",
		"properties": {
			"id_text": "P278728",
			"author": "Peterson, Jeremiah",
			"collection": "University of Pennsylvania Museum of Archaeology and Anthropology, Philadelphia, Pennsylvania, USA",
			"designation": "NABU 2013/067",
			"genre": "Literary",
			"museum_no": "N 3719",
			"object_type": "tablet",
			"period": "Middle Babylonian",
			"primary_publication": "NABU 2013/067",
			"provenience": "Nippur",
			"publication_date": "2013",
			"text_remarks": "Ninurta&apos;s Exploits",
			"supergenre": "LIT",
			"xproject": "CDLI"
		},
		"geometry": {
			"type": "Point",
			"coordinates": [45.230832,32.126944]
		}
	}, {
		"type": "Feature",
		"properties": {
			"id_text": "P228096",
			"author": "Peterson, Jeremiah",
			"collection": "University of Pennsylvania Museum of Archaeology and Anthropology, Philadelphia, Pennsylvania, USA",
			"designation": "NABU 2009/35 1",
			"genre": "Lexical",
			"museum_no": "N 1472",
			"object_remarks": "tablet",
			"object_type": "tablet",
			"period": "Middle Babylonian",
			"primary_publication": "NABU 2009/35 1",
			"provenience": "Nippur",
			"publication_date": "2009",
			"text_remarks": "Ura 6",
			"supergenre": "LEX",
			"xproject": "CDLI"
		},
		"geometry": {
			"type": "Point",
			"coordinates": [45.230832,32.126944]
		}
	}, {
		"type": "Feature",
		"properties": {
			"id_text": "P277271",
			"author": "Peterson, Jeremiah",
			"collection": "University of Pennsylvania Museum of Archaeology and Anthropology, Philadelphia, Pennsylvania, USA",
			"designation": "NABU 2009/35 3",
			"genre": "Lexical",
			"museum_no": "N 2165",
			"object_type": "tablet",
			"period": "Middle Babylonian",
			"primary_publication": "NABU 2009/35 3",
			"provenience": "Nippur",
			"publication_date": "2009",
			"text_remarks": "Ura 5",
			"supergenre": "LEX",
			"xproject": "CDLI"
		},
		"geometry": {
			"type": "Point",
			"coordinates": [45.230832,32.126944]
		}
	}, {
		"type": "Feature",
		"properties": {
			"id_text": "P228105",
			"author": "Landsberger, Benno",
			"collection": "University of Pennsylvania Museum of Archaeology and Anthropology, Philadelphia, Pennsylvania, USA",
			"designation": "MSL 06, 049",
			"genre": "School",
			"museum_no": "N 1539 + N 1541",
			"object_remarks": "repeating exercise",
			"object_type": "tablet",
			"period": "Middle Babylonian",
			"primary_publication": "MSL 06, 049",
			"provenience": "Nippur",
			"publication_date": "1958",
			"publication_history": "Peterson, Jeremiah, NABU 2009/34 2 (referring to N 1439 for N 1539)",
			"text_remarks": "Ura 6",
			"supergenre": "LIT",
			"xproject": "CDLI"
		},
		"geometry": {
			"type": "Point",
			"coordinates": [45.230832,32.126944]
		}
	}, {
		"type": "Feature",
		"properties": {
			"id_text": "P260858",
			"author": "Legrain, Leon",
			"collection": "University of Pennsylvania Museum of Archaeology and Anthropology, Philadelphia, Pennsylvania, USA",
			"designation": "PBS 15, 51",
			"genre": "Royal/Monumental",
			"museum_no": "CBS 04544 + CBS 04550",
			"object_remarks": "axe; glass",
			"period": "Middle Babylonian",
			"primary_publication": "PBS 15, 51",
			"provenience": "Nippur",
			"publication_date": "1926",
			"publication_history": "MSKH pp.116, 224; Jaritz MIO 6 no.105 (K II); El-Wailly Sumer 10 22-V-25 (K II); Clayden ZOrA 4, 104",
			"text_remarks": "Kurigalzu II",
			"supergenre": "LIT",
			"xproject": "CDLI"
		},
		"geometry": {
			"type": "Point",
			"coordinates": [45.230832,32.126944]
		}
	}, {
		"type": "Feature",
		"properties": {
			"id_text": "P223790",
			"author": "Brinkman, John A.",
			"collection": "National Museum of Iraq, Baghdad, Iraq",
			"designation": "MSKH 1, IM 055984",
			"genre": "Royal/Monumental",
			"museum_no": "IM 055984",
			"object_remarks": "eye-stone",
			"period": "Middle Babylonian",
			"primary_publication": "MSKH 1, IM 055984",
			"provenience": "Nippur",
			"publication_date": "1976",
			"publication_history": "McCown &amp; Haines, Nippur I, Pl. 30 10; Clayden ZOrA 4 (2011), 56",
			"text_remarks": "Kurigalzu",
			"supergenre": "LIT",
			"xproject": "CDLI"
		},
		"geometry": {
			"type": "Point",
			"coordinates": [45.230832,32.126944]
		}
	}, {
		"type": "Feature",
		"properties": {
			"id_text": "X000107",
			"author": "Frame, Grant",
			"collection": "Louvre Museum, Paris, France",
			"designation": "AR RIM 5, 06 3",
			"genre": "Royal/Monumental",
			"museum_no": "Sb 06868",
			"period": "Middle Babylonian",
			"primary_publication": "AR RIM 5, 06 3",
			"provenience": "Susa",
			"publication_date": "1987",
			"text_remarks": "Burnaburiaš",
			"supergenre": "LIT"
		},
		"geometry": {
			"type": "Point",
			"coordinates": [48.257787,32.189217]
		}
	}, {
		"type": "Feature",
		"properties": {
			"id_text": "P274257",
			"accession_no": "1891-05-09 Bu, 1832",
			"author": "Alster, Bendt &amp; Geller, Markham J.",
			"collection": "British Museum, London, UK",
			"designation": "CT 58, 61",
			"genre": "School",
			"museum_no": "BM 081700",
			"object_remarks": "pillow-shaped",
			"period": "Middle Babylonian",
			"primary_publication": "CT 58, 61",
			"provenience": "Sippar",
			"publication_date": "1990",
			"text_remarks": "literary",
			"supergenre": "LIT",
			"xproject": "CDLI"
		},
		"geometry": {
			"type": "Point",
			"coordinates": [44.253809,33.059195]
		}
	}, {
		"type": "Feature",
		"properties": {
			"id_text": "X000515",
			"collection": "British Museum, London, UK",
			"designation": "UET 1, 155",
			"genre": "Royal/Monumental",
			"museum_no": "BM 137409",
			"object_remarks": "brick; stamped",
			"period": "Middle Babylonian",
			"primary_publication": "UET 1, 155",
			"provenience": "Ur",
			"text_remarks": "Kurigalzu",
			"supergenre": "LIT"
		},
		"geometry": {
			"type": "Point",
			"coordinates": [46.104748,30.961580]
		}
	}, {
		"type": "Feature",
		"properties": {
			"id_text": "P227718",
			"author": "Langdon, Stephen H.",
			"collection": "University of Pennsylvania Museum of Archaeology and Anthropology, Philadelphia, Pennsylvania, USA",
			"designation": "PBS 12, 13",
			"genre": "Lexical",
			"museum_no": "CBS 13267",
			"object_remarks": "tablet",
			"period": "Middle Babylonian",
			"primary_publication": "PBS 12, 13",
			"provenience": "Nippur",
			"publication_date": "1917",
			"text_remarks": "list of diseases",
			"supergenre": "LEX",
			"xproject": "CDLI"
		},
		"geometry": {
			"type": "Point",
			"coordinates": [45.230832,32.126944]
		}
	}, {
		"type": "Feature",
		"properties": {
			"id_text": "X000103",
			"author": "Bartelmus, Alexa &amp; Aaron Schmitt",
			"designation": "ZA 104, 076",
			"excavation_no": "Ass 13163a-f",
			"genre": "Royal/Momumental",
			"object_remarks": "stone statue base",
			"object_type": "other (see object remarks)",
			"period": "Middle Babylonian",
			"primary_publication": "ZA 104, 076",
			"provenience": "Assur",
			"publication_date": "2014",
			"text_remarks": "Kurigalzu I",
			"supergenre": "unknown"
		},
		"geometry": {
			"type": "Point",
			"coordinates": [43.262037,35.458121]
		}
	}, {
		"type": "Feature",
		"properties": {
			"id_text": "X263472",
			"author": "Hilprecht, Hermann V.",
			"collection": "University of Pennsylvania Museum of Archaeology and Anthropology, Philadelphia, Pennsylvania, USA",
			"designation": "BE 01/1, 44",
			"museum_no": "CBS 08664a",
			"period": "Middle Babylonian",
			"primary_publication": "BE 01/1, 44",
			"provenience": "Nippur",
			"publication_date": "1893"
		},
		"geometry": {
			"type": "Point",
			"coordinates": [45.230832,32.126944]
		}
	}]
}
