{
	"type": "FeatureCollection",
	"features": [{
		"type": "Feature",
		"properties": {
			"cdli_id": "P468875",
			"collection": "Vorderasiatisches Museum, Berlin, Germany; British Museum, London, UK; Département des Monnaies, Médailles et Antiques, Bibliothèque Nationale, Paris, France; Nebuchadnezzar Museum, Babylon, Iraq; Iraq Museum, Baghdad, Iraq",
			"credits": "Based on Grant Frame, Rulers of Babylonia: From the Second Dynasty of Isin to the End of Assyrian Domination (1157-612 BC) (RIMB 2; Toronto, 1995). Digitized, lemmatized, and updated by Alexa Bartelmus, 2015-16, for the Munich Open-access Cuneiform Corpus Initiative (MOCCI), a corpus-building initiative funded by LMU Munich and the Alexander von Humboldt Foundation (through the establishment of the Alexander von Humboldt Chair for Ancient History of the Near and Middle East) and based at the Historisches Seminar - Abteilung Alte Geschichte of Ludwig-Maximilians-Universität München. The annotated edition is released under the Creative Commons Attribution Share-Alike license 3.0. Please cite this page as http://oracc.org/ribo/Q003799/.",
			"date_of_origin": "668-ca. 631",
			"designation": "Ashurbanipal Babylonian 01",
			"display_name": "RINAP 5 Asb. Bab. 01",
			"dynastic_seat": "Assyria",
			"exemplars": "BM 086918 (1900-03-10, 0002); BibNat 5929; BE 08763; BE 12131; VA 04902 (BE 29275); VA Bab 00634 (BE 29362); VA Bab 00602 (BE 30112); VA Bab 00604 (BE 30130); VA Bab 00603 (BE 30160); VA Bab 00601 (BE 30161); VA Bab 00632 (BE 30164); BM 047655 (1881-11-03, 0360); BM 047656 (1881-11-03, 0361); BM 050662 (1882-03-23, 1653); BM 068613 (1882-09-18, 8612); BM 077223 (1883-06-30, 0003); A Babylon 55; A Babylon 09; 81-B-3",
			"genre": "Royal Inscription",
			"id_composite": "Q003799",
			"language": "Akkadian",
			"material": "clay",
			"object_type": "cylinder",
			"period": "Neo-Assyrian",
			"pleiades_id": "893951",
			"popular_name": "RIMB 2 B.6.32.1",
			"primary_publication": "Ashurbanipal Babylonian 01",
			"provenience": "Babylon",
			"ruler": "Ashurbanipal",
			"script": "Neo-Babylonian, Archaizing  Neo-Babylonian",
			"script_remarks": "inscribed",
			"script_type": "Cuneiform",
			"subgenre": "Ashurbanipal",
			"supergenre": "LIT"
		},
		"geometry": {
			"type": "Point",
			"coordinates": [44.422236,32.543395]
		}
	}, {
		"type": "Feature",
		"properties": {
			"cdli_id": "P469097",
			"collection": "Arkeoloji Müzerleri, Istanbul, Turkey",
			"credits": "Based on Grant Frame, Rulers of Babylonia: From the Second Dynasty of Isin to the End of Assyrian Domination (1157-612 BC) (RIMB 2; Toronto, 1995). Digitized, lemmatized, and updated by Alexa Bartelmus, 2015-16, for the Munich Open-access Cuneiform Corpus Initiative (MOCCI), a corpus-building initiative funded by LMU Munich and the Alexander von Humboldt Foundation (through the establishment of the Alexander von Humboldt Chair for Ancient History of the Near and Middle East) and based at the Historisches Seminar - Abteilung Alte Geschichte of Ludwig-Maximilians-Universität München. The annotated edition is released under the Creative Commons Attribution Share-Alike license 3.0. Please cite this page as http://oracc.org/ribo/Q003800/.",
			"date_of_origin": "668-ca. 631",
			"designation": "Ashurbanipal Babylonian 02",
			"display_name": "RINAP 5 Asb. Bab. 02",
			"dynastic_seat": "Assyria",
			"exemplars": "Ist EȘEM 07893 (BE 28510)",
			"genre": "Royal Inscription",
			"id_composite": "Q003800",
			"language": "Akkadian",
			"material": "stone",
			"object_type": "stele",
			"period": "Neo-Assyrian",
			"pleiades_id": "893951",
			"popular_name": "RIMB 2 B.6.32.3",
			"primary_publication": "Ashurbanipal Babylonian 02",
			"provenience": "Babylon",
			"ruler": "Ashurbanipal",
			"script": "Neo-Assyrian",
			"script_remarks": "inscribed",
			"script_type": "Cuneiform",
			"subgenre": "Ashurbanipal",
			"supergenre": "LIT"
		},
		"geometry": {
			"type": "Point",
			"coordinates": [44.422236,32.543395]
		}
	}, {
		"type": "Feature",
		"properties": {
			"cdli_id": "P469098",
			"collection": "British Museum, London, UK; Vorderasiatisches Museum, Berlin, Germany; Arkeoloji Müzerleri, Istanbul, Turkey",
			"credits": "Based on Grant Frame, Rulers of Babylonia: From the Second Dynasty of Isin to the End of Assyrian Domination (1157-612 BC) (RIMB 2; Toronto, 1995). Digitized, lemmatized, and updated by Alexa Bartelmus, 2015-16, for the Munich Open-access Cuneiform Corpus Initiative (MOCCI), a corpus-building initiative funded by LMU Munich and the Alexander von Humboldt Foundation (through the establishment of the Alexander von Humboldt Chair for Ancient History of the Near and Middle East) and based at the Historisches Seminar - Abteilung Alte Geschichte of Ludwig-Maximilians-Universität München. The annotated edition is released under the Creative Commons Attribution Share-Alike license 3.0. Please cite this page as http://oracc.org/ribo/Q003801/.",
			"date_of_origin": "668-ca. 631",
			"designation": "Ashurbanipal Babylonian 03",
			"display_name": "RINAP 5 Asb. Bab. 03",
			"dynastic_seat": "Assyria",
			"exemplars": "BM 090935 (BM 012064; 1881-02-01, 0103); BM 040074 (1881-02-01, 0038); VA Bab 00614 (BE 29482); Ist B 0065 (BE 38119)",
			"genre": "Royal Inscription",
			"id_composite": "Q003801",
			"language": "Akkadian",
			"material": "clay",
			"object_type": "cylinder",
			"period": "Neo-Assyrian",
			"pleiades_id": "893951",
			"popular_name": "RIMB 2 B.6.32.4",
			"primary_publication": "Ashurbanipal Babylonian 03",
			"provenience": "Babylon",
			"ruler": "Ashurbanipal",
			"script": "Neo-Assyrian",
			"script_remarks": "inscribed",
			"script_type": "Cuneiform",
			"subgenre": "Ashurbanipal",
			"supergenre": "LIT"
		},
		"geometry": {
			"type": "Point",
			"coordinates": [44.422236,32.543395]
		}
	}, {
		"type": "Feature",
		"properties": {
			"cdli_id": "P469099",
			"collection": "British Museum, London, UK; Vorderasiatisches Museum, Berlin, Germany",
			"credits": "Based on Grant Frame, Rulers of Babylonia: From the Second Dynasty of Isin to the End of Assyrian Domination (1157-612 BC) (RIMB 2; Toronto, 1995). Digitized, lemmatized, and updated by Alexa Bartelmus, 2015-16, for the Munich Open-access Cuneiform Corpus Initiative (MOCCI), a corpus-building initiative funded by LMU Munich and the Alexander von Humboldt Foundation (through the establishment of the Alexander von Humboldt Chair for Ancient History of the Near and Middle East) and based at the Historisches Seminar - Abteilung Alte Geschichte of Ludwig-Maximilians-Universität München. The annotated edition is released under the Creative Commons Attribution Share-Alike license 3.0. Please cite this page as http://oracc.org/ribo/Q003802/.",
			"date_of_origin": "668-ca. 631",
			"designation": "Ashurbanipal Babylonian 04",
			"display_name": "RINAP 5 Asb. Bab. 04",
			"dynastic_seat": "Assyria",
			"exemplars": "VA 08409 (BE 05457); BM 033338 (Rm 3, 011)",
			"genre": "Royal Inscription",
			"id_composite": "Q003802",
			"language": "Akkadian",
			"material": "clay",
			"object_type": "cylinder",
			"period": "Neo-Assyrian",
			"pleiades_id": "893951",
			"popular_name": "RIMB 2 B.6.32.5",
			"primary_publication": "Ashurbanipal Babylonian 04",
			"provenience": "Babylon",
			"ruler": "Ashurbanipal",
			"script": "Neo-Assyrian",
			"script_remarks": "inscribed",
			"script_type": "Cuneiform",
			"subgenre": "Ashurbanipal",
			"supergenre": "LIT"
		},
		"geometry": {
			"type": "Point",
			"coordinates": [44.422236,32.543395]
		}
	}, {
		"type": "Feature",
		"properties": {
			"cdli_id": "P469100",
			"collection": "British Museum, London, UK; Vorderasiatisches Museum, Berlin, Germany",
			"credits": "Based on Grant Frame, Rulers of Babylonia: From the Second Dynasty of Isin to the End of Assyrian Domination (1157-612 BC) (RIMB 2; Toronto, 1995). Digitized, lemmatized, and updated by Alexa Bartelmus, 2015-16, for the Munich Open-access Cuneiform Corpus Initiative (MOCCI), a corpus-building initiative funded by LMU Munich and the Alexander von Humboldt Foundation (through the establishment of the Alexander von Humboldt Chair for Ancient History of the Near and Middle East) and based at the Historisches Seminar - Abteilung Alte Geschichte of Ludwig-Maximilians-Universität München. The annotated edition is released under the Creative Commons Attribution Share-Alike license 3.0. Please cite this page as http://oracc.org/ribo/Q003803/.",
			"date_of_origin": "668-ca. 631",
			"designation": "Ashurbanipal Babylonian 05",
			"display_name": "RINAP 5 Asb. Bab. 05",
			"dynastic_seat": "Assyria",
			"exemplars": "VA 08409 (BE 05457); BM 033338 (Rm 3, 011)",
			"genre": "Royal Inscription",
			"id_composite": "Q003803",
			"language": "Akkadian",
			"material": "clay",
			"object_type": "cylinder",
			"period": "Neo-Assyrian",
			"pleiades_id": "893951",
			"popular_name": "RIMB 2 B.6.32.6",
			"primary_publication": "Ashurbanipal Babylonian 05",
			"provenience": "Babylon",
			"ruler": "Ashurbanipal",
			"script": "Archaizing  Neo-Babylonian",
			"script_remarks": "inscribed",
			"script_type": "Cuneiform",
			"subgenre": "Ashurbanipal",
			"supergenre": "LIT"
		},
		"geometry": {
			"type": "Point",
			"coordinates": [44.422236,32.543395]
		}
	}, {
		"type": "Feature",
		"properties": {
			"cdli_id": "P469101",
			"collection": "British Museum, London, UK",
			"credits": "Based on Grant Frame, Rulers of Babylonia: From the Second Dynasty of Isin to the End of Assyrian Domination (1157-612 BC) (RIMB 2; Toronto, 1995). Digitized, lemmatized, and updated by Alexa Bartelmus, 2015-16, for the Munich Open-access Cuneiform Corpus Initiative (MOCCI), a corpus-building initiative funded by LMU Munich and the Alexander von Humboldt Foundation (through the establishment of the Alexander von Humboldt Chair for Ancient History of the Near and Middle East) and based at the Historisches Seminar - Abteilung Alte Geschichte of Ludwig-Maximilians-Universität München. The annotated edition is released under the Creative Commons Attribution Share-Alike license 3.0. Please cite this page as http://oracc.org/ribo/Q003804/.",
			"date_of_origin": "668-ca. 631",
			"designation": "Ashurbanipal Babylonian 06",
			"display_name": "RINAP 5 Asb. Bab. 06",
			"dynastic_seat": "Assyria",
			"exemplars": "BM 090864 (BM 012110; 1881-03-24, 0367); BM 022533 (1894-01-15, 0335)",
			"genre": "Royal Inscription",
			"id_composite": "Q003804",
			"language": "Akkadian",
			"material": "stone",
			"object_type": "stele",
			"period": "Neo-Assyrian",
			"pleiades_id": "893951",
			"popular_name": "RIMB 2 B.6.32.2",
			"primary_publication": "Ashurbanipal Babylonian 06",
			"provenience": "Babylon",
			"ruler": "Ashurbanipal",
			"script": "Neo-Babylonian",
			"script_remarks": "inscribed",
			"script_type": "Cuneiform",
			"subgenre": "Ashurbanipal",
			"supergenre": "LIT"
		},
		"geometry": {
			"type": "Point",
			"coordinates": [44.422236,32.543395]
		}
	}, {
		"type": "Feature",
		"properties": {
			"cdli_id": "P469102",
			"collection": "Arkeoloji Müzerleri, Istanbul, Turkey; Vorderasiatisches Museum, Berlin, Germany",
			"credits": "Based on Grant Frame, Rulers of Babylonia: From the Second Dynasty of Isin to the End of Assyrian Domination (1157-612 BC) (RIMB 2; Toronto, 1995). Digitized, lemmatized, and updated by Alexa Bartelmus, 2015-16, for the Munich Open-access Cuneiform Corpus Initiative (MOCCI), a corpus-building initiative funded by LMU Munich and the Alexander von Humboldt Foundation (through the establishment of the Alexander von Humboldt Chair for Ancient History of the Near and Middle East) and based at the Historisches Seminar - Abteilung Alte Geschichte of Ludwig-Maximilians-Universität München. The annotated edition is released under the Creative Commons Attribution Share-Alike license 3.0. Please cite this page as http://oracc.org/ribo/Q003805/.",
			"date_of_origin": "668-ca. 631",
			"designation": "Ashurbanipal Babylonian 07",
			"display_name": "RINAP 5 Asb. Bab. 07",
			"dynastic_seat": "Assyria",
			"exemplars": "BE 08086; VA Bab 04052i (BE 08083); VA Bab 04052k; VA Bab 04073a; BE 08072; BE 08010; BE 08044; BE 08045; BE 08046; BE 08047; BE 08048; BE 08049; BE 08051; BE 08052; BE 08053; BE 08054; BE 08073; BE 08074; BE 08075; BE 08076; BE 08077; BE 08078; BE 08079; BE 08080; BE 08081; BE 08082; Ist EȘEM -",
			"genre": "Royal Inscription",
			"id_composite": "Q003805",
			"language": "Akkadian",
			"material": "clay",
			"object_type": "brick",
			"period": "Neo-Assyrian",
			"pleiades_id": "893951",
			"popular_name": "RIMB 2 B.6.32.7",
			"primary_publication": "Ashurbanipal Babylonian 07",
			"provenience": "Babylon",
			"ruler": "Ashurbanipal",
			"script": "Neo-Babylonian",
			"script_remarks": "stamped",
			"script_type": "Cuneiform",
			"subgenre": "Ashurbanipal",
			"supergenre": "LIT"
		},
		"geometry": {
			"type": "Point",
			"coordinates": [44.422236,32.543395]
		}
	}, {
		"type": "Feature",
		"properties": {
			"cdli_id": "P469103",
			"collection": "Vorderasiatisches Museum, Berlin, Germany; British Museum, London, UK",
			"credits": "Based on Grant Frame, Rulers of Babylonia: From the Second Dynasty of Isin to the End of Assyrian Domination (1157-612 BC) (RIMB 2; Toronto, 1995). Digitized, lemmatized, and updated by Alexa Bartelmus, 2015-16, for the Munich Open-access Cuneiform Corpus Initiative (MOCCI), a corpus-building initiative funded by LMU Munich and the Alexander von Humboldt Foundation (through the establishment of the Alexander von Humboldt Chair for Ancient History of the Near and Middle East) and based at the Historisches Seminar - Abteilung Alte Geschichte of Ludwig-Maximilians-Universität München. The annotated edition is released under the Creative Commons Attribution Share-Alike license 3.0. Please cite this page as http://oracc.org/ribo/Q003806/.",
			"date_of_origin": "668-ca. 631",
			"designation": "Ashurbanipal Babylonian 08",
			"display_name": "RINAP 5 Asb. Bab. 08",
			"dynastic_seat": "Assyria",
			"exemplars": "BM 090285 (DT 381); VA Bab 04073b (BE 40145); BE 40855; VA Bab 04073c (BE 41032); VA Bab 04073d (BE 41232)",
			"genre": "Royal Inscription",
			"id_composite": "Q003806",
			"language": "Akkadian",
			"material": "clay",
			"object_type": "brick",
			"period": "Neo-Assyrian",
			"pleiades_id": "893951",
			"popular_name": "RIMB 2 B.6.32.8",
			"primary_publication": "Ashurbanipal Babylonian 08",
			"provenience": "Babylon",
			"ruler": "Ashurbanipal",
			"script": "Neo-Babylonian",
			"script_remarks": "stamped",
			"script_type": "Cuneiform",
			"subgenre": "Ashurbanipal",
			"supergenre": "LIT"
		},
		"geometry": {
			"type": "Point",
			"coordinates": [44.422236,32.543395]
		}
	}, {
		"type": "Feature",
		"properties": {
			"cdli_id": "P469104",
			"collection": "Vorderasiatisches Museum, Berlin, Germany; British Museum, London, UK",
			"credits": "Based on Grant Frame, Rulers of Babylonia: From the Second Dynasty of Isin to the End of Assyrian Domination (1157-612 BC) (RIMB 2; Toronto, 1995). Digitized, lemmatized, and updated by Alexa Bartelmus, 2015-16, for the Munich Open-access Cuneiform Corpus Initiative (MOCCI), a corpus-building initiative funded by LMU Munich and the Alexander von Humboldt Foundation (through the establishment of the Alexander von Humboldt Chair for Ancient History of the Near and Middle East) and based at the Historisches Seminar - Abteilung Alte Geschichte of Ludwig-Maximilians-Universität München. The annotated edition is released under the Creative Commons Attribution Share-Alike license 3.0. Please cite this page as http://oracc.org/ribo/Q003807/.",
			"date_of_origin": "668-ca. 631",
			"designation": "Ashurbanipal Babylonian 09",
			"display_name": "RINAP 5 Asb. Bab. 09",
			"dynastic_seat": "Assyria",
			"exemplars": "BM 130712 (1942-01-28, 0001); BE 39849; VA Bab 04054c (BE 41252); VA Bab 04054a (BE 36072); VA Bab 04054b (BE 39436); BE 39807; BE 41171; BE 46433",
			"genre": "Royal Inscription",
			"id_composite": "Q003807",
			"language": "Sumerian",
			"material": "clay",
			"object_type": "brick",
			"period": "Neo-Assyrian",
			"pleiades_id": "893951",
			"popular_name": "RIMB 2 B.6.32.9",
			"primary_publication": "Ashurbanipal Babylonian 09",
			"provenience": "Babylon",
			"ruler": "Ashurbanipal",
			"script": "Neo-Babylonian",
			"script_remarks": "stamped",
			"script_type": "Cuneiform",
			"subgenre": "Ashurbanipal",
			"supergenre": "LIT"
		},
		"geometry": {
			"type": "Point",
			"coordinates": [44.422236,32.543395]
		}
	}, {
		"type": "Feature",
		"properties": {
			"cdli_id": "P469105",
			"credits": "Based on Grant Frame, Rulers of Babylonia: From the Second Dynasty of Isin to the End of Assyrian Domination (1157-612 BC) (RIMB 2; Toronto, 1995). Digitized, lemmatized, and updated by Alexa Bartelmus, 2015-16, for the Munich Open-access Cuneiform Corpus Initiative (MOCCI), a corpus-building initiative funded by LMU Munich and the Alexander von Humboldt Foundation (through the establishment of the Alexander von Humboldt Chair for Ancient History of the Near and Middle East) and based at the Historisches Seminar - Abteilung Alte Geschichte of Ludwig-Maximilians-Universität München. The annotated edition is released under the Creative Commons Attribution Share-Alike license 3.0. Please cite this page as http://oracc.org/ribo/Q003808/.",
			"date_of_origin": "668-ca. 631",
			"designation": "Ashurbanipal Babylonian 10",
			"display_name": "RINAP 5 Asb. Bab. 10",
			"dynastic_seat": "Assyria",
			"exemplars": "BE 41186",
			"genre": "Royal Inscription",
			"id_composite": "Q003808",
			"language": "Akkadian",
			"material": "clay",
			"object_type": "brick",
			"period": "Neo-Assyrian",
			"pleiades_id": "893951",
			"popular_name": "RIMB 2 B.6.32.10",
			"primary_publication": "Ashurbanipal Babylonian 10",
			"provenience": "Babylon",
			"ruler": "Ashurbanipal",
			"script": "Neo-Babylonian",
			"script_remarks": "stamped",
			"script_type": "Cuneiform",
			"subgenre": "Ashurbanipal",
			"supergenre": "LIT"
		},
		"geometry": {
			"type": "Point",
			"coordinates": [44.422236,32.543395]
		}
	}, {
		"type": "Feature",
		"properties": {
			"cdli_id": "P469106",
			"collection": "Vorderasiatisches Museum, Berlin, Germany",
			"credits": "Based on Grant Frame, Rulers of Babylonia: From the Second Dynasty of Isin to the End of Assyrian Domination (1157-612 BC) (RIMB 2; Toronto, 1995). Digitized, lemmatized, and updated by Alexa Bartelmus, 2015-16, for the Munich Open-access Cuneiform Corpus Initiative (MOCCI), a corpus-building initiative funded by LMU Munich and the Alexander von Humboldt Foundation (through the establishment of the Alexander von Humboldt Chair for Ancient History of the Near and Middle East) and based at the Historisches Seminar - Abteilung Alte Geschichte of Ludwig-Maximilians-Universität München. The annotated edition is released under the Creative Commons Attribution Share-Alike license 3.0. Please cite this page as http://oracc.org/ribo/Q003809/.",
			"date_of_origin": "668-ca. 631",
			"designation": "Ashurbanipal Babylonian 11",
			"display_name": "RINAP 5 Asb. Bab. 11",
			"dynastic_seat": "Assyria",
			"exemplars": "VA Bab 04052h (BE 41143)",
			"genre": "Royal Inscription",
			"id_composite": "Q003809",
			"language": "Akkadian",
			"material": "clay",
			"object_type": "brick",
			"period": "Neo-Assyrian",
			"pleiades_id": "893951",
			"popular_name": "RIMB 2 B.6.32.11",
			"primary_publication": "Ashurbanipal Babylonian 11",
			"provenience": "Babylon",
			"ruler": "Ashurbanipal",
			"script": "Neo-Babylonian",
			"script_remarks": "stamped",
			"script_type": "Cuneiform",
			"subgenre": "Ashurbanipal",
			"supergenre": "LIT"
		},
		"geometry": {
			"type": "Point",
			"coordinates": [44.422236,32.543395]
		}
	}, {
		"type": "Feature",
		"properties": {
			"cdli_id": "P469107",
			"collection": "Vorderasiatisches Museum, Berlin, Germany; British Museum, London, UK",
			"credits": "Based on Grant Frame, Rulers of Babylonia: From the Second Dynasty of Isin to the End of Assyrian Domination (1157-612 BC) (RIMB 2; Toronto, 1995). Digitized, lemmatized, and updated by Alexa Bartelmus, 2015-16, for the Munich Open-access Cuneiform Corpus Initiative (MOCCI), a corpus-building initiative funded by LMU Munich and the Alexander von Humboldt Foundation (through the establishment of the Alexander von Humboldt Chair for Ancient History of the Near and Middle East) and based at the Historisches Seminar - Abteilung Alte Geschichte of Ludwig-Maximilians-Universität München. The annotated edition is released under the Creative Commons Attribution Share-Alike license 3.0. Please cite this page as http://oracc.org/ribo/Q003810/.",
			"date_of_origin": "668-ca. 631",
			"designation": "Ashurbanipal Babylonian 12",
			"display_name": "RINAP 5 Asb. Bab. 12",
			"dynastic_seat": "Assyria",
			"exemplars": "VA 03587; BM 083000 (+) BM 083001 (1883-01-21, 0163 [+] 1883-01-21, 0164)",
			"genre": "Royal Inscription",
			"id_composite": "Q003810",
			"language": "Akkadian",
			"material": "clay",
			"object_type": "cylinder",
			"period": "Neo-Assyrian",
			"pleiades_id": "894089",
			"popular_name": "RIMB 2 B.6.32.13",
			"primary_publication": "Ashurbanipal Babylonian 12",
			"provenience": "Sippar",
			"ruler": "Ashurbanipal",
			"script": "Neo-Assyrian",
			"script_remarks": "inscribed",
			"script_type": "Cuneiform",
			"subgenre": "Ashurbanipal",
			"supergenre": "LIT"
		},
		"geometry": {
			"type": "Point",
			"coordinates": [44.253809,33.059195]
		}
	}, {
		"type": "Feature",
		"properties": {
			"cdli_id": "P469108",
			"collection": "British Museum, London, UK",
			"credits": "Based on Grant Frame, Rulers of Babylonia: From the Second Dynasty of Isin to the End of Assyrian Domination (1157-612 BC) (RIMB 2; Toronto, 1995). Digitized, lemmatized, and updated by Alexa Bartelmus, 2015-16, for the Munich Open-access Cuneiform Corpus Initiative (MOCCI), a corpus-building initiative funded by LMU Munich and the Alexander von Humboldt Foundation (through the establishment of the Alexander von Humboldt Chair for Ancient History of the Near and Middle East) and based at the Historisches Seminar - Abteilung Alte Geschichte of Ludwig-Maximilians-Universität München. The annotated edition is released under the Creative Commons Attribution Share-Alike license 3.0. Please cite this page as http://oracc.org/ribo/Q003811/.",
			"date_of_origin": "668-ca. 631",
			"designation": "Ashurbanipal Babylonian 13",
			"display_name": "RINAP 5 Asb. Bab. 13",
			"dynastic_seat": "Assyria",
			"exemplars": "BM 090865 (1880-06-17, 0002)",
			"genre": "Royal Inscription",
			"id_composite": "Q003811",
			"language": "Akkadian",
			"material": "stone",
			"object_type": "stele",
			"period": "Neo-Assyrian",
			"pleiades_id": "893964",
			"popular_name": "RIMB 2 B.6.32.14",
			"primary_publication": "Ashurbanipal Babylonian 13",
			"provenience": "Borsippa",
			"ruler": "Ashurbanipal",
			"script": "Neo-Babylonian",
			"script_remarks": "inscribed",
			"script_type": "Cuneiform",
			"subgenre": "Ashurbanipal",
			"supergenre": "LIT"
		},
		"geometry": {
			"type": "Point",
			"coordinates": [44.344757,32.390721]
		}
	}, {
		"type": "Feature",
		"properties": {
			"cdli_id": "P469109",
			"collection": "British Museum, London, UK; Metropolitan Museum of Art, New York, New York, USA",
			"credits": "Based on Grant Frame, Rulers of Babylonia: From the Second Dynasty of Isin to the End of Assyrian Domination (1157-612 BC) (RIMB 2; Toronto, 1995). Digitized, lemmatized, and updated by Alexa Bartelmus, 2015-16, for the Munich Open-access Cuneiform Corpus Initiative (MOCCI), a corpus-building initiative funded by LMU Munich and the Alexander von Humboldt Foundation (through the establishment of the Alexander von Humboldt Chair for Ancient History of the Near and Middle East) and based at the Historisches Seminar - Abteilung Alte Geschichte of Ludwig-Maximilians-Universität München. The annotated edition is released under the Creative Commons Attribution Share-Alike license 3.0. Please cite this page as http://oracc.org/ribo/Q003812/.",
			"date_of_origin": "668-ca. 631",
			"designation": "Ashurbanipal Babylonian 14",
			"display_name": "RINAP 5 Asb. Bab. 14",
			"dynastic_seat": "Assyria",
			"exemplars": "BM 091115 (1882-07-14, 1043); BM 056639 (1882-07-14, 1044); DT 272; BM 056634 (1882-07-14, 1032); BM 078264 (Bu 1888-05-12, 0120);  MMA -; BM 028384 + BM 050843 (1882-03-23, 1837+ 1898-10-11, 0020)",
			"genre": "Royal Inscription",
			"id_composite": "Q003812",
			"language": "Akkadian",
			"material": "clay",
			"object_type": "cylinder",
			"period": "Neo-Assyrian",
			"pleiades_id": "893964",
			"popular_name": "RIMB 2 B.6.32.12",
			"primary_publication": "Ashurbanipal Babylonian 14",
			"provenience": "Borsippa",
			"ruler": "Ashurbanipal",
			"script": "Neo-Babylonian, Archaizing  Neo-Babylonian",
			"script_remarks": "inscribed",
			"script_type": "Cuneiform",
			"subgenre": "Ashurbanipal",
			"supergenre": "LIT"
		},
		"geometry": {
			"type": "Point",
			"coordinates": [44.344757,32.390721]
		}
	}, {
		"type": "Feature",
		"properties": {
			"cdli_id": "P469110",
			"collection": "Philadelphia Museum of Art, Philadelphia, Pennsylvania, USA; University of Pennsylvania Museum of Archaeology and Anthropology, Philadelphia, Pennsylvania, USA",
			"credits": "Based on Grant Frame, Rulers of Babylonia: From the Second Dynasty of Isin to the End of Assyrian Domination (1157-612 BC) (RIMB 2; Toronto, 1995). Digitized, lemmatized, and updated by Alexa Bartelmus, 2015-16, for the Munich Open-access Cuneiform Corpus Initiative (MOCCI), a corpus-building initiative funded by LMU Munich and the Alexander von Humboldt Foundation (through the establishment of the Alexander von Humboldt Chair for Ancient History of the Near and Middle East) and based at the Historisches Seminar - Abteilung Alte Geschichte of Ludwig-Maximilians-Universität München. The annotated edition is released under the Creative Commons Attribution Share-Alike license 3.0. Please cite this page as http://oracc.org/ribo/Q003813/.",
			"date_of_origin": "668-ca. 631",
			"designation": "Ashurbanipal Babylonian 15",
			"display_name": "RINAP 5 Asb. Bab. 15",
			"dynastic_seat": "Assyria",
			"exemplars": "UM L-29-632 + 633 + 626 (PMA F29-06-387a+b+e); UM 55-21-384 (3N-T0840)",
			"genre": "Royal Inscription",
			"id_composite": "Q003813",
			"language": "Akkadian",
			"material": "clay",
			"object_type": "cylinder",
			"period": "Neo-Assyrian",
			"pleiades_id": "912910",
			"popular_name": "RIMB 2 B.6.32.15",
			"primary_publication": "Ashurbanipal Babylonian 15",
			"provenience": "Nippur",
			"ruler": "Ashurbanipal",
			"script": "Neo-Babylonian",
			"script_remarks": "inscribed",
			"script_type": "Cuneiform",
			"subgenre": "Ashurbanipal",
			"supergenre": "LIT"
		},
		"geometry": {
			"type": "Point",
			"coordinates": [45.230832,32.126944]
		}
	}, {
		"type": "Feature",
		"properties": {
			"cdli_id": "P469111",
			"collection": "British Museum, London, UK; Ashmolean Museum, Oxford, UK; City of Bristol Museum and Art Gallery, Bristol, UK; University of Pennsylvania Museum of Archaeology and Anthropology, Philadelphia, Pennsylvania, USA; Arkeoloji Müzerleri, Istanbul, Turkey; Yale Babylonian Collection, New Haven, Connecticut, USA; Private Collection: Harper, Unknown, USA; Hilprecht-Sammlung, Fr. Schiller University, Jena, Germany; McGill University Ethnological Collections, Montreal, Quebec Province, Canada",
			"credits": "Based on Grant Frame, Rulers of Babylonia: From the Second Dynasty of Isin to the End of Assyrian Domination (1157-612 BC) (RIMB 2; Toronto, 1995). Digitized, lemmatized, and updated by Alexa Bartelmus, 2015-16, for the Munich Open-access Cuneiform Corpus Initiative (MOCCI), a corpus-building initiative funded by LMU Munich and the Alexander von Humboldt Foundation (through the establishment of the Alexander von Humboldt Chair for Ancient History of the Near and Middle East) and based at the Historisches Seminar - Abteilung Alte Geschichte of Ludwig-Maximilians-Universität München. The annotated edition is released under the Creative Commons Attribution Share-Alike license 3.0. Please cite this page as http://oracc.org/ribo/Q003814/.",
			"date_of_origin": "668-ca. 631",
			"designation": "Ashurbanipal Babylonian 16",
			"display_name": "RINAP 5 Asb. Bab. 16",
			"dynastic_seat": "Assyria",
			"exemplars": "BM 090807 (1851-10-09, 0078R); BM 114299 (1919-10-11, 4743); Ash 1922.181; Ash 1924.627; H-5097; CBS 01632a; CBS 08632; CBS 08633; CBS 08654; UM 84-26-008; UM 84-26-009; UM 84-26-010; UM 84-26-011; Ist EȘEM  -; YBC 02372; Harper -; 5N-T0703; HS 2981; ML 1.18",
			"genre": "Royal Inscription",
			"id_composite": "Q003814",
			"language": "Akkadian",
			"material": "clay",
			"object_type": "brick",
			"period": "Neo-Assyrian",
			"pleiades_id": "912910",
			"popular_name": "RIMB 2 B.6.32.16",
			"primary_publication": "Ashurbanipal Babylonian 16",
			"provenience": "Nippur",
			"ruler": "Ashurbanipal",
			"script": "Neo-Babylonian",
			"script_remarks": "inscribed",
			"script_type": "Cuneiform",
			"subgenre": "Ashurbanipal",
			"supergenre": "LIT"
		},
		"geometry": {
			"type": "Point",
			"coordinates": [45.230832,32.126944]
		}
	}, {
		"type": "Feature",
		"properties": {
			"cdli_id": "P469112",
			"collection": "University of Pennsylvania Museum of Archaeology and Anthropology, Philadelphia, Pennsylvania, USA",
			"credits": "Based on Grant Frame, Rulers of Babylonia: From the Second Dynasty of Isin to the End of Assyrian Domination (1157-612 BC) (RIMB 2; Toronto, 1995). Digitized, lemmatized, and updated by Alexa Bartelmus, 2015-16, for the Munich Open-access Cuneiform Corpus Initiative (MOCCI), a corpus-building initiative funded by LMU Munich and the Alexander von Humboldt Foundation (through the establishment of the Alexander von Humboldt Chair for Ancient History of the Near and Middle East) and based at the Historisches Seminar - Abteilung Alte Geschichte of Ludwig-Maximilians-Universität München. The annotated edition is released under the Creative Commons Attribution Share-Alike license 3.0. Please cite this page as http://oracc.org/ribo/Q003815/.",
			"date_of_origin": "668-ca. 631",
			"designation": "Ashurbanipal Babylonian 17",
			"display_name": "RINAP 5 Asb. Bab. 17",
			"dynastic_seat": "Assyria",
			"exemplars": "CBS 08644",
			"genre": "Royal Inscription",
			"id_composite": "Q003815",
			"language": "Sumerian",
			"material": "clay",
			"object_type": "brick",
			"period": "Neo-Assyrian",
			"pleiades_id": "912910",
			"popular_name": "RIMB 2 B.6.32.17",
			"primary_publication": "Ashurbanipal Babylonian 17",
			"provenience": "Nippur",
			"ruler": "Ashurbanipal",
			"script": "Archaizing  Neo-Babylonian",
			"script_remarks": "stamped",
			"script_type": "Cuneiform",
			"subgenre": "Ashurbanipal",
			"supergenre": "LIT"
		},
		"geometry": {
			"type": "Point",
			"coordinates": [45.230832,32.126944]
		}
	}, {
		"type": "Feature",
		"properties": {
			"cdli_id": "P469113",
			"collection": "University of Pennsylvania Museum of Archaeology and Anthropology, Philadelphia, Pennsylvania, USA",
			"credits": "Based on Grant Frame, Rulers of Babylonia: From the Second Dynasty of Isin to the End of Assyrian Domination (1157-612 BC) (RIMB 2; Toronto, 1995). Digitized, lemmatized, and updated by Alexa Bartelmus, 2015-16, for the Munich Open-access Cuneiform Corpus Initiative (MOCCI), a corpus-building initiative funded by LMU Munich and the Alexander von Humboldt Foundation (through the establishment of the Alexander von Humboldt Chair for Ancient History of the Near and Middle East) and based at the Historisches Seminar - Abteilung Alte Geschichte of Ludwig-Maximilians-Universität München. The annotated edition is released under the Creative Commons Attribution Share-Alike license 3.0. Please cite this page as http://oracc.org/ribo/Q003816/.",
			"date_of_origin": "668-ca. 631",
			"designation": "Ashurbanipal Babylonian 18",
			"display_name": "RINAP 5 Asb. Bab. 18",
			"dynastic_seat": "Assyria",
			"exemplars": "UM 84-26-012; 18N-000",
			"genre": "Royal Inscription",
			"id_composite": "Q003816",
			"language": "Sumerian",
			"material": "clay",
			"object_type": "brick",
			"period": "Neo-Assyrian",
			"pleiades_id": "912910",
			"popular_name": "RIMB 2 B.6.32.18",
			"primary_publication": "Ashurbanipal Babylonian 18",
			"provenience": "Nippur",
			"ruler": "Ashurbanipal",
			"script": "Neo-Babylonian",
			"script_remarks": "inscribed",
			"script_type": "Cuneiform",
			"subgenre": "Ashurbanipal",
			"supergenre": "LIT"
		},
		"geometry": {
			"type": "Point",
			"coordinates": [45.230832,32.126944]
		}
	}, {
		"type": "Feature",
		"properties": {
			"cdli_id": "P469114",
			"collection": "Seminar für Assyriologie, Universität Heidelberg, Heidelberg, Germany; Yale Babylonian Collection, New Haven, Connecticut, USA; Hearst Museum of Anthropology, University of California at Berkeley, Berkeley, California, USA",
			"credits": "Based on Grant Frame, Rulers of Babylonia: From the Second Dynasty of Isin to the End of Assyrian Domination (1157-612 BC) (RIMB 2; Toronto, 1995). Digitized, lemmatized, and updated by Alexa Bartelmus, 2015-16, for the Munich Open-access Cuneiform Corpus Initiative (MOCCI), a corpus-building initiative funded by LMU Munich and the Alexander von Humboldt Foundation (through the establishment of the Alexander von Humboldt Chair for Ancient History of the Near and Middle East) and based at the Historisches Seminar - Abteilung Alte Geschichte of Ludwig-Maximilians-Universität München. The annotated edition is released under the Creative Commons Attribution Share-Alike license 3.0. Please cite this page as http://oracc.org/ribo/Q003817/.",
			"date_of_origin": "668-ca. 631",
			"designation": "Ashurbanipal Babylonian 19",
			"display_name": "RINAP 5 Asb. Bab. 19",
			"dynastic_seat": "Assyria",
			"exemplars": "YBC 02180; HMA 9-01793;  NBC 02507+? W 04444; Heidelberg - (W 20942)",
			"genre": "Royal Inscription",
			"id_composite": "Q003817",
			"language": "Akkadian",
			"material": "clay",
			"object_type": "brick",
			"period": "Neo-Assyrian",
			"pleiades_id": "912986",
			"popular_name": "RIMB 2 B.6.32.19",
			"primary_publication": "Ashurbanipal Babylonian 19",
			"provenience": "Uruk",
			"ruler": "Ashurbanipal",
			"script": "Archaizing  Neo-Babylonian",
			"script_remarks": "inscribed",
			"script_type": "Cuneiform",
			"subgenre": "Ashurbanipal",
			"supergenre": "LIT"
		},
		"geometry": {
			"type": "Point",
			"coordinates": [45.638752,31.32446]
		}
	}, {
		"type": "Feature",
		"properties": {
			"cdli_id": "P469115",
			"collection": "British Museum, London, UK",
			"credits": "Based on Grant Frame, Rulers of Babylonia: From the Second Dynasty of Isin to the End of Assyrian Domination (1157-612 BC) (RIMB 2; Toronto, 1995). Digitized, lemmatized, and updated by Alexa Bartelmus, 2015-16, for the Munich Open-access Cuneiform Corpus Initiative (MOCCI), a corpus-building initiative funded by LMU Munich and the Alexander von Humboldt Foundation (through the establishment of the Alexander von Humboldt Chair for Ancient History of the Near and Middle East) and based at the Historisches Seminar - Abteilung Alte Geschichte of Ludwig-Maximilians-Universität München. The annotated edition is released under the Creative Commons Attribution Share-Alike license 3.0. Please cite this page as http://oracc.org/ribo/Q003818/.",
			"date_of_origin": "668-ca. 631",
			"designation": "Ashurbanipal Babylonian 20",
			"display_name": "RINAP 5 Asb. Bab. 20",
			"dynastic_seat": "Assyria",
			"exemplars": "1881-02-04, 0174",
			"genre": "Royal Inscription",
			"id_composite": "Q003818",
			"language": "Akkadian",
			"material": "clay",
			"object_type": "cylinder",
			"period": "Neo-Assyrian",
			"pleiades_id": "874621",
			"popular_name": "RIMB 2 B.6.32.20",
			"primary_publication": "Ashurbanipal Babylonian 20",
			"provenience": "Nineveh",
			"ruler": "Ashurbanipal",
			"script": "Neo-Babylonian",
			"script_remarks": "inscribed",
			"script_type": "Cuneiform",
			"subgenre": "Ashurbanipal",
			"supergenre": "LIT"
		},
		"geometry": {
			"type": "Point",
			"coordinates": [43.151937,36.358684]
		}
	}, {
		"type": "Feature",
		"properties": {
			"cdli_id": "P469116",
			"collection": "British Museum, London, UK",
			"credits": "Based on Grant Frame, Rulers of Babylonia: From the Second Dynasty of Isin to the End of Assyrian Domination (1157-612 BC) (RIMB 2; Toronto, 1995). Digitized, lemmatized, and updated by Alexa Bartelmus, 2015-16, for the Munich Open-access Cuneiform Corpus Initiative (MOCCI), a corpus-building initiative funded by LMU Munich and the Alexander von Humboldt Foundation (through the establishment of the Alexander von Humboldt Chair for Ancient History of the Near and Middle East) and based at the Historisches Seminar - Abteilung Alte Geschichte of Ludwig-Maximilians-Universität München. The annotated edition is released under the Creative Commons Attribution Share-Alike license 3.0. Please cite this page as http://oracc.org/ribo/Q003840/.",
			"date_of_origin": "668-ca. 631",
			"designation": "Ashurbanipal Babylonian 2001",
			"display_name": "RINAP 5 Asb. Bab. 2001",
			"dynastic_seat": "Assyria",
			"exemplars": "BM 119065 (1927-10-03, 0060; U 02674)",
			"genre": "Royal Inscription",
			"id_composite": "Q003840",
			"language": "Sumerian",
			"material": "stone",
			"object_type": "door socket",
			"period": "Neo-Assyrian",
			"pleiades_id": "912985",
			"popular_name": "RIMB 2 B.6.32.2001",
			"primary_publication": "Ashurbanipal Babylonian 2001",
			"provenience": "Ur",
			"ruler": "Ashurbanipal",
			"script": "Archaizing  Neo-Babylonian",
			"script_remarks": "inscribed",
			"script_type": "Cuneiform",
			"subgenre": "Ashurbanipal",
			"supergenre": "LIT"
		},
		"geometry": {
			"type": "Point",
			"coordinates": [46.104748,30.961580]
		}
	}, {
		"type": "Feature",
		"properties": {
			"cdli_id": "P469117",
			"collection": "British Museum, London, UK",
			"credits": "Based on Grant Frame, Rulers of Babylonia: From the Second Dynasty of Isin to the End of Assyrian Domination (1157-612 BC) (RIMB 2; Toronto, 1995). Digitized, lemmatized, and updated by Alexa Bartelmus, 2015-16, for the Munich Open-access Cuneiform Corpus Initiative (MOCCI), a corpus-building initiative funded by LMU Munich and the Alexander von Humboldt Foundation (through the establishment of the Alexander von Humboldt Chair for Ancient History of the Near and Middle East) and based at the Historisches Seminar - Abteilung Alte Geschichte of Ludwig-Maximilians-Universität München. The annotated edition is released under the Creative Commons Attribution Share-Alike license 3.0. Please cite this page as http://oracc.org/ribo/Q003841/.",
			"date_of_origin": "668-ca. 631",
			"designation": "Ashurbanipal Babylonian 2002",
			"display_name": "RINAP 5 Asb. Bab. 2002",
			"dynastic_seat": "Assyria",
			"exemplars": "BM 116987 (1924-09-20, 0250; U 01262)",
			"genre": "Royal Inscription",
			"id_composite": "Q003841",
			"language": "Sumerian",
			"material": "clay",
			"object_type": "cone",
			"period": "Neo-Assyrian",
			"pleiades_id": "912985",
			"popular_name": "RIMB 2 B.6.32.2002",
			"primary_publication": "Ashurbanipal Babylonian 2002",
			"provenience": "Ur",
			"ruler": "Ashurbanipal",
			"script": "Neo-Babylonian",
			"script_remarks": "inscribed",
			"script_type": "Cuneiform",
			"subgenre": "Ashurbanipal",
			"supergenre": "LIT"
		},
		"geometry": {
			"type": "Point",
			"coordinates": [46.104748,30.961580]
		}
	}, {
		"type": "Feature",
		"properties": {
			"cdli_id": "P469118",
			"collection": "British Museum, London, UK; University of Pennsylvania Museum of Archaeology and Anthropology, Philadelphia, Pennsylvania, USA; Iraq Museum, Baghdad, Iraq",
			"credits": "Based on Grant Frame, Rulers of Babylonia: From the Second Dynasty of Isin to the End of Assyrian Domination (1157-612 BC) (RIMB 2; Toronto, 1995). Digitized, lemmatized, and updated by Alexa Bartelmus, 2015-16, for the Munich Open-access Cuneiform Corpus Initiative (MOCCI), a corpus-building initiative funded by LMU Munich and the Alexander von Humboldt Foundation (through the establishment of the Alexander von Humboldt Chair for Ancient History of the Near and Middle East) and based at the Historisches Seminar - Abteilung Alte Geschichte of Ludwig-Maximilians-Universität München. The annotated edition is released under the Creative Commons Attribution Share-Alike license 3.0. Please cite this page as http://oracc.org/ribo/Q003842/.",
			"date_of_origin": "668-ca. 631",
			"designation": "Ashurbanipal Babylonian 2003",
			"display_name": "RINAP 5 Asb. Bab. 2003",
			"dynastic_seat": "Assyria",
			"exemplars": "BM 114277 (1919-10-11, 4708); BM 114278 (1919-10-11, 4709); BM 137345 (1935-01-13, 0005; U 01664); BM 137349 (1935-01-13, 0009; U 03161); BM 137381 (1979-12-18, 0016); BM 137408 (1979-12-18, 0043); CBS 15337 (=? U 00152); CBS 16491; CBS 16555a; CBS 16555b; IM -; U 03136; U 07824",
			"genre": "Royal Inscription",
			"id_composite": "Q003842",
			"language": "Sumerian",
			"material": "clay",
			"object_type": "brick",
			"period": "Neo-Assyrian",
			"pleiades_id": "912985",
			"popular_name": "RIMB 2 B.6.32.2003",
			"primary_publication": "Ashurbanipal Babylonian 2003",
			"provenience": "Ur",
			"ruler": "Ashurbanipal",
			"script": "Neo-Babylonian",
			"script_remarks": "inscribed, stamped",
			"script_type": "Cuneiform",
			"subgenre": "Ashurbanipal",
			"supergenre": "LIT"
		},
		"geometry": {
			"type": "Point",
			"coordinates": [46.104748,30.961580]
		}
	}, {
		"type": "Feature",
		"properties": {
			"cdli_id": "P469119",
			"collection": "British Museum, London, UK",
			"credits": "Based on Grant Frame, Rulers of Babylonia: From the Second Dynasty of Isin to the End of Assyrian Domination (1157-612 BC) (RIMB 2; Toronto, 1995). Digitized, lemmatized, and updated by Alexa Bartelmus, 2015-16, for the Munich Open-access Cuneiform Corpus Initiative (MOCCI), a corpus-building initiative funded by LMU Munich and the Alexander von Humboldt Foundation (through the establishment of the Alexander von Humboldt Chair for Ancient History of the Near and Middle East) and based at the Historisches Seminar - Abteilung Alte Geschichte of Ludwig-Maximilians-Universität München. The annotated edition is released under the Creative Commons Attribution Share-Alike license 3.0. Please cite this page as http://oracc.org/ribo/Q003843/.",
			"date_of_origin": "668-ca. 631",
			"designation": "Ashurbanipal Babylonian 2004",
			"display_name": "RINAP 5 Asb. Bab. 2004",
			"dynastic_seat": "Assyria",
			"exemplars": "BM 119278 (1927-10-03, 0273; U 06341)",
			"genre": "Royal Inscription",
			"id_composite": "Q003843",
			"language": "Sumerian",
			"material": "clay",
			"object_type": "brick",
			"period": "Neo-Assyrian",
			"pleiades_id": "912985",
			"popular_name": "RIMB 2 B.6.32.2004",
			"primary_publication": "Ashurbanipal Babylonian 2004",
			"provenience": "Ur",
			"ruler": "Ashurbanipal",
			"script": "Neo-Babylonian",
			"script_remarks": "stamped",
			"script_type": "Cuneiform",
			"subgenre": "Ashurbanipal",
			"supergenre": "LIT"
		},
		"geometry": {
			"type": "Point",
			"coordinates": [46.104748,30.961580]
		}
	}, {
		"type": "Feature",
		"properties": {
			"cdli_id": "P469120",
			"collection": "University of Pennsylvania Museum of Archaeology and Anthropology, Philadelphia, Pennsylvania, USA",
			"credits": "Based on Grant Frame, Rulers of Babylonia: From the Second Dynasty of Isin to the End of Assyrian Domination (1157-612 BC) (RIMB 2; Toronto, 1995). Digitized, lemmatized, and updated by Alexa Bartelmus, 2015-16, for the Munich Open-access Cuneiform Corpus Initiative (MOCCI), a corpus-building initiative funded by LMU Munich and the Alexander von Humboldt Foundation (through the establishment of the Alexander von Humboldt Chair for Ancient History of the Near and Middle East) and based at the Historisches Seminar - Abteilung Alte Geschichte of Ludwig-Maximilians-Universität München. The annotated edition is released under the Creative Commons Attribution Share-Alike license 3.0. Please cite this page as http://oracc.org/ribo/Q003844/.",
			"date_of_origin": "668-ca. 631",
			"designation": "Ashurbanipal Babylonian 2005",
			"display_name": "RINAP 5 Asb. Bab. 2005",
			"dynastic_seat": "Assyria",
			"exemplars": "CBS 16483 (U 03250)",
			"genre": "Royal Inscription",
			"id_composite": "Q003844",
			"language": "Sumerian",
			"material": "clay",
			"object_type": "brick",
			"period": "Neo-Assyrian",
			"pleiades_id": "912985",
			"popular_name": "RIMB 2 B.6.32.2005",
			"primary_publication": "Ashurbanipal Babylonian 2005",
			"provenience": "Ur",
			"ruler": "Ashurbanipal",
			"script": "Neo-Babylonian",
			"script_remarks": "inscribed",
			"script_type": "Cuneiform",
			"subgenre": "Ashurbanipal",
			"supergenre": "LIT"
		},
		"geometry": {
			"type": "Point",
			"coordinates": [46.104748,30.961580]
		}
	}, {
		"type": "Feature",
		"properties": {
			"cdli_id": "P270107",
			"collection": "University of Pennsylvania Museum of Archaeology and Anthropology, Philadelphia, Pennsylvania, USA",
			"credits": "Based on Grant Frame, Rulers of Babylonia: From the Second Dynasty of Isin to the End of Assyrian Domination (1157-612 BC) (RIMB 2; Toronto, 1995). Digitized, lemmatized, and updated by Alexa Bartelmus, 2015-16, for the Munich Open-access Cuneiform Corpus Initiative (MOCCI), a corpus-building initiative funded by LMU Munich and the Alexander von Humboldt Foundation (through the establishment of the Alexander von Humboldt Chair for Ancient History of the Near and Middle East) and based at the Historisches Seminar - Abteilung Alte Geschichte of Ludwig-Maximilians-Universität München. The annotated edition is released under the Creative Commons Attribution Share-Alike license 3.0. Please cite this page as http://oracc.org/ribo/Q003845/.",
			"date_of_origin": "668-ca. 631",
			"designation": "Ashurbanipal Babylonian 2006",
			"display_name": "RINAP 5 Asb. Bab. 2007",
			"dynastic_seat": "Assyria",
			"exemplars": "CBS 16484 (U 03326)",
			"genre": "Royal Inscription",
			"id_composite": "Q003845",
			"language": "Sumerian",
			"material": "clay",
			"object_type": "brick",
			"period": "Neo-Assyrian",
			"pleiades_id": "912985",
			"popular_name": "RIMB 2 B.6.32.2006",
			"primary_publication": "Ashurbanipal Babylonian 2006",
			"provenience": "Ur",
			"ruler": "Ashurbanipal",
			"script": "Neo-Babylonian",
			"script_remarks": "inscribed",
			"script_type": "Cuneiform",
			"subgenre": "Ashurbanipal",
			"supergenre": "LIT"
		},
		"geometry": {
			"type": "Point",
			"coordinates": [46.104748,30.961580]
		}
	}, {
		"type": "Feature",
		"properties": {
			"cdli_id": "P469121",
			"collection": "University of Pennsylvania Museum of Archaeology and Anthropology, Philadelphia, Pennsylvania, USA",
			"credits": "Based on Grant Frame, Rulers of Babylonia: From the Second Dynasty of Isin to the End of Assyrian Domination (1157-612 BC) (RIMB 2; Toronto, 1995). Digitized, lemmatized, and updated by Alexa Bartelmus, 2015-16, for the Munich Open-access Cuneiform Corpus Initiative (MOCCI), a corpus-building initiative funded by LMU Munich and the Alexander von Humboldt Foundation (through the establishment of the Alexander von Humboldt Chair for Ancient History of the Near and Middle East) and based at the Historisches Seminar - Abteilung Alte Geschichte of Ludwig-Maximilians-Universität München. The annotated edition is released under the Creative Commons Attribution Share-Alike license 3.0. Please cite this page as http://oracc.org/ribo/Q003846/.",
			"date_of_origin": "668-ca. 631",
			"designation": "Ashurbanipal Babylonian 2007",
			"display_name": "RINAP 5 Asb. Bab. 2007",
			"dynastic_seat": "Assyria",
			"exemplars": "CBS 16485 (U 03296)",
			"genre": "Royal Inscription",
			"id_composite": "Q003846",
			"language": "Sumerian",
			"material": "clay",
			"object_type": "brick",
			"period": "Neo-Assyrian",
			"pleiades_id": "912985",
			"popular_name": "RIMB 2 B.6.32.2007",
			"primary_publication": "Ashurbanipal Babylonian 2007",
			"provenience": "Ur",
			"ruler": "Ashurbanipal",
			"script": "Neo-Babylonian",
			"script_remarks": "inscribed",
			"script_type": "Cuneiform",
			"subgenre": "Ashurbanipal",
			"supergenre": "LIT"
		},
		"geometry": {
			"type": "Point",
			"coordinates": [46.104748,30.961580]
		}
	}, {
		"type": "Feature",
		"properties": {
			"cdli_id": "P270112",
			"collection": "University of Pennsylvania Museum of Archaeology and Anthropology, Philadelphia, Pennsylvania, USA",
			"credits": "Based on Grant Frame, Rulers of Babylonia: From the Second Dynasty of Isin to the End of Assyrian Domination (1157-612 BC) (RIMB 2; Toronto, 1995). Digitized, lemmatized, and updated by Alexa Bartelmus, 2015-16, for the Munich Open-access Cuneiform Corpus Initiative (MOCCI), a corpus-building initiative funded by LMU Munich and the Alexander von Humboldt Foundation (through the establishment of the Alexander von Humboldt Chair for Ancient History of the Near and Middle East) and based at the Historisches Seminar - Abteilung Alte Geschichte of Ludwig-Maximilians-Universität München. The annotated edition is released under the Creative Commons Attribution Share-Alike license 3.0. Please cite this page as http://oracc.org/ribo/Q003847/.",
			"date_of_origin": "668-ca. 631",
			"designation": "Ashurbanipal Babylonian 2008",
			"display_name": "RINAP 5 Asb. Bab. 2008",
			"dynastic_seat": "Assyria",
			"exemplars": "CBS 16489 (U 03300)",
			"genre": "Royal Inscription",
			"id_composite": "Q003847",
			"language": "Sumerian",
			"material": "clay",
			"object_type": "brick",
			"period": "Neo-Assyrian",
			"pleiades_id": "912985",
			"popular_name": "RIMB 2 B.6.32.2008",
			"primary_publication": "Ashurbanipal Babylonian 2008",
			"provenience": "Ur",
			"ruler": "Ashurbanipal",
			"script": "Neo-Babylonian",
			"script_remarks": "inscribed",
			"script_type": "Cuneiform",
			"subgenre": "Ashurbanipal",
			"supergenre": "LIT"
		},
		"geometry": {
			"type": "Point",
			"coordinates": [46.104748,30.961580]
		}
	}, {
		"type": "Feature",
		"properties": {
			"cdli_id": "P469122",
			"collection": "University of Pennsylvania Museum of Archaeology and Anthropology, Philadelphia, Pennsylvania, USA",
			"credits": "Based on Grant Frame, Rulers of Babylonia: From the Second Dynasty of Isin to the End of Assyrian Domination (1157-612 BC) (RIMB 2; Toronto, 1995). Digitized, lemmatized, and updated by Alexa Bartelmus, 2015-16, for the Munich Open-access Cuneiform Corpus Initiative (MOCCI), a corpus-building initiative funded by LMU Munich and the Alexander von Humboldt Foundation (through the establishment of the Alexander von Humboldt Chair for Ancient History of the Near and Middle East) and based at the Historisches Seminar - Abteilung Alte Geschichte of Ludwig-Maximilians-Universität München. The annotated edition is released under the Creative Commons Attribution Share-Alike license 3.0. Please cite this page as http://oracc.org/ribo/Q003848/.",
			"date_of_origin": "668-ca. 631",
			"designation": "Ashurbanipal Babylonian 2009",
			"display_name": "RINAP 5 Asb. Bab. 2009",
			"dynastic_seat": "Assyria",
			"exemplars": "CBS 16490 (U 03301)",
			"genre": "Royal Inscription",
			"id_composite": "Q003848",
			"language": "Sumerian",
			"material": "clay",
			"object_type": "brick",
			"period": "Neo-Assyrian",
			"pleiades_id": "912985",
			"popular_name": "RIMB 2 B.6.32.2009",
			"primary_publication": "Ashurbanipal Babylonian 2009",
			"provenience": "Ur",
			"ruler": "Ashurbanipal",
			"script": "Neo-Babylonian",
			"script_remarks": "inscribed",
			"script_type": "Cuneiform",
			"subgenre": "Ashurbanipal",
			"supergenre": "LIT"
		},
		"geometry": {
			"type": "Point",
			"coordinates": [46.104748,30.961580]
		}
	}, {
		"type": "Feature",
		"properties": {
			"cdli_id": "P469123",
			"collection": "University of Pennsylvania Museum of Archaeology and Anthropology, Philadelphia, Pennsylvania, USA; British Museum, London, UK",
			"credits": "Based on Grant Frame, Rulers of Babylonia: From the Second Dynasty of Isin to the End of Assyrian Domination (1157-612 BC) (RIMB 2; Toronto, 1995). Digitized, lemmatized, and updated by Alexa Bartelmus, 2015-16, for the Munich Open-access Cuneiform Corpus Initiative (MOCCI), a corpus-building initiative funded by LMU Munich and the Alexander von Humboldt Foundation (through the establishment of the Alexander von Humboldt Chair for Ancient History of the Near and Middle East) and based at the Historisches Seminar - Abteilung Alte Geschichte of Ludwig-Maximilians-Universität München. The annotated edition is released under the Creative Commons Attribution Share-Alike license 3.0. Please cite this page as http://oracc.org/ribo/Q003849/.",
			"date_of_origin": "668-ca. 631",
			"designation": "Ashurbanipal Babylonian 2010",
			"display_name": "RINAP 5 Asb. Bab. 2010",
			"dynastic_seat": "Assyria",
			"exemplars": "BM 119277 (1927-10-03, 0272; U 03148); CBS 16559",
			"genre": "Royal Inscription",
			"id_composite": "Q003849",
			"language": "Sumerian",
			"material": "clay",
			"object_type": "brick",
			"period": "Neo-Assyrian",
			"pleiades_id": "912985",
			"popular_name": "RIMB 2 B.6.32.2010",
			"primary_publication": "Ashurbanipal Babylonian 2010",
			"provenience": "Ur",
			"ruler": "Ashurbanipal",
			"script": "Neo-Babylonian",
			"script_remarks": "inscribed",
			"script_type": "Cuneiform",
			"subgenre": "Ashurbanipal",
			"supergenre": "LIT"
		},
		"geometry": {
			"type": "Point",
			"coordinates": [46.104748,30.961580]
		}
	}, {
		"type": "Feature",
		"properties": {
			"cdli_id": "P469124",
			"collection": "University of Pennsylvania Museum of Archaeology and Anthropology, Philadelphia, Pennsylvania, USA; British Museum, London, UK; Iraq Museum, Baghdad, Iraq",
			"credits": "Based on Grant Frame, Rulers of Babylonia: From the Second Dynasty of Isin to the End of Assyrian Domination (1157-612 BC) (RIMB 2; Toronto, 1995). Digitized, lemmatized, and updated by Alexa Bartelmus, 2015-16, for the Munich Open-access Cuneiform Corpus Initiative (MOCCI), a corpus-building initiative funded by LMU Munich and the Alexander von Humboldt Foundation (through the establishment of the Alexander von Humboldt Chair for Ancient History of the Near and Middle East) and based at the Historisches Seminar - Abteilung Alte Geschichte of Ludwig-Maximilians-Universität München. The annotated edition is released under the Creative Commons Attribution Share-Alike license 3.0. Please cite this page as http://oracc.org/ribo/Q003850/.",
			"date_of_origin": "668-ca. 631",
			"designation": "Ashurbanipal Babylonian 2011",
			"display_name": "RINAP 5 Asb. Bab. 20011",
			"dynastic_seat": "Assyria",
			"exemplars": "BM 119279 (1927-10-03, 0274; U 03297); CBS 16486 (U 03297a); CBS 16556a (U 03297b); CBS 16556b (U 03297c); IM 001101 (U 03297); IM 001102 (U 03297)",
			"genre": "Royal Inscription",
			"id_composite": "Q003850",
			"language": "Sumerian",
			"material": "clay",
			"object_type": "brick",
			"period": "Neo-Assyrian",
			"pleiades_id": "912985",
			"popular_name": "RIMB 2 B.6.32.2011",
			"primary_publication": "Ashurbanipal Babylonian 2011",
			"provenience": "Ur",
			"ruler": "Ashurbanipal",
			"script": "Neo-Babylonian",
			"script_remarks": "inscribed",
			"script_type": "Cuneiform",
			"subgenre": "Ashurbanipal",
			"supergenre": "LIT"
		},
		"geometry": {
			"type": "Point",
			"coordinates": [46.104748,30.961580]
		}
	}, {
		"type": "Feature",
		"properties": {
			"cdli_id": "P469125",
			"collection": "University of Pennsylvania Museum of Archaeology and Anthropology, Philadelphia, Pennsylvania, USA; British Museum, London, UK; Iraq Museum, Baghdad, Iraq",
			"credits": "Based on Grant Frame, Rulers of Babylonia: From the Second Dynasty of Isin to the End of Assyrian Domination (1157-612 BC) (RIMB 2; Toronto, 1995). Digitized, lemmatized, and updated by Alexa Bartelmus, 2015-16, for the Munich Open-access Cuneiform Corpus Initiative (MOCCI), a corpus-building initiative funded by LMU Munich and the Alexander von Humboldt Foundation (through the establishment of the Alexander von Humboldt Chair for Ancient History of the Near and Middle East) and based at the Historisches Seminar - Abteilung Alte Geschichte of Ludwig-Maximilians-Universität München. The annotated edition is released under the Creative Commons Attribution Share-Alike license 3.0. Please cite this page as http://oracc.org/ribo/Q003851/.",
			"date_of_origin": "668-ca. 631",
			"designation": "Ashurbanipal Babylonian 2012",
			"display_name": "RINAP 5 Asb. Bab. 2012",
			"dynastic_seat": "Assyria",
			"exemplars": "BM 119271 (1927-10-03, 0266; U 03298); CBS 16487 (U 03298a); CBS 16557 (U 03298b); IM 001103 (U 03298)",
			"genre": "Royal Inscription",
			"id_composite": "Q003851",
			"language": "Sumerian",
			"material": "clay",
			"object_type": "brick",
			"period": "Neo-Assyrian",
			"pleiades_id": "912985",
			"popular_name": "RIMB 2 B.6.32.2012",
			"primary_publication": "Ashurbanipal Babylonian 2012",
			"provenience": "Ur",
			"ruler": "Ashurbanipal",
			"script": "Neo-Babylonian",
			"script_remarks": "inscribed",
			"script_type": "Cuneiform",
			"subgenre": "Ashurbanipal",
			"supergenre": "LIT"
		},
		"geometry": {
			"type": "Point",
			"coordinates": [46.104748,30.961580]
		}
	}, {
		"type": "Feature",
		"properties": {
			"cdli_id": "P469126",
			"collection": "University of Pennsylvania Museum of Archaeology and Anthropology, Philadelphia, Pennsylvania, USA; British Museum, London, UK",
			"credits": "Based on Grant Frame, Rulers of Babylonia: From the Second Dynasty of Isin to the End of Assyrian Domination (1157-612 BC) (RIMB 2; Toronto, 1995). Digitized, lemmatized, and updated by Alexa Bartelmus, 2015-16, for the Munich Open-access Cuneiform Corpus Initiative (MOCCI), a corpus-building initiative funded by LMU Munich and the Alexander von Humboldt Foundation (through the establishment of the Alexander von Humboldt Chair for Ancient History of the Near and Middle East) and based at the Historisches Seminar - Abteilung Alte Geschichte of Ludwig-Maximilians-Universität München. The annotated edition is released under the Creative Commons Attribution Share-Alike license 3.0. Please cite this page as http://oracc.org/ribo/Q003852/.",
			"date_of_origin": "668-ca. 631",
			"designation": "Ashurbanipal Babylonian 2013",
			"display_name": "RINAP 5 Asb. Bab. 2013",
			"dynastic_seat": "Assyria",
			"exemplars": "BM 119274 (1927-10-03, 0269; U 03299); CBS 16488 (U 03299); CBS 16558 (U 03299)",
			"genre": "Royal Inscription",
			"id_composite": "Q003852",
			"language": "Sumerian",
			"material": "clay",
			"object_type": "brick",
			"period": "Neo-Assyrian",
			"pleiades_id": "912985",
			"popular_name": "RIMB 2 B.6.32.2013",
			"primary_publication": "Ashurbanipal Babylonian 2013",
			"provenience": "Ur",
			"ruler": "Ashurbanipal",
			"script": "Neo-Babylonian",
			"script_remarks": "inscribed",
			"script_type": "Cuneiform",
			"subgenre": "Ashurbanipal",
			"supergenre": "LIT"
		},
		"geometry": {
			"type": "Point",
			"coordinates": [46.104748,30.961580]
		}
	}, {
		"type": "Feature",
		"properties": {
			"cdli_id": "P469127",
			"collection": "University of Pennsylvania Museum of Archaeology and Anthropology, Philadelphia, Pennsylvania, USA; British Museum, London, UK",
			"credits": "Based on Grant Frame, Rulers of Babylonia: From the Second Dynasty of Isin to the End of Assyrian Domination (1157-612 BC) (RIMB 2; Toronto, 1995). Digitized, lemmatized, and updated by Alexa Bartelmus, 2015-16, for the Munich Open-access Cuneiform Corpus Initiative (MOCCI), a corpus-building initiative funded by LMU Munich and the Alexander von Humboldt Foundation (through the establishment of the Alexander von Humboldt Chair for Ancient History of the Near and Middle East) and based at the Historisches Seminar - Abteilung Alte Geschichte of Ludwig-Maximilians-Universität München. The annotated edition is released under the Creative Commons Attribution Share-Alike license 3.0. Please cite this page as http://oracc.org/ribo/Q003853/.",
			"date_of_origin": "668-ca. 631",
			"designation": "Ashurbanipal Babylonian 2014",
			"display_name": "RINAP 5 Asb. Bab. 2014",
			"dynastic_seat": "Assyria",
			"exemplars": "BM 119021 (1927-10-03, 0016; U 03249c); BM 119023 (1927-10-03, 0018; U 03249m); BM 119024 (1927-10-03, 0019; U 03249l); U 03249i; U 03249g?; IM 001081",
			"genre": "Royal Inscription",
			"id_composite": "Q003853",
			"language": "Sumerian",
			"material": "clay",
			"object_type": "cone",
			"period": "Neo-Assyrian",
			"pleiades_id": "912985",
			"popular_name": "RIMB 2 B.6.32.2014",
			"primary_publication": "Ashurbanipal Babylonian 2014",
			"provenience": "Ur",
			"ruler": "Ashurbanipal",
			"script": "Archaizing  Neo-Babylonian",
			"script_remarks": "inscribed",
			"script_type": "Cuneiform",
			"subgenre": "Ashurbanipal",
			"supergenre": "LIT"
		},
		"geometry": {
			"type": "Point",
			"coordinates": [46.104748,30.961580]
		}
	}, {
		"type": "Feature",
		"properties": {
			"cdli_id": "P469128",
			"collection": "University of Pennsylvania Museum of Archaeology and Anthropology, Philadelphia, Pennsylvania, USA; British Museum, London, UK; Iraq Museum, Baghdad, Iraq",
			"credits": "Based on Grant Frame, Rulers of Babylonia: From the Second Dynasty of Isin to the End of Assyrian Domination (1157-612 BC) (RIMB 2; Toronto, 1995). Digitized, lemmatized, and updated by Alexa Bartelmus, 2015-16, for the Munich Open-access Cuneiform Corpus Initiative (MOCCI), a corpus-building initiative funded by LMU Munich and the Alexander von Humboldt Foundation (through the establishment of the Alexander von Humboldt Chair for Ancient History of the Near and Middle East) and based at the Historisches Seminar - Abteilung Alte Geschichte of Ludwig-Maximilians-Universität München. The annotated edition is released under the Creative Commons Attribution Share-Alike license 3.0. Please cite this page as http://oracc.org/ribo/Q003854/.",
			"date_of_origin": "668-ca. 631",
			"designation": "Ashurbanipal Babylonian 2015",
			"display_name": "RINAP 5 Asb. Bab. 2015",
			"dynastic_seat": "Assyria",
			"exemplars": "BM 124351 (1933-10-13, 0004; U 18529c); BM 124350 (1933-10-13, 0003; U 18529g?); IM 016429 (U 18529h); IM 048412 (U 18529e); IM 048413 (U 18529f); IM 048414 (U 18529b); UM 33-35-191a (U 18529a); UM 33-35-191b (U 18529d)",
			"genre": "Royal Inscription",
			"id_composite": "Q003854",
			"language": "Akkadian",
			"material": "clay",
			"object_type": "disk",
			"period": "Neo-Assyrian",
			"pleiades_id": "912985",
			"popular_name": "RIMB 2 B.6.32.2015",
			"primary_publication": "Ashurbanipal Babylonian 2015",
			"provenience": "Ur",
			"ruler": "Ashurbanipal",
			"script": "Neo-Babylonian",
			"script_remarks": "inscribed",
			"script_type": "Cuneiform",
			"subgenre": "Ashurbanipal",
			"supergenre": "LIT"
		},
		"geometry": {
			"type": "Point",
			"coordinates": [46.104748,30.961580]
		}
	}, {
		"type": "Feature",
		"properties": {
			"cdli_id": "P469027",
			"collection": "British Museum, London, UK",
			"credits": "Based on Grant Frame, Rulers of Babylonia: From the Second Dynasty of Isin to the End of Assyrian Domination (1157-612 BC) (RIMB 2; Toronto, 1995). Digitized, lemmatized, and updated by Alexa Bartelmus, 2015-16, for the Munich Open-access Cuneiform Corpus Initiative (MOCCI), a corpus-building initiative funded by LMU Munich and the Alexander von Humboldt Foundation (through the establishment of the Alexander von Humboldt Chair for Ancient History of the Near and Middle East) and based at the Historisches Seminar - Abteilung Alte Geschichte of Ludwig-Maximilians-Universität München. The annotated edition is released under the Creative Commons Attribution Share-Alike license 3.0. Please cite this page as http://oracc.org/ribo/Q003855/.",
			"date_of_origin": "668-ca. 631",
			"designation": "Ashurbanipal Babylonian 2016",
			"display_name": "RINAP 5 Asb. Bab. 2016",
			"dynastic_seat": "Assyria",
			"exemplars": "BM 119014 (1927-10-03, 0009; U 02757)",
			"genre": "Royal Inscription",
			"id_composite": "Q003855",
			"language": "Akkadian",
			"material": "clay",
			"object_type": "uncertain",
			"period": "Neo-Assyrian",
			"pleiades_id": "912985",
			"popular_name": "RIMB 2 B.6.32.2016",
			"primary_publication": "Ashurbanipal Babylonian 2016",
			"provenience": "Ur",
			"ruler": "Ashurbanipal",
			"script": "Neo-Babylonian",
			"script_remarks": "inscribed",
			"script_type": "Cuneiform",
			"subgenre": "Ashurbanipal",
			"supergenre": "LIT"
		},
		"geometry": {
			"type": "Point",
			"coordinates": [46.104748,30.961580]
		}
	}, {
		"type": "Feature",
		"properties": {
			"cdli_id": "P469129",
			"credits": "Based on Grant Frame, Rulers of Babylonia: From the Second Dynasty of Isin to the End of Assyrian Domination (1157-612 BC) (RIMB 2; Toronto, 1995). Digitized, lemmatized, and updated by Alexa Bartelmus, 2015-16, for the Munich Open-access Cuneiform Corpus Initiative (MOCCI), a corpus-building initiative funded by LMU Munich and the Alexander von Humboldt Foundation (through the establishment of the Alexander von Humboldt Chair for Ancient History of the Near and Middle East) and based at the Historisches Seminar - Abteilung Alte Geschichte of Ludwig-Maximilians-Universität München. The annotated edition is released under the Creative Commons Attribution Share-Alike license 3.0. Please cite this page as http://oracc.org/ribo/Q003819/.",
			"date_of_origin": "668-ca. 631",
			"designation": "Ashurbanipal Babylonian 21",
			"display_name": "RINAP 5 Asb. Bab. 21",
			"dynastic_seat": "Assyria",
			"genre": "Royal Inscription",
			"id_composite": "Q003819",
			"language": "Akkadian",
			"material": "clay",
			"object_type": "brick",
			"period": "Neo-Assyrian",
			"pleiades_id": "893988",
			"popular_name": "RIMB 2 B.6.32.21",
			"primary_publication": "Ashurbanipal Babylonian 21",
			"provenience": "Dur-Kurigalzu",
			"ruler": "Ashurbanipal",
			"script": "Neo-Babylonian",
			"script_remarks": "inscribed",
			"script_type": "inscribed",
			"subgenre": "Ashurbanipal",
			"supergenre": "LIT"
		},
		"geometry": {
			"type": "Point",
			"coordinates": [44.201763,33.354401]
		}
	}, {
		"type": "Feature",
		"properties": {
			"cdli_id": "P469130",
			"credits": "Based on Grant Frame, Rulers of Babylonia: From the Second Dynasty of Isin to the End of Assyrian Domination (1157-612 BC) (RIMB 2; Toronto, 1995). Digitized, lemmatized, and updated by Alexa Bartelmus, 2015-16, for the Munich Open-access Cuneiform Corpus Initiative (MOCCI), a corpus-building initiative funded by LMU Munich and the Alexander von Humboldt Foundation (through the establishment of the Alexander von Humboldt Chair for Ancient History of the Near and Middle East) and based at the Historisches Seminar - Abteilung Alte Geschichte of Ludwig-Maximilians-Universität München. The annotated edition is released under the Creative Commons Attribution Share-Alike license 3.0. Please cite this page as http://oracc.org/ribo/Q003820/.",
			"date_of_origin": "668-ca. 631",
			"designation": "Ashurbanipal Babylonian 22",
			"display_name": "RINAP 5 Asb. Bab. 2015",
			"dynastic_seat": "Assyria",
			"genre": "Royal Inscription",
			"id_composite": "Q003820",
			"language": "Akkadian",
			"material": "clay",
			"object_type": "brick",
			"period": "Neo-Assyrian",
			"pleiades_id": "894042",
			"popular_name": "RIMB 2 B.6.32.22",
			"primary_publication": "Ashurbanipal Babylonian 22",
			"provenience": "Me-Turran",
			"ruler": "Ashurbanipal",
			"script": "Neo-Babylonian",
			"script_remarks": "inscribed",
			"script_type": "Cuneiform",
			"subgenre": "Ashurbanipal",
			"supergenre": "LIT"
		},
		"geometry": {
			"type": "Point",
			"coordinates": [45.095015,34.225642]
		}
	}, {
		"type": "Feature",
		"properties": {
			"cdli_id": "P469131",
			"collection": "University of Pennsylvania Museum of Archaeology and Anthropology, Philadelphia, Pennsylvania, USA",
			"credits": "Based on Grant Frame, Rulers of Babylonia: From the Second Dynasty of Isin to the End of Assyrian Domination (1157-612 BC) (RIMB 2; Toronto, 1995). Digitized, lemmatized, and updated by Alexa Bartelmus, 2015-16, for the Munich Open-access Cuneiform Corpus Initiative (MOCCI), a corpus-building initiative funded by LMU Munich and the Alexander von Humboldt Foundation (through the establishment of the Alexander von Humboldt Chair for Ancient History of the Near and Middle East) and based at the Historisches Seminar - Abteilung Alte Geschichte of Ludwig-Maximilians-Universität München. The annotated edition is released under the Creative Commons Attribution Share-Alike license 3.0. Please cite this page as http://oracc.org/ribo/Q003821/.",
			"date_of_origin": "668-ca. 631",
			"designation": "Ashurbanipal Babylonian 23",
			"display_name": "RINAP 5 Asb. Bab. 2016",
			"dynastic_seat": "Assyria",
			"exemplars": "CBS 00733 + CBS 01757",
			"genre": "Royal Inscription",
			"id_composite": "Q003821",
			"language": "Akkadian",
			"material": "clay",
			"object_type": "tablet",
			"period": "Neo-Assyrian",
			"pleiades_id": "912816",
			"popular_name": "RIMB 2 B.6.32.23",
			"primary_publication": "Ashurbanipal Babylonian 23",
			"provenience": "Babylonia",
			"ruler": "Ashurbanipal",
			"script": "Neo-Babylonian",
			"script_remarks": "inscribed",
			"script_type": "Cuneiform",
			"subgenre": "Ashurbanipal",
			"supergenre": "LIT"
		},
		"geometry": {
			"type": "Point",
			"coordinates": [44.5,32.5]
		}
	}, {
		"type": "Feature",
		"properties": {
			"cdli_id": "P469139",
			"collection": "Princeton Theological Seminary, Princeton, New Jersey, USA",
			"credits": "Based on Grant Frame, Rulers of Babylonia: From the Second Dynasty of Isin to the End of Assyrian Domination (1157-612 BC) (RIMB 2; Toronto, 1995). Digitized, lemmatized, and updated by Alexa Bartelmus, 2015-16, for the Munich Open-access Cuneiform Corpus Initiative (MOCCI), a corpus-building initiative funded by LMU Munich and the Alexander von Humboldt Foundation (through the establishment of the Alexander von Humboldt Chair for Ancient History of the Near and Middle East) and based at the Historisches Seminar - Abteilung Alte Geschichte of Ludwig-Maximilians-Universität München. The annotated edition is released under the Creative Commons Attribution Share-Alike license 3.0. Please cite this page as http://oracc.org/ribo/Q003857/.",
			"date_of_origin": "ca. 630-627",
			"designation": "Aššur-etel-ilāni Babylonian 1",
			"display_name": "RINAP 5 Aei 2",
			"dynastic_seat": "Assyria",
			"exemplars": "PTS 2253",
			"genre": "Royal Inscription",
			"id_composite": "Q003857",
			"language": "Akkadian",
			"material": "clay",
			"object_type": "tablet",
			"period": "Neo-Assyrian",
			"pleiades_id": "912816",
			"popular_name": "RIMB 2 B.6.35.1",
			"primary_publication": "Aššur-etel-ilāni Babylonian 1",
			"provenience": "Babylonia",
			"ruler": "Aššur-etel-ilani",
			"script": "Neo-Babylonian",
			"script_remarks": "inscribed",
			"script_type": "Cuneiform",
			"subgenre": "Ashur-etel-ilani",
			"supergenre": "LIT"
		},
		"geometry": {
			"type": "Point",
			"coordinates": [44.5,32.5]
		}
	}, {
		"type": "Feature",
		"properties": {
			"cdli_id": "P469140",
			"collection": "Vorderasiatisches Museum, Berlin, Germany",
			"credits": "Based on Grant Frame, Rulers of Babylonia: From the Second Dynasty of Isin to the End of Assyrian Domination (1157-612 BC) (RIMB 2; Toronto, 1995). Digitized, lemmatized, and updated by Alexa Bartelmus, 2015-16, for the Munich Open-access Cuneiform Corpus Initiative (MOCCI), a corpus-building initiative funded by LMU Munich and the Alexander von Humboldt Foundation (through the establishment of the Alexander von Humboldt Chair for Ancient History of the Near and Middle East) and based at the Historisches Seminar - Abteilung Alte Geschichte of Ludwig-Maximilians-Universität München. The annotated edition is released under the Creative Commons Attribution Share-Alike license 3.0. Please cite this page as http://oracc.org/ribo/Q003858/.",
			"date_of_origin": "ca. 630-627",
			"designation": "Aššur-etel-ilāni Babylonian 2",
			"display_name": "RINAP 5 Aei 3",
			"dynastic_seat": "Assyria",
			"exemplars": "VAT 13142 (BE 42262)",
			"genre": "Royal Inscription",
			"id_composite": "Q003858",
			"language": "Akkadian",
			"material": "clay",
			"object_type": "tablet",
			"period": "Neo-Assyrian",
			"pleiades_id": "912816",
			"popular_name": "RIMB 2 B.6.35.2",
			"primary_publication": "Aššur-etel-ilāni Babylonian 2",
			"provenience": "Babylonia",
			"ruler": "Aššur-etel-ilani",
			"script": "Neo-Assyrian",
			"script_remarks": "inscribed",
			"script_type": "Cuneiform",
			"subgenre": "Ashur-etel-ilani",
			"supergenre": "LIT"
		},
		"geometry": {
			"type": "Point",
			"coordinates": [44.5,32.5]
		}
	}, {
		"type": "Feature",
		"properties": {
			"cdli_id": "P469141",
			"collection": "Ashmolean Museum, Oxford, UK",
			"credits": "Based on Grant Frame, Rulers of Babylonia: From the Second Dynasty of Isin to the End of Assyrian Domination (1157-612 BC) (RIMB 2; Toronto, 1995). Digitized, lemmatized, and updated by Alexa Bartelmus, 2015-16, for the Munich Open-access Cuneiform Corpus Initiative (MOCCI), a corpus-building initiative funded by LMU Munich and the Alexander von Humboldt Foundation (through the establishment of the Alexander von Humboldt Chair for Ancient History of the Near and Middle East) and based at the Historisches Seminar - Abteilung Alte Geschichte of Ludwig-Maximilians-Universität München. The annotated edition is released under the Creative Commons Attribution Share-Alike license 3.0. Please cite this page as http://oracc.org/ribo/Q003859/.",
			"date_of_origin": "ca. 630-627",
			"designation": "Aššur-etel-ilāni Babylonian 3",
			"display_name": "RINAP 5 Aei 4",
			"dynastic_seat": "Assyria",
			"exemplars": "Ash 1922.190 (W-B 190)",
			"genre": "Royal Inscription",
			"id_composite": "Q003859",
			"language": "Akkadian",
			"material": "clay",
			"object_type": "brick",
			"period": "Neo-Assyrian",
			"pleiades_id": "912816",
			"popular_name": "RIMB 2 B.6.35.3",
			"primary_publication": "Aššur-etel-ilāni Babylonian 3",
			"provenience": "Babylonia",
			"ruler": "Aššur-etel-ilani",
			"script": "Neo-Babylonian",
			"script_remarks": "inscribed",
			"script_type": "Cuneiform",
			"subgenre": "Ashur-etel-ilani",
			"supergenre": "LIT"
		},
		"geometry": {
			"type": "Point",
			"coordinates": [44.5,32.5]
		}
	}, {
		"type": "Feature",
		"properties": {
			"cdli_id": "P469142",
			"collection": "Hilprecht-Sammlung, Fr. Schiller University, Jena, Germany",
			"credits": "Based on Grant Frame, Rulers of Babylonia: From the Second Dynasty of Isin to the End of Assyrian Domination (1157-612 BC) (RIMB 2; Toronto, 1995). Digitized, lemmatized, and updated by Alexa Bartelmus, 2015-16, for the Munich Open-access Cuneiform Corpus Initiative (MOCCI), a corpus-building initiative funded by LMU Munich and the Alexander von Humboldt Foundation (through the establishment of the Alexander von Humboldt Chair for Ancient History of the Near and Middle East) and based at the Historisches Seminar - Abteilung Alte Geschichte of Ludwig-Maximilians-Universität München. The annotated edition is released under the Creative Commons Attribution Share-Alike license 3.0. Please cite this page as http://oracc.org/ribo/Q003860/.",
			"date_of_origin": "ca. 630-627",
			"designation": "Aššur-etel-ilāni Babylonian 4",
			"display_name": "RINAP 5 Aei 5",
			"dynastic_seat": "Assyria",
			"exemplars": "HS 1958 (former HS 0042)",
			"genre": "Royal Inscription",
			"id_composite": "Q003860",
			"language": "Sumerian",
			"material": "clay",
			"object_type": "brick",
			"period": "Neo-Assyrian",
			"pleiades_id": "912816",
			"popular_name": "RIMB 2 B.6.35.4",
			"primary_publication": "Aššur-etel-ilāni Babylonian 4",
			"provenience": "Babylonia",
			"ruler": "Aššur-etel-ilani",
			"script": "Neo-Babylonian",
			"script_remarks": "inscribed",
			"script_type": "Cuneiform",
			"subgenre": "Ashur-etel-ilani",
			"supergenre": "LIT"
		},
		"geometry": {
			"type": "Point",
			"coordinates": [44.5,32.5]
		}
	}, {
		"type": "Feature",
		"properties": {
			"cdli_id": "P469143",
			"collection": "Yale Babylonian Collection, New Haven, Connecticut, USA",
			"credits": "Based on Grant Frame, Rulers of Babylonia: From the Second Dynasty of Isin to the End of Assyrian Domination (1157-612 BC) (RIMB 2; Toronto, 1995). Digitized, lemmatized, and updated by Alexa Bartelmus, 2015-16, for the Munich Open-access Cuneiform Corpus Initiative (MOCCI), a corpus-building initiative funded by LMU Munich and the Alexander von Humboldt Foundation (through the establishment of the Alexander von Humboldt Chair for Ancient History of the Near and Middle East) and based at the Historisches Seminar - Abteilung Alte Geschichte of Ludwig-Maximilians-Universität München. The annotated edition is released under the Creative Commons Attribution Share-Alike license 3.0. Please cite this page as http://oracc.org/ribo/Q003861/.",
			"date_of_origin": "ca. 630-627",
			"designation": "Aššur-etel-ilāni Babylonian 5",
			"display_name": "RINAP 5 Aei 6",
			"dynastic_seat": "Assyria",
			"exemplars": "YBC 02151; NBC 06069; NBC 06070",
			"genre": "Royal Inscription",
			"id_composite": "Q003861",
			"language": "Akkadian",
			"material": "clay",
			"object_type": "cylinder, tablet",
			"period": "Neo-Assyrian",
			"pleiades_id": "912816",
			"popular_name": "RIMB 2 B.6.35.5",
			"primary_publication": "Aššur-etel-ilāni Babylonian 5",
			"provenience": "Babylonia",
			"ruler": "Aššur-etel-ilani",
			"script": "Neo-Babylonian",
			"script_remarks": "inscribed",
			"script_type": "Cuneiform",
			"subgenre": "Ashur-etel-ilani",
			"supergenre": "LIT"
		},
		"geometry": {
			"type": "Point",
			"coordinates": [44.5,32.5]
		}
	}, {
		"type": "Feature",
		"properties": {
			"cdli_id": "P469096",
			"collection": "Private Collection: Lord Binning of Mellerstain, Berwickshire, UK",
			"credits": "Based on Grant Frame, Rulers of Babylonia: From the Second Dynasty of Isin to the End of Assyrian Domination (1157-612 BC) (RIMB 2; Toronto, 1995). Digitized, lemmatized, and updated by Alexa Bartelmus, 2015-16, for the Munich Open-access Cuneiform Corpus Initiative (MOCCI), a corpus-building initiative funded by LMU Munich and the Alexander von Humboldt Foundation (through the establishment of the Alexander von Humboldt Chair for Ancient History of the Near and Middle East) and based at the Historisches Seminar - Abteilung Alte Geschichte of Ludwig-Maximilians-Universität München. The annotated edition is released under the Creative Commons Attribution Share-Alike license 3.0. Please cite this page as http://oracc.org/ribo/Q006310/.",
			"date_of_origin": "702-700",
			"designation": "Bel-ibni 1",
			"display_name": "RIBo Bel-ibni 1",
			"dynastic_seat": "Babylon",
			"exemplars": "Berwickshire -",
			"genre": "Royal Inscription",
			"id_composite": "Q006310",
			"language": "Akkadian",
			"material": "clay",
			"object_type": "tablet",
			"period": "Neo-Babylonian",
			"pleiades_id": "912816",
			"popular_name": "RIMB 2 B.6.26.1",
			"primary_publication": "Bel-ibni 1",
			"provenience": "Babylonia",
			"ruler": "Bel-ibni",
			"script": "Late Babylonian",
			"script_remarks": "inscribed",
			"script_type": "Cuneiform",
			"subgenre": "Bel-ibni",
			"supergenre": "LIT"
		},
		"geometry": {
			"type": "Point",
			"coordinates": [44.5,32.5]
		}
	}, {
		"type": "Feature",
		"properties": {
			"cdli_id": "P469081",
			"collection": "British Museum, London, UK",
			"credits": "Based on Grant Frame, Rulers of Babylonia: From the Second Dynasty of Isin to the End of Assyrian Domination (1157-612 BC) (RIMB 2; Toronto, 1995). Digitized, lemmatized, and updated by Alexa Bartelmus, 2015-16, for the Munich Open-access Cuneiform Corpus Initiative (MOCCI), a corpus-building initiative funded by LMU Munich and the Alexander von Humboldt Foundation (through the establishment of the Alexander von Humboldt Chair for Ancient History of the Near and Middle East) and based at the Historisches Seminar - Abteilung Alte Geschichte of Ludwig-Maximilians-Universität München. The annotated edition is released under the Creative Commons Attribution Share-Alike license 3.0. Please cite this page as http://oracc.org/ribo/Q006300/.",
			"date_of_origin": "8th century",
			"designation": "Eriba-Marduk 1",
			"display_name": "RIBo Eriba-Marduk 1",
			"dynastic_seat": "Babylon",
			"exemplars": "BM 091433 (1840-04-04, 0004)",
			"genre": "Royal Inscription",
			"id_composite": "Q006300",
			"language": "Akkadian",
			"material": "stone",
			"object_type": "duck weight",
			"period": "Neo-Babylonian",
			"pleiades_id": "894019",
			"popular_name": "RIMB 2 B.6.13.1",
			"primary_publication": "Eriba-Marduk 1",
			"provenience": "Nimrud",
			"ruler": "Eriba-Marduk",
			"script": "Neo-Babylonian",
			"script_remarks": "inscribed",
			"script_type": "Cuneiform",
			"subgenre": "Eriba-Marduk",
			"supergenre": "LIT"
		},
		"geometry": {
			"type": "Point",
			"coordinates": [43.3275,36.099167]
		}
	}, {
		"type": "Feature",
		"properties": {
			"cdli_id": "P469082",
			"collection": "Iraq Museum, Baghdad, Iraq",
			"credits": "Based on Grant Frame, Rulers of Babylonia: From the Second Dynasty of Isin to the End of Assyrian Domination (1157-612 BC) (RIMB 2; Toronto, 1995). Digitized, lemmatized, and updated by Alexa Bartelmus, 2015-16, for the Munich Open-access Cuneiform Corpus Initiative (MOCCI), a corpus-building initiative funded by LMU Munich and the Alexander von Humboldt Foundation (through the establishment of the Alexander von Humboldt Chair for Ancient History of the Near and Middle East) and based at the Historisches Seminar - Abteilung Alte Geschichte of Ludwig-Maximilians-Universität München. The annotated edition is released under the Creative Commons Attribution Share-Alike license 3.0. Please cite this page as http://oracc.org/ribo/Q006301/.",
			"date_of_origin": "8th century",
			"designation": "Eriba-Marduk 2",
			"display_name": "RIBo Eriba-Marduk 2",
			"dynastic_seat": "Babylon",
			"exemplars": "IM —  (W 23428)",
			"genre": "Royal Inscription",
			"id_composite": "Q006301",
			"language": "Akkadian",
			"material": "stone",
			"object_type": "duck weight",
			"period": "Neo-Babylonian",
			"pleiades_id": "912986",
			"popular_name": "RIMB 2 B.6.13.2",
			"primary_publication": "Eriba-Marduk 2",
			"provenience": "Uruk",
			"ruler": "Eriba-Marduk",
			"script": "Neo-Babylonian",
			"script_remarks": "inscribed",
			"script_type": "Cuneiform",
			"subgenre": "Eriba-Marduk",
			"supergenre": "LIT"
		},
		"geometry": {
			"type": "Point",
			"coordinates": [45.638752,31.32446]
		}
	}, {
		"type": "Feature",
		"properties": {
			"cdli_id": "P462993",
			"collection": "British Museum, London, UK",
			"credits": "Created by Erle Leichty, Grant Frame, and the Royal Inscriptions of the Neo-Assyrian Period (RINAP) Project, 2011. Lemmatized by Jamie Novotny, 2010. The annotated edition is released under the Creative Commons Attribution Share-Alike license 3.0. Please cite this page as http://oracc.org/ribo/Q003373/.",
			"date_of_origin": "680-669",
			"designation": "Esarhaddon 1001",
			"display_name": "RINAP 4 1001",
			"dynastic_seat": "Assyria",
			"exemplars": "BM 50582 (1882-03-23, 1573)",
			"genre": "Royal Inscription",
			"id_composite": "Q003373",
			"language": "Akkadian",
			"material": "clay",
			"object_type": "prism",
			"period": "Neo-Assyrian",
			"pleiades_id": "894089",
			"popular_name": "BM 050582",
			"primary_publication": "Esarhaddon 1001",
			"provenience": "Sippar",
			"ruler": "Esarhaddon",
			"script": "Neo-Babylonian",
			"script_remarks": "inscribed",
			"script_type": "Cuneiform",
			"subgenre": "Esarhaddon",
			"supergenre": "LIT"
		},
		"geometry": {
			"type": "Point",
			"coordinates": [44.253809,33.059195]
		}
	}, {
		"type": "Feature",
		"properties": {
			"cdli_id": "P462994",
			"collection": "British Museum, London, UK",
			"credits": "Created by Erle Leichty, Grant Frame, and the Royal Inscriptions of the Neo-Assyrian Period (RINAP) Project, 2011. Lemmatized by Jamie Novotny, 2010. The annotated edition is released under the Creative Commons Attribution Share-Alike license 3.0. Please cite this page as http://oracc.org/ribo/Q003374/.",
			"date_of_origin": "680-669",
			"designation": "Esarhaddon 1002",
			"display_name": "RINAP 4 1002",
			"dynastic_seat": "Assyria",
			"exemplars": "BM 056628 (AH 82-07-14, 1010)",
			"genre": "Royal Inscription",
			"id_composite": "Q003374",
			"language": "Akkadian",
			"material": "clay",
			"object_type": "prism",
			"period": "Neo-Assyrian",
			"pleiades_id": "894089",
			"popular_name": "BM 056628",
			"primary_publication": "Esarhaddon 1002",
			"provenience": "Sippar",
			"ruler": "Esarhaddon",
			"script": "Neo-Babylonian",
			"script_remarks": "inscribed",
			"script_type": "Cuneiform",
			"subgenre": "Esarhaddon",
			"supergenre": "LIT"
		},
		"geometry": {
			"type": "Point",
			"coordinates": [44.253809,33.059195]
		}
	}, {
		"type": "Feature",
		"properties": {
			"cdli_id": "P462995",
			"collection": "British Museum, London, UK",
			"credits": "Created by Erle Leichty, Grant Frame, and the Royal Inscriptions of the Neo-Assyrian Period (RINAP) Project, 2011. Lemmatized by Jamie Novotny, 2010. The annotated edition is released under the Creative Commons Attribution Share-Alike license 3.0. Please cite this page as http://oracc.org/ribo/Q003375/.",
			"date_of_origin": "680-669",
			"designation": "Esarhaddon 1003",
			"display_name": "RINAP 4 1003",
			"dynastic_seat": "Assyria",
			"exemplars": "BM 051254 (1882-03-23, 2250)",
			"genre": "Royal Inscription",
			"id_composite": "Q003375",
			"language": "Akkadian",
			"material": "clay",
			"object_type": "prism",
			"period": "Neo-Assyrian",
			"pleiades_id": "893951",
			"popular_name": "BM 051254",
			"primary_publication": "Esarhaddon 1003",
			"provenience": "Babylon",
			"ruler": "Esarhaddon",
			"script": "Neo-Babylonian",
			"script_remarks": "inscribed",
			"script_type": "Cuneiform",
			"subgenre": "Esarhaddon",
			"supergenre": "LIT"
		},
		"geometry": {
			"type": "Point",
			"coordinates": [44.422236,32.543395]
		}
	}, {
		"type": "Feature",
		"properties": {
			"cdli_id": "P462996",
			"collection": "British Museum, London, UK",
			"credits": "Created by Erle Leichty, Grant Frame, and the Royal Inscriptions of the Neo-Assyrian Period (RINAP) Project, 2011. Lemmatized by Jamie Novotny, 2010. The annotated edition is released under the Creative Commons Attribution Share-Alike license 3.0. Please cite this page as http://oracc.org/ribo/Q003376/.",
			"date_of_origin": "680-669",
			"designation": "Esarhaddon 1004",
			"display_name": "RINAP 4 1004",
			"dynastic_seat": "Assyria",
			"exemplars": "DT 197",
			"genre": "Royal Inscription",
			"id_composite": "Q003376",
			"language": "Akkadian",
			"material": "clay",
			"object_type": "prism",
			"period": "Neo-Assyrian",
			"pleiades_id": "874621",
			"popular_name": "DT 197",
			"primary_publication": "Esarhaddon 1004",
			"provenience": "Nineveh",
			"ruler": "Esarhaddon",
			"script": "Neo-Assyrian",
			"script_remarks": "inscribed",
			"script_type": "Cuneiform",
			"subgenre": "Esarhaddon",
			"supergenre": "LIT"
		},
		"geometry": {
			"type": "Point",
			"coordinates": [43.151937,36.358684]
		}
	}, {
		"type": "Feature",
		"properties": {
			"cdli_id": "P463002",
			"collection": "Vorderasiatisches Museum, Berlin, Germany",
			"credits": "Created by Erle Leichty, Grant Frame, and the Royal Inscriptions of the Neo-Assyrian Period (RINAP) Project, 2011. Lemmatized by Jamie Novotny, 2010. The annotated edition is released under the Creative Commons Attribution Share-Alike license 3.0. Please cite this page as http://oracc.org/ribo/Q003382/.",
			"date_of_origin": "680-669",
			"designation": "Esarhaddon 1010",
			"display_name": "RINAP 4 1010",
			"dynastic_seat": "Assyria",
			"exemplars": "VAT 14519",
			"genre": "Royal Inscription",
			"id_composite": "Q003382",
			"language": "Akkadian",
			"material": "clay",
			"object_type": "tablet",
			"period": "Neo-Assyrian",
			"pleiades_id": "912986",
			"popular_name": "RIMB 2 B.6.31.1001",
			"primary_publication": "Esarhaddon 1010",
			"provenience": "Uruk",
			"ruler": "Esarhaddon",
			"script": "Neo-Babylonian",
			"script_remarks": "inscribed",
			"script_type": "Cuneiform",
			"subgenre": "Esarhaddon",
			"supergenre": "LIT"
		},
		"geometry": {
			"type": "Point",
			"coordinates": [45.638752,31.32446]
		}
	}, {
		"type": "Feature",
		"properties": {
			"cdli_id": "P462954",
			"collection": "British Museum, London, UK; Vorderasiatisches Museum, Berlin, Germany; Musée d&apos;Art et d&apos;Histoire, Geneva, Switzerland",
			"credits": "Created by Erle Leichty, Jamie Novotny, and the Royal Inscriptions of the Neo-Assyrian Period (RINAP) Project, 2011, 2015-16. Lemmatized by Jamie Novotny, 2010, and updated by him, 2015-16, for the Munich Open-access Cuneiform Corpus Initiative (MOCCI), a corpus-building initiative funded by LMU Munich and the Alexander von Humboldt Foundation (through the establishment of the Alexander von Humboldt Chair for Ancient History of the Near and Middle East) and based at the Historisches Seminar - Abteilung Alte Geschichte of Ludwig-Maximilians-Universität München. The annotated edition is released under the Creative Commons Attribution Share-Alike license 3.0. Please cite this page as http://oracc.org/ribo/Q003333/.",
			"date_of_origin": "674-673",
			"designation": "Esarhaddon 104",
			"display_name": "RINAP 4 104",
			"dynastic_seat": "Assyria",
			"exemplars": "BM 078223 (Bu 1888-05-12, 0077 + Bu 1888-05-12, 0078 + Bu 1888-05-12,  - ); VA 08420 (Ass 08000); MAH 15877; BM 060032 (AH 1882-07-14, 4442); BM 030153",
			"genre": "Royal Inscription",
			"id_composite": "Q003333",
			"language": "Akkadian",
			"material": "clay",
			"object_type": "prism",
			"period": "Neo-Assyrian",
			"pleiades_id": "893951",
			"popular_name": "Babylon A",
			"primary_publication": "Esarhaddon 104",
			"provenience": "Babylon",
			"ruler": "Esarhaddon",
			"script": "Neo-Assyrian, Neo-Babylonian, Archaizing  Neo-Babylonian",
			"script_remarks": "inscribed",
			"script_type": "Cuneiform",
			"subgenre": "Esarhaddon",
			"year_name_eponym": "&quot;accession year&quot;",
			"supergenre": "LIT"
		},
		"geometry": {
			"type": "Point",
			"coordinates": [44.422236,32.543395]
		}
	}, {
		"type": "Feature",
		"properties": {
			"cdli_id": "P462955",
			"collection": "British Museum, London, UK",
			"credits": "Created by Erle Leichty, Jamie Novotny, and the Royal Inscriptions of the Neo-Assyrian Period (RINAP) Project, 2011, 2015-16. Lemmatized by Jamie Novotny, 2010, and updated by him, 2015-16, for the Munich Open-access Cuneiform Corpus Initiative (MOCCI), a corpus-building initiative funded by LMU Munich and the Alexander von Humboldt Foundation (through the establishment of the Alexander von Humboldt Chair for Ancient History of the Near and Middle East) and based at the Historisches Seminar - Abteilung Alte Geschichte of Ludwig-Maximilians-Universität München. The annotated edition is released under the Creative Commons Attribution Share-Alike license 3.0. Please cite this page as http://oracc.org/ribo/Q003334/.",
			"date_of_origin": "673-672",
			"designation": "Esarhaddon 105",
			"display_name": "RINAP 4 105",
			"dynastic_seat": "Assyria",
			"exemplars": "BM 078221 + BM 078222 (Bu 1888-05-12, 0074 + Bu 1888-05-12, 0075 + Bu 1888-05-12, 0076); BM 078224 + BM 132294 (Bu 1888-05-12, 0079 + 1958-04-12, 0028)",
			"genre": "Royal Inscription",
			"id_composite": "Q003334",
			"language": "Akkadian",
			"material": "clay",
			"object_type": "prism",
			"period": "Neo-Assyrian",
			"pleiades_id": "893951",
			"popular_name": "Babylon C",
			"primary_publication": "Esarhaddon 105",
			"provenience": "Babylon",
			"ruler": "Esarhaddon",
			"script": "Neo-Babylonian",
			"script_remarks": "inscribed",
			"script_type": "Cuneiform",
			"subgenre": "Esarhaddon",
			"year_name_eponym": "&quot;accession year&quot;",
			"supergenre": "LIT"
		},
		"geometry": {
			"type": "Point",
			"coordinates": [44.422236,32.543395]
		}
	}, {
		"type": "Feature",
		"properties": {
			"cdli_id": "P462956",
			"collection": "British Museum, London, UK; Private Collection: Hirayama, Kamakura, Japan; Metropolitan Museum of Art, New York, New York, USA;  Louvre Museum, Paris, France",
			"credits": "Created by Erle Leichty, Jamie Novotny, and the Royal Inscriptions of the Neo-Assyrian Period (RINAP) Project, 2011, 2015-16. Lemmatized by Jamie Novotny, 2010, and updated by him, 2015-16, for the Munich Open-access Cuneiform Corpus Initiative (MOCCI), a corpus-building initiative funded by LMU Munich and the Alexander von Humboldt Foundation (through the establishment of the Alexander von Humboldt Chair for Ancient History of the Near and Middle East) and based at the Historisches Seminar - Abteilung Alte Geschichte of Ludwig-Maximilians-Universität München. The annotated edition is released under the Creative Commons Attribution Share-Alike license 3.0. Please cite this page as http://oracc.org/ribo/Q003335/.",
			"date_of_origin": "672-670",
			"designation": "Esarhaddon 106",
			"display_name": "RINAP 4 106",
			"dynastic_seat": "Assyria",
			"exemplars": "BM 078225 (+) Hirayama - (Bu 1888-05-12, 0080); AO 07736 (+) BM 078246 (+) MMA 86.11.278 (Bu 1888-05-12, 0101); BM 042668 (1881-07-01, 0430); BM 034899 (Sp 2, 411); BM 78248 (Bu 1888-05-12, 0103)",
			"genre": "Royal Inscription",
			"id_composite": "Q003335",
			"language": "Akkadian",
			"material": "clay",
			"object_type": "prism, tablet",
			"period": "Neo-Assyrian",
			"pleiades_id": "893951",
			"popular_name": "Babylon E",
			"primary_publication": "Esarhaddon 106",
			"provenience": "Babylon",
			"ruler": "Esarhaddon",
			"script": "Neo-Assyrian, Neo-Babylonian, Archaizing  Neo-Babylonian",
			"script_remarks": "inscribed",
			"script_type": "Cuneiform",
			"subgenre": "Esarhaddon",
			"year_name_eponym": "&quot;accession year&quot;",
			"supergenre": "LIT"
		},
		"geometry": {
			"type": "Point",
			"coordinates": [44.422236,32.543395]
		}
	}, {
		"type": "Feature",
		"properties": {
			"cdli_id": "P462957",
			"collection": "Metropolitan Museum of Art, New York, New York, USA; British Museum, London, UK; University of Pennsylvania Museum of Archaeology and Anthropology, Philadelphia, Pennsylvania, USA",
			"credits": "Created by Erle Leichty, Jamie Novotny, and the Royal Inscriptions of the Neo-Assyrian Period (RINAP) Project, 2011, 2015-16. Lemmatized by Jamie Novotny, 2010, and updated by him, 2015-16, for the Munich Open-access Cuneiform Corpus Initiative (MOCCI), a corpus-building initiative funded by LMU Munich and the Alexander von Humboldt Foundation (through the establishment of the Alexander von Humboldt Chair for Ancient History of the Near and Middle East) and based at the Historisches Seminar - Abteilung Alte Geschichte of Ludwig-Maximilians-Universität München. The annotated edition is released under the Creative Commons Attribution Share-Alike license 3.0. Please cite this page as http://oracc.org/ribo/Q003336/.",
			"date_of_origin": "673-672",
			"designation": "Esarhaddon 107",
			"display_name": "RINAP 4 107",
			"dynastic_seat": "Assyria",
			"exemplars": "BM 078247 + MMA 86.11.342 + CBS 01526 (Bu 1888-05-12, 0102; Khabaza [27-05-[18]95])",
			"genre": "Royal Inscription",
			"id_composite": "Q003336",
			"language": "Akkadian",
			"material": "clay",
			"object_type": "prism",
			"period": "Neo-Assyrian",
			"pleiades_id": "893951",
			"popular_name": "Babylon F",
			"primary_publication": "Esarhaddon 107",
			"provenience": "Babylon",
			"ruler": "Esarhaddon",
			"script": "Neo-Assyrian",
			"script_remarks": "inscribed",
			"script_type": "Cuneiform",
			"subgenre": "Esarhaddon",
			"year_name_eponym": "&quot;accession year&quot;",
			"supergenre": "LIT"
		},
		"geometry": {
			"type": "Point",
			"coordinates": [44.422236,32.543395]
		}
	}, {
		"type": "Feature",
		"properties": {
			"cdli_id": "P462958",
			"collection": "British Museum, London, UK",
			"credits": "Created by Erle Leichty, Jamie Novotny, and the Royal Inscriptions of the Neo-Assyrian Period (RINAP) Project, 2011, 2015-16. Lemmatized by Jamie Novotny, 2010, and updated by him, 2015-16, for the Munich Open-access Cuneiform Corpus Initiative (MOCCI), a corpus-building initiative funded by LMU Munich and the Alexander von Humboldt Foundation (through the establishment of the Alexander von Humboldt Chair for Ancient History of the Near and Middle East) and based at the Historisches Seminar - Abteilung Alte Geschichte of Ludwig-Maximilians-Universität München. The annotated edition is released under the Creative Commons Attribution Share-Alike license 3.0. Please cite this page as http://oracc.org/ribo/Q003337/.",
			"date_of_origin": "678",
			"designation": "Esarhaddon 108",
			"display_name": "RINAP 4 108",
			"dynastic_seat": "Assyria",
			"exemplars": "BM 098972 (Ki 1904-10-09, 0001)",
			"genre": "Royal Inscription",
			"id_composite": "Q003337",
			"language": "Akkadian",
			"material": "clay",
			"object_type": "prism",
			"period": "Neo-Assyrian",
			"pleiades_id": "874621",
			"popular_name": "Babylon G",
			"primary_publication": "Esarhaddon 108",
			"provenience": "Nineveh",
			"ruler": "Esarhaddon",
			"script": "Neo-Assyrian",
			"script_remarks": "inscribed",
			"script_type": "Cuneiform",
			"subgenre": "Esarhaddon",
			"year_name_eponym": "&quot;accession year&quot;",
			"supergenre": "LIT"
		},
		"geometry": {
			"type": "Point",
			"coordinates": [43.151937,36.358684]
		}
	}, {
		"type": "Feature",
		"properties": {
			"cdli_id": "P462959",
			"collection": "British Museum, London, UK",
			"credits": "Created by Erle Leichty, Jamie Novotny, and the Royal Inscriptions of the Neo-Assyrian Period (RINAP) Project, 2011, 2015-16. Lemmatized by Jamie Novotny, 2010, and updated by him, 2015-16, for the Munich Open-access Cuneiform Corpus Initiative (MOCCI), a corpus-building initiative funded by LMU Munich and the Alexander von Humboldt Foundation (through the establishment of the Alexander von Humboldt Chair for Ancient History of the Near and Middle East) and based at the Historisches Seminar - Abteilung Alte Geschichte of Ludwig-Maximilians-Universität München. The annotated edition is released under the Creative Commons Attribution Share-Alike license 3.0. Please cite this page as http://oracc.org/ribo/Q003338/.",
			"date_of_origin": "678",
			"designation": "Esarhaddon 109",
			"display_name": "RINAP 4 109",
			"dynastic_seat": "Assyria",
			"exemplars": "BM 122617 + BM 127846 (1930-05-08, 0006 + 1929-10-12, 0502)",
			"genre": "Royal Inscription",
			"id_composite": "Q003338",
			"language": "Akkadian",
			"material": "clay",
			"object_type": "prism",
			"period": "Neo-Assyrian",
			"pleiades_id": "874621",
			"popular_name": "Babylon G",
			"primary_publication": "Esarhaddon 109",
			"provenience": "Nineveh",
			"ruler": "Esarhaddon",
			"script": "Neo-Assyrian",
			"script_remarks": "inscribed",
			"script_type": "Cuneiform",
			"subgenre": "Esarhaddon",
			"year_name_eponym": "&quot;accession year&quot;",
			"supergenre": "LIT"
		},
		"geometry": {
			"type": "Point",
			"coordinates": [43.151937,36.358684]
		}
	}, {
		"type": "Feature",
		"properties": {
			"cdli_id": "P462960",
			"collection": "Metropolitan Museum of Art, New York, New York, USA",
			"credits": "Created by Erle Leichty, Jamie Novotny, and the Royal Inscriptions of the Neo-Assyrian Period (RINAP) Project, 2011, 2015-16. Lemmatized by Jamie Novotny, 2010, and updated by him, 2015-16, for the Munich Open-access Cuneiform Corpus Initiative (MOCCI), a corpus-building initiative funded by LMU Munich and the Alexander von Humboldt Foundation (through the establishment of the Alexander von Humboldt Chair for Ancient History of the Near and Middle East) and based at the Historisches Seminar - Abteilung Alte Geschichte of Ludwig-Maximilians-Universität München. The annotated edition is released under the Creative Commons Attribution Share-Alike license 3.0. Please cite this page as http://oracc.org/ribo/Q003339/.",
			"date_of_origin": "676-672",
			"designation": "Esarhaddon 110",
			"display_name": "RINAP 4 110",
			"dynastic_seat": "Assyria",
			"exemplars": "MMA 86.11.277",
			"genre": "Royal Inscription",
			"id_composite": "Q003339",
			"language": "Akkadian",
			"material": "clay",
			"object_type": "prism",
			"period": "Neo-Assyrian",
			"pleiades_id": "893951",
			"popular_name": "MMA 86.11.277",
			"primary_publication": "Esarhaddon 110",
			"provenience": "Babylon",
			"ruler": "Esarhaddon",
			"script": "Neo-Babylonian",
			"script_remarks": "inscribed",
			"script_type": "Cuneiform",
			"subgenre": "Esarhaddon",
			"year_name_eponym": "&quot;accession year&quot;",
			"supergenre": "LIT"
		},
		"geometry": {
			"type": "Point",
			"coordinates": [44.422236,32.543395]
		}
	}, {
		"type": "Feature",
		"properties": {
			"cdli_id": "P462961",
			"collection": "Metropolitan Museum of Art, New York, New York, USA",
			"credits": "Created by Erle Leichty, Jamie Novotny, and the Royal Inscriptions of the Neo-Assyrian Period (RINAP) Project, 2011, 2015-16. Lemmatized by Jamie Novotny, 2010, and updated by him, 2015-16, for the Munich Open-access Cuneiform Corpus Initiative (MOCCI), a corpus-building initiative funded by LMU Munich and the Alexander von Humboldt Foundation (through the establishment of the Alexander von Humboldt Chair for Ancient History of the Near and Middle East) and based at the Historisches Seminar - Abteilung Alte Geschichte of Ludwig-Maximilians-Universität München. The annotated edition is released under the Creative Commons Attribution Share-Alike license 3.0. Please cite this page as http://oracc.org/ribo/Q003340/.",
			"date_of_origin": "676-674",
			"designation": "Esarhaddon 111",
			"display_name": "RINAP 4 111",
			"dynastic_seat": "Assyria",
			"exemplars": "MMA 86.11.283",
			"genre": "Royal Inscription",
			"id_composite": "Q003340",
			"language": "Akkadian",
			"material": "clay",
			"object_type": "prism",
			"period": "Neo-Assyrian",
			"pleiades_id": "893951",
			"popular_name": "MMA 86.11.283",
			"primary_publication": "Esarhaddon 111",
			"provenience": "Babylon",
			"ruler": "Esarhaddon",
			"script": "Neo-Babylonian",
			"script_remarks": "inscribed",
			"script_type": "Cuneiform",
			"subgenre": "Esarhaddon",
			"year_name_eponym": "&quot;accession year&quot;",
			"supergenre": "LIT"
		},
		"geometry": {
			"type": "Point",
			"coordinates": [44.422236,32.543395]
		}
	}, {
		"type": "Feature",
		"properties": {
			"cdli_id": "P462962",
			"collection": "British Museum, London, UK",
			"credits": "Created by Erle Leichty, and the Royal Inscriptions of the Neo-Assyrian Period (RINAP) Project, 2011. Lemmatized by Jamie Novotny, 2010. The annotated edition is released under the Creative Commons Attribution Share-Alike license 3.0. Please cite this page as http://oracc.org/ribo/Q003341/.",
			"date_of_origin": "671-669",
			"designation": "Esarhaddon 112",
			"display_name": "RINAP 4 112",
			"dynastic_seat": "Assyria",
			"exemplars": "BM 056617 (AH 1882-07-14, 0996b + AH 1882-07-14, 1815)",
			"genre": "Royal Inscription",
			"id_composite": "Q003341",
			"language": "Akkadian",
			"material": "clay",
			"object_type": "prism",
			"period": "Neo-Assyrian",
			"pleiades_id": "894089",
			"popular_name": "BM 056617",
			"primary_publication": "Esarhaddon 112",
			"provenience": "Sippar",
			"ruler": "Esarhaddon",
			"script": "Neo-Babylonian",
			"script_remarks": "inscribed",
			"script_type": "Cuneiform",
			"subgenre": "Esarhaddon",
			"supergenre": "LIT"
		},
		"geometry": {
			"type": "Point",
			"coordinates": [44.253809,33.059195]
		}
	}, {
		"type": "Feature",
		"properties": {
			"cdli_id": "P462963",
			"collection": "Iraq Museum, Baghdad, Iraq",
			"credits": "Created by Erle Leichty and the Royal Inscriptions of the Neo-Assyrian Period (RINAP) Project, 2011. Lemmatized by Jamie Novotny, 2010. The annotated edition is released under the Creative Commons Attribution Share-Alike license 3.0. Please cite this page as http://oracc.org/ribo/Q003342/.",
			"date_of_origin": "672-669",
			"designation": "Esarhaddon 113",
			"display_name": "RINAP 4 113",
			"dynastic_seat": "Assyria",
			"exemplars": "IM 142109",
			"genre": "Royal Inscription",
			"id_composite": "Q003342",
			"language": "Akkadian",
			"material": "clay",
			"object_type": "cylinder",
			"period": "Neo-Assyrian",
			"pleiades_id": "893951",
			"popular_name": "IM 142109",
			"primary_publication": "Esarhaddon 113",
			"provenience": "Babylon",
			"ruler": "Esarhaddon",
			"script": "Neo-Babylonian",
			"script_remarks": "inscribed",
			"script_type": "Cuneiform",
			"subgenre": "Esarhaddon",
			"supergenre": "LIT"
		},
		"geometry": {
			"type": "Point",
			"coordinates": [44.422236,32.543395]
		}
	}, {
		"type": "Feature",
		"properties": {
			"cdli_id": "P462964",
			"collection": "British Museum, London, UK",
			"credits": "Created by Erle Leichty, Jamie Novotny, and the Royal Inscriptions of the Neo-Assyrian Period (RINAP) Project, 2011, 2015-16. Lemmatized by Jamie Novotny, 2010, and updated by him, 2015-16, for the Munich Open-access Cuneiform Corpus Initiative (MOCCI), a corpus-building initiative funded by LMU Munich and the Alexander von Humboldt Foundation (through the establishment of the Alexander von Humboldt Chair for Ancient History of the Near and Middle East) and based at the Historisches Seminar - Abteilung Alte Geschichte of Ludwig-Maximilians-Universität München. The annotated edition is released under the Creative Commons Attribution Share-Alike license 3.0. Please cite this page as http://oracc.org/ribo/Q003343/.",
			"date_of_origin": "673-672",
			"designation": "Esarhaddon 114",
			"display_name": "RINAP 4 114",
			"dynastic_seat": "Assyria",
			"exemplars": "BM 091027 (1860-12-01, 0001)",
			"genre": "Royal Inscription",
			"id_composite": "Q003343",
			"language": "Akkadian",
			"material": "stone",
			"object_type": "cubiod monument",
			"period": "Neo-Assyrian",
			"pleiades_id": "893951",
			"popular_name": "Babylon D",
			"primary_publication": "Esarhaddon 114",
			"provenience": "Babylon",
			"ruler": "Esarhaddon",
			"script": "Archaizing Neo-Assyrian",
			"script_remarks": "inscribed",
			"script_type": "Cuneiform",
			"subgenre": "Esarhaddon",
			"supergenre": "LIT"
		},
		"geometry": {
			"type": "Point",
			"coordinates": [44.422236,32.543395]
		}
	}, {
		"type": "Feature",
		"properties": {
			"collection": "University of Pennsylvania Museum of Archaeology and Anthropology, Philadelphia, Pennsylvania, USA; British Museum, London, UK; Metropolitan Museum of Art, New York, New York, USA",
			"credits": "Created by Erle Leichty and the Royal Inscriptions of the Neo-Assyrian Period (RINAP) Project, 2011. Lemmatized by Jamie Novotny, 2010. The annotated edition is released under the Creative Commons Attribution Share-Alike license 3.0. Please cite this page as http://oracc.org/ribo/Q003344/.",
			"date_of_origin": "676-672",
			"designation": "Esarhaddon 115",
			"display_name": "RINAP 4 115",
			"dynastic_seat": "Assyria",
			"exemplars": "BM 091027 (1860-12-01, 0001); BM 078223 (Bu 88-5-12, 0077 + Bu 88-5-12, 0078 + Bu 88-5-12,  - ); BM 078247 + MMA 86.11.342 + CBS 01526 (Bu 88-5-12,102); MMA 86.11.283",
			"genre": "Royal Inscription",
			"id_composite": "Q003344",
			"language": "Akkadian?",
			"material": "clay, stone",
			"object_type": "prism, cubiod monument",
			"period": "Neo-Assyrian",
			"pleiades_id": "893951",
			"popular_name": "Assyrian “hieroglyphs”",
			"primary_publication": "Esarhaddon 115",
			"provenience": "Babylon",
			"ruler": "Esarhaddon",
			"script": "Assyrian hieroglyphs",
			"script_remarks": "inscribed",
			"script_type": "Cuneiform",
			"subgenre": "Esarhaddon",
			"supergenre": "LIT"
		},
		"geometry": {
			"type": "Point",
			"coordinates": [44.422236,32.543395]
		}
	}, {
		"type": "Feature",
		"properties": {
			"cdli_id": "P462965",
			"collection": "British Museum, London, UK",
			"credits": "Created by Erle Leichty, Jamie Novotny, and the Royal Inscriptions of the Neo-Assyrian Period (RINAP) Project, 2011, 2015-16. Lemmatized by Jamie Novotny, 2010, and updated by him, 2015-16, for the Munich Open-access Cuneiform Corpus Initiative (MOCCI), a corpus-building initiative funded by LMU Munich and the Alexander von Humboldt Foundation (through the establishment of the Alexander von Humboldt Chair for Ancient History of the Near and Middle East) and based at the Historisches Seminar - Abteilung Alte Geschichte of Ludwig-Maximilians-Universität München. The annotated edition is released under the Creative Commons Attribution Share-Alike license 3.0. Please cite this page as http://oracc.org/ribo/Q003345/.",
			"date_of_origin": "678-677",
			"designation": "Esarhaddon 116",
			"display_name": "RINAP 4 116",
			"dynastic_seat": "Assyria",
			"exemplars": "K 00192 (+) K 04513",
			"genre": "Royal Inscription",
			"id_composite": "Q003345",
			"language": "Akkadian",
			"material": "clay",
			"object_type": "tablet",
			"period": "Neo-Assyrian",
			"pleiades_id": "874621",
			"popular_name": "Babylon B",
			"primary_publication": "Esarhaddon 116",
			"provenience": "Nineveh",
			"ruler": "Esarhaddon",
			"script": "Neo-Assyrian",
			"script_remarks": "inscribed",
			"script_type": "Cuneiform",
			"subgenre": "Esarhaddon",
			"supergenre": "LIT"
		},
		"geometry": {
			"type": "Point",
			"coordinates": [43.151937,36.358684]
		}
	}, {
		"type": "Feature",
		"properties": {
			"cdli_id": "P462966",
			"collection": "British Museum, London, UK",
			"credits": "Created by Erle Leichty, Jamie Novotny, and the Royal Inscriptions of the Neo-Assyrian Period (RINAP) Project, 2011, 2015-16. Lemmatized by Jamie Novotny, 2010, and updated by him, 2015-16, for the Munich Open-access Cuneiform Corpus Initiative (MOCCI), a corpus-building initiative funded by LMU Munich and the Alexander von Humboldt Foundation (through the establishment of the Alexander von Humboldt Chair for Ancient History of the Near and Middle East) and based at the Historisches Seminar - Abteilung Alte Geschichte of Ludwig-Maximilians-Universität München. The annotated edition is released under the Creative Commons Attribution Share-Alike license 3.0. Please cite this page as http://oracc.org/ribo/Q003346/.",
			"date_of_origin": "678-677",
			"designation": "Esarhaddon 117",
			"display_name": "RINAP 4 117",
			"dynastic_seat": "Assyria",
			"exemplars": "1882-03-23, 0055",
			"genre": "Royal Inscription",
			"id_composite": "Q003346",
			"language": "Akkadian",
			"material": "clay",
			"object_type": "tablet",
			"period": "Neo-Assyrian",
			"pleiades_id": "874621",
			"popular_name": "Babylon B?",
			"primary_publication": "Esarhaddon 117",
			"provenience": "Nineveh",
			"ruler": "Esarhaddon",
			"script": "Neo-Assyrian",
			"script_remarks": "inscribed",
			"script_type": "Cuneiform",
			"subgenre": "Esarhaddon",
			"supergenre": "LIT"
		},
		"geometry": {
			"type": "Point",
			"coordinates": [43.151937,36.358684]
		}
	}, {
		"type": "Feature",
		"properties": {
			"cdli_id": "P462967",
			"collection": "Vorderasiatisches Museum, Berlin, Germany",
			"credits": "Created by Erle Leichty, Grant Frame, and the Royal Inscriptions of the Neo-Assyrian Period (RINAP) Project, 2011. Lemmatized by Jamie Novotny, 2010. The annotated edition is released under the Creative Commons Attribution Share-Alike license 3.0. Please cite this page as http://oracc.org/ribo/Q003347/.",
			"date_of_origin": "680-669",
			"designation": "Esarhaddon 118 / CDLI Seals 006507",
			"display_name": "RINAP 4 118",
			"dynastic_seat": "Assyria",
			"exemplars": "VA Bab 00647 (BE 06403)",
			"genre": "Royal Inscription",
			"id_composite": "Q003347",
			"language": "Akkadian",
			"material": "stone",
			"object_type": "seal",
			"period": "Neo-Assyrian",
			"pleiades_id": "893951",
			"popular_name": "Babylon H (RIMB 2 B.6.31.1)",
			"primary_publication": "Esarhaddon 118 / CDLI Seals 006507",
			"provenience": "Babylon",
			"ruler": "Esarhaddon",
			"script": "Neo-Babylonian",
			"script_remarks": "inscribed",
			"script_type": "Cuneiform",
			"seal_id": "S006507",
			"subgenre": "Esarhaddon",
			"supergenre": "LIT"
		},
		"geometry": {
			"type": "Point",
			"coordinates": [44.422236,32.543395]
		}
	}, {
		"type": "Feature",
		"properties": {
			"cdli_id": "P462968",
			"collection": "Vorderasiatisches Museum, Berlin, Germany",
			"credits": "Created by Erle Leichty, Grant Frame, and the Royal Inscriptions of the Neo-Assyrian Period (RINAP) Project, 2011. Lemmatized by Jamie Novotny, 2010. The annotated edition is released under the Creative Commons Attribution Share-Alike license 3.0. Please cite this page as http://oracc.org/ribo/Q003348/.",
			"date_of_origin": "680-669",
			"designation": "Esarhaddon 119",
			"display_name": "RINAP 4 119",
			"dynastic_seat": "Assyria",
			"exemplars": "BE 08084; VA Bab 04052a (BE 41183); VA Bab 04052b; BE 41472",
			"genre": "Royal Inscription",
			"id_composite": "Q003348",
			"language": "Akkadian",
			"material": "clay",
			"object_type": "brick",
			"period": "Neo-Assyrian",
			"pleiades_id": "893951",
			"popular_name": "Babylon I (RIMB 2 B.6.31.2)",
			"primary_publication": "Esarhaddon 119",
			"provenience": "Babylon",
			"ruler": "Esarhaddon",
			"script": "Neo-Babylonian",
			"script_remarks": "stamped",
			"script_type": "Cuneiform",
			"subgenre": "Esarhaddon",
			"supergenre": "LIT"
		},
		"geometry": {
			"type": "Point",
			"coordinates": [44.422236,32.543395]
		}
	}, {
		"type": "Feature",
		"properties": {
			"cdli_id": "P462969",
			"collection": "Vorderasiatisches Museum, Berlin, Germany",
			"credits": "Created by Erle Leichty, Grant Frame, and the Royal Inscriptions of the Neo-Assyrian Period (RINAP) Project, 2011. Lemmatized by Jamie Novotny, 2010. The annotated edition is released under the Creative Commons Attribution Share-Alike license 3.0. Please cite this page as http://oracc.org/ribo/Q003349/.",
			"date_of_origin": "680-669",
			"designation": "Esarhaddon 120",
			"display_name": "RINAP 4 120",
			"dynastic_seat": "Assyria",
			"exemplars": "BE 39840; VA Bab 04052g (BE 41099); BE 46408",
			"genre": "Royal Inscription",
			"id_composite": "Q003349",
			"language": "Akkadian",
			"material": "clay",
			"object_type": "brick",
			"period": "Neo-Assyrian",
			"pleiades_id": "893951",
			"popular_name": "Babylon J (RIMB 2 B.6.31.3)",
			"primary_publication": "Esarhaddon 120",
			"provenience": "Babylon",
			"ruler": "Esarhaddon",
			"script": "Neo-Babylonian",
			"script_remarks": "stamped",
			"script_type": "Cuneiform",
			"subgenre": "Esarhaddon",
			"supergenre": "LIT"
		},
		"geometry": {
			"type": "Point",
			"coordinates": [44.422236,32.543395]
		}
	}, {
		"type": "Feature",
		"properties": {
			"cdli_id": "P462970",
			"collection": "Vorderasiatisches Museum, Berlin, Germany",
			"credits": "Created by Erle Leichty, Grant Frame, and the Royal Inscriptions of the Neo-Assyrian Period (RINAP) Project, 2011. Lemmatized by Jamie Novotny, 2010. The annotated edition is released under the Creative Commons Attribution Share-Alike license 3.0. Please cite this page as http://oracc.org/ribo/Q003350/.",
			"date_of_origin": "680-669",
			"designation": "Esarhaddon 121",
			"display_name": "RINAP 4 121",
			"dynastic_seat": "Assyria",
			"exemplars": "VA Bab 04074 (BE 44638); BE 41230; BE 41054; BE 32167",
			"genre": "Royal Inscription",
			"id_composite": "Q003350",
			"language": "Akkadian",
			"material": "clay",
			"object_type": "brick",
			"period": "Neo-Assyrian",
			"pleiades_id": "893951",
			"popular_name": "Babylon K (RIMB 2 B.6.31.4)",
			"primary_publication": "Esarhaddon 121",
			"provenience": "Babylon",
			"ruler": "Esarhaddon",
			"script": "Neo-Babylonian",
			"script_remarks": "stamped",
			"script_type": "Cuneiform",
			"subgenre": "Esarhaddon",
			"supergenre": "LIT"
		},
		"geometry": {
			"type": "Point",
			"coordinates": [44.422236,32.543395]
		}
	}, {
		"type": "Feature",
		"properties": {
			"cdli_id": "P462971",
			"collection": "Vorderasiatisches Museum, Berlin, Germany",
			"credits": "Created by Erle Leichty, Grant Frame, and the Royal Inscriptions of the Neo-Assyrian Period (RINAP) Project, 2011. Lemmatized by Jamie Novotny, 2010. The annotated edition is released under the Creative Commons Attribution Share-Alike license 3.0. Please cite this page as http://oracc.org/ribo/Q003351/.",
			"date_of_origin": "680-669",
			"designation": "Esarhaddon 122",
			"display_name": "RINAP 4 122",
			"dynastic_seat": "Assyria",
			"exemplars": "VA Bab 04052c (BE 46402); BE 46403; VA Bab 04052d (BE 46405); BE 46406; VA Bab 04052e; VA Bab 04052f; BM 00197",
			"genre": "Royal Inscription",
			"id_composite": "Q003351",
			"language": "Akkadian",
			"material": "clay",
			"object_type": "brick",
			"period": "Neo-Assyrian",
			"pleiades_id": "893951",
			"popular_name": "Babylon K (RIMB 2 B.6.31.5)",
			"primary_publication": "Esarhaddon 122",
			"provenience": "Babylon",
			"ruler": "Esarhaddon",
			"script": "Neo-Babylonian",
			"script_remarks": "stamped",
			"script_type": "Cuneiform",
			"subgenre": "Esarhaddon",
			"supergenre": "LIT"
		},
		"geometry": {
			"type": "Point",
			"coordinates": [44.422236,32.543395]
		}
	}, {
		"type": "Feature",
		"properties": {
			"cdli_id": "P462972",
			"collection": "Arkeoloji Müzerleri, Istanbul, Turkey",
			"credits": "Created by Erle Leichty, Grant Frame, and the Royal Inscriptions of the Neo-Assyrian Period (RINAP) Project, 2011. Lemmatized by Jamie Novotny, 2010. The annotated edition is released under the Creative Commons Attribution Share-Alike license 3.0. Please cite this page as http://oracc.org/ribo/Q003352/.",
			"date_of_origin": "680-669",
			"designation": "Esarhaddon 123",
			"display_name": "RINAP 4 123",
			"dynastic_seat": "Assyria",
			"exemplars": "Ist EŞEM - (BE 46404)",
			"genre": "Royal Inscription",
			"id_composite": "Q003352",
			"language": "Akkadian",
			"material": "clay",
			"object_type": "brick",
			"period": "Neo-Assyrian",
			"pleiades_id": "893951",
			"popular_name": "Babylon K (RIMB 2 B.6.31.6)",
			"primary_publication": "Esarhaddon 123",
			"provenience": "Babylon",
			"ruler": "Esarhaddon",
			"script": "Neo-Babylonian",
			"script_remarks": "stamped",
			"script_type": "Cuneiform",
			"subgenre": "Esarhaddon",
			"supergenre": "LIT"
		},
		"geometry": {
			"type": "Point",
			"coordinates": [44.422236,32.543395]
		}
	}, {
		"type": "Feature",
		"properties": {
			"cdli_id": "P462973",
			"credits": "Created by Erle Leichty, Grant Frame, and the Royal Inscriptions of the Neo-Assyrian Period (RINAP) Project, 2011. Lemmatized by Jamie Novotny, 2010. The annotated edition is released under the Creative Commons Attribution Share-Alike license 3.0. Please cite this page as http://oracc.org/ribo/Q003353/.",
			"date_of_origin": "680-669",
			"designation": "Esarhaddon 124",
			"display_name": "RINAP 4 124",
			"dynastic_seat": "Assyria",
			"exemplars": "BE 46407",
			"genre": "Royal Inscription",
			"id_composite": "Q003353",
			"language": "Akkadian",
			"material": "clay",
			"object_type": "brick",
			"period": "Neo-Assyrian",
			"pleiades_id": "893951",
			"popular_name": "Babylon L (RIMB 2 B.6.31.7)",
			"primary_publication": "Esarhaddon 124",
			"provenience": "Babylon",
			"ruler": "Esarhaddon",
			"script": "Neo-Babylonian",
			"script_remarks": "stamped",
			"script_type": "Cuneiform",
			"subgenre": "Esarhaddon",
			"supergenre": "LIT"
		},
		"geometry": {
			"type": "Point",
			"coordinates": [44.422236,32.543395]
		}
	}, {
		"type": "Feature",
		"properties": {
			"cdli_id": "P462974",
			"credits": "Created by Erle Leichty, Grant Frame, and the Royal Inscriptions of the Neo-Assyrian Period (RINAP) Project, 2011. Lemmatized by Jamie Novotny, 2010. The annotated edition is released under the Creative Commons Attribution Share-Alike license 3.0. Please cite this page as http://oracc.org/ribo/Q003354/.",
			"date_of_origin": "680-669",
			"designation": "Esarhaddon 125",
			"display_name": "RINAP 4 125",
			"dynastic_seat": "Assyria",
			"exemplars": "BE 46374",
			"genre": "Royal Inscription",
			"id_composite": "Q003354",
			"language": "Akkadian",
			"material": "clay",
			"object_type": "brick",
			"period": "Neo-Assyrian",
			"pleiades_id": "893951",
			"popular_name": "Babylon M (RIMB 2 B.6.31.8)",
			"primary_publication": "Esarhaddon 125",
			"provenience": "Babylon",
			"ruler": "Esarhaddon",
			"script": "Neo-Babylonian",
			"script_remarks": "inscribed",
			"script_type": "Cuneiform",
			"subgenre": "Esarhaddon",
			"supergenre": "LIT"
		},
		"geometry": {
			"type": "Point",
			"coordinates": [44.422236,32.543395]
		}
	}, {
		"type": "Feature",
		"properties": {
			"cdli_id": "P462975",
			"collection": "Louvre Museum, Paris, France; University of Pennsylvania Museum of Archaeology and Anthropology, Philadelphia, Pennsylvania, USA; Vorderasiatisches Museum, Berlin, Germany",
			"credits": "Created by Erle Leichty, Grant Frame, and the Royal Inscriptions of the Neo-Assyrian Period (RINAP) Project, 2011. Lemmatized by Jamie Novotny, 2010. The annotated edition is released under the Creative Commons Attribution Share-Alike license 3.0. Please cite this page as http://oracc.org/ribo/Q003355/.",
			"date_of_origin": "680-669",
			"designation": "Esarhaddon 126",
			"display_name": "RINAP 4 126",
			"dynastic_seat": "Assyria",
			"exemplars": "BE 15316; BE 41419; BE 46410; BE 46435; BE 46436; CBS 00014; VA Bab 04053; AO 05470",
			"genre": "Royal Inscription",
			"id_composite": "Q003355",
			"language": "Sumerian",
			"material": "clay",
			"object_type": "brick",
			"period": "Neo-Assyrian",
			"pleiades_id": "893951",
			"popular_name": "Babylon N (RIMB 2 B.6.31.9)",
			"primary_publication": "Esarhaddon 126",
			"provenience": "Babylon",
			"ruler": "Esarhaddon",
			"script": "Neo-Babylonian, Archaizing  Neo-Babylonian",
			"script_remarks": "inscribed",
			"script_type": "Cuneiform",
			"subgenre": "Esarhaddon",
			"supergenre": "LIT"
		},
		"geometry": {
			"type": "Point",
			"coordinates": [44.422236,32.543395]
		}
	}, {
		"type": "Feature",
		"properties": {
			"cdli_id": "P462976",
			"collection": "British Museum, London, UK",
			"credits": "Created by Erle Leichty, Grant Frame, and the Royal Inscriptions of the Neo-Assyrian Period (RINAP) Project, 2011. Lemmatized by Jamie Novotny, 2010. The annotated edition is released under the Creative Commons Attribution Share-Alike license 3.0. Please cite this page as http://oracc.org/ribo/Q003356/.",
			"date_of_origin": "680-669",
			"designation": "Esarhaddon 127",
			"display_name": "RINAP 4 127",
			"dynastic_seat": "Assyria",
			"exemplars": "BM 038345 (1880-11-12, 0227)",
			"genre": "Royal Inscription",
			"id_composite": "Q003356",
			"language": "Akkadian",
			"material": "clay",
			"object_type": "cylinder",
			"period": "Neo-Assyrian",
			"pleiades_id": "893964",
			"popular_name": "Borsippa A (RIMB 2 B.6.31.10)",
			"primary_publication": "Esarhaddon 127",
			"provenience": "Borsippa",
			"ruler": "Esarhaddon",
			"script": "Neo-Babylonian",
			"script_remarks": "inscribed",
			"script_type": "Cuneiform",
			"subgenre": "Esarhaddon",
			"supergenre": "LIT"
		},
		"geometry": {
			"type": "Point",
			"coordinates": [44.344757,32.390721]
		}
	}, {
		"type": "Feature",
		"properties": {
			"cdli_id": "P462977",
			"collection": "Oriental Institute, University of Chicago, Chicago, Illinois, USA; Iraq Museum, Baghdad, Iraq; University of Pennsylvania Museum of Archaeology and Anthropology, Philadelphia, Pennsylvania, USA; Philadelphia Museum of Art, Philadelphia, Pennsylvania, USA; Yale Babylonian Collection, New Haven, Connecticut, USA",
			"credits": "Created by Erle Leichty, Grant Frame, and the Royal Inscriptions of the Neo-Assyrian Period (RINAP) Project, 2011. Lemmatized by Jamie Novotny, 2010. The annotated edition is released under the Creative Commons Attribution Share-Alike license 3.0. Please cite this page as http://oracc.org/ribo/Q003357/.",
			"date_of_origin": "680-669",
			"designation": "Esarhaddon 128",
			"display_name": "RINAP 4 128",
			"dynastic_seat": "Assyria",
			"exemplars": "A 31310 (6N-T1046); IM 061711 (6N-T1045); IM 066885 (8N-T0002a-e); IM 061715 (6N-T1043); IM 059721 (5N-T0476); A 32262 (8N-T0003); A 33619 (4N-T0076); UM L-29-634 (= PMA F29-06-387c); A 33618 (4N-T0075); NBC 11323 (5N-T-564); 1N-T0142; UM L-29-637 (= PMA F29-06-387f); NBC 10653 (6N-T1044);  UM L-29-635 (= PMA F29-06-387d); IM 070310 (9N-T0009)",
			"genre": "Royal Inscription",
			"id_composite": "Q003357",
			"language": "Akkadian",
			"material": "clay",
			"object_type": "cylinder",
			"period": "Neo-Assyrian",
			"pleiades_id": "912910",
			"popular_name": "Nippur A (RIMB 2 B.6.31.11)",
			"primary_publication": "Esarhaddon 128",
			"provenience": "Nippur",
			"ruler": "Esarhaddon",
			"script": "Neo-Assyrian, Neo-Babylonian",
			"script_remarks": "inscribed",
			"script_type": "Cuneiform",
			"subgenre": "Esarhaddon",
			"supergenre": "LIT"
		},
		"geometry": {
			"type": "Point",
			"coordinates": [45.230832,32.126944]
		}
	}, {
		"type": "Feature",
		"properties": {
			"cdli_id": "P462978",
			"collection": "University of Pennsylvania Museum of Archaeology and Anthropology, Philadelphia, Pennsylvania, USA; Philadelphia Museum of Art, Philadelphia, Pennsylvania, USA; Hilprecht-Sammlung, Fr. Schiller University, Jena, Germany; Iraq Museum, Baghdad, Iraq",
			"credits": "Created by Erle Leichty, Grant Frame, and the Royal Inscriptions of the Neo-Assyrian Period (RINAP) Project, 2011. Lemmatized by Jamie Novotny, 2010. The annotated edition is released under the Creative Commons Attribution Share-Alike license 3.0. Please cite this page as http://oracc.org/ribo/Q003358/.",
			"date_of_origin": "680-669",
			"designation": "Esarhaddon 129",
			"display_name": "RINAP 4 129",
			"dynastic_seat": "Assyria",
			"exemplars": "CBS 02350; HS 1956; IM - (12N-0043); UM L-29-639 (= PMA F29-06-397)",
			"genre": "Royal Inscription",
			"id_composite": "Q003358",
			"language": "Akkadian",
			"material": "clay",
			"object_type": "cylinder",
			"period": "Neo-Assyrian",
			"pleiades_id": "912910",
			"popular_name": "Nippur B (RIMB 2 B.6.31.12)",
			"primary_publication": "Esarhaddon 129",
			"provenience": "Nippur",
			"ruler": "Esarhaddon",
			"script": "Neo-Babylonian",
			"script_remarks": "inscribed",
			"script_type": "Cuneiform",
			"subgenre": "Esarhaddon",
			"supergenre": "LIT"
		},
		"geometry": {
			"type": "Point",
			"coordinates": [45.230832,32.126944]
		}
	}, {
		"type": "Feature",
		"properties": {
			"cdli_id": "P462979",
			"credits": "Created by Erle Leichty, Grant Frame, and the Royal Inscriptions of the Neo-Assyrian Period (RINAP) Project, 2011. Lemmatized by Jamie Novotny, 2010. The annotated edition is released under the Creative Commons Attribution Share-Alike license 3.0. Please cite this page as http://oracc.org/ribo/Q003359/.",
			"date_of_origin": "680-669",
			"designation": "Esarhaddon 130",
			"display_name": "RINAP 4 130",
			"dynastic_seat": "Assyria",
			"genre": "Royal Inscription",
			"id_composite": "Q003359",
			"language": "Akkadian",
			"material": "clay",
			"object_type": "cylinder",
			"period": "Neo-Assyrian",
			"pleiades_id": "912910",
			"popular_name": "Nippur cylinder",
			"primary_publication": "Esarhaddon 130",
			"provenience": "Nippur",
			"ruler": "Esarhaddon",
			"script": "Neo-Babylonian",
			"script_remarks": "inscribed",
			"script_type": "Cuneiform",
			"subgenre": "Esarhaddon",
			"supergenre": "LIT"
		},
		"geometry": {
			"type": "Point",
			"coordinates": [45.230832,32.126944]
		}
	}, {
		"type": "Feature",
		"properties": {
			"cdli_id": "P462980",
			"collection": "University of Pennsylvania Museum of Archaeology and Anthropology, Philadelphia, Pennsylvania, USA",
			"credits": "Created by Erle Leichty, Grant Frame, and the Royal Inscriptions of the Neo-Assyrian Period (RINAP) Project, 2011. Lemmatized by Jamie Novotny, 2010. The annotated edition is released under the Creative Commons Attribution Share-Alike license 3.0. Please cite this page as http://oracc.org/ribo/Q003360/.",
			"date_of_origin": "680-669",
			"designation": "Esarhaddon 131",
			"display_name": "RINAP 4 131",
			"dynastic_seat": "Assyria",
			"exemplars": "CBS 09482; 5N-T0702",
			"genre": "Royal Inscription",
			"id_composite": "Q003360",
			"language": "Akkadian",
			"material": "clay",
			"object_type": "brick",
			"period": "Neo-Assyrian",
			"pleiades_id": "912910",
			"popular_name": "Nippur C (RIMB 2 B.6.31.13)",
			"primary_publication": "Esarhaddon 131",
			"provenience": "Nippur",
			"ruler": "Esarhaddon",
			"script": "Neo-Babylonian",
			"script_remarks": "inscribed",
			"script_type": "Cuneiform",
			"subgenre": "Esarhaddon",
			"supergenre": "LIT"
		},
		"geometry": {
			"type": "Point",
			"coordinates": [45.230832,32.126944]
		}
	}, {
		"type": "Feature",
		"properties": {
			"cdli_id": "P462981",
			"collection": "University of Pennsylvania Museum of Archaeology and Anthropology, Philadelphia, Pennsylvania, USA",
			"credits": "Created by Erle Leichty, Grant Frame, and the Royal Inscriptions of the Neo-Assyrian Period (RINAP) Project, 2011. Lemmatized by Jamie Novotny, 2010. The annotated edition is released under the Creative Commons Attribution Share-Alike license 3.0. Please cite this page as http://oracc.org/ribo/Q003361/.",
			"date_of_origin": "680-669",
			"designation": "Esarhaddon 132",
			"display_name": "RINAP 4 132",
			"dynastic_seat": "Assyria",
			"exemplars": "CBS 08645; UM 84-26-07",
			"genre": "Royal Inscription",
			"id_composite": "Q003361",
			"language": "Akkadian",
			"material": "clay",
			"object_type": "brick",
			"period": "Neo-Assyrian",
			"pleiades_id": "912910",
			"popular_name": "Nippur D (RIMB 2 B.6.31.14)",
			"primary_publication": "Esarhaddon 132",
			"provenience": "Nippur",
			"ruler": "Esarhaddon",
			"script": "Neo-Babylonian",
			"script_remarks": "inscribed",
			"script_type": "Cuneiform",
			"subgenre": "Esarhaddon",
			"supergenre": "LIT"
		},
		"geometry": {
			"type": "Point",
			"coordinates": [45.230832,32.126944]
		}
	}, {
		"type": "Feature",
		"properties": {
			"cdli_id": "P462982",
			"collection": "British Museum, London, UK; Yale Babylonian Collection, New Haven, Connecticut, USA; Iraq Museum, Baghdad, Iraq; Semitic Museum, Harvard University, Cambridge, Massachusetts, USA",
			"credits": "Created by Erle Leichty, Grant Frame, and the Royal Inscriptions of the Neo-Assyrian Period (RINAP) Project, 2011. Lemmatized by Jamie Novotny, 2010. The annotated edition is released under the Creative Commons Attribution Share-Alike license 3.0. Please cite this page as http://oracc.org/ribo/Q003362/.",
			"date_of_origin": "680-669",
			"designation": "Esarhaddon 133",
			"display_name": "RINAP 4 133",
			"dynastic_seat": "Assyria",
			"exemplars": "BM 045793 (1881-07-06, 0210); K 06386; NBC 02510; NBC 06055; W 18419; IM - (W 23852); HSM 1916.2.1 (= HSM 8350)",
			"genre": "Royal Inscription",
			"id_composite": "Q003362",
			"language": "Akkadian",
			"material": "clay",
			"object_type": "cylinder",
			"period": "Neo-Assyrian",
			"pleiades_id": "912986",
			"popular_name": "Uruk A (RIMB 2 B.6.31.15)",
			"primary_publication": "Esarhaddon 133",
			"provenience": "Uruk",
			"ruler": "Esarhaddon",
			"script": "Neo-Babylonian",
			"script_remarks": "inscribed",
			"script_type": "Cuneiform",
			"subgenre": "Esarhaddon",
			"supergenre": "LIT"
		},
		"geometry": {
			"type": "Point",
			"coordinates": [45.638752,31.32446]
		}
	}, {
		"type": "Feature",
		"properties": {
			"cdli_id": "P462983",
			"collection": "Yale Babylonian Collection, New Haven, Connecticut, USA",
			"credits": "Created by Erle Leichty, Grant Frame, and the Royal Inscriptions of the Neo-Assyrian Period (RINAP) Project, 2011. Lemmatized by Jamie Novotny, 2010. The annotated edition is released under the Creative Commons Attribution Share-Alike license 3.0. Please cite this page as http://oracc.org/ribo/Q003363/.",
			"date_of_origin": "680-669",
			"designation": "Esarhaddon 134",
			"display_name": "RINAP 4 134",
			"dynastic_seat": "Assyria",
			"exemplars": "YBC 02147; NBC 2509; W 00856",
			"genre": "Royal Inscription",
			"id_composite": "Q003363",
			"language": "Akkadian",
			"material": "clay",
			"object_type": "cylinder",
			"period": "Neo-Assyrian",
			"pleiades_id": "912986",
			"popular_name": "Uruk B (RIMB 2 B.6.31.16)",
			"primary_publication": "Esarhaddon 134",
			"provenience": "Uruk",
			"ruler": "Esarhaddon",
			"script": "Neo-Assyrian, Neo-Babylonian",
			"script_remarks": "inscribed",
			"script_type": "Cuneiform",
			"subgenre": "Esarhaddon",
			"supergenre": "LIT"
		},
		"geometry": {
			"type": "Point",
			"coordinates": [45.638752,31.32446]
		}
	}, {
		"type": "Feature",
		"properties": {
			"cdli_id": "P462984",
			"collection": "British Museum, London, UK; Louvre Museum, Paris, France",
			"credits": "Created by Erle Leichty, Grant Frame, and the Royal Inscriptions of the Neo-Assyrian Period (RINAP) Project, 2011. Lemmatized by Jamie Novotny, 2010. The annotated edition is released under the Creative Commons Attribution Share-Alike license 3.0. Please cite this page as http://oracc.org/ribo/Q003364/.",
			"date_of_origin": "680-669",
			"designation": "Esarhaddon 135",
			"display_name": "RINAP 4 135",
			"dynastic_seat": "Assyria",
			"exemplars": "AO 06772; BM 113204 (1915-04-10, 0002); W 0409",
			"genre": "Royal Inscription",
			"id_composite": "Q003364",
			"language": "Akkadian",
			"material": "clay",
			"object_type": "cylinder",
			"period": "Neo-Assyrian",
			"pleiades_id": "912986",
			"popular_name": "Uruk C (RIMB 2 B.6.31.17)",
			"primary_publication": "Esarhaddon 135",
			"provenience": "Uruk",
			"ruler": "Esarhaddon",
			"script": "Neo-Assyrian, Neo-Babylonian",
			"script_remarks": "inscribed",
			"script_type": "Cuneiform",
			"subgenre": "Esarhaddon",
			"supergenre": "LIT"
		},
		"geometry": {
			"type": "Point",
			"coordinates": [45.638752,31.32446]
		}
	}, {
		"type": "Feature",
		"properties": {
			"cdli_id": "P462985",
			"collection": "Yale Babylonian Collection, New Haven, Connecticut, USA",
			"credits": "Created by Erle Leichty, Grant Frame, and the Royal Inscriptions of the Neo-Assyrian Period (RINAP) Project, 2011. Lemmatized by Jamie Novotny, 2010. The annotated edition is released under the Creative Commons Attribution Share-Alike license 3.0. Please cite this page as http://oracc.org/ribo/Q003365/.",
			"date_of_origin": "680-669",
			"designation": "Esarhaddon 136",
			"display_name": "RINAP 4 136",
			"dynastic_seat": "Assyria",
			"exemplars": "YBC 02146",
			"genre": "Royal Inscription",
			"id_composite": "Q003365",
			"language": "Akkadian",
			"material": "clay",
			"object_type": "cylinder",
			"period": "Neo-Assyrian",
			"pleiades_id": "912986",
			"popular_name": "Uruk D (RIMB 2 B.6.31.18)",
			"primary_publication": "Esarhaddon 136",
			"provenience": "Uruk",
			"ruler": "Esarhaddon",
			"script": "Neo-Babylonian",
			"script_remarks": "inscribed",
			"script_type": "Cuneiform",
			"subgenre": "Esarhaddon",
			"supergenre": "LIT"
		},
		"geometry": {
			"type": "Point",
			"coordinates": [45.638752,31.32446]
		}
	}, {
		"type": "Feature",
		"properties": {
			"cdli_id": "P462986",
			"collection": "Vorderasiatisches Museum, Berlin, Germany",
			"credits": "Created by Erle Leichty, Grant Frame, and the Royal Inscriptions of the Neo-Assyrian Period (RINAP) Project, 2011. Lemmatized by Jamie Novotny, 2010. The annotated edition is released under the Creative Commons Attribution Share-Alike license 3.0. Please cite this page as http://oracc.org/ribo/Q003366/.",
			"date_of_origin": "680-669",
			"designation": "Esarhaddon 137",
			"display_name": "RINAP 4 137",
			"dynastic_seat": "Assyria",
			"exemplars": "VA 14668 (W 00942); W 03764; W 03885; W 04238",
			"genre": "Royal Inscription",
			"id_composite": "Q003366",
			"language": "Akkadian",
			"material": "clay",
			"object_type": "brick",
			"period": "Neo-Assyrian",
			"pleiades_id": "912986",
			"popular_name": "Uruk E (RIMB 2 B.6.31.19)",
			"primary_publication": "Esarhaddon 137",
			"provenience": "Uruk",
			"ruler": "Esarhaddon",
			"script": "Neo-Babylonian",
			"script_remarks": "stamped",
			"script_type": "Cuneiform",
			"subgenre": "Esarhaddon",
			"supergenre": "LIT"
		},
		"geometry": {
			"type": "Point",
			"coordinates": [45.638752,31.32446]
		}
	}, {
		"type": "Feature",
		"properties": {
			"cdli_id": "P462987",
			"credits": "Created by Erle Leichty, Grant Frame, and the Royal Inscriptions of the Neo-Assyrian Period (RINAP) Project, 2011. Lemmatized by Jamie Novotny, 2010. The annotated edition is released under the Creative Commons Attribution Share-Alike license 3.0. Please cite this page as http://oracc.org/ribo/Q003367/.",
			"date_of_origin": "680-669",
			"designation": "Esarhaddon 138",
			"display_name": "RINAP 4 138",
			"dynastic_seat": "Assyria",
			"exemplars": "W 04496",
			"genre": "Royal Inscription",
			"id_composite": "Q003367",
			"language": "Akkadian",
			"material": "clay",
			"object_type": "brick",
			"period": "Neo-Assyrian",
			"pleiades_id": "912986",
			"popular_name": "Uruk F (RIMB 2 B.6.31.20)",
			"primary_publication": "Esarhaddon 138",
			"provenience": "Uruk",
			"ruler": "Esarhaddon",
			"script": "Neo-Babylonian",
			"script_remarks": "stamped",
			"script_type": "Cuneiform",
			"subgenre": "Esarhaddon",
			"supergenre": "LIT"
		},
		"geometry": {
			"type": "Point",
			"coordinates": [45.638752,31.32446]
		}
	}, {
		"type": "Feature",
		"properties": {
			"cdli_id": "P462988",
			"collection": "Iraq Museum, Baghdad, Iraq",
			"credits": "Created by Erle Leichty, Grant Frame, and the Royal Inscriptions of the Neo-Assyrian Period (RINAP) Project, 2011. Lemmatized by Jamie Novotny, 2010. The annotated edition is released under the Creative Commons Attribution Share-Alike license 3.0. Please cite this page as http://oracc.org/ribo/Q003368/.",
			"date_of_origin": "680-669",
			"designation": "Esarhaddon 139",
			"display_name": "RINAP 4 139",
			"dynastic_seat": "Assyria",
			"exemplars": "IM 028473 (W 16423)",
			"genre": "Royal Inscription",
			"id_composite": "Q003368",
			"language": "Akkadian",
			"material": "clay",
			"object_type": "brick",
			"period": "Neo-Assyrian",
			"pleiades_id": "912986",
			"popular_name": "Uruk G (RIMB 2 B.6.31.21)",
			"primary_publication": "Esarhaddon 139",
			"provenience": "Uruk",
			"ruler": "Esarhaddon",
			"script": "Neo-Babylonian",
			"script_remarks": "inscribed",
			"script_type": "Cuneiform",
			"subgenre": "Esarhaddon",
			"supergenre": "LIT"
		},
		"geometry": {
			"type": "Point",
			"coordinates": [45.638752,31.32446]
		}
	}, {
		"type": "Feature",
		"properties": {
			"cdli_id": "P469086",
			"collection": "Iraq Museum, Baghdad, Iraq",
			"credits": "Based on Grant Frame, Rulers of Babylonia: From the Second Dynasty of Isin to the End of Assyrian Domination (1157-612 BC) (RIMB 2; Toronto, 1995). Digitized, lemmatized, and updated by Alexa Bartelmus, 2015-16, for the Munich Open-access Cuneiform Corpus Initiative (MOCCI), a corpus-building initiative funded by LMU Munich and the Alexander von Humboldt Foundation (through the establishment of the Alexander von Humboldt Chair for Ancient History of the Near and Middle East) and based at the Historisches Seminar - Abteilung Alte Geschichte of Ludwig-Maximilians-Universität München. The annotated edition is released under the Creative Commons Attribution Share-Alike license 3.0. Please cite this page as http://oracc.org/ribo/Q006305/.",
			"date_of_origin": "721-710",
			"designation": "Marduk-apla-iddina II 1",
			"display_name": "RIBo Marduk-apla-iddina II 1",
			"dynastic_seat": "Babylon",
			"exemplars": "IM — (ND 02090)",
			"genre": "Royal Inscription",
			"id_composite": "Q006305",
			"language": "Akkadian",
			"material": "clay",
			"object_type": "cylinder",
			"period": "Neo-Babylonian",
			"pleiades_id": "894019",
			"popular_name": "RIMB 2 B.6.21.1",
			"primary_publication": "Marduk-apla-iddina II 1",
			"provenience": "Nimrud",
			"ruler": "Marduk-apla-iddina II",
			"script": "Neo-Babylonian",
			"script_remarks": "inscribed",
			"script_type": "Cuneiform",
			"subgenre": "Marduk-apla-iddina II",
			"supergenre": "LIT"
		},
		"geometry": {
			"type": "Point",
			"coordinates": [43.3275,36.099167]
		}
	}, {
		"type": "Feature",
		"properties": {
			"cdli_id": "P469087",
			"collection": "British Museum, London, UK",
			"credits": "Based on Grant Frame, Rulers of Babylonia: From the Second Dynasty of Isin to the End of Assyrian Domination (1157-612 BC) (RIMB 2; Toronto, 1995). Digitized, lemmatized, and updated by Alexa Bartelmus, 2015-16, for the Munich Open-access Cuneiform Corpus Initiative (MOCCI), a corpus-building initiative funded by LMU Munich and the Alexander von Humboldt Foundation (through the establishment of the Alexander von Humboldt Chair for Ancient History of the Near and Middle East) and based at the Historisches Seminar - Abteilung Alte Geschichte of Ludwig-Maximilians-Universität München. The annotated edition is released under the Creative Commons Attribution Share-Alike license 3.0. Please cite this page as http://oracc.org/ribo/Q006306/.",
			"date_of_origin": "721-710",
			"designation": "Marduk-apla-iddina II 2",
			"display_name": "RIBo Marduk-apla-iddina II 2",
			"dynastic_seat": "Babylon",
			"exemplars": "W 01700a; W 01700b; W 01701a; W 00069; W 01253d; W 04767; BM 090269 (1851-01-01, 0282); BM 090270 + BM 090740 (1851-01-01, 0276); BM 090271 (1851-01-01, 0277); W -",
			"genre": "Royal Inscription",
			"id_composite": "Q006306",
			"language": "Sumerian",
			"material": "clay",
			"object_type": "brick",
			"period": "Neo-Babylonian",
			"pleiades_id": "912986",
			"popular_name": "RIMB 2 B.6.21.2",
			"primary_publication": "Marduk-apla-iddina II 2",
			"provenience": "Uruk",
			"ruler": "Marduk-apla-iddina II",
			"script": "Neo-Babylonian",
			"script_remarks": "stamped",
			"script_type": "Cuneiform",
			"subgenre": "Marduk-apla-iddina II",
			"supergenre": "LIT"
		},
		"geometry": {
			"type": "Point",
			"coordinates": [45.638752,31.32446]
		}
	}, {
		"type": "Feature",
		"properties": {
			"cdli_id": "P469088",
			"collection": "Ashmolean Museum, Oxford, UK",
			"credits": "Based on Grant Frame, Rulers of Babylonia: From the Second Dynasty of Isin to the End of Assyrian Domination (1157-612 BC) (RIMB 2; Toronto, 1995). Digitized, lemmatized, and updated by Alexa Bartelmus, 2015-16, for the Munich Open-access Cuneiform Corpus Initiative (MOCCI), a corpus-building initiative funded by LMU Munich and the Alexander von Humboldt Foundation (through the establishment of the Alexander von Humboldt Chair for Ancient History of the Near and Middle East) and based at the Historisches Seminar - Abteilung Alte Geschichte of Ludwig-Maximilians-Universität München. The annotated edition is released under the Creative Commons Attribution Share-Alike license 3.0. Please cite this page as http://oracc.org/ribo/Q006309/.",
			"date_of_origin": "721-710",
			"designation": "Marduk-apla-iddina II 2001",
			"display_name": "RIBo Marduk-apla-iddina II 2001",
			"dynastic_seat": "Babylon",
			"exemplars": "Ash 1929.136",
			"genre": "Royal Inscription",
			"id_composite": "Q006309",
			"language": "Akkadian",
			"material": "clay",
			"object_type": "brick",
			"period": "Neo-Babylonian",
			"pleiades_id": "894028",
			"popular_name": "RIMB 2 B.6.21.5",
			"primary_publication": "Marduk-apla-iddina II 2001",
			"provenience": "Kish",
			"ruler": "Marduk-apla-iddina II",
			"script": "Neo-Babylonian",
			"script_remarks": "inscribed",
			"script_type": "Cuneiform",
			"subgenre": "Marduk-apla-iddina II",
			"supergenre": "LIT"
		},
		"geometry": {
			"type": "Point",
			"coordinates": [44.585271,32.551977]
		}
	}, {
		"type": "Feature",
		"properties": {
			"credits": "Based on Grant Frame, Rulers of Babylonia: From the Second Dynasty of Isin to the End of Assyrian Domination (1157-612 BC) (RIMB 2; Toronto, 1995). Digitized, lemmatized, and updated by Alexa Bartelmus, 2015-16, for the Munich Open-access Cuneiform Corpus Initiative (MOCCI), a corpus-building initiative funded by LMU Munich and the Alexander von Humboldt Foundation (through the establishment of the Alexander von Humboldt Chair for Ancient History of the Near and Middle East) and based at the Historisches Seminar - Abteilung Alte Geschichte of Ludwig-Maximilians-Universität München. The annotated edition is released under the Creative Commons Attribution Share-Alike license 3.0. Please cite this page as http://oracc.org/ribo/Q006307/.",
			"date_of_origin": "721-710",
			"designation": "Marduk-apla-iddina II 3",
			"display_name": "RIBo Marduk-apla-iddina II 3",
			"dynastic_seat": "Babylon",
			"exemplars": "W 03283; W 04089; W 04382; W 04431; W 04556; W -",
			"genre": "Royal Inscription",
			"id_composite": "Q006307",
			"language": "Sumerian",
			"material": "clay",
			"object_type": "brick",
			"period": "Neo-Babylonian",
			"pleiades_id": "912986",
			"popular_name": "RIMB 2 B.6.21.3",
			"primary_publication": "Marduk-apla-iddina II 3",
			"provenience": "Uruk",
			"ruler": "Marduk-apla-iddina II",
			"script": "Neo-Babylonian",
			"script_remarks": "stamped",
			"script_type": "Cuneiform",
			"subgenre": "Marduk-apla-iddina II",
			"supergenre": "LIT"
		},
		"geometry": {
			"type": "Point",
			"coordinates": [45.638752,31.32446]
		}
	}, {
		"type": "Feature",
		"properties": {
			"cdli_id": "P430331",
			"collection": "Iraq Museum, Baghdad, Iraq",
			"credits": "Based on Grant Frame, Rulers of Babylonia: From the Second Dynasty of Isin to the End of Assyrian Domination (1157-612 BC) (RIMB 2; Toronto, 1995). Digitized, lemmatized, and updated by Alexa Bartelmus, 2015-16, for the Munich Open-access Cuneiform Corpus Initiative (MOCCI), a corpus-building initiative funded by LMU Munich and the Alexander von Humboldt Foundation (through the establishment of the Alexander von Humboldt Chair for Ancient History of the Near and Middle East) and based at the Historisches Seminar - Abteilung Alte Geschichte of Ludwig-Maximilians-Universität München. The annotated edition is released under the Creative Commons Attribution Share-Alike license 3.0. Please cite this page as http://oracc.org/ribo/Q006308/.",
			"date_of_origin": "721-710",
			"designation": "Marduk-apla-iddina II 4 / CDLI Seals 000233",
			"display_name": "RIBo Marduk-apla-iddina II 4",
			"dynastic_seat": "Babylon",
			"exemplars": "IM 067920",
			"genre": "Royal Inscription",
			"id_composite": "Q006308",
			"language": "Akkadian",
			"material": "stone",
			"object_type": "seal",
			"period": "Neo-Babylonian",
			"pleiades_id": "912816",
			"popular_name": "RIMB 2 B.6.21.4",
			"primary_publication": "Marduk-apla-iddina II 4 / CDLI Seals 000233",
			"provenience": "Babylonia",
			"ruler": "Marduk-apla-iddina II",
			"script": "Neo-Babylonian",
			"script_remarks": "inscribed",
			"script_type": "Cuneiform",
			"seal_id": "S000233",
			"subgenre": "Marduk-apla-iddina II",
			"supergenre": "LIT"
		},
		"geometry": {
			"type": "Point",
			"coordinates": [44.5,32.5]
		}
	}, {
		"type": "Feature",
		"properties": {
			"cdli_id": "P430180",
			"collection": "British Museum, London, UK",
			"credits": "Based on Grant Frame, Rulers of Babylonia: From the Second Dynasty of Isin to the End of Assyrian Domination (1157-612 BC) (RIMB 2; Toronto, 1995). Digitized, lemmatized, and updated by Alexa Bartelmus, 2015-16, for the Munich Open-access Cuneiform Corpus Initiative (MOCCI), a corpus-building initiative funded by LMU Munich and the Alexander von Humboldt Foundation (through the establishment of the Alexander von Humboldt Chair for Ancient History of the Near and Middle East) and based at the Historisches Seminar - Abteilung Alte Geschichte of Ludwig-Maximilians-Universität München. The annotated edition is released under the Creative Commons Attribution Share-Alike license 3.0. Please cite this page as http://oracc.org/ribo/Q006299/.",
			"date_of_origin": "9th century",
			"designation": "Marduk-šakin-šumi 2002",
			"display_name": "RIBo Marduk-šakin-šumi 2002",
			"dynastic_seat": "Babylon",
			"exemplars": "BM 129532 (1945-10-13, 0076)",
			"genre": "Royal Inscription",
			"id_composite": "Q006299",
			"language": "Akkadian",
			"material": "stone",
			"object_type": "seal",
			"period": "Neo-Babylonian",
			"pleiades_id": "912816",
			"popular_name": "RIMB 2 B.6.10.2002",
			"primary_publication": "Marduk-šakin-šumi 2002",
			"provenience": "Babylonia",
			"ruler": "Marduk-šakin-šumi",
			"script": "Neo-Babylonian",
			"script_remarks": "inscribed",
			"script_type": "Cuneiform",
			"seal_id": "S000079",
			"subgenre": "Marduk-shakin-shumi",
			"supergenre": "LIT"
		},
		"geometry": {
			"type": "Point",
			"coordinates": [44.5,32.5]
		}
	}, {
		"type": "Feature",
		"properties": {
			"cdli_id": "P469077",
			"collection": "Vorderasiatisches Museum, Berlin, Germany",
			"credits": "Based on Grant Frame, Rulers of Babylonia: From the Second Dynasty of Isin to the End of Assyrian Domination (1157-612 BC) (RIMB 2; Toronto, 1995). Digitized, lemmatized, and updated by Alexa Bartelmus, 2015-16, for the Munich Open-access Cuneiform Corpus Initiative (MOCCI), a corpus-building initiative funded by LMU Munich and the Alexander von Humboldt Foundation (through the establishment of the Alexander von Humboldt Chair for Ancient History of the Near and Middle East) and based at the Historisches Seminar - Abteilung Alte Geschichte of Ludwig-Maximilians-Universität München. The annotated edition is released under the Creative Commons Attribution Share-Alike license 3.0. Please cite this page as http://oracc.org/ribo/Q006295/.",
			"date_of_origin": "9th century",
			"designation": "Marduk-zakir-šumi I 1",
			"display_name": "RIBo Marduk-zakir-šumi I 1",
			"dynastic_seat": "Babylon",
			"exemplars": "VA Bab 00646 (BE 06404)",
			"genre": "Royal Inscription",
			"id_composite": "Q006295",
			"language": "Akkadian",
			"material": "stone",
			"object_type": "seal",
			"period": "Neo-Babylonian",
			"pleiades_id": "893951",
			"popular_name": "RIMB 2 B.6.7.1",
			"primary_publication": "Marduk-zakir-šumi I 1",
			"provenience": "Babylon",
			"ruler": "Marduk-zakir-šumi I",
			"script": "Neo-Babylonian",
			"script_remarks": "inscribed",
			"script_type": "Cuneiform",
			"subgenre": "Marduk-zakir-šumi I",
			"supergenre": "LIT"
		},
		"geometry": {
			"type": "Point",
			"coordinates": [44.422236,32.543395]
		}
	}, {
		"type": "Feature",
		"properties": {
			"cdli_id": "P469078",
			"collection": "British Museum, London, UK",
			"credits": "Based on Grant Frame, Rulers of Babylonia: From the Second Dynasty of Isin to the End of Assyrian Domination (1157-612 BC) (RIMB 2; Toronto, 1995). Digitized, lemmatized, and updated by Alexa Bartelmus, 2015-16, for the Munich Open-access Cuneiform Corpus Initiative (MOCCI), a corpus-building initiative funded by LMU Munich and the Alexander von Humboldt Foundation (through the establishment of the Alexander von Humboldt Chair for Ancient History of the Near and Middle East) and based at the Historisches Seminar - Abteilung Alte Geschichte of Ludwig-Maximilians-Universität München. The annotated edition is released under the Creative Commons Attribution Share-Alike license 3.0. Please cite this page as http://oracc.org/ribo/Q006296/.",
			"date_of_origin": "9th century",
			"designation": "Marduk-zakir-šumi I 2",
			"display_name": "RIBo Marduk-zakir-šumi I 2",
			"dynastic_seat": "Babylon",
			"exemplars": "BM 062908 (1882-09-18, 2877)",
			"genre": "Royal Inscription",
			"id_composite": "Q006296",
			"language": "Akkadian",
			"material": "clay",
			"object_type": "tablet",
			"period": "Neo-Babylonian",
			"pleiades_id": "912816",
			"popular_name": "RIMB 2 B.6.7.2",
			"primary_publication": "Marduk-zakir-šumi I 2",
			"provenience": "Babylonia",
			"ruler": "Marduk-zakir-šumi I",
			"script": "Neo-Babylonian",
			"script_remarks": "inscribed",
			"script_type": "Cuneiform",
			"subgenre": "Marduk-zakir-šumi I",
			"supergenre": "LIT"
		},
		"geometry": {
			"type": "Point",
			"coordinates": [44.5,32.5]
		}
	}, {
		"type": "Feature",
		"properties": {
			"cdli_id": "P469079",
			"collection": "Los Angeles County Museum of Art (LACMA), Los Angeles, California, USA",
			"credits": "Based on Grant Frame, Rulers of Babylonia: From the Second Dynasty of Isin to the End of Assyrian Domination (1157-612 BC) (RIMB 2; Toronto, 1995). Digitized, lemmatized, and updated by Alexa Bartelmus, 2015-16, for the Munich Open-access Cuneiform Corpus Initiative (MOCCI), a corpus-building initiative funded by LMU Munich and the Alexander von Humboldt Foundation (through the establishment of the Alexander von Humboldt Chair for Ancient History of the Near and Middle East) and based at the Historisches Seminar - Abteilung Alte Geschichte of Ludwig-Maximilians-Universität München. The annotated edition is released under the Creative Commons Attribution Share-Alike license 3.0. Please cite this page as http://oracc.org/ribo/Q006297/.",
			"date_of_origin": "9th century",
			"designation": "Marduk-zakir-šumi I 2001",
			"display_name": "RIBo Marduk-zakir-šumi I 2001",
			"dynastic_seat": "Babylon",
			"exemplars": "M.76.97.361",
			"genre": "Royal Inscription",
			"id_composite": "Q006297",
			"language": "Akkadian",
			"material": "metal",
			"object_type": "vessel",
			"period": "Neo-Babylonian",
			"pleiades_id": "420860522",
			"popular_name": "RIMB 2 B.6.7.2001",
			"primary_publication": "Marduk-zakir-šumi I 2001",
			"provenience": "Zalu-Ab",
			"ruler": "Marduk-zakir-šumi I",
			"script": "Neo-Babylonian",
			"script_remarks": "inscribed",
			"script_type": "Cuneiform",
			"subgenre": "Marduk-zakir-šumi I",
			"supergenre": "LIT"
		},
		"geometry": {
			"type": "Point",
			"coordinates": [46.905556,33.026389]
		}
	}, {
		"type": "Feature",
		"properties": {
			"cdli_id": "P469071",
			"collection": "Private Collection: Foroughi, Teheran, Iran; Louvre Museum, Paris, France; Private Collection: Ligabue, Venice, Italy",
			"credits": "Based on Grant Frame, Rulers of Babylonia: From the Second Dynasty of Isin to the End of Assyrian Domination (1157-612 BC) (RIMB 2; Toronto, 1995). Digitized, lemmatized, and updated by Alexa Bartelmus, 2015-16, for the Munich Open-access Cuneiform Corpus Initiative (MOCCI), a corpus-building initiative funded by LMU Munich and the Alexander von Humboldt Foundation (through the establishment of the Alexander von Humboldt Chair for Ancient History of the Near and Middle East) and based at the Historisches Seminar - Abteilung Alte Geschichte of Ludwig-Maximilians-Universität München. The annotated edition is released under the Creative Commons Attribution Share-Alike license 3.0. Please cite this page as http://oracc.org/ribo/Q006289/.",
			"date_of_origin": "978-943",
			"designation": "Nabû-mukin-apli 1",
			"display_name": "RIBo Nabû-mukin-apli 1",
			"dynastic_seat": "Babylon",
			"exemplars": "Foroughi -; Ligabue -; AO 25214; AO 26246; AO 26249;  AO 26250; AO 26248",
			"genre": "Royal Inscription",
			"id_composite": "Q006289",
			"language": "Akkadian",
			"material": "metal",
			"object_type": "arrow head",
			"period": "Neo-Babylonian",
			"pleiades_id": "191400484",
			"popular_name": "RIMB 2 B.6.1.1",
			"primary_publication": "Nabû-mukin-apli 1",
			"provenience": "Luristan",
			"ruler": "Nabû-mukin-apli",
			"script": "Neo-Babylonian",
			"script_remarks": "inscribed",
			"script_type": "Cuneiform",
			"subgenre": "Nabû-mukin-apli",
			"supergenre": "LIT"
		},
		"geometry": {
			"type": "Point",
			"coordinates": [48.4,33.6]
		}
	}, {
		"type": "Feature",
		"properties": {
			"cdli_id": "P469072",
			"collection": "Private Collection: Unknown, Unknown",
			"credits": "Based on Grant Frame, Rulers of Babylonia: From the Second Dynasty of Isin to the End of Assyrian Domination (1157-612 BC) (RIMB 2; Toronto, 1995). Digitized, lemmatized, and updated by Alexa Bartelmus, 2015-16, for the Munich Open-access Cuneiform Corpus Initiative (MOCCI), a corpus-building initiative funded by LMU Munich and the Alexander von Humboldt Foundation (through the establishment of the Alexander von Humboldt Chair for Ancient History of the Near and Middle East) and based at the Historisches Seminar - Abteilung Alte Geschichte of Ludwig-Maximilians-Universität München. The annotated edition is released under the Creative Commons Attribution Share-Alike license 3.0. Please cite this page as http://oracc.org/ribo/Q006290/.",
			"date_of_origin": "978-943",
			"designation": "Nabû-mukin-apli 2001",
			"display_name": "RIBo Nabû-mukin-apli 2001",
			"dynastic_seat": "Babylon",
			"exemplars": "Unkonwn -",
			"genre": "Royal Inscription",
			"id_composite": "Q006290",
			"language": "Akkadian",
			"material": "metal",
			"object_type": "situla",
			"period": "Neo-Babylonian",
			"pleiades_id": "191400484",
			"popular_name": "RIMB 2 B.6.1.2001",
			"primary_publication": "Nabû-mukin-apli 2001",
			"provenience": "Luristan",
			"ruler": "Nabû-mukin-apli",
			"script": "Neo-Babylonian",
			"script_remarks": "inscribed",
			"script_type": "Cuneiform",
			"subgenre": "Nabû-mukin-apli",
			"supergenre": "LIT"
		},
		"geometry": {
			"type": "Point",
			"coordinates": [48.4,33.6]
		}
	}, {
		"type": "Feature",
		"properties": {
			"cdli_id": "P469073",
			"collection": "Private Collection: Moore, Unknown",
			"credits": "Based on Grant Frame, Rulers of Babylonia: From the Second Dynasty of Isin to the End of Assyrian Domination (1157-612 BC) (RIMB 2; Toronto, 1995). Digitized, lemmatized, and updated by Alexa Bartelmus, 2015-16, for the Munich Open-access Cuneiform Corpus Initiative (MOCCI), a corpus-building initiative funded by LMU Munich and the Alexander von Humboldt Foundation (through the establishment of the Alexander von Humboldt Chair for Ancient History of the Near and Middle East) and based at the Historisches Seminar - Abteilung Alte Geschichte of Ludwig-Maximilians-Universität München. The annotated edition is released under the Creative Commons Attribution Share-Alike license 3.0. Please cite this page as http://oracc.org/ribo/Q006291/.",
			"date_of_origin": "978-943",
			"designation": "Nabû-mukin-apli 2002",
			"display_name": "RIBo Nabû-mukin-apli 2002",
			"dynastic_seat": "Babylon",
			"exemplars": "Moore -",
			"genre": "Royal Inscription",
			"id_composite": "Q006291",
			"language": "Akkadian",
			"material": "metal",
			"object_type": "situla",
			"period": "Neo-Babylonian",
			"pleiades_id": "191400484",
			"popular_name": "RIMB 2 B.6.1.2002",
			"primary_publication": "Nabû-mukin-apli 2002",
			"provenience": "Luristan",
			"ruler": "Nabû-mukin-apli",
			"script": "Neo-Babylonian",
			"script_remarks": "inscribed",
			"script_type": "Cuneiform",
			"subgenre": "Nabû-mukin-apli",
			"supergenre": "LIT"
		},
		"geometry": {
			"type": "Point",
			"coordinates": [48.4,33.6]
		}
	}, {
		"type": "Feature",
		"properties": {
			"cdli_id": "P469074",
			"collection": "Private Collection: Unknown, Unknown; Private Collection: Mazda, Teheran, Iran; Louvre Museum, Paris, France",
			"credits": "Based on Grant Frame, Rulers of Babylonia: From the Second Dynasty of Isin to the End of Assyrian Domination (1157-612 BC) (RIMB 2; Toronto, 1995). Digitized, lemmatized, and updated by Alexa Bartelmus, 2015-16, for the Munich Open-access Cuneiform Corpus Initiative (MOCCI), a corpus-building initiative funded by LMU Munich and the Alexander von Humboldt Foundation (through the establishment of the Alexander von Humboldt Chair for Ancient History of the Near and Middle East) and based at the Historisches Seminar - Abteilung Alte Geschichte of Ludwig-Maximilians-Universität München. The annotated edition is released under the Creative Commons Attribution Share-Alike license 3.0. Please cite this page as http://oracc.org/ribo/Q006292/.",
			"date_of_origin": "978-943",
			"designation": "Nabû-mukin-apli 2003",
			"display_name": "RIBo Nabû-mukin-apli 2003",
			"dynastic_seat": "Babylon",
			"exemplars": "Mazda -; AO 25552; Unkonwn -",
			"genre": "Royal Inscription",
			"id_composite": "Q006292",
			"language": "Akkadian",
			"material": "metal",
			"object_type": "arrow head",
			"period": "Neo-Babylonian",
			"pleiades_id": "191400484",
			"popular_name": "RIMB 2 B.6.1.2003",
			"primary_publication": "Nabû-mukin-apli 2003",
			"provenience": "Luristan",
			"ruler": "Nabû-mukin-apli",
			"script": "Neo-Babylonian",
			"script_remarks": "inscribed",
			"script_type": "Cuneiform",
			"subgenre": "Nabû-mukin-apli",
			"supergenre": "LIT"
		},
		"geometry": {
			"type": "Point",
			"coordinates": [48.4,33.6]
		}
	}, {
		"type": "Feature",
		"properties": {
			"cdli_id": "P469075",
			"collection": "Private Collection: Foroughi, Teheran, Iran",
			"credits": "Based on Grant Frame, Rulers of Babylonia: From the Second Dynasty of Isin to the End of Assyrian Domination (1157-612 BC) (RIMB 2; Toronto, 1995). Digitized, lemmatized, and updated by Alexa Bartelmus, 2015-16, for the Munich Open-access Cuneiform Corpus Initiative (MOCCI), a corpus-building initiative funded by LMU Munich and the Alexander von Humboldt Foundation (through the establishment of the Alexander von Humboldt Chair for Ancient History of the Near and Middle East) and based at the Historisches Seminar - Abteilung Alte Geschichte of Ludwig-Maximilians-Universität München. The annotated edition is released under the Creative Commons Attribution Share-Alike license 3.0. Please cite this page as http://oracc.org/ribo/Q006293/.",
			"date_of_origin": "978-943",
			"designation": "Nabû-mukin-apli 2004",
			"display_name": "RIBo Nabû-mukin-apli 2004",
			"dynastic_seat": "Babylon",
			"exemplars": "Foroughi -",
			"genre": "Royal Inscription",
			"id_composite": "Q006293",
			"language": "Akkadian",
			"material": "metal",
			"object_type": "arrow head",
			"period": "Neo-Babylonian",
			"pleiades_id": "191400484",
			"popular_name": "RIMB 2 B.6.1.2004",
			"primary_publication": "Nabû-mukin-apli 2004",
			"provenience": "Luristan",
			"ruler": "Nabû-mukin-apli",
			"script": "Neo-Babylonian",
			"script_remarks": "inscribed",
			"script_type": "Cuneiform",
			"subgenre": "Nabû-mukin-apli",
			"supergenre": "LIT"
		},
		"geometry": {
			"type": "Point",
			"coordinates": [48.4,33.6]
		}
	}, {
		"type": "Feature",
		"properties": {
			"cdli_id": "P469076",
			"collection": "Private Collection: Bach, Aachen, Germany",
			"credits": "Based on Grant Frame, Rulers of Babylonia: From the Second Dynasty of Isin to the End of Assyrian Domination (1157-612 BC) (RIMB 2; Toronto, 1995). Digitized, lemmatized, and updated by Alexa Bartelmus, 2015-16, for the Munich Open-access Cuneiform Corpus Initiative (MOCCI), a corpus-building initiative funded by LMU Munich and the Alexander von Humboldt Foundation (through the establishment of the Alexander von Humboldt Chair for Ancient History of the Near and Middle East) and based at the Historisches Seminar - Abteilung Alte Geschichte of Ludwig-Maximilians-Universität München. The annotated edition is released under the Creative Commons Attribution Share-Alike license 3.0. Please cite this page as http://oracc.org/ribo/Q006294/.",
			"date_of_origin": "978-943",
			"designation": "Nabû-mukin-apli 2005",
			"display_name": "RIBo Nabû-mukin-apli 2005",
			"dynastic_seat": "Babylon",
			"exemplars": "Bach -",
			"genre": "Royal Inscription",
			"id_composite": "Q006294",
			"language": "Akkadian",
			"material": "metal",
			"object_type": "dagger",
			"period": "Neo-Babylonian",
			"pleiades_id": "191400484",
			"popular_name": "RIMB 2 B.6.1.2005",
			"primary_publication": "Nabû-mukin-apli 2005",
			"provenience": "Luristan",
			"ruler": "Nabû-mukin-apli",
			"script": "Neo-Babylonian",
			"script_remarks": "inscribed",
			"script_type": "Cuneiform",
			"subgenre": "Nabû-mukin-apli",
			"supergenre": "LIT"
		},
		"geometry": {
			"type": "Point",
			"coordinates": [48.4,33.6]
		}
	}, {
		"type": "Feature",
		"properties": {
			"cdli_id": "P469085",
			"collection": "British Museum, London, UK; Yale Babylonian Collection, New Haven, Connecticut, USA",
			"credits": "Based on Grant Frame, Rulers of Babylonia: From the Second Dynasty of Isin to the End of Assyrian Domination (1157-612 BC) (RIMB 2; Toronto, 1995). Digitized, lemmatized, and updated by Alexa Bartelmus, 2015-16, for the Munich Open-access Cuneiform Corpus Initiative (MOCCI), a corpus-building initiative funded by LMU Munich and the Alexander von Humboldt Foundation (through the establishment of the Alexander von Humboldt Chair for Ancient History of the Near and Middle East) and based at the Historisches Seminar - Abteilung Alte Geschichte of Ludwig-Maximilians-Universität München. The annotated edition is released under the Creative Commons Attribution Share-Alike license 3.0. Please cite this page as http://oracc.org/ribo/Q006304/.",
			"date_of_origin": "747-734",
			"designation": "Nabû-naṣir 2001",
			"display_name": "RIBo Nabû-naṣir 2001",
			"dynastic_seat": "Babylon",
			"exemplars": "NBC 02502; YBC 02170; BM 113205 (1915-04-10, 0003)",
			"genre": "Royal Inscription",
			"id_composite": "Q006304",
			"language": "Akkadian",
			"material": "clay",
			"object_type": "cylinder",
			"period": "Neo-Babylonian",
			"pleiades_id": "912986",
			"popular_name": "RIMB 2 B.6.15.2001",
			"primary_publication": "Nabû-naṣir 2001",
			"provenience": "Uruk",
			"ruler": "Nabû-naṣir",
			"script": "Neo-Babylonian",
			"script_remarks": "inscribed",
			"script_type": "Cuneiform",
			"subgenre": "Nabû-naṣir",
			"supergenre": "LIT"
		},
		"geometry": {
			"type": "Point",
			"coordinates": [45.638752,31.32446]
		}
	}, {
		"type": "Feature",
		"properties": {
			"cdli_id": "P469083",
			"credits": "Based on Grant Frame, Rulers of Babylonia: From the Second Dynasty of Isin to the End of Assyrian Domination (1157-612 BC) (RIMB 2; Toronto, 1995). Digitized, lemmatized, and updated by Alexa Bartelmus, 2015-16, for the Munich Open-access Cuneiform Corpus Initiative (MOCCI), a corpus-building initiative funded by LMU Munich and the Alexander von Humboldt Foundation (through the establishment of the Alexander von Humboldt Chair for Ancient History of the Near and Middle East) and based at the Historisches Seminar - Abteilung Alte Geschichte of Ludwig-Maximilians-Universität München. The annotated edition is released under the Creative Commons Attribution Share-Alike license 3.0. Please cite this page as http://oracc.org/ribo/Q006302/.",
			"date_of_origin": "?-748",
			"designation": "Nabû-šuma-iškun 1",
			"display_name": "RIBo Nabû-šuma-iškun 1",
			"dynastic_seat": "Babylon",
			"exemplars": "W 22660/0",
			"genre": "Royal Inscription",
			"id_composite": "Q006302",
			"language": "Akkadian",
			"material": "clay",
			"object_type": "tablet",
			"period": "Neo-Babylonian",
			"pleiades_id": "912986",
			"popular_name": "RIMB 2 B.6.14.1",
			"primary_publication": "Nabû-šuma-iškun 1",
			"provenience": "Uruk",
			"ruler": "Nabû-šuma-iškun",
			"script": "Neo-Babylonian",
			"script_remarks": "inscribed",
			"script_type": "Cuneiform",
			"subgenre": "Nabû-šuma-iškun",
			"supergenre": "LIT"
		},
		"geometry": {
			"type": "Point",
			"coordinates": [45.638752,31.32446]
		}
	}, {
		"type": "Feature",
		"properties": {
			"cdli_id": "P469084",
			"collection": "British Museum, London, UK",
			"credits": "Based on Grant Frame, Rulers of Babylonia: From the Second Dynasty of Isin to the End of Assyrian Domination (1157-612 BC) (RIMB 2; Toronto, 1995). Digitized, lemmatized, and updated by Alexa Bartelmus, 2015-16, for the Munich Open-access Cuneiform Corpus Initiative (MOCCI), a corpus-building initiative funded by LMU Munich and the Alexander von Humboldt Foundation (through the establishment of the Alexander von Humboldt Chair for Ancient History of the Near and Middle East) and based at the Historisches Seminar - Abteilung Alte Geschichte of Ludwig-Maximilians-Universität München. The annotated edition is released under the Creative Commons Attribution Share-Alike license 3.0. Please cite this page as http://oracc.org/ribo/Q006303/.",
			"date_of_origin": "?-748",
			"designation": "Nabû-šuma-iškun 2001",
			"display_name": "RIBo Nabû-šuma-iškun 2001",
			"dynastic_seat": "Babylon",
			"exemplars": "BM 033428 (Rm 3, 105)",
			"genre": "Royal Inscription",
			"id_composite": "Q006303",
			"language": "Akkadian",
			"material": "clay",
			"object_type": "cylinder",
			"period": "Neo-Babylonian",
			"pleiades_id": "893964",
			"popular_name": "RIMB 2 B.6.14.2001",
			"primary_publication": "Nabû-šuma-iškun 2001",
			"provenience": "Borsippa",
			"ruler": "Nabû-šuma-iškun",
			"script_remarks": "inscribed",
			"script_type": "Cuneiform",
			"subgenre": "Nabû-šuma-iškun",
			"supergenre": "LIT"
		},
		"geometry": {
			"type": "Point",
			"coordinates": [44.344757,32.390721]
		}
	}, {
		"type": "Feature",
		"properties": {
			"cdli_id": "P469080",
			"collection": "Metropolitan Museum of Art, New York, New York, USA",
			"credits": "Based on Grant Frame, Rulers of Babylonia: From the Second Dynasty of Isin to the End of Assyrian Domination (1157-612 BC) (RIMB 2; Toronto, 1995). Digitized, lemmatized, and updated by Alexa Bartelmus, 2015-16, for the Munich Open-access Cuneiform Corpus Initiative (MOCCI), a corpus-building initiative funded by LMU Munich and the Alexander von Humboldt Foundation (through the establishment of the Alexander von Humboldt Chair for Ancient History of the Near and Middle East) and based at the Historisches Seminar - Abteilung Alte Geschichte of Ludwig-Maximilians-Universität München. The annotated edition is released under the Creative Commons Attribution Share-Alike license 3.0. Please cite this page as http://oracc.org/ribo/Q006298/.",
			"date_of_origin": "9th century",
			"designation": "Nabû-šumu-lišir 2001",
			"display_name": "RIBo Nabû-šumu-lišir 2001",
			"dynastic_seat": "Babylon",
			"exemplars": "MMA 74.51.4426",
			"genre": "Royal Inscription",
			"id_composite": "Q006298",
			"language": "Akkadian",
			"material": "stone",
			"object_type": "weight",
			"period": "Neo-Babylonian",
			"pleiades_id": "912816",
			"popular_name": "RIMB 2 B.6.10.2001",
			"primary_publication": "Nabû-šumu-lišir 2001",
			"provenience": "Babylonia",
			"ruler": "Nabû-šumu-lišir",
			"script": "Neo-Babylonian",
			"script_remarks": "inscribed",
			"script_type": "Cuneiform",
			"subgenre": "Nabû-šumu-lišir",
			"supergenre": "LIT"
		},
		"geometry": {
			"type": "Point",
			"coordinates": [44.5,32.5]
		}
	}, {
		"type": "Feature",
		"properties": {
			"cdli_id": "P469132",
			"collection": "British Museum, London, UK",
			"credits": "Based on Grant Frame, Rulers of Babylonia: From the Second Dynasty of Isin to the End of Assyrian Domination (1157-612 BC) (RIMB 2; Toronto, 1995). Digitized, lemmatized, and updated by Alexa Bartelmus, 2015-16, for the Munich Open-access Cuneiform Corpus Initiative (MOCCI), a corpus-building initiative funded by LMU Munich and the Alexander von Humboldt Foundation (through the establishment of the Alexander von Humboldt Chair for Ancient History of the Near and Middle East) and based at the Historisches Seminar - Abteilung Alte Geschichte of Ludwig-Maximilians-Universität München. The annotated edition is released under the Creative Commons Attribution Share-Alike license 3.0. Please cite this page as http://oracc.org/ribo/Q006311/.",
			"date_of_origin": "667-648",
			"designation": "Šamaš-šuma-ukin 1",
			"display_name": "RIBo Šamaš-šuma-ukin 1",
			"dynastic_seat": "Babylon",
			"exemplars": "BM 091112 (AH 1882-07-14, 1038)",
			"genre": "Royal Inscription",
			"id_composite": "Q006311",
			"language": "Sumerian, Akkadian",
			"material": "clay",
			"object_type": "cylinder",
			"period": "Neo-Babylonian",
			"pleiades_id": "894089",
			"popular_name": "RIMB 2 B.6.33.1",
			"primary_publication": "Šamaš-šuma-ukin 1",
			"provenience": "Sippar",
			"ruler": "Šamaš-šuma-ukin",
			"script": "Archaizing  Neo-Babylonian",
			"script_remarks": "inscribed",
			"script_type": "Cuneiform",
			"subgenre": "Shamash-shuma-ukin",
			"supergenre": "LIT"
		},
		"geometry": {
			"type": "Point",
			"coordinates": [44.253809,33.059195]
		}
	}, {
		"type": "Feature",
		"properties": {
			"cdli_id": "P469133",
			"collection": "British Museum, London, UK",
			"credits": "Based on Grant Frame, Rulers of Babylonia: From the Second Dynasty of Isin to the End of Assyrian Domination (1157-612 BC) (RIMB 2; Toronto, 1995). Digitized, lemmatized, and updated by Alexa Bartelmus, 2015-16, for the Munich Open-access Cuneiform Corpus Initiative (MOCCI), a corpus-building initiative funded by LMU Munich and the Alexander von Humboldt Foundation (through the establishment of the Alexander von Humboldt Chair for Ancient History of the Near and Middle East) and based at the Historisches Seminar - Abteilung Alte Geschichte of Ludwig-Maximilians-Universität München. The annotated edition is released under the Creative Commons Attribution Share-Alike license 3.0. Please cite this page as http://oracc.org/ribo/Q006312/.",
			"date_of_origin": "667-648",
			"designation": "Šamaš-šuma-ukin 2",
			"display_name": "RIBo Šamaš-šuma-ukin 2",
			"dynastic_seat": "Babylon",
			"exemplars": "BM 090281 (1979-12-20, 0174)",
			"genre": "Royal Inscription",
			"id_composite": "Q006312",
			"language": "Sumerian",
			"material": "clay",
			"object_type": "brick",
			"period": "Neo-Babylonian",
			"pleiades_id": "894089",
			"popular_name": "RIMB 2 B.6.33.2",
			"primary_publication": "Šamaš-šuma-ukin 2",
			"provenience": "Sippar",
			"ruler": "Šamaš-šuma-ukin",
			"script": "Neo-Babylonian",
			"script_remarks": "stamped",
			"script_type": "Cuneiform",
			"subgenre": "Shamash-shuma-ukin",
			"supergenre": "LIT"
		},
		"geometry": {
			"type": "Point",
			"coordinates": [44.253809,33.059195]
		}
	}, {
		"type": "Feature",
		"properties": {
			"cdli_id": "P469138",
			"collection": "Louvre Museum, Paris, France; École Pratique des Hautes Études, IVe Section, Paris, France",
			"credits": "Based on Grant Frame, Rulers of Babylonia: From the Second Dynasty of Isin to the End of Assyrian Domination (1157-612 BC) (RIMB 2; Toronto, 1995). Digitized, lemmatized, and updated by Alexa Bartelmus, 2015-16, for the Munich Open-access Cuneiform Corpus Initiative (MOCCI), a corpus-building initiative funded by LMU Munich and the Alexander von Humboldt Foundation (through the establishment of the Alexander von Humboldt Chair for Ancient History of the Near and Middle East) and based at the Historisches Seminar - Abteilung Alte Geschichte of Ludwig-Maximilians-Universität München. The annotated edition is released under the Creative Commons Attribution Share-Alike license 3.0. Please cite this page as http://oracc.org/ribo/Q006317/.",
			"date_of_origin": "667-648",
			"designation": "Šamaš-šuma-ukin 2001",
			"display_name": "RIBo Šamaš-šuma-ukin 2001",
			"dynastic_seat": "Babylon",
			"exemplars": "AO 06793; HE 144",
			"genre": "Royal Inscription",
			"id_composite": "Q006317",
			"language": "Akkadian",
			"material": "clay",
			"object_type": "tablet",
			"period": "Neo-Babylonian",
			"pleiades_id": "912985",
			"popular_name": "RIMB 2 B.6.33.2001",
			"primary_publication": "Šamaš-šuma-ukin 2001",
			"provenience": "Ur",
			"ruler": "Šamaš-šuma-ukin",
			"script": "Neo-Babylonian",
			"script_remarks": "inscribed",
			"script_type": "Cuneiform",
			"subgenre": "Shamash-shuma-ukin",
			"supergenre": "LIT"
		},
		"geometry": {
			"type": "Point",
			"coordinates": [46.104748,30.961580]
		}
	}, {
		"type": "Feature",
		"properties": {
			"cdli_id": "P469134",
			"collection": "British Museum, London, UK",
			"credits": "Based on Grant Frame, Rulers of Babylonia: From the Second Dynasty of Isin to the End of Assyrian Domination (1157-612 BC) (RIMB 2; Toronto, 1995). Digitized, lemmatized, and updated by Alexa Bartelmus, 2015-16, for the Munich Open-access Cuneiform Corpus Initiative (MOCCI), a corpus-building initiative funded by LMU Munich and the Alexander von Humboldt Foundation (through the establishment of the Alexander von Humboldt Chair for Ancient History of the Near and Middle East) and based at the Historisches Seminar - Abteilung Alte Geschichte of Ludwig-Maximilians-Universität München. The annotated edition is released under the Creative Commons Attribution Share-Alike license 3.0. Please cite this page as http://oracc.org/ribo/Q006313/.",
			"date_of_origin": "667-648",
			"designation": "Šamaš-šuma-ukin 3",
			"display_name": "RIBo Šamaš-šuma-ukin 3",
			"dynastic_seat": "Babylon",
			"exemplars": "BM 090866 (1880-86-17, 0003)",
			"genre": "Royal Inscription",
			"id_composite": "Q006313",
			"language": "Akkadian",
			"material": "stone",
			"object_type": "stele",
			"period": "Neo-Babylonian",
			"pleiades_id": "893964",
			"popular_name": "RIMB 2 B.6.33.3",
			"primary_publication": "Šamaš-šuma-ukin 3",
			"provenience": "Borsippa",
			"ruler": "Šamaš-šuma-ukin",
			"script": "Neo-Babylonian",
			"script_remarks": "stamped",
			"script_type": "Cuneiform",
			"subgenre": "Shamash-shuma-ukin",
			"supergenre": "LIT"
		},
		"geometry": {
			"type": "Point",
			"coordinates": [44.344757,32.390721]
		}
	}, {
		"type": "Feature",
		"properties": {
			"cdli_id": "P469135",
			"collection": "British Museum, London, UK",
			"credits": "Based on Grant Frame, Rulers of Babylonia: From the Second Dynasty of Isin to the End of Assyrian Domination (1157-612 BC) (RIMB 2; Toronto, 1995). Digitized, lemmatized, and updated by Alexa Bartelmus, 2015-16, for the Munich Open-access Cuneiform Corpus Initiative (MOCCI), a corpus-building initiative funded by LMU Munich and the Alexander von Humboldt Foundation (through the establishment of the Alexander von Humboldt Chair for Ancient History of the Near and Middle East) and based at the Historisches Seminar - Abteilung Alte Geschichte of Ludwig-Maximilians-Universität München. The annotated edition is released under the Creative Commons Attribution Share-Alike license 3.0. Please cite this page as http://oracc.org/ribo/Q006314/.",
			"date_of_origin": "667-648",
			"designation": "Šamaš-šuma-ukin 4",
			"display_name": "RIBo Šamaš-šuma-ukin 4",
			"dynastic_seat": "Babylon",
			"exemplars": "BM 091107 (AH 1882-07-14, 1000); BM 082598 (1893-10-14, 0050)",
			"genre": "Royal Inscription",
			"id_composite": "Q006314",
			"language": "Akkadian",
			"material": "clay",
			"object_type": "cylinder",
			"period": "Neo-Babylonian",
			"pleiades_id": "893964",
			"popular_name": "RIMB 2 B.6.33.4",
			"primary_publication": "Šamaš-šuma-ukin 4",
			"provenience": "Borsippa",
			"ruler": "Šamaš-šuma-ukin",
			"script": "Neo-Babylonian",
			"script_remarks": "inscribed",
			"script_type": "Cuneiform",
			"subgenre": "Shamash-shuma-ukin",
			"supergenre": "LIT"
		},
		"geometry": {
			"type": "Point",
			"coordinates": [44.344757,32.390721]
		}
	}, {
		"type": "Feature",
		"properties": {
			"cdli_id": "P469136",
			"collection": "University of Pennsylvania Museum of Archaeology and Anthropology, Philadelphia, Pennsylvania, USA",
			"credits": "Based on Grant Frame, Rulers of Babylonia: From the Second Dynasty of Isin to the End of Assyrian Domination (1157-612 BC) (RIMB 2; Toronto, 1995). Digitized, lemmatized, and updated by Alexa Bartelmus, 2015-16, for the Munich Open-access Cuneiform Corpus Initiative (MOCCI), a corpus-building initiative funded by LMU Munich and the Alexander von Humboldt Foundation (through the establishment of the Alexander von Humboldt Chair for Ancient History of the Near and Middle East) and based at the Historisches Seminar - Abteilung Alte Geschichte of Ludwig-Maximilians-Universität München. The annotated edition is released under the Creative Commons Attribution Share-Alike license 3.0. Please cite this page as http://oracc.org/ribo/Q006315/.",
			"date_of_origin": "667-648",
			"designation": "Šamaš-šuma-ukin 5",
			"display_name": "RIBo Šamaš-šuma-ukin 5",
			"dynastic_seat": "Babylon",
			"exemplars": "CBS 00733 + CBS 01757",
			"genre": "Royal Inscription",
			"id_composite": "Q006315",
			"language": "Akkadian",
			"material": "clay",
			"object_type": "tablet",
			"period": "Neo-Babylonian",
			"pleiades_id": "912816",
			"popular_name": "RIMB 2 B.6.33.5",
			"primary_publication": "Šamaš-šuma-ukin 5",
			"provenience": "Babylonia",
			"ruler": "Šamaš-šuma-ukin",
			"script": "Neo-Babylonian",
			"script_remarks": "inscribed",
			"script_type": "Cuneiform",
			"subgenre": "Shamash-shuma-ukin",
			"supergenre": "LIT"
		},
		"geometry": {
			"type": "Point",
			"coordinates": [44.5,32.5]
		}
	}, {
		"type": "Feature",
		"properties": {
			"cdli_id": "P469137",
			"collection": "British Museum, London, UK",
			"credits": "Based on Grant Frame, Rulers of Babylonia: From the Second Dynasty of Isin to the End of Assyrian Domination (1157-612 BC) (RIMB 2; Toronto, 1995). Digitized, lemmatized, and updated by Alexa Bartelmus, 2015-16, for the Munich Open-access Cuneiform Corpus Initiative (MOCCI), a corpus-building initiative funded by LMU Munich and the Alexander von Humboldt Foundation (through the establishment of the Alexander von Humboldt Chair for Ancient History of the Near and Middle East) and based at the Historisches Seminar - Abteilung Alte Geschichte of Ludwig-Maximilians-Universität München. The annotated edition is released under the Creative Commons Attribution Share-Alike license 3.0. Please cite this page as http://oracc.org/ribo/Q006316/.",
			"date_of_origin": "667-648",
			"designation": "Šamaš-šuma-ukin 6",
			"display_name": "RIBo Šamaš-šuma-ukin 6",
			"dynastic_seat": "Babylon",
			"exemplars": "BM 041650 (1881-06-25, 0266)",
			"genre": "Royal Inscription",
			"id_composite": "Q006316",
			"language": "Akkadian",
			"material": "clay",
			"object_type": "cylinder",
			"period": "Neo-Babylonian",
			"pleiades_id": "912816",
			"popular_name": "RIMB 2 B.6.33.6",
			"primary_publication": "Šamaš-šuma-ukin 6",
			"provenience": "Babylonia",
			"ruler": "Šamaš-šuma-ukin",
			"script": "Neo-Babylonian",
			"script_remarks": "inscribed",
			"script_type": "Cuneiform",
			"subgenre": "Shamash-shuma-ukin",
			"supergenre": "LIT"
		},
		"geometry": {
			"type": "Point",
			"coordinates": [44.5,32.5]
		}
	}, {
		"type": "Feature",
		"properties": {
			"cdli_id": "P469089",
			"credits": "Based on Grant Frame, Rulers of Babylonia: From the Second Dynasty of Isin to the End of Assyrian Domination (1157-612 BC) (RIMB 2; Toronto, 1995). Digitized, lemmatized, and updated by Alexa Bartelmus, 2015-16, for the Munich Open-access Cuneiform Corpus Initiative (MOCCI), a corpus-building initiative funded by LMU Munich and the Alexander von Humboldt Foundation (through the establishment of the Alexander von Humboldt Chair for Ancient History of the Near and Middle East) and based at the Historisches Seminar - Abteilung Alte Geschichte of Ludwig-Maximilians-Universität München. The annotated edition is released under the Creative Commons Attribution Share-Alike license 3.0. Please cite this page as http://oracc.org/ribo/Q006323/.",
			"date_of_origin": "709-705",
			"designation": "Sargon II Babylonian 1",
			"display_name": "RIBo Sargon II Bab. 1",
			"dynastic_seat": "Assyria",
			"exemplars": "Ist EȘEM -; Ash 1924.640; Ash 1932.652; Ash 1932.977; BM 090599 + BM 090629 (1881-07-01, 3406); BE 30680; BE 30681; BE 30682; BE 30683; BE 30684; BE 30698; BE 30700; BE 30706; BE 30707; YBC 13510 (BE 30708); BE 30709; BE 30710; BE 31080; BE 32062",
			"genre": "Royal Inscription",
			"id_composite": "Q006323",
			"language": "Akkadian",
			"material": "clay",
			"object_type": "brick",
			"period": "Neo-Assyrian",
			"pleiades_id": "893951",
			"popular_name": "RIMB 2 B.6.22.1",
			"primary_publication": "Sargon II Babylonian 1",
			"provenience": "Babylon",
			"ruler": "Sargon II",
			"script": "Neo-Babylonian",
			"script_remarks": "inscribed",
			"script_type": "Cuneiform",
			"subgenre": "Sargon II",
			"supergenre": "LIT"
		},
		"geometry": {
			"type": "Point",
			"coordinates": [44.422236,32.543395]
		}
	}, {
		"type": "Feature",
		"properties": {
			"cdli_id": "P469090",
			"collection": "Arkeoloji Müzerleri, Istanbul, Turkey",
			"credits": "Based on Grant Frame, Rulers of Babylonia: From the Second Dynasty of Isin to the End of Assyrian Domination (1157-612 BC) (RIMB 2; Toronto, 1995). Digitized, lemmatized, and updated by Alexa Bartelmus, 2015-16, for the Munich Open-access Cuneiform Corpus Initiative (MOCCI), a corpus-building initiative funded by LMU Munich and the Alexander von Humboldt Foundation (through the establishment of the Alexander von Humboldt Chair for Ancient History of the Near and Middle East) and based at the Historisches Seminar - Abteilung Alte Geschichte of Ludwig-Maximilians-Universität München. The annotated edition is released under the Creative Commons Attribution Share-Alike license 3.0. Please cite this page as http://oracc.org/ribo/Q006324/.",
			"date_of_origin": "709-705",
			"designation": "Sargon II Babylonian 2",
			"display_name": "RIBo Sargon II Bab. 2",
			"dynastic_seat": "Assyria",
			"exemplars": "BE 38583; BE 41861; BE 42335 + BE 42417; Ist EȘEM - (BE 58377)",
			"genre": "Royal Inscription",
			"id_composite": "Q006324",
			"language": "Sumerian",
			"material": "clay",
			"object_type": "brick",
			"period": "Neo-Assyrian",
			"pleiades_id": "893951",
			"popular_name": "RIMB 2 B.6.22.2",
			"primary_publication": "Sargon II Babylonian 2",
			"provenience": "Babylon",
			"ruler": "Sargon II",
			"script": "Neo-Babylonian",
			"script_remarks": "inscribed",
			"script_type": "Cuneiform",
			"subgenre": "Sargon II",
			"supergenre": "LIT"
		},
		"geometry": {
			"type": "Point",
			"coordinates": [44.422236,32.543395]
		}
	}, {
		"type": "Feature",
		"properties": {
			"cdli_id": "P469091",
			"collection": "Yale Babylonian Collection, New Haven, Connecticut, USA",
			"credits": "Based on Grant Frame, Rulers of Babylonia: From the Second Dynasty of Isin to the End of Assyrian Domination (1157-612 BC) (RIMB 2; Toronto, 1995). Digitized, lemmatized, and updated by Alexa Bartelmus, 2015-16, for the Munich Open-access Cuneiform Corpus Initiative (MOCCI), a corpus-building initiative funded by LMU Munich and the Alexander von Humboldt Foundation (through the establishment of the Alexander von Humboldt Chair for Ancient History of the Near and Middle East) and based at the Historisches Seminar - Abteilung Alte Geschichte of Ludwig-Maximilians-Universität München. The annotated edition is released under the Creative Commons Attribution Share-Alike license 3.0. Please cite this page as http://oracc.org/ribo/Q006325/.",
			"date_of_origin": "709-705",
			"designation": "Sargon II Babylonian 3",
			"display_name": "RIBo Sargon II Bab. 3",
			"dynastic_seat": "Assyria",
			"exemplars": "YBC 02181",
			"genre": "Royal Inscription",
			"id_composite": "Q006325",
			"language": "Akkadian",
			"material": "clay",
			"object_type": "cylinder",
			"period": "Neo-Assyrian",
			"pleiades_id": "912986",
			"popular_name": "RIMB 2 B.6.22.3",
			"primary_publication": "Sargon II Babylonian 3",
			"provenience": "Uruk",
			"ruler": "Sargon II",
			"script": "Neo-Babylonian",
			"script_remarks": "inscribed",
			"script_type": "Cuneiform",
			"subgenre": "Sargon II",
			"supergenre": "LIT"
		},
		"geometry": {
			"type": "Point",
			"coordinates": [45.638752,31.32446]
		}
	}, {
		"type": "Feature",
		"properties": {
			"cdli_id": "P469092",
			"collection": "Vorderasiatisches Museum, Berlin, Germany",
			"credits": "Based on Grant Frame, Rulers of Babylonia: From the Second Dynasty of Isin to the End of Assyrian Domination (1157-612 BC) (RIMB 2; Toronto, 1995). Digitized, lemmatized, and updated by Alexa Bartelmus, 2015-16, for the Munich Open-access Cuneiform Corpus Initiative (MOCCI), a corpus-building initiative funded by LMU Munich and the Alexander von Humboldt Foundation (through the establishment of the Alexander von Humboldt Chair for Ancient History of the Near and Middle East) and based at the Historisches Seminar - Abteilung Alte Geschichte of Ludwig-Maximilians-Universität München. The annotated edition is released under the Creative Commons Attribution Share-Alike license 3.0. Please cite this page as http://oracc.org/ribo/Q006326/.",
			"date_of_origin": "709-705",
			"designation": "Sargon II Babylonian 4",
			"display_name": "RIBo Sargon II Bab. 4",
			"dynastic_seat": "Assyria",
			"exemplars": "VA 14664m (W 01635a); W 01831a; VA 14664a (W 01831b); W 02589; VA 14664b (W 02703); W 02704; VA 14664c (W 02705); VA 14664d (W 03200a); VA 14664e (W 05753); VA 14664f (W 06420a); VA 14664g (W 06420b/c); VA 14664h (W 13393); VA 14664i; VA 14664k; VA 14664l",
			"genre": "Royal Inscription",
			"id_composite": "Q006326",
			"language": "Akkadian",
			"material": "clay",
			"object_type": "brick",
			"period": "Neo-Assyrian",
			"pleiades_id": "912986",
			"popular_name": "RIMB 2 B.6.22.4",
			"primary_publication": "Sargon II Babylonian 4",
			"provenience": "Uruk",
			"ruler": "Sargon II",
			"script": "Neo-Babylonian",
			"script_remarks": "stamped",
			"script_type": "Cuneiform",
			"subgenre": "Sargon II",
			"supergenre": "LIT"
		},
		"geometry": {
			"type": "Point",
			"coordinates": [45.638752,31.32446]
		}
	}, {
		"type": "Feature",
		"properties": {
			"cdli_id": "P469093",
			"collection": "Vorderasiatisches Museum, Berlin, Germany; Arkeoloji Müzerleri, Istanbul, Turkey",
			"credits": "Based on Grant Frame, Rulers of Babylonia: From the Second Dynasty of Isin to the End of Assyrian Domination (1157-612 BC) (RIMB 2; Toronto, 1995). Digitized, lemmatized, and updated by Alexa Bartelmus, 2015-16, for the Munich Open-access Cuneiform Corpus Initiative (MOCCI), a corpus-building initiative funded by LMU Munich and the Alexander von Humboldt Foundation (through the establishment of the Alexander von Humboldt Chair for Ancient History of the Near and Middle East) and based at the Historisches Seminar - Abteilung Alte Geschichte of Ludwig-Maximilians-Universität München. The annotated edition is released under the Creative Commons Attribution Share-Alike license 3.0. Please cite this page as http://oracc.org/ribo/Q006327/.",
			"date_of_origin": "709-705",
			"designation": "Sargon II Babylonian 5",
			"display_name": "RIBo Sargon II Bab. 5",
			"dynastic_seat": "Assyria",
			"exemplars": "Ist EȘEM - (W 00002); VA 14664m (W 01635a); VA 14663a (W 01635c); VA 14663b (W 01635d); W 01635e; VA 14663c (W 04663); VA 14663d (W 11747); VA 14663e (W 13182)",
			"genre": "Royal Inscription",
			"id_composite": "Q006327",
			"language": "Sumerian",
			"material": "clay",
			"object_type": "brick",
			"period": "Neo-Assyrian",
			"pleiades_id": "912986",
			"popular_name": "RIMB 2 B.6.22.5",
			"primary_publication": "Sargon II Babylonian 5",
			"provenience": "Uruk",
			"ruler": "Sargon II",
			"script": "Neo-Babylonian",
			"script_remarks": "stamped",
			"script_type": "Cuneiform",
			"subgenre": "Sargon II",
			"supergenre": "LIT"
		},
		"geometry": {
			"type": "Point",
			"coordinates": [45.638752,31.32446]
		}
	}, {
		"type": "Feature",
		"properties": {
			"cdli_id": "P469094",
			"collection": "Vorderasiatisches Museum, Berlin, Germany",
			"credits": "Based on Grant Frame, Rulers of Babylonia: From the Second Dynasty of Isin to the End of Assyrian Domination (1157-612 BC) (RIMB 2; Toronto, 1995). Digitized, lemmatized, and updated by Alexa Bartelmus, 2015-16, for the Munich Open-access Cuneiform Corpus Initiative (MOCCI), a corpus-building initiative funded by LMU Munich and the Alexander von Humboldt Foundation (through the establishment of the Alexander von Humboldt Chair for Ancient History of the Near and Middle East) and based at the Historisches Seminar - Abteilung Alte Geschichte of Ludwig-Maximilians-Universität München. The annotated edition is released under the Creative Commons Attribution Share-Alike license 3.0. Please cite this page as http://oracc.org/ribo/Q006328/.",
			"date_of_origin": "709-705",
			"designation": "Sargon II Babylonian 6",
			"display_name": "RIBo Sargon II Bab. 6",
			"dynastic_seat": "Assyria",
			"exemplars": "VA 14663f (W 05452); VA 14663g",
			"genre": "Royal Inscription",
			"id_composite": "Q006328",
			"language": "Sumerian",
			"material": "clay",
			"object_type": "brick",
			"period": "Neo-Assyrian",
			"pleiades_id": "912986",
			"popular_name": "RIMB 2 B.6.22.6",
			"primary_publication": "Sargon II Babylonian 6",
			"provenience": "Uruk",
			"ruler": "Sargon II",
			"script": "Neo-Babylonian",
			"script_remarks": "stamped",
			"script_type": "Cuneiform",
			"subgenre": "Sargon II",
			"supergenre": "LIT"
		},
		"geometry": {
			"type": "Point",
			"coordinates": [45.638752,31.32446]
		}
	}, {
		"type": "Feature",
		"properties": {
			"cdli_id": "P467246",
			"credits": "Created by A. Kirk Grayson, Jamie Novotny, and the Royal Inscriptions of the Neo-Assyrian Period (RINAP) Project, 2014. Lemmatized by Jamie Novotny, 2013. The annotated edition is released under the Creative Commons Attribution Share-Alike license 3.0. Please cite this page as http://oracc.org/ribo/Q004037/.",
			"date_of_origin": "704-703, 688-681",
			"designation": "Sennacherib 232",
			"display_name": "RINAP 3 232",
			"dynastic_seat": "Assyria",
			"genre": "Royal Inscription",
			"id_composite": "Q004037",
			"language": "Akkadian",
			"material": "stone",
			"object_type": "paving stone",
			"period": "Neo-Assyrian",
			"pleiades_id": "893951",
			"popular_name": "Koldewey, Pflastersteine pl. 4 v / Frame, RIMB 2 p. 154 B.6.23.1",
			"primary_publication": "Sennacherib 232",
			"provenience": "Babylon",
			"ruler": "Sennacherib",
			"script": "Neo-Assyrian",
			"script_remarks": "inscribed",
			"script_type": "Cuneiform",
			"subgenre": "Sennacherib",
			"supergenre": "LIT"
		},
		"geometry": {
			"type": "Point",
			"coordinates": [44.422236,32.543395]
		}
	}, {
		"type": "Feature",
		"properties": {
			"cdli_id": "P467247",
			"collection": "British Museum, London, UK",
			"credits": "Created by A. Kirk Grayson, Jamie Novotny, and the Royal Inscriptions of the Neo-Assyrian Period (RINAP) Project, 2014. Lemmatized by Jamie Novotny, 2013. The annotated edition is released under the Creative Commons Attribution Share-Alike license 3.0. Please cite this page as http://oracc.org/ribo/Q004038/.",
			"date_of_origin": "683-681",
			"designation": "Sennacherib 233",
			"display_name": "RINAP 3 233",
			"dynastic_seat": "Assyria",
			"exemplars": "BM 091678 (AH 1882-07-14, 4464 + 1882-09-18, -)",
			"genre": "Royal Inscription",
			"id_composite": "Q004038",
			"language": "Akkadian",
			"material": "stone",
			"object_type": "lion-head finial",
			"period": "Neo-Assyrian",
			"pleiades_id": "894089",
			"popular_name": "BM 091678",
			"primary_publication": "Sennacherib 233",
			"provenience": "Sippar",
			"ruler": "Sennacherib",
			"script": "Neo-Assyrian",
			"script_remarks": "inscribed",
			"script_type": "Cuneiform",
			"subgenre": "Sennacherib",
			"supergenre": "LIT"
		},
		"geometry": {
			"type": "Point",
			"coordinates": [44.253809,33.059195]
		}
	}, {
		"type": "Feature",
		"properties": {
			"cdli_id": "P469144",
			"collection": "Private Collection: Ball, Unknown, UK",
			"credits": "Based on Grant Frame, Rulers of Babylonia: From the Second Dynasty of Isin to the End of Assyrian Domination (1157-612 BC) (RIMB 2; Toronto, 1995). Digitized, lemmatized, and updated by Alexa Bartelmus, 2015-16, for the Munich Open-access Cuneiform Corpus Initiative (MOCCI), a corpus-building initiative funded by LMU Munich and the Alexander von Humboldt Foundation (through the establishment of the Alexander von Humboldt Chair for Ancient History of the Near and Middle East) and based at the Historisches Seminar - Abteilung Alte Geschichte of Ludwig-Maximilians-Universität München. The annotated edition is released under the Creative Commons Attribution Share-Alike license 3.0. Please cite this page as http://oracc.org/ribo/Q006318/.",
			"date_of_origin": "10th-7th centuries",
			"designation": "Unidentified Neo-Babylonian Ruler 2001",
			"display_name": "RIBo Babylon6 Unidentified 2001",
			"dynastic_seat": "Babylon",
			"exemplars": "Ball -",
			"genre": "Royal Inscription",
			"id_composite": "Q006318",
			"language": "Akkadian",
			"material": "stone",
			"object_type": "mace head",
			"period": "Neo-Babylonian",
			"pleiades_id": "912816",
			"popular_name": "RIMB 2 B.6.0.2001",
			"primary_publication": "Unidentified Neo-Babylonian Ruler 2001",
			"provenience": "Babylonia",
			"ruler": "uncertain",
			"script": "Neo-Babylonian",
			"script_remarks": "inscribed",
			"script_type": "Cuneiform",
			"subgenre": "Unidentified Neo-Babylonian Ruler",
			"supergenre": "LIT"
		},
		"geometry": {
			"type": "Point",
			"coordinates": [44.5,32.5]
		}
	}, {
		"type": "Feature",
		"properties": {
			"cdli_id": "P469145",
			"collection": "Iran Bastan Museum, Teheran, Iran",
			"credits": "Based on Grant Frame, Rulers of Babylonia: From the Second Dynasty of Isin to the End of Assyrian Domination (1157-612 BC) (RIMB 2; Toronto, 1995). Digitized, lemmatized, and updated by Alexa Bartelmus, 2015-16, for the Munich Open-access Cuneiform Corpus Initiative (MOCCI), a corpus-building initiative funded by LMU Munich and the Alexander von Humboldt Foundation (through the establishment of the Alexander von Humboldt Chair for Ancient History of the Near and Middle East) and based at the Historisches Seminar - Abteilung Alte Geschichte of Ludwig-Maximilians-Universität München. The annotated edition is released under the Creative Commons Attribution Share-Alike license 3.0. Please cite this page as http://oracc.org/ribo/Q006319/.",
			"date_of_origin": "10th-7th centuries",
			"designation": "Unidentified Neo-Babylonian Ruler 2002",
			"display_name": "RIBo Babylon6 Unidentified 2002",
			"dynastic_seat": "Babylon",
			"exemplars": "7409-1409",
			"genre": "Royal Inscription",
			"id_composite": "Q006319",
			"language": "Akkadian",
			"material": "metal",
			"object_type": "situla",
			"period": "Neo-Babylonian",
			"pleiades_id": "191400484",
			"popular_name": "RIMB 2 B.6.0.2002",
			"primary_publication": "Unidentified Neo-Babylonian Ruler 2002",
			"provenience": "Luristan",
			"ruler": "uncertain",
			"script": "Neo-Babylonian",
			"script_remarks": "inscribed",
			"script_type": "Cuneiform",
			"subgenre": "Unidentified Neo-Babylonian Ruler",
			"supergenre": "LIT"
		},
		"geometry": {
			"type": "Point",
			"coordinates": [48.4,33.6]
		}
	}, {
		"type": "Feature",
		"properties": {
			"cdli_id": "P469146",
			"collection": "Louvre Museum, Paris, France",
			"credits": "Based on Grant Frame, Rulers of Babylonia: From the Second Dynasty of Isin to the End of Assyrian Domination (1157-612 BC) (RIMB 2; Toronto, 1995). Digitized, lemmatized, and updated by Alexa Bartelmus, 2015-16, for the Munich Open-access Cuneiform Corpus Initiative (MOCCI), a corpus-building initiative funded by LMU Munich and the Alexander von Humboldt Foundation (through the establishment of the Alexander von Humboldt Chair for Ancient History of the Near and Middle East) and based at the Historisches Seminar - Abteilung Alte Geschichte of Ludwig-Maximilians-Universität München. The annotated edition is released under the Creative Commons Attribution Share-Alike license 3.0. Please cite this page as http://oracc.org/ribo/Q006320/.",
			"date_of_origin": "10th-7th centuries",
			"designation": "Unidentified Neo-Babylonian Ruler 2003",
			"display_name": "RIBo Babylon6 Unidentified 2003",
			"dynastic_seat": "Babylon",
			"exemplars": "AO 25000",
			"genre": "Royal Inscription",
			"id_composite": "Q006320",
			"language": "Akkadian",
			"material": "metal",
			"object_type": "situla",
			"period": "Neo-Babylonian",
			"pleiades_id": "191400484",
			"popular_name": "RIMB 2 B.6.0.2003",
			"primary_publication": "Unidentified Neo-Babylonian Ruler 2003",
			"provenience": "Luristan",
			"ruler": "uncertain",
			"script": "Neo-Babylonian",
			"script_remarks": "inscribed",
			"script_type": "Cuneiform",
			"subgenre": "Unidentified Neo-Babylonian Ruler",
			"supergenre": "LIT"
		},
		"geometry": {
			"type": "Point",
			"coordinates": [48.4,33.6]
		}
	}, {
		"type": "Feature",
		"properties": {
			"cdli_id": "P469147",
			"collection": "Private Collection: Foroughi, Teheran, Iran",
			"credits": "Based on Grant Frame, Rulers of Babylonia: From the Second Dynasty of Isin to the End of Assyrian Domination (1157-612 BC) (RIMB 2; Toronto, 1995). Digitized, lemmatized, and updated by Alexa Bartelmus, 2015-16, for the Munich Open-access Cuneiform Corpus Initiative (MOCCI), a corpus-building initiative funded by LMU Munich and the Alexander von Humboldt Foundation (through the establishment of the Alexander von Humboldt Chair for Ancient History of the Near and Middle East) and based at the Historisches Seminar - Abteilung Alte Geschichte of Ludwig-Maximilians-Universität München. The annotated edition is released under the Creative Commons Attribution Share-Alike license 3.0. Please cite this page as http://oracc.org/ribo/Q006321/.",
			"date_of_origin": "10th-7th centuries",
			"designation": "Unidentified Neo-Babylonian Ruler 2004",
			"display_name": "RIBo Babylon6 Unidentified 2004",
			"dynastic_seat": "Babylon",
			"exemplars": "Foroughi -",
			"genre": "Royal Inscription",
			"id_composite": "Q006321",
			"language": "Akkadian",
			"material": "metal",
			"object_type": "situla",
			"period": "Neo-Babylonian",
			"pleiades_id": "191400484",
			"popular_name": "RIMB 2 B.6.0.2004",
			"primary_publication": "Unidentified Neo-Babylonian Ruler 2004",
			"provenience": "Luristan",
			"ruler": "uncertain",
			"script": "Neo-Babylonian",
			"script_remarks": "inscribed",
			"script_type": "Cuneiform",
			"subgenre": "Unidentified Neo-Babylonian Ruler",
			"supergenre": "LIT"
		},
		"geometry": {
			"type": "Point",
			"coordinates": [48.4,33.6]
		}
	}, {
		"type": "Feature",
		"properties": {
			"cdli_id": "P469148",
			"collection": "Private Collection: Foroughi, Teheran, Iran",
			"credits": "Based on Grant Frame, Rulers of Babylonia: From the Second Dynasty of Isin to the End of Assyrian Domination (1157-612 BC) (RIMB 2; Toronto, 1995). Digitized, lemmatized, and updated by Alexa Bartelmus, 2015-16, for the Munich Open-access Cuneiform Corpus Initiative (MOCCI), a corpus-building initiative funded by LMU Munich and the Alexander von Humboldt Foundation (through the establishment of the Alexander von Humboldt Chair for Ancient History of the Near and Middle East) and based at the Historisches Seminar - Abteilung Alte Geschichte of Ludwig-Maximilians-Universität München. The annotated edition is released under the Creative Commons Attribution Share-Alike license 3.0. Please cite this page as http://oracc.org/ribo/Q006322/.",
			"date_of_origin": "10th-7th centuries",
			"designation": "Unidentified Neo-Babylonian Ruler 2005",
			"display_name": "RIBo Babylon6 Unidentified 2005",
			"dynastic_seat": "Babylon",
			"exemplars": "Foroughi -",
			"genre": "Royal Inscription",
			"id_composite": "Q006322",
			"language": "Akkadian",
			"material": "metal",
			"object_type": "mace head",
			"period": "Neo-Babylonian",
			"pleiades_id": "191400484",
			"popular_name": "RIMB 2 B.6.0.2005",
			"primary_publication": "Unidentified Neo-Babylonian Ruler 2005",
			"provenience": "Luristan",
			"ruler": "uncertain",
			"script": "Neo-Babylonian",
			"script_remarks": "inscribed",
			"script_type": "Cuneiform",
			"subgenre": "Unidentified Neo-Babylonian Ruler",
			"supergenre": "LIT"
		},
		"geometry": {
			"type": "Point",
			"coordinates": [48.4,33.6]
		}
	}]
}
