{
	"type": "FeatureCollection",
	"features": [{
		"type": "Feature",
		"properties": {
			"project": "ctn6",
			"id_text": "P517170",
			"primary_publication": "CTN 6 001",
			"museum_no": "IM 067586",
			"provenience": "Nimrud (Kalhu)",
			"excavation_no": "ND 05428",
			"archive": "014 - Nabû Temple",
			"atae_attribution": "Adapted from S. Herbordt, R. Mattila, B. Parker, J.N. Postgate, and D.J. Wiseman, Documents from the Nabu Temple and from Private Houses on the Citadel (Cuneiform Texts from Nimrud 6), London, 2019, by Jamie Novotny and Poppy Tushingham (2021) for the Munich Open-access Cuneiform Corpus Initiative (MOCCI), which is funded by LMU Munich and the Alexander von Humboldt Foundation at the Historisches Seminar - Abteilung Alte Geschichte of Ludwig-Maximilians-Universität München. The text was lemmatized by Mikko Luukko. The annotated edition is released under the Creative Commons Attribution Share-Alike license 3.0.",
			"cite_as": "Please cite this page as http://oracc.org/atae/P517170/.",
			"collection": "National Museum of Iraq, Baghdad, Iraq",
			"composite_witness": "witness",
			"credits": "Adapted from S. Herbordt, R. Mattila, B. Parker, J.N. Postgate, and D.J. Wiseman, Documents from the Nabu Temple and from Private Houses on the Citadel (Cuneiform Texts from Nimrud 6), London, 2019, by Jamie Novotny and Poppy Tushingham (2021) for the Munich Open-access Cuneiform Corpus Initiative (MOCCI), which is funded by LMU Munich and the Alexander von Humboldt Foundation at the Historisches Seminar - Abteilung Alte Geschichte of Ludwig-Maximilians-Universität München. The text was lemmatized by Mikko Luukko. The annotated edition is released under the Creative Commons Attribution Share-Alike license 3.0.  Please cite this page as http://oracc.org/atae/P517170/.",
			"date_of_origin": "00.000.00.00",
			"designation": "CTN 6 001",
			"dialect": "Neo-Assyrian",
			"display_name": "CTN 6, 001",
			"genre": "Legal",
			"language": "Akkadian",
			"last_mod_by": "Tushingham",
			"last_modified": "02.11.2021",
			"list_name": "atae/ctn6:P517170",
			"material": "clay",
			"object_type": "tablet",
			"period": "Neo-Assyrian",
			"pleiades_id": "894019",
			"script": "Neo-Assyrian",
			"script_remarks": "inscribed",
			"script_type": "Cuneiform",
			"ch_no": "01",
			"ch_name": "Tablets from the Nabû Temple",
			"ch_num_name": "01 (Tablets from the Nabû Temple)"
		},
		"geometry": {
			"type": "Point",
			"coordinates": [43.3275,36.099167]
		}
	}, {
		"type": "Feature",
		"properties": {
			"project": "ctn6",
			"id_text": "P517168",
			"primary_publication": "CTN 6 002",
			"museum_no": "IM 059899",
			"provenience": "Nimrud (Kalhu)",
			"excavation_no": "ND 05420",
			"archive": "014 - Nabû Temple",
			"atae_attribution": "Adapted from S. Herbordt, R. Mattila, B. Parker, J.N. Postgate, and D.J. Wiseman, Documents from the Nabu Temple and from Private Houses on the Citadel (Cuneiform Texts from Nimrud 6), London, 2019, by Jamie Novotny and Poppy Tushingham (2021) for the Munich Open-access Cuneiform Corpus Initiative (MOCCI), which is funded by LMU Munich and the Alexander von Humboldt Foundation at the Historisches Seminar - Abteilung Alte Geschichte of Ludwig-Maximilians-Universität München. The text was lemmatized by Mikko Luukko. The annotated edition is released under the Creative Commons Attribution Share-Alike license 3.0.",
			"cite_as": "Please cite this page as http://oracc.org/atae/P517168/.",
			"collection": "National Museum of Iraq, Baghdad, Iraq",
			"composite_witness": "witness",
			"credits": "Adapted from S. Herbordt, R. Mattila, B. Parker, J.N. Postgate, and D.J. Wiseman, Documents from the Nabu Temple and from Private Houses on the Citadel (Cuneiform Texts from Nimrud 6), London, 2019, by Jamie Novotny and Poppy Tushingham (2021) for the Munich Open-access Cuneiform Corpus Initiative (MOCCI), which is funded by LMU Munich and the Alexander von Humboldt Foundation at the Historisches Seminar - Abteilung Alte Geschichte of Ludwig-Maximilians-Universität München. The text was lemmatized by Mikko Luukko. The annotated edition is released under the Creative Commons Attribution Share-Alike license 3.0.  Please cite this page as http://oracc.org/atae/P517168/.",
			"date_of_origin": "00.000.00.00",
			"designation": "CTN 6 002",
			"dialect": "Neo-Assyrian",
			"display_name": "CTN 6, 002",
			"genre": "Legal",
			"language": "Akkadian",
			"last_mod_by": "Tushingham",
			"last_modified": "02.11.2021",
			"list_name": "atae/ctn6:P517168",
			"material": "clay",
			"object_type": "tablet",
			"period": "Neo-Assyrian",
			"pleiades_id": "894019",
			"script": "Neo-Assyrian",
			"script_remarks": "inscribed",
			"script_type": "Cuneiform",
			"ch_no": "01",
			"ch_name": "Tablets from the Nabû Temple",
			"ch_num_name": "01 (Tablets from the Nabû Temple)"
		},
		"geometry": {
			"type": "Point",
			"coordinates": [43.3275,36.099167]
		}
	}, {
		"type": "Feature",
		"properties": {
			"project": "ctn6",
			"id_text": "P336733",
			"primary_publication": "CTN 6 003",
			"museum_no": "IM 067588",
			"provenience": "Nimrud (Kalhu)",
			"excavation_no": "ND 05463",
			"archive": "014 - Nabû Temple",
			"atae_attribution": "Adapted from S. Herbordt, R. Mattila, B. Parker, J.N. Postgate, and D.J. Wiseman, Documents from the Nabu Temple and from Private Houses on the Citadel (Cuneiform Texts from Nimrud 6), London, 2019, by Jamie Novotny and Poppy Tushingham (2021) for the Munich Open-access Cuneiform Corpus Initiative (MOCCI), which is funded by LMU Munich and the Alexander von Humboldt Foundation at the Historisches Seminar - Abteilung Alte Geschichte of Ludwig-Maximilians-Universität München. The text was lemmatized by Mikko Luukko. The annotated edition is released under the Creative Commons Attribution Share-Alike license 3.0.",
			"cite_as": "Please cite this page as http://oracc.org/atae/P336733/.",
			"collection": "National Museum of Iraq, Baghdad, Iraq",
			"composite_witness": "witness",
			"credits": "Adapted from S. Herbordt, R. Mattila, B. Parker, J.N. Postgate, and D.J. Wiseman, Documents from the Nabu Temple and from Private Houses on the Citadel (Cuneiform Texts from Nimrud 6), London, 2019, by Jamie Novotny and Poppy Tushingham (2021) for the Munich Open-access Cuneiform Corpus Initiative (MOCCI), which is funded by LMU Munich and the Alexander von Humboldt Foundation at the Historisches Seminar - Abteilung Alte Geschichte of Ludwig-Maximilians-Universität München. The text was lemmatized by Mikko Luukko. The annotated edition is released under the Creative Commons Attribution Share-Alike license 3.0.  Please cite this page as http://oracc.org/atae/P336733/.",
			"date_of_origin": "00.000.00.00",
			"designation": "CTN 6 003",
			"dialect": "Neo-Assyrian",
			"display_name": "CTN 6, 003",
			"genre": "Uncertain",
			"language": "Akkadian",
			"last_mod_by": "Tushingham",
			"last_modified": "02.11.2021",
			"list_name": "atae/ctn6:P336733",
			"material": "clay",
			"object_type": "tablet",
			"period": "Neo-Assyrian",
			"pleiades_id": "894019",
			"script": "Neo-Assyrian",
			"script_remarks": "inscribed",
			"script_type": "Cuneiform",
			"ch_no": "01",
			"ch_name": "Tablets from the Nabû Temple",
			"ch_num_name": "01 (Tablets from the Nabû Temple)"
		},
		"geometry": {
			"type": "Point",
			"coordinates": [43.3275,36.099167]
		}
	}, {
		"type": "Feature",
		"properties": {
			"project": "ctn6",
			"id_text": "P336734",
			"primary_publication": "CTN 6 004",
			"museum_no": "IM 067615",
			"provenience": "Nimrud (Kalhu)",
			"excavation_no": "ND 05550",
			"archive": "014 - Nabû Temple",
			"atae_attribution": "Adapted from S. Herbordt, R. Mattila, B. Parker, J.N. Postgate, and D.J. Wiseman, Documents from the Nabu Temple and from Private Houses on the Citadel (Cuneiform Texts from Nimrud 6), London, 2019, by Jamie Novotny and Poppy Tushingham (2021) for the Munich Open-access Cuneiform Corpus Initiative (MOCCI), which is funded by LMU Munich and the Alexander von Humboldt Foundation at the Historisches Seminar - Abteilung Alte Geschichte of Ludwig-Maximilians-Universität München. The text was lemmatized by Mikko Luukko. The annotated edition is released under the Creative Commons Attribution Share-Alike license 3.0.",
			"cite_as": "Please cite this page as http://oracc.org/atae/P336734/.",
			"collection": "National Museum of Iraq, Baghdad, Iraq",
			"composite_witness": "witness",
			"credits": "Adapted from S. Herbordt, R. Mattila, B. Parker, J.N. Postgate, and D.J. Wiseman, Documents from the Nabu Temple and from Private Houses on the Citadel (Cuneiform Texts from Nimrud 6), London, 2019, by Jamie Novotny and Poppy Tushingham (2021) for the Munich Open-access Cuneiform Corpus Initiative (MOCCI), which is funded by LMU Munich and the Alexander von Humboldt Foundation at the Historisches Seminar - Abteilung Alte Geschichte of Ludwig-Maximilians-Universität München. The text was lemmatized by Mikko Luukko. The annotated edition is released under the Creative Commons Attribution Share-Alike license 3.0.  Please cite this page as http://oracc.org/atae/P336734/.",
			"date_of_origin": "00.000.00.00",
			"designation": "CTN 6 004",
			"dialect": "Neo-Assyrian",
			"display_name": "CTN 6, 004",
			"genre": "Uncertain",
			"language": "Akkadian",
			"last_mod_by": "Tushingham",
			"last_modified": "02.11.2021",
			"list_name": "atae/ctn6:P336734",
			"material": "clay",
			"object_type": "tablet",
			"period": "Neo-Assyrian",
			"pleiades_id": "894019",
			"script": "Neo-Assyrian",
			"script_remarks": "inscribed",
			"script_type": "Cuneiform",
			"ch_no": "01",
			"ch_name": "Tablets from the Nabû Temple",
			"ch_num_name": "01 (Tablets from the Nabû Temple)"
		},
		"geometry": {
			"type": "Point",
			"coordinates": [43.3275,36.099167]
		}
	}, {
		"type": "Feature",
		"properties": {
			"project": "ctn6",
			"id_text": "P336278",
			"primary_publication": "CTN 6 005",
			"museum_no": "BM —",
			"provenience": "Nimrud (Kalhu)",
			"excavation_no": "ND 06207",
			"archive": "014 - Nabû Temple",
			"atae_attribution": "Adapted from S. Herbordt, R. Mattila, B. Parker, J.N. Postgate, and D.J. Wiseman, Documents from the Nabu Temple and from Private Houses on the Citadel (Cuneiform Texts from Nimrud 6), London, 2019, by Jamie Novotny and Poppy Tushingham (2021) for the Munich Open-access Cuneiform Corpus Initiative (MOCCI), which is funded by LMU Munich and the Alexander von Humboldt Foundation at the Historisches Seminar - Abteilung Alte Geschichte of Ludwig-Maximilians-Universität München. The text was lemmatized by Mikko Luukko. The annotated edition is released under the Creative Commons Attribution Share-Alike license 3.0.",
			"cite_as": "Please cite this page as http://oracc.org/atae/P336278/.",
			"collection": "British Museum, London, UK",
			"composite_witness": "witness",
			"credits": "Adapted from S. Herbordt, R. Mattila, B. Parker, J.N. Postgate, and D.J. Wiseman, Documents from the Nabu Temple and from Private Houses on the Citadel (Cuneiform Texts from Nimrud 6), London, 2019, by Jamie Novotny and Poppy Tushingham (2021) for the Munich Open-access Cuneiform Corpus Initiative (MOCCI), which is funded by LMU Munich and the Alexander von Humboldt Foundation at the Historisches Seminar - Abteilung Alte Geschichte of Ludwig-Maximilians-Universität München. The text was lemmatized by Mikko Luukko. The annotated edition is released under the Creative Commons Attribution Share-Alike license 3.0.  Please cite this page as http://oracc.org/atae/P336278/.",
			"date_of_origin": "00.000.00.00",
			"designation": "CTN 6 005",
			"dialect": "Neo-Assyrian",
			"display_name": "CTN 6, 005",
			"genre": "Uncertain",
			"language": "Akkadian",
			"last_mod_by": "Tushingham",
			"last_modified": "02.11.2021",
			"list_name": "atae/ctn6:P336278",
			"material": "clay",
			"object_type": "tablet",
			"period": "Neo-Assyrian",
			"pleiades_id": "894019",
			"script": "Neo-Assyrian",
			"script_remarks": "inscribed",
			"script_type": "Cuneiform",
			"ch_no": "01",
			"ch_name": "Tablets from the Nabû Temple",
			"ch_num_name": "01 (Tablets from the Nabû Temple)"
		},
		"geometry": {
			"type": "Point",
			"coordinates": [43.3275,36.099167]
		}
	}, {
		"type": "Feature",
		"properties": {
			"project": "ctn6",
			"id_text": "P517167",
			"primary_publication": "CTN 6 006",
			"museum_no": "IM 067580",
			"provenience": "Nimrud (Kalhu)",
			"excavation_no": "ND 05403",
			"archive": "014 - Nabû Temple",
			"atae_attribution": "Adapted from S. Herbordt, R. Mattila, B. Parker, J.N. Postgate, and D.J. Wiseman, Documents from the Nabu Temple and from Private Houses on the Citadel (Cuneiform Texts from Nimrud 6), London, 2019, by Jamie Novotny and Poppy Tushingham (2021) for the Munich Open-access Cuneiform Corpus Initiative (MOCCI), which is funded by LMU Munich and the Alexander von Humboldt Foundation at the Historisches Seminar - Abteilung Alte Geschichte of Ludwig-Maximilians-Universität München. The text was lemmatized by Mikko Luukko. The annotated edition is released under the Creative Commons Attribution Share-Alike license 3.0.",
			"cite_as": "Please cite this page as http://oracc.org/atae/P517167/.",
			"collection": "National Museum of Iraq, Baghdad, Iraq",
			"composite_witness": "witness",
			"credits": "Adapted from S. Herbordt, R. Mattila, B. Parker, J.N. Postgate, and D.J. Wiseman, Documents from the Nabu Temple and from Private Houses on the Citadel (Cuneiform Texts from Nimrud 6), London, 2019, by Jamie Novotny and Poppy Tushingham (2021) for the Munich Open-access Cuneiform Corpus Initiative (MOCCI), which is funded by LMU Munich and the Alexander von Humboldt Foundation at the Historisches Seminar - Abteilung Alte Geschichte of Ludwig-Maximilians-Universität München. The text was lemmatized by Mikko Luukko. The annotated edition is released under the Creative Commons Attribution Share-Alike license 3.0.  Please cite this page as http://oracc.org/atae/P517167/.",
			"date_of_origin": "00.000.00.00",
			"designation": "CTN 6 006",
			"dialect": "Neo-Assyrian",
			"display_name": "CTN 6, 006",
			"genre": "Legal",
			"language": "Akkadian",
			"last_mod_by": "Tushingham",
			"last_modified": "02.11.2021",
			"list_name": "atae/ctn6:P517167",
			"material": "clay",
			"object_type": "tablet",
			"period": "Neo-Assyrian",
			"pleiades_id": "894019",
			"script": "Neo-Assyrian",
			"script_remarks": "inscribed",
			"script_type": "Cuneiform",
			"ch_no": "01",
			"ch_name": "Tablets from the Nabû Temple",
			"ch_num_name": "01 (Tablets from the Nabû Temple)"
		},
		"geometry": {
			"type": "Point",
			"coordinates": [43.3275,36.099167]
		}
	}, {
		"type": "Feature",
		"properties": {
			"project": "ctn6",
			"id_text": "P517179",
			"primary_publication": "CTN 6 007",
			"museum_no": "IM 067591",
			"provenience": "Nimrud (Kalhu)",
			"excavation_no": "ND 05480",
			"archive": "014 - Nabû Temple",
			"atae_attribution": "Adapted from S. Herbordt, R. Mattila, B. Parker, J.N. Postgate, and D.J. Wiseman, Documents from the Nabu Temple and from Private Houses on the Citadel (Cuneiform Texts from Nimrud 6), London, 2019, by Jamie Novotny and Poppy Tushingham (2021) for the Munich Open-access Cuneiform Corpus Initiative (MOCCI), which is funded by LMU Munich and the Alexander von Humboldt Foundation at the Historisches Seminar - Abteilung Alte Geschichte of Ludwig-Maximilians-Universität München. The text was lemmatized by Mikko Luukko. The annotated edition is released under the Creative Commons Attribution Share-Alike license 3.0.",
			"cite_as": "Please cite this page as http://oracc.org/atae/P517179/.",
			"collection": "National Museum of Iraq, Baghdad, Iraq",
			"composite_witness": "witness",
			"credits": "Adapted from S. Herbordt, R. Mattila, B. Parker, J.N. Postgate, and D.J. Wiseman, Documents from the Nabu Temple and from Private Houses on the Citadel (Cuneiform Texts from Nimrud 6), London, 2019, by Jamie Novotny and Poppy Tushingham (2021) for the Munich Open-access Cuneiform Corpus Initiative (MOCCI), which is funded by LMU Munich and the Alexander von Humboldt Foundation at the Historisches Seminar - Abteilung Alte Geschichte of Ludwig-Maximilians-Universität München. The text was lemmatized by Mikko Luukko. The annotated edition is released under the Creative Commons Attribution Share-Alike license 3.0.  Please cite this page as http://oracc.org/atae/P517179/.",
			"date_of_origin": "00.000.00.00",
			"designation": "CTN 6 007",
			"dialect": "Neo-Assyrian",
			"display_name": "CTN 6, 007",
			"genre": "Legal",
			"language": "Akkadian",
			"last_mod_by": "Tushingham",
			"last_modified": "02.11.2021",
			"list_name": "atae/ctn6:P517179",
			"material": "clay",
			"object_type": "tablet",
			"period": "Neo-Assyrian",
			"pleiades_id": "894019",
			"script": "Neo-Assyrian",
			"script_remarks": "inscribed",
			"script_type": "Cuneiform",
			"ch_no": "01",
			"ch_name": "Tablets from the Nabû Temple",
			"ch_num_name": "01 (Tablets from the Nabû Temple)"
		},
		"geometry": {
			"type": "Point",
			"coordinates": [43.3275,36.099167]
		}
	}, {
		"type": "Feature",
		"properties": {
			"project": "ctn6",
			"id_text": "P517180",
			"primary_publication": "CTN 6 008",
			"museum_no": "IM 075769)",
			"provenience": "Nimrud (Kalhu)",
			"excavation_no": "ND 07062",
			"archive": "014 - Nabû Temple",
			"atae_attribution": "Adapted from S. Herbordt, R. Mattila, B. Parker, J.N. Postgate, and D.J. Wiseman, Documents from the Nabu Temple and from Private Houses on the Citadel (Cuneiform Texts from Nimrud 6), London, 2019, by Jamie Novotny and Poppy Tushingham (2021) for the Munich Open-access Cuneiform Corpus Initiative (MOCCI), which is funded by LMU Munich and the Alexander von Humboldt Foundation at the Historisches Seminar - Abteilung Alte Geschichte of Ludwig-Maximilians-Universität München. The text was lemmatized by Mikko Luukko. The annotated edition is released under the Creative Commons Attribution Share-Alike license 3.0.",
			"cite_as": "Please cite this page as http://oracc.org/atae/P517180/.",
			"collection": "National Museum of Iraq, Baghdad, Iraq",
			"composite_witness": "witness",
			"credits": "Adapted from S. Herbordt, R. Mattila, B. Parker, J.N. Postgate, and D.J. Wiseman, Documents from the Nabu Temple and from Private Houses on the Citadel (Cuneiform Texts from Nimrud 6), London, 2019, by Jamie Novotny and Poppy Tushingham (2021) for the Munich Open-access Cuneiform Corpus Initiative (MOCCI), which is funded by LMU Munich and the Alexander von Humboldt Foundation at the Historisches Seminar - Abteilung Alte Geschichte of Ludwig-Maximilians-Universität München. The text was lemmatized by Mikko Luukko. The annotated edition is released under the Creative Commons Attribution Share-Alike license 3.0.  Please cite this page as http://oracc.org/atae/P517180/.",
			"date_of_origin": "00.000.00.00",
			"designation": "CTN 6 008",
			"dialect": "Neo-Assyrian",
			"display_name": "CTN 6, 008",
			"genre": "Legal",
			"language": "Akkadian",
			"last_mod_by": "Tushingham",
			"last_modified": "02.11.2021",
			"list_name": "atae/ctn6:P517180",
			"material": "clay",
			"object_type": "tablet",
			"period": "Neo-Assyrian",
			"pleiades_id": "894019",
			"script": "Neo-Assyrian",
			"script_remarks": "inscribed",
			"script_type": "Cuneiform",
			"ch_no": "01",
			"ch_name": "Tablets from the Nabû Temple",
			"ch_num_name": "01 (Tablets from the Nabû Temple)"
		},
		"geometry": {
			"type": "Point",
			"coordinates": [43.3275,36.099167]
		}
	}, {
		"type": "Feature",
		"properties": {
			"project": "ctn6",
			"id_text": "P517164",
			"primary_publication": "CTN 6 009",
			"museum_no": "IM 067664",
			"provenience": "Nimrud (Kalhu)",
			"excavation_no": "ND 04325",
			"archive": "014 - Nabû Temple",
			"atae_attribution": "Adapted from S. Herbordt, R. Mattila, B. Parker, J.N. Postgate, and D.J. Wiseman, Documents from the Nabu Temple and from Private Houses on the Citadel (Cuneiform Texts from Nimrud 6), London, 2019, by Jamie Novotny and Poppy Tushingham (2021) for the Munich Open-access Cuneiform Corpus Initiative (MOCCI), which is funded by LMU Munich and the Alexander von Humboldt Foundation at the Historisches Seminar - Abteilung Alte Geschichte of Ludwig-Maximilians-Universität München. The text was lemmatized by Mikko Luukko. The annotated edition is released under the Creative Commons Attribution Share-Alike license 3.0.",
			"cite_as": "Please cite this page as http://oracc.org/atae/P517164/.",
			"collection": "National Museum of Iraq, Baghdad, Iraq",
			"composite_witness": "witness",
			"credits": "Adapted from S. Herbordt, R. Mattila, B. Parker, J.N. Postgate, and D.J. Wiseman, Documents from the Nabu Temple and from Private Houses on the Citadel (Cuneiform Texts from Nimrud 6), London, 2019, by Jamie Novotny and Poppy Tushingham (2021) for the Munich Open-access Cuneiform Corpus Initiative (MOCCI), which is funded by LMU Munich and the Alexander von Humboldt Foundation at the Historisches Seminar - Abteilung Alte Geschichte of Ludwig-Maximilians-Universität München. The text was lemmatized by Mikko Luukko. The annotated edition is released under the Creative Commons Attribution Share-Alike license 3.0.  Please cite this page as http://oracc.org/atae/P517164/.",
			"date_of_origin": "00.000.00.00",
			"designation": "CTN 6 009",
			"dialect": "Neo-Assyrian",
			"display_name": "CTN 6, 009",
			"genre": "Legal",
			"language": "Akkadian",
			"last_mod_by": "Tushingham",
			"last_modified": "02.11.2021",
			"list_name": "atae/ctn6:P517164",
			"material": "clay",
			"object_type": "tablet",
			"period": "Neo-Assyrian",
			"pleiades_id": "894019",
			"script": "Neo-Assyrian",
			"script_remarks": "inscribed",
			"script_type": "Cuneiform",
			"ch_no": "01",
			"ch_name": "Tablets from the Nabû Temple",
			"ch_num_name": "01 (Tablets from the Nabû Temple)"
		},
		"geometry": {
			"type": "Point",
			"coordinates": [43.3275,36.099167]
		}
	}, {
		"type": "Feature",
		"properties": {
			"project": "ctn6",
			"id_text": "P517162",
			"primary_publication": "CTN 6 010",
			"museum_no": "IM 067542",
			"provenience": "Nimrud (Kalhu)",
			"excavation_no": "ND 04316",
			"archive": "014 - Nabû Temple",
			"atae_attribution": "Adapted from S. Herbordt, R. Mattila, B. Parker, J.N. Postgate, and D.J. Wiseman, Documents from the Nabu Temple and from Private Houses on the Citadel (Cuneiform Texts from Nimrud 6), London, 2019, by Jamie Novotny and Poppy Tushingham (2021) for the Munich Open-access Cuneiform Corpus Initiative (MOCCI), which is funded by LMU Munich and the Alexander von Humboldt Foundation at the Historisches Seminar - Abteilung Alte Geschichte of Ludwig-Maximilians-Universität München. The text was lemmatized by Mikko Luukko. The annotated edition is released under the Creative Commons Attribution Share-Alike license 3.0.",
			"cite_as": "Please cite this page as http://oracc.org/atae/P517162/.",
			"collection": "National Museum of Iraq, Baghdad, Iraq",
			"composite_witness": "witness",
			"credits": "Adapted from S. Herbordt, R. Mattila, B. Parker, J.N. Postgate, and D.J. Wiseman, Documents from the Nabu Temple and from Private Houses on the Citadel (Cuneiform Texts from Nimrud 6), London, 2019, by Jamie Novotny and Poppy Tushingham (2021) for the Munich Open-access Cuneiform Corpus Initiative (MOCCI), which is funded by LMU Munich and the Alexander von Humboldt Foundation at the Historisches Seminar - Abteilung Alte Geschichte of Ludwig-Maximilians-Universität München. The text was lemmatized by Mikko Luukko. The annotated edition is released under the Creative Commons Attribution Share-Alike license 3.0.  Please cite this page as http://oracc.org/atae/P517162/.",
			"date_of_origin": "00.000.00.00",
			"designation": "CTN 6 010",
			"dialect": "Neo-Assyrian",
			"display_name": "CTN 6, 010",
			"genre": "Legal",
			"language": "Akkadian",
			"last_mod_by": "Tushingham",
			"last_modified": "02.11.2021",
			"list_name": "atae/ctn6:P517162",
			"material": "clay",
			"object_type": "tablet",
			"period": "Neo-Assyrian",
			"pleiades_id": "894019",
			"script": "Neo-Assyrian",
			"script_remarks": "inscribed",
			"script_type": "Cuneiform",
			"ch_no": "01",
			"ch_name": "Tablets from the Nabû Temple",
			"ch_num_name": "01 (Tablets from the Nabû Temple)"
		},
		"geometry": {
			"type": "Point",
			"coordinates": [43.3275,36.099167]
		}
	}, {
		"type": "Feature",
		"properties": {
			"project": "ctn6",
			"id_text": "P429040",
			"primary_publication": "CTN 6 011",
			"museum_no": "BM —",
			"provenience": "Nimrud (Kalhu)",
			"excavation_no": "ND 05457",
			"archive": "014 - Nabû Temple",
			"atae_attribution": "Adapted from S. Herbordt, R. Mattila, B. Parker, J.N. Postgate, and D.J. Wiseman, Documents from the Nabu Temple and from Private Houses on the Citadel (Cuneiform Texts from Nimrud 6), London, 2019, by Jamie Novotny and Poppy Tushingham (2021) for the Munich Open-access Cuneiform Corpus Initiative (MOCCI), which is funded by LMU Munich and the Alexander von Humboldt Foundation at the Historisches Seminar - Abteilung Alte Geschichte of Ludwig-Maximilians-Universität München. The text was lemmatized by Mikko Luukko. The annotated edition is released under the Creative Commons Attribution Share-Alike license 3.0.",
			"cite_as": "Please cite this page as http://oracc.org/atae/P429040/.",
			"collection": "British Museum, London, UK",
			"composite_witness": "witness",
			"credits": "Adapted from S. Herbordt, R. Mattila, B. Parker, J.N. Postgate, and D.J. Wiseman, Documents from the Nabu Temple and from Private Houses on the Citadel (Cuneiform Texts from Nimrud 6), London, 2019, by Jamie Novotny and Poppy Tushingham (2021) for the Munich Open-access Cuneiform Corpus Initiative (MOCCI), which is funded by LMU Munich and the Alexander von Humboldt Foundation at the Historisches Seminar - Abteilung Alte Geschichte of Ludwig-Maximilians-Universität München. The text was lemmatized by Mikko Luukko. The annotated edition is released under the Creative Commons Attribution Share-Alike license 3.0.  Please cite this page as http://oracc.org/atae/P429040/.",
			"date_of_origin": "00.000.00.00",
			"designation": "CTN 6 011",
			"dialect": "Neo-Assyrian",
			"display_name": "CTN 6, 011",
			"genre": "Legal",
			"language": "Akkadian",
			"last_mod_by": "Tushingham",
			"last_modified": "02.11.2021",
			"list_name": "atae/ctn6:P429040",
			"material": "clay",
			"object_type": "tablet",
			"period": "Neo-Assyrian",
			"pleiades_id": "894019",
			"script": "Neo-Assyrian",
			"script_remarks": "inscribed",
			"script_type": "Cuneiform",
			"ch_no": "01",
			"ch_name": "Tablets from the Nabû Temple",
			"ch_num_name": "01 (Tablets from the Nabû Temple)"
		},
		"geometry": {
			"type": "Point",
			"coordinates": [43.3275,36.099167]
		}
	}, {
		"type": "Feature",
		"properties": {
			"project": "ctn6",
			"id_text": "P464297",
			"primary_publication": "CTN 6 012",
			"museum_no": "BM —",
			"provenience": "Nimrud (Kalhu)",
			"excavation_no": "ND 05476/7",
			"archive": "014 - Nabû Temple",
			"atae_attribution": "Adapted from S. Herbordt, R. Mattila, B. Parker, J.N. Postgate, and D.J. Wiseman, Documents from the Nabu Temple and from Private Houses on the Citadel (Cuneiform Texts from Nimrud 6), London, 2019, by Jamie Novotny and Poppy Tushingham (2021) for the Munich Open-access Cuneiform Corpus Initiative (MOCCI), which is funded by LMU Munich and the Alexander von Humboldt Foundation at the Historisches Seminar - Abteilung Alte Geschichte of Ludwig-Maximilians-Universität München. The text was lemmatized by Mikko Luukko. The annotated edition is released under the Creative Commons Attribution Share-Alike license 3.0.",
			"cite_as": "Please cite this page as http://oracc.org/atae/P464297/.",
			"collection": "British Museum, London, UK",
			"composite_witness": "witness",
			"credits": "Adapted from S. Herbordt, R. Mattila, B. Parker, J.N. Postgate, and D.J. Wiseman, Documents from the Nabu Temple and from Private Houses on the Citadel (Cuneiform Texts from Nimrud 6), London, 2019, by Jamie Novotny and Poppy Tushingham (2021) for the Munich Open-access Cuneiform Corpus Initiative (MOCCI), which is funded by LMU Munich and the Alexander von Humboldt Foundation at the Historisches Seminar - Abteilung Alte Geschichte of Ludwig-Maximilians-Universität München. The text was lemmatized by Mikko Luukko. The annotated edition is released under the Creative Commons Attribution Share-Alike license 3.0.  Please cite this page as http://oracc.org/atae/P464297/.",
			"date_of_origin": "00.000.00.00",
			"designation": "CTN 6 012",
			"dialect": "Neo-Assyrian",
			"display_name": "CTN 6, 012",
			"genre": "Legal",
			"language": "Akkadian",
			"last_mod_by": "Tushingham",
			"last_modified": "02.11.2021",
			"list_name": "atae/ctn6:P464297",
			"material": "clay",
			"object_type": "tablet",
			"period": "Neo-Assyrian",
			"pleiades_id": "894019",
			"script": "Neo-Assyrian",
			"script_remarks": "inscribed",
			"script_type": "Cuneiform",
			"ch_no": "01",
			"ch_name": "Tablets from the Nabû Temple",
			"ch_num_name": "01 (Tablets from the Nabû Temple)"
		},
		"geometry": {
			"type": "Point",
			"coordinates": [43.3275,36.099167]
		}
	}, {
		"type": "Feature",
		"properties": {
			"project": "ctn6",
			"id_text": "P429043",
			"primary_publication": "CTN 6 013",
			"museum_no": "BM —",
			"provenience": "Nimrud (Kalhu)",
			"excavation_no": "ND 05461",
			"archive": "014 - Nabû Temple",
			"atae_attribution": "Adapted from S. Herbordt, R. Mattila, B. Parker, J.N. Postgate, and D.J. Wiseman, Documents from the Nabu Temple and from Private Houses on the Citadel (Cuneiform Texts from Nimrud 6), London, 2019, by Jamie Novotny and Poppy Tushingham (2021) for the Munich Open-access Cuneiform Corpus Initiative (MOCCI), which is funded by LMU Munich and the Alexander von Humboldt Foundation at the Historisches Seminar - Abteilung Alte Geschichte of Ludwig-Maximilians-Universität München. The text was lemmatized by Mikko Luukko. The annotated edition is released under the Creative Commons Attribution Share-Alike license 3.0.",
			"cite_as": "Please cite this page as http://oracc.org/atae/P429043/.",
			"collection": "British Museum, London, UK",
			"composite_witness": "witness",
			"credits": "Adapted from S. Herbordt, R. Mattila, B. Parker, J.N. Postgate, and D.J. Wiseman, Documents from the Nabu Temple and from Private Houses on the Citadel (Cuneiform Texts from Nimrud 6), London, 2019, by Jamie Novotny and Poppy Tushingham (2021) for the Munich Open-access Cuneiform Corpus Initiative (MOCCI), which is funded by LMU Munich and the Alexander von Humboldt Foundation at the Historisches Seminar - Abteilung Alte Geschichte of Ludwig-Maximilians-Universität München. The text was lemmatized by Mikko Luukko. The annotated edition is released under the Creative Commons Attribution Share-Alike license 3.0.  Please cite this page as http://oracc.org/atae/P429043/.",
			"date_of_origin": "00.000.00.00",
			"designation": "CTN 6 013",
			"dialect": "Neo-Assyrian",
			"display_name": "CTN 6, 013",
			"genre": "Legal",
			"language": "Akkadian",
			"last_mod_by": "Tushingham",
			"last_modified": "02.11.2021",
			"list_name": "atae/ctn6:P429043",
			"material": "clay",
			"object_type": "tablet",
			"period": "Neo-Assyrian",
			"pleiades_id": "894019",
			"script": "Neo-Assyrian",
			"script_remarks": "inscribed",
			"script_type": "Cuneiform",
			"ch_no": "01",
			"ch_name": "Tablets from the Nabû Temple",
			"ch_num_name": "01 (Tablets from the Nabû Temple)"
		},
		"geometry": {
			"type": "Point",
			"coordinates": [43.3275,36.099167]
		}
	}, {
		"type": "Feature",
		"properties": {
			"project": "ctn6",
			"id_text": "P491310",
			"primary_publication": "CTN 6 014",
			"museum_no": "IM 059906",
			"provenience": "Nimrud (Kalhu)",
			"excavation_no": "ND 05460",
			"archive": "014 - Nabû Temple",
			"atae_attribution": "Adapted from S. Herbordt, R. Mattila, B. Parker, J.N. Postgate, and D.J. Wiseman, Documents from the Nabu Temple and from Private Houses on the Citadel (Cuneiform Texts from Nimrud 6), London, 2019, by Jamie Novotny and Poppy Tushingham (2021) for the Munich Open-access Cuneiform Corpus Initiative (MOCCI), which is funded by LMU Munich and the Alexander von Humboldt Foundation at the Historisches Seminar - Abteilung Alte Geschichte of Ludwig-Maximilians-Universität München. The text was lemmatized by Mikko Luukko. The annotated edition is released under the Creative Commons Attribution Share-Alike license 3.0.",
			"cite_as": "Please cite this page as http://oracc.org/atae/P491310/.",
			"collection": "National Museum of Iraq, Baghdad, Iraq",
			"composite_witness": "witness",
			"credits": "Adapted from S. Herbordt, R. Mattila, B. Parker, J.N. Postgate, and D.J. Wiseman, Documents from the Nabu Temple and from Private Houses on the Citadel (Cuneiform Texts from Nimrud 6), London, 2019, by Jamie Novotny and Poppy Tushingham (2021) for the Munich Open-access Cuneiform Corpus Initiative (MOCCI), which is funded by LMU Munich and the Alexander von Humboldt Foundation at the Historisches Seminar - Abteilung Alte Geschichte of Ludwig-Maximilians-Universität München. The text was lemmatized by Mikko Luukko. The annotated edition is released under the Creative Commons Attribution Share-Alike license 3.0.  Please cite this page as http://oracc.org/atae/P491310/.",
			"date_of_origin": "00.000.00.00",
			"designation": "CTN 6 014",
			"dialect": "Neo-Assyrian",
			"display_name": "CTN 6, 014",
			"genre": "Legal",
			"language": "Akkadian",
			"last_mod_by": "Tushingham",
			"last_modified": "02.11.2021",
			"list_name": "atae/ctn6:P491310",
			"material": "clay",
			"object_type": "tablet",
			"period": "Neo-Assyrian",
			"pleiades_id": "894019",
			"script": "Neo-Assyrian",
			"script_remarks": "inscribed",
			"script_type": "Cuneiform",
			"ch_no": "01",
			"ch_name": "Tablets from the Nabû Temple",
			"ch_num_name": "01 (Tablets from the Nabû Temple)"
		},
		"geometry": {
			"type": "Point",
			"coordinates": [43.3275,36.099167]
		}
	}, {
		"type": "Feature",
		"properties": {
			"project": "ctn6",
			"id_text": "P491307",
			"primary_publication": "CTN 6 015",
			"museum_no": "IM 059903",
			"provenience": "Nimrud (Kalhu)",
			"excavation_no": "ND 05451",
			"archive": "014 - Nabû Temple",
			"atae_attribution": "Adapted from S. Herbordt, R. Mattila, B. Parker, J.N. Postgate, and D.J. Wiseman, Documents from the Nabu Temple and from Private Houses on the Citadel (Cuneiform Texts from Nimrud 6), London, 2019, by Jamie Novotny and Poppy Tushingham (2021) for the Munich Open-access Cuneiform Corpus Initiative (MOCCI), which is funded by LMU Munich and the Alexander von Humboldt Foundation at the Historisches Seminar - Abteilung Alte Geschichte of Ludwig-Maximilians-Universität München. The text was lemmatized by Mikko Luukko. The annotated edition is released under the Creative Commons Attribution Share-Alike license 3.0.",
			"cite_as": "Please cite this page as http://oracc.org/atae/P491307/.",
			"collection": "National Museum of Iraq, Baghdad, Iraq",
			"composite_witness": "witness",
			"credits": "Adapted from S. Herbordt, R. Mattila, B. Parker, J.N. Postgate, and D.J. Wiseman, Documents from the Nabu Temple and from Private Houses on the Citadel (Cuneiform Texts from Nimrud 6), London, 2019, by Jamie Novotny and Poppy Tushingham (2021) for the Munich Open-access Cuneiform Corpus Initiative (MOCCI), which is funded by LMU Munich and the Alexander von Humboldt Foundation at the Historisches Seminar - Abteilung Alte Geschichte of Ludwig-Maximilians-Universität München. The text was lemmatized by Mikko Luukko. The annotated edition is released under the Creative Commons Attribution Share-Alike license 3.0.  Please cite this page as http://oracc.org/atae/P491307/.",
			"date_of_origin": "00.000.00.00",
			"designation": "CTN 6 015",
			"dialect": "Neo-Assyrian",
			"display_name": "CTN 6, 015",
			"genre": "Legal",
			"language": "Akkadian",
			"last_mod_by": "Tushingham",
			"last_modified": "02.11.2021",
			"list_name": "atae/ctn6:P491307",
			"material": "clay",
			"object_type": "tablet",
			"period": "Neo-Assyrian",
			"pleiades_id": "894019",
			"script": "Neo-Assyrian",
			"script_remarks": "inscribed",
			"script_type": "Cuneiform",
			"ch_no": "01",
			"ch_name": "Tablets from the Nabû Temple",
			"ch_num_name": "01 (Tablets from the Nabû Temple)"
		},
		"geometry": {
			"type": "Point",
			"coordinates": [43.3275,36.099167]
		}
	}, {
		"type": "Feature",
		"properties": {
			"project": "ctn6",
			"id_text": "P429038",
			"primary_publication": "CTN 6 016",
			"museum_no": "BM —",
			"provenience": "Nimrud (Kalhu)",
			"excavation_no": "ND 05453",
			"archive": "014 - Nabû Temple",
			"atae_attribution": "Adapted from S. Herbordt, R. Mattila, B. Parker, J.N. Postgate, and D.J. Wiseman, Documents from the Nabu Temple and from Private Houses on the Citadel (Cuneiform Texts from Nimrud 6), London, 2019, by Jamie Novotny and Poppy Tushingham (2021) for the Munich Open-access Cuneiform Corpus Initiative (MOCCI), which is funded by LMU Munich and the Alexander von Humboldt Foundation at the Historisches Seminar - Abteilung Alte Geschichte of Ludwig-Maximilians-Universität München. The text was lemmatized by Mikko Luukko. The annotated edition is released under the Creative Commons Attribution Share-Alike license 3.0.",
			"cite_as": "Please cite this page as http://oracc.org/atae/P429038/.",
			"collection": "British Museum, London, UK",
			"composite_witness": "witness",
			"credits": "Adapted from S. Herbordt, R. Mattila, B. Parker, J.N. Postgate, and D.J. Wiseman, Documents from the Nabu Temple and from Private Houses on the Citadel (Cuneiform Texts from Nimrud 6), London, 2019, by Jamie Novotny and Poppy Tushingham (2021) for the Munich Open-access Cuneiform Corpus Initiative (MOCCI), which is funded by LMU Munich and the Alexander von Humboldt Foundation at the Historisches Seminar - Abteilung Alte Geschichte of Ludwig-Maximilians-Universität München. The text was lemmatized by Mikko Luukko. The annotated edition is released under the Creative Commons Attribution Share-Alike license 3.0.  Please cite this page as http://oracc.org/atae/P429038/.",
			"date_of_origin": "00.000.00.00",
			"designation": "CTN 6 016",
			"dialect": "Neo-Assyrian",
			"display_name": "CTN 6, 016",
			"genre": "Legal",
			"language": "Akkadian",
			"last_mod_by": "Tushingham",
			"last_modified": "02.11.2021",
			"list_name": "atae/ctn6:P429038",
			"material": "clay",
			"object_type": "tablet",
			"period": "Neo-Assyrian",
			"pleiades_id": "894019",
			"script": "Neo-Assyrian",
			"script_remarks": "inscribed",
			"script_type": "Cuneiform",
			"ch_no": "01",
			"ch_name": "Tablets from the Nabû Temple",
			"ch_num_name": "01 (Tablets from the Nabû Temple)"
		},
		"geometry": {
			"type": "Point",
			"coordinates": [43.3275,36.099167]
		}
	}, {
		"type": "Feature",
		"properties": {
			"project": "ctn6",
			"id_text": "P517176",
			"primary_publication": "CTN 6 017",
			"museum_no": "IM59911/5",
			"provenience": "Nimrud (Kalhu)",
			"excavation_no": "ND 05475/5",
			"archive": "014 - Nabû Temple",
			"atae_attribution": "Adapted from S. Herbordt, R. Mattila, B. Parker, J.N. Postgate, and D.J. Wiseman, Documents from the Nabu Temple and from Private Houses on the Citadel (Cuneiform Texts from Nimrud 6), London, 2019, by Jamie Novotny and Poppy Tushingham (2021) for the Munich Open-access Cuneiform Corpus Initiative (MOCCI), which is funded by LMU Munich and the Alexander von Humboldt Foundation at the Historisches Seminar - Abteilung Alte Geschichte of Ludwig-Maximilians-Universität München. The text was lemmatized by Mikko Luukko. The annotated edition is released under the Creative Commons Attribution Share-Alike license 3.0.",
			"cite_as": "Please cite this page as http://oracc.org/atae/P517176/.",
			"collection": "National Museum of Iraq, Baghdad, Iraq",
			"composite_witness": "witness",
			"credits": "Adapted from S. Herbordt, R. Mattila, B. Parker, J.N. Postgate, and D.J. Wiseman, Documents from the Nabu Temple and from Private Houses on the Citadel (Cuneiform Texts from Nimrud 6), London, 2019, by Jamie Novotny and Poppy Tushingham (2021) for the Munich Open-access Cuneiform Corpus Initiative (MOCCI), which is funded by LMU Munich and the Alexander von Humboldt Foundation at the Historisches Seminar - Abteilung Alte Geschichte of Ludwig-Maximilians-Universität München. The text was lemmatized by Mikko Luukko. The annotated edition is released under the Creative Commons Attribution Share-Alike license 3.0.  Please cite this page as http://oracc.org/atae/P517176/.",
			"date_of_origin": "00.000.00.00",
			"designation": "CTN 6 017",
			"dialect": "Neo-Assyrian",
			"display_name": "CTN 6, 017",
			"genre": "Legal",
			"language": "Akkadian",
			"last_mod_by": "Tushingham",
			"last_modified": "02.11.2021",
			"list_name": "atae/ctn6:P517176",
			"material": "clay",
			"object_type": "tablet",
			"period": "Neo-Assyrian",
			"pleiades_id": "894019",
			"script": "Neo-Assyrian",
			"script_remarks": "inscribed",
			"script_type": "Cuneiform",
			"ch_no": "01",
			"ch_name": "Tablets from the Nabû Temple",
			"ch_num_name": "01 (Tablets from the Nabû Temple)"
		},
		"geometry": {
			"type": "Point",
			"coordinates": [43.3275,36.099167]
		}
	}, {
		"type": "Feature",
		"properties": {
			"project": "ctn6",
			"id_text": "P464294",
			"primary_publication": "CTN 6 018",
			"museum_no": "BM —",
			"provenience": "Nimrud (Kalhu)",
			"excavation_no": "ND 05476/4",
			"archive": "014 - Nabû Temple",
			"atae_attribution": "Adapted from S. Herbordt, R. Mattila, B. Parker, J.N. Postgate, and D.J. Wiseman, Documents from the Nabu Temple and from Private Houses on the Citadel (Cuneiform Texts from Nimrud 6), London, 2019, by Jamie Novotny and Poppy Tushingham (2021) for the Munich Open-access Cuneiform Corpus Initiative (MOCCI), which is funded by LMU Munich and the Alexander von Humboldt Foundation at the Historisches Seminar - Abteilung Alte Geschichte of Ludwig-Maximilians-Universität München. The text was lemmatized by Mikko Luukko. The annotated edition is released under the Creative Commons Attribution Share-Alike license 3.0.",
			"cite_as": "Please cite this page as http://oracc.org/atae/P464294/.",
			"collection": "British Museum, London, UK",
			"composite_witness": "witness",
			"credits": "Adapted from S. Herbordt, R. Mattila, B. Parker, J.N. Postgate, and D.J. Wiseman, Documents from the Nabu Temple and from Private Houses on the Citadel (Cuneiform Texts from Nimrud 6), London, 2019, by Jamie Novotny and Poppy Tushingham (2021) for the Munich Open-access Cuneiform Corpus Initiative (MOCCI), which is funded by LMU Munich and the Alexander von Humboldt Foundation at the Historisches Seminar - Abteilung Alte Geschichte of Ludwig-Maximilians-Universität München. The text was lemmatized by Mikko Luukko. The annotated edition is released under the Creative Commons Attribution Share-Alike license 3.0.  Please cite this page as http://oracc.org/atae/P464294/.",
			"date_of_origin": "00.000.00.00",
			"designation": "CTN 6 018",
			"dialect": "Neo-Assyrian",
			"display_name": "CTN 6, 018",
			"genre": "Legal",
			"language": "Akkadian",
			"last_mod_by": "Tushingham",
			"last_modified": "02.11.2021",
			"list_name": "atae/ctn6:P464294",
			"material": "clay",
			"object_type": "tablet",
			"period": "Neo-Assyrian",
			"pleiades_id": "894019",
			"script": "Neo-Assyrian",
			"script_remarks": "inscribed",
			"script_type": "Cuneiform",
			"ch_no": "01",
			"ch_name": "Tablets from the Nabû Temple",
			"ch_num_name": "01 (Tablets from the Nabû Temple)"
		},
		"geometry": {
			"type": "Point",
			"coordinates": [43.3275,36.099167]
		}
	}, {
		"type": "Feature",
		"properties": {
			"project": "ctn6",
			"id_text": "P517171",
			"primary_publication": "CTN 6 019",
			"museum_no": "IM 059910",
			"provenience": "Nimrud (Kalhu)",
			"excavation_no": "ND 05474",
			"archive": "014 - Nabû Temple",
			"atae_attribution": "Adapted from S. Herbordt, R. Mattila, B. Parker, J.N. Postgate, and D.J. Wiseman, Documents from the Nabu Temple and from Private Houses on the Citadel (Cuneiform Texts from Nimrud 6), London, 2019, by Jamie Novotny and Poppy Tushingham (2021) for the Munich Open-access Cuneiform Corpus Initiative (MOCCI), which is funded by LMU Munich and the Alexander von Humboldt Foundation at the Historisches Seminar - Abteilung Alte Geschichte of Ludwig-Maximilians-Universität München. The text was lemmatized by Mikko Luukko. The annotated edition is released under the Creative Commons Attribution Share-Alike license 3.0.",
			"cite_as": "Please cite this page as http://oracc.org/atae/P517171/.",
			"collection": "National Museum of Iraq, Baghdad, Iraq",
			"composite_witness": "witness",
			"credits": "Adapted from S. Herbordt, R. Mattila, B. Parker, J.N. Postgate, and D.J. Wiseman, Documents from the Nabu Temple and from Private Houses on the Citadel (Cuneiform Texts from Nimrud 6), London, 2019, by Jamie Novotny and Poppy Tushingham (2021) for the Munich Open-access Cuneiform Corpus Initiative (MOCCI), which is funded by LMU Munich and the Alexander von Humboldt Foundation at the Historisches Seminar - Abteilung Alte Geschichte of Ludwig-Maximilians-Universität München. The text was lemmatized by Mikko Luukko. The annotated edition is released under the Creative Commons Attribution Share-Alike license 3.0.  Please cite this page as http://oracc.org/atae/P517171/.",
			"date_of_origin": "00.000.00.00",
			"designation": "CTN 6 019",
			"dialect": "Neo-Assyrian",
			"display_name": "CTN 6, 019",
			"genre": "Legal",
			"language": "Akkadian",
			"last_mod_by": "Tushingham",
			"last_modified": "02.11.2021",
			"list_name": "atae/ctn6:P517171",
			"material": "clay",
			"object_type": "tablet",
			"period": "Neo-Assyrian",
			"pleiades_id": "894019",
			"script": "Neo-Assyrian",
			"script_remarks": "inscribed",
			"script_type": "Cuneiform",
			"ch_no": "01",
			"ch_name": "Tablets from the Nabû Temple",
			"ch_num_name": "01 (Tablets from the Nabû Temple)"
		},
		"geometry": {
			"type": "Point",
			"coordinates": [43.3275,36.099167]
		}
	}, {
		"type": "Feature",
		"properties": {
			"project": "ctn6",
			"id_text": "P429039",
			"primary_publication": "CTN 6 020",
			"museum_no": "BM —",
			"provenience": "Nimrud (Kalhu)",
			"excavation_no": "ND 05454",
			"archive": "014 - Nabû Temple",
			"atae_attribution": "Adapted from S. Herbordt, R. Mattila, B. Parker, J.N. Postgate, and D.J. Wiseman, Documents from the Nabu Temple and from Private Houses on the Citadel (Cuneiform Texts from Nimrud 6), London, 2019, by Jamie Novotny and Poppy Tushingham (2021) for the Munich Open-access Cuneiform Corpus Initiative (MOCCI), which is funded by LMU Munich and the Alexander von Humboldt Foundation at the Historisches Seminar - Abteilung Alte Geschichte of Ludwig-Maximilians-Universität München. The text was lemmatized by Mikko Luukko. The annotated edition is released under the Creative Commons Attribution Share-Alike license 3.0.",
			"cite_as": "Please cite this page as http://oracc.org/atae/P429039/.",
			"collection": "British Museum, London, UK",
			"composite_witness": "witness",
			"credits": "Adapted from S. Herbordt, R. Mattila, B. Parker, J.N. Postgate, and D.J. Wiseman, Documents from the Nabu Temple and from Private Houses on the Citadel (Cuneiform Texts from Nimrud 6), London, 2019, by Jamie Novotny and Poppy Tushingham (2021) for the Munich Open-access Cuneiform Corpus Initiative (MOCCI), which is funded by LMU Munich and the Alexander von Humboldt Foundation at the Historisches Seminar - Abteilung Alte Geschichte of Ludwig-Maximilians-Universität München. The text was lemmatized by Mikko Luukko. The annotated edition is released under the Creative Commons Attribution Share-Alike license 3.0.  Please cite this page as http://oracc.org/atae/P429039/.",
			"date_of_origin": "00.000.00.00",
			"designation": "CTN 6 020",
			"dialect": "Neo-Assyrian",
			"display_name": "CTN 6, 020",
			"genre": "Legal",
			"language": "Akkadian",
			"last_mod_by": "Tushingham",
			"last_modified": "02.11.2021",
			"list_name": "atae/ctn6:P429039",
			"material": "clay",
			"object_type": "tablet",
			"period": "Neo-Assyrian",
			"pleiades_id": "894019",
			"script": "Neo-Assyrian",
			"script_remarks": "inscribed",
			"script_type": "Cuneiform",
			"ch_no": "01",
			"ch_name": "Tablets from the Nabû Temple",
			"ch_num_name": "01 (Tablets from the Nabû Temple)"
		},
		"geometry": {
			"type": "Point",
			"coordinates": [43.3275,36.099167]
		}
	}, {
		"type": "Feature",
		"properties": {
			"project": "ctn6",
			"id_text": "P491308",
			"primary_publication": "CTN 6 021",
			"museum_no": "IM 059904",
			"provenience": "Nimrud (Kalhu)",
			"excavation_no": "ND 05455",
			"archive": "014 - Nabû Temple",
			"atae_attribution": "Adapted from S. Herbordt, R. Mattila, B. Parker, J.N. Postgate, and D.J. Wiseman, Documents from the Nabu Temple and from Private Houses on the Citadel (Cuneiform Texts from Nimrud 6), London, 2019, by Jamie Novotny and Poppy Tushingham (2021) for the Munich Open-access Cuneiform Corpus Initiative (MOCCI), which is funded by LMU Munich and the Alexander von Humboldt Foundation at the Historisches Seminar - Abteilung Alte Geschichte of Ludwig-Maximilians-Universität München. The text was lemmatized by Mikko Luukko. The annotated edition is released under the Creative Commons Attribution Share-Alike license 3.0.",
			"cite_as": "Please cite this page as http://oracc.org/atae/P491308/.",
			"collection": "National Museum of Iraq, Baghdad, Iraq",
			"composite_witness": "witness",
			"credits": "Adapted from S. Herbordt, R. Mattila, B. Parker, J.N. Postgate, and D.J. Wiseman, Documents from the Nabu Temple and from Private Houses on the Citadel (Cuneiform Texts from Nimrud 6), London, 2019, by Jamie Novotny and Poppy Tushingham (2021) for the Munich Open-access Cuneiform Corpus Initiative (MOCCI), which is funded by LMU Munich and the Alexander von Humboldt Foundation at the Historisches Seminar - Abteilung Alte Geschichte of Ludwig-Maximilians-Universität München. The text was lemmatized by Mikko Luukko. The annotated edition is released under the Creative Commons Attribution Share-Alike license 3.0.  Please cite this page as http://oracc.org/atae/P491308/.",
			"date_of_origin": "00.000.00.00",
			"designation": "CTN 6 021",
			"dialect": "Neo-Assyrian",
			"display_name": "CTN 6, 021",
			"genre": "Legal",
			"language": "Akkadian",
			"last_mod_by": "Tushingham",
			"last_modified": "02.11.2021",
			"list_name": "atae/ctn6:P491308",
			"material": "clay",
			"object_type": "tablet",
			"period": "Neo-Assyrian",
			"pleiades_id": "894019",
			"script": "Neo-Assyrian",
			"script_remarks": "inscribed",
			"script_type": "Cuneiform",
			"ch_no": "01",
			"ch_name": "Tablets from the Nabû Temple",
			"ch_num_name": "01 (Tablets from the Nabû Temple)"
		},
		"geometry": {
			"type": "Point",
			"coordinates": [43.3275,36.099167]
		}
	}, {
		"type": "Feature",
		"properties": {
			"project": "ctn6",
			"id_text": "P429049",
			"primary_publication": "CTN 6 022",
			"museum_no": "BM —",
			"provenience": "Nimrud (Kalhu)",
			"excavation_no": "ND 05476/2",
			"archive": "014 - Nabû Temple",
			"atae_attribution": "Adapted from S. Herbordt, R. Mattila, B. Parker, J.N. Postgate, and D.J. Wiseman, Documents from the Nabu Temple and from Private Houses on the Citadel (Cuneiform Texts from Nimrud 6), London, 2019, by Jamie Novotny and Poppy Tushingham (2021) for the Munich Open-access Cuneiform Corpus Initiative (MOCCI), which is funded by LMU Munich and the Alexander von Humboldt Foundation at the Historisches Seminar - Abteilung Alte Geschichte of Ludwig-Maximilians-Universität München. The text was lemmatized by Mikko Luukko. The annotated edition is released under the Creative Commons Attribution Share-Alike license 3.0.",
			"cite_as": "Please cite this page as http://oracc.org/atae/P429049/.",
			"collection": "British Museum, London, UK",
			"composite_witness": "witness",
			"credits": "Adapted from S. Herbordt, R. Mattila, B. Parker, J.N. Postgate, and D.J. Wiseman, Documents from the Nabu Temple and from Private Houses on the Citadel (Cuneiform Texts from Nimrud 6), London, 2019, by Jamie Novotny and Poppy Tushingham (2021) for the Munich Open-access Cuneiform Corpus Initiative (MOCCI), which is funded by LMU Munich and the Alexander von Humboldt Foundation at the Historisches Seminar - Abteilung Alte Geschichte of Ludwig-Maximilians-Universität München. The text was lemmatized by Mikko Luukko. The annotated edition is released under the Creative Commons Attribution Share-Alike license 3.0.  Please cite this page as http://oracc.org/atae/P429049/.",
			"date_of_origin": "00.000.00.00",
			"designation": "CTN 6 022",
			"dialect": "Neo-Assyrian",
			"display_name": "CTN 6, 022",
			"genre": "Legal",
			"language": "Akkadian",
			"last_mod_by": "Tushingham",
			"last_modified": "02.11.2021",
			"list_name": "atae/ctn6:P429049",
			"material": "clay",
			"object_type": "tablet",
			"period": "Neo-Assyrian",
			"pleiades_id": "894019",
			"script": "Neo-Assyrian",
			"script_remarks": "inscribed",
			"script_type": "Cuneiform",
			"ch_no": "01",
			"ch_name": "Tablets from the Nabû Temple",
			"ch_num_name": "01 (Tablets from the Nabû Temple)"
		},
		"geometry": {
			"type": "Point",
			"coordinates": [43.3275,36.099167]
		}
	}, {
		"type": "Feature",
		"properties": {
			"project": "ctn6",
			"id_text": "P491305",
			"primary_publication": "CTN 6 023",
			"museum_no": "IM 059901",
			"provenience": "Nimrud (Kalhu)",
			"excavation_no": "ND 05449",
			"archive": "014 - Nabû Temple",
			"atae_attribution": "Adapted from S. Herbordt, R. Mattila, B. Parker, J.N. Postgate, and D.J. Wiseman, Documents from the Nabu Temple and from Private Houses on the Citadel (Cuneiform Texts from Nimrud 6), London, 2019, by Jamie Novotny and Poppy Tushingham (2021) for the Munich Open-access Cuneiform Corpus Initiative (MOCCI), which is funded by LMU Munich and the Alexander von Humboldt Foundation at the Historisches Seminar - Abteilung Alte Geschichte of Ludwig-Maximilians-Universität München. The text was lemmatized by Mikko Luukko. The annotated edition is released under the Creative Commons Attribution Share-Alike license 3.0.",
			"cite_as": "Please cite this page as http://oracc.org/atae/P491305/.",
			"collection": "National Museum of Iraq, Baghdad, Iraq",
			"composite_witness": "witness",
			"credits": "Adapted from S. Herbordt, R. Mattila, B. Parker, J.N. Postgate, and D.J. Wiseman, Documents from the Nabu Temple and from Private Houses on the Citadel (Cuneiform Texts from Nimrud 6), London, 2019, by Jamie Novotny and Poppy Tushingham (2021) for the Munich Open-access Cuneiform Corpus Initiative (MOCCI), which is funded by LMU Munich and the Alexander von Humboldt Foundation at the Historisches Seminar - Abteilung Alte Geschichte of Ludwig-Maximilians-Universität München. The text was lemmatized by Mikko Luukko. The annotated edition is released under the Creative Commons Attribution Share-Alike license 3.0.  Please cite this page as http://oracc.org/atae/P491305/.",
			"date_of_origin": "00.000.00.00",
			"designation": "CTN 6 023",
			"dialect": "Neo-Assyrian",
			"display_name": "CTN 6, 023",
			"genre": "Legal",
			"language": "Akkadian",
			"last_mod_by": "Tushingham",
			"last_modified": "02.11.2021",
			"list_name": "atae/ctn6:P491305",
			"material": "clay",
			"object_type": "tablet",
			"period": "Neo-Assyrian",
			"pleiades_id": "894019",
			"script": "Neo-Assyrian",
			"script_remarks": "inscribed",
			"script_type": "Cuneiform",
			"ch_no": "01",
			"ch_name": "Tablets from the Nabû Temple",
			"ch_num_name": "01 (Tablets from the Nabû Temple)"
		},
		"geometry": {
			"type": "Point",
			"coordinates": [43.3275,36.099167]
		}
	}, {
		"type": "Feature",
		"properties": {
			"project": "ctn6",
			"id_text": "P429042",
			"primary_publication": "CTN 6 024",
			"museum_no": "BM —",
			"provenience": "Nimrud (Kalhu)",
			"excavation_no": "ND 05459",
			"archive": "014 - Nabû Temple",
			"atae_attribution": "Adapted from S. Herbordt, R. Mattila, B. Parker, J.N. Postgate, and D.J. Wiseman, Documents from the Nabu Temple and from Private Houses on the Citadel (Cuneiform Texts from Nimrud 6), London, 2019, by Jamie Novotny and Poppy Tushingham (2021) for the Munich Open-access Cuneiform Corpus Initiative (MOCCI), which is funded by LMU Munich and the Alexander von Humboldt Foundation at the Historisches Seminar - Abteilung Alte Geschichte of Ludwig-Maximilians-Universität München. The text was lemmatized by Mikko Luukko. The annotated edition is released under the Creative Commons Attribution Share-Alike license 3.0.",
			"cite_as": "Please cite this page as http://oracc.org/atae/P429042/.",
			"collection": "British Museum, London, UK",
			"composite_witness": "witness",
			"credits": "Adapted from S. Herbordt, R. Mattila, B. Parker, J.N. Postgate, and D.J. Wiseman, Documents from the Nabu Temple and from Private Houses on the Citadel (Cuneiform Texts from Nimrud 6), London, 2019, by Jamie Novotny and Poppy Tushingham (2021) for the Munich Open-access Cuneiform Corpus Initiative (MOCCI), which is funded by LMU Munich and the Alexander von Humboldt Foundation at the Historisches Seminar - Abteilung Alte Geschichte of Ludwig-Maximilians-Universität München. The text was lemmatized by Mikko Luukko. The annotated edition is released under the Creative Commons Attribution Share-Alike license 3.0.  Please cite this page as http://oracc.org/atae/P429042/.",
			"date_of_origin": "00.000.00.00",
			"designation": "CTN 6 024",
			"dialect": "Neo-Assyrian",
			"display_name": "CTN 6, 024",
			"genre": "Legal",
			"language": "Akkadian",
			"last_mod_by": "Tushingham",
			"last_modified": "02.11.2021",
			"list_name": "atae/ctn6:P429042",
			"material": "clay",
			"object_type": "tablet",
			"period": "Neo-Assyrian",
			"pleiades_id": "894019",
			"script": "Neo-Assyrian",
			"script_remarks": "inscribed",
			"script_type": "Cuneiform",
			"ch_no": "01",
			"ch_name": "Tablets from the Nabû Temple",
			"ch_num_name": "01 (Tablets from the Nabû Temple)"
		},
		"geometry": {
			"type": "Point",
			"coordinates": [43.3275,36.099167]
		}
	}, {
		"type": "Feature",
		"properties": {
			"project": "ctn6",
			"id_text": "P429037",
			"primary_publication": "CTN 6 025",
			"museum_no": "BM —",
			"provenience": "Nimrud (Kalhu)",
			"excavation_no": "ND 05452",
			"archive": "014 - Nabû Temple",
			"atae_attribution": "Adapted from S. Herbordt, R. Mattila, B. Parker, J.N. Postgate, and D.J. Wiseman, Documents from the Nabu Temple and from Private Houses on the Citadel (Cuneiform Texts from Nimrud 6), London, 2019, by Jamie Novotny and Poppy Tushingham (2021) for the Munich Open-access Cuneiform Corpus Initiative (MOCCI), which is funded by LMU Munich and the Alexander von Humboldt Foundation at the Historisches Seminar - Abteilung Alte Geschichte of Ludwig-Maximilians-Universität München. The text was lemmatized by Mikko Luukko. The annotated edition is released under the Creative Commons Attribution Share-Alike license 3.0.",
			"cite_as": "Please cite this page as http://oracc.org/atae/P429037/.",
			"collection": "British Museum, London, UK",
			"composite_witness": "witness",
			"credits": "Adapted from S. Herbordt, R. Mattila, B. Parker, J.N. Postgate, and D.J. Wiseman, Documents from the Nabu Temple and from Private Houses on the Citadel (Cuneiform Texts from Nimrud 6), London, 2019, by Jamie Novotny and Poppy Tushingham (2021) for the Munich Open-access Cuneiform Corpus Initiative (MOCCI), which is funded by LMU Munich and the Alexander von Humboldt Foundation at the Historisches Seminar - Abteilung Alte Geschichte of Ludwig-Maximilians-Universität München. The text was lemmatized by Mikko Luukko. The annotated edition is released under the Creative Commons Attribution Share-Alike license 3.0.  Please cite this page as http://oracc.org/atae/P429037/.",
			"date_of_origin": "00.000.00.00",
			"designation": "CTN 6 025",
			"dialect": "Neo-Assyrian",
			"display_name": "CTN 6, 025",
			"genre": "Legal",
			"language": "Akkadian",
			"last_mod_by": "Tushingham",
			"last_modified": "02.11.2021",
			"list_name": "atae/ctn6:P429037",
			"material": "clay",
			"object_type": "tablet",
			"period": "Neo-Assyrian",
			"pleiades_id": "894019",
			"script": "Neo-Assyrian",
			"script_remarks": "inscribed",
			"script_type": "Cuneiform",
			"ch_no": "01",
			"ch_name": "Tablets from the Nabû Temple",
			"ch_num_name": "01 (Tablets from the Nabû Temple)"
		},
		"geometry": {
			"type": "Point",
			"coordinates": [43.3275,36.099167]
		}
	}, {
		"type": "Feature",
		"properties": {
			"project": "ctn6",
			"id_text": "P491309",
			"primary_publication": "CTN 6 026",
			"museum_no": "IM 059905",
			"provenience": "Nimrud (Kalhu)",
			"excavation_no": "ND 05456",
			"archive": "014 - Nabû Temple",
			"atae_attribution": "Adapted from S. Herbordt, R. Mattila, B. Parker, J.N. Postgate, and D.J. Wiseman, Documents from the Nabu Temple and from Private Houses on the Citadel (Cuneiform Texts from Nimrud 6), London, 2019, by Jamie Novotny and Poppy Tushingham (2021) for the Munich Open-access Cuneiform Corpus Initiative (MOCCI), which is funded by LMU Munich and the Alexander von Humboldt Foundation at the Historisches Seminar - Abteilung Alte Geschichte of Ludwig-Maximilians-Universität München. The text was lemmatized by Mikko Luukko. The annotated edition is released under the Creative Commons Attribution Share-Alike license 3.0.",
			"cite_as": "Please cite this page as http://oracc.org/atae/P491309/.",
			"collection": "National Museum of Iraq, Baghdad, Iraq",
			"composite_witness": "witness",
			"credits": "Adapted from S. Herbordt, R. Mattila, B. Parker, J.N. Postgate, and D.J. Wiseman, Documents from the Nabu Temple and from Private Houses on the Citadel (Cuneiform Texts from Nimrud 6), London, 2019, by Jamie Novotny and Poppy Tushingham (2021) for the Munich Open-access Cuneiform Corpus Initiative (MOCCI), which is funded by LMU Munich and the Alexander von Humboldt Foundation at the Historisches Seminar - Abteilung Alte Geschichte of Ludwig-Maximilians-Universität München. The text was lemmatized by Mikko Luukko. The annotated edition is released under the Creative Commons Attribution Share-Alike license 3.0.  Please cite this page as http://oracc.org/atae/P491309/.",
			"date_of_origin": "00.000.00.00",
			"designation": "CTN 6 026",
			"dialect": "Neo-Assyrian",
			"display_name": "CTN 6, 026",
			"genre": "Legal",
			"language": "Akkadian",
			"last_mod_by": "Tushingham",
			"last_modified": "02.11.2021",
			"list_name": "atae/ctn6:P491309",
			"material": "clay",
			"object_type": "tablet",
			"period": "Neo-Assyrian",
			"pleiades_id": "894019",
			"script": "Neo-Assyrian",
			"script_remarks": "inscribed",
			"script_type": "Cuneiform",
			"ch_no": "01",
			"ch_name": "Tablets from the Nabû Temple",
			"ch_num_name": "01 (Tablets from the Nabû Temple)"
		},
		"geometry": {
			"type": "Point",
			"coordinates": [43.3275,36.099167]
		}
	}, {
		"type": "Feature",
		"properties": {
			"project": "ctn6",
			"id_text": "P429036",
			"primary_publication": "CTN 6 027",
			"museum_no": "BM —",
			"provenience": "Nimrud (Kalhu)",
			"excavation_no": "ND 05447",
			"archive": "014 - Nabû Temple",
			"atae_attribution": "Adapted from S. Herbordt, R. Mattila, B. Parker, J.N. Postgate, and D.J. Wiseman, Documents from the Nabu Temple and from Private Houses on the Citadel (Cuneiform Texts from Nimrud 6), London, 2019, by Jamie Novotny and Poppy Tushingham (2021) for the Munich Open-access Cuneiform Corpus Initiative (MOCCI), which is funded by LMU Munich and the Alexander von Humboldt Foundation at the Historisches Seminar - Abteilung Alte Geschichte of Ludwig-Maximilians-Universität München. The text was lemmatized by Mikko Luukko. The annotated edition is released under the Creative Commons Attribution Share-Alike license 3.0.",
			"cite_as": "Please cite this page as http://oracc.org/atae/P429036/.",
			"collection": "British Museum, London, UK",
			"composite_witness": "witness",
			"credits": "Adapted from S. Herbordt, R. Mattila, B. Parker, J.N. Postgate, and D.J. Wiseman, Documents from the Nabu Temple and from Private Houses on the Citadel (Cuneiform Texts from Nimrud 6), London, 2019, by Jamie Novotny and Poppy Tushingham (2021) for the Munich Open-access Cuneiform Corpus Initiative (MOCCI), which is funded by LMU Munich and the Alexander von Humboldt Foundation at the Historisches Seminar - Abteilung Alte Geschichte of Ludwig-Maximilians-Universität München. The text was lemmatized by Mikko Luukko. The annotated edition is released under the Creative Commons Attribution Share-Alike license 3.0.  Please cite this page as http://oracc.org/atae/P429036/.",
			"date_of_origin": "00.000.00.00",
			"designation": "CTN 6 027",
			"dialect": "Neo-Assyrian",
			"display_name": "CTN 6, 027",
			"genre": "Legal",
			"language": "Akkadian",
			"last_mod_by": "Tushingham",
			"last_modified": "02.11.2021",
			"list_name": "atae/ctn6:P429036",
			"material": "clay",
			"object_type": "tablet",
			"period": "Neo-Assyrian",
			"pleiades_id": "894019",
			"script": "Neo-Assyrian",
			"script_remarks": "inscribed",
			"script_type": "Cuneiform",
			"ch_no": "01",
			"ch_name": "Tablets from the Nabû Temple",
			"ch_num_name": "01 (Tablets from the Nabû Temple)"
		},
		"geometry": {
			"type": "Point",
			"coordinates": [43.3275,36.099167]
		}
	}, {
		"type": "Feature",
		"properties": {
			"project": "ctn6",
			"id_text": "P517174",
			"primary_publication": "CTN 6 028",
			"museum_no": "IM 059911/3",
			"provenience": "Nimrud (Kalhu)",
			"excavation_no": "ND 05475/3",
			"archive": "014 - Nabû Temple",
			"atae_attribution": "Adapted from S. Herbordt, R. Mattila, B. Parker, J.N. Postgate, and D.J. Wiseman, Documents from the Nabu Temple and from Private Houses on the Citadel (Cuneiform Texts from Nimrud 6), London, 2019, by Jamie Novotny and Poppy Tushingham (2021) for the Munich Open-access Cuneiform Corpus Initiative (MOCCI), which is funded by LMU Munich and the Alexander von Humboldt Foundation at the Historisches Seminar - Abteilung Alte Geschichte of Ludwig-Maximilians-Universität München. The text was lemmatized by Mikko Luukko. The annotated edition is released under the Creative Commons Attribution Share-Alike license 3.0.",
			"cite_as": "Please cite this page as http://oracc.org/atae/P517174/.",
			"collection": "National Museum of Iraq, Baghdad, Iraq",
			"composite_witness": "witness",
			"credits": "Adapted from S. Herbordt, R. Mattila, B. Parker, J.N. Postgate, and D.J. Wiseman, Documents from the Nabu Temple and from Private Houses on the Citadel (Cuneiform Texts from Nimrud 6), London, 2019, by Jamie Novotny and Poppy Tushingham (2021) for the Munich Open-access Cuneiform Corpus Initiative (MOCCI), which is funded by LMU Munich and the Alexander von Humboldt Foundation at the Historisches Seminar - Abteilung Alte Geschichte of Ludwig-Maximilians-Universität München. The text was lemmatized by Mikko Luukko. The annotated edition is released under the Creative Commons Attribution Share-Alike license 3.0.  Please cite this page as http://oracc.org/atae/P517174/.",
			"date_of_origin": "00.000.00.00",
			"designation": "CTN 6 028",
			"dialect": "Neo-Assyrian",
			"display_name": "CTN 6, 028",
			"genre": "Legal",
			"language": "Akkadian",
			"last_mod_by": "Tushingham",
			"last_modified": "02.11.2021",
			"list_name": "atae/ctn6:P517174",
			"material": "clay",
			"object_type": "tablet",
			"period": "Neo-Assyrian",
			"pleiades_id": "894019",
			"script": "Neo-Assyrian",
			"script_remarks": "inscribed",
			"script_type": "Cuneiform",
			"ch_no": "01",
			"ch_name": "Tablets from the Nabû Temple",
			"ch_num_name": "01 (Tablets from the Nabû Temple)"
		},
		"geometry": {
			"type": "Point",
			"coordinates": [43.3275,36.099167]
		}
	}, {
		"type": "Feature",
		"properties": {
			"project": "ctn6",
			"id_text": "P464296",
			"primary_publication": "CTN 6 029",
			"museum_no": "BM —",
			"provenience": "Nimrud (Kalhu)",
			"excavation_no": "ND 05476/6",
			"archive": "014 - Nabû Temple",
			"atae_attribution": "Adapted from S. Herbordt, R. Mattila, B. Parker, J.N. Postgate, and D.J. Wiseman, Documents from the Nabu Temple and from Private Houses on the Citadel (Cuneiform Texts from Nimrud 6), London, 2019, by Jamie Novotny and Poppy Tushingham (2021) for the Munich Open-access Cuneiform Corpus Initiative (MOCCI), which is funded by LMU Munich and the Alexander von Humboldt Foundation at the Historisches Seminar - Abteilung Alte Geschichte of Ludwig-Maximilians-Universität München. The text was lemmatized by Mikko Luukko. The annotated edition is released under the Creative Commons Attribution Share-Alike license 3.0.",
			"cite_as": "Please cite this page as http://oracc.org/atae/P464296/.",
			"collection": "British Museum, London, UK",
			"composite_witness": "witness",
			"credits": "Adapted from S. Herbordt, R. Mattila, B. Parker, J.N. Postgate, and D.J. Wiseman, Documents from the Nabu Temple and from Private Houses on the Citadel (Cuneiform Texts from Nimrud 6), London, 2019, by Jamie Novotny and Poppy Tushingham (2021) for the Munich Open-access Cuneiform Corpus Initiative (MOCCI), which is funded by LMU Munich and the Alexander von Humboldt Foundation at the Historisches Seminar - Abteilung Alte Geschichte of Ludwig-Maximilians-Universität München. The text was lemmatized by Mikko Luukko. The annotated edition is released under the Creative Commons Attribution Share-Alike license 3.0.  Please cite this page as http://oracc.org/atae/P464296/.",
			"date_of_origin": "00.000.00.00",
			"designation": "CTN 6 029",
			"dialect": "Neo-Assyrian",
			"display_name": "CTN 6, 029",
			"genre": "Legal",
			"language": "Akkadian",
			"last_mod_by": "Tushingham",
			"last_modified": "02.11.2021",
			"list_name": "atae/ctn6:P464296",
			"material": "clay",
			"object_type": "tablet",
			"period": "Neo-Assyrian",
			"pleiades_id": "894019",
			"script": "Neo-Assyrian",
			"script_remarks": "inscribed",
			"script_type": "Cuneiform",
			"ch_no": "01",
			"ch_name": "Tablets from the Nabû Temple",
			"ch_num_name": "01 (Tablets from the Nabû Temple)"
		},
		"geometry": {
			"type": "Point",
			"coordinates": [43.3275,36.099167]
		}
	}, {
		"type": "Feature",
		"properties": {
			"project": "ctn6",
			"id_text": "P491315",
			"primary_publication": "CTN 6 030",
			"museum_no": "IM 059909",
			"provenience": "Nimrud (Kalhu)",
			"excavation_no": "ND 05469",
			"archive": "014 - Nabû Temple",
			"atae_attribution": "Adapted from S. Herbordt, R. Mattila, B. Parker, J.N. Postgate, and D.J. Wiseman, Documents from the Nabu Temple and from Private Houses on the Citadel (Cuneiform Texts from Nimrud 6), London, 2019, by Jamie Novotny and Poppy Tushingham (2021) for the Munich Open-access Cuneiform Corpus Initiative (MOCCI), which is funded by LMU Munich and the Alexander von Humboldt Foundation at the Historisches Seminar - Abteilung Alte Geschichte of Ludwig-Maximilians-Universität München. The text was lemmatized by Mikko Luukko. The annotated edition is released under the Creative Commons Attribution Share-Alike license 3.0.",
			"cite_as": "Please cite this page as http://oracc.org/atae/P491315/.",
			"collection": "National Museum of Iraq, Baghdad, Iraq",
			"composite_witness": "witness",
			"credits": "Adapted from S. Herbordt, R. Mattila, B. Parker, J.N. Postgate, and D.J. Wiseman, Documents from the Nabu Temple and from Private Houses on the Citadel (Cuneiform Texts from Nimrud 6), London, 2019, by Jamie Novotny and Poppy Tushingham (2021) for the Munich Open-access Cuneiform Corpus Initiative (MOCCI), which is funded by LMU Munich and the Alexander von Humboldt Foundation at the Historisches Seminar - Abteilung Alte Geschichte of Ludwig-Maximilians-Universität München. The text was lemmatized by Mikko Luukko. The annotated edition is released under the Creative Commons Attribution Share-Alike license 3.0.  Please cite this page as http://oracc.org/atae/P491315/.",
			"date_of_origin": "00.000.00.00",
			"designation": "CTN 6 030",
			"dialect": "Neo-Assyrian",
			"display_name": "CTN 6, 030",
			"genre": "Legal",
			"language": "Akkadian",
			"last_mod_by": "Tushingham",
			"last_modified": "02.11.2021",
			"list_name": "atae/ctn6:P491315",
			"material": "clay",
			"object_type": "tablet",
			"period": "Neo-Assyrian",
			"pleiades_id": "894019",
			"script": "Neo-Assyrian",
			"script_remarks": "inscribed",
			"script_type": "Cuneiform",
			"ch_no": "01",
			"ch_name": "Tablets from the Nabû Temple",
			"ch_num_name": "01 (Tablets from the Nabû Temple)"
		},
		"geometry": {
			"type": "Point",
			"coordinates": [43.3275,36.099167]
		}
	}, {
		"type": "Feature",
		"properties": {
			"project": "ctn6",
			"id_text": "P429041",
			"primary_publication": "CTN 6 031",
			"museum_no": "BM —",
			"provenience": "Nimrud (Kalhu)",
			"excavation_no": "ND 05458",
			"archive": "014 - Nabû Temple",
			"atae_attribution": "Adapted from S. Herbordt, R. Mattila, B. Parker, J.N. Postgate, and D.J. Wiseman, Documents from the Nabu Temple and from Private Houses on the Citadel (Cuneiform Texts from Nimrud 6), London, 2019, by Jamie Novotny and Poppy Tushingham (2021) for the Munich Open-access Cuneiform Corpus Initiative (MOCCI), which is funded by LMU Munich and the Alexander von Humboldt Foundation at the Historisches Seminar - Abteilung Alte Geschichte of Ludwig-Maximilians-Universität München. The text was lemmatized by Mikko Luukko. The annotated edition is released under the Creative Commons Attribution Share-Alike license 3.0.",
			"cite_as": "Please cite this page as http://oracc.org/atae/P429041/.",
			"collection": "British Museum, London, UK",
			"composite_witness": "witness",
			"credits": "Adapted from S. Herbordt, R. Mattila, B. Parker, J.N. Postgate, and D.J. Wiseman, Documents from the Nabu Temple and from Private Houses on the Citadel (Cuneiform Texts from Nimrud 6), London, 2019, by Jamie Novotny and Poppy Tushingham (2021) for the Munich Open-access Cuneiform Corpus Initiative (MOCCI), which is funded by LMU Munich and the Alexander von Humboldt Foundation at the Historisches Seminar - Abteilung Alte Geschichte of Ludwig-Maximilians-Universität München. The text was lemmatized by Mikko Luukko. The annotated edition is released under the Creative Commons Attribution Share-Alike license 3.0.  Please cite this page as http://oracc.org/atae/P429041/.",
			"date_of_origin": "00.000.00.00",
			"designation": "CTN 6 031",
			"dialect": "Neo-Assyrian",
			"display_name": "CTN 6, 031",
			"genre": "Legal",
			"language": "Akkadian",
			"last_mod_by": "Tushingham",
			"last_modified": "02.11.2021",
			"list_name": "atae/ctn6:P429041",
			"material": "clay",
			"object_type": "tablet",
			"period": "Neo-Assyrian",
			"pleiades_id": "894019",
			"script": "Neo-Assyrian",
			"script_remarks": "inscribed",
			"script_type": "Cuneiform",
			"ch_no": "01",
			"ch_name": "Tablets from the Nabû Temple",
			"ch_num_name": "01 (Tablets from the Nabû Temple)"
		},
		"geometry": {
			"type": "Point",
			"coordinates": [43.3275,36.099167]
		}
	}, {
		"type": "Feature",
		"properties": {
			"project": "ctn6",
			"id_text": "P429050",
			"primary_publication": "CTN 6 032",
			"museum_no": "BM —",
			"provenience": "Nimrud (Kalhu)",
			"excavation_no": "ND 05476/3",
			"archive": "014 - Nabû Temple",
			"atae_attribution": "Adapted from S. Herbordt, R. Mattila, B. Parker, J.N. Postgate, and D.J. Wiseman, Documents from the Nabu Temple and from Private Houses on the Citadel (Cuneiform Texts from Nimrud 6), London, 2019, by Jamie Novotny and Poppy Tushingham (2021) for the Munich Open-access Cuneiform Corpus Initiative (MOCCI), which is funded by LMU Munich and the Alexander von Humboldt Foundation at the Historisches Seminar - Abteilung Alte Geschichte of Ludwig-Maximilians-Universität München. The text was lemmatized by Mikko Luukko. The annotated edition is released under the Creative Commons Attribution Share-Alike license 3.0.",
			"cite_as": "Please cite this page as http://oracc.org/atae/P429050/.",
			"collection": "British Museum, London, UK",
			"composite_witness": "witness",
			"credits": "Adapted from S. Herbordt, R. Mattila, B. Parker, J.N. Postgate, and D.J. Wiseman, Documents from the Nabu Temple and from Private Houses on the Citadel (Cuneiform Texts from Nimrud 6), London, 2019, by Jamie Novotny and Poppy Tushingham (2021) for the Munich Open-access Cuneiform Corpus Initiative (MOCCI), which is funded by LMU Munich and the Alexander von Humboldt Foundation at the Historisches Seminar - Abteilung Alte Geschichte of Ludwig-Maximilians-Universität München. The text was lemmatized by Mikko Luukko. The annotated edition is released under the Creative Commons Attribution Share-Alike license 3.0.  Please cite this page as http://oracc.org/atae/P429050/.",
			"date_of_origin": "00.000.00.00",
			"designation": "CTN 6 032",
			"dialect": "Neo-Assyrian",
			"display_name": "CTN 6, 032",
			"genre": "Legal",
			"language": "Akkadian",
			"last_mod_by": "Tushingham",
			"last_modified": "02.11.2021",
			"list_name": "atae/ctn6:P429050",
			"material": "clay",
			"object_type": "tablet",
			"period": "Neo-Assyrian",
			"pleiades_id": "894019",
			"script": "Neo-Assyrian",
			"script_remarks": "inscribed",
			"script_type": "Cuneiform",
			"ch_no": "01",
			"ch_name": "Tablets from the Nabû Temple",
			"ch_num_name": "01 (Tablets from the Nabû Temple)"
		},
		"geometry": {
			"type": "Point",
			"coordinates": [43.3275,36.099167]
		}
	}, {
		"type": "Feature",
		"properties": {
			"project": "ctn6",
			"id_text": "P464295",
			"primary_publication": "CTN 6 033",
			"museum_no": "BM —",
			"provenience": "Nimrud (Kalhu)",
			"excavation_no": "ND 05476/5",
			"archive": "014 - Nabû Temple",
			"atae_attribution": "Adapted from S. Herbordt, R. Mattila, B. Parker, J.N. Postgate, and D.J. Wiseman, Documents from the Nabu Temple and from Private Houses on the Citadel (Cuneiform Texts from Nimrud 6), London, 2019, by Jamie Novotny and Poppy Tushingham (2021) for the Munich Open-access Cuneiform Corpus Initiative (MOCCI), which is funded by LMU Munich and the Alexander von Humboldt Foundation at the Historisches Seminar - Abteilung Alte Geschichte of Ludwig-Maximilians-Universität München. The text was lemmatized by Mikko Luukko. The annotated edition is released under the Creative Commons Attribution Share-Alike license 3.0.",
			"cite_as": "Please cite this page as http://oracc.org/atae/P464295/.",
			"collection": "British Museum, London, UK",
			"composite_witness": "witness",
			"credits": "Adapted from S. Herbordt, R. Mattila, B. Parker, J.N. Postgate, and D.J. Wiseman, Documents from the Nabu Temple and from Private Houses on the Citadel (Cuneiform Texts from Nimrud 6), London, 2019, by Jamie Novotny and Poppy Tushingham (2021) for the Munich Open-access Cuneiform Corpus Initiative (MOCCI), which is funded by LMU Munich and the Alexander von Humboldt Foundation at the Historisches Seminar - Abteilung Alte Geschichte of Ludwig-Maximilians-Universität München. The text was lemmatized by Mikko Luukko. The annotated edition is released under the Creative Commons Attribution Share-Alike license 3.0.  Please cite this page as http://oracc.org/atae/P464295/.",
			"date_of_origin": "00.000.00.00",
			"designation": "CTN 6 033",
			"dialect": "Neo-Assyrian",
			"display_name": "CTN 6, 033",
			"genre": "Legal",
			"language": "Akkadian",
			"last_mod_by": "Tushingham",
			"last_modified": "02.11.2021",
			"list_name": "atae/ctn6:P464295",
			"material": "clay",
			"object_type": "tablet",
			"period": "Neo-Assyrian",
			"pleiades_id": "894019",
			"script": "Neo-Assyrian",
			"script_remarks": "inscribed",
			"script_type": "Cuneiform",
			"ch_no": "01",
			"ch_name": "Tablets from the Nabû Temple",
			"ch_num_name": "01 (Tablets from the Nabû Temple)"
		},
		"geometry": {
			"type": "Point",
			"coordinates": [43.3275,36.099167]
		}
	}, {
		"type": "Feature",
		"properties": {
			"project": "ctn6",
			"id_text": "P491313",
			"primary_publication": "CTN 6 034",
			"museum_no": "IM 059907",
			"provenience": "Nimrud (Kalhu)",
			"excavation_no": "ND 05464",
			"archive": "014 - Nabû Temple",
			"atae_attribution": "Adapted from S. Herbordt, R. Mattila, B. Parker, J.N. Postgate, and D.J. Wiseman, Documents from the Nabu Temple and from Private Houses on the Citadel (Cuneiform Texts from Nimrud 6), London, 2019, by Jamie Novotny and Poppy Tushingham (2021) for the Munich Open-access Cuneiform Corpus Initiative (MOCCI), which is funded by LMU Munich and the Alexander von Humboldt Foundation at the Historisches Seminar - Abteilung Alte Geschichte of Ludwig-Maximilians-Universität München. The text was lemmatized by Mikko Luukko. The annotated edition is released under the Creative Commons Attribution Share-Alike license 3.0.",
			"cite_as": "Please cite this page as http://oracc.org/atae/P491313/.",
			"collection": "National Museum of Iraq, Baghdad, Iraq",
			"composite_witness": "witness",
			"credits": "Adapted from S. Herbordt, R. Mattila, B. Parker, J.N. Postgate, and D.J. Wiseman, Documents from the Nabu Temple and from Private Houses on the Citadel (Cuneiform Texts from Nimrud 6), London, 2019, by Jamie Novotny and Poppy Tushingham (2021) for the Munich Open-access Cuneiform Corpus Initiative (MOCCI), which is funded by LMU Munich and the Alexander von Humboldt Foundation at the Historisches Seminar - Abteilung Alte Geschichte of Ludwig-Maximilians-Universität München. The text was lemmatized by Mikko Luukko. The annotated edition is released under the Creative Commons Attribution Share-Alike license 3.0.  Please cite this page as http://oracc.org/atae/P491313/.",
			"date_of_origin": "00.000.00.00",
			"designation": "CTN 6 034",
			"dialect": "Neo-Assyrian",
			"display_name": "CTN 6, 034",
			"genre": "Legal",
			"language": "Akkadian",
			"last_mod_by": "Tushingham",
			"last_modified": "02.11.2021",
			"list_name": "atae/ctn6:P491313",
			"material": "clay",
			"object_type": "tablet",
			"period": "Neo-Assyrian",
			"pleiades_id": "894019",
			"script": "Neo-Assyrian",
			"script_remarks": "inscribed",
			"script_type": "Cuneiform",
			"ch_no": "01",
			"ch_name": "Tablets from the Nabû Temple",
			"ch_num_name": "01 (Tablets from the Nabû Temple)"
		},
		"geometry": {
			"type": "Point",
			"coordinates": [43.3275,36.099167]
		}
	}, {
		"type": "Feature",
		"properties": {
			"project": "ctn6",
			"id_text": "P429048",
			"primary_publication": "CTN 6 035",
			"museum_no": "BM —",
			"provenience": "Nimrud (Kalhu)",
			"excavation_no": "ND 05476/1",
			"archive": "014 - Nabû Temple",
			"atae_attribution": "Adapted from S. Herbordt, R. Mattila, B. Parker, J.N. Postgate, and D.J. Wiseman, Documents from the Nabu Temple and from Private Houses on the Citadel (Cuneiform Texts from Nimrud 6), London, 2019, by Jamie Novotny and Poppy Tushingham (2021) for the Munich Open-access Cuneiform Corpus Initiative (MOCCI), which is funded by LMU Munich and the Alexander von Humboldt Foundation at the Historisches Seminar - Abteilung Alte Geschichte of Ludwig-Maximilians-Universität München. The text was lemmatized by Mikko Luukko. The annotated edition is released under the Creative Commons Attribution Share-Alike license 3.0.",
			"cite_as": "Please cite this page as http://oracc.org/atae/P429048/.",
			"collection": "British Museum, London, UK",
			"composite_witness": "witness",
			"credits": "Adapted from S. Herbordt, R. Mattila, B. Parker, J.N. Postgate, and D.J. Wiseman, Documents from the Nabu Temple and from Private Houses on the Citadel (Cuneiform Texts from Nimrud 6), London, 2019, by Jamie Novotny and Poppy Tushingham (2021) for the Munich Open-access Cuneiform Corpus Initiative (MOCCI), which is funded by LMU Munich and the Alexander von Humboldt Foundation at the Historisches Seminar - Abteilung Alte Geschichte of Ludwig-Maximilians-Universität München. The text was lemmatized by Mikko Luukko. The annotated edition is released under the Creative Commons Attribution Share-Alike license 3.0.  Please cite this page as http://oracc.org/atae/P429048/.",
			"date_of_origin": "00.000.00.00",
			"designation": "CTN 6 035",
			"dialect": "Neo-Assyrian",
			"display_name": "CTN 6, 035",
			"genre": "Legal",
			"language": "Akkadian",
			"last_mod_by": "Tushingham",
			"last_modified": "02.11.2021",
			"list_name": "atae/ctn6:P429048",
			"material": "clay",
			"object_type": "tablet",
			"period": "Neo-Assyrian",
			"pleiades_id": "894019",
			"script": "Neo-Assyrian",
			"script_remarks": "inscribed",
			"script_type": "Cuneiform",
			"ch_no": "01",
			"ch_name": "Tablets from the Nabû Temple",
			"ch_num_name": "01 (Tablets from the Nabû Temple)"
		},
		"geometry": {
			"type": "Point",
			"coordinates": [43.3275,36.099167]
		}
	}, {
		"type": "Feature",
		"properties": {
			"project": "ctn6",
			"id_text": "P491306",
			"primary_publication": "CTN 6 036",
			"museum_no": "IM 059902",
			"provenience": "Nimrud (Kalhu)",
			"excavation_no": "ND 05450",
			"archive": "014 - Nabû Temple",
			"atae_attribution": "Adapted from S. Herbordt, R. Mattila, B. Parker, J.N. Postgate, and D.J. Wiseman, Documents from the Nabu Temple and from Private Houses on the Citadel (Cuneiform Texts from Nimrud 6), London, 2019, by Jamie Novotny and Poppy Tushingham (2021) for the Munich Open-access Cuneiform Corpus Initiative (MOCCI), which is funded by LMU Munich and the Alexander von Humboldt Foundation at the Historisches Seminar - Abteilung Alte Geschichte of Ludwig-Maximilians-Universität München. The text was lemmatized by Mikko Luukko. The annotated edition is released under the Creative Commons Attribution Share-Alike license 3.0.",
			"cite_as": "Please cite this page as http://oracc.org/atae/P491306/.",
			"collection": "National Museum of Iraq, Baghdad, Iraq",
			"composite_witness": "witness",
			"credits": "Adapted from S. Herbordt, R. Mattila, B. Parker, J.N. Postgate, and D.J. Wiseman, Documents from the Nabu Temple and from Private Houses on the Citadel (Cuneiform Texts from Nimrud 6), London, 2019, by Jamie Novotny and Poppy Tushingham (2021) for the Munich Open-access Cuneiform Corpus Initiative (MOCCI), which is funded by LMU Munich and the Alexander von Humboldt Foundation at the Historisches Seminar - Abteilung Alte Geschichte of Ludwig-Maximilians-Universität München. The text was lemmatized by Mikko Luukko. The annotated edition is released under the Creative Commons Attribution Share-Alike license 3.0.  Please cite this page as http://oracc.org/atae/P491306/.",
			"date_of_origin": "00.000.00.00",
			"designation": "CTN 6 036",
			"dialect": "Neo-Assyrian",
			"display_name": "CTN 6, 036",
			"genre": "Legal",
			"language": "Akkadian",
			"last_mod_by": "Tushingham",
			"last_modified": "02.11.2021",
			"list_name": "atae/ctn6:P491306",
			"material": "clay",
			"object_type": "tablet",
			"period": "Neo-Assyrian",
			"pleiades_id": "894019",
			"script": "Neo-Assyrian",
			"script_remarks": "inscribed",
			"script_type": "Cuneiform",
			"ch_no": "01",
			"ch_name": "Tablets from the Nabû Temple",
			"ch_num_name": "01 (Tablets from the Nabû Temple)"
		},
		"geometry": {
			"type": "Point",
			"coordinates": [43.3275,36.099167]
		}
	}, {
		"type": "Feature",
		"properties": {
			"project": "ctn6",
			"id_text": "P491304",
			"primary_publication": "CTN 6 037",
			"museum_no": "IM 059900",
			"provenience": "Nimrud (Kalhu)",
			"excavation_no": "ND 05448",
			"archive": "014 - Nabû Temple",
			"atae_attribution": "Adapted from S. Herbordt, R. Mattila, B. Parker, J.N. Postgate, and D.J. Wiseman, Documents from the Nabu Temple and from Private Houses on the Citadel (Cuneiform Texts from Nimrud 6), London, 2019, by Jamie Novotny and Poppy Tushingham (2021) for the Munich Open-access Cuneiform Corpus Initiative (MOCCI), which is funded by LMU Munich and the Alexander von Humboldt Foundation at the Historisches Seminar - Abteilung Alte Geschichte of Ludwig-Maximilians-Universität München. The text was lemmatized by Mikko Luukko. The annotated edition is released under the Creative Commons Attribution Share-Alike license 3.0.",
			"cite_as": "Please cite this page as http://oracc.org/atae/P491304/.",
			"collection": "National Museum of Iraq, Baghdad, Iraq",
			"composite_witness": "witness",
			"credits": "Adapted from S. Herbordt, R. Mattila, B. Parker, J.N. Postgate, and D.J. Wiseman, Documents from the Nabu Temple and from Private Houses on the Citadel (Cuneiform Texts from Nimrud 6), London, 2019, by Jamie Novotny and Poppy Tushingham (2021) for the Munich Open-access Cuneiform Corpus Initiative (MOCCI), which is funded by LMU Munich and the Alexander von Humboldt Foundation at the Historisches Seminar - Abteilung Alte Geschichte of Ludwig-Maximilians-Universität München. The text was lemmatized by Mikko Luukko. The annotated edition is released under the Creative Commons Attribution Share-Alike license 3.0.  Please cite this page as http://oracc.org/atae/P491304/.",
			"date_of_origin": "00.000.00.00",
			"designation": "CTN 6 037",
			"dialect": "Neo-Assyrian",
			"display_name": "CTN 6, 037",
			"genre": "Legal",
			"language": "Akkadian",
			"last_mod_by": "Tushingham",
			"last_modified": "02.11.2021",
			"list_name": "atae/ctn6:P491304",
			"material": "clay",
			"object_type": "tablet",
			"period": "Neo-Assyrian",
			"pleiades_id": "894019",
			"script": "Neo-Assyrian",
			"script_remarks": "inscribed",
			"script_type": "Cuneiform",
			"ch_no": "01",
			"ch_name": "Tablets from the Nabû Temple",
			"ch_num_name": "01 (Tablets from the Nabû Temple)"
		},
		"geometry": {
			"type": "Point",
			"coordinates": [43.3275,36.099167]
		}
	}, {
		"type": "Feature",
		"properties": {
			"project": "ctn6",
			"id_text": "P464299",
			"primary_publication": "CTN 6 038",
			"museum_no": "BM —",
			"provenience": "Nimrud (Kalhu)",
			"excavation_no": "ND 05476/9",
			"archive": "014 - Nabû Temple",
			"atae_attribution": "Adapted from S. Herbordt, R. Mattila, B. Parker, J.N. Postgate, and D.J. Wiseman, Documents from the Nabu Temple and from Private Houses on the Citadel (Cuneiform Texts from Nimrud 6), London, 2019, by Jamie Novotny and Poppy Tushingham (2021) for the Munich Open-access Cuneiform Corpus Initiative (MOCCI), which is funded by LMU Munich and the Alexander von Humboldt Foundation at the Historisches Seminar - Abteilung Alte Geschichte of Ludwig-Maximilians-Universität München. The text was lemmatized by Mikko Luukko. The annotated edition is released under the Creative Commons Attribution Share-Alike license 3.0.",
			"cite_as": "Please cite this page as http://oracc.org/atae/P464299/.",
			"collection": "British Museum, London, UK",
			"composite_witness": "witness",
			"credits": "Adapted from S. Herbordt, R. Mattila, B. Parker, J.N. Postgate, and D.J. Wiseman, Documents from the Nabu Temple and from Private Houses on the Citadel (Cuneiform Texts from Nimrud 6), London, 2019, by Jamie Novotny and Poppy Tushingham (2021) for the Munich Open-access Cuneiform Corpus Initiative (MOCCI), which is funded by LMU Munich and the Alexander von Humboldt Foundation at the Historisches Seminar - Abteilung Alte Geschichte of Ludwig-Maximilians-Universität München. The text was lemmatized by Mikko Luukko. The annotated edition is released under the Creative Commons Attribution Share-Alike license 3.0.  Please cite this page as http://oracc.org/atae/P464299/.",
			"date_of_origin": "00.000.00.00",
			"designation": "CTN 6 038",
			"dialect": "Neo-Assyrian",
			"display_name": "CTN 6, 038",
			"genre": "Legal",
			"language": "Akkadian",
			"last_mod_by": "Tushingham",
			"last_modified": "02.11.2021",
			"list_name": "atae/ctn6:P464299",
			"material": "clay",
			"object_type": "tablet",
			"period": "Neo-Assyrian",
			"pleiades_id": "894019",
			"script": "Neo-Assyrian",
			"script_remarks": "inscribed",
			"script_type": "Cuneiform",
			"ch_no": "01",
			"ch_name": "Tablets from the Nabû Temple",
			"ch_num_name": "01 (Tablets from the Nabû Temple)"
		},
		"geometry": {
			"type": "Point",
			"coordinates": [43.3275,36.099167]
		}
	}, {
		"type": "Feature",
		"properties": {
			"project": "ctn6",
			"id_text": "P464298",
			"primary_publication": "CTN 6 039",
			"museum_no": "BM —",
			"provenience": "Nimrud (Kalhu)",
			"excavation_no": "ND 05476/8",
			"archive": "014 - Nabû Temple",
			"atae_attribution": "Adapted from S. Herbordt, R. Mattila, B. Parker, J.N. Postgate, and D.J. Wiseman, Documents from the Nabu Temple and from Private Houses on the Citadel (Cuneiform Texts from Nimrud 6), London, 2019, by Jamie Novotny and Poppy Tushingham (2021) for the Munich Open-access Cuneiform Corpus Initiative (MOCCI), which is funded by LMU Munich and the Alexander von Humboldt Foundation at the Historisches Seminar - Abteilung Alte Geschichte of Ludwig-Maximilians-Universität München. The text was lemmatized by Mikko Luukko. The annotated edition is released under the Creative Commons Attribution Share-Alike license 3.0.",
			"cite_as": "Please cite this page as http://oracc.org/atae/P464298/.",
			"collection": "British Museum, London, UK",
			"composite_witness": "witness",
			"credits": "Adapted from S. Herbordt, R. Mattila, B. Parker, J.N. Postgate, and D.J. Wiseman, Documents from the Nabu Temple and from Private Houses on the Citadel (Cuneiform Texts from Nimrud 6), London, 2019, by Jamie Novotny and Poppy Tushingham (2021) for the Munich Open-access Cuneiform Corpus Initiative (MOCCI), which is funded by LMU Munich and the Alexander von Humboldt Foundation at the Historisches Seminar - Abteilung Alte Geschichte of Ludwig-Maximilians-Universität München. The text was lemmatized by Mikko Luukko. The annotated edition is released under the Creative Commons Attribution Share-Alike license 3.0.  Please cite this page as http://oracc.org/atae/P464298/.",
			"date_of_origin": "00.000.00.00",
			"designation": "CTN 6 039",
			"dialect": "Neo-Assyrian",
			"display_name": "CTN 6, 039",
			"genre": "Legal",
			"language": "Akkadian",
			"last_mod_by": "Tushingham",
			"last_modified": "02.11.2021",
			"list_name": "atae/ctn6:P464298",
			"material": "clay",
			"object_type": "tablet",
			"period": "Neo-Assyrian",
			"pleiades_id": "894019",
			"script": "Neo-Assyrian",
			"script_remarks": "inscribed",
			"script_type": "Cuneiform",
			"ch_no": "01",
			"ch_name": "Tablets from the Nabû Temple",
			"ch_num_name": "01 (Tablets from the Nabû Temple)"
		},
		"geometry": {
			"type": "Point",
			"coordinates": [43.3275,36.099167]
		}
	}, {
		"type": "Feature",
		"properties": {
			"project": "ctn6",
			"id_text": "P491314",
			"primary_publication": "CTN 6 040",
			"museum_no": "IM 059908",
			"provenience": "Nimrud (Kalhu)",
			"excavation_no": "ND 05468",
			"archive": "014 - Nabû Temple",
			"atae_attribution": "Adapted from S. Herbordt, R. Mattila, B. Parker, J.N. Postgate, and D.J. Wiseman, Documents from the Nabu Temple and from Private Houses on the Citadel (Cuneiform Texts from Nimrud 6), London, 2019, by Jamie Novotny and Poppy Tushingham (2021) for the Munich Open-access Cuneiform Corpus Initiative (MOCCI), which is funded by LMU Munich and the Alexander von Humboldt Foundation at the Historisches Seminar - Abteilung Alte Geschichte of Ludwig-Maximilians-Universität München. The text was lemmatized by Mikko Luukko. The annotated edition is released under the Creative Commons Attribution Share-Alike license 3.0.",
			"cite_as": "Please cite this page as http://oracc.org/atae/P491314/.",
			"collection": "National Museum of Iraq, Baghdad, Iraq",
			"composite_witness": "witness",
			"credits": "Adapted from S. Herbordt, R. Mattila, B. Parker, J.N. Postgate, and D.J. Wiseman, Documents from the Nabu Temple and from Private Houses on the Citadel (Cuneiform Texts from Nimrud 6), London, 2019, by Jamie Novotny and Poppy Tushingham (2021) for the Munich Open-access Cuneiform Corpus Initiative (MOCCI), which is funded by LMU Munich and the Alexander von Humboldt Foundation at the Historisches Seminar - Abteilung Alte Geschichte of Ludwig-Maximilians-Universität München. The text was lemmatized by Mikko Luukko. The annotated edition is released under the Creative Commons Attribution Share-Alike license 3.0.  Please cite this page as http://oracc.org/atae/P491314/.",
			"date_of_origin": "00.000.00.00",
			"designation": "CTN 6 040",
			"dialect": "Neo-Assyrian",
			"display_name": "CTN 6, 040",
			"genre": "Legal",
			"language": "Akkadian",
			"last_mod_by": "Tushingham",
			"last_modified": "02.11.2021",
			"list_name": "atae/ctn6:P491314",
			"material": "clay",
			"object_type": "tablet",
			"period": "Neo-Assyrian",
			"pleiades_id": "894019",
			"script": "Neo-Assyrian",
			"script_remarks": "inscribed",
			"script_type": "Cuneiform",
			"ch_no": "01",
			"ch_name": "Tablets from the Nabû Temple",
			"ch_num_name": "01 (Tablets from the Nabû Temple)"
		},
		"geometry": {
			"type": "Point",
			"coordinates": [43.3275,36.099167]
		}
	}, {
		"type": "Feature",
		"properties": {
			"project": "ctn6",
			"id_text": "P429045",
			"primary_publication": "CTN 6 041",
			"museum_no": "BM —",
			"provenience": "Nimrud (Kalhu)",
			"excavation_no": "ND 05465",
			"archive": "014 - Nabû Temple",
			"atae_attribution": "Adapted from S. Herbordt, R. Mattila, B. Parker, J.N. Postgate, and D.J. Wiseman, Documents from the Nabu Temple and from Private Houses on the Citadel (Cuneiform Texts from Nimrud 6), London, 2019, by Jamie Novotny and Poppy Tushingham (2021) for the Munich Open-access Cuneiform Corpus Initiative (MOCCI), which is funded by LMU Munich and the Alexander von Humboldt Foundation at the Historisches Seminar - Abteilung Alte Geschichte of Ludwig-Maximilians-Universität München. The text was lemmatized by Mikko Luukko. The annotated edition is released under the Creative Commons Attribution Share-Alike license 3.0.",
			"cite_as": "Please cite this page as http://oracc.org/atae/P429045/.",
			"collection": "British Museum, London, UK",
			"composite_witness": "witness",
			"credits": "Adapted from S. Herbordt, R. Mattila, B. Parker, J.N. Postgate, and D.J. Wiseman, Documents from the Nabu Temple and from Private Houses on the Citadel (Cuneiform Texts from Nimrud 6), London, 2019, by Jamie Novotny and Poppy Tushingham (2021) for the Munich Open-access Cuneiform Corpus Initiative (MOCCI), which is funded by LMU Munich and the Alexander von Humboldt Foundation at the Historisches Seminar - Abteilung Alte Geschichte of Ludwig-Maximilians-Universität München. The text was lemmatized by Mikko Luukko. The annotated edition is released under the Creative Commons Attribution Share-Alike license 3.0.  Please cite this page as http://oracc.org/atae/P429045/.",
			"date_of_origin": "00.000.00.00",
			"designation": "CTN 6 041",
			"dialect": "Neo-Assyrian",
			"display_name": "CTN 6, 041",
			"genre": "Legal",
			"language": "Akkadian",
			"last_mod_by": "Tushingham",
			"last_modified": "02.11.2021",
			"list_name": "atae/ctn6:P429045",
			"material": "clay",
			"object_type": "tablet",
			"period": "Neo-Assyrian",
			"pleiades_id": "894019",
			"script": "Neo-Assyrian",
			"script_remarks": "inscribed",
			"script_type": "Cuneiform",
			"ch_no": "01",
			"ch_name": "Tablets from the Nabû Temple",
			"ch_num_name": "01 (Tablets from the Nabû Temple)"
		},
		"geometry": {
			"type": "Point",
			"coordinates": [43.3275,36.099167]
		}
	}, {
		"type": "Feature",
		"properties": {
			"project": "ctn6",
			"id_text": "P517175",
			"primary_publication": "CTN 6 042",
			"museum_no": "IM 059911/4",
			"provenience": "Nimrud (Kalhu)",
			"excavation_no": "ND 05475/4",
			"archive": "014 - Nabû Temple",
			"atae_attribution": "Adapted from S. Herbordt, R. Mattila, B. Parker, J.N. Postgate, and D.J. Wiseman, Documents from the Nabu Temple and from Private Houses on the Citadel (Cuneiform Texts from Nimrud 6), London, 2019, by Jamie Novotny and Poppy Tushingham (2021) for the Munich Open-access Cuneiform Corpus Initiative (MOCCI), which is funded by LMU Munich and the Alexander von Humboldt Foundation at the Historisches Seminar - Abteilung Alte Geschichte of Ludwig-Maximilians-Universität München. The text was lemmatized by Mikko Luukko. The annotated edition is released under the Creative Commons Attribution Share-Alike license 3.0.",
			"cite_as": "Please cite this page as http://oracc.org/atae/P517175/.",
			"collection": "National Museum of Iraq, Baghdad, Iraq",
			"composite_witness": "witness",
			"credits": "Adapted from S. Herbordt, R. Mattila, B. Parker, J.N. Postgate, and D.J. Wiseman, Documents from the Nabu Temple and from Private Houses on the Citadel (Cuneiform Texts from Nimrud 6), London, 2019, by Jamie Novotny and Poppy Tushingham (2021) for the Munich Open-access Cuneiform Corpus Initiative (MOCCI), which is funded by LMU Munich and the Alexander von Humboldt Foundation at the Historisches Seminar - Abteilung Alte Geschichte of Ludwig-Maximilians-Universität München. The text was lemmatized by Mikko Luukko. The annotated edition is released under the Creative Commons Attribution Share-Alike license 3.0.  Please cite this page as http://oracc.org/atae/P517175/.",
			"date_of_origin": "00.000.00.00",
			"designation": "CTN 6 042",
			"dialect": "Neo-Assyrian",
			"display_name": "CTN 6, 042",
			"genre": "Legal",
			"language": "Akkadian",
			"last_mod_by": "Tushingham",
			"last_modified": "02.11.2021",
			"list_name": "atae/ctn6:P517175",
			"material": "clay",
			"object_type": "tablet",
			"period": "Neo-Assyrian",
			"pleiades_id": "894019",
			"script": "Neo-Assyrian",
			"script_remarks": "inscribed",
			"script_type": "Cuneiform",
			"ch_no": "01",
			"ch_name": "Tablets from the Nabû Temple",
			"ch_num_name": "01 (Tablets from the Nabû Temple)"
		},
		"geometry": {
			"type": "Point",
			"coordinates": [43.3275,36.099167]
		}
	}, {
		"type": "Feature",
		"properties": {
			"project": "ctn6",
			"id_text": "P429047",
			"primary_publication": "CTN 6 043",
			"museum_no": "BM —",
			"provenience": "Nimrud (Kalhu)",
			"excavation_no": "ND 05473",
			"archive": "014 - Nabû Temple",
			"atae_attribution": "Adapted from S. Herbordt, R. Mattila, B. Parker, J.N. Postgate, and D.J. Wiseman, Documents from the Nabu Temple and from Private Houses on the Citadel (Cuneiform Texts from Nimrud 6), London, 2019, by Jamie Novotny and Poppy Tushingham (2021) for the Munich Open-access Cuneiform Corpus Initiative (MOCCI), which is funded by LMU Munich and the Alexander von Humboldt Foundation at the Historisches Seminar - Abteilung Alte Geschichte of Ludwig-Maximilians-Universität München. The text was lemmatized by Mikko Luukko. The annotated edition is released under the Creative Commons Attribution Share-Alike license 3.0.",
			"cite_as": "Please cite this page as http://oracc.org/atae/P429047/.",
			"collection": "British Museum, London, UK",
			"composite_witness": "witness",
			"credits": "Adapted from S. Herbordt, R. Mattila, B. Parker, J.N. Postgate, and D.J. Wiseman, Documents from the Nabu Temple and from Private Houses on the Citadel (Cuneiform Texts from Nimrud 6), London, 2019, by Jamie Novotny and Poppy Tushingham (2021) for the Munich Open-access Cuneiform Corpus Initiative (MOCCI), which is funded by LMU Munich and the Alexander von Humboldt Foundation at the Historisches Seminar - Abteilung Alte Geschichte of Ludwig-Maximilians-Universität München. The text was lemmatized by Mikko Luukko. The annotated edition is released under the Creative Commons Attribution Share-Alike license 3.0.  Please cite this page as http://oracc.org/atae/P429047/.",
			"date_of_origin": "00.000.00.00",
			"designation": "CTN 6 043",
			"dialect": "Neo-Assyrian",
			"display_name": "CTN 6, 043",
			"genre": "Legal",
			"language": "Akkadian",
			"last_mod_by": "Tushingham",
			"last_modified": "02.11.2021",
			"list_name": "atae/ctn6:P429047",
			"material": "clay",
			"object_type": "tablet",
			"period": "Neo-Assyrian",
			"pleiades_id": "894019",
			"script": "Neo-Assyrian",
			"script_remarks": "inscribed",
			"script_type": "Cuneiform",
			"ch_no": "01",
			"ch_name": "Tablets from the Nabû Temple",
			"ch_num_name": "01 (Tablets from the Nabû Temple)"
		},
		"geometry": {
			"type": "Point",
			"coordinates": [43.3275,36.099167]
		}
	}, {
		"type": "Feature",
		"properties": {
			"project": "ctn6",
			"id_text": "P517172",
			"primary_publication": "CTN 6 044",
			"museum_no": "IM 059911/1",
			"provenience": "Nimrud (Kalhu)",
			"excavation_no": "ND 05475/1",
			"archive": "014 - Nabû Temple",
			"atae_attribution": "Adapted from S. Herbordt, R. Mattila, B. Parker, J.N. Postgate, and D.J. Wiseman, Documents from the Nabu Temple and from Private Houses on the Citadel (Cuneiform Texts from Nimrud 6), London, 2019, by Jamie Novotny and Poppy Tushingham (2021) for the Munich Open-access Cuneiform Corpus Initiative (MOCCI), which is funded by LMU Munich and the Alexander von Humboldt Foundation at the Historisches Seminar - Abteilung Alte Geschichte of Ludwig-Maximilians-Universität München. The text was lemmatized by Mikko Luukko. The annotated edition is released under the Creative Commons Attribution Share-Alike license 3.0.",
			"cite_as": "Please cite this page as http://oracc.org/atae/P517172/.",
			"collection": "National Museum of Iraq, Baghdad, Iraq",
			"composite_witness": "witness",
			"credits": "Adapted from S. Herbordt, R. Mattila, B. Parker, J.N. Postgate, and D.J. Wiseman, Documents from the Nabu Temple and from Private Houses on the Citadel (Cuneiform Texts from Nimrud 6), London, 2019, by Jamie Novotny and Poppy Tushingham (2021) for the Munich Open-access Cuneiform Corpus Initiative (MOCCI), which is funded by LMU Munich and the Alexander von Humboldt Foundation at the Historisches Seminar - Abteilung Alte Geschichte of Ludwig-Maximilians-Universität München. The text was lemmatized by Mikko Luukko. The annotated edition is released under the Creative Commons Attribution Share-Alike license 3.0.  Please cite this page as http://oracc.org/atae/P517172/.",
			"date_of_origin": "00.000.00.00",
			"designation": "CTN 6 044",
			"dialect": "Neo-Assyrian",
			"display_name": "CTN 6, 044",
			"genre": "Legal",
			"language": "Akkadian",
			"last_mod_by": "Tushingham",
			"last_modified": "02.11.2021",
			"list_name": "atae/ctn6:P517172",
			"material": "clay",
			"object_type": "tablet",
			"period": "Neo-Assyrian",
			"pleiades_id": "894019",
			"script": "Neo-Assyrian",
			"script_remarks": "inscribed",
			"script_type": "Cuneiform",
			"ch_no": "01",
			"ch_name": "Tablets from the Nabû Temple",
			"ch_num_name": "01 (Tablets from the Nabû Temple)"
		},
		"geometry": {
			"type": "Point",
			"coordinates": [43.3275,36.099167]
		}
	}, {
		"type": "Feature",
		"properties": {
			"project": "ctn6",
			"id_text": "P517173",
			"primary_publication": "CTN 6 045",
			"museum_no": "IM 059911/2",
			"provenience": "Nimrud (Kalhu)",
			"excavation_no": "ND 05475/2",
			"archive": "014 - Nabû Temple",
			"atae_attribution": "Adapted from S. Herbordt, R. Mattila, B. Parker, J.N. Postgate, and D.J. Wiseman, Documents from the Nabu Temple and from Private Houses on the Citadel (Cuneiform Texts from Nimrud 6), London, 2019, by Jamie Novotny and Poppy Tushingham (2021) for the Munich Open-access Cuneiform Corpus Initiative (MOCCI), which is funded by LMU Munich and the Alexander von Humboldt Foundation at the Historisches Seminar - Abteilung Alte Geschichte of Ludwig-Maximilians-Universität München. The text was lemmatized by Mikko Luukko. The annotated edition is released under the Creative Commons Attribution Share-Alike license 3.0.",
			"cite_as": "Please cite this page as http://oracc.org/atae/P517173/.",
			"collection": "National Museum of Iraq, Baghdad, Iraq",
			"composite_witness": "witness",
			"credits": "Adapted from S. Herbordt, R. Mattila, B. Parker, J.N. Postgate, and D.J. Wiseman, Documents from the Nabu Temple and from Private Houses on the Citadel (Cuneiform Texts from Nimrud 6), London, 2019, by Jamie Novotny and Poppy Tushingham (2021) for the Munich Open-access Cuneiform Corpus Initiative (MOCCI), which is funded by LMU Munich and the Alexander von Humboldt Foundation at the Historisches Seminar - Abteilung Alte Geschichte of Ludwig-Maximilians-Universität München. The text was lemmatized by Mikko Luukko. The annotated edition is released under the Creative Commons Attribution Share-Alike license 3.0.  Please cite this page as http://oracc.org/atae/P517173/.",
			"date_of_origin": "00.000.00.00",
			"designation": "CTN 6 045",
			"dialect": "Neo-Assyrian",
			"display_name": "CTN 6, 045",
			"genre": "Legal",
			"language": "Akkadian",
			"last_mod_by": "Tushingham",
			"last_modified": "02.11.2021",
			"list_name": "atae/ctn6:P517173",
			"material": "clay",
			"object_type": "tablet",
			"period": "Neo-Assyrian",
			"pleiades_id": "894019",
			"script": "Neo-Assyrian",
			"script_remarks": "inscribed",
			"script_type": "Cuneiform",
			"ch_no": "01",
			"ch_name": "Tablets from the Nabû Temple",
			"ch_num_name": "01 (Tablets from the Nabû Temple)"
		},
		"geometry": {
			"type": "Point",
			"coordinates": [43.3275,36.099167]
		}
	}, {
		"type": "Feature",
		"properties": {
			"project": "ctn6",
			"id_text": "P517177",
			"primary_publication": "CTN 6 046",
			"museum_no": "IM 059911/6",
			"provenience": "Nimrud (Kalhu)",
			"excavation_no": "ND 05475/6",
			"archive": "014 - Nabû Temple",
			"atae_attribution": "Adapted from S. Herbordt, R. Mattila, B. Parker, J.N. Postgate, and D.J. Wiseman, Documents from the Nabu Temple and from Private Houses on the Citadel (Cuneiform Texts from Nimrud 6), London, 2019, by Jamie Novotny and Poppy Tushingham (2021) for the Munich Open-access Cuneiform Corpus Initiative (MOCCI), which is funded by LMU Munich and the Alexander von Humboldt Foundation at the Historisches Seminar - Abteilung Alte Geschichte of Ludwig-Maximilians-Universität München. The text was lemmatized by Mikko Luukko. The annotated edition is released under the Creative Commons Attribution Share-Alike license 3.0.",
			"cite_as": "Please cite this page as http://oracc.org/atae/P517177/.",
			"collection": "National Museum of Iraq, Baghdad, Iraq",
			"composite_witness": "witness",
			"credits": "Adapted from S. Herbordt, R. Mattila, B. Parker, J.N. Postgate, and D.J. Wiseman, Documents from the Nabu Temple and from Private Houses on the Citadel (Cuneiform Texts from Nimrud 6), London, 2019, by Jamie Novotny and Poppy Tushingham (2021) for the Munich Open-access Cuneiform Corpus Initiative (MOCCI), which is funded by LMU Munich and the Alexander von Humboldt Foundation at the Historisches Seminar - Abteilung Alte Geschichte of Ludwig-Maximilians-Universität München. The text was lemmatized by Mikko Luukko. The annotated edition is released under the Creative Commons Attribution Share-Alike license 3.0.  Please cite this page as http://oracc.org/atae/P517177/.",
			"date_of_origin": "00.000.00.00",
			"designation": "CTN 6 046",
			"dialect": "Neo-Assyrian",
			"display_name": "CTN 6, 046",
			"genre": "Legal",
			"language": "Akkadian",
			"last_mod_by": "Tushingham",
			"last_modified": "02.11.2021",
			"list_name": "atae/ctn6:P517177",
			"material": "clay",
			"object_type": "tablet",
			"period": "Neo-Assyrian",
			"pleiades_id": "894019",
			"script": "Neo-Assyrian",
			"script_remarks": "inscribed",
			"script_type": "Cuneiform",
			"ch_no": "01",
			"ch_name": "Tablets from the Nabû Temple",
			"ch_num_name": "01 (Tablets from the Nabû Temple)"
		},
		"geometry": {
			"type": "Point",
			"coordinates": [43.3275,36.099167]
		}
	}, {
		"type": "Feature",
		"properties": {
			"project": "ctn6",
			"id_text": "P491316",
			"primary_publication": "CTN 6 047",
			"museum_no": "IM 059911/7",
			"provenience": "Nimrud (Kalhu)",
			"excavation_no": "ND 05475/7",
			"archive": "014 - Nabû Temple",
			"atae_attribution": "Adapted from S. Herbordt, R. Mattila, B. Parker, J.N. Postgate, and D.J. Wiseman, Documents from the Nabu Temple and from Private Houses on the Citadel (Cuneiform Texts from Nimrud 6), London, 2019, by Jamie Novotny and Poppy Tushingham (2021) for the Munich Open-access Cuneiform Corpus Initiative (MOCCI), which is funded by LMU Munich and the Alexander von Humboldt Foundation at the Historisches Seminar - Abteilung Alte Geschichte of Ludwig-Maximilians-Universität München. The text was lemmatized by Mikko Luukko. The annotated edition is released under the Creative Commons Attribution Share-Alike license 3.0.",
			"cite_as": "Please cite this page as http://oracc.org/atae/P491316/.",
			"collection": "National Museum of Iraq, Baghdad, Iraq",
			"composite_witness": "witness",
			"credits": "Adapted from S. Herbordt, R. Mattila, B. Parker, J.N. Postgate, and D.J. Wiseman, Documents from the Nabu Temple and from Private Houses on the Citadel (Cuneiform Texts from Nimrud 6), London, 2019, by Jamie Novotny and Poppy Tushingham (2021) for the Munich Open-access Cuneiform Corpus Initiative (MOCCI), which is funded by LMU Munich and the Alexander von Humboldt Foundation at the Historisches Seminar - Abteilung Alte Geschichte of Ludwig-Maximilians-Universität München. The text was lemmatized by Mikko Luukko. The annotated edition is released under the Creative Commons Attribution Share-Alike license 3.0.  Please cite this page as http://oracc.org/atae/P491316/.",
			"date_of_origin": "00.000.00.00",
			"designation": "CTN 6 047",
			"dialect": "Neo-Assyrian",
			"display_name": "CTN 6, 047",
			"genre": "Legal",
			"language": "Akkadian",
			"last_mod_by": "Tushingham",
			"last_modified": "02.11.2021",
			"list_name": "atae/ctn6:P491316",
			"material": "clay",
			"object_type": "tablet",
			"period": "Neo-Assyrian",
			"pleiades_id": "894019",
			"script": "Neo-Assyrian",
			"script_remarks": "inscribed",
			"script_type": "Cuneiform",
			"ch_no": "01",
			"ch_name": "Tablets from the Nabû Temple",
			"ch_num_name": "01 (Tablets from the Nabû Temple)"
		},
		"geometry": {
			"type": "Point",
			"coordinates": [43.3275,36.099167]
		}
	}, {
		"type": "Feature",
		"properties": {
			"project": "ctn6",
			"id_text": "P517178",
			"primary_publication": "CTN 6 048",
			"museum_no": "IM 059911/9",
			"provenience": "Nimrud (Kalhu)",
			"excavation_no": "ND 05475/9",
			"archive": "014 - Nabû Temple",
			"atae_attribution": "Adapted from S. Herbordt, R. Mattila, B. Parker, J.N. Postgate, and D.J. Wiseman, Documents from the Nabu Temple and from Private Houses on the Citadel (Cuneiform Texts from Nimrud 6), London, 2019, by Jamie Novotny and Poppy Tushingham (2021) for the Munich Open-access Cuneiform Corpus Initiative (MOCCI), which is funded by LMU Munich and the Alexander von Humboldt Foundation at the Historisches Seminar - Abteilung Alte Geschichte of Ludwig-Maximilians-Universität München. The text was lemmatized by Mikko Luukko. The annotated edition is released under the Creative Commons Attribution Share-Alike license 3.0.",
			"cite_as": "Please cite this page as http://oracc.org/atae/P517178/.",
			"collection": "National Museum of Iraq, Baghdad, Iraq",
			"composite_witness": "witness",
			"credits": "Adapted from S. Herbordt, R. Mattila, B. Parker, J.N. Postgate, and D.J. Wiseman, Documents from the Nabu Temple and from Private Houses on the Citadel (Cuneiform Texts from Nimrud 6), London, 2019, by Jamie Novotny and Poppy Tushingham (2021) for the Munich Open-access Cuneiform Corpus Initiative (MOCCI), which is funded by LMU Munich and the Alexander von Humboldt Foundation at the Historisches Seminar - Abteilung Alte Geschichte of Ludwig-Maximilians-Universität München. The text was lemmatized by Mikko Luukko. The annotated edition is released under the Creative Commons Attribution Share-Alike license 3.0.  Please cite this page as http://oracc.org/atae/P517178/.",
			"date_of_origin": "00.000.00.00",
			"designation": "CTN 6 048",
			"dialect": "Neo-Assyrian",
			"display_name": "CTN 6, 048",
			"genre": "Legal",
			"language": "Akkadian",
			"last_mod_by": "Tushingham",
			"last_modified": "02.11.2021",
			"list_name": "atae/ctn6:P517178",
			"material": "clay",
			"object_type": "tablet",
			"period": "Neo-Assyrian",
			"pleiades_id": "894019",
			"script": "Neo-Assyrian",
			"script_remarks": "inscribed",
			"script_type": "Cuneiform",
			"ch_no": "01",
			"ch_name": "Tablets from the Nabû Temple",
			"ch_num_name": "01 (Tablets from the Nabû Temple)"
		},
		"geometry": {
			"type": "Point",
			"coordinates": [43.3275,36.099167]
		}
	}, {
		"type": "Feature",
		"properties": {
			"project": "ctn6",
			"id_text": "P491317",
			"primary_publication": "CTN 6 049",
			"museum_no": "IM 059911/8",
			"provenience": "Nimrud (Kalhu)",
			"excavation_no": "ND 05475/8",
			"archive": "014 - Nabû Temple",
			"atae_attribution": "Adapted from S. Herbordt, R. Mattila, B. Parker, J.N. Postgate, and D.J. Wiseman, Documents from the Nabu Temple and from Private Houses on the Citadel (Cuneiform Texts from Nimrud 6), London, 2019, by Jamie Novotny and Poppy Tushingham (2021) for the Munich Open-access Cuneiform Corpus Initiative (MOCCI), which is funded by LMU Munich and the Alexander von Humboldt Foundation at the Historisches Seminar - Abteilung Alte Geschichte of Ludwig-Maximilians-Universität München. The text was lemmatized by Mikko Luukko. The annotated edition is released under the Creative Commons Attribution Share-Alike license 3.0.",
			"cite_as": "Please cite this page as http://oracc.org/atae/P491317/.",
			"collection": "National Museum of Iraq, Baghdad, Iraq",
			"composite_witness": "witness",
			"credits": "Adapted from S. Herbordt, R. Mattila, B. Parker, J.N. Postgate, and D.J. Wiseman, Documents from the Nabu Temple and from Private Houses on the Citadel (Cuneiform Texts from Nimrud 6), London, 2019, by Jamie Novotny and Poppy Tushingham (2021) for the Munich Open-access Cuneiform Corpus Initiative (MOCCI), which is funded by LMU Munich and the Alexander von Humboldt Foundation at the Historisches Seminar - Abteilung Alte Geschichte of Ludwig-Maximilians-Universität München. The text was lemmatized by Mikko Luukko. The annotated edition is released under the Creative Commons Attribution Share-Alike license 3.0.  Please cite this page as http://oracc.org/atae/P491317/.",
			"date_of_origin": "00.000.00.00",
			"designation": "CTN 6 049",
			"dialect": "Neo-Assyrian",
			"display_name": "CTN 6, 049",
			"genre": "Legal",
			"language": "Akkadian",
			"last_mod_by": "Tushingham",
			"last_modified": "02.11.2021",
			"list_name": "atae/ctn6:P491317",
			"material": "clay",
			"object_type": "tablet",
			"period": "Neo-Assyrian",
			"pleiades_id": "894019",
			"script": "Neo-Assyrian",
			"script_remarks": "inscribed",
			"script_type": "Cuneiform",
			"ch_no": "01",
			"ch_name": "Tablets from the Nabû Temple",
			"ch_num_name": "01 (Tablets from the Nabû Temple)"
		},
		"geometry": {
			"type": "Point",
			"coordinates": [43.3275,36.099167]
		}
	}, {
		"type": "Feature",
		"properties": {
			"project": "ctn6",
			"id_text": "P517163",
			"primary_publication": "CTN 6 050",
			"museum_no": "IM 067543",
			"provenience": "Nimrud (Kalhu)",
			"excavation_no": "ND 04318",
			"archive": "014 - Nabû Temple",
			"atae_attribution": "Adapted from S. Herbordt, R. Mattila, B. Parker, J.N. Postgate, and D.J. Wiseman, Documents from the Nabu Temple and from Private Houses on the Citadel (Cuneiform Texts from Nimrud 6), London, 2019, by Jamie Novotny and Poppy Tushingham (2021) for the Munich Open-access Cuneiform Corpus Initiative (MOCCI), which is funded by LMU Munich and the Alexander von Humboldt Foundation at the Historisches Seminar - Abteilung Alte Geschichte of Ludwig-Maximilians-Universität München. The text was lemmatized by Mikko Luukko. The annotated edition is released under the Creative Commons Attribution Share-Alike license 3.0.",
			"cite_as": "Please cite this page as http://oracc.org/atae/P517163/.",
			"collection": "National Museum of Iraq, Baghdad, Iraq",
			"composite_witness": "witness",
			"credits": "Adapted from S. Herbordt, R. Mattila, B. Parker, J.N. Postgate, and D.J. Wiseman, Documents from the Nabu Temple and from Private Houses on the Citadel (Cuneiform Texts from Nimrud 6), London, 2019, by Jamie Novotny and Poppy Tushingham (2021) for the Munich Open-access Cuneiform Corpus Initiative (MOCCI), which is funded by LMU Munich and the Alexander von Humboldt Foundation at the Historisches Seminar - Abteilung Alte Geschichte of Ludwig-Maximilians-Universität München. The text was lemmatized by Mikko Luukko. The annotated edition is released under the Creative Commons Attribution Share-Alike license 3.0.  Please cite this page as http://oracc.org/atae/P517163/.",
			"date_of_origin": "00.000.00.00",
			"designation": "CTN 6 050",
			"dialect": "Neo-Assyrian",
			"display_name": "CTN 6, 050",
			"genre": "Legal",
			"language": "Akkadian",
			"last_mod_by": "Tushingham",
			"last_modified": "02.11.2021",
			"list_name": "atae/ctn6:P517163",
			"material": "clay",
			"object_type": "tablet",
			"period": "Neo-Assyrian",
			"pleiades_id": "894019",
			"script": "Neo-Assyrian",
			"script_remarks": "inscribed",
			"script_type": "Cuneiform",
			"ch_no": "01",
			"ch_name": "Tablets from the Nabû Temple",
			"ch_num_name": "01 (Tablets from the Nabû Temple)"
		},
		"geometry": {
			"type": "Point",
			"coordinates": [43.3275,36.099167]
		}
	}, {
		"type": "Feature",
		"properties": {
			"project": "ctn6",
			"id_text": "P517166",
			"primary_publication": "CTN 6 051",
			"museum_no": "IM —",
			"provenience": "Nimrud (Kalhu)",
			"excavation_no": "ND 04405/73",
			"archive": "014 - Nabû Temple",
			"atae_attribution": "Adapted from S. Herbordt, R. Mattila, B. Parker, J.N. Postgate, and D.J. Wiseman, Documents from the Nabu Temple and from Private Houses on the Citadel (Cuneiform Texts from Nimrud 6), London, 2019, by Jamie Novotny and Poppy Tushingham (2021) for the Munich Open-access Cuneiform Corpus Initiative (MOCCI), which is funded by LMU Munich and the Alexander von Humboldt Foundation at the Historisches Seminar - Abteilung Alte Geschichte of Ludwig-Maximilians-Universität München. The text was lemmatized by Mikko Luukko. The annotated edition is released under the Creative Commons Attribution Share-Alike license 3.0.",
			"cite_as": "Please cite this page as http://oracc.org/atae/P517166/.",
			"collection": "National Museum of Iraq, Baghdad, Iraq",
			"composite_witness": "witness",
			"credits": "Adapted from S. Herbordt, R. Mattila, B. Parker, J.N. Postgate, and D.J. Wiseman, Documents from the Nabu Temple and from Private Houses on the Citadel (Cuneiform Texts from Nimrud 6), London, 2019, by Jamie Novotny and Poppy Tushingham (2021) for the Munich Open-access Cuneiform Corpus Initiative (MOCCI), which is funded by LMU Munich and the Alexander von Humboldt Foundation at the Historisches Seminar - Abteilung Alte Geschichte of Ludwig-Maximilians-Universität München. The text was lemmatized by Mikko Luukko. The annotated edition is released under the Creative Commons Attribution Share-Alike license 3.0.  Please cite this page as http://oracc.org/atae/P517166/.",
			"date_of_origin": "00.000.00.00",
			"designation": "CTN 6 051",
			"dialect": "Neo-Assyrian",
			"display_name": "CTN 6, 051",
			"genre": "Legal",
			"language": "Akkadian",
			"last_mod_by": "Tushingham",
			"last_modified": "02.11.2021",
			"list_name": "atae/ctn6:P517166",
			"material": "clay",
			"object_type": "tablet",
			"period": "Neo-Assyrian",
			"pleiades_id": "894019",
			"script": "Neo-Assyrian",
			"script_remarks": "inscribed",
			"script_type": "Cuneiform",
			"ch_no": "01",
			"ch_name": "Tablets from the Nabû Temple",
			"ch_num_name": "01 (Tablets from the Nabû Temple)"
		},
		"geometry": {
			"type": "Point",
			"coordinates": [43.3275,36.099167]
		}
	}, {
		"type": "Feature",
		"properties": {
			"project": "ctn6",
			"id_text": "P517165",
			"primary_publication": "CTN 6 052",
			"museum_no": "IM —",
			"provenience": "Nimrud (Kalhu)",
			"excavation_no": "ND 04405/20",
			"archive": "014 - Nabû Temple",
			"atae_attribution": "Adapted from S. Herbordt, R. Mattila, B. Parker, J.N. Postgate, and D.J. Wiseman, Documents from the Nabu Temple and from Private Houses on the Citadel (Cuneiform Texts from Nimrud 6), London, 2019, by Jamie Novotny and Poppy Tushingham (2021) for the Munich Open-access Cuneiform Corpus Initiative (MOCCI), which is funded by LMU Munich and the Alexander von Humboldt Foundation at the Historisches Seminar - Abteilung Alte Geschichte of Ludwig-Maximilians-Universität München. The text was lemmatized by Mikko Luukko. The annotated edition is released under the Creative Commons Attribution Share-Alike license 3.0.",
			"cite_as": "Please cite this page as http://oracc.org/atae/P517165/.",
			"collection": "National Museum of Iraq, Baghdad, Iraq",
			"composite_witness": "witness",
			"credits": "Adapted from S. Herbordt, R. Mattila, B. Parker, J.N. Postgate, and D.J. Wiseman, Documents from the Nabu Temple and from Private Houses on the Citadel (Cuneiform Texts from Nimrud 6), London, 2019, by Jamie Novotny and Poppy Tushingham (2021) for the Munich Open-access Cuneiform Corpus Initiative (MOCCI), which is funded by LMU Munich and the Alexander von Humboldt Foundation at the Historisches Seminar - Abteilung Alte Geschichte of Ludwig-Maximilians-Universität München. The text was lemmatized by Mikko Luukko. The annotated edition is released under the Creative Commons Attribution Share-Alike license 3.0.  Please cite this page as http://oracc.org/atae/P517165/.",
			"date_of_origin": "00.000.00.00",
			"designation": "CTN 6 052",
			"dialect": "Neo-Assyrian",
			"display_name": "CTN 6, 052",
			"genre": "Legal",
			"language": "Akkadian",
			"last_mod_by": "Tushingham",
			"last_modified": "02.11.2021",
			"list_name": "atae/ctn6:P517165",
			"material": "clay",
			"object_type": "tablet",
			"period": "Neo-Assyrian",
			"pleiades_id": "894019",
			"script": "Neo-Assyrian",
			"script_remarks": "inscribed",
			"script_type": "Cuneiform",
			"ch_no": "01",
			"ch_name": "Tablets from the Nabû Temple",
			"ch_num_name": "01 (Tablets from the Nabû Temple)"
		},
		"geometry": {
			"type": "Point",
			"coordinates": [43.3275,36.099167]
		}
	}, {
		"type": "Feature",
		"properties": {
			"project": "ctn6",
			"id_text": "P429044",
			"primary_publication": "CTN 6 053",
			"museum_no": "BM —",
			"provenience": "Nimrud (Kalhu)",
			"excavation_no": "ND 05462",
			"archive": "014 - Nabû Temple",
			"atae_attribution": "Adapted from S. Herbordt, R. Mattila, B. Parker, J.N. Postgate, and D.J. Wiseman, Documents from the Nabu Temple and from Private Houses on the Citadel (Cuneiform Texts from Nimrud 6), London, 2019, by Jamie Novotny and Poppy Tushingham (2021) for the Munich Open-access Cuneiform Corpus Initiative (MOCCI), which is funded by LMU Munich and the Alexander von Humboldt Foundation at the Historisches Seminar - Abteilung Alte Geschichte of Ludwig-Maximilians-Universität München. The text was lemmatized by Mikko Luukko. The annotated edition is released under the Creative Commons Attribution Share-Alike license 3.0.",
			"cite_as": "Please cite this page as http://oracc.org/atae/P429044/.",
			"collection": "British Museum, London, UK",
			"composite_witness": "witness",
			"credits": "Adapted from S. Herbordt, R. Mattila, B. Parker, J.N. Postgate, and D.J. Wiseman, Documents from the Nabu Temple and from Private Houses on the Citadel (Cuneiform Texts from Nimrud 6), London, 2019, by Jamie Novotny and Poppy Tushingham (2021) for the Munich Open-access Cuneiform Corpus Initiative (MOCCI), which is funded by LMU Munich and the Alexander von Humboldt Foundation at the Historisches Seminar - Abteilung Alte Geschichte of Ludwig-Maximilians-Universität München. The text was lemmatized by Mikko Luukko. The annotated edition is released under the Creative Commons Attribution Share-Alike license 3.0.  Please cite this page as http://oracc.org/atae/P429044/.",
			"date_of_origin": "00.000.00.00",
			"designation": "CTN 6 053",
			"dialect": "Neo-Assyrian",
			"display_name": "CTN 6, 053",
			"genre": "Legal",
			"language": "Akkadian",
			"last_mod_by": "Tushingham",
			"last_modified": "02.11.2021",
			"list_name": "atae/ctn6:P429044",
			"material": "clay",
			"object_type": "tablet",
			"period": "Neo-Assyrian",
			"pleiades_id": "894019",
			"script": "Neo-Assyrian",
			"script_remarks": "inscribed",
			"script_type": "Cuneiform",
			"ch_no": "01",
			"ch_name": "Tablets from the Nabû Temple",
			"ch_num_name": "01 (Tablets from the Nabû Temple)"
		},
		"geometry": {
			"type": "Point",
			"coordinates": [43.3275,36.099167]
		}
	}, {
		"type": "Feature",
		"properties": {
			"project": "ctn6",
			"id_text": "P429012",
			"primary_publication": "CTN 6 054",
			"museum_no": "BM —",
			"provenience": "Nimrud (Kalhu)",
			"excavation_no": "ND 04302",
			"archive": "014 - Nabû Temple",
			"atae_attribution": "Adapted from S. Herbordt, R. Mattila, B. Parker, J.N. Postgate, and D.J. Wiseman, Documents from the Nabu Temple and from Private Houses on the Citadel (Cuneiform Texts from Nimrud 6), London, 2019, by Jamie Novotny and Poppy Tushingham (2021) for the Munich Open-access Cuneiform Corpus Initiative (MOCCI), which is funded by LMU Munich and the Alexander von Humboldt Foundation at the Historisches Seminar - Abteilung Alte Geschichte of Ludwig-Maximilians-Universität München. The text was lemmatized by Mikko Luukko. The annotated edition is released under the Creative Commons Attribution Share-Alike license 3.0.",
			"cite_as": "Please cite this page as http://oracc.org/atae/P429012/.",
			"collection": "British Museum, London, UK",
			"composite_witness": "witness",
			"credits": "Adapted from S. Herbordt, R. Mattila, B. Parker, J.N. Postgate, and D.J. Wiseman, Documents from the Nabu Temple and from Private Houses on the Citadel (Cuneiform Texts from Nimrud 6), London, 2019, by Jamie Novotny and Poppy Tushingham (2021) for the Munich Open-access Cuneiform Corpus Initiative (MOCCI), which is funded by LMU Munich and the Alexander von Humboldt Foundation at the Historisches Seminar - Abteilung Alte Geschichte of Ludwig-Maximilians-Universität München. The text was lemmatized by Mikko Luukko. The annotated edition is released under the Creative Commons Attribution Share-Alike license 3.0.  Please cite this page as http://oracc.org/atae/P429012/.",
			"date_of_origin": "00.000.00.00",
			"designation": "CTN 6 054",
			"dialect": "Neo-Assyrian",
			"display_name": "CTN 6, 054",
			"genre": "Legal",
			"language": "Akkadian",
			"last_mod_by": "Tushingham",
			"last_modified": "02.11.2021",
			"list_name": "atae/ctn6:P429012",
			"material": "clay",
			"object_type": "tablet",
			"period": "Neo-Assyrian",
			"pleiades_id": "894019",
			"script": "Neo-Assyrian",
			"script_remarks": "inscribed",
			"script_type": "Cuneiform",
			"ch_no": "01",
			"ch_name": "Tablets from the Nabû Temple",
			"ch_num_name": "01 (Tablets from the Nabû Temple)"
		},
		"geometry": {
			"type": "Point",
			"coordinates": [43.3275,36.099167]
		}
	}, {
		"type": "Feature",
		"properties": {
			"project": "ctn6",
			"id_text": "P429035",
			"primary_publication": "CTN 6 055",
			"museum_no": "BM —",
			"provenience": "Nimrud (Kalhu)",
			"excavation_no": "ND 05418",
			"archive": "014 - Nabû Temple",
			"atae_attribution": "Adapted from S. Herbordt, R. Mattila, B. Parker, J.N. Postgate, and D.J. Wiseman, Documents from the Nabu Temple and from Private Houses on the Citadel (Cuneiform Texts from Nimrud 6), London, 2019, by Jamie Novotny and Poppy Tushingham (2021) for the Munich Open-access Cuneiform Corpus Initiative (MOCCI), which is funded by LMU Munich and the Alexander von Humboldt Foundation at the Historisches Seminar - Abteilung Alte Geschichte of Ludwig-Maximilians-Universität München. The text was lemmatized by Mikko Luukko. The annotated edition is released under the Creative Commons Attribution Share-Alike license 3.0.",
			"cite_as": "Please cite this page as http://oracc.org/atae/P429035/.",
			"collection": "British Museum, London, UK",
			"composite_witness": "witness",
			"credits": "Adapted from S. Herbordt, R. Mattila, B. Parker, J.N. Postgate, and D.J. Wiseman, Documents from the Nabu Temple and from Private Houses on the Citadel (Cuneiform Texts from Nimrud 6), London, 2019, by Jamie Novotny and Poppy Tushingham (2021) for the Munich Open-access Cuneiform Corpus Initiative (MOCCI), which is funded by LMU Munich and the Alexander von Humboldt Foundation at the Historisches Seminar - Abteilung Alte Geschichte of Ludwig-Maximilians-Universität München. The text was lemmatized by Mikko Luukko. The annotated edition is released under the Creative Commons Attribution Share-Alike license 3.0.  Please cite this page as http://oracc.org/atae/P429035/.",
			"date_of_origin": "00.000.00.00",
			"designation": "CTN 6 055",
			"dialect": "Neo-Assyrian",
			"display_name": "CTN 6, 055",
			"genre": "Legal",
			"language": "Akkadian",
			"last_mod_by": "Tushingham",
			"last_modified": "02.11.2021",
			"list_name": "atae/ctn6:P429035",
			"material": "clay",
			"object_type": "tablet",
			"period": "Neo-Assyrian",
			"pleiades_id": "894019",
			"script": "Neo-Assyrian",
			"script_remarks": "inscribed",
			"script_type": "Cuneiform",
			"ch_no": "01",
			"ch_name": "Tablets from the Nabû Temple",
			"ch_num_name": "01 (Tablets from the Nabû Temple)"
		},
		"geometry": {
			"type": "Point",
			"coordinates": [43.3275,36.099167]
		}
	}, {
		"type": "Feature",
		"properties": {
			"project": "ctn6",
			"id_text": "P429017",
			"primary_publication": "CTN 6 056",
			"museum_no": "BM —",
			"provenience": "Nimrud (Kalhu)",
			"excavation_no": "ND 04317",
			"archive": "014 - Nabû Temple",
			"atae_attribution": "Adapted from S. Herbordt, R. Mattila, B. Parker, J.N. Postgate, and D.J. Wiseman, Documents from the Nabu Temple and from Private Houses on the Citadel (Cuneiform Texts from Nimrud 6), London, 2019, by Jamie Novotny and Poppy Tushingham (2021) for the Munich Open-access Cuneiform Corpus Initiative (MOCCI), which is funded by LMU Munich and the Alexander von Humboldt Foundation at the Historisches Seminar - Abteilung Alte Geschichte of Ludwig-Maximilians-Universität München. The text was lemmatized by Mikko Luukko. The annotated edition is released under the Creative Commons Attribution Share-Alike license 3.0.",
			"cite_as": "Please cite this page as http://oracc.org/atae/P429017/.",
			"collection": "British Museum, London, UK",
			"composite_witness": "witness",
			"credits": "Adapted from S. Herbordt, R. Mattila, B. Parker, J.N. Postgate, and D.J. Wiseman, Documents from the Nabu Temple and from Private Houses on the Citadel (Cuneiform Texts from Nimrud 6), London, 2019, by Jamie Novotny and Poppy Tushingham (2021) for the Munich Open-access Cuneiform Corpus Initiative (MOCCI), which is funded by LMU Munich and the Alexander von Humboldt Foundation at the Historisches Seminar - Abteilung Alte Geschichte of Ludwig-Maximilians-Universität München. The text was lemmatized by Mikko Luukko. The annotated edition is released under the Creative Commons Attribution Share-Alike license 3.0.  Please cite this page as http://oracc.org/atae/P429017/.",
			"date_of_origin": "00.000.00.00",
			"designation": "CTN 6 056",
			"dialect": "Neo-Assyrian",
			"display_name": "CTN 6, 056",
			"genre": "Legal",
			"language": "Akkadian",
			"last_mod_by": "Tushingham",
			"last_modified": "02.11.2021",
			"list_name": "atae/ctn6:P429017",
			"material": "clay",
			"object_type": "tablet",
			"period": "Neo-Assyrian",
			"pleiades_id": "894019",
			"script": "Neo-Assyrian",
			"script_remarks": "inscribed",
			"script_type": "Cuneiform",
			"ch_no": "01",
			"ch_name": "Tablets from the Nabû Temple",
			"ch_num_name": "01 (Tablets from the Nabû Temple)"
		},
		"geometry": {
			"type": "Point",
			"coordinates": [43.3275,36.099167]
		}
	}, {
		"type": "Feature",
		"properties": {
			"project": "ctn6",
			"id_text": "P429046",
			"primary_publication": "CTN 6 057",
			"museum_no": "BM —",
			"provenience": "Nimrud (Kalhu)",
			"excavation_no": "ND 05472",
			"archive": "014 - Nabû Temple",
			"atae_attribution": "Adapted from S. Herbordt, R. Mattila, B. Parker, J.N. Postgate, and D.J. Wiseman, Documents from the Nabu Temple and from Private Houses on the Citadel (Cuneiform Texts from Nimrud 6), London, 2019, by Jamie Novotny and Poppy Tushingham (2021) for the Munich Open-access Cuneiform Corpus Initiative (MOCCI), which is funded by LMU Munich and the Alexander von Humboldt Foundation at the Historisches Seminar - Abteilung Alte Geschichte of Ludwig-Maximilians-Universität München. The text was lemmatized by Mikko Luukko. The annotated edition is released under the Creative Commons Attribution Share-Alike license 3.0.",
			"cite_as": "Please cite this page as http://oracc.org/atae/P429046/.",
			"collection": "British Museum, London, UK",
			"composite_witness": "witness",
			"credits": "Adapted from S. Herbordt, R. Mattila, B. Parker, J.N. Postgate, and D.J. Wiseman, Documents from the Nabu Temple and from Private Houses on the Citadel (Cuneiform Texts from Nimrud 6), London, 2019, by Jamie Novotny and Poppy Tushingham (2021) for the Munich Open-access Cuneiform Corpus Initiative (MOCCI), which is funded by LMU Munich and the Alexander von Humboldt Foundation at the Historisches Seminar - Abteilung Alte Geschichte of Ludwig-Maximilians-Universität München. The text was lemmatized by Mikko Luukko. The annotated edition is released under the Creative Commons Attribution Share-Alike license 3.0.  Please cite this page as http://oracc.org/atae/P429046/.",
			"date_of_origin": "00.000.00.00",
			"designation": "CTN 6 057",
			"dialect": "Neo-Assyrian",
			"display_name": "CTN 6, 057",
			"genre": "Legal",
			"language": "Akkadian",
			"last_mod_by": "Tushingham",
			"last_modified": "02.11.2021",
			"list_name": "atae/ctn6:P429046",
			"material": "clay",
			"object_type": "tablet",
			"period": "Neo-Assyrian",
			"pleiades_id": "894019",
			"script": "Neo-Assyrian",
			"script_remarks": "inscribed",
			"script_type": "Cuneiform",
			"ch_no": "01",
			"ch_name": "Tablets from the Nabû Temple",
			"ch_num_name": "01 (Tablets from the Nabû Temple)"
		},
		"geometry": {
			"type": "Point",
			"coordinates": [43.3275,36.099167]
		}
	}, {
		"type": "Feature",
		"properties": {
			"project": "ctn6",
			"id_text": "P517169",
			"primary_publication": "CTN 6 058",
			"museum_no": "IM 067585",
			"provenience": "Nimrud (Kalhu)",
			"excavation_no": "ND 05421",
			"archive": "014 - Nabû Temple",
			"atae_attribution": "Adapted from S. Herbordt, R. Mattila, B. Parker, J.N. Postgate, and D.J. Wiseman, Documents from the Nabu Temple and from Private Houses on the Citadel (Cuneiform Texts from Nimrud 6), London, 2019, by Jamie Novotny and Poppy Tushingham (2021) for the Munich Open-access Cuneiform Corpus Initiative (MOCCI), which is funded by LMU Munich and the Alexander von Humboldt Foundation at the Historisches Seminar - Abteilung Alte Geschichte of Ludwig-Maximilians-Universität München. The text was lemmatized by Mikko Luukko. The annotated edition is released under the Creative Commons Attribution Share-Alike license 3.0.",
			"cite_as": "Please cite this page as http://oracc.org/atae/P517169/.",
			"collection": "National Museum of Iraq, Baghdad, Iraq",
			"composite_witness": "witness",
			"credits": "Adapted from S. Herbordt, R. Mattila, B. Parker, J.N. Postgate, and D.J. Wiseman, Documents from the Nabu Temple and from Private Houses on the Citadel (Cuneiform Texts from Nimrud 6), London, 2019, by Jamie Novotny and Poppy Tushingham (2021) for the Munich Open-access Cuneiform Corpus Initiative (MOCCI), which is funded by LMU Munich and the Alexander von Humboldt Foundation at the Historisches Seminar - Abteilung Alte Geschichte of Ludwig-Maximilians-Universität München. The text was lemmatized by Mikko Luukko. The annotated edition is released under the Creative Commons Attribution Share-Alike license 3.0.  Please cite this page as http://oracc.org/atae/P517169/.",
			"date_of_origin": "00.000.00.00",
			"designation": "CTN 6 058",
			"dialect": "Neo-Assyrian",
			"display_name": "CTN 6, 058",
			"genre": "Legal",
			"language": "Akkadian",
			"last_mod_by": "Tushingham",
			"last_modified": "02.11.2021",
			"list_name": "atae/ctn6:P517169",
			"material": "clay",
			"object_type": "tablet",
			"period": "Neo-Assyrian",
			"pleiades_id": "894019",
			"script": "Neo-Assyrian",
			"script_remarks": "inscribed",
			"script_type": "Cuneiform",
			"ch_no": "01",
			"ch_name": "Tablets from the Nabû Temple",
			"ch_num_name": "01 (Tablets from the Nabû Temple)"
		},
		"geometry": {
			"type": "Point",
			"coordinates": [43.3275,36.099167]
		}
	}, {
		"type": "Feature",
		"properties": {
			"project": "ctn6",
			"id_text": "P429034",
			"primary_publication": "CTN 6 059",
			"museum_no": "BM —",
			"provenience": "Nimrud (Kalhu)",
			"excavation_no": "ND 05415",
			"archive": "014 - Nabû Temple",
			"atae_attribution": "Adapted from S. Herbordt, R. Mattila, B. Parker, J.N. Postgate, and D.J. Wiseman, Documents from the Nabu Temple and from Private Houses on the Citadel (Cuneiform Texts from Nimrud 6), London, 2019, by Jamie Novotny and Poppy Tushingham (2021) for the Munich Open-access Cuneiform Corpus Initiative (MOCCI), which is funded by LMU Munich and the Alexander von Humboldt Foundation at the Historisches Seminar - Abteilung Alte Geschichte of Ludwig-Maximilians-Universität München. The text was lemmatized by Mikko Luukko. The annotated edition is released under the Creative Commons Attribution Share-Alike license 3.0.",
			"cite_as": "Please cite this page as http://oracc.org/atae/P429034/.",
			"collection": "British Museum, London, UK",
			"composite_witness": "witness",
			"credits": "Adapted from S. Herbordt, R. Mattila, B. Parker, J.N. Postgate, and D.J. Wiseman, Documents from the Nabu Temple and from Private Houses on the Citadel (Cuneiform Texts from Nimrud 6), London, 2019, by Jamie Novotny and Poppy Tushingham (2021) for the Munich Open-access Cuneiform Corpus Initiative (MOCCI), which is funded by LMU Munich and the Alexander von Humboldt Foundation at the Historisches Seminar - Abteilung Alte Geschichte of Ludwig-Maximilians-Universität München. The text was lemmatized by Mikko Luukko. The annotated edition is released under the Creative Commons Attribution Share-Alike license 3.0.  Please cite this page as http://oracc.org/atae/P429034/.",
			"date_of_origin": "00.000.00.00",
			"designation": "CTN 6 059",
			"dialect": "Neo-Assyrian",
			"display_name": "CTN 6, 059",
			"genre": "Legal",
			"language": "Akkadian",
			"last_mod_by": "Tushingham",
			"last_modified": "02.11.2021",
			"list_name": "atae/ctn6:P429034",
			"material": "clay",
			"object_type": "tablet",
			"period": "Neo-Assyrian",
			"pleiades_id": "894019",
			"script": "Neo-Assyrian",
			"script_remarks": "inscribed",
			"script_type": "Cuneiform",
			"ch_no": "01",
			"ch_name": "Tablets from the Nabû Temple",
			"ch_num_name": "01 (Tablets from the Nabû Temple)"
		},
		"geometry": {
			"type": "Point",
			"coordinates": [43.3275,36.099167]
		}
	}, {
		"type": "Feature",
		"properties": {
			"project": "ctn6",
			"id_text": "P464300",
			"primary_publication": "CTN 6 116",
			"museum_no": "IM —",
			"provenience": "Nimrud (Kalhu)",
			"excavation_no": "ND 05489/ii",
			"archive": "018 - Town Wall Palace",
			"atae_attribution": "Adapted from S. Herbordt, R. Mattila, B. Parker, J.N. Postgate, and D.J. Wiseman, Documents from the Nabu Temple and from Private Houses on the Citadel (Cuneiform Texts from Nimrud 6), London, 2019, by Jamie Novotny and Poppy Tushingham (2021) for the Munich Open-access Cuneiform Corpus Initiative (MOCCI), which is funded by LMU Munich and the Alexander von Humboldt Foundation at the Historisches Seminar - Abteilung Alte Geschichte of Ludwig-Maximilians-Universität München. The text was lemmatized by Mikko Luukko. The annotated edition is released under the Creative Commons Attribution Share-Alike license 3.0.",
			"cite_as": "Please cite this page as http://oracc.org/atae/P464300/.",
			"collection": "National Museum of Iraq, Baghdad, Iraq",
			"composite_witness": "witness",
			"credits": "Adapted from S. Herbordt, R. Mattila, B. Parker, J.N. Postgate, and D.J. Wiseman, Documents from the Nabu Temple and from Private Houses on the Citadel (Cuneiform Texts from Nimrud 6), London, 2019, by Jamie Novotny and Poppy Tushingham (2021) for the Munich Open-access Cuneiform Corpus Initiative (MOCCI), which is funded by LMU Munich and the Alexander von Humboldt Foundation at the Historisches Seminar - Abteilung Alte Geschichte of Ludwig-Maximilians-Universität München. The text was lemmatized by Mikko Luukko. The annotated edition is released under the Creative Commons Attribution Share-Alike license 3.0.  Please cite this page as http://oracc.org/atae/P464300/.",
			"date_of_origin": "00.000.00.00",
			"designation": "CTN 6 116",
			"dialect": "Neo-Assyrian",
			"display_name": "CTN 6, 116",
			"genre": "Legal",
			"language": "Akkadian",
			"last_mod_by": "Tushingham",
			"last_modified": "02.11.2021",
			"list_name": "atae/ctn6:P464300",
			"material": "clay",
			"object_type": "tablet",
			"period": "Neo-Assyrian",
			"pleiades_id": "894019",
			"script": "Neo-Assyrian",
			"script_remarks": "inscribed",
			"script_type": "Cuneiform",
			"ch_no": "03",
			"ch_name": "Three Tablets from the Town Wall Palace",
			"ch_num_name": "03 (Three Tablets from the Town Wall Palace)"
		},
		"geometry": {
			"type": "Point",
			"coordinates": [43.3275,36.099167]
		}
	}, {
		"type": "Feature",
		"properties": {
			"project": "ctn6",
			"id_text": "P429052",
			"primary_publication": "CTN 6 117",
			"museum_no": "BM —",
			"provenience": "Nimrud (Kalhu)",
			"excavation_no": "ND 05489/iii",
			"archive": "018 - Town Wall Palace",
			"atae_attribution": "Adapted from S. Herbordt, R. Mattila, B. Parker, J.N. Postgate, and D.J. Wiseman, Documents from the Nabu Temple and from Private Houses on the Citadel (Cuneiform Texts from Nimrud 6), London, 2019, by Jamie Novotny and Poppy Tushingham (2021) for the Munich Open-access Cuneiform Corpus Initiative (MOCCI), which is funded by LMU Munich and the Alexander von Humboldt Foundation at the Historisches Seminar - Abteilung Alte Geschichte of Ludwig-Maximilians-Universität München. The text was lemmatized by Mikko Luukko. The annotated edition is released under the Creative Commons Attribution Share-Alike license 3.0.",
			"cite_as": "Please cite this page as http://oracc.org/atae/P429052/.",
			"collection": "British Museum, London, UK",
			"composite_witness": "witness",
			"credits": "Adapted from S. Herbordt, R. Mattila, B. Parker, J.N. Postgate, and D.J. Wiseman, Documents from the Nabu Temple and from Private Houses on the Citadel (Cuneiform Texts from Nimrud 6), London, 2019, by Jamie Novotny and Poppy Tushingham (2021) for the Munich Open-access Cuneiform Corpus Initiative (MOCCI), which is funded by LMU Munich and the Alexander von Humboldt Foundation at the Historisches Seminar - Abteilung Alte Geschichte of Ludwig-Maximilians-Universität München. The text was lemmatized by Mikko Luukko. The annotated edition is released under the Creative Commons Attribution Share-Alike license 3.0.  Please cite this page as http://oracc.org/atae/P429052/.",
			"date_of_origin": "00.000.00.00",
			"designation": "CTN 6 117",
			"dialect": "Neo-Assyrian",
			"display_name": "CTN 6, 117",
			"genre": "Legal",
			"language": "Akkadian",
			"last_mod_by": "Tushingham",
			"last_modified": "02.11.2021",
			"list_name": "atae/ctn6:P429052",
			"material": "clay",
			"object_type": "tablet",
			"period": "Neo-Assyrian",
			"pleiades_id": "894019",
			"script": "Neo-Assyrian",
			"script_remarks": "inscribed",
			"script_type": "Cuneiform",
			"ch_no": "03",
			"ch_name": "Three Tablets from the Town Wall Palace",
			"ch_num_name": "03 (Three Tablets from the Town Wall Palace)"
		},
		"geometry": {
			"type": "Point",
			"coordinates": [43.3275,36.099167]
		}
	}, {
		"type": "Feature",
		"properties": {
			"project": "ctn6",
			"id_text": "P429051",
			"primary_publication": "CTN 6 118",
			"museum_no": "IM —",
			"provenience": "Nimrud (Kalhu)",
			"excavation_no": "ND 05489/i",
			"archive": "018 - Town Wall Palace",
			"atae_attribution": "Adapted from S. Herbordt, R. Mattila, B. Parker, J.N. Postgate, and D.J. Wiseman, Documents from the Nabu Temple and from Private Houses on the Citadel (Cuneiform Texts from Nimrud 6), London, 2019, by Jamie Novotny and Poppy Tushingham (2021) for the Munich Open-access Cuneiform Corpus Initiative (MOCCI), which is funded by LMU Munich and the Alexander von Humboldt Foundation at the Historisches Seminar - Abteilung Alte Geschichte of Ludwig-Maximilians-Universität München. The text was lemmatized by Mikko Luukko. The annotated edition is released under the Creative Commons Attribution Share-Alike license 3.0.",
			"cite_as": "Please cite this page as http://oracc.org/atae/P429051/.",
			"collection": "National Museum of Iraq, Baghdad, Iraq",
			"composite_witness": "witness",
			"credits": "Adapted from S. Herbordt, R. Mattila, B. Parker, J.N. Postgate, and D.J. Wiseman, Documents from the Nabu Temple and from Private Houses on the Citadel (Cuneiform Texts from Nimrud 6), London, 2019, by Jamie Novotny and Poppy Tushingham (2021) for the Munich Open-access Cuneiform Corpus Initiative (MOCCI), which is funded by LMU Munich and the Alexander von Humboldt Foundation at the Historisches Seminar - Abteilung Alte Geschichte of Ludwig-Maximilians-Universität München. The text was lemmatized by Mikko Luukko. The annotated edition is released under the Creative Commons Attribution Share-Alike license 3.0.  Please cite this page as http://oracc.org/atae/P429051/.",
			"date_of_origin": "00.000.00.00",
			"designation": "CTN 6 118",
			"dialect": "Neo-Assyrian",
			"display_name": "CTN 6, 118",
			"genre": "Legal",
			"language": "Akkadian",
			"last_mod_by": "Tushingham",
			"last_modified": "02.11.2021",
			"list_name": "atae/ctn6:P429051",
			"material": "clay",
			"object_type": "tablet",
			"period": "Neo-Assyrian",
			"pleiades_id": "894019",
			"script": "Neo-Assyrian",
			"script_remarks": "inscribed",
			"script_type": "Cuneiform",
			"ch_no": "03",
			"ch_name": "Three Tablets from the Town Wall Palace",
			"ch_num_name": "03 (Three Tablets from the Town Wall Palace)"
		},
		"geometry": {
			"type": "Point",
			"coordinates": [43.3275,36.099167]
		}
	}, {
		"type": "Feature",
		"properties": {
			"project": "ctn6",
			"id_text": "P496518",
			"primary_publication": "CTN 6 060",
			"museum_no": "IM 057048",
			"provenience": "Nimrud (Kalhu)",
			"excavation_no": "ND 03463",
			"archive": "017 - Šamaš-šarru-uṣur Archive",
			"atae_attribution": "Adapted from S. Herbordt, R. Mattila, B. Parker, J.N. Postgate, and D.J. Wiseman, Documents from the Nabu Temple and from Private Houses on the Citadel (Cuneiform Texts from Nimrud 6), London, 2019, by Jamie Novotny and Poppy Tushingham (2021) for the Munich Open-access Cuneiform Corpus Initiative (MOCCI), which is funded by LMU Munich and the Alexander von Humboldt Foundation at the Historisches Seminar - Abteilung Alte Geschichte of Ludwig-Maximilians-Universität München. The text was lemmatized by Mikko Luukko. The annotated edition is released under the Creative Commons Attribution Share-Alike license 3.0.",
			"cite_as": "Please cite this page as http://oracc.org/atae/P496518/.",
			"collection": "National Museum of Iraq, Baghdad, Iraq",
			"composite_witness": "witness",
			"credits": "Adapted from S. Herbordt, R. Mattila, B. Parker, J.N. Postgate, and D.J. Wiseman, Documents from the Nabu Temple and from Private Houses on the Citadel (Cuneiform Texts from Nimrud 6), London, 2019, by Jamie Novotny and Poppy Tushingham (2021) for the Munich Open-access Cuneiform Corpus Initiative (MOCCI), which is funded by LMU Munich and the Alexander von Humboldt Foundation at the Historisches Seminar - Abteilung Alte Geschichte of Ludwig-Maximilians-Universität München. The text was lemmatized by Mikko Luukko. The annotated edition is released under the Creative Commons Attribution Share-Alike license 3.0.  Please cite this page as http://oracc.org/atae/P496518/.",
			"date_of_origin": "00.000.00.00",
			"designation": "CTN 6 060",
			"dialect": "Neo-Assyrian",
			"display_name": "CTN 6, 060",
			"genre": "Legal",
			"language": "Akkadian",
			"last_mod_by": "Tushingham",
			"last_modified": "02.11.2021",
			"list_name": "atae/ctn6:P496518",
			"material": "clay",
			"object_type": "tablet",
			"period": "Neo-Assyrian",
			"pleiades_id": "894019",
			"script": "Neo-Assyrian",
			"script_remarks": "inscribed",
			"script_type": "Cuneiform",
			"ch_no": "02",
			"ch_name": "Tablets from the Town Wall Houses",
			"ch_num_name": "02 (Tablets from the Town Wall Houses)"
		},
		"geometry": {
			"type": "Point",
			"coordinates": [43.3275,36.099167]
		}
	}, {
		"type": "Feature",
		"properties": {
			"project": "ctn6",
			"id_text": "P469390",
			"primary_publication": "CTN 6 061",
			"museum_no": "BM —",
			"provenience": "Nimrud (Kalhu)",
			"excavation_no": "ND 03415",
			"archive": "017 - Šamaš-šarru-uṣur Archive",
			"atae_attribution": "Adapted from S. Herbordt, R. Mattila, B. Parker, J.N. Postgate, and D.J. Wiseman, Documents from the Nabu Temple and from Private Houses on the Citadel (Cuneiform Texts from Nimrud 6), London, 2019, by Jamie Novotny and Poppy Tushingham (2021) for the Munich Open-access Cuneiform Corpus Initiative (MOCCI), which is funded by LMU Munich and the Alexander von Humboldt Foundation at the Historisches Seminar - Abteilung Alte Geschichte of Ludwig-Maximilians-Universität München. The text was lemmatized by Mikko Luukko. The annotated edition is released under the Creative Commons Attribution Share-Alike license 3.0.",
			"cite_as": "Please cite this page as http://oracc.org/atae/P469390/.",
			"collection": "British Museum, London, UK",
			"composite_witness": "witness",
			"credits": "Adapted from S. Herbordt, R. Mattila, B. Parker, J.N. Postgate, and D.J. Wiseman, Documents from the Nabu Temple and from Private Houses on the Citadel (Cuneiform Texts from Nimrud 6), London, 2019, by Jamie Novotny and Poppy Tushingham (2021) for the Munich Open-access Cuneiform Corpus Initiative (MOCCI), which is funded by LMU Munich and the Alexander von Humboldt Foundation at the Historisches Seminar - Abteilung Alte Geschichte of Ludwig-Maximilians-Universität München. The text was lemmatized by Mikko Luukko. The annotated edition is released under the Creative Commons Attribution Share-Alike license 3.0.  Please cite this page as http://oracc.org/atae/P469390/.",
			"date_of_origin": "00.000.00.00",
			"designation": "CTN 6 061",
			"dialect": "Neo-Assyrian",
			"display_name": "CTN 6, 061",
			"genre": "Legal",
			"language": "Akkadian",
			"last_mod_by": "Tushingham",
			"last_modified": "02.11.2021",
			"list_name": "atae/ctn6:P469390",
			"material": "clay",
			"object_type": "tablet",
			"period": "Neo-Assyrian",
			"pleiades_id": "894019",
			"script": "Neo-Assyrian",
			"script_remarks": "inscribed",
			"script_type": "Cuneiform",
			"ch_no": "02",
			"ch_name": "Tablets from the Town Wall Houses",
			"ch_num_name": "02 (Tablets from the Town Wall Houses)"
		},
		"geometry": {
			"type": "Point",
			"coordinates": [43.3275,36.099167]
		}
	}, {
		"type": "Feature",
		"properties": {
			"project": "ctn6",
			"id_text": "P429007",
			"primary_publication": "CTN 6 062",
			"museum_no": "BM —",
			"provenience": "Nimrud (Kalhu)",
			"excavation_no": "ND 03479a",
			"archive": "017 - Šamaš-šarru-uṣur Archive",
			"atae_attribution": "Adapted from S. Herbordt, R. Mattila, B. Parker, J.N. Postgate, and D.J. Wiseman, Documents from the Nabu Temple and from Private Houses on the Citadel (Cuneiform Texts from Nimrud 6), London, 2019, by Jamie Novotny and Poppy Tushingham (2021) for the Munich Open-access Cuneiform Corpus Initiative (MOCCI), which is funded by LMU Munich and the Alexander von Humboldt Foundation at the Historisches Seminar - Abteilung Alte Geschichte of Ludwig-Maximilians-Universität München. The text was lemmatized by Mikko Luukko. The annotated edition is released under the Creative Commons Attribution Share-Alike license 3.0.",
			"cite_as": "Please cite this page as http://oracc.org/atae/P429007/.",
			"collection": "British Museum, London, UK",
			"composite_witness": "witness",
			"credits": "Adapted from S. Herbordt, R. Mattila, B. Parker, J.N. Postgate, and D.J. Wiseman, Documents from the Nabu Temple and from Private Houses on the Citadel (Cuneiform Texts from Nimrud 6), London, 2019, by Jamie Novotny and Poppy Tushingham (2021) for the Munich Open-access Cuneiform Corpus Initiative (MOCCI), which is funded by LMU Munich and the Alexander von Humboldt Foundation at the Historisches Seminar - Abteilung Alte Geschichte of Ludwig-Maximilians-Universität München. The text was lemmatized by Mikko Luukko. The annotated edition is released under the Creative Commons Attribution Share-Alike license 3.0.  Please cite this page as http://oracc.org/atae/P429007/.",
			"date_of_origin": "00.000.00.00",
			"designation": "CTN 6 062",
			"dialect": "Neo-Assyrian",
			"display_name": "CTN 6, 062",
			"genre": "Legal",
			"language": "Akkadian",
			"last_mod_by": "Tushingham",
			"last_modified": "02.11.2021",
			"list_name": "atae/ctn6:P429007",
			"material": "clay",
			"object_type": "tablet",
			"period": "Neo-Assyrian",
			"pleiades_id": "894019",
			"script": "Neo-Assyrian",
			"script_remarks": "inscribed",
			"script_type": "Cuneiform",
			"ch_no": "02",
			"ch_name": "Tablets from the Town Wall Houses",
			"ch_num_name": "02 (Tablets from the Town Wall Houses)"
		},
		"geometry": {
			"type": "Point",
			"coordinates": [43.3275,36.099167]
		}
	}, {
		"type": "Feature",
		"properties": {
			"project": "ctn6",
			"id_text": "P517137",
			"primary_publication": "CTN 6 062a",
			"museum_no": "BM —",
			"provenience": "Nimrud (Kalhu)",
			"excavation_no": "ND 03479c",
			"archive": "017 - Šamaš-šarru-uṣur Archive",
			"atae_attribution": "Adapted from S. Herbordt, R. Mattila, B. Parker, J.N. Postgate, and D.J. Wiseman, Documents from the Nabu Temple and from Private Houses on the Citadel (Cuneiform Texts from Nimrud 6), London, 2019, by Jamie Novotny and Poppy Tushingham (2021) for the Munich Open-access Cuneiform Corpus Initiative (MOCCI), which is funded by LMU Munich and the Alexander von Humboldt Foundation at the Historisches Seminar - Abteilung Alte Geschichte of Ludwig-Maximilians-Universität München. The text was lemmatized by Mikko Luukko. The annotated edition is released under the Creative Commons Attribution Share-Alike license 3.0.",
			"cite_as": "Please cite this page as http://oracc.org/atae/P517137/.",
			"collection": "British Museum, London, UK",
			"composite_witness": "witness",
			"credits": "Adapted from S. Herbordt, R. Mattila, B. Parker, J.N. Postgate, and D.J. Wiseman, Documents from the Nabu Temple and from Private Houses on the Citadel (Cuneiform Texts from Nimrud 6), London, 2019, by Jamie Novotny and Poppy Tushingham (2021) for the Munich Open-access Cuneiform Corpus Initiative (MOCCI), which is funded by LMU Munich and the Alexander von Humboldt Foundation at the Historisches Seminar - Abteilung Alte Geschichte of Ludwig-Maximilians-Universität München. The text was lemmatized by Mikko Luukko. The annotated edition is released under the Creative Commons Attribution Share-Alike license 3.0.  Please cite this page as http://oracc.org/atae/P517137/.",
			"date_of_origin": "00.000.00.00",
			"designation": "CTN 6 062a",
			"dialect": "Neo-Assyrian",
			"display_name": "CTN 6, 062a",
			"genre": "Legal",
			"language": "Akkadian",
			"last_mod_by": "Tushingham",
			"last_modified": "02.11.2021",
			"list_name": "atae/ctn6:P517137",
			"material": "clay",
			"object_type": "tablet",
			"period": "Neo-Assyrian",
			"pleiades_id": "894019",
			"script": "Neo-Assyrian",
			"script_remarks": "inscribed",
			"script_type": "Cuneiform",
			"ch_no": "02",
			"ch_name": "Tablets from the Town Wall Houses",
			"ch_num_name": "02 (Tablets from the Town Wall Houses)"
		},
		"geometry": {
			"type": "Point",
			"coordinates": [43.3275,36.099167]
		}
	}, {
		"type": "Feature",
		"properties": {
			"project": "ctn6",
			"id_text": "P496499",
			"primary_publication": "CTN 6 063",
			"museum_no": "Ashm 1954-0737",
			"provenience": "Nimrud (Kalhu)",
			"excavation_no": "ND 03424",
			"archive": "017 - Šamaš-šarru-uṣur Archive",
			"atae_attribution": "Adapted from S. Herbordt, R. Mattila, B. Parker, J.N. Postgate, and D.J. Wiseman, Documents from the Nabu Temple and from Private Houses on the Citadel (Cuneiform Texts from Nimrud 6), London, 2019, by Jamie Novotny and Poppy Tushingham (2021) for the Munich Open-access Cuneiform Corpus Initiative (MOCCI), which is funded by LMU Munich and the Alexander von Humboldt Foundation at the Historisches Seminar - Abteilung Alte Geschichte of Ludwig-Maximilians-Universität München. The text was lemmatized by Mikko Luukko. The annotated edition is released under the Creative Commons Attribution Share-Alike license 3.0.",
			"cite_as": "Please cite this page as http://oracc.org/atae/P496499/.",
			"collection": "Ashmolean Museum, Oxford, UK",
			"composite_witness": "witness",
			"credits": "Adapted from S. Herbordt, R. Mattila, B. Parker, J.N. Postgate, and D.J. Wiseman, Documents from the Nabu Temple and from Private Houses on the Citadel (Cuneiform Texts from Nimrud 6), London, 2019, by Jamie Novotny and Poppy Tushingham (2021) for the Munich Open-access Cuneiform Corpus Initiative (MOCCI), which is funded by LMU Munich and the Alexander von Humboldt Foundation at the Historisches Seminar - Abteilung Alte Geschichte of Ludwig-Maximilians-Universität München. The text was lemmatized by Mikko Luukko. The annotated edition is released under the Creative Commons Attribution Share-Alike license 3.0.  Please cite this page as http://oracc.org/atae/P496499/.",
			"date_of_origin": "00.000.00.00",
			"designation": "CTN 6 063",
			"dialect": "Neo-Assyrian",
			"display_name": "CTN 6, 063",
			"genre": "Legal",
			"language": "Akkadian",
			"last_mod_by": "Tushingham",
			"last_modified": "02.11.2021",
			"list_name": "atae/ctn6:P496499",
			"material": "clay",
			"object_type": "tablet",
			"period": "Neo-Assyrian",
			"pleiades_id": "894019",
			"script": "Neo-Assyrian",
			"script_remarks": "inscribed",
			"script_type": "Cuneiform",
			"ch_no": "02",
			"ch_name": "Tablets from the Town Wall Houses",
			"ch_num_name": "02 (Tablets from the Town Wall Houses)"
		},
		"geometry": {
			"type": "Point",
			"coordinates": [43.3275,36.099167]
		}
	}, {
		"type": "Feature",
		"properties": {
			"project": "ctn6",
			"id_text": "P498857",
			"primary_publication": "CTN 6 064",
			"museum_no": "IM 057050",
			"provenience": "Nimrud (Kalhu)",
			"excavation_no": "ND 03426",
			"archive": "017 - Šamaš-šarru-uṣur Archive",
			"atae_attribution": "Adapted from S. Herbordt, R. Mattila, B. Parker, J.N. Postgate, and D.J. Wiseman, Documents from the Nabu Temple and from Private Houses on the Citadel (Cuneiform Texts from Nimrud 6), London, 2019, by Jamie Novotny and Poppy Tushingham (2021) for the Munich Open-access Cuneiform Corpus Initiative (MOCCI), which is funded by LMU Munich and the Alexander von Humboldt Foundation at the Historisches Seminar - Abteilung Alte Geschichte of Ludwig-Maximilians-Universität München. The text was lemmatized by Mikko Luukko. The annotated edition is released under the Creative Commons Attribution Share-Alike license 3.0.",
			"cite_as": "Please cite this page as http://oracc.org/atae/P498857/.",
			"collection": "National Museum of Iraq, Baghdad, Iraq",
			"composite_witness": "witness",
			"credits": "Adapted from S. Herbordt, R. Mattila, B. Parker, J.N. Postgate, and D.J. Wiseman, Documents from the Nabu Temple and from Private Houses on the Citadel (Cuneiform Texts from Nimrud 6), London, 2019, by Jamie Novotny and Poppy Tushingham (2021) for the Munich Open-access Cuneiform Corpus Initiative (MOCCI), which is funded by LMU Munich and the Alexander von Humboldt Foundation at the Historisches Seminar - Abteilung Alte Geschichte of Ludwig-Maximilians-Universität München. The text was lemmatized by Mikko Luukko. The annotated edition is released under the Creative Commons Attribution Share-Alike license 3.0.  Please cite this page as http://oracc.org/atae/P498857/.",
			"date_of_origin": "00.000.00.00",
			"designation": "CTN 6 064",
			"dialect": "Neo-Assyrian",
			"display_name": "CTN 6, 064",
			"genre": "Legal",
			"language": "Akkadian",
			"last_mod_by": "Tushingham",
			"last_modified": "02.11.2021",
			"list_name": "atae/ctn6:P498857",
			"material": "clay",
			"object_type": "tablet",
			"period": "Neo-Assyrian",
			"pleiades_id": "894019",
			"script": "Neo-Assyrian",
			"script_remarks": "inscribed",
			"script_type": "Cuneiform",
			"ch_no": "02",
			"ch_name": "Tablets from the Town Wall Houses",
			"ch_num_name": "02 (Tablets from the Town Wall Houses)"
		},
		"geometry": {
			"type": "Point",
			"coordinates": [43.3275,36.099167]
		}
	}, {
		"type": "Feature",
		"properties": {
			"project": "ctn6",
			"id_text": "P496521",
			"primary_publication": "CTN 6 065",
			"museum_no": "—",
			"provenience": "Nimrud (Kalhu)",
			"excavation_no": "ND 03423",
			"archive": "017 - Šamaš-šarru-uṣur Archive",
			"atae_attribution": "Adapted from S. Herbordt, R. Mattila, B. Parker, J.N. Postgate, and D.J. Wiseman, Documents from the Nabu Temple and from Private Houses on the Citadel (Cuneiform Texts from Nimrud 6), London, 2019, by Jamie Novotny and Poppy Tushingham (2021) for the Munich Open-access Cuneiform Corpus Initiative (MOCCI), which is funded by LMU Munich and the Alexander von Humboldt Foundation at the Historisches Seminar - Abteilung Alte Geschichte of Ludwig-Maximilians-Universität München. The text was lemmatized by Mikko Luukko. The annotated edition is released under the Creative Commons Attribution Share-Alike license 3.0.",
			"cite_as": "Please cite this page as http://oracc.org/atae/P496521/.",
			"collection": "unlocated",
			"composite_witness": "witness",
			"credits": "Adapted from S. Herbordt, R. Mattila, B. Parker, J.N. Postgate, and D.J. Wiseman, Documents from the Nabu Temple and from Private Houses on the Citadel (Cuneiform Texts from Nimrud 6), London, 2019, by Jamie Novotny and Poppy Tushingham (2021) for the Munich Open-access Cuneiform Corpus Initiative (MOCCI), which is funded by LMU Munich and the Alexander von Humboldt Foundation at the Historisches Seminar - Abteilung Alte Geschichte of Ludwig-Maximilians-Universität München. The text was lemmatized by Mikko Luukko. The annotated edition is released under the Creative Commons Attribution Share-Alike license 3.0.  Please cite this page as http://oracc.org/atae/P496521/.",
			"date_of_origin": "00.000.00.00",
			"designation": "CTN 6 065",
			"dialect": "Neo-Assyrian",
			"display_name": "CTN 6, 065",
			"genre": "Legal",
			"language": "Akkadian",
			"last_mod_by": "Tushingham",
			"last_modified": "02.11.2021",
			"list_name": "atae/ctn6:P496521",
			"material": "clay",
			"object_type": "tablet",
			"period": "Neo-Assyrian",
			"pleiades_id": "894019",
			"script": "Neo-Assyrian",
			"script_remarks": "inscribed",
			"script_type": "Cuneiform",
			"ch_no": "02",
			"ch_name": "Tablets from the Town Wall Houses",
			"ch_num_name": "02 (Tablets from the Town Wall Houses)"
		},
		"geometry": {
			"type": "Point",
			"coordinates": [43.3275,36.099167]
		}
	}, {
		"type": "Feature",
		"properties": {
			"project": "ctn6",
			"id_text": "P496503",
			"primary_publication": "CTN 6 066",
			"museum_no": "BM 131984",
			"provenience": "Nimrud (Kalhu)",
			"excavation_no": "ND 03421",
			"archive": "017 - Šamaš-šarru-uṣur Archive",
			"atae_attribution": "Adapted from S. Herbordt, R. Mattila, B. Parker, J.N. Postgate, and D.J. Wiseman, Documents from the Nabu Temple and from Private Houses on the Citadel (Cuneiform Texts from Nimrud 6), London, 2019, by Jamie Novotny and Poppy Tushingham (2021) for the Munich Open-access Cuneiform Corpus Initiative (MOCCI), which is funded by LMU Munich and the Alexander von Humboldt Foundation at the Historisches Seminar - Abteilung Alte Geschichte of Ludwig-Maximilians-Universität München. The text was lemmatized by Mikko Luukko. The annotated edition is released under the Creative Commons Attribution Share-Alike license 3.0.",
			"cite_as": "Please cite this page as http://oracc.org/atae/P496503/.",
			"collection": "British Museum, London, UK",
			"composite_witness": "witness",
			"credits": "Adapted from S. Herbordt, R. Mattila, B. Parker, J.N. Postgate, and D.J. Wiseman, Documents from the Nabu Temple and from Private Houses on the Citadel (Cuneiform Texts from Nimrud 6), London, 2019, by Jamie Novotny and Poppy Tushingham (2021) for the Munich Open-access Cuneiform Corpus Initiative (MOCCI), which is funded by LMU Munich and the Alexander von Humboldt Foundation at the Historisches Seminar - Abteilung Alte Geschichte of Ludwig-Maximilians-Universität München. The text was lemmatized by Mikko Luukko. The annotated edition is released under the Creative Commons Attribution Share-Alike license 3.0.  Please cite this page as http://oracc.org/atae/P496503/.",
			"date_of_origin": "00.000.00.00",
			"designation": "CTN 6 066",
			"dialect": "Neo-Assyrian",
			"display_name": "CTN 6, 066",
			"genre": "Legal",
			"language": "Akkadian",
			"last_mod_by": "Tushingham",
			"last_modified": "02.11.2021",
			"list_name": "atae/ctn6:P496503",
			"material": "clay",
			"object_type": "tablet",
			"period": "Neo-Assyrian",
			"pleiades_id": "894019",
			"script": "Neo-Assyrian",
			"script_remarks": "inscribed",
			"script_type": "Cuneiform",
			"ch_no": "02",
			"ch_name": "Tablets from the Town Wall Houses",
			"ch_num_name": "02 (Tablets from the Town Wall Houses)"
		},
		"geometry": {
			"type": "Point",
			"coordinates": [43.3275,36.099167]
		}
	}, {
		"type": "Feature",
		"properties": {
			"project": "ctn6",
			"id_text": "P428999",
			"primary_publication": "CTN 6 067",
			"museum_no": "BM —",
			"provenience": "Nimrud (Kalhu)",
			"excavation_no": "ND 03460a+b",
			"archive": "017 - Šamaš-šarru-uṣur Archive",
			"atae_attribution": "Adapted from S. Herbordt, R. Mattila, B. Parker, J.N. Postgate, and D.J. Wiseman, Documents from the Nabu Temple and from Private Houses on the Citadel (Cuneiform Texts from Nimrud 6), London, 2019, by Jamie Novotny and Poppy Tushingham (2021) for the Munich Open-access Cuneiform Corpus Initiative (MOCCI), which is funded by LMU Munich and the Alexander von Humboldt Foundation at the Historisches Seminar - Abteilung Alte Geschichte of Ludwig-Maximilians-Universität München. The text was lemmatized by Mikko Luukko. The annotated edition is released under the Creative Commons Attribution Share-Alike license 3.0.",
			"cite_as": "Please cite this page as http://oracc.org/atae/P428999/.",
			"collection": "British Museum, London, UK",
			"composite_witness": "witness",
			"credits": "Adapted from S. Herbordt, R. Mattila, B. Parker, J.N. Postgate, and D.J. Wiseman, Documents from the Nabu Temple and from Private Houses on the Citadel (Cuneiform Texts from Nimrud 6), London, 2019, by Jamie Novotny and Poppy Tushingham (2021) for the Munich Open-access Cuneiform Corpus Initiative (MOCCI), which is funded by LMU Munich and the Alexander von Humboldt Foundation at the Historisches Seminar - Abteilung Alte Geschichte of Ludwig-Maximilians-Universität München. The text was lemmatized by Mikko Luukko. The annotated edition is released under the Creative Commons Attribution Share-Alike license 3.0.  Please cite this page as http://oracc.org/atae/P428999/.",
			"date_of_origin": "00.000.00.00",
			"designation": "CTN 6 067",
			"dialect": "Neo-Assyrian",
			"display_name": "CTN 6, 067",
			"genre": "Legal",
			"language": "Akkadian",
			"last_mod_by": "Tushingham",
			"last_modified": "02.11.2021",
			"list_name": "atae/ctn6:P428999",
			"material": "clay",
			"object_type": "tablet",
			"period": "Neo-Assyrian",
			"pleiades_id": "894019",
			"script": "Neo-Assyrian",
			"script_remarks": "inscribed",
			"script_type": "Cuneiform",
			"ch_no": "02",
			"ch_name": "Tablets from the Town Wall Houses",
			"ch_num_name": "02 (Tablets from the Town Wall Houses)"
		},
		"geometry": {
			"type": "Point",
			"coordinates": [43.3275,36.099167]
		}
	}, {
		"type": "Feature",
		"properties": {
			"project": "ctn6",
			"id_text": "P428990",
			"primary_publication": "CTN 6 068",
			"museum_no": "BM —",
			"provenience": "Nimrud (Kalhu)",
			"excavation_no": "ND 03422",
			"archive": "017 - Šamaš-šarru-uṣur Archive",
			"atae_attribution": "Adapted from S. Herbordt, R. Mattila, B. Parker, J.N. Postgate, and D.J. Wiseman, Documents from the Nabu Temple and from Private Houses on the Citadel (Cuneiform Texts from Nimrud 6), London, 2019, by Jamie Novotny and Poppy Tushingham (2021) for the Munich Open-access Cuneiform Corpus Initiative (MOCCI), which is funded by LMU Munich and the Alexander von Humboldt Foundation at the Historisches Seminar - Abteilung Alte Geschichte of Ludwig-Maximilians-Universität München. The text was lemmatized by Mikko Luukko. The annotated edition is released under the Creative Commons Attribution Share-Alike license 3.0.",
			"cite_as": "Please cite this page as http://oracc.org/atae/P428990/.",
			"collection": "British Museum, London, UK",
			"composite_witness": "witness",
			"credits": "Adapted from S. Herbordt, R. Mattila, B. Parker, J.N. Postgate, and D.J. Wiseman, Documents from the Nabu Temple and from Private Houses on the Citadel (Cuneiform Texts from Nimrud 6), London, 2019, by Jamie Novotny and Poppy Tushingham (2021) for the Munich Open-access Cuneiform Corpus Initiative (MOCCI), which is funded by LMU Munich and the Alexander von Humboldt Foundation at the Historisches Seminar - Abteilung Alte Geschichte of Ludwig-Maximilians-Universität München. The text was lemmatized by Mikko Luukko. The annotated edition is released under the Creative Commons Attribution Share-Alike license 3.0.  Please cite this page as http://oracc.org/atae/P428990/.",
			"date_of_origin": "00.000.00.00",
			"designation": "CTN 6 068",
			"dialect": "Neo-Assyrian",
			"display_name": "CTN 6, 068",
			"genre": "Legal",
			"language": "Akkadian",
			"last_mod_by": "Tushingham",
			"last_modified": "02.11.2021",
			"list_name": "atae/ctn6:P428990",
			"material": "clay",
			"object_type": "tablet",
			"period": "Neo-Assyrian",
			"pleiades_id": "894019",
			"script": "Neo-Assyrian",
			"script_remarks": "inscribed",
			"script_type": "Cuneiform",
			"ch_no": "02",
			"ch_name": "Tablets from the Town Wall Houses",
			"ch_num_name": "02 (Tablets from the Town Wall Houses)"
		},
		"geometry": {
			"type": "Point",
			"coordinates": [43.3275,36.099167]
		}
	}, {
		"type": "Feature",
		"properties": {
			"project": "ctn6",
			"id_text": "P498858",
			"primary_publication": "CTN 6 069",
			"museum_no": "BM 131987",
			"provenience": "Nimrud (Kalhu)",
			"excavation_no": "ND 03443",
			"archive": "017 - Šamaš-šarru-uṣur Archive",
			"atae_attribution": "Adapted from S. Herbordt, R. Mattila, B. Parker, J.N. Postgate, and D.J. Wiseman, Documents from the Nabu Temple and from Private Houses on the Citadel (Cuneiform Texts from Nimrud 6), London, 2019, by Jamie Novotny and Poppy Tushingham (2021) for the Munich Open-access Cuneiform Corpus Initiative (MOCCI), which is funded by LMU Munich and the Alexander von Humboldt Foundation at the Historisches Seminar - Abteilung Alte Geschichte of Ludwig-Maximilians-Universität München. The text was lemmatized by Mikko Luukko. The annotated edition is released under the Creative Commons Attribution Share-Alike license 3.0.",
			"cite_as": "Please cite this page as http://oracc.org/atae/P498858/.",
			"collection": "British Museum, London, UK",
			"composite_witness": "witness",
			"credits": "Adapted from S. Herbordt, R. Mattila, B. Parker, J.N. Postgate, and D.J. Wiseman, Documents from the Nabu Temple and from Private Houses on the Citadel (Cuneiform Texts from Nimrud 6), London, 2019, by Jamie Novotny and Poppy Tushingham (2021) for the Munich Open-access Cuneiform Corpus Initiative (MOCCI), which is funded by LMU Munich and the Alexander von Humboldt Foundation at the Historisches Seminar - Abteilung Alte Geschichte of Ludwig-Maximilians-Universität München. The text was lemmatized by Mikko Luukko. The annotated edition is released under the Creative Commons Attribution Share-Alike license 3.0.  Please cite this page as http://oracc.org/atae/P498858/.",
			"date_of_origin": "00.000.00.00",
			"designation": "CTN 6 069",
			"dialect": "Neo-Assyrian",
			"display_name": "CTN 6, 069",
			"genre": "Legal",
			"language": "Akkadian",
			"last_mod_by": "Tushingham",
			"last_modified": "02.11.2021",
			"list_name": "atae/ctn6:P498858",
			"material": "clay",
			"object_type": "tablet",
			"period": "Neo-Assyrian",
			"pleiades_id": "894019",
			"script": "Neo-Assyrian",
			"script_remarks": "inscribed",
			"script_type": "Cuneiform",
			"ch_no": "02",
			"ch_name": "Tablets from the Town Wall Houses",
			"ch_num_name": "02 (Tablets from the Town Wall Houses)"
		},
		"geometry": {
			"type": "Point",
			"coordinates": [43.3275,36.099167]
		}
	}, {
		"type": "Feature",
		"properties": {
			"project": "ctn6",
			"id_text": "P496505",
			"primary_publication": "CTN 6 070",
			"museum_no": "IM 058044",
			"provenience": "Nimrud (Kalhu)",
			"excavation_no": "ND 03425",
			"archive": "017 - Šamaš-šarru-uṣur Archive",
			"atae_attribution": "Adapted from S. Herbordt, R. Mattila, B. Parker, J.N. Postgate, and D.J. Wiseman, Documents from the Nabu Temple and from Private Houses on the Citadel (Cuneiform Texts from Nimrud 6), London, 2019, by Jamie Novotny and Poppy Tushingham (2021) for the Munich Open-access Cuneiform Corpus Initiative (MOCCI), which is funded by LMU Munich and the Alexander von Humboldt Foundation at the Historisches Seminar - Abteilung Alte Geschichte of Ludwig-Maximilians-Universität München. The text was lemmatized by Mikko Luukko. The annotated edition is released under the Creative Commons Attribution Share-Alike license 3.0.",
			"cite_as": "Please cite this page as http://oracc.org/atae/P496505/.",
			"collection": "National Museum of Iraq, Baghdad, Iraq",
			"composite_witness": "witness",
			"credits": "Adapted from S. Herbordt, R. Mattila, B. Parker, J.N. Postgate, and D.J. Wiseman, Documents from the Nabu Temple and from Private Houses on the Citadel (Cuneiform Texts from Nimrud 6), London, 2019, by Jamie Novotny and Poppy Tushingham (2021) for the Munich Open-access Cuneiform Corpus Initiative (MOCCI), which is funded by LMU Munich and the Alexander von Humboldt Foundation at the Historisches Seminar - Abteilung Alte Geschichte of Ludwig-Maximilians-Universität München. The text was lemmatized by Mikko Luukko. The annotated edition is released under the Creative Commons Attribution Share-Alike license 3.0.  Please cite this page as http://oracc.org/atae/P496505/.",
			"date_of_origin": "00.000.00.00",
			"designation": "CTN 6 070",
			"dialect": "Neo-Assyrian",
			"display_name": "CTN 6, 070",
			"genre": "Legal",
			"language": "Akkadian",
			"last_mod_by": "Tushingham",
			"last_modified": "02.11.2021",
			"list_name": "atae/ctn6:P496505",
			"material": "clay",
			"object_type": "tablet",
			"period": "Neo-Assyrian",
			"pleiades_id": "894019",
			"script": "Neo-Assyrian",
			"script_remarks": "inscribed",
			"script_type": "Cuneiform",
			"ch_no": "02",
			"ch_name": "Tablets from the Town Wall Houses",
			"ch_num_name": "02 (Tablets from the Town Wall Houses)"
		},
		"geometry": {
			"type": "Point",
			"coordinates": [43.3275,36.099167]
		}
	}, {
		"type": "Feature",
		"properties": {
			"project": "ctn6",
			"id_text": "P517141",
			"primary_publication": "CTN 6 071",
			"museum_no": "BM 131983",
			"provenience": "Nimrud (Kalhu)",
			"excavation_no": "ND 03420",
			"archive": "017 - Šamaš-šarru-uṣur Archive",
			"atae_attribution": "Adapted from S. Herbordt, R. Mattila, B. Parker, J.N. Postgate, and D.J. Wiseman, Documents from the Nabu Temple and from Private Houses on the Citadel (Cuneiform Texts from Nimrud 6), London, 2019, by Jamie Novotny and Poppy Tushingham (2021) for the Munich Open-access Cuneiform Corpus Initiative (MOCCI), which is funded by LMU Munich and the Alexander von Humboldt Foundation at the Historisches Seminar - Abteilung Alte Geschichte of Ludwig-Maximilians-Universität München. The text was lemmatized by Mikko Luukko. The annotated edition is released under the Creative Commons Attribution Share-Alike license 3.0.",
			"cite_as": "Please cite this page as http://oracc.org/atae/P517141/.",
			"collection": "British Museum, London, UK",
			"composite_witness": "witness",
			"credits": "Adapted from S. Herbordt, R. Mattila, B. Parker, J.N. Postgate, and D.J. Wiseman, Documents from the Nabu Temple and from Private Houses on the Citadel (Cuneiform Texts from Nimrud 6), London, 2019, by Jamie Novotny and Poppy Tushingham (2021) for the Munich Open-access Cuneiform Corpus Initiative (MOCCI), which is funded by LMU Munich and the Alexander von Humboldt Foundation at the Historisches Seminar - Abteilung Alte Geschichte of Ludwig-Maximilians-Universität München. The text was lemmatized by Mikko Luukko. The annotated edition is released under the Creative Commons Attribution Share-Alike license 3.0.  Please cite this page as http://oracc.org/atae/P517141/.",
			"date_of_origin": "00.000.00.00",
			"designation": "CTN 6 071",
			"dialect": "Neo-Assyrian",
			"display_name": "CTN 6, 071",
			"genre": "Legal",
			"language": "Akkadian",
			"last_mod_by": "Tushingham",
			"last_modified": "02.11.2021",
			"list_name": "atae/ctn6:P517141",
			"material": "clay",
			"object_type": "tablet",
			"period": "Neo-Assyrian",
			"pleiades_id": "894019",
			"script": "Neo-Assyrian",
			"script_remarks": "inscribed",
			"script_type": "Cuneiform",
			"ch_no": "02",
			"ch_name": "Tablets from the Town Wall Houses",
			"ch_num_name": "02 (Tablets from the Town Wall Houses)"
		},
		"geometry": {
			"type": "Point",
			"coordinates": [43.3275,36.099167]
		}
	}, {
		"type": "Feature",
		"properties": {
			"project": "ctn6",
			"id_text": "P496520",
			"primary_publication": "CTN 6 072",
			"museum_no": "IM 057047",
			"provenience": "Nimrud (Kalhu)",
			"excavation_no": "ND 03427",
			"archive": "017 - Šamaš-šarru-uṣur Archive",
			"atae_attribution": "Adapted from S. Herbordt, R. Mattila, B. Parker, J.N. Postgate, and D.J. Wiseman, Documents from the Nabu Temple and from Private Houses on the Citadel (Cuneiform Texts from Nimrud 6), London, 2019, by Jamie Novotny and Poppy Tushingham (2021) for the Munich Open-access Cuneiform Corpus Initiative (MOCCI), which is funded by LMU Munich and the Alexander von Humboldt Foundation at the Historisches Seminar - Abteilung Alte Geschichte of Ludwig-Maximilians-Universität München. The text was lemmatized by Mikko Luukko. The annotated edition is released under the Creative Commons Attribution Share-Alike license 3.0.",
			"cite_as": "Please cite this page as http://oracc.org/atae/P496520/.",
			"collection": "National Museum of Iraq, Baghdad, Iraq",
			"composite_witness": "witness",
			"credits": "Adapted from S. Herbordt, R. Mattila, B. Parker, J.N. Postgate, and D.J. Wiseman, Documents from the Nabu Temple and from Private Houses on the Citadel (Cuneiform Texts from Nimrud 6), London, 2019, by Jamie Novotny and Poppy Tushingham (2021) for the Munich Open-access Cuneiform Corpus Initiative (MOCCI), which is funded by LMU Munich and the Alexander von Humboldt Foundation at the Historisches Seminar - Abteilung Alte Geschichte of Ludwig-Maximilians-Universität München. The text was lemmatized by Mikko Luukko. The annotated edition is released under the Creative Commons Attribution Share-Alike license 3.0.  Please cite this page as http://oracc.org/atae/P496520/.",
			"date_of_origin": "00.000.00.00",
			"designation": "CTN 6 072",
			"dialect": "Neo-Assyrian",
			"display_name": "CTN 6, 072",
			"genre": "Legal",
			"language": "Akkadian",
			"last_mod_by": "Tushingham",
			"last_modified": "02.11.2021",
			"list_name": "atae/ctn6:P496520",
			"material": "clay",
			"object_type": "tablet",
			"period": "Neo-Assyrian",
			"pleiades_id": "894019",
			"script": "Neo-Assyrian",
			"script_remarks": "inscribed",
			"script_type": "Cuneiform",
			"ch_no": "02",
			"ch_name": "Tablets from the Town Wall Houses",
			"ch_num_name": "02 (Tablets from the Town Wall Houses)"
		},
		"geometry": {
			"type": "Point",
			"coordinates": [43.3275,36.099167]
		}
	}, {
		"type": "Feature",
		"properties": {
			"project": "ctn6",
			"id_text": "P517136",
			"primary_publication": "CTN 6 073",
			"museum_no": "BM —",
			"provenience": "Nimrud (Kalhu)",
			"excavation_no": "ND 03479b",
			"archive": "017 - Šamaš-šarru-uṣur Archive",
			"atae_attribution": "Adapted from S. Herbordt, R. Mattila, B. Parker, J.N. Postgate, and D.J. Wiseman, Documents from the Nabu Temple and from Private Houses on the Citadel (Cuneiform Texts from Nimrud 6), London, 2019, by Jamie Novotny and Poppy Tushingham (2021) for the Munich Open-access Cuneiform Corpus Initiative (MOCCI), which is funded by LMU Munich and the Alexander von Humboldt Foundation at the Historisches Seminar - Abteilung Alte Geschichte of Ludwig-Maximilians-Universität München. The text was lemmatized by Mikko Luukko. The annotated edition is released under the Creative Commons Attribution Share-Alike license 3.0.",
			"cite_as": "Please cite this page as http://oracc.org/atae/P517136/.",
			"collection": "British Museum, London, UK",
			"composite_witness": "witness",
			"credits": "Adapted from S. Herbordt, R. Mattila, B. Parker, J.N. Postgate, and D.J. Wiseman, Documents from the Nabu Temple and from Private Houses on the Citadel (Cuneiform Texts from Nimrud 6), London, 2019, by Jamie Novotny and Poppy Tushingham (2021) for the Munich Open-access Cuneiform Corpus Initiative (MOCCI), which is funded by LMU Munich and the Alexander von Humboldt Foundation at the Historisches Seminar - Abteilung Alte Geschichte of Ludwig-Maximilians-Universität München. The text was lemmatized by Mikko Luukko. The annotated edition is released under the Creative Commons Attribution Share-Alike license 3.0.  Please cite this page as http://oracc.org/atae/P517136/.",
			"date_of_origin": "00.000.00.00",
			"designation": "CTN 6 073",
			"dialect": "Neo-Assyrian",
			"display_name": "CTN 6, 073",
			"genre": "Legal",
			"language": "Akkadian",
			"last_mod_by": "Tushingham",
			"last_modified": "02.11.2021",
			"list_name": "atae/ctn6:P517136",
			"material": "clay",
			"object_type": "tablet",
			"period": "Neo-Assyrian",
			"pleiades_id": "894019",
			"script": "Neo-Assyrian",
			"script_remarks": "inscribed",
			"script_type": "Cuneiform",
			"ch_no": "02",
			"ch_name": "Tablets from the Town Wall Houses",
			"ch_num_name": "02 (Tablets from the Town Wall Houses)"
		},
		"geometry": {
			"type": "Point",
			"coordinates": [43.3275,36.099167]
		}
	}, {
		"type": "Feature",
		"properties": {
			"project": "ctn6",
			"id_text": "P428991",
			"primary_publication": "CTN 6 074",
			"museum_no": "BM —",
			"provenience": "Nimrud (Kalhu)",
			"excavation_no": "ND 03429",
			"archive": "017 - Šamaš-šarru-uṣur Archive",
			"atae_attribution": "Adapted from S. Herbordt, R. Mattila, B. Parker, J.N. Postgate, and D.J. Wiseman, Documents from the Nabu Temple and from Private Houses on the Citadel (Cuneiform Texts from Nimrud 6), London, 2019, by Jamie Novotny and Poppy Tushingham (2021) for the Munich Open-access Cuneiform Corpus Initiative (MOCCI), which is funded by LMU Munich and the Alexander von Humboldt Foundation at the Historisches Seminar - Abteilung Alte Geschichte of Ludwig-Maximilians-Universität München. The text was lemmatized by Mikko Luukko. The annotated edition is released under the Creative Commons Attribution Share-Alike license 3.0.",
			"cite_as": "Please cite this page as http://oracc.org/atae/P428991/.",
			"collection": "British Museum, London, UK",
			"composite_witness": "witness",
			"credits": "Adapted from S. Herbordt, R. Mattila, B. Parker, J.N. Postgate, and D.J. Wiseman, Documents from the Nabu Temple and from Private Houses on the Citadel (Cuneiform Texts from Nimrud 6), London, 2019, by Jamie Novotny and Poppy Tushingham (2021) for the Munich Open-access Cuneiform Corpus Initiative (MOCCI), which is funded by LMU Munich and the Alexander von Humboldt Foundation at the Historisches Seminar - Abteilung Alte Geschichte of Ludwig-Maximilians-Universität München. The text was lemmatized by Mikko Luukko. The annotated edition is released under the Creative Commons Attribution Share-Alike license 3.0.  Please cite this page as http://oracc.org/atae/P428991/.",
			"date_of_origin": "00.000.00.00",
			"designation": "CTN 6 074",
			"dialect": "Neo-Assyrian",
			"display_name": "CTN 6, 074",
			"genre": "Legal",
			"language": "Akkadian",
			"last_mod_by": "Tushingham",
			"last_modified": "02.11.2021",
			"list_name": "atae/ctn6:P428991",
			"material": "clay",
			"object_type": "tablet",
			"period": "Neo-Assyrian",
			"pleiades_id": "894019",
			"script": "Neo-Assyrian",
			"script_remarks": "inscribed",
			"script_type": "Cuneiform",
			"ch_no": "02",
			"ch_name": "Tablets from the Town Wall Houses",
			"ch_num_name": "02 (Tablets from the Town Wall Houses)"
		},
		"geometry": {
			"type": "Point",
			"coordinates": [43.3275,36.099167]
		}
	}, {
		"type": "Feature",
		"properties": {
			"project": "ctn6",
			"id_text": "P517142",
			"primary_publication": "CTN 6 075",
			"museum_no": "IM —",
			"provenience": "Nimrud (Kalhu)",
			"excavation_no": "ND 03428",
			"archive": "017 - Šamaš-šarru-uṣur Archive",
			"atae_attribution": "Adapted from S. Herbordt, R. Mattila, B. Parker, J.N. Postgate, and D.J. Wiseman, Documents from the Nabu Temple and from Private Houses on the Citadel (Cuneiform Texts from Nimrud 6), London, 2019, by Jamie Novotny and Poppy Tushingham (2021) for the Munich Open-access Cuneiform Corpus Initiative (MOCCI), which is funded by LMU Munich and the Alexander von Humboldt Foundation at the Historisches Seminar - Abteilung Alte Geschichte of Ludwig-Maximilians-Universität München. The text was lemmatized by Mikko Luukko. The annotated edition is released under the Creative Commons Attribution Share-Alike license 3.0.",
			"cite_as": "Please cite this page as http://oracc.org/atae/P517142/.",
			"collection": "National Museum of Iraq, Baghdad, Iraq",
			"composite_witness": "witness",
			"credits": "Adapted from S. Herbordt, R. Mattila, B. Parker, J.N. Postgate, and D.J. Wiseman, Documents from the Nabu Temple and from Private Houses on the Citadel (Cuneiform Texts from Nimrud 6), London, 2019, by Jamie Novotny and Poppy Tushingham (2021) for the Munich Open-access Cuneiform Corpus Initiative (MOCCI), which is funded by LMU Munich and the Alexander von Humboldt Foundation at the Historisches Seminar - Abteilung Alte Geschichte of Ludwig-Maximilians-Universität München. The text was lemmatized by Mikko Luukko. The annotated edition is released under the Creative Commons Attribution Share-Alike license 3.0.  Please cite this page as http://oracc.org/atae/P517142/.",
			"date_of_origin": "00.000.00.00",
			"designation": "CTN 6 075",
			"dialect": "Neo-Assyrian",
			"display_name": "CTN 6, 075",
			"genre": "Legal",
			"language": "Akkadian",
			"last_mod_by": "Tushingham",
			"last_modified": "02.11.2021",
			"list_name": "atae/ctn6:P517142",
			"material": "clay",
			"object_type": "tablet",
			"period": "Neo-Assyrian",
			"pleiades_id": "894019",
			"script": "Neo-Assyrian",
			"script_remarks": "inscribed",
			"script_type": "Cuneiform",
			"ch_no": "02",
			"ch_name": "Tablets from the Town Wall Houses",
			"ch_num_name": "02 (Tablets from the Town Wall Houses)"
		},
		"geometry": {
			"type": "Point",
			"coordinates": [43.3275,36.099167]
		}
	}, {
		"type": "Feature",
		"properties": {
			"project": "ctn6",
			"id_text": "P517146",
			"primary_publication": "CTN 6 076",
			"museum_no": "IM 057063",
			"provenience": "Nimrud (Kalhu)",
			"excavation_no": "ND 03440",
			"archive": "017 - Šamaš-šarru-uṣur Archive",
			"atae_attribution": "Adapted from S. Herbordt, R. Mattila, B. Parker, J.N. Postgate, and D.J. Wiseman, Documents from the Nabu Temple and from Private Houses on the Citadel (Cuneiform Texts from Nimrud 6), London, 2019, by Jamie Novotny and Poppy Tushingham (2021) for the Munich Open-access Cuneiform Corpus Initiative (MOCCI), which is funded by LMU Munich and the Alexander von Humboldt Foundation at the Historisches Seminar - Abteilung Alte Geschichte of Ludwig-Maximilians-Universität München. The text was lemmatized by Mikko Luukko. The annotated edition is released under the Creative Commons Attribution Share-Alike license 3.0.",
			"cite_as": "Please cite this page as http://oracc.org/atae/P517146/.",
			"collection": "National Museum of Iraq, Baghdad, Iraq",
			"composite_witness": "witness",
			"credits": "Adapted from S. Herbordt, R. Mattila, B. Parker, J.N. Postgate, and D.J. Wiseman, Documents from the Nabu Temple and from Private Houses on the Citadel (Cuneiform Texts from Nimrud 6), London, 2019, by Jamie Novotny and Poppy Tushingham (2021) for the Munich Open-access Cuneiform Corpus Initiative (MOCCI), which is funded by LMU Munich and the Alexander von Humboldt Foundation at the Historisches Seminar - Abteilung Alte Geschichte of Ludwig-Maximilians-Universität München. The text was lemmatized by Mikko Luukko. The annotated edition is released under the Creative Commons Attribution Share-Alike license 3.0.  Please cite this page as http://oracc.org/atae/P517146/.",
			"date_of_origin": "00.000.00.00",
			"designation": "CTN 6 076",
			"dialect": "Neo-Assyrian",
			"display_name": "CTN 6, 076",
			"genre": "Legal",
			"language": "Akkadian",
			"last_mod_by": "Tushingham",
			"last_modified": "02.11.2021",
			"list_name": "atae/ctn6:P517146",
			"material": "clay",
			"object_type": "tablet",
			"period": "Neo-Assyrian",
			"pleiades_id": "894019",
			"script": "Neo-Assyrian",
			"script_remarks": "inscribed",
			"script_type": "Cuneiform",
			"ch_no": "02",
			"ch_name": "Tablets from the Town Wall Houses",
			"ch_num_name": "02 (Tablets from the Town Wall Houses)"
		},
		"geometry": {
			"type": "Point",
			"coordinates": [43.3275,36.099167]
		}
	}, {
		"type": "Feature",
		"properties": {
			"project": "ctn6",
			"id_text": "P513717",
			"primary_publication": "CTN 6 077",
			"museum_no": "IA5.074",
			"provenience": "Nimrud (Kalhu)",
			"excavation_no": "ND 03430",
			"archive": "017 - Šamaš-šarru-uṣur Archive",
			"atae_attribution": "Adapted from S. Herbordt, R. Mattila, B. Parker, J.N. Postgate, and D.J. Wiseman, Documents from the Nabu Temple and from Private Houses on the Citadel (Cuneiform Texts from Nimrud 6), London, 2019, by Jamie Novotny and Poppy Tushingham (2021) for the Munich Open-access Cuneiform Corpus Initiative (MOCCI), which is funded by LMU Munich and the Alexander von Humboldt Foundation at the Historisches Seminar - Abteilung Alte Geschichte of Ludwig-Maximilians-Universität München. The text was lemmatized by Mikko Luukko. The annotated edition is released under the Creative Commons Attribution Share-Alike license 3.0.",
			"cite_as": "Please cite this page as http://oracc.org/atae/P513717/.",
			"collection": "Australian Institute of Archaeology, Melbourne,Victoria, Australia",
			"composite_witness": "witness",
			"credits": "Adapted from S. Herbordt, R. Mattila, B. Parker, J.N. Postgate, and D.J. Wiseman, Documents from the Nabu Temple and from Private Houses on the Citadel (Cuneiform Texts from Nimrud 6), London, 2019, by Jamie Novotny and Poppy Tushingham (2021) for the Munich Open-access Cuneiform Corpus Initiative (MOCCI), which is funded by LMU Munich and the Alexander von Humboldt Foundation at the Historisches Seminar - Abteilung Alte Geschichte of Ludwig-Maximilians-Universität München. The text was lemmatized by Mikko Luukko. The annotated edition is released under the Creative Commons Attribution Share-Alike license 3.0.  Please cite this page as http://oracc.org/atae/P513717/.",
			"date_of_origin": "00.000.00.00",
			"designation": "CTN 6 077",
			"dialect": "Neo-Assyrian",
			"display_name": "CTN 6, 077",
			"genre": "Legal",
			"language": "Akkadian",
			"last_mod_by": "Tushingham",
			"last_modified": "02.11.2021",
			"list_name": "atae/ctn6:P513717",
			"material": "clay",
			"object_type": "tablet",
			"period": "Neo-Assyrian",
			"pleiades_id": "894019",
			"script": "Neo-Assyrian",
			"script_remarks": "inscribed",
			"script_type": "Cuneiform",
			"ch_no": "02",
			"ch_name": "Tablets from the Town Wall Houses",
			"ch_num_name": "02 (Tablets from the Town Wall Houses)"
		},
		"geometry": {
			"type": "Point",
			"coordinates": [43.3275,36.099167]
		}
	}, {
		"type": "Feature",
		"properties": {
			"project": "ctn6",
			"id_text": "P517145",
			"primary_publication": "CTN 6 078",
			"museum_no": "BM 131986",
			"provenience": "Nimrud (Kalhu)",
			"excavation_no": "ND 03434",
			"archive": "017 - Šamaš-šarru-uṣur Archive",
			"atae_attribution": "Adapted from S. Herbordt, R. Mattila, B. Parker, J.N. Postgate, and D.J. Wiseman, Documents from the Nabu Temple and from Private Houses on the Citadel (Cuneiform Texts from Nimrud 6), London, 2019, by Jamie Novotny and Poppy Tushingham (2021) for the Munich Open-access Cuneiform Corpus Initiative (MOCCI), which is funded by LMU Munich and the Alexander von Humboldt Foundation at the Historisches Seminar - Abteilung Alte Geschichte of Ludwig-Maximilians-Universität München. The text was lemmatized by Mikko Luukko. The annotated edition is released under the Creative Commons Attribution Share-Alike license 3.0.",
			"cite_as": "Please cite this page as http://oracc.org/atae/P517145/.",
			"collection": "British Museum, London, UK",
			"composite_witness": "witness",
			"credits": "Adapted from S. Herbordt, R. Mattila, B. Parker, J.N. Postgate, and D.J. Wiseman, Documents from the Nabu Temple and from Private Houses on the Citadel (Cuneiform Texts from Nimrud 6), London, 2019, by Jamie Novotny and Poppy Tushingham (2021) for the Munich Open-access Cuneiform Corpus Initiative (MOCCI), which is funded by LMU Munich and the Alexander von Humboldt Foundation at the Historisches Seminar - Abteilung Alte Geschichte of Ludwig-Maximilians-Universität München. The text was lemmatized by Mikko Luukko. The annotated edition is released under the Creative Commons Attribution Share-Alike license 3.0.  Please cite this page as http://oracc.org/atae/P517145/.",
			"date_of_origin": "00.000.00.00",
			"designation": "CTN 6 078",
			"dialect": "Neo-Assyrian",
			"display_name": "CTN 6, 078",
			"genre": "Legal",
			"language": "Akkadian",
			"last_mod_by": "Tushingham",
			"last_modified": "02.11.2021",
			"list_name": "atae/ctn6:P517145",
			"material": "clay",
			"object_type": "tablet",
			"period": "Neo-Assyrian",
			"pleiades_id": "894019",
			"script": "Neo-Assyrian",
			"script_remarks": "inscribed",
			"script_type": "Cuneiform",
			"ch_no": "02",
			"ch_name": "Tablets from the Town Wall Houses",
			"ch_num_name": "02 (Tablets from the Town Wall Houses)"
		},
		"geometry": {
			"type": "Point",
			"coordinates": [43.3275,36.099167]
		}
	}, {
		"type": "Feature",
		"properties": {
			"project": "ctn6",
			"id_text": "P517152",
			"primary_publication": "CTN 6 079",
			"museum_no": "IA5.047",
			"provenience": "Nimrud (Kalhu)",
			"excavation_no": "ND 03454",
			"archive": "017 - Šamaš-šarru-uṣur Archive",
			"atae_attribution": "Adapted from S. Herbordt, R. Mattila, B. Parker, J.N. Postgate, and D.J. Wiseman, Documents from the Nabu Temple and from Private Houses on the Citadel (Cuneiform Texts from Nimrud 6), London, 2019, by Jamie Novotny and Poppy Tushingham (2021) for the Munich Open-access Cuneiform Corpus Initiative (MOCCI), which is funded by LMU Munich and the Alexander von Humboldt Foundation at the Historisches Seminar - Abteilung Alte Geschichte of Ludwig-Maximilians-Universität München. The text was lemmatized by Mikko Luukko. The annotated edition is released under the Creative Commons Attribution Share-Alike license 3.0.",
			"cite_as": "Please cite this page as http://oracc.org/atae/P517152/.",
			"collection": "Australian Institute of Archaeology, Melbourne,Victoria, Australia",
			"composite_witness": "witness",
			"credits": "Adapted from S. Herbordt, R. Mattila, B. Parker, J.N. Postgate, and D.J. Wiseman, Documents from the Nabu Temple and from Private Houses on the Citadel (Cuneiform Texts from Nimrud 6), London, 2019, by Jamie Novotny and Poppy Tushingham (2021) for the Munich Open-access Cuneiform Corpus Initiative (MOCCI), which is funded by LMU Munich and the Alexander von Humboldt Foundation at the Historisches Seminar - Abteilung Alte Geschichte of Ludwig-Maximilians-Universität München. The text was lemmatized by Mikko Luukko. The annotated edition is released under the Creative Commons Attribution Share-Alike license 3.0.  Please cite this page as http://oracc.org/atae/P517152/.",
			"date_of_origin": "00.000.00.00",
			"designation": "CTN 6 079",
			"dialect": "Neo-Assyrian",
			"display_name": "CTN 6, 079",
			"genre": "Legal",
			"language": "Akkadian",
			"last_mod_by": "Tushingham",
			"last_modified": "02.11.2021",
			"list_name": "atae/ctn6:P517152",
			"material": "clay",
			"object_type": "tablet",
			"period": "Neo-Assyrian",
			"pleiades_id": "894019",
			"script": "Neo-Assyrian",
			"script_remarks": "inscribed",
			"script_type": "Cuneiform",
			"ch_no": "02",
			"ch_name": "Tablets from the Town Wall Houses",
			"ch_num_name": "02 (Tablets from the Town Wall Houses)"
		},
		"geometry": {
			"type": "Point",
			"coordinates": [43.3275,36.099167]
		}
	}, {
		"type": "Feature",
		"properties": {
			"project": "ctn6",
			"id_text": "P517157",
			"primary_publication": "CTN 6 080",
			"museum_no": "IM 057060",
			"provenience": "Nimrud (Kalhu)",
			"excavation_no": "ND 03459",
			"archive": "017 - Šamaš-šarru-uṣur Archive",
			"atae_attribution": "Adapted from S. Herbordt, R. Mattila, B. Parker, J.N. Postgate, and D.J. Wiseman, Documents from the Nabu Temple and from Private Houses on the Citadel (Cuneiform Texts from Nimrud 6), London, 2019, by Jamie Novotny and Poppy Tushingham (2021) for the Munich Open-access Cuneiform Corpus Initiative (MOCCI), which is funded by LMU Munich and the Alexander von Humboldt Foundation at the Historisches Seminar - Abteilung Alte Geschichte of Ludwig-Maximilians-Universität München. The text was lemmatized by Mikko Luukko. The annotated edition is released under the Creative Commons Attribution Share-Alike license 3.0.",
			"cite_as": "Please cite this page as http://oracc.org/atae/P517157/.",
			"collection": "National Museum of Iraq, Baghdad, Iraq",
			"composite_witness": "witness",
			"credits": "Adapted from S. Herbordt, R. Mattila, B. Parker, J.N. Postgate, and D.J. Wiseman, Documents from the Nabu Temple and from Private Houses on the Citadel (Cuneiform Texts from Nimrud 6), London, 2019, by Jamie Novotny and Poppy Tushingham (2021) for the Munich Open-access Cuneiform Corpus Initiative (MOCCI), which is funded by LMU Munich and the Alexander von Humboldt Foundation at the Historisches Seminar - Abteilung Alte Geschichte of Ludwig-Maximilians-Universität München. The text was lemmatized by Mikko Luukko. The annotated edition is released under the Creative Commons Attribution Share-Alike license 3.0.  Please cite this page as http://oracc.org/atae/P517157/.",
			"date_of_origin": "00.000.00.00",
			"designation": "CTN 6 080",
			"dialect": "Neo-Assyrian",
			"display_name": "CTN 6, 080",
			"genre": "Legal",
			"language": "Akkadian",
			"last_mod_by": "Tushingham",
			"last_modified": "02.11.2021",
			"list_name": "atae/ctn6:P517157",
			"material": "clay",
			"object_type": "tablet and envelope",
			"period": "Neo-Assyrian",
			"pleiades_id": "894019",
			"script": "Neo-Assyrian",
			"script_remarks": "inscribed",
			"script_type": "Cuneiform",
			"ch_no": "02",
			"ch_name": "Tablets from the Town Wall Houses",
			"ch_num_name": "02 (Tablets from the Town Wall Houses)"
		},
		"geometry": {
			"type": "Point",
			"coordinates": [43.3275,36.099167]
		}
	}, {
		"type": "Feature",
		"properties": {
			"project": "ctn6",
			"id_text": "P517150",
			"primary_publication": "CTN 6 081",
			"museum_no": "IM —",
			"provenience": "Nimrud (Kalhu)",
			"excavation_no": "ND 03452",
			"archive": "017 - Šamaš-šarru-uṣur Archive",
			"atae_attribution": "Adapted from S. Herbordt, R. Mattila, B. Parker, J.N. Postgate, and D.J. Wiseman, Documents from the Nabu Temple and from Private Houses on the Citadel (Cuneiform Texts from Nimrud 6), London, 2019, by Jamie Novotny and Poppy Tushingham (2021) for the Munich Open-access Cuneiform Corpus Initiative (MOCCI), which is funded by LMU Munich and the Alexander von Humboldt Foundation at the Historisches Seminar - Abteilung Alte Geschichte of Ludwig-Maximilians-Universität München. The text was lemmatized by Mikko Luukko. The annotated edition is released under the Creative Commons Attribution Share-Alike license 3.0.",
			"cite_as": "Please cite this page as http://oracc.org/atae/P517150/.",
			"collection": "National Museum of Iraq, Baghdad, Iraq",
			"composite_witness": "witness",
			"credits": "Adapted from S. Herbordt, R. Mattila, B. Parker, J.N. Postgate, and D.J. Wiseman, Documents from the Nabu Temple and from Private Houses on the Citadel (Cuneiform Texts from Nimrud 6), London, 2019, by Jamie Novotny and Poppy Tushingham (2021) for the Munich Open-access Cuneiform Corpus Initiative (MOCCI), which is funded by LMU Munich and the Alexander von Humboldt Foundation at the Historisches Seminar - Abteilung Alte Geschichte of Ludwig-Maximilians-Universität München. The text was lemmatized by Mikko Luukko. The annotated edition is released under the Creative Commons Attribution Share-Alike license 3.0.  Please cite this page as http://oracc.org/atae/P517150/.",
			"date_of_origin": "00.000.00.00",
			"designation": "CTN 6 081",
			"dialect": "Neo-Assyrian",
			"display_name": "CTN 6, 081",
			"genre": "Legal",
			"language": "Akkadian",
			"last_mod_by": "Tushingham",
			"last_modified": "02.11.2021",
			"list_name": "atae/ctn6:P517150",
			"material": "clay",
			"object_type": "tablet",
			"period": "Neo-Assyrian",
			"pleiades_id": "894019",
			"script": "Neo-Assyrian",
			"script_remarks": "inscribed",
			"script_type": "Cuneiform",
			"ch_no": "02",
			"ch_name": "Tablets from the Town Wall Houses",
			"ch_num_name": "02 (Tablets from the Town Wall Houses)"
		},
		"geometry": {
			"type": "Point",
			"coordinates": [43.3275,36.099167]
		}
	}, {
		"type": "Feature",
		"properties": {
			"project": "ctn6",
			"id_text": "P428994",
			"primary_publication": "CTN 6 082",
			"museum_no": "BM —",
			"provenience": "Nimrud (Kalhu)",
			"excavation_no": "ND 03444",
			"archive": "017 - Šamaš-šarru-uṣur Archive",
			"atae_attribution": "Adapted from S. Herbordt, R. Mattila, B. Parker, J.N. Postgate, and D.J. Wiseman, Documents from the Nabu Temple and from Private Houses on the Citadel (Cuneiform Texts from Nimrud 6), London, 2019, by Jamie Novotny and Poppy Tushingham (2021) for the Munich Open-access Cuneiform Corpus Initiative (MOCCI), which is funded by LMU Munich and the Alexander von Humboldt Foundation at the Historisches Seminar - Abteilung Alte Geschichte of Ludwig-Maximilians-Universität München. The text was lemmatized by Mikko Luukko. The annotated edition is released under the Creative Commons Attribution Share-Alike license 3.0.",
			"cite_as": "Please cite this page as http://oracc.org/atae/P428994/.",
			"collection": "British Museum, London, UK",
			"composite_witness": "witness",
			"credits": "Adapted from S. Herbordt, R. Mattila, B. Parker, J.N. Postgate, and D.J. Wiseman, Documents from the Nabu Temple and from Private Houses on the Citadel (Cuneiform Texts from Nimrud 6), London, 2019, by Jamie Novotny and Poppy Tushingham (2021) for the Munich Open-access Cuneiform Corpus Initiative (MOCCI), which is funded by LMU Munich and the Alexander von Humboldt Foundation at the Historisches Seminar - Abteilung Alte Geschichte of Ludwig-Maximilians-Universität München. The text was lemmatized by Mikko Luukko. The annotated edition is released under the Creative Commons Attribution Share-Alike license 3.0.  Please cite this page as http://oracc.org/atae/P428994/.",
			"date_of_origin": "00.000.00.00",
			"designation": "CTN 6 082",
			"dialect": "Neo-Assyrian",
			"display_name": "CTN 6, 082",
			"genre": "Legal",
			"language": "Akkadian",
			"last_mod_by": "Tushingham",
			"last_modified": "02.11.2021",
			"list_name": "atae/ctn6:P428994",
			"material": "clay",
			"object_type": "tablet and envelope",
			"period": "Neo-Assyrian",
			"pleiades_id": "894019",
			"script": "Neo-Assyrian",
			"script_remarks": "inscribed",
			"script_type": "Cuneiform",
			"ch_no": "02",
			"ch_name": "Tablets from the Town Wall Houses",
			"ch_num_name": "02 (Tablets from the Town Wall Houses)"
		},
		"geometry": {
			"type": "Point",
			"coordinates": [43.3275,36.099167]
		}
	}, {
		"type": "Feature",
		"properties": {
			"project": "ctn6",
			"id_text": "P517144",
			"primary_publication": "CTN 6 083",
			"museum_no": "IM 057054",
			"provenience": "Nimrud (Kalhu)",
			"excavation_no": "ND 03432",
			"archive": "017 - Šamaš-šarru-uṣur Archive",
			"atae_attribution": "Adapted from S. Herbordt, R. Mattila, B. Parker, J.N. Postgate, and D.J. Wiseman, Documents from the Nabu Temple and from Private Houses on the Citadel (Cuneiform Texts from Nimrud 6), London, 2019, by Jamie Novotny and Poppy Tushingham (2021) for the Munich Open-access Cuneiform Corpus Initiative (MOCCI), which is funded by LMU Munich and the Alexander von Humboldt Foundation at the Historisches Seminar - Abteilung Alte Geschichte of Ludwig-Maximilians-Universität München. The text was lemmatized by Mikko Luukko. The annotated edition is released under the Creative Commons Attribution Share-Alike license 3.0.",
			"cite_as": "Please cite this page as http://oracc.org/atae/P517144/.",
			"collection": "National Museum of Iraq, Baghdad, Iraq",
			"composite_witness": "witness",
			"credits": "Adapted from S. Herbordt, R. Mattila, B. Parker, J.N. Postgate, and D.J. Wiseman, Documents from the Nabu Temple and from Private Houses on the Citadel (Cuneiform Texts from Nimrud 6), London, 2019, by Jamie Novotny and Poppy Tushingham (2021) for the Munich Open-access Cuneiform Corpus Initiative (MOCCI), which is funded by LMU Munich and the Alexander von Humboldt Foundation at the Historisches Seminar - Abteilung Alte Geschichte of Ludwig-Maximilians-Universität München. The text was lemmatized by Mikko Luukko. The annotated edition is released under the Creative Commons Attribution Share-Alike license 3.0.  Please cite this page as http://oracc.org/atae/P517144/.",
			"date_of_origin": "00.000.00.00",
			"designation": "CTN 6 083",
			"dialect": "Neo-Assyrian",
			"display_name": "CTN 6, 083",
			"genre": "Legal",
			"language": "Akkadian",
			"last_mod_by": "Tushingham",
			"last_modified": "02.11.2021",
			"list_name": "atae/ctn6:P517144",
			"material": "clay",
			"object_type": "tablet",
			"period": "Neo-Assyrian",
			"pleiades_id": "894019",
			"script": "Neo-Assyrian",
			"script_remarks": "inscribed",
			"script_type": "Cuneiform",
			"ch_no": "02",
			"ch_name": "Tablets from the Town Wall Houses",
			"ch_num_name": "02 (Tablets from the Town Wall Houses)"
		},
		"geometry": {
			"type": "Point",
			"coordinates": [43.3275,36.099167]
		}
	}, {
		"type": "Feature",
		"properties": {
			"project": "ctn6",
			"id_text": "P428997",
			"primary_publication": "CTN 6 084",
			"museum_no": "BM —",
			"provenience": "Nimrud (Kalhu)",
			"excavation_no": "ND 03451",
			"archive": "017 - Šamaš-šarru-uṣur Archive",
			"atae_attribution": "Adapted from S. Herbordt, R. Mattila, B. Parker, J.N. Postgate, and D.J. Wiseman, Documents from the Nabu Temple and from Private Houses on the Citadel (Cuneiform Texts from Nimrud 6), London, 2019, by Jamie Novotny and Poppy Tushingham (2021) for the Munich Open-access Cuneiform Corpus Initiative (MOCCI), which is funded by LMU Munich and the Alexander von Humboldt Foundation at the Historisches Seminar - Abteilung Alte Geschichte of Ludwig-Maximilians-Universität München. The text was lemmatized by Mikko Luukko. The annotated edition is released under the Creative Commons Attribution Share-Alike license 3.0.",
			"cite_as": "Please cite this page as http://oracc.org/atae/P428997/.",
			"collection": "British Museum, London, UK",
			"composite_witness": "witness",
			"credits": "Adapted from S. Herbordt, R. Mattila, B. Parker, J.N. Postgate, and D.J. Wiseman, Documents from the Nabu Temple and from Private Houses on the Citadel (Cuneiform Texts from Nimrud 6), London, 2019, by Jamie Novotny and Poppy Tushingham (2021) for the Munich Open-access Cuneiform Corpus Initiative (MOCCI), which is funded by LMU Munich and the Alexander von Humboldt Foundation at the Historisches Seminar - Abteilung Alte Geschichte of Ludwig-Maximilians-Universität München. The text was lemmatized by Mikko Luukko. The annotated edition is released under the Creative Commons Attribution Share-Alike license 3.0.  Please cite this page as http://oracc.org/atae/P428997/.",
			"date_of_origin": "00.000.00.00",
			"designation": "CTN 6 084",
			"dialect": "Neo-Assyrian",
			"display_name": "CTN 6, 084",
			"genre": "Legal",
			"language": "Akkadian",
			"last_mod_by": "Tushingham",
			"last_modified": "02.11.2021",
			"list_name": "atae/ctn6:P428997",
			"material": "clay",
			"object_type": "tablet and envelope",
			"period": "Neo-Assyrian",
			"pleiades_id": "894019",
			"script": "Neo-Assyrian",
			"script_remarks": "inscribed",
			"script_type": "Cuneiform",
			"ch_no": "02",
			"ch_name": "Tablets from the Town Wall Houses",
			"ch_num_name": "02 (Tablets from the Town Wall Houses)"
		},
		"geometry": {
			"type": "Point",
			"coordinates": [43.3275,36.099167]
		}
	}, {
		"type": "Feature",
		"properties": {
			"project": "ctn6",
			"id_text": "P428992",
			"primary_publication": "CTN 6 085",
			"museum_no": "BM —",
			"provenience": "Nimrud (Kalhu)",
			"excavation_no": "ND 03438",
			"archive": "017 - Šamaš-šarru-uṣur Archive",
			"atae_attribution": "Adapted from S. Herbordt, R. Mattila, B. Parker, J.N. Postgate, and D.J. Wiseman, Documents from the Nabu Temple and from Private Houses on the Citadel (Cuneiform Texts from Nimrud 6), London, 2019, by Jamie Novotny and Poppy Tushingham (2021) for the Munich Open-access Cuneiform Corpus Initiative (MOCCI), which is funded by LMU Munich and the Alexander von Humboldt Foundation at the Historisches Seminar - Abteilung Alte Geschichte of Ludwig-Maximilians-Universität München. The text was lemmatized by Mikko Luukko. The annotated edition is released under the Creative Commons Attribution Share-Alike license 3.0.",
			"cite_as": "Please cite this page as http://oracc.org/atae/P428992/.",
			"collection": "British Museum, London, UK",
			"composite_witness": "witness",
			"credits": "Adapted from S. Herbordt, R. Mattila, B. Parker, J.N. Postgate, and D.J. Wiseman, Documents from the Nabu Temple and from Private Houses on the Citadel (Cuneiform Texts from Nimrud 6), London, 2019, by Jamie Novotny and Poppy Tushingham (2021) for the Munich Open-access Cuneiform Corpus Initiative (MOCCI), which is funded by LMU Munich and the Alexander von Humboldt Foundation at the Historisches Seminar - Abteilung Alte Geschichte of Ludwig-Maximilians-Universität München. The text was lemmatized by Mikko Luukko. The annotated edition is released under the Creative Commons Attribution Share-Alike license 3.0.  Please cite this page as http://oracc.org/atae/P428992/.",
			"date_of_origin": "00.000.00.00",
			"designation": "CTN 6 085",
			"dialect": "Neo-Assyrian",
			"display_name": "CTN 6, 085",
			"genre": "Legal",
			"language": "Akkadian",
			"last_mod_by": "Tushingham",
			"last_modified": "02.11.2021",
			"list_name": "atae/ctn6:P428992",
			"material": "clay",
			"object_type": "tablet",
			"period": "Neo-Assyrian",
			"pleiades_id": "894019",
			"script": "Neo-Assyrian",
			"script_remarks": "inscribed",
			"script_type": "Cuneiform",
			"ch_no": "02",
			"ch_name": "Tablets from the Town Wall Houses",
			"ch_num_name": "02 (Tablets from the Town Wall Houses)"
		},
		"geometry": {
			"type": "Point",
			"coordinates": [43.3275,36.099167]
		}
	}, {
		"type": "Feature",
		"properties": {
			"project": "ctn6",
			"id_text": "P412278",
			"primary_publication": "CTN 6 086",
			"museum_no": "MMA 54.117.27a+b",
			"provenience": "Nimrud (Kalhu)",
			"excavation_no": "ND 03435",
			"archive": "017 - Šamaš-šarru-uṣur Archive",
			"atae_attribution": "Adapted from S. Herbordt, R. Mattila, B. Parker, J.N. Postgate, and D.J. Wiseman, Documents from the Nabu Temple and from Private Houses on the Citadel (Cuneiform Texts from Nimrud 6), London, 2019, by Jamie Novotny and Poppy Tushingham (2021) for the Munich Open-access Cuneiform Corpus Initiative (MOCCI), which is funded by LMU Munich and the Alexander von Humboldt Foundation at the Historisches Seminar - Abteilung Alte Geschichte of Ludwig-Maximilians-Universität München. The text was lemmatized by Mikko Luukko. The annotated edition is released under the Creative Commons Attribution Share-Alike license 3.0.",
			"cite_as": "Please cite this page as http://oracc.org/atae/P412278/.",
			"collection": "Metropolitan Museum of Art, New York, New York, USA",
			"composite_witness": "witness",
			"credits": "Adapted from S. Herbordt, R. Mattila, B. Parker, J.N. Postgate, and D.J. Wiseman, Documents from the Nabu Temple and from Private Houses on the Citadel (Cuneiform Texts from Nimrud 6), London, 2019, by Jamie Novotny and Poppy Tushingham (2021) for the Munich Open-access Cuneiform Corpus Initiative (MOCCI), which is funded by LMU Munich and the Alexander von Humboldt Foundation at the Historisches Seminar - Abteilung Alte Geschichte of Ludwig-Maximilians-Universität München. The text was lemmatized by Mikko Luukko. The annotated edition is released under the Creative Commons Attribution Share-Alike license 3.0.  Please cite this page as http://oracc.org/atae/P412278/.",
			"date_of_origin": "00.000.00.00",
			"designation": "CTN 6 086",
			"dialect": "Neo-Assyrian",
			"display_name": "CTN 6, 086",
			"genre": "Legal",
			"language": "Akkadian",
			"last_mod_by": "Tushingham",
			"last_modified": "02.11.2021",
			"list_name": "atae/ctn6:P412278",
			"material": "clay",
			"object_type": "tablet and envelope",
			"period": "Neo-Assyrian",
			"pleiades_id": "894019",
			"script": "Neo-Assyrian",
			"script_remarks": "inscribed",
			"script_type": "Cuneiform",
			"ch_no": "02",
			"ch_name": "Tablets from the Town Wall Houses",
			"ch_num_name": "02 (Tablets from the Town Wall Houses)"
		},
		"geometry": {
			"type": "Point",
			"coordinates": [43.3275,36.099167]
		}
	}, {
		"type": "Feature",
		"properties": {
			"project": "ctn6",
			"id_text": "P496502",
			"primary_publication": "CTN 6 087",
			"museum_no": "IM 057039",
			"provenience": "Nimrud (Kalhu)",
			"excavation_no": "ND 03437",
			"archive": "017 - Šamaš-šarru-uṣur Archive",
			"atae_attribution": "Adapted from S. Herbordt, R. Mattila, B. Parker, J.N. Postgate, and D.J. Wiseman, Documents from the Nabu Temple and from Private Houses on the Citadel (Cuneiform Texts from Nimrud 6), London, 2019, by Jamie Novotny and Poppy Tushingham (2021) for the Munich Open-access Cuneiform Corpus Initiative (MOCCI), which is funded by LMU Munich and the Alexander von Humboldt Foundation at the Historisches Seminar - Abteilung Alte Geschichte of Ludwig-Maximilians-Universität München. The text was lemmatized by Mikko Luukko. The annotated edition is released under the Creative Commons Attribution Share-Alike license 3.0.",
			"cite_as": "Please cite this page as http://oracc.org/atae/P496502/.",
			"collection": "National Museum of Iraq, Baghdad, Iraq",
			"composite_witness": "witness",
			"credits": "Adapted from S. Herbordt, R. Mattila, B. Parker, J.N. Postgate, and D.J. Wiseman, Documents from the Nabu Temple and from Private Houses on the Citadel (Cuneiform Texts from Nimrud 6), London, 2019, by Jamie Novotny and Poppy Tushingham (2021) for the Munich Open-access Cuneiform Corpus Initiative (MOCCI), which is funded by LMU Munich and the Alexander von Humboldt Foundation at the Historisches Seminar - Abteilung Alte Geschichte of Ludwig-Maximilians-Universität München. The text was lemmatized by Mikko Luukko. The annotated edition is released under the Creative Commons Attribution Share-Alike license 3.0.  Please cite this page as http://oracc.org/atae/P496502/.",
			"date_of_origin": "00.000.00.00",
			"designation": "CTN 6 087",
			"dialect": "Neo-Assyrian",
			"display_name": "CTN 6, 087",
			"genre": "Legal",
			"language": "Akkadian",
			"last_mod_by": "Tushingham",
			"last_modified": "02.11.2021",
			"list_name": "atae/ctn6:P496502",
			"material": "clay",
			"object_type": "tablet",
			"period": "Neo-Assyrian",
			"pleiades_id": "894019",
			"script": "Neo-Assyrian",
			"script_remarks": "inscribed",
			"script_type": "Cuneiform",
			"ch_no": "02",
			"ch_name": "Tablets from the Town Wall Houses",
			"ch_num_name": "02 (Tablets from the Town Wall Houses)"
		},
		"geometry": {
			"type": "Point",
			"coordinates": [43.3275,36.099167]
		}
	}, {
		"type": "Feature",
		"properties": {
			"project": "ctn6",
			"id_text": "P517147",
			"primary_publication": "CTN 6 088",
			"museum_no": "IM 057057",
			"provenience": "Nimrud (Kalhu)",
			"excavation_no": "ND 03442",
			"archive": "017 - Šamaš-šarru-uṣur Archive",
			"atae_attribution": "Adapted from S. Herbordt, R. Mattila, B. Parker, J.N. Postgate, and D.J. Wiseman, Documents from the Nabu Temple and from Private Houses on the Citadel (Cuneiform Texts from Nimrud 6), London, 2019, by Jamie Novotny and Poppy Tushingham (2021) for the Munich Open-access Cuneiform Corpus Initiative (MOCCI), which is funded by LMU Munich and the Alexander von Humboldt Foundation at the Historisches Seminar - Abteilung Alte Geschichte of Ludwig-Maximilians-Universität München. The text was lemmatized by Mikko Luukko. The annotated edition is released under the Creative Commons Attribution Share-Alike license 3.0.",
			"cite_as": "Please cite this page as http://oracc.org/atae/P517147/.",
			"collection": "National Museum of Iraq, Baghdad, Iraq",
			"composite_witness": "witness",
			"credits": "Adapted from S. Herbordt, R. Mattila, B. Parker, J.N. Postgate, and D.J. Wiseman, Documents from the Nabu Temple and from Private Houses on the Citadel (Cuneiform Texts from Nimrud 6), London, 2019, by Jamie Novotny and Poppy Tushingham (2021) for the Munich Open-access Cuneiform Corpus Initiative (MOCCI), which is funded by LMU Munich and the Alexander von Humboldt Foundation at the Historisches Seminar - Abteilung Alte Geschichte of Ludwig-Maximilians-Universität München. The text was lemmatized by Mikko Luukko. The annotated edition is released under the Creative Commons Attribution Share-Alike license 3.0.  Please cite this page as http://oracc.org/atae/P517147/.",
			"date_of_origin": "00.000.00.00",
			"designation": "CTN 6 088",
			"dialect": "Neo-Assyrian",
			"display_name": "CTN 6, 088",
			"genre": "Legal",
			"language": "Akkadian",
			"last_mod_by": "Tushingham",
			"last_modified": "02.11.2021",
			"list_name": "atae/ctn6:P517147",
			"material": "clay",
			"object_type": "tablet",
			"period": "Neo-Assyrian",
			"pleiades_id": "894019",
			"script": "Neo-Assyrian",
			"script_remarks": "inscribed",
			"script_type": "Cuneiform",
			"ch_no": "02",
			"ch_name": "Tablets from the Town Wall Houses",
			"ch_num_name": "02 (Tablets from the Town Wall Houses)"
		},
		"geometry": {
			"type": "Point",
			"coordinates": [43.3275,36.099167]
		}
	}, {
		"type": "Feature",
		"properties": {
			"project": "ctn6",
			"id_text": "P517156",
			"primary_publication": "CTN 6 089",
			"museum_no": "IM 058045",
			"provenience": "Nimrud (Kalhu)",
			"excavation_no": "ND 03458",
			"archive": "017 - Šamaš-šarru-uṣur Archive",
			"atae_attribution": "Adapted from S. Herbordt, R. Mattila, B. Parker, J.N. Postgate, and D.J. Wiseman, Documents from the Nabu Temple and from Private Houses on the Citadel (Cuneiform Texts from Nimrud 6), London, 2019, by Jamie Novotny and Poppy Tushingham (2021) for the Munich Open-access Cuneiform Corpus Initiative (MOCCI), which is funded by LMU Munich and the Alexander von Humboldt Foundation at the Historisches Seminar - Abteilung Alte Geschichte of Ludwig-Maximilians-Universität München. The text was lemmatized by Mikko Luukko. The annotated edition is released under the Creative Commons Attribution Share-Alike license 3.0.",
			"cite_as": "Please cite this page as http://oracc.org/atae/P517156/.",
			"collection": "National Museum of Iraq, Baghdad, Iraq",
			"composite_witness": "witness",
			"credits": "Adapted from S. Herbordt, R. Mattila, B. Parker, J.N. Postgate, and D.J. Wiseman, Documents from the Nabu Temple and from Private Houses on the Citadel (Cuneiform Texts from Nimrud 6), London, 2019, by Jamie Novotny and Poppy Tushingham (2021) for the Munich Open-access Cuneiform Corpus Initiative (MOCCI), which is funded by LMU Munich and the Alexander von Humboldt Foundation at the Historisches Seminar - Abteilung Alte Geschichte of Ludwig-Maximilians-Universität München. The text was lemmatized by Mikko Luukko. The annotated edition is released under the Creative Commons Attribution Share-Alike license 3.0.  Please cite this page as http://oracc.org/atae/P517156/.",
			"date_of_origin": "00.000.00.00",
			"designation": "CTN 6 089",
			"dialect": "Neo-Assyrian",
			"display_name": "CTN 6, 089",
			"genre": "Legal",
			"language": "Akkadian",
			"last_mod_by": "Tushingham",
			"last_modified": "02.11.2021",
			"list_name": "atae/ctn6:P517156",
			"material": "clay",
			"object_type": "tablet",
			"period": "Neo-Assyrian",
			"pleiades_id": "894019",
			"script": "Neo-Assyrian",
			"script_remarks": "inscribed",
			"script_type": "Cuneiform",
			"ch_no": "02",
			"ch_name": "Tablets from the Town Wall Houses",
			"ch_num_name": "02 (Tablets from the Town Wall Houses)"
		},
		"geometry": {
			"type": "Point",
			"coordinates": [43.3275,36.099167]
		}
	}, {
		"type": "Feature",
		"properties": {
			"project": "ctn6",
			"id_text": "P517151",
			"primary_publication": "CTN 6 090",
			"museum_no": "IM 057051",
			"provenience": "Nimrud (Kalhu)",
			"excavation_no": "ND 03453",
			"archive": "017 - Šamaš-šarru-uṣur Archive",
			"atae_attribution": "Adapted from S. Herbordt, R. Mattila, B. Parker, J.N. Postgate, and D.J. Wiseman, Documents from the Nabu Temple and from Private Houses on the Citadel (Cuneiform Texts from Nimrud 6), London, 2019, by Jamie Novotny and Poppy Tushingham (2021) for the Munich Open-access Cuneiform Corpus Initiative (MOCCI), which is funded by LMU Munich and the Alexander von Humboldt Foundation at the Historisches Seminar - Abteilung Alte Geschichte of Ludwig-Maximilians-Universität München. The text was lemmatized by Mikko Luukko. The annotated edition is released under the Creative Commons Attribution Share-Alike license 3.0.",
			"cite_as": "Please cite this page as http://oracc.org/atae/P517151/.",
			"collection": "National Museum of Iraq, Baghdad, Iraq",
			"composite_witness": "witness",
			"credits": "Adapted from S. Herbordt, R. Mattila, B. Parker, J.N. Postgate, and D.J. Wiseman, Documents from the Nabu Temple and from Private Houses on the Citadel (Cuneiform Texts from Nimrud 6), London, 2019, by Jamie Novotny and Poppy Tushingham (2021) for the Munich Open-access Cuneiform Corpus Initiative (MOCCI), which is funded by LMU Munich and the Alexander von Humboldt Foundation at the Historisches Seminar - Abteilung Alte Geschichte of Ludwig-Maximilians-Universität München. The text was lemmatized by Mikko Luukko. The annotated edition is released under the Creative Commons Attribution Share-Alike license 3.0.  Please cite this page as http://oracc.org/atae/P517151/.",
			"date_of_origin": "00.000.00.00",
			"designation": "CTN 6 090",
			"dialect": "Neo-Assyrian",
			"display_name": "CTN 6, 090",
			"genre": "Legal",
			"language": "Akkadian",
			"last_mod_by": "Tushingham",
			"last_modified": "02.11.2021",
			"list_name": "atae/ctn6:P517151",
			"material": "clay",
			"object_type": "tablet",
			"period": "Neo-Assyrian",
			"pleiades_id": "894019",
			"script": "Neo-Assyrian",
			"script_remarks": "inscribed",
			"script_type": "Cuneiform",
			"ch_no": "02",
			"ch_name": "Tablets from the Town Wall Houses",
			"ch_num_name": "02 (Tablets from the Town Wall Houses)"
		},
		"geometry": {
			"type": "Point",
			"coordinates": [43.3275,36.099167]
		}
	}, {
		"type": "Feature",
		"properties": {
			"project": "ctn6",
			"id_text": "P469392",
			"primary_publication": "CTN 6 091",
			"museum_no": "BM —",
			"provenience": "Nimrud (Kalhu)",
			"excavation_no": "ND 03461",
			"archive": "017 - Šamaš-šarru-uṣur Archive",
			"atae_attribution": "Adapted from S. Herbordt, R. Mattila, B. Parker, J.N. Postgate, and D.J. Wiseman, Documents from the Nabu Temple and from Private Houses on the Citadel (Cuneiform Texts from Nimrud 6), London, 2019, by Jamie Novotny and Poppy Tushingham (2021) for the Munich Open-access Cuneiform Corpus Initiative (MOCCI), which is funded by LMU Munich and the Alexander von Humboldt Foundation at the Historisches Seminar - Abteilung Alte Geschichte of Ludwig-Maximilians-Universität München. The text was lemmatized by Mikko Luukko. The annotated edition is released under the Creative Commons Attribution Share-Alike license 3.0.",
			"cite_as": "Please cite this page as http://oracc.org/atae/P469392/.",
			"collection": "British Museum, London, UK",
			"composite_witness": "witness",
			"credits": "Adapted from S. Herbordt, R. Mattila, B. Parker, J.N. Postgate, and D.J. Wiseman, Documents from the Nabu Temple and from Private Houses on the Citadel (Cuneiform Texts from Nimrud 6), London, 2019, by Jamie Novotny and Poppy Tushingham (2021) for the Munich Open-access Cuneiform Corpus Initiative (MOCCI), which is funded by LMU Munich and the Alexander von Humboldt Foundation at the Historisches Seminar - Abteilung Alte Geschichte of Ludwig-Maximilians-Universität München. The text was lemmatized by Mikko Luukko. The annotated edition is released under the Creative Commons Attribution Share-Alike license 3.0.  Please cite this page as http://oracc.org/atae/P469392/.",
			"date_of_origin": "00.000.00.00",
			"designation": "CTN 6 091",
			"dialect": "Neo-Assyrian",
			"display_name": "CTN 6, 091",
			"genre": "Legal",
			"language": "Akkadian",
			"last_mod_by": "Tushingham",
			"last_modified": "02.11.2021",
			"list_name": "atae/ctn6:P469392",
			"material": "clay",
			"object_type": "tablet",
			"period": "Neo-Assyrian",
			"pleiades_id": "894019",
			"script": "Neo-Assyrian",
			"script_remarks": "inscribed",
			"script_type": "Cuneiform",
			"ch_no": "02",
			"ch_name": "Tablets from the Town Wall Houses",
			"ch_num_name": "02 (Tablets from the Town Wall Houses)"
		},
		"geometry": {
			"type": "Point",
			"coordinates": [43.3275,36.099167]
		}
	}, {
		"type": "Feature",
		"properties": {
			"project": "ctn6",
			"id_text": "P496522",
			"primary_publication": "CTN 6 092",
			"museum_no": "IM —",
			"provenience": "Nimrud (Kalhu)",
			"excavation_no": "ND 03441",
			"archive": "017 - Šamaš-šarru-uṣur Archive",
			"atae_attribution": "Adapted from S. Herbordt, R. Mattila, B. Parker, J.N. Postgate, and D.J. Wiseman, Documents from the Nabu Temple and from Private Houses on the Citadel (Cuneiform Texts from Nimrud 6), London, 2019, by Jamie Novotny and Poppy Tushingham (2021) for the Munich Open-access Cuneiform Corpus Initiative (MOCCI), which is funded by LMU Munich and the Alexander von Humboldt Foundation at the Historisches Seminar - Abteilung Alte Geschichte of Ludwig-Maximilians-Universität München. The text was lemmatized by Mikko Luukko. The annotated edition is released under the Creative Commons Attribution Share-Alike license 3.0.",
			"cite_as": "Please cite this page as http://oracc.org/atae/P496522/.",
			"collection": "National Museum of Iraq, Baghdad, Iraq",
			"composite_witness": "witness",
			"credits": "Adapted from S. Herbordt, R. Mattila, B. Parker, J.N. Postgate, and D.J. Wiseman, Documents from the Nabu Temple and from Private Houses on the Citadel (Cuneiform Texts from Nimrud 6), London, 2019, by Jamie Novotny and Poppy Tushingham (2021) for the Munich Open-access Cuneiform Corpus Initiative (MOCCI), which is funded by LMU Munich and the Alexander von Humboldt Foundation at the Historisches Seminar - Abteilung Alte Geschichte of Ludwig-Maximilians-Universität München. The text was lemmatized by Mikko Luukko. The annotated edition is released under the Creative Commons Attribution Share-Alike license 3.0.  Please cite this page as http://oracc.org/atae/P496522/.",
			"date_of_origin": "00.000.00.00",
			"designation": "CTN 6 092",
			"dialect": "Neo-Assyrian",
			"display_name": "CTN 6, 092",
			"genre": "Legal",
			"language": "Akkadian",
			"last_mod_by": "Tushingham",
			"last_modified": "02.11.2021",
			"list_name": "atae/ctn6:P496522",
			"material": "clay",
			"object_type": "tablet",
			"period": "Neo-Assyrian",
			"pleiades_id": "894019",
			"script": "Neo-Assyrian",
			"script_remarks": "inscribed",
			"script_type": "Cuneiform",
			"ch_no": "02",
			"ch_name": "Tablets from the Town Wall Houses",
			"ch_num_name": "02 (Tablets from the Town Wall Houses)"
		},
		"geometry": {
			"type": "Point",
			"coordinates": [43.3275,36.099167]
		}
	}, {
		"type": "Feature",
		"properties": {
			"project": "ctn6",
			"id_text": "P517159",
			"primary_publication": "CTN 6 093",
			"museum_no": "IM —",
			"provenience": "Nimrud (Kalhu)",
			"excavation_no": "ND 03466b",
			"archive": "017 - Šamaš-šarru-uṣur Archive",
			"atae_attribution": "Adapted from S. Herbordt, R. Mattila, B. Parker, J.N. Postgate, and D.J. Wiseman, Documents from the Nabu Temple and from Private Houses on the Citadel (Cuneiform Texts from Nimrud 6), London, 2019, by Jamie Novotny and Poppy Tushingham (2021) for the Munich Open-access Cuneiform Corpus Initiative (MOCCI), which is funded by LMU Munich and the Alexander von Humboldt Foundation at the Historisches Seminar - Abteilung Alte Geschichte of Ludwig-Maximilians-Universität München. The text was lemmatized by Mikko Luukko. The annotated edition is released under the Creative Commons Attribution Share-Alike license 3.0.",
			"cite_as": "Please cite this page as http://oracc.org/atae/P517159/.",
			"collection": "National Museum of Iraq, Baghdad, Iraq",
			"composite_witness": "witness",
			"credits": "Adapted from S. Herbordt, R. Mattila, B. Parker, J.N. Postgate, and D.J. Wiseman, Documents from the Nabu Temple and from Private Houses on the Citadel (Cuneiform Texts from Nimrud 6), London, 2019, by Jamie Novotny and Poppy Tushingham (2021) for the Munich Open-access Cuneiform Corpus Initiative (MOCCI), which is funded by LMU Munich and the Alexander von Humboldt Foundation at the Historisches Seminar - Abteilung Alte Geschichte of Ludwig-Maximilians-Universität München. The text was lemmatized by Mikko Luukko. The annotated edition is released under the Creative Commons Attribution Share-Alike license 3.0.  Please cite this page as http://oracc.org/atae/P517159/.",
			"date_of_origin": "00.000.00.00",
			"designation": "CTN 6 093",
			"dialect": "Neo-Assyrian",
			"display_name": "CTN 6, 093",
			"genre": "Legal",
			"language": "Akkadian",
			"last_mod_by": "Tushingham",
			"last_modified": "02.11.2021",
			"list_name": "atae/ctn6:P517159",
			"material": "clay",
			"object_type": "tablet",
			"period": "Neo-Assyrian",
			"pleiades_id": "894019",
			"script": "Neo-Assyrian",
			"script_remarks": "inscribed",
			"script_type": "Cuneiform",
			"ch_no": "02",
			"ch_name": "Tablets from the Town Wall Houses",
			"ch_num_name": "02 (Tablets from the Town Wall Houses)"
		},
		"geometry": {
			"type": "Point",
			"coordinates": [43.3275,36.099167]
		}
	}, {
		"type": "Feature",
		"properties": {
			"project": "ctn6",
			"id_text": "P429000",
			"primary_publication": "CTN 6 094",
			"museum_no": "BM —",
			"provenience": "Nimrud (Kalhu)",
			"excavation_no": "ND 03462",
			"archive": "017 - Šamaš-šarru-uṣur Archive",
			"atae_attribution": "Adapted from S. Herbordt, R. Mattila, B. Parker, J.N. Postgate, and D.J. Wiseman, Documents from the Nabu Temple and from Private Houses on the Citadel (Cuneiform Texts from Nimrud 6), London, 2019, by Jamie Novotny and Poppy Tushingham (2021) for the Munich Open-access Cuneiform Corpus Initiative (MOCCI), which is funded by LMU Munich and the Alexander von Humboldt Foundation at the Historisches Seminar - Abteilung Alte Geschichte of Ludwig-Maximilians-Universität München. The text was lemmatized by Mikko Luukko. The annotated edition is released under the Creative Commons Attribution Share-Alike license 3.0.",
			"cite_as": "Please cite this page as http://oracc.org/atae/P429000/.",
			"collection": "British Museum, London, UK",
			"composite_witness": "witness",
			"credits": "Adapted from S. Herbordt, R. Mattila, B. Parker, J.N. Postgate, and D.J. Wiseman, Documents from the Nabu Temple and from Private Houses on the Citadel (Cuneiform Texts from Nimrud 6), London, 2019, by Jamie Novotny and Poppy Tushingham (2021) for the Munich Open-access Cuneiform Corpus Initiative (MOCCI), which is funded by LMU Munich and the Alexander von Humboldt Foundation at the Historisches Seminar - Abteilung Alte Geschichte of Ludwig-Maximilians-Universität München. The text was lemmatized by Mikko Luukko. The annotated edition is released under the Creative Commons Attribution Share-Alike license 3.0.  Please cite this page as http://oracc.org/atae/P429000/.",
			"date_of_origin": "00.000.00.00",
			"designation": "CTN 6 094",
			"dialect": "Neo-Assyrian",
			"display_name": "CTN 6, 094",
			"genre": "Legal",
			"language": "Akkadian",
			"last_mod_by": "Tushingham",
			"last_modified": "02.11.2021",
			"list_name": "atae/ctn6:P429000",
			"material": "clay",
			"object_type": "tablet and envelope",
			"period": "Neo-Assyrian",
			"pleiades_id": "894019",
			"script": "Neo-Assyrian",
			"script_remarks": "inscribed",
			"script_type": "Cuneiform",
			"ch_no": "02",
			"ch_name": "Tablets from the Town Wall Houses",
			"ch_num_name": "02 (Tablets from the Town Wall Houses)"
		},
		"geometry": {
			"type": "Point",
			"coordinates": [43.3275,36.099167]
		}
	}, {
		"type": "Feature",
		"properties": {
			"project": "ctn6",
			"id_text": "P429001",
			"primary_publication": "CTN 6 094a",
			"museum_no": "BM —",
			"provenience": "Nimrud (Kalhu)",
			"excavation_no": "ND 03462a",
			"archive": "017 - Šamaš-šarru-uṣur Archive",
			"atae_attribution": "Adapted from S. Herbordt, R. Mattila, B. Parker, J.N. Postgate, and D.J. Wiseman, Documents from the Nabu Temple and from Private Houses on the Citadel (Cuneiform Texts from Nimrud 6), London, 2019, by Jamie Novotny and Poppy Tushingham (2021) for the Munich Open-access Cuneiform Corpus Initiative (MOCCI), which is funded by LMU Munich and the Alexander von Humboldt Foundation at the Historisches Seminar - Abteilung Alte Geschichte of Ludwig-Maximilians-Universität München. The text was lemmatized by Mikko Luukko. The annotated edition is released under the Creative Commons Attribution Share-Alike license 3.0.",
			"cite_as": "Please cite this page as http://oracc.org/atae/P429001/.",
			"collection": "British Museum, London, UK",
			"composite_witness": "witness",
			"credits": "Adapted from S. Herbordt, R. Mattila, B. Parker, J.N. Postgate, and D.J. Wiseman, Documents from the Nabu Temple and from Private Houses on the Citadel (Cuneiform Texts from Nimrud 6), London, 2019, by Jamie Novotny and Poppy Tushingham (2021) for the Munich Open-access Cuneiform Corpus Initiative (MOCCI), which is funded by LMU Munich and the Alexander von Humboldt Foundation at the Historisches Seminar - Abteilung Alte Geschichte of Ludwig-Maximilians-Universität München. The text was lemmatized by Mikko Luukko. The annotated edition is released under the Creative Commons Attribution Share-Alike license 3.0.  Please cite this page as http://oracc.org/atae/P429001/.",
			"date_of_origin": "00.000.00.00",
			"designation": "CTN 6 094a",
			"dialect": "Neo-Assyrian",
			"display_name": "CTN 6, 094a",
			"genre": "Legal",
			"language": "Akkadian",
			"last_mod_by": "Tushingham",
			"last_modified": "02.11.2021",
			"list_name": "atae/ctn6:P429001",
			"material": "clay",
			"object_type": "tablet",
			"period": "Neo-Assyrian",
			"pleiades_id": "894019",
			"script": "Neo-Assyrian",
			"script_remarks": "inscribed",
			"script_type": "Cuneiform",
			"ch_no": "02",
			"ch_name": "Tablets from the Town Wall Houses",
			"ch_num_name": "02 (Tablets from the Town Wall Houses)"
		},
		"geometry": {
			"type": "Point",
			"coordinates": [43.3275,36.099167]
		}
	}, {
		"type": "Feature",
		"properties": {
			"project": "ctn6",
			"id_text": "P517158",
			"primary_publication": "CTN 6 095",
			"museum_no": "IM —",
			"provenience": "Nimrud (Kalhu)",
			"excavation_no": "ND 03466a",
			"archive": "017 - Šamaš-šarru-uṣur Archive",
			"atae_attribution": "Adapted from S. Herbordt, R. Mattila, B. Parker, J.N. Postgate, and D.J. Wiseman, Documents from the Nabu Temple and from Private Houses on the Citadel (Cuneiform Texts from Nimrud 6), London, 2019, by Jamie Novotny and Poppy Tushingham (2021) for the Munich Open-access Cuneiform Corpus Initiative (MOCCI), which is funded by LMU Munich and the Alexander von Humboldt Foundation at the Historisches Seminar - Abteilung Alte Geschichte of Ludwig-Maximilians-Universität München. The text was lemmatized by Mikko Luukko. The annotated edition is released under the Creative Commons Attribution Share-Alike license 3.0.",
			"cite_as": "Please cite this page as http://oracc.org/atae/P517158/.",
			"collection": "National Museum of Iraq, Baghdad, Iraq",
			"composite_witness": "witness",
			"credits": "Adapted from S. Herbordt, R. Mattila, B. Parker, J.N. Postgate, and D.J. Wiseman, Documents from the Nabu Temple and from Private Houses on the Citadel (Cuneiform Texts from Nimrud 6), London, 2019, by Jamie Novotny and Poppy Tushingham (2021) for the Munich Open-access Cuneiform Corpus Initiative (MOCCI), which is funded by LMU Munich and the Alexander von Humboldt Foundation at the Historisches Seminar - Abteilung Alte Geschichte of Ludwig-Maximilians-Universität München. The text was lemmatized by Mikko Luukko. The annotated edition is released under the Creative Commons Attribution Share-Alike license 3.0.  Please cite this page as http://oracc.org/atae/P517158/.",
			"date_of_origin": "00.000.00.00",
			"designation": "CTN 6 095",
			"dialect": "Neo-Assyrian",
			"display_name": "CTN 6, 095",
			"genre": "Legal",
			"language": "Akkadian",
			"last_mod_by": "Tushingham",
			"last_modified": "02.11.2021",
			"list_name": "atae/ctn6:P517158",
			"material": "clay",
			"object_type": "tablet",
			"period": "Neo-Assyrian",
			"pleiades_id": "894019",
			"script": "Neo-Assyrian",
			"script_remarks": "inscribed",
			"script_type": "Cuneiform",
			"ch_no": "02",
			"ch_name": "Tablets from the Town Wall Houses",
			"ch_num_name": "02 (Tablets from the Town Wall Houses)"
		},
		"geometry": {
			"type": "Point",
			"coordinates": [43.3275,36.099167]
		}
	}, {
		"type": "Feature",
		"properties": {
			"project": "ctn6",
			"id_text": "P517143",
			"primary_publication": "CTN 6 096",
			"provenience": "Nimrud (Kalhu)",
			"excavation_no": "ND 03431",
			"archive": "017 - Šamaš-šarru-uṣur Archive",
			"atae_attribution": "Adapted from S. Herbordt, R. Mattila, B. Parker, J.N. Postgate, and D.J. Wiseman, Documents from the Nabu Temple and from Private Houses on the Citadel (Cuneiform Texts from Nimrud 6), London, 2019, by Jamie Novotny and Poppy Tushingham (2021) for the Munich Open-access Cuneiform Corpus Initiative (MOCCI), which is funded by LMU Munich and the Alexander von Humboldt Foundation at the Historisches Seminar - Abteilung Alte Geschichte of Ludwig-Maximilians-Universität München. The text was lemmatized by Mikko Luukko. The annotated edition is released under the Creative Commons Attribution Share-Alike license 3.0.",
			"cite_as": "Please cite this page as http://oracc.org/atae/P517143/.",
			"collection": "unlocated",
			"composite_witness": "witness",
			"credits": "Adapted from S. Herbordt, R. Mattila, B. Parker, J.N. Postgate, and D.J. Wiseman, Documents from the Nabu Temple and from Private Houses on the Citadel (Cuneiform Texts from Nimrud 6), London, 2019, by Jamie Novotny and Poppy Tushingham (2021) for the Munich Open-access Cuneiform Corpus Initiative (MOCCI), which is funded by LMU Munich and the Alexander von Humboldt Foundation at the Historisches Seminar - Abteilung Alte Geschichte of Ludwig-Maximilians-Universität München. The text was lemmatized by Mikko Luukko. The annotated edition is released under the Creative Commons Attribution Share-Alike license 3.0.  Please cite this page as http://oracc.org/atae/P517143/.",
			"date_of_origin": "00.000.00.00",
			"designation": "CTN 6 096",
			"dialect": "Neo-Assyrian",
			"display_name": "CTN 6, 096",
			"genre": "Legal",
			"language": "Akkadian",
			"last_mod_by": "Tushingham",
			"last_modified": "02.11.2021",
			"list_name": "atae/ctn6:P517143",
			"material": "clay",
			"object_type": "tablet",
			"period": "Neo-Assyrian",
			"pleiades_id": "894019",
			"script": "Neo-Assyrian",
			"script_remarks": "inscribed",
			"script_type": "Cuneiform",
			"ch_no": "02",
			"ch_name": "Tablets from the Town Wall Houses",
			"ch_num_name": "02 (Tablets from the Town Wall Houses)"
		},
		"geometry": {
			"type": "Point",
			"coordinates": [43.3275,36.099167]
		}
	}, {
		"type": "Feature",
		"properties": {
			"project": "ctn6",
			"id_text": "P469461",
			"primary_publication": "CTN 6 097",
			"museum_no": "BM —",
			"provenience": "Nimrud (Kalhu)",
			"excavation_no": "ND 03445",
			"archive": "017 - Šamaš-šarru-uṣur Archive",
			"atae_attribution": "Adapted from S. Herbordt, R. Mattila, B. Parker, J.N. Postgate, and D.J. Wiseman, Documents from the Nabu Temple and from Private Houses on the Citadel (Cuneiform Texts from Nimrud 6), London, 2019, by Jamie Novotny and Poppy Tushingham (2021) for the Munich Open-access Cuneiform Corpus Initiative (MOCCI), which is funded by LMU Munich and the Alexander von Humboldt Foundation at the Historisches Seminar - Abteilung Alte Geschichte of Ludwig-Maximilians-Universität München. The text was lemmatized by Mikko Luukko. The annotated edition is released under the Creative Commons Attribution Share-Alike license 3.0.",
			"cite_as": "Please cite this page as http://oracc.org/atae/P469461/.",
			"collection": "British Museum, London, UK",
			"composite_witness": "witness",
			"credits": "Adapted from S. Herbordt, R. Mattila, B. Parker, J.N. Postgate, and D.J. Wiseman, Documents from the Nabu Temple and from Private Houses on the Citadel (Cuneiform Texts from Nimrud 6), London, 2019, by Jamie Novotny and Poppy Tushingham (2021) for the Munich Open-access Cuneiform Corpus Initiative (MOCCI), which is funded by LMU Munich and the Alexander von Humboldt Foundation at the Historisches Seminar - Abteilung Alte Geschichte of Ludwig-Maximilians-Universität München. The text was lemmatized by Mikko Luukko. The annotated edition is released under the Creative Commons Attribution Share-Alike license 3.0.  Please cite this page as http://oracc.org/atae/P469461/.",
			"date_of_origin": "00.000.00.00",
			"designation": "CTN 6 097",
			"dialect": "Neo-Assyrian",
			"display_name": "CTN 6, 097",
			"genre": "Legal",
			"language": "Akkadian",
			"last_mod_by": "Tushingham",
			"last_modified": "02.11.2021",
			"list_name": "atae/ctn6:P469461",
			"material": "clay",
			"object_type": "tablet and envelope",
			"period": "Neo-Assyrian",
			"pleiades_id": "894019",
			"script": "Neo-Assyrian",
			"script_remarks": "inscribed",
			"script_type": "Cuneiform",
			"ch_no": "02",
			"ch_name": "Tablets from the Town Wall Houses",
			"ch_num_name": "02 (Tablets from the Town Wall Houses)"
		},
		"geometry": {
			"type": "Point",
			"coordinates": [43.3275,36.099167]
		}
	}, {
		"type": "Feature",
		"properties": {
			"project": "ctn6",
			"id_text": "P496500",
			"primary_publication": "CTN 6 098",
			"museum_no": "IM 057055",
			"provenience": "Nimrud (Kalhu)",
			"excavation_no": "ND 03436",
			"archive": "017 - Šamaš-šarru-uṣur Archive",
			"atae_attribution": "Adapted from S. Herbordt, R. Mattila, B. Parker, J.N. Postgate, and D.J. Wiseman, Documents from the Nabu Temple and from Private Houses on the Citadel (Cuneiform Texts from Nimrud 6), London, 2019, by Jamie Novotny and Poppy Tushingham (2021) for the Munich Open-access Cuneiform Corpus Initiative (MOCCI), which is funded by LMU Munich and the Alexander von Humboldt Foundation at the Historisches Seminar - Abteilung Alte Geschichte of Ludwig-Maximilians-Universität München. The text was lemmatized by Mikko Luukko. The annotated edition is released under the Creative Commons Attribution Share-Alike license 3.0.",
			"cite_as": "Please cite this page as http://oracc.org/atae/P496500/.",
			"collection": "National Museum of Iraq, Baghdad, Iraq",
			"composite_witness": "witness",
			"credits": "Adapted from S. Herbordt, R. Mattila, B. Parker, J.N. Postgate, and D.J. Wiseman, Documents from the Nabu Temple and from Private Houses on the Citadel (Cuneiform Texts from Nimrud 6), London, 2019, by Jamie Novotny and Poppy Tushingham (2021) for the Munich Open-access Cuneiform Corpus Initiative (MOCCI), which is funded by LMU Munich and the Alexander von Humboldt Foundation at the Historisches Seminar - Abteilung Alte Geschichte of Ludwig-Maximilians-Universität München. The text was lemmatized by Mikko Luukko. The annotated edition is released under the Creative Commons Attribution Share-Alike license 3.0.  Please cite this page as http://oracc.org/atae/P496500/.",
			"date_of_origin": "00.000.00.00",
			"designation": "CTN 6 098",
			"dialect": "Neo-Assyrian",
			"display_name": "CTN 6, 098",
			"genre": "Legal",
			"language": "Akkadian",
			"last_mod_by": "Tushingham",
			"last_modified": "02.11.2021",
			"list_name": "atae/ctn6:P496500",
			"material": "clay",
			"object_type": "tablet",
			"period": "Neo-Assyrian",
			"pleiades_id": "894019",
			"script": "Neo-Assyrian",
			"script_remarks": "inscribed",
			"script_type": "Cuneiform",
			"ch_no": "02",
			"ch_name": "Tablets from the Town Wall Houses",
			"ch_num_name": "02 (Tablets from the Town Wall Houses)"
		},
		"geometry": {
			"type": "Point",
			"coordinates": [43.3275,36.099167]
		}
	}, {
		"type": "Feature",
		"properties": {
			"project": "ctn6",
			"id_text": "P428993",
			"primary_publication": "CTN 6 099",
			"museum_no": "BM —",
			"provenience": "Nimrud (Kalhu)",
			"excavation_no": "ND 03439",
			"archive": "017 - Šamaš-šarru-uṣur Archive",
			"atae_attribution": "Adapted from S. Herbordt, R. Mattila, B. Parker, J.N. Postgate, and D.J. Wiseman, Documents from the Nabu Temple and from Private Houses on the Citadel (Cuneiform Texts from Nimrud 6), London, 2019, by Jamie Novotny and Poppy Tushingham (2021) for the Munich Open-access Cuneiform Corpus Initiative (MOCCI), which is funded by LMU Munich and the Alexander von Humboldt Foundation at the Historisches Seminar - Abteilung Alte Geschichte of Ludwig-Maximilians-Universität München. The text was lemmatized by Mikko Luukko. The annotated edition is released under the Creative Commons Attribution Share-Alike license 3.0.",
			"cite_as": "Please cite this page as http://oracc.org/atae/P428993/.",
			"collection": "British Museum, London, UK",
			"composite_witness": "witness",
			"credits": "Adapted from S. Herbordt, R. Mattila, B. Parker, J.N. Postgate, and D.J. Wiseman, Documents from the Nabu Temple and from Private Houses on the Citadel (Cuneiform Texts from Nimrud 6), London, 2019, by Jamie Novotny and Poppy Tushingham (2021) for the Munich Open-access Cuneiform Corpus Initiative (MOCCI), which is funded by LMU Munich and the Alexander von Humboldt Foundation at the Historisches Seminar - Abteilung Alte Geschichte of Ludwig-Maximilians-Universität München. The text was lemmatized by Mikko Luukko. The annotated edition is released under the Creative Commons Attribution Share-Alike license 3.0.  Please cite this page as http://oracc.org/atae/P428993/.",
			"date_of_origin": "00.000.00.00",
			"designation": "CTN 6 099",
			"dialect": "Neo-Assyrian",
			"display_name": "CTN 6, 099",
			"genre": "Legal",
			"language": "Akkadian",
			"last_mod_by": "Tushingham",
			"last_modified": "02.11.2021",
			"list_name": "atae/ctn6:P428993",
			"material": "clay",
			"object_type": "tablet",
			"period": "Neo-Assyrian",
			"pleiades_id": "894019",
			"script": "Neo-Assyrian",
			"script_remarks": "inscribed",
			"script_type": "Cuneiform",
			"ch_no": "02",
			"ch_name": "Tablets from the Town Wall Houses",
			"ch_num_name": "02 (Tablets from the Town Wall Houses)"
		},
		"geometry": {
			"type": "Point",
			"coordinates": [43.3275,36.099167]
		}
	}, {
		"type": "Feature",
		"properties": {
			"project": "ctn6",
			"id_text": "P517148",
			"primary_publication": "CTN 6 100",
			"museum_no": "IM 057062",
			"provenience": "Nimrud (Kalhu)",
			"excavation_no": "ND 03448",
			"archive": "017 - Šamaš-šarru-uṣur Archive",
			"atae_attribution": "Adapted from S. Herbordt, R. Mattila, B. Parker, J.N. Postgate, and D.J. Wiseman, Documents from the Nabu Temple and from Private Houses on the Citadel (Cuneiform Texts from Nimrud 6), London, 2019, by Jamie Novotny and Poppy Tushingham (2021) for the Munich Open-access Cuneiform Corpus Initiative (MOCCI), which is funded by LMU Munich and the Alexander von Humboldt Foundation at the Historisches Seminar - Abteilung Alte Geschichte of Ludwig-Maximilians-Universität München. The text was lemmatized by Mikko Luukko. The annotated edition is released under the Creative Commons Attribution Share-Alike license 3.0.",
			"cite_as": "Please cite this page as http://oracc.org/atae/P517148/.",
			"collection": "National Museum of Iraq, Baghdad, Iraq",
			"composite_witness": "witness",
			"credits": "Adapted from S. Herbordt, R. Mattila, B. Parker, J.N. Postgate, and D.J. Wiseman, Documents from the Nabu Temple and from Private Houses on the Citadel (Cuneiform Texts from Nimrud 6), London, 2019, by Jamie Novotny and Poppy Tushingham (2021) for the Munich Open-access Cuneiform Corpus Initiative (MOCCI), which is funded by LMU Munich and the Alexander von Humboldt Foundation at the Historisches Seminar - Abteilung Alte Geschichte of Ludwig-Maximilians-Universität München. The text was lemmatized by Mikko Luukko. The annotated edition is released under the Creative Commons Attribution Share-Alike license 3.0.  Please cite this page as http://oracc.org/atae/P517148/.",
			"date_of_origin": "00.000.00.00",
			"designation": "CTN 6 100",
			"dialect": "Neo-Assyrian",
			"display_name": "CTN 6, 100",
			"genre": "Legal",
			"language": "Akkadian",
			"last_mod_by": "Tushingham",
			"last_modified": "02.11.2021",
			"list_name": "atae/ctn6:P517148",
			"material": "clay",
			"object_type": "tablet",
			"period": "Neo-Assyrian",
			"pleiades_id": "894019",
			"script": "Neo-Assyrian",
			"script_remarks": "inscribed",
			"script_type": "Cuneiform",
			"ch_no": "02",
			"ch_name": "Tablets from the Town Wall Houses",
			"ch_num_name": "02 (Tablets from the Town Wall Houses)"
		},
		"geometry": {
			"type": "Point",
			"coordinates": [43.3275,36.099167]
		}
	}, {
		"type": "Feature",
		"properties": {
			"project": "ctn6",
			"id_text": "P429002",
			"primary_publication": "CTN 6 101",
			"museum_no": "BM —",
			"provenience": "Nimrud (Kalhu)",
			"excavation_no": "ND 03465",
			"archive": "017 - Šamaš-šarru-uṣur Archive",
			"atae_attribution": "Adapted from S. Herbordt, R. Mattila, B. Parker, J.N. Postgate, and D.J. Wiseman, Documents from the Nabu Temple and from Private Houses on the Citadel (Cuneiform Texts from Nimrud 6), London, 2019, by Jamie Novotny and Poppy Tushingham (2021) for the Munich Open-access Cuneiform Corpus Initiative (MOCCI), which is funded by LMU Munich and the Alexander von Humboldt Foundation at the Historisches Seminar - Abteilung Alte Geschichte of Ludwig-Maximilians-Universität München. The text was lemmatized by Mikko Luukko. The annotated edition is released under the Creative Commons Attribution Share-Alike license 3.0.",
			"cite_as": "Please cite this page as http://oracc.org/atae/P429002/.",
			"collection": "British Museum, London, UK",
			"composite_witness": "witness",
			"credits": "Adapted from S. Herbordt, R. Mattila, B. Parker, J.N. Postgate, and D.J. Wiseman, Documents from the Nabu Temple and from Private Houses on the Citadel (Cuneiform Texts from Nimrud 6), London, 2019, by Jamie Novotny and Poppy Tushingham (2021) for the Munich Open-access Cuneiform Corpus Initiative (MOCCI), which is funded by LMU Munich and the Alexander von Humboldt Foundation at the Historisches Seminar - Abteilung Alte Geschichte of Ludwig-Maximilians-Universität München. The text was lemmatized by Mikko Luukko. The annotated edition is released under the Creative Commons Attribution Share-Alike license 3.0.  Please cite this page as http://oracc.org/atae/P429002/.",
			"date_of_origin": "00.000.00.00",
			"designation": "CTN 6 101",
			"dialect": "Neo-Assyrian",
			"display_name": "CTN 6, 101",
			"genre": "Legal",
			"language": "Akkadian",
			"last_mod_by": "Tushingham",
			"last_modified": "02.11.2021",
			"list_name": "atae/ctn6:P429002",
			"material": "clay",
			"object_type": "tablet",
			"period": "Neo-Assyrian",
			"pleiades_id": "894019",
			"script": "Neo-Assyrian",
			"script_remarks": "inscribed",
			"script_type": "Cuneiform",
			"ch_no": "02",
			"ch_name": "Tablets from the Town Wall Houses",
			"ch_num_name": "02 (Tablets from the Town Wall Houses)"
		},
		"geometry": {
			"type": "Point",
			"coordinates": [43.3275,36.099167]
		}
	}, {
		"type": "Feature",
		"properties": {
			"project": "ctn6",
			"id_text": "P496507",
			"primary_publication": "CTN 6 102",
			"museum_no": "Ashm 1954-0738",
			"provenience": "Nimrud (Kalhu)",
			"excavation_no": "ND 03449",
			"archive": "017 - Šamaš-šarru-uṣur Archive",
			"atae_attribution": "Adapted from S. Herbordt, R. Mattila, B. Parker, J.N. Postgate, and D.J. Wiseman, Documents from the Nabu Temple and from Private Houses on the Citadel (Cuneiform Texts from Nimrud 6), London, 2019, by Jamie Novotny and Poppy Tushingham (2021) for the Munich Open-access Cuneiform Corpus Initiative (MOCCI), which is funded by LMU Munich and the Alexander von Humboldt Foundation at the Historisches Seminar - Abteilung Alte Geschichte of Ludwig-Maximilians-Universität München. The text was lemmatized by Mikko Luukko. The annotated edition is released under the Creative Commons Attribution Share-Alike license 3.0.",
			"cite_as": "Please cite this page as http://oracc.org/atae/P496507/.",
			"collection": "Ashmolean Museum, Oxford, UK",
			"composite_witness": "witness",
			"credits": "Adapted from S. Herbordt, R. Mattila, B. Parker, J.N. Postgate, and D.J. Wiseman, Documents from the Nabu Temple and from Private Houses on the Citadel (Cuneiform Texts from Nimrud 6), London, 2019, by Jamie Novotny and Poppy Tushingham (2021) for the Munich Open-access Cuneiform Corpus Initiative (MOCCI), which is funded by LMU Munich and the Alexander von Humboldt Foundation at the Historisches Seminar - Abteilung Alte Geschichte of Ludwig-Maximilians-Universität München. The text was lemmatized by Mikko Luukko. The annotated edition is released under the Creative Commons Attribution Share-Alike license 3.0.  Please cite this page as http://oracc.org/atae/P496507/.",
			"date_of_origin": "00.000.00.00",
			"designation": "CTN 6 102",
			"dialect": "Neo-Assyrian",
			"display_name": "CTN 6, 102",
			"genre": "Legal",
			"language": "Akkadian",
			"last_mod_by": "Tushingham",
			"last_modified": "02.11.2021",
			"list_name": "atae/ctn6:P496507",
			"material": "clay",
			"object_type": "tablet",
			"period": "Neo-Assyrian",
			"pleiades_id": "894019",
			"script": "Neo-Assyrian",
			"script_remarks": "inscribed",
			"script_type": "Cuneiform",
			"ch_no": "02",
			"ch_name": "Tablets from the Town Wall Houses",
			"ch_num_name": "02 (Tablets from the Town Wall Houses)"
		},
		"geometry": {
			"type": "Point",
			"coordinates": [43.3275,36.099167]
		}
	}, {
		"type": "Feature",
		"properties": {
			"project": "ctn6",
			"id_text": "P412281",
			"primary_publication": "CTN 6 103",
			"museum_no": "MMA 57.27.23",
			"provenience": "Nimrud (Kalhu)",
			"excavation_no": "ND 03447",
			"archive": "017 - Šamaš-šarru-uṣur Archive",
			"atae_attribution": "Adapted from S. Herbordt, R. Mattila, B. Parker, J.N. Postgate, and D.J. Wiseman, Documents from the Nabu Temple and from Private Houses on the Citadel (Cuneiform Texts from Nimrud 6), London, 2019, by Jamie Novotny and Poppy Tushingham (2021) for the Munich Open-access Cuneiform Corpus Initiative (MOCCI), which is funded by LMU Munich and the Alexander von Humboldt Foundation at the Historisches Seminar - Abteilung Alte Geschichte of Ludwig-Maximilians-Universität München. The text was lemmatized by Mikko Luukko. The annotated edition is released under the Creative Commons Attribution Share-Alike license 3.0.",
			"cite_as": "Please cite this page as http://oracc.org/atae/P412281/.",
			"collection": "Metropolitan Museum of Art, New York, New York, USA",
			"composite_witness": "witness",
			"credits": "Adapted from S. Herbordt, R. Mattila, B. Parker, J.N. Postgate, and D.J. Wiseman, Documents from the Nabu Temple and from Private Houses on the Citadel (Cuneiform Texts from Nimrud 6), London, 2019, by Jamie Novotny and Poppy Tushingham (2021) for the Munich Open-access Cuneiform Corpus Initiative (MOCCI), which is funded by LMU Munich and the Alexander von Humboldt Foundation at the Historisches Seminar - Abteilung Alte Geschichte of Ludwig-Maximilians-Universität München. The text was lemmatized by Mikko Luukko. The annotated edition is released under the Creative Commons Attribution Share-Alike license 3.0.  Please cite this page as http://oracc.org/atae/P412281/.",
			"date_of_origin": "00.000.00.00",
			"designation": "CTN 6 103",
			"dialect": "Neo-Assyrian",
			"display_name": "CTN 6, 103",
			"genre": "Legal",
			"language": "Akkadian",
			"last_mod_by": "Tushingham",
			"last_modified": "02.11.2021",
			"list_name": "atae/ctn6:P412281",
			"material": "clay",
			"object_type": "tablet",
			"period": "Neo-Assyrian",
			"pleiades_id": "894019",
			"script": "Neo-Assyrian",
			"script_remarks": "inscribed",
			"script_type": "Cuneiform",
			"ch_no": "02",
			"ch_name": "Tablets from the Town Wall Houses",
			"ch_num_name": "02 (Tablets from the Town Wall Houses)"
		},
		"geometry": {
			"type": "Point",
			"coordinates": [43.3275,36.099167]
		}
	}, {
		"type": "Feature",
		"properties": {
			"project": "ctn6",
			"id_text": "P496506",
			"primary_publication": "CTN 6 104",
			"museum_no": "IM 057056",
			"provenience": "Nimrud (Kalhu)",
			"excavation_no": "ND 03446",
			"archive": "017 - Šamaš-šarru-uṣur Archive",
			"atae_attribution": "Adapted from S. Herbordt, R. Mattila, B. Parker, J.N. Postgate, and D.J. Wiseman, Documents from the Nabu Temple and from Private Houses on the Citadel (Cuneiform Texts from Nimrud 6), London, 2019, by Jamie Novotny and Poppy Tushingham (2021) for the Munich Open-access Cuneiform Corpus Initiative (MOCCI), which is funded by LMU Munich and the Alexander von Humboldt Foundation at the Historisches Seminar - Abteilung Alte Geschichte of Ludwig-Maximilians-Universität München. The text was lemmatized by Mikko Luukko. The annotated edition is released under the Creative Commons Attribution Share-Alike license 3.0.",
			"cite_as": "Please cite this page as http://oracc.org/atae/P496506/.",
			"collection": "National Museum of Iraq, Baghdad, Iraq",
			"composite_witness": "witness",
			"credits": "Adapted from S. Herbordt, R. Mattila, B. Parker, J.N. Postgate, and D.J. Wiseman, Documents from the Nabu Temple and from Private Houses on the Citadel (Cuneiform Texts from Nimrud 6), London, 2019, by Jamie Novotny and Poppy Tushingham (2021) for the Munich Open-access Cuneiform Corpus Initiative (MOCCI), which is funded by LMU Munich and the Alexander von Humboldt Foundation at the Historisches Seminar - Abteilung Alte Geschichte of Ludwig-Maximilians-Universität München. The text was lemmatized by Mikko Luukko. The annotated edition is released under the Creative Commons Attribution Share-Alike license 3.0.  Please cite this page as http://oracc.org/atae/P496506/.",
			"date_of_origin": "00.000.00.00",
			"designation": "CTN 6 104",
			"dialect": "Neo-Assyrian",
			"display_name": "CTN 6, 104",
			"genre": "Legal",
			"language": "Akkadian",
			"last_mod_by": "Tushingham",
			"last_modified": "02.11.2021",
			"list_name": "atae/ctn6:P496506",
			"material": "clay",
			"object_type": "tablet",
			"period": "Neo-Assyrian",
			"pleiades_id": "894019",
			"script": "Neo-Assyrian",
			"script_remarks": "inscribed",
			"script_type": "Cuneiform",
			"ch_no": "02",
			"ch_name": "Tablets from the Town Wall Houses",
			"ch_num_name": "02 (Tablets from the Town Wall Houses)"
		},
		"geometry": {
			"type": "Point",
			"coordinates": [43.3275,36.099167]
		}
	}, {
		"type": "Feature",
		"properties": {
			"project": "ctn6",
			"id_text": "P517154",
			"primary_publication": "CTN 6 105",
			"museum_no": "IM 057046",
			"provenience": "Nimrud (Kalhu)",
			"excavation_no": "ND 03456",
			"archive": "017 - Šamaš-šarru-uṣur Archive",
			"atae_attribution": "Adapted from S. Herbordt, R. Mattila, B. Parker, J.N. Postgate, and D.J. Wiseman, Documents from the Nabu Temple and from Private Houses on the Citadel (Cuneiform Texts from Nimrud 6), London, 2019, by Jamie Novotny and Poppy Tushingham (2021) for the Munich Open-access Cuneiform Corpus Initiative (MOCCI), which is funded by LMU Munich and the Alexander von Humboldt Foundation at the Historisches Seminar - Abteilung Alte Geschichte of Ludwig-Maximilians-Universität München. The text was lemmatized by Mikko Luukko. The annotated edition is released under the Creative Commons Attribution Share-Alike license 3.0.",
			"cite_as": "Please cite this page as http://oracc.org/atae/P517154/.",
			"collection": "National Museum of Iraq, Baghdad, Iraq",
			"composite_witness": "witness",
			"credits": "Adapted from S. Herbordt, R. Mattila, B. Parker, J.N. Postgate, and D.J. Wiseman, Documents from the Nabu Temple and from Private Houses on the Citadel (Cuneiform Texts from Nimrud 6), London, 2019, by Jamie Novotny and Poppy Tushingham (2021) for the Munich Open-access Cuneiform Corpus Initiative (MOCCI), which is funded by LMU Munich and the Alexander von Humboldt Foundation at the Historisches Seminar - Abteilung Alte Geschichte of Ludwig-Maximilians-Universität München. The text was lemmatized by Mikko Luukko. The annotated edition is released under the Creative Commons Attribution Share-Alike license 3.0.  Please cite this page as http://oracc.org/atae/P517154/.",
			"date_of_origin": "00.000.00.00",
			"designation": "CTN 6 105",
			"dialect": "Neo-Assyrian",
			"display_name": "CTN 6, 105",
			"genre": "Legal",
			"language": "Akkadian",
			"last_mod_by": "Tushingham",
			"last_modified": "02.11.2021",
			"list_name": "atae/ctn6:P517154",
			"material": "clay",
			"object_type": "tablet",
			"period": "Neo-Assyrian",
			"pleiades_id": "894019",
			"script": "Neo-Assyrian",
			"script_remarks": "inscribed",
			"script_type": "Cuneiform",
			"ch_no": "02",
			"ch_name": "Tablets from the Town Wall Houses",
			"ch_num_name": "02 (Tablets from the Town Wall Houses)"
		},
		"geometry": {
			"type": "Point",
			"coordinates": [43.3275,36.099167]
		}
	}, {
		"type": "Feature",
		"properties": {
			"project": "ctn6",
			"id_text": "P412280",
			"primary_publication": "CTN 6 106",
			"museum_no": "MMA 54.117.28",
			"provenience": "Nimrud (Kalhu)",
			"excavation_no": "ND 03464",
			"archive": "017 - Šamaš-šarru-uṣur Archive",
			"atae_attribution": "Adapted from S. Herbordt, R. Mattila, B. Parker, J.N. Postgate, and D.J. Wiseman, Documents from the Nabu Temple and from Private Houses on the Citadel (Cuneiform Texts from Nimrud 6), London, 2019, by Jamie Novotny and Poppy Tushingham (2021) for the Munich Open-access Cuneiform Corpus Initiative (MOCCI), which is funded by LMU Munich and the Alexander von Humboldt Foundation at the Historisches Seminar - Abteilung Alte Geschichte of Ludwig-Maximilians-Universität München. The text was lemmatized by Mikko Luukko. The annotated edition is released under the Creative Commons Attribution Share-Alike license 3.0.",
			"cite_as": "Please cite this page as http://oracc.org/atae/P412280/.",
			"collection": "Metropolitan Museum of Art, New York, New York, USA",
			"composite_witness": "witness",
			"credits": "Adapted from S. Herbordt, R. Mattila, B. Parker, J.N. Postgate, and D.J. Wiseman, Documents from the Nabu Temple and from Private Houses on the Citadel (Cuneiform Texts from Nimrud 6), London, 2019, by Jamie Novotny and Poppy Tushingham (2021) for the Munich Open-access Cuneiform Corpus Initiative (MOCCI), which is funded by LMU Munich and the Alexander von Humboldt Foundation at the Historisches Seminar - Abteilung Alte Geschichte of Ludwig-Maximilians-Universität München. The text was lemmatized by Mikko Luukko. The annotated edition is released under the Creative Commons Attribution Share-Alike license 3.0.  Please cite this page as http://oracc.org/atae/P412280/.",
			"date_of_origin": "00.000.00.00",
			"designation": "CTN 6 106",
			"dialect": "Neo-Assyrian",
			"display_name": "CTN 6, 106",
			"genre": "Legal",
			"language": "Akkadian",
			"last_mod_by": "Tushingham",
			"last_modified": "02.11.2021",
			"list_name": "atae/ctn6:P412280",
			"material": "clay",
			"object_type": "tablet",
			"period": "Neo-Assyrian",
			"pleiades_id": "894019",
			"script": "Neo-Assyrian",
			"script_remarks": "inscribed",
			"script_type": "Cuneiform",
			"ch_no": "02",
			"ch_name": "Tablets from the Town Wall Houses",
			"ch_num_name": "02 (Tablets from the Town Wall Houses)"
		},
		"geometry": {
			"type": "Point",
			"coordinates": [43.3275,36.099167]
		}
	}, {
		"type": "Feature",
		"properties": {
			"project": "ctn6",
			"id_text": "P517149",
			"primary_publication": "CTN 6 107",
			"museum_no": "IM 057065",
			"provenience": "Nimrud (Kalhu)",
			"excavation_no": "ND 03450",
			"archive": "017 - Šamaš-šarru-uṣur Archive",
			"atae_attribution": "Adapted from S. Herbordt, R. Mattila, B. Parker, J.N. Postgate, and D.J. Wiseman, Documents from the Nabu Temple and from Private Houses on the Citadel (Cuneiform Texts from Nimrud 6), London, 2019, by Jamie Novotny and Poppy Tushingham (2021) for the Munich Open-access Cuneiform Corpus Initiative (MOCCI), which is funded by LMU Munich and the Alexander von Humboldt Foundation at the Historisches Seminar - Abteilung Alte Geschichte of Ludwig-Maximilians-Universität München. The text was lemmatized by Mikko Luukko. The annotated edition is released under the Creative Commons Attribution Share-Alike license 3.0.",
			"cite_as": "Please cite this page as http://oracc.org/atae/P517149/.",
			"collection": "National Museum of Iraq, Baghdad, Iraq",
			"composite_witness": "witness",
			"credits": "Adapted from S. Herbordt, R. Mattila, B. Parker, J.N. Postgate, and D.J. Wiseman, Documents from the Nabu Temple and from Private Houses on the Citadel (Cuneiform Texts from Nimrud 6), London, 2019, by Jamie Novotny and Poppy Tushingham (2021) for the Munich Open-access Cuneiform Corpus Initiative (MOCCI), which is funded by LMU Munich and the Alexander von Humboldt Foundation at the Historisches Seminar - Abteilung Alte Geschichte of Ludwig-Maximilians-Universität München. The text was lemmatized by Mikko Luukko. The annotated edition is released under the Creative Commons Attribution Share-Alike license 3.0.  Please cite this page as http://oracc.org/atae/P517149/.",
			"date_of_origin": "00.000.00.00",
			"designation": "CTN 6 107",
			"dialect": "Neo-Assyrian",
			"display_name": "CTN 6, 107",
			"genre": "Legal",
			"language": "Akkadian",
			"last_mod_by": "Tushingham",
			"last_modified": "02.11.2021",
			"list_name": "atae/ctn6:P517149",
			"material": "clay",
			"object_type": "tablet",
			"period": "Neo-Assyrian",
			"pleiades_id": "894019",
			"script": "Neo-Assyrian",
			"script_remarks": "inscribed",
			"script_type": "Cuneiform",
			"ch_no": "02",
			"ch_name": "Tablets from the Town Wall Houses",
			"ch_num_name": "02 (Tablets from the Town Wall Houses)"
		},
		"geometry": {
			"type": "Point",
			"coordinates": [43.3275,36.099167]
		}
	}, {
		"type": "Feature",
		"properties": {
			"project": "ctn6",
			"id_text": "P517155",
			"primary_publication": "CTN 6 108",
			"museum_no": "IM —",
			"provenience": "Nimrud (Kalhu)",
			"excavation_no": "ND 03457 + ND 03466c",
			"archive": "017 - Šamaš-šarru-uṣur Archive",
			"atae_attribution": "Adapted from S. Herbordt, R. Mattila, B. Parker, J.N. Postgate, and D.J. Wiseman, Documents from the Nabu Temple and from Private Houses on the Citadel (Cuneiform Texts from Nimrud 6), London, 2019, by Jamie Novotny and Poppy Tushingham (2021) for the Munich Open-access Cuneiform Corpus Initiative (MOCCI), which is funded by LMU Munich and the Alexander von Humboldt Foundation at the Historisches Seminar - Abteilung Alte Geschichte of Ludwig-Maximilians-Universität München. The text was lemmatized by Mikko Luukko. The annotated edition is released under the Creative Commons Attribution Share-Alike license 3.0.",
			"cite_as": "Please cite this page as http://oracc.org/atae/P517155/.",
			"collection": "National Museum of Iraq, Baghdad, Iraq",
			"composite_witness": "witness",
			"credits": "Adapted from S. Herbordt, R. Mattila, B. Parker, J.N. Postgate, and D.J. Wiseman, Documents from the Nabu Temple and from Private Houses on the Citadel (Cuneiform Texts from Nimrud 6), London, 2019, by Jamie Novotny and Poppy Tushingham (2021) for the Munich Open-access Cuneiform Corpus Initiative (MOCCI), which is funded by LMU Munich and the Alexander von Humboldt Foundation at the Historisches Seminar - Abteilung Alte Geschichte of Ludwig-Maximilians-Universität München. The text was lemmatized by Mikko Luukko. The annotated edition is released under the Creative Commons Attribution Share-Alike license 3.0.  Please cite this page as http://oracc.org/atae/P517155/.",
			"date_of_origin": "00.000.00.00",
			"designation": "CTN 6 108",
			"dialect": "Neo-Assyrian",
			"display_name": "CTN 6, 108",
			"genre": "Legal",
			"language": "Akkadian",
			"last_mod_by": "Tushingham",
			"last_modified": "02.11.2021",
			"list_name": "atae/ctn6:P517155",
			"material": "clay",
			"object_type": "tablet and envelope",
			"period": "Neo-Assyrian",
			"pleiades_id": "894019",
			"script": "Neo-Assyrian",
			"script_remarks": "inscribed",
			"script_type": "Cuneiform",
			"ch_no": "02",
			"ch_name": "Tablets from the Town Wall Houses",
			"ch_num_name": "02 (Tablets from the Town Wall Houses)"
		},
		"geometry": {
			"type": "Point",
			"coordinates": [43.3275,36.099167]
		}
	}, {
		"type": "Feature",
		"properties": {
			"project": "ctn6",
			"id_text": "P496519",
			"primary_publication": "CTN 6 109",
			"museum_no": "IM 057058",
			"provenience": "Nimrud (Kalhu)",
			"excavation_no": "ND 03433",
			"archive": "017 - Šamaš-šarru-uṣur Archive",
			"atae_attribution": "Adapted from S. Herbordt, R. Mattila, B. Parker, J.N. Postgate, and D.J. Wiseman, Documents from the Nabu Temple and from Private Houses on the Citadel (Cuneiform Texts from Nimrud 6), London, 2019, by Jamie Novotny and Poppy Tushingham (2021) for the Munich Open-access Cuneiform Corpus Initiative (MOCCI), which is funded by LMU Munich and the Alexander von Humboldt Foundation at the Historisches Seminar - Abteilung Alte Geschichte of Ludwig-Maximilians-Universität München. The text was lemmatized by Mikko Luukko. The annotated edition is released under the Creative Commons Attribution Share-Alike license 3.0.",
			"cite_as": "Please cite this page as http://oracc.org/atae/P496519/.",
			"collection": "National Museum of Iraq, Baghdad, Iraq",
			"composite_witness": "witness",
			"credits": "Adapted from S. Herbordt, R. Mattila, B. Parker, J.N. Postgate, and D.J. Wiseman, Documents from the Nabu Temple and from Private Houses on the Citadel (Cuneiform Texts from Nimrud 6), London, 2019, by Jamie Novotny and Poppy Tushingham (2021) for the Munich Open-access Cuneiform Corpus Initiative (MOCCI), which is funded by LMU Munich and the Alexander von Humboldt Foundation at the Historisches Seminar - Abteilung Alte Geschichte of Ludwig-Maximilians-Universität München. The text was lemmatized by Mikko Luukko. The annotated edition is released under the Creative Commons Attribution Share-Alike license 3.0.  Please cite this page as http://oracc.org/atae/P496519/.",
			"date_of_origin": "00.000.00.00",
			"designation": "CTN 6 109",
			"dialect": "Neo-Assyrian",
			"display_name": "CTN 6, 109",
			"genre": "Legal",
			"language": "Akkadian",
			"last_mod_by": "Tushingham",
			"last_modified": "02.11.2021",
			"list_name": "atae/ctn6:P496519",
			"material": "clay",
			"object_type": "tablet",
			"period": "Neo-Assyrian",
			"pleiades_id": "894019",
			"script": "Neo-Assyrian",
			"script_remarks": "inscribed",
			"script_type": "Cuneiform",
			"ch_no": "02",
			"ch_name": "Tablets from the Town Wall Houses",
			"ch_num_name": "02 (Tablets from the Town Wall Houses)"
		},
		"geometry": {
			"type": "Point",
			"coordinates": [43.3275,36.099167]
		}
	}, {
		"type": "Feature",
		"properties": {
			"project": "ctn6",
			"id_text": "P517161",
			"primary_publication": "CTN 6 110",
			"museum_no": "IM —",
			"provenience": "Nimrud (Kalhu)",
			"excavation_no": "ND 03478",
			"archive": "017 - Šamaš-šarru-uṣur Archive",
			"atae_attribution": "Adapted from S. Herbordt, R. Mattila, B. Parker, J.N. Postgate, and D.J. Wiseman, Documents from the Nabu Temple and from Private Houses on the Citadel (Cuneiform Texts from Nimrud 6), London, 2019, by Jamie Novotny and Poppy Tushingham (2021) for the Munich Open-access Cuneiform Corpus Initiative (MOCCI), which is funded by LMU Munich and the Alexander von Humboldt Foundation at the Historisches Seminar - Abteilung Alte Geschichte of Ludwig-Maximilians-Universität München. The text was lemmatized by Mikko Luukko. The annotated edition is released under the Creative Commons Attribution Share-Alike license 3.0.",
			"cite_as": "Please cite this page as http://oracc.org/atae/P517161/.",
			"collection": "National Museum of Iraq, Baghdad, Iraq",
			"composite_witness": "witness",
			"credits": "Adapted from S. Herbordt, R. Mattila, B. Parker, J.N. Postgate, and D.J. Wiseman, Documents from the Nabu Temple and from Private Houses on the Citadel (Cuneiform Texts from Nimrud 6), London, 2019, by Jamie Novotny and Poppy Tushingham (2021) for the Munich Open-access Cuneiform Corpus Initiative (MOCCI), which is funded by LMU Munich and the Alexander von Humboldt Foundation at the Historisches Seminar - Abteilung Alte Geschichte of Ludwig-Maximilians-Universität München. The text was lemmatized by Mikko Luukko. The annotated edition is released under the Creative Commons Attribution Share-Alike license 3.0.  Please cite this page as http://oracc.org/atae/P517161/.",
			"date_of_origin": "00.000.00.00",
			"designation": "CTN 6 110",
			"dialect": "Neo-Assyrian",
			"display_name": "CTN 6, 110",
			"genre": "Legal",
			"language": "Akkadian",
			"last_mod_by": "Tushingham",
			"last_modified": "02.11.2021",
			"list_name": "atae/ctn6:P517161",
			"material": "clay",
			"object_type": "tablet",
			"period": "Neo-Assyrian",
			"pleiades_id": "894019",
			"script": "Neo-Assyrian",
			"script_remarks": "inscribed",
			"script_type": "Cuneiform",
			"ch_no": "02",
			"ch_name": "Tablets from the Town Wall Houses",
			"ch_num_name": "02 (Tablets from the Town Wall Houses)"
		},
		"geometry": {
			"type": "Point",
			"coordinates": [43.3275,36.099167]
		}
	}, {
		"type": "Feature",
		"properties": {
			"project": "ctn6",
			"id_text": "P517140",
			"primary_publication": "CTN 6 111",
			"museum_no": "IM 057027",
			"provenience": "Nimrud (Kalhu)",
			"excavation_no": "ND 03412",
			"archive": "017 - Šamaš-šarru-uṣur Archive",
			"atae_attribution": "Adapted from S. Herbordt, R. Mattila, B. Parker, J.N. Postgate, and D.J. Wiseman, Documents from the Nabu Temple and from Private Houses on the Citadel (Cuneiform Texts from Nimrud 6), London, 2019, by Jamie Novotny and Poppy Tushingham (2021) for the Munich Open-access Cuneiform Corpus Initiative (MOCCI), which is funded by LMU Munich and the Alexander von Humboldt Foundation at the Historisches Seminar - Abteilung Alte Geschichte of Ludwig-Maximilians-Universität München. The text was lemmatized by Mikko Luukko. The annotated edition is released under the Creative Commons Attribution Share-Alike license 3.0.",
			"cite_as": "Please cite this page as http://oracc.org/atae/P517140/.",
			"collection": "National Museum of Iraq, Baghdad, Iraq",
			"composite_witness": "witness",
			"credits": "Adapted from S. Herbordt, R. Mattila, B. Parker, J.N. Postgate, and D.J. Wiseman, Documents from the Nabu Temple and from Private Houses on the Citadel (Cuneiform Texts from Nimrud 6), London, 2019, by Jamie Novotny and Poppy Tushingham (2021) for the Munich Open-access Cuneiform Corpus Initiative (MOCCI), which is funded by LMU Munich and the Alexander von Humboldt Foundation at the Historisches Seminar - Abteilung Alte Geschichte of Ludwig-Maximilians-Universität München. The text was lemmatized by Mikko Luukko. The annotated edition is released under the Creative Commons Attribution Share-Alike license 3.0.  Please cite this page as http://oracc.org/atae/P517140/.",
			"date_of_origin": "00.000.00.00",
			"designation": "CTN 6 111",
			"dialect": "Neo-Assyrian",
			"display_name": "CTN 6, 111",
			"genre": "Legal",
			"language": "Akkadian",
			"last_mod_by": "Tushingham",
			"last_modified": "02.11.2021",
			"list_name": "atae/ctn6:P517140",
			"material": "clay",
			"object_type": "tablet",
			"period": "Neo-Assyrian",
			"pleiades_id": "894019",
			"script": "Neo-Assyrian",
			"script_remarks": "inscribed",
			"script_type": "Cuneiform",
			"ch_no": "02",
			"ch_name": "Tablets from the Town Wall Houses",
			"ch_num_name": "02 (Tablets from the Town Wall Houses)"
		},
		"geometry": {
			"type": "Point",
			"coordinates": [43.3275,36.099167]
		}
	}, {
		"type": "Feature",
		"properties": {
			"project": "ctn6",
			"id_text": "P517153",
			"primary_publication": "CTN 6 112",
			"museum_no": "IM —",
			"provenience": "Nimrud (Kalhu)",
			"excavation_no": "ND 03455",
			"archive": "017 - Šamaš-šarru-uṣur Archive",
			"atae_attribution": "Adapted from S. Herbordt, R. Mattila, B. Parker, J.N. Postgate, and D.J. Wiseman, Documents from the Nabu Temple and from Private Houses on the Citadel (Cuneiform Texts from Nimrud 6), London, 2019, by Jamie Novotny and Poppy Tushingham (2021) for the Munich Open-access Cuneiform Corpus Initiative (MOCCI), which is funded by LMU Munich and the Alexander von Humboldt Foundation at the Historisches Seminar - Abteilung Alte Geschichte of Ludwig-Maximilians-Universität München. The text was lemmatized by Mikko Luukko. The annotated edition is released under the Creative Commons Attribution Share-Alike license 3.0.",
			"cite_as": "Please cite this page as http://oracc.org/atae/P517153/.",
			"collection": "National Museum of Iraq, Baghdad, Iraq",
			"composite_witness": "witness",
			"credits": "Adapted from S. Herbordt, R. Mattila, B. Parker, J.N. Postgate, and D.J. Wiseman, Documents from the Nabu Temple and from Private Houses on the Citadel (Cuneiform Texts from Nimrud 6), London, 2019, by Jamie Novotny and Poppy Tushingham (2021) for the Munich Open-access Cuneiform Corpus Initiative (MOCCI), which is funded by LMU Munich and the Alexander von Humboldt Foundation at the Historisches Seminar - Abteilung Alte Geschichte of Ludwig-Maximilians-Universität München. The text was lemmatized by Mikko Luukko. The annotated edition is released under the Creative Commons Attribution Share-Alike license 3.0.  Please cite this page as http://oracc.org/atae/P517153/.",
			"date_of_origin": "00.000.00.00",
			"designation": "CTN 6 112",
			"dialect": "Neo-Assyrian",
			"display_name": "CTN 6, 112",
			"genre": "Legal",
			"language": "Akkadian",
			"last_mod_by": "Tushingham",
			"last_modified": "02.11.2021",
			"list_name": "atae/ctn6:P517153",
			"material": "clay",
			"object_type": "tablet",
			"period": "Neo-Assyrian",
			"pleiades_id": "894019",
			"script": "Neo-Assyrian",
			"script_remarks": "inscribed",
			"script_type": "Cuneiform",
			"ch_no": "02",
			"ch_name": "Tablets from the Town Wall Houses",
			"ch_num_name": "02 (Tablets from the Town Wall Houses)"
		},
		"geometry": {
			"type": "Point",
			"coordinates": [43.3275,36.099167]
		}
	}, {
		"type": "Feature",
		"properties": {
			"project": "ctn6",
			"id_text": "P517160",
			"primary_publication": "CTN 6 113",
			"museum_no": "IM —",
			"provenience": "Nimrud (Kalhu)",
			"excavation_no": "ND 03467",
			"archive": "017 - Šamaš-šarru-uṣur Archive",
			"atae_attribution": "Adapted from S. Herbordt, R. Mattila, B. Parker, J.N. Postgate, and D.J. Wiseman, Documents from the Nabu Temple and from Private Houses on the Citadel (Cuneiform Texts from Nimrud 6), London, 2019, by Jamie Novotny and Poppy Tushingham (2021) for the Munich Open-access Cuneiform Corpus Initiative (MOCCI), which is funded by LMU Munich and the Alexander von Humboldt Foundation at the Historisches Seminar - Abteilung Alte Geschichte of Ludwig-Maximilians-Universität München. The text was lemmatized by Mikko Luukko. The annotated edition is released under the Creative Commons Attribution Share-Alike license 3.0.",
			"cite_as": "Please cite this page as http://oracc.org/atae/P517160/.",
			"collection": "National Museum of Iraq, Baghdad, Iraq",
			"composite_witness": "witness",
			"credits": "Adapted from S. Herbordt, R. Mattila, B. Parker, J.N. Postgate, and D.J. Wiseman, Documents from the Nabu Temple and from Private Houses on the Citadel (Cuneiform Texts from Nimrud 6), London, 2019, by Jamie Novotny and Poppy Tushingham (2021) for the Munich Open-access Cuneiform Corpus Initiative (MOCCI), which is funded by LMU Munich and the Alexander von Humboldt Foundation at the Historisches Seminar - Abteilung Alte Geschichte of Ludwig-Maximilians-Universität München. The text was lemmatized by Mikko Luukko. The annotated edition is released under the Creative Commons Attribution Share-Alike license 3.0.  Please cite this page as http://oracc.org/atae/P517160/.",
			"date_of_origin": "00.000.00.00",
			"designation": "CTN 6 113",
			"dialect": "Neo-Assyrian",
			"display_name": "CTN 6, 113",
			"genre": "Legal",
			"language": "Akkadian",
			"last_mod_by": "Tushingham",
			"last_modified": "02.11.2021",
			"list_name": "atae/ctn6:P517160",
			"material": "clay",
			"object_type": "tablet",
			"period": "Neo-Assyrian",
			"pleiades_id": "894019",
			"script": "Neo-Assyrian",
			"script_remarks": "inscribed",
			"script_type": "Cuneiform",
			"ch_no": "02",
			"ch_name": "Tablets from the Town Wall Houses",
			"ch_num_name": "02 (Tablets from the Town Wall Houses)"
		},
		"geometry": {
			"type": "Point",
			"coordinates": [43.3275,36.099167]
		}
	}, {
		"type": "Feature",
		"properties": {
			"project": "ctn6",
			"id_text": "P429003",
			"primary_publication": "CTN 6 114",
			"museum_no": "BM —",
			"provenience": "Nimrud (Kalhu)",
			"excavation_no": "ND 03468",
			"archive": "017 - Šamaš-šarru-uṣur Archive",
			"atae_attribution": "Adapted from S. Herbordt, R. Mattila, B. Parker, J.N. Postgate, and D.J. Wiseman, Documents from the Nabu Temple and from Private Houses on the Citadel (Cuneiform Texts from Nimrud 6), London, 2019, by Jamie Novotny and Poppy Tushingham (2021) for the Munich Open-access Cuneiform Corpus Initiative (MOCCI), which is funded by LMU Munich and the Alexander von Humboldt Foundation at the Historisches Seminar - Abteilung Alte Geschichte of Ludwig-Maximilians-Universität München. The text was lemmatized by Mikko Luukko. The annotated edition is released under the Creative Commons Attribution Share-Alike license 3.0.",
			"cite_as": "Please cite this page as http://oracc.org/atae/P429003/.",
			"collection": "British Museum, London, UK",
			"composite_witness": "witness",
			"credits": "Adapted from S. Herbordt, R. Mattila, B. Parker, J.N. Postgate, and D.J. Wiseman, Documents from the Nabu Temple and from Private Houses on the Citadel (Cuneiform Texts from Nimrud 6), London, 2019, by Jamie Novotny and Poppy Tushingham (2021) for the Munich Open-access Cuneiform Corpus Initiative (MOCCI), which is funded by LMU Munich and the Alexander von Humboldt Foundation at the Historisches Seminar - Abteilung Alte Geschichte of Ludwig-Maximilians-Universität München. The text was lemmatized by Mikko Luukko. The annotated edition is released under the Creative Commons Attribution Share-Alike license 3.0.  Please cite this page as http://oracc.org/atae/P429003/.",
			"date_of_origin": "00.000.00.00",
			"designation": "CTN 6 114",
			"dialect": "Neo-Assyrian",
			"display_name": "CTN 6, 114",
			"genre": "Legal",
			"language": "Akkadian",
			"last_mod_by": "Tushingham",
			"last_modified": "02.11.2021",
			"list_name": "atae/ctn6:P429003",
			"material": "clay",
			"object_type": "tablet",
			"period": "Neo-Assyrian",
			"pleiades_id": "894019",
			"script": "Neo-Assyrian",
			"script_remarks": "inscribed",
			"script_type": "Cuneiform",
			"ch_no": "02",
			"ch_name": "Tablets from the Town Wall Houses",
			"ch_num_name": "02 (Tablets from the Town Wall Houses)"
		},
		"geometry": {
			"type": "Point",
			"coordinates": [43.3275,36.099167]
		}
	}, {
		"type": "Feature",
		"properties": {
			"project": "ctn6",
			"id_text": "P428988",
			"primary_publication": "CTN 6 115",
			"museum_no": "BM —",
			"provenience": "Nimrud (Kalhu)",
			"excavation_no": "ND 03280",
			"archive": "017 - Šamaš-šarru-uṣur Archive",
			"atae_attribution": "Adapted from S. Herbordt, R. Mattila, B. Parker, J.N. Postgate, and D.J. Wiseman, Documents from the Nabu Temple and from Private Houses on the Citadel (Cuneiform Texts from Nimrud 6), London, 2019, by Jamie Novotny and Poppy Tushingham (2021) for the Munich Open-access Cuneiform Corpus Initiative (MOCCI), which is funded by LMU Munich and the Alexander von Humboldt Foundation at the Historisches Seminar - Abteilung Alte Geschichte of Ludwig-Maximilians-Universität München. The text was lemmatized by Mikko Luukko. The annotated edition is released under the Creative Commons Attribution Share-Alike license 3.0.",
			"cite_as": "Please cite this page as http://oracc.org/atae/P428988/.",
			"collection": "British Museum, London, UK",
			"composite_witness": "witness",
			"credits": "Adapted from S. Herbordt, R. Mattila, B. Parker, J.N. Postgate, and D.J. Wiseman, Documents from the Nabu Temple and from Private Houses on the Citadel (Cuneiform Texts from Nimrud 6), London, 2019, by Jamie Novotny and Poppy Tushingham (2021) for the Munich Open-access Cuneiform Corpus Initiative (MOCCI), which is funded by LMU Munich and the Alexander von Humboldt Foundation at the Historisches Seminar - Abteilung Alte Geschichte of Ludwig-Maximilians-Universität München. The text was lemmatized by Mikko Luukko. The annotated edition is released under the Creative Commons Attribution Share-Alike license 3.0.  Please cite this page as http://oracc.org/atae/P428988/.",
			"date_of_origin": "00.000.00.00",
			"designation": "CTN 6 115",
			"dialect": "Neo-Assyrian",
			"display_name": "CTN 6, 115",
			"genre": "Legal",
			"language": "Akkadian",
			"last_mod_by": "Tushingham",
			"last_modified": "02.11.2021",
			"list_name": "atae/ctn6:P428988",
			"material": "clay",
			"object_type": "tablet",
			"period": "Neo-Assyrian",
			"pleiades_id": "894019",
			"script": "Neo-Assyrian",
			"script_remarks": "inscribed",
			"script_type": "Cuneiform",
			"ch_no": "02",
			"ch_name": "Tablets from the Town Wall Houses",
			"ch_num_name": "02 (Tablets from the Town Wall Houses)"
		},
		"geometry": {
			"type": "Point",
			"coordinates": [43.3275,36.099167]
		}
	}]
}
