{
	"type": "FeatureCollection",
	"features": [{
		"type": "Feature",
		"properties": {
			"cdli_id": "P463047",
			"collection": "Archäologisches Institut der Universität Zürich, Zurich, Switzerland",
			"credits": "Created by Hayim Tadmor, Shigeo Yamada, Jamie Novotny, and the Royal Inscriptions of the Neo-Assyrian Period (RINAP) Project, 2011. Lemmatized by Jamie Novotny, 2010, for the NEH-funded RINAP Project at the University of Pennsylvania. The annotated edition is released under the Creative Commons Attribution Share-Alike license 3.0. Please cite this page as http://oracc.org/rinap/Q003414/.",
			"date_of_origin": "744-727",
			"designation": "Tiglath-pileser III 01",
			"display_name": "RINAP 1 Tigl. III 01",
			"dynastic_seat": "Assyria",
			"exemplars": "ZhArchSlg 1917 (+) ZhArchSlg 1918 (+) NA 12/76",
			"genre": "Royal Inscription",
			"id_composite": "Q003414",
			"language": "Akkadian",
			"material": "stone",
			"object_type": "wall slab (with reliefs)",
			"period": "Neo-Assyrian",
			"pleiades_id": "894019",
			"popular_name": "Unit 1 (A,1) / Ann. 1a+b",
			"primary_publication": "Tiglath-pileser III 01",
			"provenience": "Nimrud (Kalhu)",
			"ruler": "Tiglath-pileser III",
			"script": "Neo-Assyrian",
			"script_remarks": "inscribed",
			"script_type": "Cuneiform",
			"subgenre": "Tiglath-pileser III",
			"supergenre": "LIT"
		},
		"geometry": {
			"type": "Point",
			"coordinates": [43.3275,36.099167]
		}
	}, {
		"type": "Feature",
		"properties": {
			"cdli_id": "P463047",
			"credits": "Created by Hayim Tadmor, Shigeo Yamada, Jamie Novotny, and the Royal Inscriptions of the Neo-Assyrian Period (RINAP) Project, 2011. Lemmatized by Jamie Novotny, 2010, for the NEH-funded RINAP Project at the University of Pennsylvania. The annotated edition is released under the Creative Commons Attribution Share-Alike license 3.0. Please cite this page as http://oracc.org/rinap/Q003415/.",
			"date_of_origin": "744-727",
			"designation": "Tiglath-pileser III 02",
			"display_name": "RINAP 1 Tigl. III 02",
			"dynastic_seat": "Assyria",
			"exemplars": "NA 12/76",
			"genre": "Royal Inscription",
			"id_composite": "Q003415",
			"language": "Akkadian",
			"material": "stone",
			"object_type": "wall slab (with reliefs)",
			"period": "Neo-Assyrian",
			"pleiades_id": "894019",
			"popular_name": "Unit 2 (A,2)",
			"primary_publication": "Tiglath-pileser III 02",
			"provenience": "Nimrud (Kalhu)",
			"ruler": "Tiglath-pileser III",
			"script": "Neo-Assyrian",
			"script_remarks": "inscribed",
			"script_type": "Cuneiform",
			"subgenre": "Tiglath-pileser III",
			"supergenre": "LIT"
		},
		"geometry": {
			"type": "Point",
			"coordinates": [43.3275,36.099167]
		}
	}, {
		"type": "Feature",
		"properties": {
			"cdli_id": "P463048",
			"credits": "Created by Hayim Tadmor, Shigeo Yamada, Jamie Novotny, and the Royal Inscriptions of the Neo-Assyrian Period (RINAP) Project, 2011. Lemmatized by Jamie Novotny, 2010, for the NEH-funded RINAP Project at the University of Pennsylvania. The annotated edition is released under the Creative Commons Attribution Share-Alike license 3.0. Please cite this page as http://oracc.org/rinap/Q003416/.",
			"date_of_origin": "744-727",
			"designation": "Tiglath-pileser III 03",
			"display_name": "RINAP 1 Tigl. III 03",
			"dynastic_seat": "Assyria",
			"exemplars": "NA 09/76",
			"genre": "Royal Inscription",
			"id_composite": "Q003416",
			"language": "Akkadian",
			"material": "stone",
			"object_type": "wall slab (with reliefs)",
			"period": "Neo-Assyrian",
			"pleiades_id": "894019",
			"popular_name": "Unit 3 (A,3)",
			"primary_publication": "Tiglath-pileser III 03",
			"provenience": "Nimrud (Kalhu)",
			"ruler": "Tiglath-pileser III",
			"script": "Neo-Assyrian",
			"script_remarks": "inscribed",
			"script_type": "Cuneiform",
			"subgenre": "Tiglath-pileser III",
			"supergenre": "LIT"
		},
		"geometry": {
			"type": "Point",
			"coordinates": [43.3275,36.099167]
		}
	}, {
		"type": "Feature",
		"properties": {
			"cdli_id": "P463048",
			"credits": "Created by Hayim Tadmor, Shigeo Yamada, Jamie Novotny, and the Royal Inscriptions of the Neo-Assyrian Period (RINAP) Project, 2011. Lemmatized by Jamie Novotny, 2010, for the NEH-funded RINAP Project at the University of Pennsylvania. The annotated edition is released under the Creative Commons Attribution Share-Alike license 3.0. Please cite this page as http://oracc.org/rinap/Q003417/.",
			"date_of_origin": "744-727",
			"designation": "Tiglath-pileser III 04",
			"display_name": "RINAP 1 Tigl. III 04",
			"dynastic_seat": "Assyria",
			"exemplars": "NA 09/76",
			"genre": "Royal Inscription",
			"id_composite": "Q003417",
			"language": "Akkadian",
			"material": "stone",
			"object_type": "wall slab (with reliefs)",
			"period": "Neo-Assyrian",
			"pleiades_id": "894019",
			"popular_name": "Unit 4 (A,4)",
			"primary_publication": "Tiglath-pileser III 04",
			"provenience": "Nimrud (Kalhu)",
			"ruler": "Tiglath-pileser III",
			"script": "Neo-Assyrian",
			"script_remarks": "inscribed",
			"script_type": "Cuneiform",
			"subgenre": "Tiglath-pileser III",
			"supergenre": "LIT"
		},
		"geometry": {
			"type": "Point",
			"coordinates": [43.3275,36.099167]
		}
	}, {
		"type": "Feature",
		"properties": {
			"cdli_id": "P463049",
			"collection": "British Museum, London, UK",
			"credits": "Created by Hayim Tadmor, Shigeo Yamada, Jamie Novotny, and the Royal Inscriptions of the Neo-Assyrian Period (RINAP) Project, 2011. Lemmatized by Jamie Novotny, 2010, for the NEH-funded RINAP Project at the University of Pennsylvania. The annotated edition is released under the Creative Commons Attribution Share-Alike license 3.0. Please cite this page as http://oracc.org/rinap/Q003418/.",
			"date_of_origin": "744-727",
			"designation": "Tiglath-pileser III 05",
			"display_name": "RINAP 1 Tigl. III 05",
			"dynastic_seat": "Assyria",
			"exemplars": "BM 118934 (Layard, MS A pp. 113-114)",
			"genre": "Royal Inscription",
			"id_composite": "Q003418",
			"language": "Akkadian",
			"material": "stone",
			"object_type": "wall slab (with reliefs)",
			"period": "Neo-Assyrian",
			"pleiades_id": "894019",
			"popular_name": "Unit 5 (B,1) / Ann. 9",
			"primary_publication": "Tiglath-pileser III 05",
			"provenience": "Nimrud (Kalhu)",
			"ruler": "Tiglath-pileser III",
			"script": "Neo-Assyrian",
			"script_remarks": "inscribed",
			"script_type": "Cuneiform",
			"subgenre": "Tiglath-pileser III",
			"supergenre": "LIT"
		},
		"geometry": {
			"type": "Point",
			"coordinates": [43.3275,36.099167]
		}
	}, {
		"type": "Feature",
		"properties": {
			"cdli_id": "P463049",
			"collection": "British Museum, London, UK",
			"credits": "Created by Hayim Tadmor, Shigeo Yamada, Jamie Novotny, and the Royal Inscriptions of the Neo-Assyrian Period (RINAP) Project, 2011. Lemmatized by Jamie Novotny, 2010, for the NEH-funded RINAP Project at the University of Pennsylvania. The annotated edition is released under the Creative Commons Attribution Share-Alike license 3.0. Please cite this page as http://oracc.org/rinap/Q003419/.",
			"date_of_origin": "744-727",
			"designation": "Tiglath-pileser III 06",
			"display_name": "RINAP 1 Tigl. III 06",
			"dynastic_seat": "Assyria",
			"exemplars": "BM 118934 (Layard, MS A p. 114)",
			"genre": "Royal Inscription",
			"id_composite": "Q003419",
			"language": "Akkadian",
			"material": "stone",
			"object_type": "wall slab (with reliefs)",
			"period": "Neo-Assyrian",
			"pleiades_id": "894019",
			"popular_name": "Unit 6 (B,2) / Ann. 10",
			"primary_publication": "Tiglath-pileser III 06",
			"provenience": "Nimrud (Kalhu)",
			"ruler": "Tiglath-pileser III",
			"script": "Neo-Assyrian",
			"script_remarks": "inscribed",
			"script_type": "Cuneiform",
			"subgenre": "Tiglath-pileser III",
			"supergenre": "LIT"
		},
		"geometry": {
			"type": "Point",
			"coordinates": [43.3275,36.099167]
		}
	}, {
		"type": "Feature",
		"properties": {
			"cdli_id": "P463050",
			"collection": "British Museum, London, UK",
			"credits": "Created by Hayim Tadmor, Shigeo Yamada, Jamie Novotny, and the Royal Inscriptions of the Neo-Assyrian Period (RINAP) Project, 2011. Lemmatized by Jamie Novotny, 2010, for the NEH-funded RINAP Project at the University of Pennsylvania. The annotated edition is released under the Creative Commons Attribution Share-Alike license 3.0. Please cite this page as http://oracc.org/rinap/Q003420/.",
			"date_of_origin": "744-727",
			"designation": "Tiglath-pileser III 07",
			"display_name": "RINAP 1 Tigl. III 07",
			"dynastic_seat": "Assyria",
			"exemplars": "BM 118933 (Layard, MS A pp. 111-112)",
			"genre": "Royal Inscription",
			"id_composite": "Q003420",
			"language": "Akkadian",
			"material": "stone",
			"object_type": "wall slab (with reliefs)",
			"period": "Neo-Assyrian",
			"pleiades_id": "894019",
			"popular_name": "Unit 7 (B,3) / Ann. 11",
			"primary_publication": "Tiglath-pileser III 07",
			"provenience": "Nimrud (Kalhu)",
			"ruler": "Tiglath-pileser III",
			"script": "Neo-Assyrian",
			"script_remarks": "inscribed",
			"script_type": "Cuneiform",
			"subgenre": "Tiglath-pileser III",
			"supergenre": "LIT"
		},
		"geometry": {
			"type": "Point",
			"coordinates": [43.3275,36.099167]
		}
	}, {
		"type": "Feature",
		"properties": {
			"cdli_id": "P463050",
			"collection": "British Museum, London, UK",
			"credits": "Created by Hayim Tadmor, Shigeo Yamada, Jamie Novotny, and the Royal Inscriptions of the Neo-Assyrian Period (RINAP) Project, 2011. Lemmatized by Jamie Novotny, 2010, for the NEH-funded RINAP Project at the University of Pennsylvania. The annotated edition is released under the Creative Commons Attribution Share-Alike license 3.0. Please cite this page as http://oracc.org/rinap/Q003421/.",
			"date_of_origin": "744-727",
			"designation": "Tiglath-pileser III 08",
			"display_name": "RINAP 1 Tigl. III 08",
			"dynastic_seat": "Assyria",
			"exemplars": "BM 118933 (Layard, MS A p. 112)",
			"genre": "Royal Inscription",
			"id_composite": "Q003421",
			"language": "Akkadian",
			"material": "stone",
			"object_type": "wall slab (with reliefs)",
			"period": "Neo-Assyrian",
			"pleiades_id": "894019",
			"popular_name": "Unit 8 (B,4) / Ann. 12",
			"primary_publication": "Tiglath-pileser III 08",
			"provenience": "Nimrud (Kalhu)",
			"ruler": "Tiglath-pileser III",
			"script": "Neo-Assyrian",
			"script_remarks": "inscribed",
			"script_type": "Cuneiform",
			"subgenre": "Tiglath-pileser III",
			"supergenre": "LIT"
		},
		"geometry": {
			"type": "Point",
			"coordinates": [43.3275,36.099167]
		}
	}, {
		"type": "Feature",
		"properties": {
			"cdli_id": "P463051",
			"credits": "Created by Hayim Tadmor, Shigeo Yamada, Jamie Novotny, and the Royal Inscriptions of the Neo-Assyrian Period (RINAP) Project, 2011. Lemmatized by Jamie Novotny, 2010, for the NEH-funded RINAP Project at the University of Pennsylvania. The annotated edition is released under the Creative Commons Attribution Share-Alike license 3.0. Please cite this page as http://oracc.org/rinap/Q003422/.",
			"date_of_origin": "744-727",
			"designation": "Tiglath-pileser III 09",
			"display_name": "RINAP 1 Tigl. III 09",
			"dynastic_seat": "Assyria",
			"exemplars": "Layard, MS A pp. 69-70 (Rawlinson, Notebook 1 fols. 123r-122v)",
			"genre": "Royal Inscription",
			"id_composite": "Q003422",
			"language": "Akkadian",
			"material": "stone",
			"object_type": "wall slab (with reliefs)",
			"period": "Neo-Assyrian",
			"pleiades_id": "894019",
			"popular_name": "Unit 9 (C,1) / Ann. 17",
			"primary_publication": "Tiglath-pileser III 09",
			"provenience": "Nimrud (Kalhu)",
			"ruler": "Tiglath-pileser III",
			"script": "Neo-Assyrian",
			"script_remarks": "inscribed",
			"script_type": "Cuneiform",
			"subgenre": "Tiglath-pileser III",
			"supergenre": "LIT"
		},
		"geometry": {
			"type": "Point",
			"coordinates": [43.3275,36.099167]
		}
	}, {
		"type": "Feature",
		"properties": {
			"cdli_id": "P463052",
			"credits": "Created by Hayim Tadmor, Shigeo Yamada, Jamie Novotny, and the Royal Inscriptions of the Neo-Assyrian Period (RINAP) Project, 2011. Lemmatized by Jamie Novotny, 2010, for the NEH-funded RINAP Project at the University of Pennsylvania. The annotated edition is released under the Creative Commons Attribution Share-Alike license 3.0. Please cite this page as http://oracc.org/rinap/Q003423/.",
			"date_of_origin": "744-727",
			"designation": "Tiglath-pileser III 10",
			"display_name": "RINAP 1 Tigl. III 10",
			"dynastic_seat": "Assyria",
			"exemplars": "Layard, MS A p. 51 (Layard, ICC p. 45 bottom, left)",
			"genre": "Royal Inscription",
			"id_composite": "Q003423",
			"language": "Akkadian",
			"material": "stone",
			"object_type": "wall slab (with reliefs)",
			"period": "Neo-Assyrian",
			"pleiades_id": "894019",
			"popular_name": "Unit 10 (C,2) / Ann. 20",
			"primary_publication": "Tiglath-pileser III 10",
			"provenience": "Nimrud (Kalhu)",
			"ruler": "Tiglath-pileser III",
			"script": "Neo-Assyrian",
			"script_remarks": "inscribed",
			"script_type": "Cuneiform",
			"subgenre": "Tiglath-pileser III",
			"supergenre": "LIT"
		},
		"geometry": {
			"type": "Point",
			"coordinates": [43.3275,36.099167]
		}
	}, {
		"type": "Feature",
		"properties": {
			"cdli_id": "P463052",
			"credits": "Created by Hayim Tadmor, Shigeo Yamada, Jamie Novotny, and the Royal Inscriptions of the Neo-Assyrian Period (RINAP) Project, 2011. Lemmatized by Jamie Novotny, 2010, for the NEH-funded RINAP Project at the University of Pennsylvania. The annotated edition is released under the Creative Commons Attribution Share-Alike license 3.0. Please cite this page as http://oracc.org/rinap/Q003424/.",
			"date_of_origin": "744-727",
			"designation": "Tiglath-pileser III 11",
			"display_name": "RINAP 1 Tigl. III 11",
			"dynastic_seat": "Assyria",
			"exemplars": "Layard, MS A p. 50 (Layard, ICC p. 45 bottom, middle)",
			"genre": "Royal Inscription",
			"id_composite": "Q003424",
			"language": "Akkadian",
			"material": "stone",
			"object_type": "wall slab (with reliefs)",
			"period": "Neo-Assyrian",
			"pleiades_id": "894019",
			"popular_name": "Unit 11 (C,3) / Ann. 21",
			"primary_publication": "Tiglath-pileser III 11",
			"provenience": "Nimrud (Kalhu)",
			"ruler": "Tiglath-pileser III",
			"script": "Neo-Assyrian",
			"script_remarks": "inscribed",
			"script_type": "Cuneiform",
			"subgenre": "Tiglath-pileser III",
			"supergenre": "LIT"
		},
		"geometry": {
			"type": "Point",
			"coordinates": [43.3275,36.099167]
		}
	}, {
		"type": "Feature",
		"properties": {
			"cdli_id": "P463053",
			"collection": "British Museum, London, UK",
			"credits": "Created by Hayim Tadmor, Shigeo Yamada, Jamie Novotny, and the Royal Inscriptions of the Neo-Assyrian Period (RINAP) Project, 2011. Lemmatized by Jamie Novotny, 2010, for the NEH-funded RINAP Project at the University of Pennsylvania. The annotated edition is released under the Creative Commons Attribution Share-Alike license 3.0. Please cite this page as http://oracc.org/rinap/Q003425/.",
			"date_of_origin": "744-727",
			"designation": "Tiglath-pileser III 12",
			"display_name": "RINAP 1 Tigl. III 12",
			"dynastic_seat": "Assyria",
			"exemplars": "BM 000123 (G. Smith, Notebook 5 fols. 11v-12r and 57v-58r; G. Smith, Notebook 12 fols. 1v-2r)",
			"genre": "Royal Inscription",
			"id_composite": "Q003425",
			"language": "Akkadian",
			"material": "stone",
			"object_type": "wall slab (with reliefs)",
			"period": "Neo-Assyrian",
			"pleiades_id": "894019",
			"popular_name": "Unit 12 (C,4) / Ann. 25",
			"primary_publication": "Tiglath-pileser III 12",
			"provenience": "Nimrud (Kalhu)",
			"ruler": "Tiglath-pileser III",
			"script": "Neo-Assyrian",
			"script_remarks": "inscribed",
			"script_type": "Cuneiform",
			"subgenre": "Tiglath-pileser III",
			"supergenre": "LIT"
		},
		"geometry": {
			"type": "Point",
			"coordinates": [43.3275,36.099167]
		}
	}, {
		"type": "Feature",
		"properties": {
			"cdli_id": "P463054",
			"credits": "Created by Hayim Tadmor, Shigeo Yamada, Jamie Novotny, and the Royal Inscriptions of the Neo-Assyrian Period (RINAP) Project, 2011. Lemmatized by Jamie Novotny, 2010, for the NEH-funded RINAP Project at the University of Pennsylvania. The annotated edition is released under the Creative Commons Attribution Share-Alike license 3.0. Please cite this page as http://oracc.org/rinap/Q003426/.",
			"date_of_origin": "744-727",
			"designation": "Tiglath-pileser III 13",
			"display_name": "RINAP 1 Tigl. III 13",
			"dynastic_seat": "Assyria",
			"exemplars": "Layard, MS A pp. 114-115 (Layard, ICC p. 65; Rawlinson, Notebook 1, fols. 120r-119v; G. Smith, Notebook 17 fol. 82r; G. Smith, Notebook 5 fols. 57v-60r)",
			"genre": "Royal Inscription",
			"id_composite": "Q003426",
			"language": "Akkadian",
			"material": "stone",
			"object_type": "wall slab (with reliefs)",
			"period": "Neo-Assyrian",
			"pleiades_id": "894019",
			"popular_name": "Unit 13 (C,5) / Ann. 19*",
			"primary_publication": "Tiglath-pileser III 13",
			"provenience": "Nimrud (Kalhu)",
			"ruler": "Tiglath-pileser III",
			"script": "Neo-Assyrian",
			"script_remarks": "inscribed",
			"script_type": "Cuneiform",
			"subgenre": "Tiglath-pileser III",
			"supergenre": "LIT"
		},
		"geometry": {
			"type": "Point",
			"coordinates": [43.3275,36.099167]
		}
	}, {
		"type": "Feature",
		"properties": {
			"cdli_id": "P463055",
			"collection": "British Museum, London, UK",
			"credits": "Created by Hayim Tadmor, Shigeo Yamada, Jamie Novotny, and the Royal Inscriptions of the Neo-Assyrian Period (RINAP) Project, 2011. Lemmatized by Jamie Novotny, 2010, for the NEH-funded RINAP Project at the University of Pennsylvania. The annotated edition is released under the Creative Commons Attribution Share-Alike license 3.0. Please cite this page as http://oracc.org/rinap/Q003427/.",
			"date_of_origin": "744-727",
			"designation": "Tiglath-pileser III 14",
			"display_name": "RINAP 1 Tigl. III 14",
			"dynastic_seat": "Assyria",
			"exemplars": "BM 124961 (+) Layard, MS A p. 110",
			"genre": "Royal Inscription",
			"id_composite": "Q003427",
			"language": "Akkadian",
			"material": "stone",
			"object_type": "wall slab (with reliefs)",
			"period": "Neo-Assyrian",
			"pleiades_id": "894019",
			"popular_name": "Unit 14 (B,5) / Ann. 13*",
			"primary_publication": "Tiglath-pileser III 14",
			"provenience": "Nimrud (Kalhu)",
			"ruler": "Tiglath-pileser III",
			"script": "Neo-Assyrian",
			"script_remarks": "inscribed",
			"script_type": "Cuneiform",
			"subgenre": "Tiglath-pileser III",
			"supergenre": "LIT"
		},
		"geometry": {
			"type": "Point",
			"coordinates": [43.3275,36.099167]
		}
	}, {
		"type": "Feature",
		"properties": {
			"cdli_id": "P463055",
			"collection": "British Museum, London, UK; Detroit Institute of the Arts, Detroit, Michigan, USA",
			"credits": "Created by Hayim Tadmor, Shigeo Yamada, Jamie Novotny, and the Royal Inscriptions of the Neo-Assyrian Period (RINAP) Project, 2011. Lemmatized by Jamie Novotny, 2010, for the NEH-funded RINAP Project at the University of Pennsylvania. The annotated edition is released under the Creative Commons Attribution Share-Alike license 3.0. Please cite this page as http://oracc.org/rinap/Q003428/.",
			"date_of_origin": "744-727",
			"designation": "Tiglath-pileser III 15",
			"display_name": "RINAP 1 Tigl. III 15",
			"dynastic_seat": "Assyria",
			"exemplars": "BM 124961 (+) DIA 50, 32 (Layard, MS A pp. 66-67 and 111)",
			"genre": "Royal Inscription",
			"id_composite": "Q003428",
			"language": "Akkadian",
			"material": "stone",
			"object_type": "wall slab (with reliefs)",
			"period": "Neo-Assyrian",
			"pleiades_id": "894019",
			"popular_name": "Unit 15 (B,6) / Ann. 14*",
			"primary_publication": "Tiglath-pileser III 15",
			"provenience": "Nimrud (Kalhu)",
			"ruler": "Tiglath-pileser III",
			"script": "Neo-Assyrian",
			"script_remarks": "inscribed",
			"script_type": "Cuneiform",
			"subgenre": "Tiglath-pileser III",
			"supergenre": "LIT"
		},
		"geometry": {
			"type": "Point",
			"coordinates": [43.3275,36.099167]
		}
	}, {
		"type": "Feature",
		"properties": {
			"cdli_id": "P463055",
			"collection": "British Museum, London, UK; Detroit Institute of the Arts, Detroit, Michigan, USA",
			"credits": "Created by Hayim Tadmor, Shigeo Yamada, Jamie Novotny, and the Royal Inscriptions of the Neo-Assyrian Period (RINAP) Project, 2011. Lemmatized by Jamie Novotny, 2010, for the NEH-funded RINAP Project at the University of Pennsylvania. The annotated edition is released under the Creative Commons Attribution Share-Alike license 3.0. Please cite this page as http://oracc.org/rinap/Q003429/.",
			"date_of_origin": "744-727",
			"designation": "Tiglath-pileser III 16",
			"display_name": "RINAP 1 Tigl. III 16",
			"dynastic_seat": "Assyria",
			"exemplars": "BM 124961 (+) DIA 50, 32 (Layard, MS A p. 67; Layard, ICC pp. 67 bottom-68 top)",
			"genre": "Royal Inscription",
			"id_composite": "Q003429",
			"language": "Akkadian",
			"material": "stone",
			"object_type": "wall slab (with reliefs)",
			"period": "Neo-Assyrian",
			"pleiades_id": "894019",
			"popular_name": "Unit 16 (B,7) / Ann. 15",
			"primary_publication": "Tiglath-pileser III 16",
			"provenience": "Nimrud (Kalhu)",
			"ruler": "Tiglath-pileser III",
			"script": "Neo-Assyrian",
			"script_remarks": "inscribed",
			"script_type": "Cuneiform",
			"subgenre": "Tiglath-pileser III",
			"supergenre": "LIT"
		},
		"geometry": {
			"type": "Point",
			"coordinates": [43.3275,36.099167]
		}
	}, {
		"type": "Feature",
		"properties": {
			"cdli_id": "P463056",
			"collection": "British Museum, London, UK",
			"credits": "Created by Hayim Tadmor, Shigeo Yamada, Jamie Novotny, and the Royal Inscriptions of the Neo-Assyrian Period (RINAP) Project, 2011. Lemmatized by Jamie Novotny, 2010, for the NEH-funded RINAP Project at the University of Pennsylvania. The annotated edition is released under the Creative Commons Attribution Share-Alike license 3.0. Please cite this page as http://oracc.org/rinap/Q003430/.",
			"date_of_origin": "744-727",
			"designation": "Tiglath-pileser III 17",
			"display_name": "RINAP 1 Tigl. III 17",
			"dynastic_seat": "Assyria",
			"exemplars": "BM 118905 (Layard, MS A p. 129)",
			"genre": "Royal Inscription",
			"id_composite": "Q003430",
			"language": "Akkadian",
			"material": "stone",
			"object_type": "wall slab (with reliefs)",
			"period": "Neo-Assyrian",
			"pleiades_id": "894019",
			"popular_name": "Unit 17 (B,8) / Ann. 16",
			"primary_publication": "Tiglath-pileser III 17",
			"provenience": "Nimrud (Kalhu)",
			"ruler": "Tiglath-pileser III",
			"script": "Neo-Assyrian",
			"script_remarks": "inscribed",
			"script_type": "Cuneiform",
			"subgenre": "Tiglath-pileser III",
			"supergenre": "LIT"
		},
		"geometry": {
			"type": "Point",
			"coordinates": [43.3275,36.099167]
		}
	}, {
		"type": "Feature",
		"properties": {
			"cdli_id": "P466003",
			"collection": "British Museum, London, UK",
			"credits": "Created by Hayim Tadmor, Shigeo Yamada, Jamie Novotny, and the Royal Inscriptions of the Neo-Assyrian Period (RINAP) Project, 2011. Lemmatized by Jamie Novotny, 2010, for the NEH-funded RINAP Project at the University of Pennsylvania. The annotated edition is released under the Creative Commons Attribution Share-Alike license 3.0. Please cite this page as http://oracc.org/rinap/Q003431/.",
			"date_of_origin": "744-727",
			"designation": "Tiglath-pileser III 18",
			"display_name": "RINAP 1 Tigl. III 18",
			"dynastic_seat": "Assyria",
			"exemplars": "BM 118908 (Layard, MS C; 3 R pl. 10 no. 1a)",
			"genre": "Royal Inscription",
			"id_composite": "Q003431",
			"language": "Akkadian",
			"material": "stone",
			"object_type": "wall slab (with reliefs)",
			"period": "Neo-Assyrian",
			"pleiades_id": "894019",
			"popular_name": "Unit 18 (A,8) / Ann. 5",
			"primary_publication": "Tiglath-pileser III 18",
			"provenience": "Nimrud (Kalhu)",
			"ruler": "Tiglath-pileser III",
			"script": "Neo-Assyrian",
			"script_remarks": "inscribed",
			"script_type": "Cuneiform",
			"subgenre": "Tiglath-pileser III",
			"supergenre": "LIT"
		},
		"geometry": {
			"type": "Point",
			"coordinates": [43.3275,36.099167]
		}
	}, {
		"type": "Feature",
		"properties": {
			"cdli_id": "P466003",
			"collection": "British Museum, London, UK",
			"credits": "Created by Hayim Tadmor, Shigeo Yamada, Jamie Novotny, and the Royal Inscriptions of the Neo-Assyrian Period (RINAP) Project, 2011. Lemmatized by Jamie Novotny, 2010, for the NEH-funded RINAP Project at the University of Pennsylvania. The annotated edition is released under the Creative Commons Attribution Share-Alike license 3.0. Please cite this page as http://oracc.org/rinap/Q003432/.",
			"date_of_origin": "744-727",
			"designation": "Tiglath-pileser III 19",
			"display_name": "RINAP 1 Tigl. III 19",
			"dynastic_seat": "Assyria",
			"exemplars": "BM 118908 (Layard, MS C; 3 R pl. 10 no. 1b)",
			"genre": "Royal Inscription",
			"id_composite": "Q003432",
			"language": "Akkadian",
			"material": "stone",
			"object_type": "wall slab (with reliefs)",
			"period": "Neo-Assyrian",
			"pleiades_id": "894019",
			"popular_name": "Unit 19 (A,9) / Ann. 6",
			"primary_publication": "Tiglath-pileser III 19",
			"provenience": "Nimrud (Kalhu)",
			"ruler": "Tiglath-pileser III",
			"script": "Neo-Assyrian",
			"script_remarks": "inscribed",
			"script_type": "Cuneiform",
			"subgenre": "Tiglath-pileser III",
			"supergenre": "LIT"
		},
		"geometry": {
			"type": "Point",
			"coordinates": [43.3275,36.099167]
		}
	}, {
		"type": "Feature",
		"properties": {
			"cdli_id": "P463057",
			"credits": "Created by Hayim Tadmor, Shigeo Yamada, Jamie Novotny, and the Royal Inscriptions of the Neo-Assyrian Period (RINAP) Project, 2011. Lemmatized by Jamie Novotny, 2010, for the NEH-funded RINAP Project at the University of Pennsylvania. The annotated edition is released under the Creative Commons Attribution Share-Alike license 3.0. Please cite this page as http://oracc.org/rinap/Q003433/.",
			"date_of_origin": "744-727",
			"designation": "Tiglath-pileser III 20",
			"display_name": "RINAP 1 Tigl. III 20",
			"dynastic_seat": "Assyria",
			"exemplars": "Layard, MS A pp. 115-116 (Rawlinson, Notebook 1 fols. 121r-120v; G. Smith, Notebook 17 fols. 29v-30r)",
			"genre": "Royal Inscription",
			"id_composite": "Q003433",
			"language": "Akkadian",
			"material": "stone",
			"object_type": "wall slab (with reliefs)",
			"period": "Neo-Assyrian",
			"pleiades_id": "894019",
			"popular_name": "Unit 20 (C,9) / Ann. 23",
			"primary_publication": "Tiglath-pileser III 20",
			"provenience": "Nimrud (Kalhu)",
			"ruler": "Tiglath-pileser III",
			"script": "Neo-Assyrian",
			"script_remarks": "inscribed",
			"script_type": "Cuneiform",
			"subgenre": "Tiglath-pileser III",
			"supergenre": "LIT"
		},
		"geometry": {
			"type": "Point",
			"coordinates": [43.3275,36.099167]
		}
	}, {
		"type": "Feature",
		"properties": {
			"cdli_id": "P463057",
			"credits": "Created by Hayim Tadmor, Shigeo Yamada, Jamie Novotny, and the Royal Inscriptions of the Neo-Assyrian Period (RINAP) Project, 2011. Lemmatized by Jamie Novotny, 2010, for the NEH-funded RINAP Project at the University of Pennsylvania. The annotated edition is released under the Creative Commons Attribution Share-Alike license 3.0. Please cite this page as http://oracc.org/rinap/Q003434/.",
			"date_of_origin": "744-727",
			"designation": "Tiglath-pileser III 21",
			"display_name": "RINAP 1 Tigl. III 21",
			"dynastic_seat": "Assyria",
			"exemplars": "Layard, MS A p. 116, right side (G. Smith, Notebook 5 fol. 61v)",
			"genre": "Royal Inscription",
			"id_composite": "Q003434",
			"language": "Akkadian",
			"material": "stone",
			"object_type": "wall slab (with reliefs)",
			"period": "Neo-Assyrian",
			"pleiades_id": "894019",
			"popular_name": "Unit 21 (C,10) / Ann. 24",
			"primary_publication": "Tiglath-pileser III 21",
			"provenience": "Nimrud (Kalhu)",
			"ruler": "Tiglath-pileser III",
			"script": "Neo-Assyrian",
			"script_remarks": "inscribed",
			"script_type": "Cuneiform",
			"subgenre": "Tiglath-pileser III",
			"supergenre": "LIT"
		},
		"geometry": {
			"type": "Point",
			"coordinates": [43.3275,36.099167]
		}
	}, {
		"type": "Feature",
		"properties": {
			"cdli_id": "P463058",
			"credits": "Created by Hayim Tadmor, Shigeo Yamada, Jamie Novotny, and the Royal Inscriptions of the Neo-Assyrian Period (RINAP) Project, 2011. Lemmatized by Jamie Novotny, 2010, for the NEH-funded RINAP Project at the University of Pennsylvania. The annotated edition is released under the Creative Commons Attribution Share-Alike license 3.0. Please cite this page as http://oracc.org/rinap/Q003435/.",
			"date_of_origin": "744-727",
			"designation": "Tiglath-pileser III 22",
			"display_name": "RINAP 1 Tigl. III 22",
			"dynastic_seat": "Assyria",
			"exemplars": "Layard, MS A p. 69 (Layard, ICC p. 29 bottom; G. Smith, Notebook 5 fol. 61v)",
			"genre": "Royal Inscription",
			"id_composite": "Q003435",
			"language": "Akkadian",
			"material": "stone",
			"object_type": "wall slab (with reliefs)",
			"period": "Neo-Assyrian",
			"pleiades_id": "894019",
			"popular_name": "Unit 22 (C,11) / Ann. 18",
			"primary_publication": "Tiglath-pileser III 22",
			"provenience": "Nimrud (Kalhu)",
			"ruler": "Tiglath-pileser III",
			"script": "Neo-Assyrian",
			"script_remarks": "inscribed",
			"script_type": "Cuneiform",
			"subgenre": "Tiglath-pileser III",
			"supergenre": "LIT"
		},
		"geometry": {
			"type": "Point",
			"coordinates": [43.3275,36.099167]
		}
	}, {
		"type": "Feature",
		"properties": {
			"cdli_id": "P463059",
			"credits": "Created by Hayim Tadmor, Shigeo Yamada, Jamie Novotny, and the Royal Inscriptions of the Neo-Assyrian Period (RINAP) Project, 2011. Lemmatized by Jamie Novotny, 2010, for the NEH-funded RINAP Project at the University of Pennsylvania. The annotated edition is released under the Creative Commons Attribution Share-Alike license 3.0. Please cite this page as http://oracc.org/rinap/Q003436/.",
			"date_of_origin": "744-727",
			"designation": "Tiglath-pileser III 23",
			"display_name": "RINAP 1 Tigl. III 23",
			"dynastic_seat": "Assyria",
			"exemplars": "Layard, MS A p. 130 (Layard, ICC p. 34 bottom)",
			"genre": "Royal Inscription",
			"id_composite": "Q003436",
			"language": "Akkadian",
			"material": "stone",
			"object_type": "wall slab (with reliefs)",
			"period": "Neo-Assyrian",
			"pleiades_id": "894019",
			"popular_name": "Unit 23 (A,10) / Ann. 7",
			"primary_publication": "Tiglath-pileser III 23",
			"provenience": "Nimrud (Kalhu)",
			"ruler": "Tiglath-pileser III",
			"script": "Neo-Assyrian",
			"script_remarks": "inscribed",
			"script_type": "Cuneiform",
			"subgenre": "Tiglath-pileser III",
			"supergenre": "LIT"
		},
		"geometry": {
			"type": "Point",
			"coordinates": [43.3275,36.099167]
		}
	}, {
		"type": "Feature",
		"properties": {
			"cdli_id": "P463059",
			"credits": "Created by Hayim Tadmor, Shigeo Yamada, Jamie Novotny, and the Royal Inscriptions of the Neo-Assyrian Period (RINAP) Project, 2011. Lemmatized by Jamie Novotny, 2010, for the NEH-funded RINAP Project at the University of Pennsylvania. The annotated edition is released under the Creative Commons Attribution Share-Alike license 3.0. Please cite this page as http://oracc.org/rinap/Q003437/.",
			"date_of_origin": "744-727",
			"designation": "Tiglath-pileser III 24",
			"display_name": "RINAP 1 Tigl. III 24",
			"dynastic_seat": "Assyria",
			"exemplars": "Layard, MS A p. 130 (Layard, ICC p. 34 middle)",
			"genre": "Royal Inscription",
			"id_composite": "Q003437",
			"language": "Akkadian",
			"material": "stone",
			"object_type": "wall slab (with reliefs)",
			"period": "Neo-Assyrian",
			"pleiades_id": "894019",
			"popular_name": "Unit 24 (A,11) / Ann. 11",
			"primary_publication": "Tiglath-pileser III 24",
			"provenience": "Nimrud (Kalhu)",
			"ruler": "Tiglath-pileser III",
			"script": "Neo-Assyrian",
			"script_remarks": "inscribed",
			"script_type": "Cuneiform",
			"subgenre": "Tiglath-pileser III",
			"supergenre": "LIT"
		},
		"geometry": {
			"type": "Point",
			"coordinates": [43.3275,36.099167]
		}
	}, {
		"type": "Feature",
		"properties": {
			"cdli_id": "P463060",
			"credits": "Created by Hayim Tadmor, Shigeo Yamada, Jamie Novotny, and the Royal Inscriptions of the Neo-Assyrian Period (RINAP) Project, 2011. Lemmatized by Jamie Novotny, 2010, for the NEH-funded RINAP Project at the University of Pennsylvania. The annotated edition is released under the Creative Commons Attribution Share-Alike license 3.0. Please cite this page as http://oracc.org/rinap/Q003438/.",
			"date_of_origin": "744-727",
			"designation": "Tiglath-pileser III 25",
			"display_name": "RINAP 1 Tigl. III 25",
			"dynastic_seat": "Assyria",
			"exemplars": "Rawlinson, Notebook 1 fols. 119r-118v",
			"genre": "Royal Inscription",
			"id_composite": "Q003438",
			"language": "Akkadian",
			"material": "stone",
			"object_type": "wall slab (with reliefs)",
			"period": "Neo-Assyrian",
			"pleiades_id": "894019",
			"popular_name": "Unit 25 (C,12) / Ann. 28",
			"primary_publication": "Tiglath-pileser III 25",
			"provenience": "Nimrud (Kalhu)",
			"ruler": "Tiglath-pileser III",
			"script": "Neo-Assyrian",
			"script_remarks": "inscribed",
			"script_type": "Cuneiform",
			"subgenre": "Tiglath-pileser III",
			"supergenre": "LIT"
		},
		"geometry": {
			"type": "Point",
			"coordinates": [43.3275,36.099167]
		}
	}, {
		"type": "Feature",
		"properties": {
			"cdli_id": "P466002",
			"collection": "Archäologisches Institut der Universität Zürich, Zurich, Switzerland; Museum für Kunst und Gewerbe, Hamburg, Germany",
			"credits": "Created by Hayim Tadmor, Shigeo Yamada, Jamie Novotny, and the Royal Inscriptions of the Neo-Assyrian Period (RINAP) Project, 2011. Lemmatized by Jamie Novotny, 2010, for the NEH-funded RINAP Project at the University of Pennsylvania. The annotated edition is released under the Creative Commons Attribution Share-Alike license 3.0. Please cite this page as http://oracc.org/rinap/Q003439/.",
			"date_of_origin": "744-727",
			"designation": "Tiglath-pileser III 26",
			"display_name": "RINAP 1 Tigl. III 26",
			"dynastic_seat": "Assyria",
			"exemplars": "ZhArchSlg 1919 (+) Hamburg 1966, 130/St. 246 (Layard, MS A p. 133; Layard, ICC p. 69 bottom left)",
			"genre": "Royal Inscription",
			"id_composite": "Q003439",
			"language": "Akkadian",
			"material": "stone",
			"object_type": "wall slab (with reliefs)",
			"period": "Neo-Assyrian",
			"pleiades_id": "894019",
			"popular_name": "Unit 26 (A,5) / Ann. 2",
			"primary_publication": "Tiglath-pileser III 26",
			"provenience": "Nimrud (Kalhu)",
			"ruler": "Tiglath-pileser III",
			"script": "Neo-Assyrian",
			"script_remarks": "inscribed",
			"script_type": "Cuneiform",
			"subgenre": "Tiglath-pileser III",
			"supergenre": "LIT"
		},
		"geometry": {
			"type": "Point",
			"coordinates": [43.3275,36.099167]
		}
	}, {
		"type": "Feature",
		"properties": {
			"cdli_id": "P466002",
			"collection": "British Museum, London, UK; Archäologisches Institut der Universität Zürich, Zurich, Switzerland; Museum für Kunst und Gewerbe, Hamburg, Germany",
			"credits": "Created by Hayim Tadmor, Shigeo Yamada, Jamie Novotny, and the Royal Inscriptions of the Neo-Assyrian Period (RINAP) Project, 2011. Lemmatized by Jamie Novotny, 2010, for the NEH-funded RINAP Project at the University of Pennsylvania. The annotated edition is released under the Creative Commons Attribution Share-Alike license 3.0. Please cite this page as http://oracc.org/rinap/Q003440/.",
			"date_of_origin": "744-727",
			"designation": "Tiglath-pileser III 27",
			"display_name": "RINAP 1 Tigl. III 27",
			"dynastic_seat": "Assyria",
			"exemplars": "BM 115634 (+) ZhArchSlg 1919 + ZhArchSlg 1920 (+) Hamburg 1966, 130/St. 246 (Layard, MS A pp. 133-134; Layard, ICC p. 69 bottom center + 69 top left)",
			"genre": "Royal Inscription",
			"id_composite": "Q003440",
			"language": "Akkadian",
			"material": "stone",
			"object_type": "wall slab (with reliefs)",
			"period": "Neo-Assyrian",
			"pleiades_id": "894019",
			"popular_name": "Unit 27 (A,6) / Ann. 3",
			"primary_publication": "Tiglath-pileser III 27",
			"provenience": "Nimrud (Kalhu)",
			"ruler": "Tiglath-pileser III",
			"script": "Neo-Assyrian",
			"script_remarks": "inscribed",
			"script_type": "Cuneiform",
			"subgenre": "Tiglath-pileser III",
			"supergenre": "LIT"
		},
		"geometry": {
			"type": "Point",
			"coordinates": [43.3275,36.099167]
		}
	}, {
		"type": "Feature",
		"properties": {
			"cdli_id": "P466002",
			"collection": "British Museum, London, UK; Archäologisches Institut der Universität Zürich, Zurich, Switzerland",
			"credits": "Created by Hayim Tadmor, Shigeo Yamada, Jamie Novotny, and the Royal Inscriptions of the Neo-Assyrian Period (RINAP) Project, 2011. Lemmatized by Jamie Novotny, 2010, for the NEH-funded RINAP Project at the University of Pennsylvania. The annotated edition is released under the Creative Commons Attribution Share-Alike license 3.0. Please cite this page as http://oracc.org/rinap/Q003441/.",
			"date_of_origin": "744-727",
			"designation": "Tiglath-pileser III 28",
			"display_name": "RINAP 1 Tigl. III 28",
			"dynastic_seat": "Assyria",
			"exemplars": "BM 115634 + BM 118903 (+) ZhArchSlg 1920 (Layard, MS A p. 133; Layard, ICC pp. 69 top right + 68 bottom)",
			"genre": "Royal Inscription",
			"id_composite": "Q003441",
			"language": "Akkadian",
			"material": "stone",
			"object_type": "wall slab (with reliefs)",
			"period": "Neo-Assyrian",
			"pleiades_id": "894019",
			"popular_name": "Unit 28 (A,7) / Ann. 4",
			"primary_publication": "Tiglath-pileser III 28",
			"provenience": "Nimrud (Kalhu)",
			"ruler": "Tiglath-pileser III",
			"script": "Neo-Assyrian",
			"script_remarks": "inscribed",
			"script_type": "Cuneiform",
			"subgenre": "Tiglath-pileser III",
			"supergenre": "LIT"
		},
		"geometry": {
			"type": "Point",
			"coordinates": [43.3275,36.099167]
		}
	}, {
		"type": "Feature",
		"properties": {
			"cdli_id": "P466002",
			"collection": "British Museum, London, UK",
			"credits": "Created by Hayim Tadmor, Shigeo Yamada, Jamie Novotny, and the Royal Inscriptions of the Neo-Assyrian Period (RINAP) Project, 2011. Lemmatized by Jamie Novotny, 2010, for the NEH-funded RINAP Project at the University of Pennsylvania. The annotated edition is released under the Creative Commons Attribution Share-Alike license 3.0. Please cite this page as http://oracc.org/rinap/Q003442/.",
			"date_of_origin": "744-727",
			"designation": "Tiglath-pileser III 29",
			"display_name": "RINAP 1 Tigl. III 29",
			"dynastic_seat": "Assyria",
			"exemplars": "BM 118903",
			"genre": "Royal Inscription",
			"id_composite": "Q003442",
			"language": "Akkadian",
			"material": "stone",
			"object_type": "wall slab (with reliefs)",
			"period": "Neo-Assyrian",
			"pleiades_id": "894019",
			"popular_name": "Unit 28x / Ann. 4x",
			"primary_publication": "Tiglath-pileser III 29",
			"provenience": "Nimrud (Kalhu)",
			"ruler": "Tiglath-pileser III",
			"script": "Neo-Assyrian",
			"script_remarks": "inscribed",
			"script_type": "Cuneiform",
			"subgenre": "Tiglath-pileser III",
			"supergenre": "LIT"
		},
		"geometry": {
			"type": "Point",
			"coordinates": [43.3275,36.099167]
		}
	}, {
		"type": "Feature",
		"properties": {
			"cdli_id": "P463061",
			"collection": "British Museum, London, UK",
			"credits": "Created by Hayim Tadmor, Shigeo Yamada, Jamie Novotny, and the Royal Inscriptions of the Neo-Assyrian Period (RINAP) Project, 2011. Lemmatized by Jamie Novotny, 2010, for the NEH-funded RINAP Project at the University of Pennsylvania. The annotated edition is released under the Creative Commons Attribution Share-Alike license 3.0. Please cite this page as http://oracc.org/rinap/Q003443/.",
			"date_of_origin": "744-727",
			"designation": "Tiglath-pileser III 30",
			"display_name": "RINAP 1 Tigl. III 30",
			"dynastic_seat": "Assyria",
			"exemplars": "BM 118899 + BM 118900 (G. Smith, Notebook 5 fol. 13r)",
			"genre": "Royal Inscription",
			"id_composite": "Q003443",
			"language": "Akkadian",
			"material": "stone",
			"object_type": "wall slab (with reliefs)",
			"period": "Neo-Assyrian",
			"pleiades_id": "894019",
			"popular_name": "Unit 29 (C,6) / Ann. 22",
			"primary_publication": "Tiglath-pileser III 30",
			"provenience": "Nimrud (Kalhu)",
			"ruler": "Tiglath-pileser III",
			"script": "Neo-Assyrian",
			"script_remarks": "inscribed",
			"script_type": "Cuneiform",
			"subgenre": "Tiglath-pileser III",
			"supergenre": "LIT"
		},
		"geometry": {
			"type": "Point",
			"coordinates": [43.3275,36.099167]
		}
	}, {
		"type": "Feature",
		"properties": {
			"cdli_id": "P463061",
			"credits": "Created by Hayim Tadmor, Shigeo Yamada, Jamie Novotny, and the Royal Inscriptions of the Neo-Assyrian Period (RINAP) Project, 2011. Lemmatized by Jamie Novotny, 2010, for the NEH-funded RINAP Project at the University of Pennsylvania. The annotated edition is released under the Creative Commons Attribution Share-Alike license 3.0. Please cite this page as http://oracc.org/rinap/Q003444/.",
			"date_of_origin": "744-727",
			"designation": "Tiglath-pileser III 31",
			"display_name": "RINAP 1 Tigl. III 31",
			"dynastic_seat": "Assyria",
			"exemplars": "Rawlinson, Notebook 2 fol. 4v (G. Smith, Notebook 5 fols. 13r-13v)",
			"genre": "Royal Inscription",
			"id_composite": "Q003444",
			"language": "Akkadian",
			"material": "stone",
			"object_type": "wall slab (with reliefs)",
			"period": "Neo-Assyrian",
			"pleiades_id": "894019",
			"popular_name": "Unit 30 (C,7) / Ann. 26",
			"primary_publication": "Tiglath-pileser III 31",
			"provenience": "Nimrud (Kalhu)",
			"ruler": "Tiglath-pileser III",
			"script": "Neo-Assyrian",
			"script_remarks": "inscribed",
			"script_type": "Cuneiform",
			"subgenre": "Tiglath-pileser III",
			"supergenre": "LIT"
		},
		"geometry": {
			"type": "Point",
			"coordinates": [43.3275,36.099167]
		}
	}, {
		"type": "Feature",
		"properties": {
			"cdli_id": "P463061",
			"credits": "Created by Hayim Tadmor, Shigeo Yamada, Jamie Novotny, and the Royal Inscriptions of the Neo-Assyrian Period (RINAP) Project, 2011. Lemmatized by Jamie Novotny, 2010, for the NEH-funded RINAP Project at the University of Pennsylvania. The annotated edition is released under the Creative Commons Attribution Share-Alike license 3.0. Please cite this page as http://oracc.org/rinap/Q003445/.",
			"date_of_origin": "744-727",
			"designation": "Tiglath-pileser III 32",
			"display_name": "RINAP 1 Tigl. III 32",
			"dynastic_seat": "Assyria",
			"exemplars": "Rawlinson, Notebook 2 fols. 5v-6r",
			"genre": "Royal Inscription",
			"id_composite": "Q003445",
			"language": "Akkadian",
			"material": "stone",
			"object_type": "wall slab (with reliefs)",
			"period": "Neo-Assyrian",
			"pleiades_id": "894019",
			"popular_name": "Unit 31 (C,8) / Ann. 27",
			"primary_publication": "Tiglath-pileser III 32",
			"provenience": "Nimrud (Kalhu)",
			"ruler": "Tiglath-pileser III",
			"script": "Neo-Assyrian",
			"script_remarks": "inscribed",
			"script_type": "Cuneiform",
			"subgenre": "Tiglath-pileser III",
			"supergenre": "LIT"
		},
		"geometry": {
			"type": "Point",
			"coordinates": [43.3275,36.099167]
		}
	}, {
		"type": "Feature",
		"properties": {
			"cdli_id": "P463062",
			"credits": "Created by Hayim Tadmor, Shigeo Yamada, Jamie Novotny, and the Royal Inscriptions of the Neo-Assyrian Period (RINAP) Project, 2011. Lemmatized by Jamie Novotny, 2010, for the NEH-funded RINAP Project at the University of Pennsylvania. The annotated edition is released under the Creative Commons Attribution Share-Alike license 3.0. Please cite this page as http://oracc.org/rinap/Q003446/.",
			"date_of_origin": "744-727",
			"designation": "Tiglath-pileser III 33",
			"display_name": "RINAP 1 Tigl. III 33",
			"dynastic_seat": "Assyria",
			"exemplars": "NA 19/76",
			"genre": "Royal Inscription",
			"id_composite": "Q003446",
			"language": "Akkadian",
			"material": "stone",
			"object_type": "wall slab (with reliefs)",
			"period": "Neo-Assyrian",
			"pleiades_id": "894019",
			"popular_name": "Unit 32 (C,x)",
			"primary_publication": "Tiglath-pileser III 33",
			"provenience": "Nimrud (Kalhu)",
			"ruler": "Tiglath-pileser III",
			"script": "Neo-Assyrian",
			"script_remarks": "inscribed",
			"script_type": "Cuneiform",
			"subgenre": "Tiglath-pileser III",
			"supergenre": "LIT"
		},
		"geometry": {
			"type": "Point",
			"coordinates": [43.3275,36.099167]
		}
	}, {
		"type": "Feature",
		"properties": {
			"cdli_id": "P463063",
			"credits": "Created by Hayim Tadmor, Shigeo Yamada, Jamie Novotny, and the Royal Inscriptions of the Neo-Assyrian Period (RINAP) Project, 2011. Lemmatized by Jamie Novotny, 2010, for the NEH-funded RINAP Project at the University of Pennsylvania. The annotated edition is released under the Creative Commons Attribution Share-Alike license 3.0. Please cite this page as http://oracc.org/rinap/Q003447/.",
			"date_of_origin": "744-727",
			"designation": "Tiglath-pileser III 34",
			"display_name": "RINAP 1 Tigl. III 34",
			"dynastic_seat": "Assyria",
			"exemplars": "NA 32/76",
			"genre": "Royal Inscription",
			"id_composite": "Q003447",
			"language": "Akkadian",
			"material": "stone",
			"object_type": "wall slab (with reliefs)",
			"period": "Neo-Assyrian",
			"pleiades_id": "894019",
			"popular_name": "Unit 33 (C,y)",
			"primary_publication": "Tiglath-pileser III 34",
			"provenience": "Nimrud (Kalhu)",
			"ruler": "Tiglath-pileser III",
			"script": "Neo-Assyrian",
			"script_remarks": "inscribed",
			"script_type": "Cuneiform",
			"subgenre": "Tiglath-pileser III",
			"supergenre": "LIT"
		},
		"geometry": {
			"type": "Point",
			"coordinates": [43.3275,36.099167]
		}
	}, {
		"type": "Feature",
		"properties": {
			"cdli_id": "P463064",
			"collection": "The Israel Museum, Jerusalem; Private Collection: H. Mahboubian",
			"credits": "Created by Hayim Tadmor, Shigeo Yamada, Jamie Novotny, and the Royal Inscriptions of the Neo-Assyrian Period (RINAP) Project, 2011. Lemmatized by Jamie Novotny, 2010, for the NEH-funded RINAP Project at the University of Pennsylvania. The annotated edition is released under the Creative Commons Attribution Share-Alike license 3.0. Please cite this page as http://oracc.org/rinap/Q003448/.",
			"date_of_origin": "744-727",
			"designation": "Tiglath-pileser III 35",
			"display_name": "RINAP 1 Tigl. III 35",
			"dynastic_seat": "Assyria",
			"exemplars": "IMJ 74.049.0096a (+) IMJ 74.049.0096b + private collection (H. Mahboubian)",
			"genre": "Royal Inscription",
			"id_composite": "Q003448",
			"language": "Akkadian",
			"material": "stone",
			"object_type": "stele",
			"period": "Neo-Assyrian",
			"pleiades_id": "191400484",
			"popular_name": "Iran Stele",
			"primary_publication": "Tiglath-pileser III 35",
			"provenience": "Luristan",
			"ruler": "Tiglath-pileser III",
			"script": "Neo-Assyrian",
			"script_remarks": "inscribed",
			"script_type": "Cuneiform",
			"subgenre": "Tiglath-pileser III",
			"supergenre": "LIT"
		},
		"geometry": {
			"type": "Point",
			"coordinates": [48.4,33.6]
		}
	}, {
		"type": "Feature",
		"properties": {
			"cdli_id": "P463065",
			"collection": "National Museum of Iraq, Baghdad, Iraq",
			"credits": "Created by Hayim Tadmor, Shigeo Yamada, Jamie Novotny, and the Royal Inscriptions of the Neo-Assyrian Period (RINAP) Project, 2011. Lemmatized by Jamie Novotny, 2010, for the NEH-funded RINAP Project at the University of Pennsylvania. The annotated edition is released under the Creative Commons Attribution Share-Alike license 3.0. Please cite this page as http://oracc.org/rinap/Q003449/.",
			"date_of_origin": "744-727",
			"designation": "Tiglath-pileser III 36",
			"display_name": "RINAP 1 Tigl. III 36",
			"dynastic_seat": "Assyria",
			"exemplars": "IM 060497B (ND 05571)",
			"genre": "Royal Inscription",
			"id_composite": "Q003449",
			"language": "Akkadian",
			"material": "stone",
			"object_type": "anthropomorphic statue",
			"period": "Neo-Assyrian",
			"pleiades_id": "894019",
			"popular_name": "IM 60497B",
			"primary_publication": "Tiglath-pileser III 36",
			"provenience": "Nimrud (Kalhu)",
			"ruler": "Tiglath-pileser III",
			"script": "Neo-Assyrian",
			"script_remarks": "inscribed",
			"script_type": "Cuneiform",
			"subgenre": "Tiglath-pileser III",
			"supergenre": "LIT"
		},
		"geometry": {
			"type": "Point",
			"coordinates": [43.3275,36.099167]
		}
	}, {
		"type": "Feature",
		"properties": {
			"cdli_id": "P463066",
			"credits": "Created by Hayim Tadmor, Shigeo Yamada, Jamie Novotny, and the Royal Inscriptions of the Neo-Assyrian Period (RINAP) Project, 2011. Lemmatized by Jamie Novotny, 2010, for the NEH-funded RINAP Project at the University of Pennsylvania. The annotated edition is released under the Creative Commons Attribution Share-Alike license 3.0. Please cite this page as http://oracc.org/rinap/Q003450/.",
			"date_of_origin": "744-727",
			"designation": "Tiglath-pileser III 37",
			"display_name": "RINAP 1 Tigl. III 37",
			"dynastic_seat": "Assyria",
			"exemplars": "Postgate, Sumer 29 figs. 1-7",
			"genre": "Royal Inscription",
			"id_composite": "Q003450",
			"language": "Akkadian",
			"material": "stone",
			"object_type": "rock face",
			"period": "Neo-Assyrian",
			"pleiades_id": "649834357",
			"popular_name": "Mila Mergi Rock Relief",
			"primary_publication": "Tiglath-pileser III 37",
			"provenience": "Mila Mergi",
			"ruler": "Tiglath-pileser III",
			"script": "Neo-Assyrian",
			"script_remarks": "inscribed",
			"script_type": "Cuneiform",
			"subgenre": "Tiglath-pileser III",
			"supergenre": "LIT"
		},
		"geometry": {
			"type": "Point",
			"coordinates": [42.9135000,37.0058333]
		}
	}, {
		"type": "Feature",
		"properties": {
			"cdli_id": "P463067",
			"collection": "Vorderasiatisches Museum, Berlin, Germany",
			"credits": "Created by Hayim Tadmor, Shigeo Yamada, Jamie Novotny, and the Royal Inscriptions of the Neo-Assyrian Period (RINAP) Project, 2011. Lemmatized by Jamie Novotny, 2010, for the NEH-funded RINAP Project at the University of Pennsylvania. The annotated edition is released under the Creative Commons Attribution Share-Alike license 3.0. Please cite this page as http://oracc.org/rinap/Q003451/.",
			"date_of_origin": "744-727",
			"designation": "Tiglath-pileser III 38",
			"display_name": "RINAP 1 Tigl. III 38",
			"dynastic_seat": "Assyria",
			"exemplars": "VAT 12938 (Ass 14326)",
			"genre": "Royal Inscription",
			"id_composite": "Q003451",
			"language": "Akkadian",
			"material": "clay",
			"object_type": "uncertain",
			"period": "Neo-Assyrian",
			"pleiades_id": "893945",
			"popular_name": "VAT 12938",
			"primary_publication": "Tiglath-pileser III 38",
			"provenience": "Qalat Sherqat (Assur)",
			"ruler": "Tiglath-pileser III",
			"script": "Neo-Assyrian",
			"script_remarks": "inscribed",
			"script_type": "Cuneiform",
			"subgenre": "Tiglath-pileser III",
			"supergenre": "LIT"
		},
		"geometry": {
			"type": "Point",
			"coordinates": [43.262037,35.458121]
		}
	}, {
		"type": "Feature",
		"properties": {
			"cdli_id": "P463068",
			"collection": "British Museum, London, UK",
			"credits": "Created by Hayim Tadmor, Shigeo Yamada, Jamie Novotny, and the Royal Inscriptions of the Neo-Assyrian Period (RINAP) Project, 2011. Lemmatized by Jamie Novotny, 2010, for the NEH-funded RINAP Project at the University of Pennsylvania. The annotated edition is released under the Creative Commons Attribution Share-Alike license 3.0. Please cite this page as http://oracc.org/rinap/Q003452/.",
			"date_of_origin": "744-727",
			"designation": "Tiglath-pileser III 39",
			"display_name": "RINAP 1 Tigl. III 39",
			"dynastic_seat": "Assyria",
			"exemplars": "BM 118936 (Layard, MS A pp. 127-128)",
			"genre": "Royal Inscription",
			"id_composite": "Q003452",
			"language": "Akkadian",
			"material": "stone",
			"object_type": "slab",
			"period": "Neo-Assyrian",
			"pleiades_id": "894019",
			"popular_name": "Summ. 1",
			"primary_publication": "Tiglath-pileser III 39",
			"provenience": "Nimrud (Kalhu)",
			"ruler": "Tiglath-pileser III",
			"script": "Neo-Assyrian",
			"script_remarks": "inscribed",
			"script_type": "Cuneiform",
			"subgenre": "Tiglath-pileser III",
			"supergenre": "LIT"
		},
		"geometry": {
			"type": "Point",
			"coordinates": [43.3275,36.099167]
		}
	}, {
		"type": "Feature",
		"properties": {
			"cdli_id": "P463069",
			"collection": "British Museum, London, UK",
			"credits": "Created by Hayim Tadmor, Shigeo Yamada, Jamie Novotny, and the Royal Inscriptions of the Neo-Assyrian Period (RINAP) Project, 2011. Lemmatized by Jamie Novotny, 2010, for the NEH-funded RINAP Project at the University of Pennsylvania. The annotated edition is released under the Creative Commons Attribution Share-Alike license 3.0. Please cite this page as http://oracc.org/rinap/Q003453/.",
			"date_of_origin": "744-727",
			"designation": "Tiglath-pileser III 40",
			"display_name": "RINAP 1 Tigl. III 40",
			"dynastic_seat": "Assyria",
			"exemplars": "BM 000126a (Loftus, Notebook pp. 16-17; G. Smith, Reports)",
			"genre": "Royal Inscription",
			"id_composite": "Q003453",
			"language": "Akkadian",
			"material": "stone",
			"object_type": "slab",
			"period": "Neo-Assyrian",
			"pleiades_id": "894019",
			"popular_name": "Summ. 2",
			"primary_publication": "Tiglath-pileser III 40",
			"provenience": "Nimrud (Kalhu)",
			"ruler": "Tiglath-pileser III",
			"script": "Neo-Assyrian",
			"script_remarks": "inscribed",
			"script_type": "Cuneiform",
			"subgenre": "Tiglath-pileser III",
			"supergenre": "LIT"
		},
		"geometry": {
			"type": "Point",
			"coordinates": [43.3275,36.099167]
		}
	}, {
		"type": "Feature",
		"properties": {
			"cdli_id": "P463070",
			"collection": "British Museum, London, UK",
			"credits": "Created by Hayim Tadmor, Shigeo Yamada, Jamie Novotny, and the Royal Inscriptions of the Neo-Assyrian Period (RINAP) Project, 2011. Lemmatized by Jamie Novotny, 2010, for the NEH-funded RINAP Project at the University of Pennsylvania. The annotated edition is released under the Creative Commons Attribution Share-Alike license 3.0. Please cite this page as http://oracc.org/rinap/Q003454/.",
			"date_of_origin": "744-727",
			"designation": "Tiglath-pileser III 41",
			"display_name": "RINAP 1 Tigl. III 41",
			"dynastic_seat": "Assyria",
			"exemplars": "BM 000126b (Loftus, Notebook pp. 12-15; G. Smith, Notebook 5 fols. 5r-5v)",
			"genre": "Royal Inscription",
			"id_composite": "Q003454",
			"language": "Akkadian",
			"material": "stone",
			"object_type": "slab",
			"period": "Neo-Assyrian",
			"pleiades_id": "894019",
			"popular_name": "Summ. 3",
			"primary_publication": "Tiglath-pileser III 41",
			"provenience": "Nimrud (Kalhu)",
			"ruler": "Tiglath-pileser III",
			"script": "Neo-Assyrian",
			"script_remarks": "inscribed",
			"script_type": "Cuneiform",
			"subgenre": "Tiglath-pileser III",
			"supergenre": "LIT"
		},
		"geometry": {
			"type": "Point",
			"coordinates": [43.3275,36.099167]
		}
	}, {
		"type": "Feature",
		"properties": {
			"cdli_id": "P463071",
			"collection": "British Museum, London, UK",
			"credits": "Created by Hayim Tadmor, Shigeo Yamada, Jamie Novotny, and the Royal Inscriptions of the Neo-Assyrian Period (RINAP) Project, 2011. Lemmatized by Jamie Novotny, 2010, for the NEH-funded RINAP Project at the University of Pennsylvania. The annotated edition is released under the Creative Commons Attribution Share-Alike license 3.0. Please cite this page as http://oracc.org/rinap/Q003455/.",
			"date_of_origin": "744-727",
			"designation": "Tiglath-pileser III 42",
			"display_name": "RINAP 1 Tigl. III 42",
			"dynastic_seat": "Assyria",
			"exemplars": "BM 000116a-b + BM 000122 + BM 000124a-b + BM 000125a-b (G. Smith, Notebook 5 fols. 10r-11r and 13v; G. Smith, Notebook 5 fols. 62v-64r; 3 R pl. 10 no. 2)",
			"genre": "Royal Inscription",
			"id_composite": "Q003455",
			"language": "Akkadian",
			"material": "stone",
			"object_type": "slab",
			"period": "Neo-Assyrian",
			"pleiades_id": "894019",
			"popular_name": "Summ. 4",
			"primary_publication": "Tiglath-pileser III 42",
			"provenience": "Nimrud (Kalhu)",
			"ruler": "Tiglath-pileser III",
			"script": "Neo-Assyrian",
			"script_remarks": "inscribed",
			"script_type": "Cuneiform",
			"subgenre": "Tiglath-pileser III",
			"supergenre": "LIT"
		},
		"geometry": {
			"type": "Point",
			"coordinates": [43.3275,36.099167]
		}
	}, {
		"type": "Feature",
		"properties": {
			"cdli_id": "P463072",
			"collection": "British Museum, London, UK",
			"credits": "Created by Hayim Tadmor, Shigeo Yamada, Jamie Novotny, and the Royal Inscriptions of the Neo-Assyrian Period (RINAP) Project, 2011. Lemmatized by Jamie Novotny, 2010, for the NEH-funded RINAP Project at the University of Pennsylvania. The annotated edition is released under the Creative Commons Attribution Share-Alike license 3.0. Please cite this page as http://oracc.org/rinap/Q003456/.",
			"date_of_origin": "744-727",
			"designation": "Tiglath-pileser III 43",
			"display_name": "RINAP 1 Tigl. III 43",
			"dynastic_seat": "Assyria",
			"exemplars": "BM 000118 (Rawlinson, Notebook 2 fols. 8v-9r; 3 R pl. 10 no. 3)",
			"genre": "Royal Inscription",
			"id_composite": "Q003456",
			"language": "Akkadian",
			"material": "stone",
			"object_type": "slab",
			"period": "Neo-Assyrian",
			"pleiades_id": "894019",
			"popular_name": "Summ. 5",
			"primary_publication": "Tiglath-pileser III 43",
			"provenience": "Nimrud (Kalhu)",
			"ruler": "Tiglath-pileser III",
			"script": "Neo-Assyrian",
			"script_remarks": "inscribed",
			"script_type": "Cuneiform",
			"subgenre": "Tiglath-pileser III",
			"supergenre": "LIT"
		},
		"geometry": {
			"type": "Point",
			"coordinates": [43.3275,36.099167]
		}
	}, {
		"type": "Feature",
		"properties": {
			"cdli_id": "P463073",
			"credits": "Created by Hayim Tadmor, Shigeo Yamada, Jamie Novotny, and the Royal Inscriptions of the Neo-Assyrian Period (RINAP) Project, 2011. Lemmatized by Jamie Novotny, 2010, for the NEH-funded RINAP Project at the University of Pennsylvania. The annotated edition is released under the Creative Commons Attribution Share-Alike license 3.0. Please cite this page as http://oracc.org/rinap/Q003457/.",
			"date_of_origin": "744-727",
			"designation": "Tiglath-pileser III 44",
			"display_name": "RINAP 1 Tigl. III 44",
			"dynastic_seat": "Assyria",
			"exemplars": "Layard, MS A p. 68 (Layard, ICC p. 66; Rawlinson, Notebook 1 fols. 122r-121v)",
			"genre": "Royal Inscription",
			"id_composite": "Q003457",
			"language": "Akkadian",
			"material": "stone",
			"object_type": "slab",
			"period": "Neo-Assyrian",
			"pleiades_id": "894019",
			"popular_name": "Summ. 13",
			"primary_publication": "Tiglath-pileser III 44",
			"provenience": "Nimrud (Kalhu)",
			"ruler": "Tiglath-pileser III",
			"script": "Neo-Assyrian",
			"script_remarks": "inscribed",
			"script_type": "Cuneiform",
			"subgenre": "Tiglath-pileser III",
			"supergenre": "LIT"
		},
		"geometry": {
			"type": "Point",
			"coordinates": [43.3275,36.099167]
		}
	}, {
		"type": "Feature",
		"properties": {
			"cdli_id": "P463074",
			"credits": "Created by Hayim Tadmor, Shigeo Yamada, Jamie Novotny, and the Royal Inscriptions of the Neo-Assyrian Period (RINAP) Project, 2011. Lemmatized by Jamie Novotny, 2010, for the NEH-funded RINAP Project at the University of Pennsylvania. The annotated edition is released under the Creative Commons Attribution Share-Alike license 3.0. Please cite this page as http://oracc.org/rinap/Q003458/.",
			"date_of_origin": "744-727",
			"designation": "Tiglath-pileser III 45",
			"display_name": "RINAP 1 Tigl. III 45",
			"dynastic_seat": "Assyria",
			"exemplars": "G. Smith, Notebook 5 fol. 11r bottom",
			"genre": "Royal Inscription",
			"id_composite": "Q003458",
			"language": "Akkadian",
			"material": "stone",
			"object_type": "slab",
			"period": "Neo-Assyrian",
			"pleiades_id": "894019",
			"popular_name": "Summ. 14",
			"primary_publication": "Tiglath-pileser III 45",
			"provenience": "Nimrud (Kalhu)",
			"ruler": "Tiglath-pileser III",
			"script": "Neo-Assyrian",
			"script_remarks": "inscribed",
			"script_type": "Cuneiform",
			"subgenre": "Tiglath-pileser III",
			"supergenre": "LIT"
		},
		"geometry": {
			"type": "Point",
			"coordinates": [43.3275,36.099167]
		}
	}, {
		"type": "Feature",
		"properties": {
			"cdli_id": "P463075",
			"collection": "British Museum, London, UK",
			"credits": "Created by Hayim Tadmor, Shigeo Yamada, Jamie Novotny, and the Royal Inscriptions of the Neo-Assyrian Period (RINAP) Project, 2011. Lemmatized by Jamie Novotny, 2010, for the NEH-funded RINAP Project at the University of Pennsylvania. The annotated edition is released under the Creative Commons Attribution Share-Alike license 3.0. Please cite this page as http://oracc.org/rinap/Q003459/.",
			"date_of_origin": "744-727",
			"designation": "Tiglath-pileser III 46",
			"display_name": "RINAP 1 Tigl. III 46",
			"dynastic_seat": "Assyria",
			"exemplars": "1883-01-18, 0215",
			"genre": "Royal Inscription",
			"id_composite": "Q003459",
			"language": "Akkadian",
			"material": "clay",
			"object_type": "tablet",
			"period": "Neo-Assyrian",
			"pleiades_id": "894019",
			"popular_name": "Summ. 6",
			"primary_publication": "Tiglath-pileser III 46",
			"provenience": "Nimrud (Kalhu)",
			"ruler": "Tiglath-pileser III",
			"script": "Neo-Assyrian",
			"script_remarks": "inscribed",
			"script_type": "Cuneiform",
			"subgenre": "Tiglath-pileser III",
			"supergenre": "LIT"
		},
		"geometry": {
			"type": "Point",
			"coordinates": [43.3275,36.099167]
		}
	}, {
		"type": "Feature",
		"properties": {
			"cdli_id": "P463076",
			"collection": "British Museum, London, UK",
			"credits": "Created by Hayim Tadmor, Shigeo Yamada, Jamie Novotny, and the Royal Inscriptions of the Neo-Assyrian Period (RINAP) Project, 2011. Lemmatized by Jamie Novotny, 2010, for the NEH-funded RINAP Project at the University of Pennsylvania. The annotated edition is released under the Creative Commons Attribution Share-Alike license 3.0. Please cite this page as http://oracc.org/rinap/Q003460/.",
			"date_of_origin": "744-727",
			"designation": "Tiglath-pileser III 47",
			"display_name": "RINAP 1 Tigl. III 47",
			"dynastic_seat": "Assyria",
			"exemplars": "K 03751",
			"genre": "Royal Inscription",
			"id_composite": "Q003460",
			"language": "Akkadian",
			"material": "clay",
			"object_type": "tablet",
			"period": "Neo-Assyrian",
			"pleiades_id": "894019",
			"popular_name": "Summ. 7",
			"primary_publication": "Tiglath-pileser III 47",
			"provenience": "Nimrud (Kalhu)",
			"ruler": "Tiglath-pileser III",
			"script": "Neo-Assyrian",
			"script_remarks": "inscribed",
			"script_type": "Cuneiform",
			"subgenre": "Tiglath-pileser III",
			"supergenre": "LIT"
		},
		"geometry": {
			"type": "Point",
			"coordinates": [43.3275,36.099167]
		}
	}, {
		"type": "Feature",
		"properties": {
			"cdli_id": "P463077",
			"collection": "British Museum, London, UK",
			"credits": "Created by Hayim Tadmor, Shigeo Yamada, Jamie Novotny, and the Royal Inscriptions of the Neo-Assyrian Period (RINAP) Project, 2011. Lemmatized by Jamie Novotny, 2010, for the NEH-funded RINAP Project at the University of Pennsylvania. The annotated edition is released under the Creative Commons Attribution Share-Alike license 3.0. Please cite this page as http://oracc.org/rinap/Q003461/.",
			"date_of_origin": "744-727",
			"designation": "Tiglath-pileser III 48",
			"display_name": "RINAP 1 Tigl. III 48",
			"dynastic_seat": "Assyria",
			"exemplars": "BM 131982 (ND 00400)",
			"genre": "Royal Inscription",
			"id_composite": "Q003461",
			"language": "Akkadian",
			"material": "clay",
			"object_type": "tablet",
			"period": "Neo-Assyrian",
			"pleiades_id": "894019",
			"popular_name": "Summ. 8",
			"primary_publication": "Tiglath-pileser III 48",
			"provenience": "Nimrud (Kalhu)",
			"ruler": "Tiglath-pileser III",
			"script": "Neo-Assyrian",
			"script_remarks": "inscribed",
			"script_type": "Cuneiform",
			"subgenre": "Tiglath-pileser III",
			"supergenre": "LIT"
		},
		"geometry": {
			"type": "Point",
			"coordinates": [43.3275,36.099167]
		}
	}, {
		"type": "Feature",
		"properties": {
			"cdli_id": "P463078",
			"collection": "National Museum of Iraq, Baghdad, Iraq",
			"credits": "Created by Hayim Tadmor, Shigeo Yamada, Jamie Novotny, and the Royal Inscriptions of the Neo-Assyrian Period (RINAP) Project, 2011. Lemmatized by Jamie Novotny, 2010, for the NEH-funded RINAP Project at the University of Pennsylvania. The annotated edition is released under the Creative Commons Attribution Share-Alike license 3.0. Please cite this page as http://oracc.org/rinap/Q003462/.",
			"date_of_origin": "744-727",
			"designation": "Tiglath-pileser III 49",
			"display_name": "RINAP 1 Tigl. III 49",
			"dynastic_seat": "Assyria",
			"exemplars": "ND 04301 + ND 04305 + ND 05422 (IM - )",
			"genre": "Royal Inscription",
			"id_composite": "Q003462",
			"language": "Akkadian",
			"material": "clay",
			"object_type": "tablet",
			"period": "Neo-Assyrian",
			"pleiades_id": "894019",
			"popular_name": "Summ. 9",
			"primary_publication": "Tiglath-pileser III 49",
			"provenience": "Nimrud (Kalhu)",
			"ruler": "Tiglath-pileser III",
			"script": "Neo-Assyrian",
			"script_remarks": "inscribed",
			"script_type": "Cuneiform",
			"subgenre": "Tiglath-pileser III",
			"supergenre": "LIT"
		},
		"geometry": {
			"type": "Point",
			"coordinates": [43.3275,36.099167]
		}
	}, {
		"type": "Feature",
		"properties": {
			"cdli_id": "P463079",
			"collection": "British Museum, London, UK",
			"credits": "Created by Hayim Tadmor, Shigeo Yamada, Jamie Novotny, and the Royal Inscriptions of the Neo-Assyrian Period (RINAP) Project, 2011. Lemmatized by Jamie Novotny, 2010, for the NEH-funded RINAP Project at the University of Pennsylvania. The annotated edition is released under the Creative Commons Attribution Share-Alike license 3.0. Please cite this page as http://oracc.org/rinap/Q003463/.",
			"date_of_origin": "744-727",
			"designation": "Tiglath-pileser III 50",
			"display_name": "RINAP 1 Tigl. III 50",
			"dynastic_seat": "Assyria",
			"exemplars": "K 02649 (G. Smith, Notebook 5 fol. 22r)",
			"genre": "Royal Inscription",
			"id_composite": "Q003463",
			"language": "Akkadian",
			"material": "clay",
			"object_type": "tablet",
			"period": "Neo-Assyrian",
			"pleiades_id": "894019",
			"popular_name": "Summ. 10",
			"primary_publication": "Tiglath-pileser III 50",
			"provenience": "Nimrud (Kalhu)",
			"ruler": "Tiglath-pileser III",
			"script": "Neo-Assyrian",
			"script_remarks": "inscribed",
			"script_type": "Cuneiform",
			"subgenre": "Tiglath-pileser III",
			"supergenre": "LIT"
		},
		"geometry": {
			"type": "Point",
			"coordinates": [43.3275,36.099167]
		}
	}, {
		"type": "Feature",
		"properties": {
			"cdli_id": "P463080",
			"collection": "British Museum, London, UK",
			"credits": "Created by Hayim Tadmor, Shigeo Yamada, Jamie Novotny, and the Royal Inscriptions of the Neo-Assyrian Period (RINAP) Project, 2011. Lemmatized by Jamie Novotny, 2010, for the NEH-funded RINAP Project at the University of Pennsylvania. The annotated edition is released under the Creative Commons Attribution Share-Alike license 3.0. Please cite this page as http://oracc.org/rinap/Q003464/.",
			"date_of_origin": "744-727",
			"designation": "Tiglath-pileser III 51",
			"display_name": "RINAP 1 Tigl. III 51",
			"dynastic_seat": "Assyria",
			"exemplars": "DT 003",
			"genre": "Royal Inscription",
			"id_composite": "Q003464",
			"language": "Akkadian",
			"material": "clay",
			"object_type": "tablet",
			"period": "Neo-Assyrian",
			"pleiades_id": "894019",
			"popular_name": "Summ. 11",
			"primary_publication": "Tiglath-pileser III 51",
			"provenience": "Nimrud (Kalhu)",
			"ruler": "Tiglath-pileser III",
			"script": "Neo-Assyrian",
			"script_remarks": "inscribed",
			"script_type": "Cuneiform",
			"subgenre": "Tiglath-pileser III",
			"supergenre": "LIT"
		},
		"geometry": {
			"type": "Point",
			"coordinates": [43.3275,36.099167]
		}
	}, {
		"type": "Feature",
		"properties": {
			"cdli_id": "P463081",
			"collection": "National Museum of Iraq, Baghdad, Iraq",
			"credits": "Created by Hayim Tadmor, Shigeo Yamada, Jamie Novotny, and the Royal Inscriptions of the Neo-Assyrian Period (RINAP) Project, 2011. Lemmatized by Jamie Novotny, 2010, for the NEH-funded RINAP Project at the University of Pennsylvania. The annotated edition is released under the Creative Commons Attribution Share-Alike license 3.0. Please cite this page as http://oracc.org/rinap/Q003465/.",
			"date_of_origin": "744-727",
			"designation": "Tiglath-pileser III 52",
			"display_name": "RINAP 1 Tigl. III 52",
			"dynastic_seat": "Assyria",
			"exemplars": "IM - (ND 05419)",
			"genre": "Royal Inscription",
			"id_composite": "Q003465",
			"language": "Akkadian",
			"material": "clay",
			"object_type": "tablet",
			"period": "Neo-Assyrian",
			"pleiades_id": "894019",
			"popular_name": "Summ. 12",
			"primary_publication": "Tiglath-pileser III 52",
			"provenience": "Nimrud (Kalhu)",
			"ruler": "Tiglath-pileser III",
			"script": "Neo-Assyrian",
			"script_remarks": "inscribed",
			"script_type": "Cuneiform",
			"subgenre": "Tiglath-pileser III",
			"supergenre": "LIT"
		},
		"geometry": {
			"type": "Point",
			"coordinates": [43.3275,36.099167]
		}
	}, {
		"type": "Feature",
		"properties": {
			"cdli_id": "P463082",
			"collection": "Louvre Museum, Paris, France",
			"credits": "Created by Hayim Tadmor, Shigeo Yamada, Jamie Novotny, and the Royal Inscriptions of the Neo-Assyrian Period (RINAP) Project, 2011. Lemmatized by Jamie Novotny, 2010, for the NEH-funded RINAP Project at the University of Pennsylvania. The annotated edition is released under the Creative Commons Attribution Share-Alike license 3.0. Please cite this page as http://oracc.org/rinap/Q003466/.",
			"date_of_origin": "744-727",
			"designation": "Tiglath-pileser III 53",
			"display_name": "RINAP 1 Tigl. III 53",
			"dynastic_seat": "Assyria",
			"exemplars": "AO 11501; AO 11500",
			"genre": "Royal Inscription",
			"id_composite": "Q003466",
			"language": "Akkadian",
			"material": "stone",
			"object_type": "bull colossus",
			"period": "Neo-Assyrian",
			"pleiades_id": "658399",
			"popular_name": "Misc. I,1",
			"primary_publication": "Tiglath-pileser III 53",
			"provenience": "Arslan Tash (Ḫadatu)",
			"ruler": "Tiglath-pileser III",
			"script": "Neo-Assyrian",
			"script_remarks": "inscribed",
			"script_type": "Cuneiform",
			"subgenre": "Tiglath-pileser III",
			"supergenre": "LIT"
		},
		"geometry": {
			"type": "Point",
			"coordinates": [38.407778,36.848889]
		}
	}, {
		"type": "Feature",
		"properties": {
			"cdli_id": "P463083",
			"collection": "Arkeoloji Müzerleri, Istanbul, Turkey",
			"credits": "Created by Hayim Tadmor, Shigeo Yamada, Jamie Novotny, and the Royal Inscriptions of the Neo-Assyrian Period (RINAP) Project, 2011. Lemmatized by Jamie Novotny, 2010, for the NEH-funded RINAP Project at the University of Pennsylvania. The annotated edition is released under the Creative Commons Attribution Share-Alike license 3.0. Please cite this page as http://oracc.org/rinap/Q003467/.",
			"date_of_origin": "744-727",
			"designation": "Tiglath-pileser III 54",
			"display_name": "RINAP 1 Tigl. III 54",
			"dynastic_seat": "Assyria",
			"exemplars": "Ist EŞEM 07866 (Ass 00853)",
			"genre": "Royal Inscription",
			"id_composite": "Q003467",
			"language": "Akkadian",
			"material": "stone",
			"object_type": "block",
			"period": "Neo-Assyrian",
			"pleiades_id": "893945",
			"popular_name": "Misc. I,2",
			"primary_publication": "Tiglath-pileser III 54",
			"provenience": "Qalat Sherqat (Assur)",
			"ruler": "Tiglath-pileser III",
			"script": "Neo-Assyrian",
			"script_remarks": "inscribed",
			"script_type": "Cuneiform",
			"subgenre": "Tiglath-pileser III",
			"supergenre": "LIT"
		},
		"geometry": {
			"type": "Point",
			"coordinates": [43.262037,35.458121]
		}
	}, {
		"type": "Feature",
		"properties": {
			"cdli_id": "P466002",
			"collection": "British Museum, London, UK",
			"credits": "Created by Hayim Tadmor, Shigeo Yamada, Jamie Novotny, and the Royal Inscriptions of the Neo-Assyrian Period (RINAP) Project, 2011. Lemmatized by Jamie Novotny, 2010, for the NEH-funded RINAP Project at the University of Pennsylvania. The annotated edition is released under the Creative Commons Attribution Share-Alike license 3.0. Please cite this page as http://oracc.org/rinap/Q003468/.",
			"date_of_origin": "744-727",
			"designation": "Tiglath-pileser III 55",
			"display_name": "RINAP 1 Tigl. III 55",
			"dynastic_seat": "Assyria",
			"exemplars": "BM 115634",
			"genre": "Royal Inscription",
			"id_composite": "Q003468",
			"language": "Akkadian",
			"material": "stone",
			"object_type": "wall slab (with reliefs)",
			"period": "Neo-Assyrian",
			"pleiades_id": "894019",
			"popular_name": "Misc. II,1",
			"primary_publication": "Tiglath-pileser III 55",
			"provenience": "Nimrud (Kalhu)",
			"ruler": "Tiglath-pileser III",
			"script": "Neo-Assyrian",
			"script_remarks": "inscribed",
			"script_type": "Cuneiform",
			"subgenre": "Tiglath-pileser III",
			"supergenre": "LIT"
		},
		"geometry": {
			"type": "Point",
			"coordinates": [43.3275,36.099167]
		}
	}, {
		"type": "Feature",
		"properties": {
			"cdli_id": "P466003",
			"collection": "British Museum, London, UK",
			"credits": "Created by Hayim Tadmor, Shigeo Yamada, Jamie Novotny, and the Royal Inscriptions of the Neo-Assyrian Period (RINAP) Project, 2011. Lemmatized by Jamie Novotny, 2010, for the NEH-funded RINAP Project at the University of Pennsylvania. The annotated edition is released under the Creative Commons Attribution Share-Alike license 3.0. Please cite this page as http://oracc.org/rinap/Q003469/.",
			"date_of_origin": "744-727",
			"designation": "Tiglath-pileser III 56",
			"display_name": "RINAP 1 Tigl. III 56",
			"dynastic_seat": "Assyria",
			"exemplars": "BM 118908",
			"genre": "Royal Inscription",
			"id_composite": "Q003469",
			"language": "Akkadian",
			"material": "stone",
			"object_type": "wall slab (with reliefs)",
			"period": "Neo-Assyrian",
			"pleiades_id": "894019",
			"popular_name": "Misc. II,2",
			"primary_publication": "Tiglath-pileser III 56",
			"provenience": "Nimrud (Kalhu)",
			"ruler": "Tiglath-pileser III",
			"script": "Neo-Assyrian",
			"script_remarks": "inscribed",
			"script_type": "Cuneiform",
			"subgenre": "Tiglath-pileser III",
			"supergenre": "LIT"
		},
		"geometry": {
			"type": "Point",
			"coordinates": [43.3275,36.099167]
		}
	}, {
		"type": "Feature",
		"properties": {
			"cdli_id": "P463084",
			"credits": "Created by Hayim Tadmor, Shigeo Yamada, Jamie Novotny, and the Royal Inscriptions of the Neo-Assyrian Period (RINAP) Project, 2011. Lemmatized by Jamie Novotny, 2010, for the NEH-funded RINAP Project at the University of Pennsylvania. The annotated edition is released under the Creative Commons Attribution Share-Alike license 3.0. Please cite this page as http://oracc.org/rinap/Q003470/.",
			"date_of_origin": "744-727",
			"designation": "Tiglath-pileser III 57",
			"display_name": "RINAP 1 Tigl. III 57",
			"dynastic_seat": "Assyria",
			"exemplars": "Barnett and Falkner, Tigl. pl. LXII",
			"genre": "Royal Inscription",
			"id_composite": "Q003470",
			"language": "Akkadian",
			"material": "stone",
			"object_type": "wall slab (with reliefs)",
			"period": "Neo-Assyrian",
			"pleiades_id": "894019",
			"popular_name": "Misc. II,3",
			"primary_publication": "Tiglath-pileser III 57",
			"provenience": "Nimrud (Kalhu)",
			"ruler": "Tiglath-pileser III",
			"script": "Neo-Assyrian",
			"script_remarks": "inscribed",
			"script_type": "Cuneiform",
			"subgenre": "Tiglath-pileser III",
			"supergenre": "LIT"
		},
		"geometry": {
			"type": "Point",
			"coordinates": [43.3275,36.099167]
		}
	}, {
		"type": "Feature",
		"properties": {
			"cdli_id": "P463085",
			"collection": "Vorderasiatisches Museum, Berlin, Germany; Arkeoloji Müzerleri, Istanbul, Turkey",
			"credits": "Created by Hayim Tadmor, Shigeo Yamada, Jamie Novotny, and the Royal Inscriptions of the Neo-Assyrian Period (RINAP) Project, 2011. Lemmatized by Jamie Novotny, 2010, for the NEH-funded RINAP Project at the University of Pennsylvania. The annotated edition is released under the Creative Commons Attribution Share-Alike license 3.0. Please cite this page as http://oracc.org/rinap/Q003471/.",
			"date_of_origin": "744-727",
			"designation": "Tiglath-pileser III 58",
			"display_name": "RINAP 1 Tigl. III 58",
			"dynastic_seat": "Assyria",
			"exemplars": "VA Ass 03252 (Ass 00918); Ass 01559; Ass 02191; Ass 02964; Ist EŞEM - (Ass 03001); VA Ass 04306b (Ass 18644a+b+c)",
			"genre": "Royal Inscription",
			"id_composite": "Q003471",
			"language": "Akkadian",
			"material": "clay",
			"object_type": "brick",
			"period": "Neo-Assyrian",
			"pleiades_id": "893945",
			"popular_name": "Misc. III,1",
			"primary_publication": "Tiglath-pileser III 58",
			"provenience": "Qalat Sherqat (Assur)",
			"ruler": "Tiglath-pileser III",
			"script": "Neo-Assyrian",
			"script_remarks": "inscribed",
			"script_type": "Cuneiform",
			"subgenre": "Tiglath-pileser III",
			"supergenre": "LIT"
		},
		"geometry": {
			"type": "Point",
			"coordinates": [43.262037,35.458121]
		}
	}, {
		"type": "Feature",
		"properties": {
			"cdli_id": "P463086",
			"collection": "Vorderasiatisches Museum, Berlin, Germany",
			"credits": "Created by Hayim Tadmor, Shigeo Yamada, Jamie Novotny, and the Royal Inscriptions of the Neo-Assyrian Period (RINAP) Project, 2011. Lemmatized by Jamie Novotny, 2010, for the NEH-funded RINAP Project at the University of Pennsylvania. The annotated edition is released under the Creative Commons Attribution Share-Alike license 3.0. Please cite this page as http://oracc.org/rinap/Q003472/.",
			"date_of_origin": "744-727",
			"designation": "Tiglath-pileser III 59",
			"display_name": "RINAP 1 Tigl. III 59",
			"dynastic_seat": "Assyria",
			"exemplars": "Ass 16791a; Ass 16791b; VA Ass 03251p (Ass 16791c); Ass 06234; VA Ass 03251o (Ass 09405a); Ass 09405b; Ass 09405c; VA Ass 03251r (Ass 09495); Ass 15526; VA Ass 03253",
			"genre": "Royal Inscription",
			"id_composite": "Q003472",
			"language": "Akkadian",
			"material": "clay",
			"object_type": "brick",
			"period": "Neo-Assyrian",
			"pleiades_id": "893945",
			"popular_name": "Misc. III,2",
			"primary_publication": "Tiglath-pileser III 59",
			"provenience": "Qalat Sherqat (Assur)",
			"ruler": "Tiglath-pileser III",
			"script": "Neo-Assyrian",
			"script_remarks": "stamped",
			"script_type": "Cuneiform",
			"subgenre": "Tiglath-pileser III",
			"supergenre": "LIT"
		},
		"geometry": {
			"type": "Point",
			"coordinates": [43.262037,35.458121]
		}
	}, {
		"type": "Feature",
		"properties": {
			"cdli_id": "P463087",
			"collection": "Vorderasiatisches Museum, Berlin, Germany",
			"credits": "Created by Hayim Tadmor, Shigeo Yamada, Jamie Novotny, and the Royal Inscriptions of the Neo-Assyrian Period (RINAP) Project, 2011. Lemmatized by Jamie Novotny, 2010, for the NEH-funded RINAP Project at the University of Pennsylvania. The annotated edition is released under the Creative Commons Attribution Share-Alike license 3.0. Please cite this page as http://oracc.org/rinap/Q003473/.",
			"date_of_origin": "744-727",
			"designation": "Tiglath-pileser III 60",
			"display_name": "RINAP 1 Tigl. III 60",
			"dynastic_seat": "Assyria",
			"exemplars": "VA Ass 03251q (Ass 17312)",
			"genre": "Royal Inscription",
			"id_composite": "Q003473",
			"language": "Akkadian",
			"material": "clay",
			"object_type": "brick",
			"period": "Neo-Assyrian",
			"pleiades_id": "893945",
			"popular_name": "[Misc. III,3]",
			"primary_publication": "Tiglath-pileser III 60",
			"provenience": "Qalat Sherqat (Assur)",
			"ruler": "Tiglath-pileser III",
			"script": "Neo-Assyrian",
			"script_remarks": "inscribed",
			"script_type": "Cuneiform",
			"subgenre": "Tiglath-pileser III",
			"supergenre": "LIT"
		},
		"geometry": {
			"type": "Point",
			"coordinates": [43.262037,35.458121]
		}
	}, {
		"type": "Feature",
		"properties": {
			"cdli_id": "P463088",
			"collection": "Arkeoloji Müzerleri, Istanbul, Turkey",
			"credits": "Created by Hayim Tadmor, Shigeo Yamada, Jamie Novotny, and the Royal Inscriptions of the Neo-Assyrian Period (RINAP) Project, 2011. Lemmatized by Jamie Novotny, 2010, for the NEH-funded RINAP Project at the University of Pennsylvania. The annotated edition is released under the Creative Commons Attribution Share-Alike license 3.0. Please cite this page as http://oracc.org/rinap/Q003474/.",
			"date_of_origin": "744-727",
			"designation": "Tiglath-pileser III 61",
			"display_name": "RINAP 1 Tigl. III 61",
			"dynastic_seat": "Assyria",
			"exemplars": "Ist EŞEM 07840 (Ass 00717)",
			"genre": "Royal Inscription",
			"id_composite": "Q003474",
			"language": "Akkadian",
			"material": "stone",
			"object_type": "duck weight",
			"period": "Neo-Assyrian",
			"pleiades_id": "894019",
			"popular_name": "Misc. IV,1",
			"primary_publication": "Tiglath-pileser III 61",
			"provenience": "Nimrud (Kalhu)",
			"ruler": "Tiglath-pileser III",
			"script": "Neo-Assyrian",
			"script_remarks": "inscribed",
			"script_type": "Cuneiform",
			"subgenre": "Tiglath-pileser III",
			"supergenre": "LIT"
		},
		"geometry": {
			"type": "Point",
			"coordinates": [43.3275,36.099167]
		}
	}, {
		"type": "Feature",
		"properties": {
			"cdli_id": "P463089",
			"collection": "National Museum of Iraq, Baghdad, Iraq",
			"credits": "Created by Hayim Tadmor, Shigeo Yamada, Jamie Novotny, and the Royal Inscriptions of the Neo-Assyrian Period (RINAP) Project, 2011. Lemmatized by Jamie Novotny, 2010, for the NEH-funded RINAP Project at the University of Pennsylvania. The annotated edition is released under the Creative Commons Attribution Share-Alike license 3.0. Please cite this page as http://oracc.org/rinap/Q003608/.",
			"date_of_origin": "744-727",
			"designation": "Tiglath-pileser III 62",
			"display_name": "RINAP 1 Tigl. III 62",
			"dynastic_seat": "Assyria",
			"exemplars": "IM 124998 (or IM 116000) (ND 1989/471 [or ND 1989/472])",
			"genre": "Royal Inscription",
			"id_composite": "Q003608",
			"language": "Akkadian",
			"material": "stone",
			"object_type": "duck weight",
			"period": "Neo-Assyrian",
			"pleiades_id": "894019",
			"popular_name": "[Misc. IV,3]",
			"primary_publication": "Tiglath-pileser III 62",
			"provenience": "Nimrud (Kalhu)",
			"ruler": "Tiglath-pileser III",
			"script": "Neo-Assyrian",
			"script_remarks": "inscribed",
			"script_type": "Cuneiform",
			"subgenre": "Tiglath-pileser III",
			"supergenre": "LIT"
		},
		"geometry": {
			"type": "Point",
			"coordinates": [43.3275,36.099167]
		}
	}, {
		"type": "Feature",
		"properties": {
			"cdli_id": "P463090",
			"collection": "British Museum, London, UK",
			"credits": "Created by Hayim Tadmor, Shigeo Yamada, Jamie Novotny, and the Royal Inscriptions of the Neo-Assyrian Period (RINAP) Project, 2011. Lemmatized by Jamie Novotny, 2010, for the NEH-funded RINAP Project at the University of Pennsylvania. The annotated edition is released under the Creative Commons Attribution Share-Alike license 3.0. Please cite this page as http://oracc.org/rinap/Q003609/.",
			"date_of_origin": "744-727",
			"designation": "Tiglath-pileser III 63",
			"display_name": "RINAP 1 Tigl. III 63",
			"dynastic_seat": "Assyria",
			"exemplars": "BM 091224 (1848-11-04, 0070)",
			"genre": "Royal Inscription",
			"id_composite": "Q003609",
			"language": "Akkadian",
			"material": "metal",
			"object_type": "lion weight",
			"period": "Neo-Assyrian",
			"pleiades_id": "894019",
			"popular_name": "Misc. IV,2",
			"primary_publication": "Tiglath-pileser III 63",
			"provenience": "Nimrud (Kalhu)",
			"ruler": "Tiglath-pileser III",
			"script": "Neo-Assyrian",
			"script_remarks": "inscribed",
			"script_type": "Cuneiform",
			"subgenre": "Tiglath-pileser III",
			"supergenre": "LIT"
		},
		"geometry": {
			"type": "Point",
			"coordinates": [43.3275,36.099167]
		}
	}, {
		"type": "Feature",
		"properties": {
			"cdli_id": "P463092",
			"collection": "Vorderasiatisches Museum, Berlin, Germany",
			"credits": "Created by Hayim Tadmor, Shigeo Yamada, Jamie Novotny, and the Royal Inscriptions of the Neo-Assyrian Period (RINAP) Project, 2011. Lemmatized by Jamie Novotny, 2010, for the NEH-funded RINAP Project at the University of Pennsylvania. The annotated edition is released under the Creative Commons Attribution Share-Alike license 3.0. Please cite this page as http://oracc.org/rinap/Q003610/.",
			"date_of_origin": "744-727",
			"designation": "Tiglath-pileser III 1001",
			"display_name": "RINAP 1 Tigl. III 1001",
			"dynastic_seat": "Assyria",
			"exemplars": "VA -  (Ass 21045)",
			"genre": "Royal Inscription",
			"id_composite": "Q003610",
			"language": "Akkadian",
			"material": "clay",
			"object_type": "vessel",
			"period": "Neo-Assyrian",
			"pleiades_id": "893945",
			"popular_name": "Ass 21045",
			"primary_publication": "Tiglath-pileser III 1001",
			"provenience": "Qalat Sherqat (Assur)",
			"ruler": "Tiglath-pileser III",
			"script": "Neo-Assyrian",
			"script_remarks": "inscribed",
			"script_type": "Cuneiform",
			"subgenre": "Tiglath-pileser III",
			"supergenre": "LIT"
		},
		"geometry": {
			"type": "Point",
			"coordinates": [43.262037,35.458121]
		}
	}, {
		"type": "Feature",
		"properties": {
			"cdli_id": "P463093",
			"collection": "Vorderasiatisches Museum, Berlin, Germany",
			"credits": "Created by Hayim Tadmor, Shigeo Yamada, Jamie Novotny, and the Royal Inscriptions of the Neo-Assyrian Period (RINAP) Project, 2011. Lemmatized by Jamie Novotny, 2010, for the NEH-funded RINAP Project at the University of Pennsylvania. The annotated edition is released under the Creative Commons Attribution Share-Alike license 3.0. Please cite this page as http://oracc.org/rinap/Q003611/.",
			"date_of_origin": "744-727",
			"designation": "Tiglath-pileser III 1002",
			"display_name": "RINAP 1 Tigl. III 1002",
			"dynastic_seat": "Assyria",
			"exemplars": "VA 08336 (Ass 00197)",
			"genre": "Royal Inscription",
			"id_composite": "Q003611",
			"language": "Akkadian",
			"material": "clay",
			"object_type": "enameled tile",
			"period": "Neo-Assyrian",
			"pleiades_id": "893945",
			"popular_name": "VA 08336",
			"primary_publication": "Tiglath-pileser III 1002",
			"provenience": "Qalat Sherqat (Assur)",
			"ruler": "Tiglath-pileser III",
			"script": "Neo-Assyrian",
			"script_remarks": "inscribed",
			"script_type": "Cuneiform",
			"subgenre": "Tiglath-pileser III",
			"supergenre": "LIT"
		},
		"geometry": {
			"type": "Point",
			"coordinates": [43.262037,35.458121]
		}
	}, {
		"type": "Feature",
		"properties": {
			"cdli_id": "P463094",
			"collection": "Vorderasiatisches Museum, Berlin, Germany",
			"credits": "Created by Hayim Tadmor, Shigeo Yamada, Jamie Novotny, and the Royal Inscriptions of the Neo-Assyrian Period (RINAP) Project, 2011. Lemmatized by Jamie Novotny, 2010, for the NEH-funded RINAP Project at the University of Pennsylvania. The annotated edition is released under the Creative Commons Attribution Share-Alike license 3.0. Please cite this page as http://oracc.org/rinap/Q003612/.",
			"date_of_origin": "744-727",
			"designation": "Tiglath-pileser III 1003",
			"display_name": "RINAP 1 Tigl. III 1003",
			"dynastic_seat": "Assyria",
			"exemplars": "VA Ass 02326",
			"genre": "Royal Inscription",
			"id_composite": "Q003612",
			"language": "Akkadian",
			"material": "clay",
			"object_type": "enameled tile",
			"period": "Neo-Assyrian",
			"pleiades_id": "893945",
			"popular_name": "VA Ass 02326",
			"primary_publication": "Tiglath-pileser III 1003",
			"provenience": "Qalat Sherqat (Assur)",
			"ruler": "Tiglath-pileser III",
			"script": "Neo-Assyrian",
			"script_remarks": "inscribed",
			"script_type": "Cuneiform",
			"subgenre": "Tiglath-pileser III",
			"supergenre": "LIT"
		},
		"geometry": {
			"type": "Point",
			"coordinates": [43.262037,35.458121]
		}
	}, {
		"type": "Feature",
		"properties": {
			"cdli_id": "P463095",
			"collection": "Vorderasiatisches Museum, Berlin, Germany",
			"credits": "Created by Hayim Tadmor, Shigeo Yamada, Jamie Novotny, and the Royal Inscriptions of the Neo-Assyrian Period (RINAP) Project, 2011. Lemmatized by Jamie Novotny, 2010, for the NEH-funded RINAP Project at the University of Pennsylvania. The annotated edition is released under the Creative Commons Attribution Share-Alike license 3.0. Please cite this page as http://oracc.org/rinap/Q003613/.",
			"date_of_origin": "744-727",
			"designation": "Tiglath-pileser III 1004",
			"display_name": "RINAP 1 Tigl. III 1004",
			"dynastic_seat": "Assyria",
			"exemplars": "VA 05541 (Ass 18574g)",
			"genre": "Royal Inscription",
			"id_composite": "Q003613",
			"language": "Akkadian",
			"material": "stone",
			"object_type": "bead",
			"period": "Neo-Assyrian",
			"pleiades_id": "893945",
			"popular_name": "VA 05541",
			"primary_publication": "Tiglath-pileser III 1004",
			"provenience": "Qalat Sherqat (Assur)",
			"ruler": "Tiglath-pileser III",
			"script": "Neo-Assyrian",
			"script_remarks": "inscribed",
			"script_type": "Cuneiform",
			"subgenre": "Tiglath-pileser III",
			"supergenre": "LIT"
		},
		"geometry": {
			"type": "Point",
			"coordinates": [43.262037,35.458121]
		}
	}, {
		"type": "Feature",
		"properties": {
			"cdli_id": "P463096",
			"collection": "Vorderasiatisches Museum, Berlin, Germany",
			"credits": "Created by Hayim Tadmor, Shigeo Yamada, Jamie Novotny, and the Royal Inscriptions of the Neo-Assyrian Period (RINAP) Project, 2011. Lemmatized by Jamie Novotny, 2010, for the NEH-funded RINAP Project at the University of Pennsylvania. The annotated edition is released under the Creative Commons Attribution Share-Alike license 3.0. Please cite this page as http://oracc.org/rinap/Q003614/.",
			"date_of_origin": "744-727",
			"designation": "Tiglath-pileser III 1005",
			"display_name": "RINAP 1 Tigl. III 1005",
			"dynastic_seat": "Assyria",
			"exemplars": "Ass 22739",
			"genre": "Royal Inscription",
			"id_composite": "Q003614",
			"language": "Akkadian",
			"material": "stone",
			"object_type": "uncertain",
			"period": "Neo-Assyrian",
			"pleiades_id": "893945",
			"popular_name": "Ass 22739",
			"primary_publication": "Tiglath-pileser III 1005",
			"provenience": "Qalat Sherqat (Assur)",
			"ruler": "Tiglath-pileser III",
			"script": "Neo-Assyrian",
			"script_remarks": "inscribed",
			"script_type": "Cuneiform",
			"subgenre": "Tiglath-pileser III",
			"supergenre": "LIT"
		},
		"geometry": {
			"type": "Point",
			"coordinates": [43.262037,35.458121]
		}
	}, {
		"type": "Feature",
		"properties": {
			"cdli_id": "P463097",
			"collection": "Vorderasiatisches Museum, Berlin, Germany",
			"credits": "Created by Hayim Tadmor, Shigeo Yamada, Jamie Novotny, and the Royal Inscriptions of the Neo-Assyrian Period (RINAP) Project, 2011. Lemmatized by Jamie Novotny, 2010, for the NEH-funded RINAP Project at the University of Pennsylvania. The annotated edition is released under the Creative Commons Attribution Share-Alike license 3.0. Please cite this page as http://oracc.org/rinap/Q003615/.",
			"date_of_origin": "744-727",
			"designation": "Tiglath-pileser III 1006",
			"display_name": "RINAP 1 Tigl. III 1006",
			"dynastic_seat": "Assyria",
			"exemplars": "Ass 00738",
			"genre": "Royal Inscription",
			"id_composite": "Q003615",
			"language": "Akkadian",
			"material": "stone",
			"object_type": "plaque",
			"period": "Neo-Assyrian",
			"pleiades_id": "893945",
			"popular_name": "Ass 00738",
			"primary_publication": "Tiglath-pileser III 1006",
			"provenience": "Qalat Sherqat (Assur)",
			"ruler": "Tiglath-pileser III",
			"script": "Neo-Assyrian",
			"script_remarks": "glazed",
			"script_type": "Cuneiform",
			"subgenre": "Tiglath-pileser III",
			"supergenre": "LIT"
		},
		"geometry": {
			"type": "Point",
			"coordinates": [43.262037,35.458121]
		}
	}, {
		"type": "Feature",
		"properties": {
			"cdli_id": "P463098",
			"collection": "Vorderasiatisches Museum, Berlin, Germany",
			"credits": "Created by Hayim Tadmor, Shigeo Yamada, Jamie Novotny, and the Royal Inscriptions of the Neo-Assyrian Period (RINAP) Project, 2011. Lemmatized by Jamie Novotny, 2010, for the NEH-funded RINAP Project at the University of Pennsylvania. The annotated edition is released under the Creative Commons Attribution Share-Alike license 3.0. Please cite this page as http://oracc.org/rinap/Q003616/.",
			"date_of_origin": "744-727",
			"designation": "Tiglath-pileser III 1007",
			"display_name": "RINAP 1 Tigl. III 1007",
			"dynastic_seat": "Assyria",
			"exemplars": "Ass 03160",
			"genre": "Royal Inscription",
			"id_composite": "Q003616",
			"language": "Akkadian",
			"material": "clay",
			"object_type": "brick",
			"period": "Neo-Assyrian",
			"pleiades_id": "893945",
			"popular_name": "Ass 03160",
			"primary_publication": "Tiglath-pileser III 1007",
			"provenience": "Qalat Sherqat (Assur)",
			"ruler": "Tiglath-pileser III",
			"script": "Neo-Assyrian",
			"script_remarks": "glazed",
			"script_type": "Cuneiform",
			"subgenre": "Tiglath-pileser III",
			"supergenre": "LIT"
		},
		"geometry": {
			"type": "Point",
			"coordinates": [43.262037,35.458121]
		}
	}, {
		"type": "Feature",
		"properties": {
			"cdli_id": "P463099",
			"collection": "National Museum of Syria, Aleppo, Syria; Museum of Raqqa, Raqqa, Syria",
			"credits": "Created by Hayim Tadmor, Shigeo Yamada, Jamie Novotny, and the Royal Inscriptions of the Neo-Assyrian Period (RINAP) Project, 2011. Lemmatized by Jamie Novotny, 2010, for the NEH-funded RINAP Project at the University of Pennsylvania. The annotated edition is released under the Creative Commons Attribution Share-Alike license 3.0. Please cite this page as http://oracc.org/rinap/Q003617/.",
			"date_of_origin": "744-727",
			"designation": "Tiglath-pileser III 2001",
			"display_name": "RINAP 1 Tigl. III 2001",
			"dynastic_seat": "Assyria",
			"exemplars": "NMSA - (+) NMSR - (Arslan Tash, West Gate, south lion); NMSA - (+) NMSR - (Arslan Tash, West Gate, north lion)",
			"genre": "Royal Inscription",
			"id_composite": "Q003617",
			"language": "Akkadian, Aramaic, Luwian",
			"material": "stone",
			"object_type": "lion colossus",
			"period": "Neo-Assyrian",
			"pleiades_id": "658399",
			"popular_name": "Ninurta-bēlu-uṣur inscription",
			"primary_publication": "Tiglath-pileser III 2001",
			"provenience": "Arslan Tash (Ḫadatu)",
			"ruler": "Tiglath-pileser III",
			"script": "Neo-Assyrian, Aramaic, Luwian",
			"script_remarks": "inscribed",
			"script_type": "Cuneiform, Alpabetic, Hieroglyphic",
			"subgenre": "Tiglath-pileser III",
			"supergenre": "LIT"
		},
		"geometry": {
			"type": "Point",
			"coordinates": [38.407778,36.848889]
		}
	}, {
		"type": "Feature",
		"properties": {
			"cdli_id": "P463100",
			"credits": "Created by Hayim Tadmor, Shigeo Yamada, Jamie Novotny, and the Royal Inscriptions of the Neo-Assyrian Period (RINAP) Project, 2011. Lemmatized by Jamie Novotny, 2010, for the NEH-funded RINAP Project at the University of Pennsylvania. The annotated edition is released under the Creative Commons Attribution Share-Alike license 3.0. Please cite this page as http://oracc.org/rinap/Q003618/.",
			"date_of_origin": "744-727",
			"designation": "Tiglath-pileser III 2002",
			"display_name": "RINAP 1 Tigl. III 2002",
			"dynastic_seat": "Assyria",
			"exemplars": "T 3264",
			"genre": "Royal Inscription",
			"id_composite": "Q003618",
			"language": "Akkadian",
			"material": "metal",
			"object_type": "disk",
			"period": "Neo-Assyrian",
			"pleiades_id": "913163220",
			"popular_name": "Aššur-rēmanni inscription",
			"primary_publication": "Tiglath-pileser III 2002",
			"provenience": "Tell Tayinat (Unqi)",
			"ruler": "Tiglath-pileser III",
			"script": "Neo-Assyrian",
			"script_remarks": "inscribed",
			"script_type": "Cuneiform",
			"subgenre": "Tiglath-pileser III",
			"supergenre": "LIT"
		},
		"geometry": {
			"type": "Point",
			"coordinates": [36.376389,36.2475]
		}
	}, {
		"type": "Feature",
		"properties": {
			"cdli_id": "P463101",
			"collection": "National Museum of Iraq, Baghdad, Iraq",
			"credits": "Created by Hayim Tadmor, Shigeo Yamada, Jamie Novotny, and the Royal Inscriptions of the Neo-Assyrian Period (RINAP) Project, 2011. Lemmatized by Jamie Novotny, 2010, for the NEH-funded RINAP Project at the University of Pennsylvania. The annotated edition is released under the Creative Commons Attribution Share-Alike license 3.0. Please cite this page as http://oracc.org/rinap/Q003619/.",
			"date_of_origin": "744-727",
			"designation": "Tiglath-pileser III 2003",
			"display_name": "RINAP 1 Tigl. III 2003",
			"dynastic_seat": "Assyria",
			"exemplars": "IM 125000 (ND 1989/068)",
			"genre": "Royal Inscription",
			"id_composite": "Q003619",
			"language": "Akkadian",
			"material": "stone",
			"object_type": "tablet",
			"period": "Neo-Assyrian",
			"pleiades_id": "894019",
			"popular_name": "Yabâ stone tablet inscription",
			"primary_publication": "Tiglath-pileser III 2003",
			"provenience": "Nimrud (Kalhu)",
			"ruler": "Tiglath-pileser III",
			"script": "Neo-Assyrian",
			"script_remarks": "inscribed",
			"script_type": "Cuneiform",
			"subgenre": "Tiglath-pileser III",
			"supergenre": "LIT"
		},
		"geometry": {
			"type": "Point",
			"coordinates": [43.3275,36.099167]
		}
	}, {
		"type": "Feature",
		"properties": {
			"cdli_id": "P463102",
			"collection": "National Museum of Iraq, Baghdad, Iraq",
			"credits": "Created by Hayim Tadmor, Shigeo Yamada, Jamie Novotny, and the Royal Inscriptions of the Neo-Assyrian Period (RINAP) Project, 2011. Lemmatized by Jamie Novotny, 2010, for the NEH-funded RINAP Project at the University of Pennsylvania. The annotated edition is released under the Creative Commons Attribution Share-Alike license 3.0. Please cite this page as http://oracc.org/rinap/Q003620/.",
			"date_of_origin": "744-727",
			"designation": "Tiglath-pileser III 2004",
			"display_name": "RINAP 1 Tigl. III 2004",
			"dynastic_seat": "Assyria",
			"exemplars": "IM 105694 (ND 1989/003)",
			"genre": "Royal Inscription",
			"id_composite": "Q003620",
			"language": "Akkadian",
			"material": "metal",
			"object_type": "vessel",
			"period": "Neo-Assyrian",
			"pleiades_id": "894019",
			"popular_name": "Yabâ gold bowl inscription",
			"primary_publication": "Tiglath-pileser III 2004",
			"provenience": "Nimrud (Kalhu)",
			"ruler": "Tiglath-pileser III",
			"script": "Neo-Assyrian",
			"script_remarks": "inscribed",
			"script_type": "Cuneiform",
			"subgenre": "Tiglath-pileser III",
			"supergenre": "LIT"
		},
		"geometry": {
			"type": "Point",
			"coordinates": [43.3275,36.099167]
		}
	}, {
		"type": "Feature",
		"properties": {
			"cdli_id": "P463103",
			"collection": "National Museum of Iraq, Baghdad, Iraq",
			"credits": "Created by Hayim Tadmor, Shigeo Yamada, Jamie Novotny, and the Royal Inscriptions of the Neo-Assyrian Period (RINAP) Project, 2011. Lemmatized by Jamie Novotny, 2010, for the NEH-funded RINAP Project at the University of Pennsylvania. The annotated edition is released under the Creative Commons Attribution Share-Alike license 3.0. Please cite this page as http://oracc.org/rinap/Q003621/.",
			"date_of_origin": "744-727",
			"designation": "Tiglath-pileser III 2005",
			"display_name": "RINAP 1 Tigl. III 2005",
			"dynastic_seat": "Assyria",
			"exemplars": "IM 105697 (ND 1989/006)",
			"genre": "Royal Inscription",
			"id_composite": "Q003621",
			"language": "Akkadian",
			"material": "metal",
			"object_type": "vessel",
			"period": "Neo-Assyrian",
			"pleiades_id": "894019",
			"popular_name": "Yabâ gold bowl inscription",
			"primary_publication": "Tiglath-pileser III 2005",
			"provenience": "Nimrud (Kalhu)",
			"ruler": "Tiglath-pileser III",
			"script": "Neo-Assyrian",
			"script_remarks": "inscribed",
			"script_type": "Cuneiform",
			"subgenre": "Tiglath-pileser III",
			"supergenre": "LIT"
		},
		"geometry": {
			"type": "Point",
			"coordinates": [43.3275,36.099167]
		}
	}, {
		"type": "Feature",
		"properties": {
			"cdli_id": "P463091",
			"collection": "de Clercq Collection, Paris, France",
			"credits": "Created by Hayim Tadmor, Shigeo Yamada, Jamie Novotny, and the Royal Inscriptions of the Neo-Assyrian Period (RINAP) Project, 2011. Lemmatized by Jamie Novotny, 2010, for the NEH-funded RINAP Project at the University of Pennsylvania. The annotated edition is released under the Creative Commons Attribution Share-Alike license 3.0. Please cite this page as http://oracc.org/rinap/Q004177/.",
			"date_of_origin": "744-727",
			"designation": "Tiglath-pileser III 64",
			"display_name": "RINAP 1 Tigl. III 64",
			"dynastic_seat": "Assyria",
			"exemplars": "Collection de Clercq",
			"genre": "Royal Inscription",
			"id_composite": "Q004177",
			"language": "Akkadian",
			"material": "stone",
			"object_type": "bead",
			"period": "Neo-Assyrian",
			"pleiades_id": "29492",
			"popular_name": "Misc. V",
			"primary_publication": "Tiglath-pileser III 64",
			"provenience": "Assyria",
			"ruler": "Tiglath-pileser III",
			"script": "Neo-Assyrian",
			"script_remarks": "inscribed",
			"script_type": "Cuneiform",
			"subgenre": "Tiglath-pileser III",
			"supergenre": "LIT"
		},
		"geometry": {
			"type": "Point",
			"coordinates": [43.2,36.2]
		}
	}, {
		"type": "Feature",
		"properties": {
			"cdli_id": "P463104",
			"collection": "Yale Babylonian Collection, New Haven, Connecticut, USA",
			"credits": "Created by Hayim Tadmor, Shigeo Yamada, Jamie Novotny, and the Royal Inscriptions of the Neo-Assyrian Period (RINAP) Project, 2011. Lemmatized by Jamie Novotny, 2010, for the NEH-funded RINAP Project at the University of Pennsylvania. The annotated edition is released under the Creative Commons Attribution Share-Alike license 3.0. Please cite this page as http://oracc.org/rinap/Q004178/.",
			"date_of_origin": "744-727",
			"designation": "Tiglath-pileser III 2006",
			"display_name": "RINAP 1 Tigl. III 2006",
			"dynastic_seat": "Assyria",
			"exemplars": "YBC 16941",
			"genre": "Royal Inscription",
			"id_composite": "Q004178",
			"language": "Akkadian",
			"material": "clay",
			"object_type": "brick",
			"period": "Neo-Assyrian",
			"pleiades_id": "29492",
			"popular_name": "Kīdītê inscription",
			"primary_publication": "Tiglath-pileser III 2006",
			"provenience": "Assyria",
			"ruler": "Tiglath-pileser III",
			"script": "Neo-Assyrian",
			"script_remarks": "inscribed",
			"script_type": "Cuneiform",
			"subgenre": "Tiglath-pileser III",
			"supergenre": "LIT"
		},
		"geometry": {
			"type": "Point",
			"coordinates": [43.2,36.2]
		}
	}, {
		"type": "Feature",
		"properties": {
			"cdli_id": "P463032",
			"collection": "British Museum, London, UK",
			"credits": "Created by Hayim Tadmor, Shigeo Yamada, Jamie Novotny, and the Royal Inscriptions of the Neo-Assyrian Period (RINAP) Project, 2011. Lemmatized by Jamie Novotny, 2010, for the NEH-funded RINAP Project at the University of Pennsylvania. The annotated edition is released under the Creative Commons Attribution Share-Alike license 3.0. Please cite this page as http://oracc.org/rinap/Q003622/.",
			"date_of_origin": "726-722",
			"designation": "Shalmaneser V 1",
			"display_name": "RINAP 1 Shalm. V 1",
			"dynastic_seat": "Assyria",
			"exemplars": "BM 091221 (1848-11-04, 0067)",
			"genre": "Royal Inscription",
			"id_composite": "Q003622",
			"language": "Akkadian, Aramaic",
			"material": "metal",
			"object_type": "lion weight",
			"period": "Neo-Assyrian",
			"pleiades_id": "894019",
			"popular_name": "BM 091221",
			"primary_publication": "Shalmaneser V 1",
			"provenience": "Nimrud (Kalhu)",
			"ruler": "Shalmaneser V",
			"script": "Neo-Assyrian, Aramaic",
			"script_remarks": "inscribed",
			"script_type": "Cuneiform, Alpabetic",
			"subgenre": "Shalmaneser V",
			"supergenre": "LIT"
		},
		"geometry": {
			"type": "Point",
			"coordinates": [43.3275,36.099167]
		}
	}, {
		"type": "Feature",
		"properties": {
			"cdli_id": "P463033",
			"collection": "British Museum, London, UK",
			"credits": "Created by Hayim Tadmor, Shigeo Yamada, Jamie Novotny, and the Royal Inscriptions of the Neo-Assyrian Period (RINAP) Project, 2011. Lemmatized by Jamie Novotny, 2010, for the NEH-funded RINAP Project at the University of Pennsylvania. The annotated edition is released under the Creative Commons Attribution Share-Alike license 3.0. Please cite this page as http://oracc.org/rinap/Q003623/.",
			"date_of_origin": "726-722",
			"designation": "Shalmaneser V 2",
			"display_name": "RINAP 1 Shalm. V 2",
			"dynastic_seat": "Assyria",
			"exemplars": "BM 091226 (1848-11-04, 0068)",
			"genre": "Royal Inscription",
			"id_composite": "Q003623",
			"language": "Akkadian, Aramaic",
			"material": "metal",
			"object_type": "lion weight",
			"period": "Neo-Assyrian",
			"pleiades_id": "894019",
			"popular_name": "BM 091226",
			"primary_publication": "Shalmaneser V 2",
			"provenience": "Nimrud (Kalhu)",
			"ruler": "Shalmaneser V",
			"script": "Neo-Assyrian, Aramaic",
			"script_remarks": "inscribed",
			"script_type": "Cuneiform, Alpabetic",
			"subgenre": "Shalmaneser V",
			"supergenre": "LIT"
		},
		"geometry": {
			"type": "Point",
			"coordinates": [43.3275,36.099167]
		}
	}, {
		"type": "Feature",
		"properties": {
			"cdli_id": "P463034",
			"collection": "British Museum, London, UK",
			"credits": "Created by Hayim Tadmor, Shigeo Yamada, Jamie Novotny, and the Royal Inscriptions of the Neo-Assyrian Period (RINAP) Project, 2011. Lemmatized by Jamie Novotny, 2010, for the NEH-funded RINAP Project at the University of Pennsylvania. The annotated edition is released under the Creative Commons Attribution Share-Alike license 3.0. Please cite this page as http://oracc.org/rinap/Q003624/.",
			"date_of_origin": "726-722",
			"designation": "Shalmaneser V 3",
			"display_name": "RINAP 1 Shalm. V 3",
			"dynastic_seat": "Assyria",
			"exemplars": "BM 091222 (1848-11-04, 0069*)",
			"genre": "Royal Inscription",
			"id_composite": "Q003624",
			"language": "Akkadian, Aramaic",
			"material": "metal",
			"object_type": "lion weight",
			"period": "Neo-Assyrian",
			"pleiades_id": "894019",
			"popular_name": "BM 091222",
			"primary_publication": "Shalmaneser V 3",
			"provenience": "Nimrud (Kalhu)",
			"ruler": "Shalmaneser V",
			"script": "Neo-Assyrian, Aramaic",
			"script_remarks": "inscribed",
			"script_type": "Cuneiform, Alpabetic",
			"subgenre": "Shalmaneser V",
			"supergenre": "LIT"
		},
		"geometry": {
			"type": "Point",
			"coordinates": [43.3275,36.099167]
		}
	}, {
		"type": "Feature",
		"properties": {
			"cdli_id": "P463035",
			"collection": "British Museum, London, UK",
			"credits": "Created by Hayim Tadmor, Shigeo Yamada, Jamie Novotny, and the Royal Inscriptions of the Neo-Assyrian Period (RINAP) Project, 2011. Lemmatized by Jamie Novotny, 2010, for the NEH-funded RINAP Project at the University of Pennsylvania. The annotated edition is released under the Creative Commons Attribution Share-Alike license 3.0. Please cite this page as http://oracc.org/rinap/Q003625/.",
			"date_of_origin": "726-722",
			"designation": "Shalmaneser V 4",
			"display_name": "RINAP 1 Shalm. V 4",
			"dynastic_seat": "Assyria",
			"exemplars": "BM 091223 (1848-11-04, 0069)",
			"genre": "Royal Inscription",
			"id_composite": "Q003625",
			"language": "Akkadian, Aramaic",
			"material": "metal",
			"object_type": "lion weight",
			"period": "Neo-Assyrian",
			"pleiades_id": "894019",
			"popular_name": "BM 091223",
			"primary_publication": "Shalmaneser V 4",
			"provenience": "Nimrud (Kalhu)",
			"ruler": "Shalmaneser V",
			"script": "Neo-Assyrian, Aramaic",
			"script_remarks": "inscribed",
			"script_type": "Cuneiform, Alpabetic",
			"subgenre": "Shalmaneser V",
			"supergenre": "LIT"
		},
		"geometry": {
			"type": "Point",
			"coordinates": [43.3275,36.099167]
		}
	}, {
		"type": "Feature",
		"properties": {
			"cdli_id": "P463036",
			"collection": "British Museum, London, UK",
			"credits": "Created by Hayim Tadmor, Shigeo Yamada, Jamie Novotny, and the Royal Inscriptions of the Neo-Assyrian Period (RINAP) Project, 2011. Lemmatized by Jamie Novotny, 2010, for the NEH-funded RINAP Project at the University of Pennsylvania. The annotated edition is released under the Creative Commons Attribution Share-Alike license 3.0. Please cite this page as http://oracc.org/rinap/Q003626/.",
			"date_of_origin": "726-722",
			"designation": "Shalmaneser V 5",
			"display_name": "RINAP 1 Shalm. V 5",
			"dynastic_seat": "Assyria",
			"exemplars": "BM 091228 (1848-11-04, 0072)",
			"genre": "Royal Inscription",
			"id_composite": "Q003626",
			"language": "Akkadian, Aramaic",
			"material": "metal",
			"object_type": "lion weight",
			"period": "Neo-Assyrian",
			"pleiades_id": "894019",
			"popular_name": "BM 091228",
			"primary_publication": "Shalmaneser V 5",
			"provenience": "Nimrud (Kalhu)",
			"ruler": "Shalmaneser V",
			"script": "Neo-Assyrian, Aramaic",
			"script_remarks": "inscribed",
			"script_type": "Cuneiform, Alpabetic",
			"subgenre": "Shalmaneser V",
			"supergenre": "LIT"
		},
		"geometry": {
			"type": "Point",
			"coordinates": [43.3275,36.099167]
		}
	}, {
		"type": "Feature",
		"properties": {
			"cdli_id": "P463037",
			"collection": "British Museum, London, UK",
			"credits": "Created by Hayim Tadmor, Shigeo Yamada, Jamie Novotny, and the Royal Inscriptions of the Neo-Assyrian Period (RINAP) Project, 2011. Lemmatized by Jamie Novotny, 2010, for the NEH-funded RINAP Project at the University of Pennsylvania. The annotated edition is released under the Creative Commons Attribution Share-Alike license 3.0. Please cite this page as http://oracc.org/rinap/Q003627/.",
			"date_of_origin": "726-722",
			"designation": "Shalmaneser V 6",
			"display_name": "RINAP 1 Shalm. V 6",
			"dynastic_seat": "Assyria",
			"exemplars": "BM 091230 (1848-11-04, 0073)",
			"genre": "Royal Inscription",
			"id_composite": "Q003627",
			"language": "Akkadian, Aramaic",
			"material": "metal",
			"object_type": "lion weight",
			"period": "Neo-Assyrian",
			"pleiades_id": "894019",
			"popular_name": "BM 091230",
			"primary_publication": "Shalmaneser V 6",
			"provenience": "Nimrud (Kalhu)",
			"ruler": "Shalmaneser V",
			"script": "Neo-Assyrian, Aramaic",
			"script_remarks": "inscribed",
			"script_type": "Cuneiform, Alpabetic",
			"subgenre": "Shalmaneser V",
			"supergenre": "LIT"
		},
		"geometry": {
			"type": "Point",
			"coordinates": [43.3275,36.099167]
		}
	}, {
		"type": "Feature",
		"properties": {
			"cdli_id": "P463038",
			"collection": "British Museum, London, UK",
			"credits": "Created by Hayim Tadmor, Shigeo Yamada, Jamie Novotny, and the Royal Inscriptions of the Neo-Assyrian Period (RINAP) Project, 2011. Lemmatized by Jamie Novotny, 2010, for the NEH-funded RINAP Project at the University of Pennsylvania. The annotated edition is released under the Creative Commons Attribution Share-Alike license 3.0. Please cite this page as http://oracc.org/rinap/Q003628/.",
			"date_of_origin": "726-722",
			"designation": "Shalmaneser V 7",
			"display_name": "RINAP 1 Shalm. V 7",
			"dynastic_seat": "Assyria",
			"exemplars": "BM 091227 (AOC 016; 1848-11-04, 0075)",
			"genre": "Royal Inscription",
			"id_composite": "Q003628",
			"language": "Akkadian, Aramaic",
			"material": "metal",
			"object_type": "lion weight",
			"period": "Neo-Assyrian",
			"pleiades_id": "894019",
			"popular_name": "BM 091227",
			"primary_publication": "Shalmaneser V 7",
			"provenience": "Nimrud (Kalhu)",
			"ruler": "Shalmaneser V",
			"script": "Neo-Assyrian, Aramaic",
			"script_remarks": "inscribed",
			"script_type": "Cuneiform, Alpabetic",
			"subgenre": "Shalmaneser V",
			"supergenre": "LIT"
		},
		"geometry": {
			"type": "Point",
			"coordinates": [43.3275,36.099167]
		}
	}, {
		"type": "Feature",
		"properties": {
			"cdli_id": "P463039",
			"collection": "British Museum, London, UK",
			"credits": "Created by Hayim Tadmor, Shigeo Yamada, Jamie Novotny, and the Royal Inscriptions of the Neo-Assyrian Period (RINAP) Project, 2011. Lemmatized by Jamie Novotny, 2010, for the NEH-funded RINAP Project at the University of Pennsylvania. The annotated edition is released under the Creative Commons Attribution Share-Alike license 3.0. Please cite this page as http://oracc.org/rinap/Q003629/.",
			"date_of_origin": "726-722",
			"designation": "Shalmaneser V 8",
			"display_name": "RINAP 1 Shalm. V 8",
			"dynastic_seat": "Assyria",
			"exemplars": "BM 091232 (1848-11-04, 0076)",
			"genre": "Royal Inscription",
			"id_composite": "Q003629",
			"language": "Akkadian, Aramaic",
			"material": "metal",
			"object_type": "lion weight",
			"period": "Neo-Assyrian",
			"pleiades_id": "894019",
			"popular_name": "BM 091232",
			"primary_publication": "Shalmaneser V 8",
			"provenience": "Nimrud (Kalhu)",
			"ruler": "Shalmaneser V",
			"script": "Neo-Assyrian, Aramaic",
			"script_remarks": "inscribed",
			"script_type": "Cuneiform, Alpabetic",
			"subgenre": "Shalmaneser V",
			"supergenre": "LIT"
		},
		"geometry": {
			"type": "Point",
			"coordinates": [43.3275,36.099167]
		}
	}, {
		"type": "Feature",
		"properties": {
			"cdli_id": "P463040",
			"collection": "British Museum, London, UK",
			"credits": "Created by Hayim Tadmor, Shigeo Yamada, Jamie Novotny, and the Royal Inscriptions of the Neo-Assyrian Period (RINAP) Project, 2011. Lemmatized by Jamie Novotny, 2010, for the NEH-funded RINAP Project at the University of Pennsylvania. The annotated edition is released under the Creative Commons Attribution Share-Alike license 3.0. Please cite this page as http://oracc.org/rinap/Q003630/.",
			"date_of_origin": "726-722",
			"designation": "Shalmaneser V 9",
			"display_name": "RINAP 1 Shalm. V 9",
			"dynastic_seat": "Assyria",
			"exemplars": "BM 091233 (1848-11-04, 0078)",
			"genre": "Royal Inscription",
			"id_composite": "Q003630",
			"language": "Akkadian, Aramaic",
			"material": "metal",
			"object_type": "lion weight",
			"period": "Neo-Assyrian",
			"pleiades_id": "894019",
			"popular_name": "BM 091233",
			"primary_publication": "Shalmaneser V 9",
			"provenience": "Nimrud (Kalhu)",
			"ruler": "Shalmaneser V",
			"script": "Neo-Assyrian, Aramaic",
			"script_remarks": "inscribed",
			"script_type": "Cuneiform, Alpabetic",
			"subgenre": "Shalmaneser V",
			"supergenre": "LIT"
		},
		"geometry": {
			"type": "Point",
			"coordinates": [43.3275,36.099167]
		}
	}, {
		"type": "Feature",
		"properties": {
			"cdli_id": "P463041",
			"collection": "Vorderasiatisches Museum, Berlin, Germany",
			"credits": "Created by Hayim Tadmor, Shigeo Yamada, Jamie Novotny, and the Royal Inscriptions of the Neo-Assyrian Period (RINAP) Project, 2011. Lemmatized by Jamie Novotny, 2010, for the NEH-funded RINAP Project at the University of Pennsylvania. The annotated edition is released under the Creative Commons Attribution Share-Alike license 3.0. Please cite this page as http://oracc.org/rinap/Q003631/.",
			"date_of_origin": "726-722",
			"designation": "Shalmaneser V 1001",
			"display_name": "RINAP 1 Shalm. V 1001",
			"dynastic_seat": "Assyria",
			"exemplars": "VA Ass 02105 (Ass 05658); VA Ass 02107 (Ass 05306)",
			"genre": "Royal Inscription",
			"id_composite": "Q003631",
			"language": "Akkadian",
			"material": "clay",
			"object_type": "cone",
			"period": "Neo-Assyrian",
			"pleiades_id": "893945",
			"popular_name": "VA Ass 02105 and VA Ass 02107",
			"primary_publication": "Shalmaneser V 1001",
			"provenience": "Qalat Sherqat (Assur)",
			"ruler": "Shalmaneser V",
			"script": "Neo-Assyrian",
			"script_remarks": "inscribed",
			"script_type": "Cuneiform",
			"subgenre": "Shalmaneser V",
			"supergenre": "LIT"
		},
		"geometry": {
			"type": "Point",
			"coordinates": [43.262037,35.458121]
		}
	}, {
		"type": "Feature",
		"properties": {
			"cdli_id": "P463042",
			"credits": "Created by Hayim Tadmor, Shigeo Yamada, Jamie Novotny, and the Royal Inscriptions of the Neo-Assyrian Period (RINAP) Project, 2011. Lemmatized by Jamie Novotny, 2010, for the NEH-funded RINAP Project at the University of Pennsylvania. The annotated edition is released under the Creative Commons Attribution Share-Alike license 3.0. Please cite this page as http://oracc.org/rinap/Q003632/.",
			"date_of_origin": "726-722",
			"designation": "Shalmaneser V 1002",
			"display_name": "RINAP 1 Shalm. V 1002",
			"dynastic_seat": "Assyria",
			"exemplars": "D. Oates, Sumer 19 p. 73",
			"genre": "Royal Inscription",
			"id_composite": "Q003632",
			"language": "Akkadian",
			"material": "clay",
			"object_type": "brick",
			"period": "Neo-Assyrian",
			"pleiades_id": "874723",
			"popular_name": "Sumer 19 p. 73",
			"primary_publication": "Shalmaneser V 1002",
			"provenience": "Tell Abu Marya (Apqu-ša-Adad)",
			"ruler": "Shalmaneser V",
			"script": "Neo-Assyrian",
			"script_remarks": "inscribed",
			"script_type": "Cuneiform",
			"subgenre": "Shalmaneser V",
			"supergenre": "LIT"
		},
		"geometry": {
			"type": "Point",
			"coordinates": [42.597299,36.429708]
		}
	}, {
		"type": "Feature",
		"properties": {
			"cdli_id": "P463043",
			"collection": "British Museum, London, UK",
			"credits": "Created by Hayim Tadmor, Shigeo Yamada, Jamie Novotny, and the Royal Inscriptions of the Neo-Assyrian Period (RINAP) Project, 2011. Lemmatized by Jamie Novotny, 2010, for the NEH-funded RINAP Project at the University of Pennsylvania. The annotated edition is released under the Creative Commons Attribution Share-Alike license 3.0. Please cite this page as http://oracc.org/rinap/Q003633/.",
			"date_of_origin": "726-722",
			"designation": "Shalmaneser V 1003",
			"display_name": "RINAP 1 Shalm. V 1003",
			"dynastic_seat": "Assyria",
			"exemplars": "BM 091220 (1848-11-04, 0066)",
			"genre": "Royal Inscription",
			"id_composite": "Q003633",
			"language": "Aramaic",
			"material": "metal",
			"object_type": "lion weight",
			"period": "Neo-Assyrian",
			"pleiades_id": "894019",
			"popular_name": "BM 091220",
			"primary_publication": "Shalmaneser V 1003",
			"provenience": "Nimrud (Kalhu)",
			"ruler": "Shalmaneser V",
			"script": "Aramaic",
			"script_remarks": "inscribed",
			"script_type": "Alpabetic",
			"subgenre": "Shalmaneser V",
			"supergenre": "LIT"
		},
		"geometry": {
			"type": "Point",
			"coordinates": [43.3275,36.099167]
		}
	}, {
		"type": "Feature",
		"properties": {
			"cdli_id": "P463044",
			"collection": "Kunsthistorisches Museum, Vienna, Austria",
			"credits": "Created by Hayim Tadmor, Shigeo Yamada, Jamie Novotny, and the Royal Inscriptions of the Neo-Assyrian Period (RINAP) Project, 2011. Lemmatized by Jamie Novotny, 2010, for the NEH-funded RINAP Project at the University of Pennsylvania. The annotated edition is released under the Creative Commons Attribution Share-Alike license 3.0. Please cite this page as http://oracc.org/rinap/Q003634/.",
			"date_of_origin": "726-722",
			"designation": "Shalmaneser V 1004",
			"display_name": "RINAP 1 Shalm. V 1004",
			"dynastic_seat": "Assyria",
			"exemplars": "KHM SEM 1264; KHM SEM 1264",
			"genre": "Royal Inscription",
			"id_composite": "Q003634",
			"language": "Akkadian, Aramaic",
			"material": "clay",
			"object_type": "oval",
			"period": "Neo-Assyrian",
			"pleiades_id": "29492",
			"popular_name": "SEM 01263 and SEM 01264",
			"primary_publication": "Shalmaneser V 1004",
			"provenience": "Assyria",
			"ruler": "Shalmaneser V",
			"script": "Neo-Assyrian, Aramaic",
			"script_remarks": "inscribed",
			"script_type": "Cuneiform, Alpabetic",
			"subgenre": "Shalmaneser V",
			"supergenre": "LIT"
		},
		"geometry": {
			"type": "Point",
			"coordinates": [43.2,36.2]
		}
	}, {
		"type": "Feature",
		"properties": {
			"cdli_id": "P463045",
			"collection": "National Museum of Iraq, Baghdad, Iraq",
			"credits": "Created by Hayim Tadmor, Shigeo Yamada, Jamie Novotny, and the Royal Inscriptions of the Neo-Assyrian Period (RINAP) Project, 2011. Lemmatized by Jamie Novotny, 2010, for the NEH-funded RINAP Project at the University of Pennsylvania. The annotated edition is released under the Creative Commons Attribution Share-Alike license 3.0. Please cite this page as http://oracc.org/rinap/Q003635/.",
			"date_of_origin": "726-722",
			"designation": "Shalmaneser V 2001",
			"display_name": "RINAP 1 Shalm. V 2001",
			"dynastic_seat": "Assyria",
			"exemplars": "IM 105698 (ND 1989/007)",
			"genre": "Royal Inscription",
			"id_composite": "Q003635",
			"language": "Akkadian",
			"material": "metal",
			"object_type": "vessel",
			"period": "Neo-Assyrian",
			"pleiades_id": "894019",
			"popular_name": "Bānītu gold bowl",
			"primary_publication": "Shalmaneser V 2001",
			"provenience": "Nimrud (Kalhu)",
			"ruler": "Shalmaneser V",
			"script": "Neo-Assyrian",
			"script_remarks": "inscribed",
			"script_type": "Cuneiform",
			"subgenre": "Shalmaneser V",
			"supergenre": "LIT"
		},
		"geometry": {
			"type": "Point",
			"coordinates": [43.3275,36.099167]
		}
	}, {
		"type": "Feature",
		"properties": {
			"cdli_id": "P463046",
			"collection": "National Museum of Iraq, Baghdad, Iraq",
			"credits": "Created by Hayim Tadmor, Shigeo Yamada, Jamie Novotny, and the Royal Inscriptions of the Neo-Assyrian Period (RINAP) Project, 2011. Lemmatized by Jamie Novotny, 2010, for the NEH-funded RINAP Project at the University of Pennsylvania. The annotated edition is released under the Creative Commons Attribution Share-Alike license 3.0. Please cite this page as http://oracc.org/rinap/Q003636/.",
			"date_of_origin": "726-722",
			"designation": "Shalmaneser V 2002",
			"display_name": "RINAP 1 Shalm. V 2002",
			"dynastic_seat": "Assyria",
			"exemplars": "IM 115466 (ND 1989/192)",
			"genre": "Royal Inscription",
			"id_composite": "Q003636",
			"language": "Akkadian",
			"material": "metal",
			"object_type": "vessel",
			"period": "Neo-Assyrian",
			"pleiades_id": "894019",
			"popular_name": "Bānītu electrum container",
			"primary_publication": "Shalmaneser V 2002",
			"provenience": "Nimrud (Kalhu)",
			"ruler": "Shalmaneser V",
			"script": "Neo-Assyrian",
			"script_remarks": "inscribed",
			"script_type": "Cuneiform",
			"subgenre": "Shalmaneser V",
			"supergenre": "LIT"
		},
		"geometry": {
			"type": "Point",
			"coordinates": [43.3275,36.099167]
		}
	}, {
		"type": "Feature",
		"properties": {
			"credits": "Copyright Hayim Tadmor, Shigeo Yamada, Jamie Novotny, and the Royal Inscriptions of the Neo-Assyrian Period (RINAP) Project, 2016. Created by Jamie Novotny, 2015-16, for the Alexander von Humboldt Foundation-funded OIMEA Project at the Historisches Seminar - Abteilung Alte Geschichte of Ludwig-Maximilians-Universität München.The annotated edition is released under the Creative Commons Attribution Share-Alike license 3.0.",
			"designation": "Tiglath-pileser III Composite Annals (Series A, B, and C)",
			"genre": "Royal Inscription",
			"id_text": "Q006333",
			"language": "Akkadian",
			"object_type": "wall slab (with reliefs)",
			"period": "Neo-Assyrian",
			"primary_publication": "Tiglath-pileser III Composite Annals (Series A, B, and C)",
			"provenience": "Nimrud",
			"popular_name": "Kalhu Annals Series A, B, and C",
			"ruler": "Tiglath-pileser III",
			"supergenre": "LIT"
		},
		"geometry": {
			"type": "Point",
			"coordinates": [43.3275,36.099167]
		}
	}, {
		"type": "Feature",
		"properties": {
			"credits": "Copyright Hayim Tadmor, Shigeo Yamada, Jamie Novotny, and the Royal Inscriptions of the Neo-Assyrian Period (RINAP) Project, 2016. Created by Jamie Novotny, 2015-16, for the Alexander von Humboldt Foundation-funded OIMEA Project at the Historisches Seminar - Abteilung Alte Geschichte of Ludwig-Maximilians-Universität München.The annotated edition is released under the Creative Commons Attribution Share-Alike license 3.0.",
			"designation": "Tiglath-pileser III Series A Annals",
			"genre": "Royal Inscription",
			"id_text": "Q006329",
			"language": "Akkadian",
			"object_type": "wall slab (with reliefs)",
			"period": "Neo-Assyrian",
			"primary_publication": "Tiglath-pileser III Series A Annals",
			"provenience": "Nimrud",
			"popular_name": "Kalhu Annals Series A",
			"ruler": "Tiglath-pileser III",
			"supergenre": "LIT"
		},
		"geometry": {
			"type": "Point",
			"coordinates": [43.3275,36.099167]
		}
	}, {
		"type": "Feature",
		"properties": {
			"credits": "Copyright Hayim Tadmor, Shigeo Yamada, Jamie Novotny, and the Royal Inscriptions of the Neo-Assyrian Period (RINAP) Project, 2016. Created by Jamie Novotny, 2015-16, for the Alexander von Humboldt Foundation-funded OIMEA Project at the Historisches Seminar - Abteilung Alte Geschichte of Ludwig-Maximilians-Universität München.The annotated edition is released under the Creative Commons Attribution Share-Alike license 3.0.",
			"designation": "Tiglath-pileser III Series B Annals",
			"genre": "Royal Inscription",
			"id_text": "Q006330",
			"language": "Akkadian",
			"object_type": "wall slab (with reliefs)",
			"period": "Neo-Assyrian",
			"primary_publication": "Tiglath-pileser III Series B Annals",
			"provenience": "Nimrud",
			"popular_name": "Kalhu Annals Series B",
			"ruler": "Tiglath-pileser III",
			"supergenre": "LIT"
		},
		"geometry": {
			"type": "Point",
			"coordinates": [43.3275,36.099167]
		}
	}, {
		"type": "Feature",
		"properties": {
			"credits": "Copyright Hayim Tadmor, Shigeo Yamada, Jamie Novotny, and the Royal Inscriptions of the Neo-Assyrian Period (RINAP) Project, 2016. Created by Jamie Novotny, 2015-16, for the Alexander von Humboldt Foundation-funded OIMEA Project at the Historisches Seminar - Abteilung Alte Geschichte of Ludwig-Maximilians-Universität München.The annotated edition is released under the Creative Commons Attribution Share-Alike license 3.0.",
			"designation": "Tiglath-pileser III Series C Annals",
			"genre": "Royal Inscription",
			"id_text": "Q006331",
			"language": "Akkadian",
			"object_type": "wall slab (with reliefs)",
			"period": "Neo-Assyrian",
			"primary_publication": "Tiglath-pileser III Series C Annals",
			"provenience": "Nimrud",
			"popular_name": "Kalhu Annals Series C",
			"ruler": "Tiglath-pileser III",
			"supergenre": "LIT"
		},
		"geometry": {
			"type": "Point",
			"coordinates": [43.3275,36.099167]
		}
	}]
}
