{
	"type": "FeatureCollection",
	"features": [{
		"type": "Feature",
		"properties": {
			"id_text": "P237223",
			"accession_no": "K 06179 + 1882-05-22, 0496",
			"ark_number": "21198/zz001rpxhk",
			"atf_source": "no atf",
			"author": "Loretz, Oswald & Mayer, Walter",
			"collection": "British Museum, London, UK",
			"date_entered": "12/3/2003",
			"date_updated": "2018-10-20",
			"db_source": "20031203 fitzgerald_fincke",
			"designation": "szu-ila-Gebete, 1978, no. 14",
			"google_earth_collection": "51 31.162' N, 00 7.627' W",
			"height": "?",
			"id": "84468",
			"id_text_int": "237223",
			"join_information": "P237223 lead, single entry",
			"language": "Akkadian",
			"material": "clay",
			"museum_no": "BM —",
			"object_type": "tablet",
			"period": "Neo-Assyrian",
			"photo_up": "600ppi 20160630",
			"primary_publication": "szu-ila-Gebete, 1978, no. 14",
			"provenience": "Nineveh (mod. Kuyunjik)",
			"publication_history": "Geers - von Soden, ZA 42 (1934) 221-224; cf. Ebeling, Handerhebung, 1953, 167",
			"subgenre_remarks": "inc pr",
			"text_remarks": "s'uilla; landscape shaped tablet (upper left corner is missing)",
			"thickness": "?",
			"translation_source": "no translation",
			"width": "?",
			"xproject": "CDLI",
			"xproject": "CDLI"
		},
		"geometry": {
			"type": "Point",
			"coordinates": [43.151937,36.358684]
		}
	}, {
		"type": "Feature",
		"properties": {
			"id_text": "P238568",
			"accession_no": "K 05980 + K 08746",
			"ark_number": "21198/zz001sqwpj",
			"atf_source": "no atf",
			"author": "King, Leonard W.",
			"collection": "British Museum, London, UK",
			"date_entered": "12/3/2003",
			"date_updated": "2018-10-20",
			"db_source": "20031203 fitzgerald_fincke",
			"designation": "BMS 10",
			"genre": "Prayer/Incantation",
			"google_earth_collection": "51 31.162' N, 00 7.627' W",
			"height": "?",
			"id": "85792",
			"id_text_int": "238568",
			"join_information": "P238568 lead, single entry",
			"language": "Akkadian",
			"material": "clay",
			"museum_no": "BM —",
			"object_type": "tablet",
			"period": "Neo-Assyrian",
			"photo_up": "600ppi 20160630",
			"primary_publication": "BMS 10",
			"provenience": "Nineveh (mod. Kuyunjik)",
			"publication_date": "1896",
			"publication_history": "Schollmeyer, Shamash 14",
			"subgenre_remarks": "inc pr",
			"text_remarks": "s'uilla; left and lower left part",
			"thickness": "?",
			"translation_source": "no translation",
			"width": "?",
			"supergenre": "LIT",
			"xproject": "CDLI",
			"xproject": "CDLI"
		},
		"geometry": {
			"type": "Point",
			"coordinates": [43.151937,36.358684]
		}
	}, {
		"type": "Feature",
		"properties": {
			"id_text": "P239891",
			"accession_no": "K 19711",
			"ark_number": "21198/zz001swwjq",
			"atf_source": "no atf",
			"author": "nn",
			"collection": "British Museum, London, UK",
			"date_entered": "12/3/2003",
			"date_updated": "2018-10-20",
			"db_source": "20031203 fitzgerald_fincke",
			"designation": "K 19711",
			"google_earth_collection": "51 31.162' N, 00 7.627' W",
			"height": "?",
			"id": "87061",
			"id_text_int": "239891",
			"language": "Akkadian",
			"material": "clay",
			"museum_no": "BM —",
			"object_type": "tablet",
			"period": "Neo-Assyrian",
			"photo_up": "600ppi 20160630",
			"primary_publication": "unpublished unassigned ?",
			"provenience": "Nineveh (mod. Kuyunjik)",
			"publication_date": "nd",
			"subgenre_remarks": "pr",
			"text_remarks": "prayer to Marduk; upper edge of reverse (light clay) (2 lines)",
			"thickness": "?",
			"translation_source": "no translation",
			"width": "?",
			"xproject": "CDLI",
			"xproject": "CDLI"
		},
		"geometry": {
			"type": "Point",
			"coordinates": [43.151937,36.358684]
		}
	}, {
		"type": "Feature",
		"properties": {
			"id_text": "P240249",
			"accession_no": "Sm 0219",
			"ark_number": "21198/zz001t3x1j",
			"atf_source": "no atf",
			"author": "Loretz, Oswald & Mayer, Walter",
			"collection": "British Museum, London, UK",
			"date_entered": "12/3/2003",
			"date_updated": "2018-10-20",
			"db_source": "20031203 fitzgerald_fincke",
			"designation": "szu-ila-Gebete, 1978, no. 39",
			"google_earth_collection": "51 31.162' N, 00 7.627' W",
			"height": "?",
			"id": "87419",
			"id_text_int": "240249",
			"language": "Akkadian",
			"material": "clay",
			"museum_no": "BM —",
			"object_type": "tablet",
			"period": "Neo-Assyrian",
			"photo_up": "600ppi 20160630",
			"primary_publication": "szu-ila-Gebete, 1978, no. 39",
			"provenience": "Nineveh (mod. Kuyunjik)",
			"publication_history": "cf. Kraus, DLZ 1955, 506; von Soden, Iraq 31 (1969) 82-84 (text D)",
			"subgenre_remarks": "inc pr; rit",
			"text_remarks": "obverse: s'uilla, reverse: ritual; middle part fragment with left edge from a small excerpt tablet",
			"thickness": "?",
			"translation_source": "no translation",
			"width": "?",
			"xproject": "CDLI",
			"xproject": "CDLI"
		},
		"geometry": {
			"type": "Point",
			"coordinates": [43.151937,36.358684]
		}
	}, {
		"type": "Feature",
		"properties": {
			"id_text": "P283536",
			"ark_number": "21198/zz001vk2hd",
			"atf_source": "no atf",
			"author": "Maul, Stefan M. & Strauß, Rita",
			"citation": "C. Saporetti, Onomastica medio-assira, 1970",
			"collection": "Vorderasiatisches Museum, Berlin, Germany",
			"date_entered": "11/11/2005",
			"date_updated": "2018-10-21",
			"db_source": "20051111 dahl",
			"designation": "KAL 04, 056",
			"genre": "Ritual",
			"height": "?",
			"id": "129731",
			"id_text_int": "283536",
			"language": "Akkadian",
			"material": "clay",
			"museum_no": "VAT 09826",
			"object_type": "tablet",
			"period": "Neo-Assyrian",
			"primary_publication": "KAL 04, 056",
			"provenience": "Assur (mod. Qalat Sherqat)",
			"publication_date": "2011",
			"publication_history": "Maul, Stefan & Strauß, Rita, KAL 04 (2011) 056",
			"thickness": "?",
			"translation_source": "no translation",
			"width": "?",
			"supergenre": "STL",
			"xproject": "CDLI",
			"xproject": "CDLI"
		},
		"geometry": {
			"type": "Point",
			"coordinates": [43.262037,35.458121]
		}
	}, {
		"type": "Feature",
		"properties": {
			"id_text": "P286010",
			"accession_no": "1932-12-12, 0537",
			"ark_number": "21198/zz001w51wn",
			"atf_source": "no atf",
			"author": "Figulla, Hugo H.",
			"collection": "British Museum, London, UK",
			"date_entered": "1/25/2006",
			"date_updated": "2018-10-21",
			"db_source": "nn",
			"designation": "CT 51, 149",
			"genre": "Prayer/Incantation",
			"google_earth_collection": "51 31.162' N, 00 7.627' W",
			"height": "?",
			"id": "130990",
			"id_text_int": "286010",
			"lineart_up": "150ppi 20160630",
			"material": "clay",
			"museum_no": "BM 134542",
			"object_type": "tablet",
			"period": "uncertain",
			"primary_publication": "CT 51, 149",
			"provenience": "Nineveh (mod. Kuyunjik)",
			"publication_date": "1972",
			"thickness": "?",
			"translation_source": "no translation",
			"width": "?",
			"supergenre": "LIT",
			"xproject": "CDLI",
			"xproject": "CDLI"
		},
		"geometry": {
			"type": "Point",
			"coordinates": [43.151937,36.358684]
		}
	}, {
		"type": "Feature",
		"properties": {
			"id_text": "P286069",
			"accession_no": "1932-12-10, 0331",
			"ark_number": "21198/zz001w1s01",
			"atf_source": "no atf",
			"author": "Figulla, Hugo H.",
			"collection": "British Museum, London, UK",
			"date_entered": "1/25/2006",
			"date_updated": "2018-10-21",
			"db_source": "nn",
			"designation": "CT 51, 208",
			"genre": "Prayer/Incantation",
			"google_earth_collection": "51 31.162' N, 00 7.627' W",
			"height": "?",
			"id": "131043",
			"id_text_int": "286069",
			"lineart_up": "150ppi 20160630",
			"material": "clay",
			"museum_no": "BM 123388",
			"object_type": "tablet",
			"period": "uncertain",
			"photo_up": "600ppi 20160913",
			"primary_publication": "CT 51, 208",
			"provenience": "Nineveh (mod. Kuyunjik)",
			"publication_date": "1972",
			"thickness": "?",
			"translation_source": "no translation",
			"width": "?",
			"supergenre": "LIT",
			"xproject": "CDLI",
			"xproject": "CDLI"
		},
		"geometry": {
			"type": "Point",
			"coordinates": [43.151937,36.358684]
		}
	}, {
		"type": "Feature",
		"properties": {
			"id_text": "P286072",
			"accession_no": "1930-05-08, 0030",
			"ark_number": "21198/zz001w1s3k",
			"atf_source": "no atf",
			"author": "Figulla, Hugo H.",
			"collection": "British Museum, London, UK",
			"date_entered": "1/25/2006",
			"date_updated": "2018-10-21",
			"db_source": "nn",
			"designation": "CT 51, 211",
			"genre": "uncertain",
			"google_earth_collection": "51 31.162' N, 00 7.627' W",
			"height": "?",
			"id": "131046",
			"id_text_int": "286072",
			"lineart_up": "150ppi 20160630",
			"material": "clay",
			"museum_no": "BM 122641",
			"object_type": "tablet",
			"period": "uncertain",
			"photo_up": "600ppi 20160913",
			"primary_publication": "CT 51, 211",
			"provenience": "Nineveh (mod. Kuyunjik)",
			"publication_date": "1972",
			"thickness": "?",
			"translation_source": "no translation",
			"width": "?",
			"supergenre": "unknown",
			"xproject": "CDLI",
			"xproject": "CDLI"
		},
		"geometry": {
			"type": "Point",
			"coordinates": [43.151937,36.358684]
		}
	}, {
		"type": "Feature",
		"properties": {
			"id_text": "P338369",
			"ark_number": "21198/zz001xbd3q",
			"atf_source": "no atf",
			"author": "Gurney, Oliver R.",
			"collection": "Anadolu Medeniyetleri Müzesi, Ankara, Turkey",
			"date_entered": "9/20/2006",
			"date_updated": "2018-10-21",
			"db_source": "20060920 cdliadmin",
			"designation": "STT 1, 051",
			"excavation_no": "SU 1952, 124",
			"height": "40",
			"id": "175601",
			"id_text_int": "338369",
			"language": "Akkadian",
			"lineart_up": "150ppi 20160630",
			"material": "clay",
			"museum_no": "AMM —",
			"object_type": "tablet",
			"period": "Neo-Assyrian",
			"primary_publication": "STT 1, 051",
			"provenience": "Huzirina (mod. Sultantepe)",
			"publication_date": "1957",
			"thickness": "?",
			"translation_source": "no translation",
			"width": "30",
			"xproject": "CDLI",
			"xproject": "CDLI"
		},
		"geometry": {
			"type": "Point",
			"coordinates": [38.9061,37.05]
		}
	}, {
		"type": "Feature",
		"properties": {
			"id_text": "P338373",
			"ark_number": "21198/zz001xbd7s",
			"atf_source": "no atf",
			"author": "Gurney, Oliver R.",
			"collection": "Anadolu Medeniyetleri Müzesi, Ankara, Turkey",
			"date_entered": "9/20/2006",
			"date_updated": "2018-10-21",
			"db_source": "20060920 cdliadmin",
			"designation": "STT 1, 055",
			"excavation_no": "SU 1951, 113",
			"height": "114",
			"id": "175605",
			"id_text_int": "338373",
			"language": "Akkadian",
			"lineart_up": "150ppi 20160630",
			"material": "clay",
			"museum_no": "AMM —",
			"object_type": "tablet",
			"period": "Neo-Assyrian",
			"primary_publication": "STT 1, 055",
			"provenience": "Huzirina (mod. Sultantepe)",
			"publication_date": "1957",
			"thickness": "?",
			"translation_source": "no translation",
			"width": "77",
			"xproject": "CDLI",
			"xproject": "CDLI"
		},
		"geometry": {
			"type": "Point",
			"coordinates": [38.9061,37.05]
		}
	}, {
		"type": "Feature",
		"properties": {
			"id_text": "P338374",
			"ark_number": "21198/zz001xbd89",
			"atf_source": "no atf",
			"author": "Gurney, Oliver R.",
			"collection": "Anadolu Medeniyetleri Müzesi, Ankara, Turkey",
			"date_entered": "9/20/2006",
			"date_updated": "2018-10-21",
			"db_source": "20060920 cdliadmin",
			"designation": "STT 1, 056",
			"excavation_no": "SU 1951, 107",
			"height": "163",
			"id": "175606",
			"id_text_int": "338374",
			"language": "Akkadian",
			"lineart_up": "150ppi 20160630",
			"material": "clay",
			"museum_no": "AMM —",
			"object_type": "tablet",
			"period": "Neo-Assyrian",
			"primary_publication": "STT 1, 056",
			"provenience": "Huzirina (mod. Sultantepe)",
			"publication_date": "1957",
			"thickness": "?",
			"translation_source": "no translation",
			"width": "80",
			"xproject": "CDLI",
			"xproject": "CDLI"
		},
		"geometry": {
			"type": "Point",
			"coordinates": [38.9061,37.05]
		}
	}, {
		"type": "Feature",
		"properties": {
			"id_text": "P338377",
			"ark_number": "21198/zz001xbdcv",
			"atf_source": "no atf",
			"author": "Gurney, Oliver R.",
			"collection": "Anadolu Medeniyetleri Müzesi, Ankara, Turkey",
			"date_entered": "9/20/2006",
			"date_updated": "2018-10-21",
			"db_source": "20060920 cdliadmin",
			"designation": "STT 1, 059",
			"excavation_no": "SU 1951, 034",
			"height": "143",
			"id": "175609",
			"id_text_int": "338377",
			"language": "Akkadian",
			"lineart_up": "150ppi 20160630",
			"material": "clay",
			"museum_no": "AMM —",
			"object_type": "tablet",
			"period": "Neo-Assyrian",
			"primary_publication": "STT 1, 059",
			"provenience": "Huzirina (mod. Sultantepe)",
			"publication_date": "1957",
			"thickness": "?",
			"translation_source": "no translation",
			"width": "116",
			"xproject": "CDLI",
			"xproject": "CDLI"
		},
		"geometry": {
			"type": "Point",
			"coordinates": [38.9061,37.05]
		}
	}, {
		"type": "Feature",
		"properties": {
			"id_text": "P338378",
			"ark_number": "21198/zz001xbddc",
			"atf_source": "no atf",
			"author": "Gurney, Oliver R.",
			"cdli_comments": "20190526 englund: join noted to rke by A. Lenzi",
			"collection": "Anadolu Medeniyetleri Müzesi, Ankara, Turkey",
			"date_entered": "9/20/2006",
			"date_updated": "2020-02-04",
			"db_source": "20060920 cdliadmin",
			"designation": "STT 1, 060 + STT 2, 233",
			"excavation_no": "SU 1951, 052 + SU 1951, 170a",
			"height": "70",
			"id": "175610",
			"id_text_int": "338378",
			"language": "Akkadian",
			"lineart_up": "150ppi 20160630",
			"material": "clay",
			"museum_no": "AMM —",
			"object_type": "tablet",
			"period": "Neo-Assyrian",
			"primary_publication": "STT 1, 060 + STT 2, 233",
			"provenience": "Huzirina (mod. Sultantepe)",
			"publication_date": "1957",
			"thickness": "?",
			"translation_source": "no translation",
			"width": "100",
			"xproject": "CDLI",
			"xproject": "CDLI"
		},
		"geometry": {
			"type": "Point",
			"coordinates": [38.9061,37.05]
		}
	}, {
		"type": "Feature",
		"properties": {
			"id_text": "P338379",
			"ark_number": "21198/zz001xj2mb",
			"atf_source": "no atf",
			"author": "Gurney, Oliver R.",
			"collection": "Anadolu Medeniyetleri Müzesi, Ankara, Turkey",
			"date_entered": "9/20/2006",
			"date_updated": "2018-10-21",
			"db_source": "20060920 cdliadmin",
			"designation": "STT 1, 061",
			"excavation_no": "SU 1951, 045 + SU 1951, 145",
			"height": "122",
			"id": "175611",
			"id_text_int": "338379",
			"join_information": "P338379 lead, single entry",
			"language": "Akkadian",
			"lineart_up": "150ppi 20160630",
			"material": "clay",
			"museum_no": "AMM —",
			"object_type": "tablet",
			"period": "Neo-Assyrian",
			"primary_publication": "STT 1, 061",
			"provenience": "Huzirina (mod. Sultantepe)",
			"publication_date": "1957",
			"thickness": "?",
			"translation_source": "no translation",
			"width": "83",
			"xproject": "CDLI",
			"xproject": "CDLI"
		},
		"geometry": {
			"type": "Point",
			"coordinates": [38.9061,37.05]
		}
	}, {
		"type": "Feature",
		"properties": {
			"id_text": "P338385",
			"ark_number": "21198/zz001xj2tf",
			"atf_source": "no atf",
			"author": "Gurney, Oliver R.",
			"collection": "Anadolu Medeniyetleri Müzesi, Ankara, Turkey",
			"date_entered": "9/20/2006",
			"date_updated": "2018-10-21",
			"db_source": "20060920 cdliadmin",
			"designation": "STT 1, 067",
			"excavation_no": "SU 1951, 060",
			"height": "117",
			"id": "175617",
			"id_text_int": "338385",
			"language": "Akkadian",
			"lineart_up": "150ppi 20160630",
			"material": "clay",
			"museum_no": "AMM —",
			"object_type": "tablet",
			"period": "Neo-Assyrian",
			"primary_publication": "STT 1, 067",
			"provenience": "Huzirina (mod. Sultantepe)",
			"publication_date": "1957",
			"thickness": "?",
			"translation_source": "no translation",
			"width": "66",
			"xproject": "CDLI",
			"xproject": "CDLI"
		},
		"geometry": {
			"type": "Point",
			"coordinates": [38.9061,37.05]
		}
	}, {
		"type": "Feature",
		"properties": {
			"id_text": "P338387",
			"ark_number": "21198/zz001xj2wg",
			"atf_source": "no atf",
			"author": "Gurney, Oliver R.",
			"collection": "Anadolu Medeniyetleri Müzesi, Ankara, Turkey",
			"date_entered": "9/20/2006",
			"date_updated": "2018-10-21",
			"db_source": "20060920 cdliadmin",
			"designation": "STT 1, 069",
			"excavation_no": "SU 1951, 018",
			"height": "91",
			"id": "175619",
			"id_text_int": "338387",
			"language": "Akkadian",
			"lineart_up": "150ppi 20160630",
			"material": "clay",
			"museum_no": "AMM —",
			"object_type": "tablet",
			"period": "Neo-Assyrian",
			"primary_publication": "STT 1, 069",
			"provenience": "Huzirina (mod. Sultantepe)",
			"publication_date": "1957",
			"thickness": "?",
			"translation_source": "no translation",
			"width": "120",
			"xproject": "CDLI",
			"xproject": "CDLI"
		},
		"geometry": {
			"type": "Point",
			"coordinates": [38.9061,37.05]
		}
	}, {
		"type": "Feature",
		"properties": {
			"id_text": "P338442",
			"ark_number": "21198/zz001zjs76",
			"atf_source": "no atf",
			"author": "Gurney, Oliver R. & Hulin, Peter",
			"collection": "Anadolu Medeniyetleri Müzesi, Ankara, Turkey",
			"date_entered": "9/20/2006",
			"date_updated": "2018-10-21",
			"db_source": "20060920 cdliadmin",
			"designation": "STT 2, 122",
			"excavation_no": "SU 1951, 215",
			"height": "35",
			"id": "175668",
			"id_text_int": "338442",
			"language": "Akkadian",
			"lineart_up": "150ppi 20160630",
			"material": "clay",
			"museum_no": "AMM —",
			"object_type": "tablet",
			"period": "Neo-Assyrian",
			"primary_publication": "STT 2, 122",
			"provenience": "Huzirina (mod. Sultantepe)",
			"publication_date": "1964",
			"thickness": "?",
			"translation_source": "no translation",
			"width": "50",
			"xproject": "CDLI",
			"xproject": "CDLI"
		},
		"geometry": {
			"type": "Point",
			"coordinates": [38.9061,37.05]
		}
	}, {
		"type": "Feature",
		"properties": {
			"id_text": "P338452",
			"ark_number": "21198/zz001xcg13",
			"atf_source": "no atf",
			"author": "Gurney, Oliver R. & Hulin, Peter",
			"collection": "Anadolu Medeniyetleri Müzesi, Ankara, Turkey",
			"date_entered": "9/20/2006",
			"date_updated": "2018-10-21",
			"db_source": "20060920 cdliadmin",
			"designation": "STT 2, 132",
			"excavation_no": "SU 1951, 174",
			"height": "31",
			"id": "175678",
			"id_text_int": "338452",
			"language": "Akkadian",
			"lineart_up": "150ppi 20160630",
			"material": "clay",
			"museum_no": "AMM —",
			"object_type": "tablet",
			"period": "Neo-Assyrian",
			"primary_publication": "STT 2, 132",
			"provenience": "Huzirina (mod. Sultantepe)",
			"publication_date": "1964",
			"thickness": "?",
			"translation_source": "no translation",
			"width": "34",
			"xproject": "CDLI",
			"xproject": "CDLI"
		},
		"geometry": {
			"type": "Point",
			"coordinates": [38.9061,37.05]
		}
	}, {
		"type": "Feature",
		"properties": {
			"id_text": "P345531",
			"accession_no": "1888-05-12 Bu, 0131",
			"ark_number": "21198/zz001zw3c3",
			"atf_source": "no atf",
			"author": "Sollberger, Edmond",
			"collection": "British Museum, London, UK",
			"date_entered": "11/10/2006",
			"date_updated": "2018-10-21",
			"db_source": "20061110 cdliadmin_tinney",
			"designation": "CT 44, 22",
			"google_earth_collection": "51 31.162' N, 00 7.627' W",
			"id": "182556",
			"id_text_int": "345531",
			"lineart_up": "150ppi 20160630",
			"material": "clay",
			"museum_no": "BM 078275",
			"object_type": "tablet",
			"primary_publication": "CT 44, 22",
			"provenience": "Sippar-Yahrurum (mod. Tell Abu Habbah)",
			"publication_date": "1963",
			"translation_source": "no translation",
			"xproject": "CDLI",
			"xproject": "CDLI"
		},
		"geometry": {
			"type": "Point",
			"coordinates": [44.253809,33.059195]
		}
	}, {
		"type": "Feature",
		"properties": {
			"id_text": "P345544",
			"accession_no": "1888-05-12 Bu, 0070",
			"ark_number": "21198/zz0020ndpr",
			"atf_source": "no atf",
			"author": "Sollberger, Edmond",
			"collection": "British Museum, London, UK",
			"date_entered": "11/10/2006",
			"date_updated": "2018-10-21",
			"db_source": "20061110 cdliadmin_tinney",
			"designation": "CT 44, 35",
			"google_earth_collection": "51 31.162' N, 00 7.627' W",
			"id": "182569",
			"id_text_int": "345544",
			"lineart_up": "150ppi 20160630",
			"material": "clay",
			"museum_no": "BM 078219",
			"object_type": "tablet",
			"primary_publication": "CT 44, 35",
			"provenience": "Sippar-Yahrurum (mod. Tell Abu Habbah)",
			"publication_date": "1963",
			"translation_source": "no translation",
			"xproject": "CDLI",
			"xproject": "CDLI"
		},
		"geometry": {
			"type": "Point",
			"coordinates": [44.253809,33.059195]
		}
	}, {
		"type": "Feature",
		"properties": {
			"id_text": "P347218",
			"ark_number": "21198/zz001wqf05",
			"atf_source": "no atf",
			"author": "van Dijk, Johannes J. A.",
			"collection": "Vorderasiatisches Museum, Berlin, Germany",
			"date_entered": "11/2/2006",
			"date_updated": "2018-10-21",
			"db_source": "20061205 cdliadmin_veldhuis",
			"designation": "VS 24, 099",
			"id": "184119",
			"id_text_int": "347218",
			"lineart_up": "150ppi 20160630",
			"material": "clay",
			"museum_no": "VAT 17414",
			"object_type": "tablet",
			"photo_up": "600ppi 20160630",
			"primary_publication": "VS 24, 099",
			"provenience": "Bābili (mod. Babylon)",
			"publication_date": "1987",
			"translation_source": "no translation",
			"xproject": "CDLI",
			"xproject": "CDLI"
		},
		"geometry": {
			"type": "Point",
			"coordinates": [44.422236,32.543395]
		}
	}, {
		"type": "Feature",
		"properties": {
			"id_text": "P347219",
			"ark_number": "21198/zz001wqf1p",
			"atf_source": "no atf",
			"author": "van Dijk, Johannes J. A.",
			"collection": "Vorderasiatisches Museum, Berlin, Germany",
			"date_entered": "11/2/2006",
			"date_updated": "2018-10-21",
			"db_source": "20061205 cdliadmin_veldhuis",
			"designation": "VS 24, 100",
			"id": "184120",
			"id_text_int": "347219",
			"lineart_up": "150ppi 20160630",
			"material": "clay",
			"museum_no": "VAT 17349",
			"object_type": "tablet",
			"photo_up": "600ppi 20160630",
			"primary_publication": "VS 24, 100",
			"provenience": "Bābili (mod. Babylon)",
			"publication_date": "1987",
			"translation_source": "no translation",
			"xproject": "CDLI",
			"xproject": "CDLI"
		},
		"geometry": {
			"type": "Point",
			"coordinates": [44.422236,32.543395]
		}
	}, {
		"type": "Feature",
		"properties": {
			"id_text": "P348616",
			"ark_number": "21198/zz0020kzwp",
			"atf_source": "no atf",
			"author": "Von Weiher, Egbert",
			"collection": "National Museum of Iraq, Baghdad, Iraq",
			"date_entered": "11/12/2006",
			"date_updated": "2018-10-21",
			"db_source": "20061205 cdliadmin_veldhuis",
			"designation": "SpTU 2, 011",
			"excavation_no": "W 22729,06",
			"id": "185512",
			"id_text_int": "348616",
			"lineart_up": "150ppi 20160630",
			"material": "clay",
			"museum_no": "IM —",
			"object_type": "tablet",
			"period": "Hellenistic",
			"primary_publication": "SpTU 2, 011",
			"provenience": "Uruk (mod. Warka)",
			"publication_date": "1983",
			"translation_source": "no translation",
			"xproject": "CDLI",
			"xproject": "CDLI"
		},
		"geometry": {
			"type": "Point",
			"coordinates": [45.638752,31.32446]
		}
	}, {
		"type": "Feature",
		"properties": {
			"id_text": "P348680",
			"ark_number": "21198/zz001zg186",
			"atf_source": "no atf",
			"author": "Von Weiher, Egbert",
			"collection": "National Museum of Iraq, Baghdad, Iraq",
			"date_entered": "11/12/2006",
			"date_updated": "2018-10-21",
			"db_source": "20061205 cdliadmin_veldhuis",
			"designation": "SpTU 3, 076",
			"excavation_no": "W 23274",
			"id": "185575",
			"id_text_int": "348680",
			"lineart_up": "150ppi 20160630",
			"material": "clay",
			"museum_no": "IM —",
			"object_type": "tablet",
			"period": "Hellenistic",
			"primary_publication": "SpTU 3, 076",
			"provenience": "Uruk (mod. Warka)",
			"publication_date": "1988",
			"translation_source": "no translation",
			"xproject": "CDLI",
			"xproject": "CDLI"
		},
		"geometry": {
			"type": "Point",
			"coordinates": [45.638752,31.32446]
		}
	}, {
		"type": "Feature",
		"properties": {
			"id_text": "P348681",
			"ark_number": "21198/zz001zg19q",
			"atf_source": "no atf",
			"author": "Von Weiher, Egbert",
			"collection": "National Museum of Iraq, Baghdad, Iraq",
			"date_entered": "11/12/2006",
			"date_updated": "2018-10-21",
			"db_source": "20061205 cdliadmin_veldhuis",
			"designation": "SpTU 3, 077",
			"excavation_no": "W 23265",
			"id": "185576",
			"id_text_int": "348681",
			"lineart_up": "150ppi 20160630",
			"material": "clay",
			"museum_no": "IM —",
			"object_type": "tablet",
			"period": "Hellenistic",
			"primary_publication": "SpTU 3, 077",
			"provenience": "Uruk (mod. Warka)",
			"publication_date": "1988",
			"translation_source": "no translation",
			"xproject": "CDLI",
			"xproject": "CDLI"
		},
		"geometry": {
			"type": "Point",
			"coordinates": [45.638752,31.32446]
		}
	}, {
		"type": "Feature",
		"properties": {
			"id_text": "P348682",
			"ark_number": "21198/zz001zg1b7",
			"atf_source": "no atf",
			"author": "Von Weiher, Egbert",
			"collection": "National Museum of Iraq, Baghdad, Iraq",
			"date_entered": "11/12/2006",
			"date_updated": "2018-10-21",
			"db_source": "20061205 cdliadmin_veldhuis",
			"designation": "SpTU 3, 078",
			"excavation_no": "W 22554,4a",
			"id": "185577",
			"id_text_int": "348682",
			"lineart_up": "150ppi 20160630",
			"material": "clay",
			"museum_no": "IM —",
			"object_type": "tablet",
			"period": "Hellenistic",
			"primary_publication": "SpTU 3, 078",
			"provenience": "Uruk (mod. Warka)",
			"publication_date": "1988",
			"translation_source": "no translation",
			"xproject": "CDLI",
			"xproject": "CDLI"
		},
		"geometry": {
			"type": "Point",
			"coordinates": [45.638752,31.32446]
		}
	}, {
		"type": "Feature",
		"properties": {
			"id_text": "P363580",
			"ark_number": "21198/zz0021dt8m",
			"atf_source": "no atf",
			"author": "Wiseman, Donald J. & Black, Jeremy A.",
			"collection": "British Museum, London, UK",
			"date_entered": "28/02/2007",
			"date_updated": "2018-10-21",
			"db_source": "20070303 cdliadmin_robson",
			"designation": "CTN 4, 166",
			"excavation_no": "ND 04405/24",
			"genre": "Prayer/Incantation",
			"google_earth_collection": "51 31.162' N, 00 7.627' W",
			"height": "63",
			"id": "199891",
			"id_text_int": "363580",
			"language": "Akkadian",
			"material": "clay",
			"museum_no": "BM —",
			"object_type": "tablet",
			"period": "Neo-Assyrian",
			"primary_publication": "CTN 4, 166",
			"provenience": "Kalhu (mod. Nimrud)",
			"provenience_remarks": "Ezida",
			"publication_date": "1996",
			"subgenre_remarks": "prayer shu-ila to Tashmetu",
			"text_remarks": "Fragment from the upper left hand corner of a one-column clay tablet with cuneiform inscription. Neo-Assyrian. Akkadian shu'illa to Tashmetu.",
			"thickness": "?",
			"translation_source": "no translation",
			"width": "54",
			"supergenre": "LIT",
			"xproject": "CDLI",
			"xproject": "CDLI"
		},
		"geometry": {
			"type": "Point",
			"coordinates": [43.3275,36.099167]
		}
	}, {
		"type": "Feature",
		"properties": {
			"id_text": "P363581",
			"ark_number": "21198/zz0021dt94",
			"atf_source": "no atf",
			"author": "Wiseman, Donald J. & Black, Jeremy A.",
			"collection": "National Museum of Iraq, Baghdad, Iraq",
			"date_entered": "28/02/2007",
			"date_updated": "2018-10-21",
			"db_source": "20070303 cdliadmin_robson",
			"designation": "CTN 4, 167",
			"excavation_no": "ND 05487",
			"genre": "Prayer/Incantation",
			"id": "199892",
			"id_text_int": "363581",
			"language": "Akkadian",
			"material": "clay",
			"museum_no": "IM 067594",
			"object_type": "tablet",
			"period": "Neo-Assyrian",
			"primary_publication": "CTN 4, 167",
			"provenience": "Kalhu (mod. Nimrud)",
			"provenience_remarks": "Ezida",
			"publication_date": "1996",
			"subgenre_remarks": "prayer shu-ila to Ea",
			"translation_source": "no translation",
			"supergenre": "LIT",
			"xproject": "CDLI",
			"xproject": "CDLI"
		},
		"geometry": {
			"type": "Point",
			"coordinates": [43.3275,36.099167]
		}
	}, {
		"type": "Feature",
		"properties": {
			"id_text": "P363582",
			"ark_number": "21198/zz0021dtbn",
			"atf_source": "no atf",
			"author": "Wiseman, Donald J. & Black, Jeremy A.",
			"collection": "National Museum of Iraq, Baghdad, Iraq",
			"date_entered": "28/02/2007",
			"date_updated": "2018-10-21",
			"db_source": "20070303 cdliadmin_robson",
			"designation": "CTN 4, 168",
			"excavation_no": "ND 05493",
			"genre": "Prayer/Incantation",
			"id": "199893",
			"id_text_int": "363582",
			"language": "Akkadian",
			"material": "clay",
			"museum_no": "IM 067630",
			"object_type": "tablet",
			"period": "Neo-Assyrian",
			"primary_publication": "CTN 4, 168",
			"provenience": "Kalhu (mod. Nimrud)",
			"provenience_remarks": "Ezida",
			"publication_date": "1996",
			"subgenre_remarks": "prayer shu-ila to goddesses",
			"translation_source": "no translation",
			"supergenre": "LIT",
			"xproject": "CDLI",
			"xproject": "CDLI"
		},
		"geometry": {
			"type": "Point",
			"coordinates": [43.3275,36.099167]
		}
	}, {
		"type": "Feature",
		"properties": {
			"id_text": "P363583",
			"ark_number": "21198/zz0021dtc5",
			"atf_source": "no atf",
			"author": "Wiseman, Donald J. & Black, Jeremy A.",
			"collection": "British Museum, London, UK",
			"date_entered": "28/02/2007",
			"date_updated": "2018-10-21",
			"db_source": "20070303 cdliadmin_robson",
			"designation": "CTN 4, 169",
			"excavation_no": "ND 04405/29",
			"genre": "Prayer/Incantation",
			"google_earth_collection": "51 31.162' N, 00 7.627' W",
			"height": "45",
			"id": "199894",
			"id_text_int": "363583",
			"language": "Akkadian",
			"material": "clay",
			"museum_no": "BM —",
			"object_type": "tablet",
			"period": "Neo-Assyrian",
			"primary_publication": "CTN 4, 169",
			"provenience": "Kalhu (mod. Nimrud)",
			"provenience_remarks": "Ezida",
			"publication_date": "1996",
			"subgenre_remarks": "prayer to Marduk",
			"text_remarks": "Fragment from the upper right hand corner of a clay tablet with cuneiform inscription. Neo-Assyrian. Akkadian prayer to Marduk.",
			"thickness": "?",
			"translation_source": "no translation",
			"width": "29",
			"supergenre": "LIT",
			"xproject": "CDLI",
			"xproject": "CDLI"
		},
		"geometry": {
			"type": "Point",
			"coordinates": [43.3275,36.099167]
		}
	}, {
		"type": "Feature",
		"properties": {
			"id_text": "P363594",
			"ark_number": "21198/zz0021hkgp",
			"atf_source": "no atf",
			"author": "Wiseman, Donald J. & Black, Jeremy A.",
			"collection": "National Museum of Iraq, Baghdad, Iraq",
			"date_entered": "01/03/2007",
			"date_updated": "2018-10-21",
			"db_source": "20070303 cdliadmin_robson",
			"designation": "CTN 4, 180",
			"excavation_no": "ND 04374",
			"genre": "Prayer/Incantation",
			"id": "199905",
			"id_text_int": "363594",
			"language": "Akkadian",
			"material": "clay",
			"museum_no": "IM 067622",
			"object_type": "tablet",
			"period": "Neo-Assyrian",
			"primary_publication": "CTN 4, 180",
			"provenience": "Kalhu (mod. Nimrud)",
			"provenience_remarks": "Ezida",
			"publication_date": "1996",
			"subgenre_remarks": "Akk prayer to Marduk and Zarpanitu",
			"translation_source": "no translation",
			"supergenre": "LIT",
			"xproject": "CDLI",
			"xproject": "CDLI"
		},
		"geometry": {
			"type": "Point",
			"coordinates": [43.3275,36.099167]
		}
	}, {
		"type": "Feature",
		"properties": {
			"id_text": "P363596",
			"ark_number": "21198/zz0021hkjq",
			"atf_source": "no atf",
			"author": "Wiseman, Donald J. & Black, Jeremy A.",
			"collection": "British Museum, London, UK",
			"date_entered": "01/03/2007",
			"date_updated": "2018-10-21",
			"db_source": "20070303 cdliadmin_robson",
			"designation": "CTN 4, 182",
			"excavation_no": "ND 04405/46",
			"genre": "Prayer/Incantation",
			"google_earth_collection": "51 31.162' N, 00 7.627' W",
			"height": "69",
			"id": "199907",
			"id_text_int": "363596",
			"language": "Akkadian",
			"material": "clay",
			"museum_no": "BM —",
			"object_type": "tablet",
			"period": "Neo-Assyrian",
			"primary_publication": "CTN 4, 182",
			"provenience": "Kalhu (mod. Nimrud)",
			"provenience_remarks": "Ezida",
			"publication_date": "1996",
			"subgenre_remarks": "prayer to Ishtar",
			"text_remarks": "Clay tablet with cuneiform inscription. Neo-Assyrian. Prayer to Ishtar.",
			"thickness": "?",
			"translation_source": "no translation",
			"width": "56",
			"supergenre": "LIT",
			"xproject": "CDLI",
			"xproject": "CDLI"
		},
		"geometry": {
			"type": "Point",
			"coordinates": [43.3275,36.099167]
		}
	}, {
		"type": "Feature",
		"properties": {
			"id_text": "P363722",
			"ark_number": "21198/zz001z6rdt",
			"atf_source": "no atf",
			"author": "Thureau-Dangin, François",
			"collection": "Louvre Museum, Paris, France",
			"date_entered": "3/3/2007",
			"date_updated": "2018-10-21",
			"db_source": "20070303 cdliadmin_robson",
			"designation": "TCL 06, 50",
			"genre": "Ritual",
			"id": "199997",
			"id_text_int": "363722",
			"lineart_up": "150ppi 20160630",
			"material": "clay",
			"museum_no": "AO 06471",
			"object_type": "tablet",
			"period": "Hellenistic",
			"primary_publication": "TCL 06, 50",
			"provenience": "Uruk (mod. Warka)",
			"publication_date": "1922",
			"subgenre_remarks": "ritual for journey in chariot",
			"translation_source": "no translation",
			"supergenre": "STL",
			"xproject": "CDLI",
			"xproject": "CDLI"
		},
		"geometry": {
			"type": "Point",
			"coordinates": [45.638752,31.32446]
		}
	}, {
		"type": "Feature",
		"properties": {
			"id_text": "P365302",
			"accession_no": "1882-03-23, 0101 + 1882-05-22, 1048",
			"ark_number": "21198/zz001znttt",
			"atf_source": "no atf",
			"author": "King, Leonard W.",
			"collection": "British Museum, London, UK",
			"date_entered": "2/22/2007",
			"date_updated": "2018-10-21",
			"db_source": "20070309 cdliadmin_issa",
			"designation": "CT 13, pl. 35-38, 1882-05-22, 1048",
			"genre": "Literary",
			"google_earth_collection": "51 31.162' N, 00 7.627' W",
			"id": "201567",
			"id_text_int": "365302",
			"language": "Akkadian",
			"lineart_up": "150ppi 20160630",
			"material": "clay",
			"museum_no": "BM 093014",
			"object_type": "tablet",
			"period": "Neo-Assyrian",
			"primary_publication": "CT 13, pl. 35-38, 1882-05-22, 1048",
			"provenience": "Nineveh (mod. Kuyunjik)",
			"publication_date": "1901",
			"translation_source": "no translation",
			"supergenre": "LIT",
			"xproject": "CDLI",
			"xproject": "CDLI"
		},
		"geometry": {
			"type": "Point",
			"coordinates": [43.151937,36.358684]
		}
	}, {
		"type": "Feature",
		"properties": {
			"id_text": "P369009",
			"ark_number": "21198/zz00214nbn",
			"atf_source": "no atf",
			"author": "Ebeling, Erich",
			"cdli_comments": "20190126 cdliadmin: Oshima, Babylonian Prayers to Marduk, ORA 7, p. 110 and pl. 34, suggested join, confirmed A. Lenzi 20190126 email to cdli with photo",
			"collection": "Vorderasiatisches Museum, Berlin, Germany",
			"date_entered": "7/23/2007",
			"date_updated": "2019-01-26",
			"db_source": "20070723 cdliadmin",
			"designation": "KAR 023 + 025",
			"genre": "Literary",
			"id": "204977",
			"id_text_int": "369009",
			"language": "Akkadian",
			"lineart_up": "150ppi 20160630",
			"material": "clay",
			"museum_no": "VAT 09823 + VAT 09737",
			"object_type": "tablet",
			"period": "Neo-Assyrian",
			"primary_publication": "KAR 023 + 025",
			"provenience": "Assur (mod. Qalat Sherqat)",
			"publication_date": "1919",
			"translation_source": "no translation",
			"supergenre": "LIT",
			"xproject": "CDLI",
			"xproject": "CDLI"
		},
		"geometry": {
			"type": "Point",
			"coordinates": [43.262037,35.458121]
		}
	}, {
		"type": "Feature",
		"properties": {
			"id_text": "P369024",
			"ark_number": "21198/zz001zm47x",
			"atf_source": "no atf",
			"author": "Ebeling, Erich",
			"citation": "Farber 1977 Ishtar and Dumuzi",
			"collection": "Vorderasiatisches Museum, Berlin, Germany; Arkeoloji Müzeleri, Istanbul, Turkey ?",
			"date_entered": "7/23/2007",
			"date_updated": "2020-12-15",
			"db_source": "20070723 cdliadmin",
			"designation": "KAR 042 + LAK074",
			"excavation_no": "? + Ass 13955 ic",
			"genre": "Literary",
			"id": "204991",
			"id_text_int": "369024",
			"join_information": "indirect join",
			"language": "Akkadian",
			"lineart_up": "150ppi 20160630",
			"material": "clay",
			"museum_no": "VAT 08257 + Ist A — ?",
			"object_type": "tablet",
			"period": "Neo-Assyrian",
			"primary_publication": "KAR 042 + LAK074",
			"provenience": "Assur (mod. Qalat Sherqat)",
			"publication_date": "1919; 1953",
			"translation_source": "no translation",
			"supergenre": "LIT",
			"xproject": "CDLI",
			"xproject": "CDLI"
		},
		"geometry": {
			"type": "Point",
			"coordinates": [43.262037,35.458121]
		}
	}, {
		"type": "Feature",
		"properties": {
			"id_text": "P369037",
			"ark_number": "21198/zz001zm4pn",
			"atf_source": "no atf",
			"author": "Ebeling, Erich",
			"collection": "Vorderasiatisches Museum, Berlin, Germany",
			"date_entered": "7/23/2007",
			"date_updated": "2018-10-21",
			"db_source": "20070723 cdliadmin",
			"designation": "KAR 055",
			"genre": "Literary",
			"id": "205003",
			"id_text_int": "369037",
			"language": "Akkadian",
			"lineart_up": "150ppi 20160630",
			"material": "clay",
			"museum_no": "VAT 08786",
			"object_type": "tablet",
			"period": "Neo-Assyrian",
			"primary_publication": "KAR 055",
			"provenience": "Assur (mod. Qalat Sherqat)",
			"publication_date": "1919",
			"translation_source": "no translation",
			"supergenre": "LIT",
			"xproject": "CDLI",
			"xproject": "CDLI"
		},
		"geometry": {
			"type": "Point",
			"coordinates": [43.262037,35.458121]
		}
	}, {
		"type": "Feature",
		"properties": {
			"id_text": "P369040",
			"ark_number": "21198/zz001zm4s6",
			"atf_source": "no atf",
			"author": "Ebeling, Erich",
			"collection": "Vorderasiatisches Museum, Berlin, Germany",
			"date_entered": "7/23/2007",
			"date_updated": "2018-10-21",
			"db_source": "20070723 cdliadmin",
			"designation": "KAR 058",
			"genre": "Literary",
			"id": "205006",
			"id_text_int": "369040",
			"language": "Akkadian",
			"lineart_up": "150ppi 20160630",
			"material": "clay",
			"museum_no": "VAT 09030",
			"object_type": "tablet",
			"period": "Neo-Assyrian",
			"primary_publication": "KAR 058",
			"provenience": "Assur (mod. Qalat Sherqat)",
			"publication_date": "1919",
			"publication_history": "Panayotov, Strahil V., MA Heidelberg (2009)",
			"translation_source": "no translation",
			"supergenre": "LIT",
			"xproject": "CDLI",
			"xproject": "CDLI"
		},
		"geometry": {
			"type": "Point",
			"coordinates": [43.262037,35.458121]
		}
	}, {
		"type": "Feature",
		"properties": {
			"id_text": "P369041",
			"ark_number": "21198/zz001zm4tq",
			"atf_source": "no atf",
			"author": "Ebeling, Erich",
			"collection": "Vorderasiatisches Museum, Berlin, Germany",
			"date_entered": "7/23/2007",
			"date_updated": "2018-10-21",
			"db_source": "20070723 cdliadmin",
			"designation": "KAR 059",
			"genre": "Literary",
			"id": "205007",
			"id_text_int": "369041",
			"language": "Akkadian",
			"lineart_up": "150ppi 20160630",
			"material": "clay",
			"museum_no": "VAT 08235",
			"object_type": "tablet",
			"period": "Neo-Assyrian",
			"primary_publication": "KAR 059",
			"provenience": "Assur (mod. Qalat Sherqat)",
			"publication_date": "1919",
			"translation_source": "no translation",
			"supergenre": "LIT",
			"xproject": "CDLI",
			"xproject": "CDLI"
		},
		"geometry": {
			"type": "Point",
			"coordinates": [43.262037,35.458121]
		}
	}, {
		"type": "Feature",
		"properties": {
			"id_text": "P369050",
			"ark_number": "21198/zz001z6pkf",
			"atf_source": "no atf",
			"author": "Ebeling, Erich",
			"collection": "Vorderasiatisches Museum, Berlin, Germany",
			"date_entered": "7/23/2007",
			"date_updated": "2018-10-21",
			"db_source": "20070723 cdliadmin",
			"designation": "KAR 068",
			"genre": "Literary",
			"id": "205016",
			"id_text_int": "369050",
			"language": "Akkadian",
			"lineart_up": "150ppi 20160630",
			"material": "clay",
			"museum_no": "VAT 08891",
			"object_type": "tablet",
			"period": "Neo-Assyrian",
			"primary_publication": "KAR 068",
			"provenience": "Assur (mod. Qalat Sherqat)",
			"publication_date": "1919",
			"translation_source": "no translation",
			"supergenre": "LIT",
			"xproject": "CDLI",
			"xproject": "CDLI"
		},
		"geometry": {
			"type": "Point",
			"coordinates": [43.262037,35.458121]
		}
	}, {
		"type": "Feature",
		"properties": {
			"id_text": "P369106",
			"ark_number": "21198/zz002168nw",
			"atf_source": "no atf",
			"author": "Ebeling, Erich",
			"cdli_comments": "20190612 lenzi:  KAR 127 (= VAT 10930) (+) KAR 297 (= VAT 10784) + VAT 10778 (unp.) + KAR 256 (= VAT 11127)",
			"citation": "Mayer, Incantation-prayers (1976) 405; Mayer, Orientalia 59 (1990) 469",
			"collection": "Vorderasiatisches Museum, Berlin, Germany",
			"date_entered": "7/23/2007",
			"date_updated": "2019-06-12",
			"db_source": "20070723 cdliadmin",
			"designation": "KAR 127 + 256 + 297 + frag.",
			"genre": "Literary",
			"id": "205070",
			"id_text_int": "369106",
			"language": "Akkadian",
			"lineart_up": "150ppi 20190612",
			"material": "clay",
			"museum_no": "VAT 10778 + VAT 10784 + VAT 11127 (+) VAT 10930",
			"object_type": "tablet",
			"period": "Neo-Assyrian",
			"primary_publication": "KAR 127 + 256 + 297 + frag.",
			"provenience": "Assur (mod. Qalat Sherqat)",
			"publication_date": "1919",
			"publication_history": "Abusch & Schwemer, AMD 8/2, 788ff. and pl. 82",
			"translation_source": "no translation",
			"supergenre": "LIT",
			"xproject": "CDLI",
			"xproject": "CDLI"
		},
		"geometry": {
			"type": "Point",
			"coordinates": [43.262037,35.458121]
		}
	}, {
		"type": "Feature",
		"properties": {
			"id_text": "P369192",
			"ark_number": "21198/zz001z755f",
			"atf_source": "no atf",
			"author": "Ebeling, Erich",
			"collection": "Vorderasiatisches Museum, Berlin, Germany",
			"date_entered": "7/23/2007",
			"date_updated": "2018-10-21",
			"db_source": "20070723 cdliadmin",
			"designation": "KAR 228",
			"genre": "Literary",
			"id": "205133",
			"id_text_int": "369192",
			"language": "Akkadian",
			"lineart_up": "150ppi 20160630",
			"material": "clay",
			"museum_no": "VAT —",
			"object_type": "tablet",
			"period": "Neo-Assyrian",
			"primary_publication": "KAR 228",
			"provenience": "Assur (mod. Qalat Sherqat)",
			"publication_date": "1919",
			"translation_source": "no translation",
			"supergenre": "LIT",
			"xproject": "CDLI",
			"xproject": "CDLI"
		},
		"geometry": {
			"type": "Point",
			"coordinates": [43.262037,35.458121]
		}
	}, {
		"type": "Feature",
		"properties": {
			"id_text": "P369214",
			"ark_number": "21198/zz0022gwvp",
			"atf_source": "no atf",
			"author": "Ebeling, Erich",
			"collection": "Vorderasiatisches Museum, Berlin, Germany",
			"date_entered": "7/23/2007",
			"date_updated": "2018-10-21",
			"db_source": "20070723 cdliadmin",
			"designation": "KAR 250",
			"genre": "Literary",
			"id": "205155",
			"id_text_int": "369214",
			"language": "Akkadian",
			"lineart_up": "150ppi 20160630",
			"material": "clay",
			"museum_no": "VAT —",
			"object_type": "tablet",
			"period": "Neo-Assyrian",
			"primary_publication": "KAR 250",
			"provenience": "Assur (mod. Qalat Sherqat)",
			"publication_date": "1919",
			"translation_source": "no translation",
			"supergenre": "LIT",
			"xproject": "CDLI",
			"xproject": "CDLI"
		},
		"geometry": {
			"type": "Point",
			"coordinates": [43.262037,35.458121]
		}
	}, {
		"type": "Feature",
		"properties": {
			"id_text": "P369256",
			"ark_number": "21198/zz00218xjd",
			"atf_source": "no atf",
			"author": "Ebeling, Erich",
			"collection": "Vorderasiatisches Museum, Berlin, Germany",
			"date_entered": "7/23/2007",
			"date_updated": "2018-10-21",
			"db_source": "20070723 cdliadmin",
			"designation": "KAR 290",
			"genre": "Literary",
			"id": "205194",
			"id_text_int": "369256",
			"language": "Akkadian",
			"lineart_up": "150ppi 20160630",
			"material": "clay",
			"museum_no": "VAT —",
			"object_type": "tablet",
			"period": "Neo-Assyrian",
			"primary_publication": "KAR 290",
			"provenience": "Assur (mod. Qalat Sherqat)",
			"publication_date": "1919",
			"translation_source": "no translation",
			"supergenre": "LIT",
			"xproject": "CDLI",
			"xproject": "CDLI"
		},
		"geometry": {
			"type": "Point",
			"coordinates": [43.262037,35.458121]
		}
	}, {
		"type": "Feature",
		"properties": {
			"id_text": "P369308",
			"ark_number": "21198/zz001z860s",
			"atf_source": "no atf",
			"author": "Ebeling, Erich",
			"collection": "Vorderasiatisches Museum, Berlin, Germany",
			"date_entered": "7/23/2007",
			"date_updated": "2018-10-21",
			"db_source": "20070723 cdliadmin",
			"designation": "KAR 341",
			"genre": "Literary",
			"id": "205242",
			"id_text_int": "369308",
			"language": "Akkadian",
			"lineart_up": "150ppi 20160630",
			"material": "clay",
			"museum_no": "VAT —",
			"object_type": "tablet",
			"period": "Neo-Assyrian",
			"primary_publication": "KAR 341",
			"provenience": "Assur (mod. Qalat Sherqat)",
			"publication_date": "1919",
			"translation_source": "no translation",
			"supergenre": "LIT",
			"xproject": "CDLI",
			"xproject": "CDLI"
		},
		"geometry": {
			"type": "Point",
			"coordinates": [43.262037,35.458121]
		}
	}, {
		"type": "Feature",
		"properties": {
			"id_text": "P369314",
			"ark_number": "21198/zz001z866w",
			"atf_source": "no atf",
			"author": "Ebeling, Erich",
			"collection": "Vorderasiatisches Museum, Berlin, Germany",
			"date_entered": "7/23/2007",
			"date_updated": "2018-10-21",
			"db_source": "20070723 cdliadmin",
			"designation": "KAR 347",
			"genre": "Literary",
			"id": "205248",
			"id_text_int": "369314",
			"language": "Akkadian",
			"lineart_up": "150ppi 20160630",
			"material": "clay",
			"museum_no": "VAT —",
			"object_type": "tablet",
			"period": "Neo-Assyrian",
			"primary_publication": "KAR 347",
			"provenience": "Assur (mod. Qalat Sherqat)",
			"publication_date": "1919",
			"translation_source": "no translation",
			"supergenre": "LIT",
			"xproject": "CDLI",
			"xproject": "CDLI"
		},
		"geometry": {
			"type": "Point",
			"coordinates": [43.262037,35.458121]
		}
	}, {
		"type": "Feature",
		"properties": {
			"id_text": "P370903",
			"accession_no": "K 00066",
			"ark_number": "21198/zz001zfvcw",
			"atf_source": "no atf",
			"author": "Rawlinson, Henry C.",
			"collection": "British Museum, London, UK",
			"date_entered": "8/11/2007",
			"date_updated": "2018-10-21",
			"db_source": "20070811 cdliadmin_dahl",
			"designation": "4R 55, (62), 2",
			"google_earth_collection": "51 31.162' N, 00 7.627' W",
			"id": "206546",
			"id_text_int": "370903",
			"material": "clay",
			"museum_no": "BM —",
			"object_type": "tablet",
			"period": "Neo-Assyrian",
			"photo_up": "600ppi 20160630",
			"primary_publication": "4R 55, (62), 2",
			"provenience": "Nineveh (mod. Kuyunjik)",
			"publication_date": "1861-1884",
			"publication_history": "ArOr 17/1, 186-190",
			"translation_source": "no translation",
			"xproject": "CDLI",
			"xproject": "CDLI"
		},
		"geometry": {
			"type": "Point",
			"coordinates": [43.151937,36.358684]
		}
	}, {
		"type": "Feature",
		"properties": {
			"id_text": "P384982",
			"accession_no": "K 02824",
			"ark_number": "21198/zz0020x6zk",
			"atf_source": "no atf",
			"author": "Langdon, Stephen H.",
			"collection": "British Museum, London, UK",
			"date_entered": "5/7/2008",
			"date_updated": "2018-10-21",
			"db_source": "20080507 cdliadmin_brumfield",
			"designation": "OECT 06, pl. 30, K 02824",
			"id": "220335",
			"id_text_int": "384982",
			"lineart_up": "150ppi 20160630",
			"material": "clay",
			"museum_no": "BM —",
			"object_type": "tablet",
			"period": "Neo-Assyrian",
			"photo_up": "600ppi 20160630",
			"primary_publication": "OECT 06, pl. 30, K 02824",
			"provenience": "Nineveh (mod. Kuyunjik)",
			"publication_date": "1927",
			"translation_source": "no translation",
			"xproject": "CDLI",
			"xproject": "CDLI"
		},
		"geometry": {
			"type": "Point",
			"coordinates": [43.151937,36.358684]
		}
	}, {
		"type": "Feature",
		"properties": {
			"id_text": "P393721",
			"accession_no": "K 00034",
			"ark_number": "21198/zz00209jcj",
			"atf_source": "no atf",
			"author": "King, Leonard W.",
			"collection": "British Museum, London, UK",
			"date_entered": "2/17/2010",
			"date_updated": "2018-10-21",
			"db_source": "20100217 cdliadmin_bmcat",
			"designation": "BMS 19",
			"genre": "Prayer/Incantation",
			"id": "228549",
			"id_text_int": "393721",
			"language": "Akkadian",
			"material": "clay",
			"museum_no": "BM —",
			"object_type": "tablet",
			"period": "Neo-Assyrian",
			"photo_up": "600ppi 20160630",
			"primary_publication": "BMS 19",
			"provenience": "Nineveh (mod. Kuyunjik)",
			"publication_date": "1896",
			"translation_source": "no translation",
			"supergenre": "LIT",
			"xproject": "CDLI",
			"xproject": "CDLI"
		},
		"geometry": {
			"type": "Point",
			"coordinates": [43.151937,36.358684]
		}
	}, {
		"type": "Feature",
		"properties": {
			"id_text": "P393765",
			"accession_no": "K 00140 + K 03352 + K 08751 + K 10285 + Sm 1359",
			"ark_number": "21198/zz0020md0z",
			"atf_source": "no atf",
			"author": "King, Leonard W.",
			"collection": "British Museum, London, UK",
			"date_entered": "2/17/2010",
			"date_updated": "2018-10-21",
			"db_source": "20100217 cdliadmin_bmcat",
			"designation": "BMS 22",
			"genre": "Prayer/Incantation",
			"id": "228591",
			"id_text_int": "393765",
			"join_information": "P393765 lead, single entry",
			"language": "Akkadian",
			"material": "clay",
			"museum_no": "BM —",
			"object_type": "tablet",
			"period": "Neo-Assyrian",
			"photo_up": "600ppi 20160630",
			"primary_publication": "BMS 22",
			"provenience": "Nineveh (mod. Kuyunjik)",
			"publication_date": "1896",
			"text_remarks": "4.50 cm x 3.80 cm x 2.10 cm; Fragment of a clay tablet, mythological text, 7 + 6 lines of inscription, Neo-Assyrian.",
			"translation_source": "no translation",
			"supergenre": "LIT",
			"xproject": "CDLI",
			"xproject": "CDLI"
		},
		"geometry": {
			"type": "Point",
			"coordinates": [43.151937,36.358684]
		}
	}, {
		"type": "Feature",
		"properties": {
			"id_text": "P393771",
			"accession_no": "K 00155",
			"ark_number": "21198/zz0020md62",
			"atf_source": "no atf",
			"author": "King, Leonard W.",
			"collection": "British Museum, London, UK",
			"date_entered": "2/17/2010",
			"date_updated": "2018-10-21",
			"db_source": "20100217 cdliadmin_bmcat",
			"designation": "BMS 01",
			"genre": "Prayer/Incantation",
			"id": "228597",
			"id_text_int": "393771",
			"language": "Akkadian",
			"material": "clay",
			"museum_no": "BM —",
			"object_type": "tablet",
			"period": "Neo-Assyrian",
			"photo_up": "600ppi 20160630",
			"primary_publication": "BMS 01",
			"provenience": "Nineveh (mod. Kuyunjik)",
			"publication_date": "1896",
			"publication_history": "Ebeling Handerhebung 166",
			"translation_source": "no translation",
			"supergenre": "LIT",
			"xproject": "CDLI",
			"xproject": "CDLI"
		},
		"geometry": {
			"type": "Point",
			"coordinates": [43.151937,36.358684]
		}
	}, {
		"type": "Feature",
		"properties": {
			"id_text": "P393775",
			"accession_no": "K 00163 + K 00218 + K 15430 + K 15538 + K 20155",
			"ark_number": "21198/zz0020mdb4",
			"atf_source": "no atf",
			"author": "Thompson, R. Campbell",
			"collection": "British Museum, London, UK",
			"date_entered": "2/17/2010",
			"date_updated": "2019-06-04",
			"db_source": "20100217 cdliadmin_bmcat",
			"designation": "AMT pl. 001 01",
			"id": "228601",
			"id_text_int": "393775",
			"join_information": "P393775 lead, single entry; joins, BM web site",
			"language": "Akkadian",
			"material": "clay",
			"museum_no": "BM —",
			"object_type": "tablet",
			"period": "Neo-Assyrian",
			"photo_up": "600ppi 20160913",
			"primary_publication": "AMT pl. 001 01",
			"provenience": "Nineveh (mod. Kuyunjik)",
			"publication_date": "1923",
			"publication_history": "King, BMS 12",
			"subgenre": "medical",
			"translation_source": "no translation",
			"xproject": "CDLI",
			"xproject": "CDLI"
		},
		"geometry": {
			"type": "Point",
			"coordinates": [43.151937,36.358684]
		}
	}, {
		"type": "Feature",
		"properties": {
			"id_text": "P393796",
			"accession_no": "K 00223 + K 16934",
			"ark_number": "21198/zz0020ct14",
			"atf_source": "no atf",
			"author": "King, Leonard W.",
			"collection": "British Museum, London, UK",
			"date_entered": "2/17/2010",
			"date_updated": "2018-10-21",
			"db_source": "20100217 cdliadmin_bmcat",
			"designation": "BMS 02d, K 00223",
			"genre": "Prayer/Incantation",
			"id": "228622",
			"id_text_int": "393796",
			"language": "Akkadian",
			"material": "clay",
			"museum_no": "BM —",
			"object_type": "tablet",
			"period": "Neo-Assyrian",
			"primary_publication": "BMS 02d, K 00223",
			"provenience": "Nineveh (mod. Kuyunjik)",
			"publication_date": "1896",
			"publication_history": "Ebeling Handerhebung 166",
			"translation_source": "no translation",
			"supergenre": "LIT",
			"xproject": "CDLI",
			"xproject": "CDLI"
		},
		"geometry": {
			"type": "Point",
			"coordinates": [43.151937,36.358684]
		}
	}, {
		"type": "Feature",
		"properties": {
			"id_text": "P393803",
			"accession_no": "K 00235 + K 03334",
			"ark_number": "21198/zz0020d5r8",
			"atf_source": "no atf",
			"author": "King, Leonard W.",
			"collection": "British Museum, London, UK",
			"date_entered": "2/17/2010",
			"date_updated": "2018-10-21",
			"db_source": "20100217 cdliadmin_bmcat",
			"designation": "BMS 11",
			"genre": "Prayer/Incantation",
			"id": "228629",
			"id_text_int": "393803",
			"join_information": "P393803 lead, single entry",
			"language": "Akkadian",
			"material": "clay",
			"museum_no": "BM —",
			"object_type": "tablet",
			"period": "Neo-Assyrian",
			"photo_up": "600ppi 20160913",
			"primary_publication": "BMS 11",
			"provenience": "Nineveh (mod. Kuyunjik)",
			"publication_date": "1896",
			"translation_source": "no translation",
			"supergenre": "LIT",
			"xproject": "CDLI",
			"xproject": "CDLI"
		},
		"geometry": {
			"type": "Point",
			"coordinates": [43.151937,36.358684]
		}
	}, {
		"type": "Feature",
		"properties": {
			"id_text": "P394152",
			"accession_no": "K 02037b",
			"ark_number": "21198/zz0022h5sz",
			"atf_source": "no atf",
			"author": "nn",
			"collection": "British Museum, London, UK",
			"date_entered": "2/17/2010",
			"date_updated": "2018-10-21",
			"db_source": "20100217 cdliadmin_bmcat",
			"designation": "K 02037b",
			"id": "228954",
			"id_text_int": "394152",
			"language": "Akkadian",
			"material": "clay",
			"museum_no": "BM —",
			"object_type": "tablet",
			"period": "Neo-Assyrian",
			"photo_up": "600ppi 20160630",
			"primary_publication": "unpublished unassigned ?",
			"provenience": "Nineveh (mod. Kuyunjik)",
			"publication_date": "nd",
			"translation_source": "no translation",
			"xproject": "CDLI",
			"xproject": "CDLI"
		},
		"geometry": {
			"type": "Point",
			"coordinates": [43.151937,36.358684]
		}
	}, {
		"type": "Feature",
		"properties": {
			"id_text": "P394195",
			"accession_no": "K 02106 + K 02384 + K 03393 + K 06340 + K 07146 + K 08605 + K 08983 + K 09576 + K 09688 + K 09754 + K 11589 + K 12911 + K 13792 + K 13800",
			"ark_number": "21198/zz00228bpp",
			"atf_source": "no atf",
			"author": "King, Leonard W.",
			"collection": "British Museum, London, UK",
			"date_entered": "2/17/2010",
			"date_updated": "2018-10-21",
			"db_source": "20100217 cdliadmin_bmcat",
			"designation": "BMS 06",
			"genre": "Prayer/Incantation",
			"id": "228994",
			"id_text_int": "394195",
			"join_information": "P394195 lead, single entry",
			"language": "Akkadian",
			"material": "clay",
			"museum_no": "BM —",
			"object_type": "tablet",
			"period": "Neo-Assyrian",
			"photo_up": "600ppi 20160630",
			"primary_publication": "BMS 06",
			"provenience": "Nineveh (mod. Kuyunjik)",
			"publication_date": "1896",
			"publication_history": "Ebeling Handerhebung 168; Schollmeyer, Shamash 14",
			"translation_source": "no translation",
			"supergenre": "LIT",
			"xproject": "CDLI",
			"xproject": "CDLI"
		},
		"geometry": {
			"type": "Point",
			"coordinates": [43.151937,36.358684]
		}
	}, {
		"type": "Feature",
		"properties": {
			"id_text": "P394330",
			"accession_no": "K 02296 + K 02776",
			"ark_number": "21198/zz002014tw",
			"atf_source": "no atf",
			"author": "Gray, Clifton D.",
			"collection": "British Museum, London, UK",
			"date_entered": "2/17/2010",
			"date_updated": "2018-10-21",
			"db_source": "20100217 cdliadmin_bmcat",
			"designation": "Shamash Religious Texts pl. 19 K 02296",
			"id": "229124",
			"id_text_int": "394330",
			"join_information": "P394330 lead, single entry",
			"language": "Akkadian",
			"material": "clay",
			"museum_no": "BM —",
			"object_type": "tablet",
			"period": "Neo-Assyrian",
			"photo_up": "600ppi 20160630",
			"primary_publication": "Shamash Religious Texts pl. 19 K 02296",
			"provenience": "Nineveh (mod. Kuyunjik)",
			"publication_date": "1901",
			"publication_history": "Schollmeyer, Shamash 31",
			"translation_source": "no translation",
			"xproject": "CDLI",
			"xproject": "CDLI"
		},
		"geometry": {
			"type": "Point",
			"coordinates": [43.151937,36.358684]
		}
	}, {
		"type": "Feature",
		"properties": {
			"id_text": "P394381",
			"accession_no": "K 02371 + K 13791",
			"ark_number": "21198/zz002054h1",
			"atf_source": "no atf",
			"author": "King, Leonard W.",
			"collection": "British Museum, London, UK",
			"date_entered": "2/17/2010",
			"date_updated": "2018-10-21",
			"db_source": "20100217 cdliadmin_bmcat",
			"designation": "BMS 27",
			"genre": "Prayer/Incantation",
			"id": "229175",
			"id_text_int": "394381",
			"join_information": "P394381 lead, single entry",
			"language": "Akkadian",
			"material": "clay",
			"museum_no": "BM —",
			"object_type": "tablet",
			"period": "Neo-Assyrian",
			"photo_up": "600ppi 20160630",
			"primary_publication": "BMS 27",
			"provenience": "Nineveh (mod. Kuyunjik)",
			"publication_date": "1896",
			"translation_source": "no translation",
			"supergenre": "LIT",
			"xproject": "CDLI",
			"xproject": "CDLI"
		},
		"geometry": {
			"type": "Point",
			"coordinates": [43.151937,36.358684]
		}
	}, {
		"type": "Feature",
		"properties": {
			"id_text": "P394385",
			"accession_no": "K 02379 + K 03289 + K 05366 + K 10682 + K 14805 + Sm 0298 + Sm 1462",
			"ark_number": "21198/zz00203z9m",
			"atf_source": "no atf",
			"author": "King, Leonard W.",
			"collection": "British Museum, London, UK",
			"date_entered": "2/17/2010",
			"date_updated": "2018-10-21",
			"db_source": "20100217 cdliadmin_bmcat",
			"designation": "BMS 12",
			"genre": "Prayer/Incantation",
			"id": "229179",
			"id_text_int": "394385",
			"join_information": "P394385 lead, single entry",
			"language": "Akkadian",
			"material": "clay",
			"museum_no": "BM —",
			"object_type": "tablet",
			"period": "Neo-Assyrian",
			"photo_up": "600ppi 20160630",
			"primary_publication": "BMS 12",
			"provenience": "Nineveh (mod. Kuyunjik)",
			"publication_date": "1896",
			"text_remarks": "6.35 cm x 5.08 cm; Fragment of a clay tablet, 13 lines of inscription, Neo-Assyrian.",
			"translation_source": "no translation",
			"supergenre": "LIT",
			"xproject": "CDLI",
			"xproject": "CDLI"
		},
		"geometry": {
			"type": "Point",
			"coordinates": [43.151937,36.358684]
		}
	}, {
		"type": "Feature",
		"properties": {
			"id_text": "P394464",
			"accession_no": "K 02487 + K 02502 + K 02591",
			"ark_number": "21198/zz0021pcw7",
			"atf_source": "no atf",
			"author": "King, Leonard W.",
			"collection": "British Museum, London, UK",
			"date_entered": "2/17/2010",
			"date_updated": "2018-10-21",
			"db_source": "20100217 cdliadmin_bmcat",
			"designation": "BMS 02, K 02487",
			"genre": "Prayer/Incantation",
			"id": "229250",
			"id_text_int": "394464",
			"join_information": "P394464 lead, single entry",
			"language": "Akkadian",
			"material": "clay",
			"museum_no": "BM —",
			"object_type": "tablet",
			"period": "Neo-Assyrian",
			"photo_up": "600ppi 20160630",
			"primary_publication": "BMS 02, K 02487",
			"provenience": "Nineveh (mod. Kuyunjik)",
			"publication_date": "1896",
			"translation_source": "no translation",
			"supergenre": "LIT",
			"xproject": "CDLI",
			"xproject": "CDLI"
		},
		"geometry": {
			"type": "Point",
			"coordinates": [43.151937,36.358684]
		}
	}, {
		"type": "Feature",
		"properties": {
			"id_text": "P394506",
			"accession_no": "K 02550 + K 03284 + K 11961 + K 14835 + K 07826 + K 16729 + K 04993 + K 06679 + K 07008 + K 08087",
			"ark_number": "21198/zz0021c2mq",
			"atf_source": "no atf",
			"author": "Thompson, R. Campbell",
			"collection": "British Museum, London, UK",
			"date_entered": "2/17/2010",
			"date_updated": "2019-06-04",
			"db_source": "20100217 cdliadmin_bmcat",
			"designation": "AMT pl. 006 10 (K 14835) +",
			"id": "229289",
			"id_text_int": "394506",
			"join_information": "P394506 lead, single entry",
			"language": "Akkadian",
			"lineart_up": "150ppi 20160630",
			"material": "clay",
			"museum_no": "BM —",
			"object_type": "tablet",
			"period": "Neo-Assyrian",
			"photo_up": "600ppi 20160630",
			"primary_publication": "AMT pl. 006 10 (K 14835) +",
			"provenience": "Nineveh (mod. Kuyunjik)",
			"publication_date": "1923",
			"publication_history": "+ AMT pl. 96 3 (K 3284) + AMT pl. 96 9",
			"subgenre": "medical",
			"translation_source": "no translation",
			"xproject": "CDLI",
			"xproject": "CDLI"
		},
		"geometry": {
			"type": "Point",
			"coordinates": [43.151937,36.358684]
		}
	}, {
		"type": "Feature",
		"properties": {
			"id_text": "P394511",
			"accession_no": "K 02558 + K 09152",
			"ark_number": "21198/zz0021c2s9",
			"atf_source": "no atf",
			"author": "King, Leonard W.",
			"collection": "British Museum, London, UK",
			"date_entered": "2/17/2010",
			"date_updated": "2018-10-21",
			"db_source": "20100217 cdliadmin_bmcat",
			"designation": "BMS 09",
			"genre": "Prayer/Incantation",
			"id": "229294",
			"id_text_int": "394511",
			"join_information": "P394511 lead, single entry",
			"language": "Akkadian",
			"material": "clay",
			"museum_no": "BM —",
			"object_type": "tablet",
			"period": "Neo-Assyrian",
			"photo_up": "600ppi 20160630",
			"primary_publication": "BMS 09",
			"provenience": "Nineveh (mod. Kuyunjik)",
			"publication_date": "1896",
			"publication_history": "Ebeling Handerhebung 64-71",
			"translation_source": "no translation",
			"supergenre": "LIT",
			"xproject": "CDLI",
			"xproject": "CDLI"
		},
		"geometry": {
			"type": "Point",
			"coordinates": [43.151937,36.358684]
		}
	}, {
		"type": "Feature",
		"properties": {
			"id_text": "P394531",
			"accession_no": "K 02586 + K 07185",
			"ark_number": "21198/zz00227nmj",
			"atf_source": "no atf",
			"author": "King, Leonard W.",
			"collection": "British Museum, London, UK",
			"date_entered": "2/17/2010",
			"date_updated": "2018-10-21",
			"db_source": "20100217 cdliadmin_bmcat",
			"designation": "BMS 15",
			"genre": "Prayer/Incantation",
			"id": "229314",
			"id_text_int": "394531",
			"join_information": "P394531 lead, single entry",
			"language": "Akkadian",
			"material": "clay",
			"museum_no": "BM —",
			"object_type": "tablet",
			"period": "Neo-Assyrian",
			"photo_up": "600ppi 20160630",
			"primary_publication": "BMS 15",
			"provenience": "Nineveh (mod. Kuyunjik)",
			"publication_date": "1896",
			"translation_source": "no translation",
			"supergenre": "LIT",
			"xproject": "CDLI",
			"xproject": "CDLI"
		},
		"geometry": {
			"type": "Point",
			"coordinates": [43.151937,36.358684]
		}
	}, {
		"type": "Feature",
		"properties": {
			"id_text": "P394642",
			"accession_no": "K 02741 + K 03180 + K 03208 + K 05043 + K 06588 + K 06612 + K 06672 + K 06908 + K 07047 + K 08498 + K 09157 + K 09770 + K 10219 + K 10497 + K 11345 + K 13431 + K 13793 + K 15786",
			"ark_number": "21198/zz0022dgx1",
			"atf_source": "no atf",
			"author": "King, Leonard W.",
			"citation": "Schwemer, Daniel, Wettergottgestalten; Loretz & Mayer, AOAT 34 catalogue no. 52 (ref. A. Lenzi)",
			"collection": "British Museum, London, UK",
			"date_entered": "2/17/2010",
			"date_updated": "2018-10-21",
			"db_source": "20100217 cdliadmin_bmcat",
			"designation": "BMS 21",
			"genre": "Prayer/Incantation",
			"id": "229421",
			"id_text_int": "394642",
			"join_information": "P394642 lead, single entry",
			"language": "Sumerian; Akkadian",
			"material": "clay",
			"museum_no": "BM —",
			"object_type": "tablet",
			"period": "Neo-Assyrian",
			"photo_up": "600ppi 20160913",
			"primary_publication": "BMS 21",
			"provenience": "Nineveh (mod. Kuyunjik)",
			"publication_date": "1896",
			"publication_history": "Craig, AAT pl. 73 (K 7047); Virolleaud, ACh Shamash 1",
			"translation_source": "no translation",
			"supergenre": "LIT",
			"xproject": "CDLI",
			"xproject": "CDLI"
		},
		"geometry": {
			"type": "Point",
			"coordinates": [43.151937,36.358684]
		}
	}, {
		"type": "Feature",
		"properties": {
			"id_text": "P394675",
			"accession_no": "K 02793",
			"ark_number": "21198/zz0022x7h5",
			"atf_source": "no atf",
			"author": "King, Leonard W.",
			"collection": "British Museum, London, UK",
			"date_entered": "2/17/2010",
			"date_updated": "2018-10-21",
			"db_source": "20100217 cdliadmin_bmcat",
			"designation": "BMS 14",
			"genre": "Prayer/Incantation",
			"id": "229451",
			"id_text_int": "394675",
			"language": "Akkadian",
			"material": "clay",
			"museum_no": "BM —",
			"object_type": "tablet",
			"period": "Neo-Assyrian",
			"photo_up": "600ppi 20160630",
			"primary_publication": "BMS 14",
			"provenience": "Nineveh (mod. Kuyunjik)",
			"publication_date": "1896",
			"translation_source": "no translation",
			"supergenre": "LIT",
			"xproject": "CDLI",
			"xproject": "CDLI"
		},
		"geometry": {
			"type": "Point",
			"coordinates": [43.151937,36.358684]
		}
	}, {
		"type": "Feature",
		"properties": {
			"id_text": "P394688",
			"accession_no": "K 02808 + K 09490",
			"ark_number": "21198/zz0022x7zw",
			"atf_source": "no atf",
			"author": "King, Leonard W.",
			"collection": "British Museum, London, UK",
			"date_entered": "2/17/2010",
			"date_updated": "2018-10-21",
			"db_source": "20100217 cdliadmin_bmcat",
			"designation": "BMS 50",
			"genre": "Prayer/Incantation",
			"id": "229463",
			"id_text_int": "394688",
			"join_information": "P394688 lead, single entry",
			"language": "Akkadian",
			"material": "clay",
			"museum_no": "BM —",
			"object_type": "tablet",
			"period": "Neo-Assyrian",
			"photo_up": "600ppi 20160630",
			"primary_publication": "BMS 50",
			"provenience": "Nineveh (mod. Kuyunjik)",
			"publication_date": "1896",
			"translation_source": "no translation",
			"supergenre": "LIT",
			"xproject": "CDLI",
			"xproject": "CDLI"
		},
		"geometry": {
			"type": "Point",
			"coordinates": [43.151937,36.358684]
		}
	}, {
		"type": "Feature",
		"properties": {
			"id_text": "P394690",
			"accession_no": "K 02810",
			"ark_number": "21198/zz0022x81d",
			"atf_source": "no atf",
			"author": "King, Leonard W.",
			"collection": "British Museum, London, UK",
			"date_entered": "2/17/2010",
			"date_updated": "2018-10-21",
			"db_source": "20100217 cdliadmin_bmcat",
			"designation": "BMS 56",
			"genre": "Prayer/Incantation",
			"id": "229465",
			"id_text_int": "394690",
			"language": "Akkadian",
			"material": "clay",
			"museum_no": "BM —",
			"object_type": "tablet",
			"period": "Neo-Assyrian",
			"photo_up": "600ppi 20160630",
			"primary_publication": "BMS 56",
			"provenience": "Nineveh (mod. Kuyunjik)",
			"publication_date": "1896",
			"translation_source": "no translation",
			"supergenre": "LIT",
			"xproject": "CDLI",
			"xproject": "CDLI"
		},
		"geometry": {
			"type": "Point",
			"coordinates": [43.151937,36.358684]
		}
	}, {
		"type": "Feature",
		"properties": {
			"id_text": "P394701",
			"accession_no": "K 02823 + K 03332 + K 11347 + K 11722 + K 15427 + K 17283",
			"ark_number": "21198/zz00230gjc",
			"atf_source": "no atf",
			"author": "King, Leonard W.",
			"collection": "British Museum, London, UK",
			"date_entered": "2/17/2010",
			"date_updated": "2018-10-21",
			"db_source": "20100217 cdliadmin_bmcat",
			"designation": "BMS 01 K 03332 dupl.",
			"genre": "Prayer/Incantation",
			"id": "229476",
			"id_text_int": "394701",
			"join_information": "P394701 lead, single entry",
			"language": "Akkadian",
			"material": "clay",
			"museum_no": "BM —",
			"object_type": "tablet",
			"period": "Neo-Assyrian",
			"photo_up": "600ppi 20160630",
			"primary_publication": "BMS 01 K 03332 dupl.",
			"provenience": "Nineveh (mod. Kuyunjik)",
			"publication_date": "1896",
			"publication_history": "Ebeling Handerhebung 166",
			"translation_source": "no translation",
			"supergenre": "LIT",
			"xproject": "CDLI",
			"xproject": "CDLI"
		},
		"geometry": {
			"type": "Point",
			"coordinates": [43.151937,36.358684]
		}
	}, {
		"type": "Feature",
		"properties": {
			"id_text": "P394705",
			"accession_no": "K 02830",
			"ark_number": "21198/zz00230gpf",
			"atf_source": "no atf",
			"author": "nn",
			"collection": "British Museum, London, UK",
			"date_entered": "2/17/2010",
			"date_updated": "2018-10-21",
			"db_source": "20100217 cdliadmin_bmcat",
			"designation": "K 02830",
			"id": "229480",
			"id_text_int": "394705",
			"language": "Akkadian",
			"material": "clay",
			"museum_no": "BM —",
			"object_type": "tablet",
			"period": "Neo-Assyrian",
			"photo_up": "600ppi 20160630",
			"primary_publication": "unpublished unassigned ?",
			"provenience": "Nineveh (mod. Kuyunjik)",
			"publication_date": "nd",
			"translation_source": "no translation",
			"xproject": "CDLI",
			"xproject": "CDLI"
		},
		"geometry": {
			"type": "Point",
			"coordinates": [43.151937,36.358684]
		}
	}, {
		"type": "Feature",
		"properties": {
			"id_text": "P394706",
			"accession_no": "K 02831",
			"ark_number": "21198/zz00230gqz",
			"atf_source": "no atf",
			"author": "King, Leonard W.",
			"cdli_comments": "20170621 lenzi: cf. Mayer, Werner. Studia Pohl SM 5 (1976) 455-457",
			"collection": "British Museum, London, UK",
			"date_entered": "2/17/2010",
			"date_updated": "2018-10-21",
			"db_source": "20100217 cdliadmin_bmcat",
			"designation": "BMS 04 K 10729 dupl.",
			"genre": "Prayer/Incantation",
			"id": "229481",
			"id_text_int": "394706",
			"join_information": "Leichty, CTCK p. 65",
			"language": "Akkadian",
			"material": "clay",
			"museum_no": "BM —",
			"object_type": "tablet",
			"period": "Neo-Assyrian",
			"photo_up": "600ppi 20160913",
			"primary_publication": "BMS 04 K 10729 dupl.",
			"provenience": "Nineveh (mod. Kuyunjik)",
			"publication_date": "1896",
			"translation_source": "no translation",
			"supergenre": "LIT",
			"xproject": "CDLI",
			"xproject": "CDLI"
		},
		"geometry": {
			"type": "Point",
			"coordinates": [43.151937,36.358684]
		}
	}, {
		"type": "Feature",
		"properties": {
			"id_text": "P394710",
			"accession_no": "K 02836 + K 06593 + K 13897",
			"ark_number": "21198/zz00230gv1",
			"atf_source": "no atf",
			"author": "King, Leonard W.",
			"collection": "British Museum, London, UK",
			"date_entered": "2/17/2010",
			"date_updated": "2018-10-21",
			"db_source": "20100217 cdliadmin_bmcat",
			"designation": "BMS 27 K 02836 dupl.",
			"genre": "Prayer/Incantation",
			"id": "229485",
			"id_text_int": "394710",
			"join_information": "P394710 lead, single entry",
			"language": "Akkadian",
			"material": "clay",
			"museum_no": "BM —",
			"object_type": "tablet",
			"period": "Neo-Assyrian",
			"primary_publication": "BMS 27 K 02836 dupl.",
			"provenience": "Nineveh (mod. Kuyunjik)",
			"publication_date": "1896",
			"translation_source": "no translation",
			"supergenre": "LIT",
			"xproject": "CDLI",
			"xproject": "CDLI"
		},
		"geometry": {
			"type": "Point",
			"coordinates": [43.151937,36.358684]
		}
	}, {
		"type": "Feature",
		"properties": {
			"id_text": "P394839",
			"accession_no": "K 03151b + K 10055 + K 10063 + K 03346 + K 13271 + K 08188",
			"ark_number": "21198/zz002055kj",
			"atf_source": "no atf",
			"author": "King, Leonard W.",
			"collection": "British Museum, London, UK",
			"date_entered": "2/17/2010",
			"date_updated": "2018-10-21",
			"db_source": "20100217 cdliadmin_bmcat",
			"designation": "BMS 12 K 03151b dupl.",
			"genre": "Prayer/Incantation",
			"id": "229610",
			"id_text_int": "394839",
			"join_information": "P394839 lead, single entry",
			"language": "Akkadian",
			"material": "clay",
			"museum_no": "BM —",
			"object_type": "tablet",
			"period": "Neo-Assyrian",
			"photo_up": "600ppi 20160630",
			"primary_publication": "BMS 12 K 03151b dupl.",
			"provenience": "Nineveh (mod. Kuyunjik)",
			"publication_date": "1896",
			"publication_history": "Ebeling Handerhebung 166",
			"translation_source": "no translation",
			"supergenre": "LIT",
			"xproject": "CDLI",
			"xproject": "CDLI"
		},
		"geometry": {
			"type": "Point",
			"coordinates": [43.151937,36.358684]
		}
	}, {
		"type": "Feature",
		"properties": {
			"id_text": "P394881",
			"accession_no": "K 03221 + K 03250 + K 08973 + K 11681",
			"ark_number": "21198/zz00208jc3",
			"atf_source": "no atf",
			"author": "King, Leonard W.",
			"collection": "British Museum, London, UK",
			"date_entered": "2/17/2010",
			"date_updated": "2018-10-21",
			"db_source": "20100217 cdliadmin_bmcat",
			"designation": "BMS 16 + 42",
			"genre": "Prayer/Incantation",
			"id": "229650",
			"id_text_int": "394881",
			"join_information": "P394881 lead, single entry",
			"language": "Akkadian",
			"material": "clay",
			"museum_no": "BM —",
			"object_type": "tablet",
			"period": "Neo-Assyrian",
			"primary_publication": "BMS 16 + 42",
			"provenience": "Nineveh (mod. Kuyunjik)",
			"publication_date": "1896",
			"translation_source": "no translation",
			"supergenre": "LIT",
			"xproject": "CDLI",
			"xproject": "CDLI"
		},
		"geometry": {
			"type": "Point",
			"coordinates": [43.151937,36.358684]
		}
	}, {
		"type": "Feature",
		"properties": {
			"id_text": "P394887",
			"accession_no": "K 03229",
			"ark_number": "21198/zz0021pdh1",
			"atf_source": "no atf",
			"author": "King, Leonard W.",
			"collection": "British Museum, London, UK",
			"date_entered": "2/17/2010",
			"date_updated": "2018-10-21",
			"db_source": "20100217 cdliadmin_bmcat",
			"designation": "BMS 13",
			"genre": "Prayer/Incantation",
			"id": "229656",
			"id_text_int": "394887",
			"language": "Akkadian",
			"material": "clay",
			"museum_no": "BM —",
			"object_type": "tablet",
			"period": "Neo-Assyrian",
			"primary_publication": "BMS 13",
			"provenience": "Nineveh (mod. Kuyunjik)",
			"publication_date": "1896",
			"publication_history": "BA 05, 356-358",
			"translation_source": "no translation",
			"supergenre": "LIT",
			"xproject": "CDLI",
			"xproject": "CDLI"
		},
		"geometry": {
			"type": "Point",
			"coordinates": [43.151937,36.358684]
		}
	}, {
		"type": "Feature",
		"properties": {
			"id_text": "P394918",
			"accession_no": "K 03283 + K 05922 + K 15808",
			"ark_number": "21198/zz0021pz9n",
			"atf_source": "no atf",
			"author": "King, Leonard W.",
			"collection": "British Museum, London, UK",
			"date_entered": "2/17/2010",
			"date_updated": "2018-10-21",
			"db_source": "20100217 cdliadmin_bmcat",
			"designation": "BMS 11 K 03283 dupl.",
			"genre": "Prayer/Incantation",
			"id": "229686",
			"id_text_int": "394918",
			"join_information": "P394918 lead, single entry",
			"language": "Akkadian",
			"material": "clay",
			"museum_no": "BM —",
			"object_type": "tablet",
			"period": "Neo-Assyrian",
			"primary_publication": "BMS 11 K 03283 dupl.",
			"provenience": "Nineveh (mod. Kuyunjik)",
			"publication_date": "1896",
			"translation_source": "no translation",
			"supergenre": "LIT",
			"xproject": "CDLI",
			"xproject": "CDLI"
		},
		"geometry": {
			"type": "Point",
			"coordinates": [43.151937,36.358684]
		}
	}, {
		"type": "Feature",
		"properties": {
			"id_text": "P394919",
			"accession_no": "K 03285",
			"ark_number": "21198/zz0021pzb5",
			"atf_source": "no atf",
			"author": "King, Leonard W.",
			"collection": "British Museum, London, UK",
			"date_entered": "2/17/2010",
			"date_updated": "2018-10-21",
			"db_source": "20100217 cdliadmin_bmcat",
			"designation": "BMS 06 K 03285 dupl.",
			"genre": "Prayer/Incantation",
			"id": "229687",
			"id_text_int": "394919",
			"language": "Akkadian",
			"material": "clay",
			"museum_no": "BM —",
			"object_type": "tablet",
			"period": "Neo-Assyrian",
			"primary_publication": "BMS 06 K 03285 dupl.",
			"provenience": "Nineveh (mod. Kuyunjik)",
			"publication_date": "1896",
			"translation_source": "no translation",
			"supergenre": "LIT",
			"xproject": "CDLI",
			"xproject": "CDLI"
		},
		"geometry": {
			"type": "Point",
			"coordinates": [43.151937,36.358684]
		}
	}, {
		"type": "Feature",
		"properties": {
			"id_text": "P394934",
			"accession_no": "K 03310",
			"ark_number": "21198/zz0021pzvx",
			"atf_source": "no atf",
			"author": "nn",
			"collection": "British Museum, London, UK",
			"date_entered": "2/17/2010",
			"date_updated": "2018-10-21",
			"db_source": "20100217 cdliadmin_bmcat",
			"designation": "K 03310",
			"id": "229702",
			"id_text_int": "394934",
			"language": "Akkadian",
			"material": "clay",
			"museum_no": "BM —",
			"object_type": "tablet",
			"period": "Neo-Assyrian",
			"primary_publication": "unpublished unassigned ?",
			"provenience": "Nineveh (mod. Kuyunjik)",
			"publication_date": "nd",
			"translation_source": "no translation",
			"xproject": "CDLI",
			"xproject": "CDLI"
		},
		"geometry": {
			"type": "Point",
			"coordinates": [43.151937,36.358684]
		}
	}, {
		"type": "Feature",
		"properties": {
			"id_text": "P394946",
			"accession_no": "K 03330 + Sm 0394 + 1881-02-04, 0244",
			"ark_number": "21198/zz0021c3m6",
			"atf_source": "no atf",
			"author": "King, Leonard W.",
			"collection": "British Museum, London, UK",
			"date_entered": "2/17/2010",
			"date_updated": "2018-10-21",
			"db_source": "20100217 cdliadmin_bmcat",
			"designation": "BMS 07",
			"genre": "Prayer/Incantation",
			"id": "229714",
			"id_text_int": "394946",
			"join_information": "P394946 lead, single entry",
			"language": "Akkadian",
			"material": "clay",
			"museum_no": "BM —",
			"object_type": "tablet",
			"period": "Neo-Assyrian",
			"primary_publication": "BMS 07",
			"provenience": "Nineveh (mod. Kuyunjik)",
			"publication_date": "1896",
			"publication_history": "Ebeling Handerhebung 166; Craig, ABRT 1, 03 (K 03330)",
			"text_remarks": "5.39 cm x 3.49 cm; Fragment of a clay tablet, mythological text, 9 + 13 lines of inscription, Neo-Assyrian.",
			"translation_source": "no translation",
			"supergenre": "LIT",
			"xproject": "CDLI",
			"xproject": "CDLI"
		},
		"geometry": {
			"type": "Point",
			"coordinates": [43.151937,36.358684]
		}
	}, {
		"type": "Feature",
		"properties": {
			"id_text": "P394955",
			"accession_no": "K 03348",
			"ark_number": "21198/zz0021c3xv",
			"atf_source": "no atf",
			"author": "nn",
			"collection": "British Museum, London, UK",
			"date_entered": "2/17/2010",
			"date_updated": "2018-10-21",
			"db_source": "20100217 cdliadmin_bmcat",
			"designation": "K 03348",
			"id": "229723",
			"id_text_int": "394955",
			"language": "Akkadian",
			"material": "clay",
			"museum_no": "BM —",
			"object_type": "tablet",
			"period": "Neo-Assyrian",
			"primary_publication": "unpublished unassigned ?",
			"provenience": "Nineveh (mod. Kuyunjik)",
			"publication_date": "nd",
			"translation_source": "no translation",
			"xproject": "CDLI",
			"xproject": "CDLI"
		},
		"geometry": {
			"type": "Point",
			"coordinates": [43.151937,36.358684]
		}
	}, {
		"type": "Feature",
		"properties": {
			"id_text": "P394959",
			"accession_no": "K 03355 + K 05873 + K 06639 + K 08953 + K 08987 + K 11549 + K 13815 + Sm 0324",
			"ark_number": "21198/zz0021c42d",
			"atf_source": "no atf",
			"author": "King, Leonard W.",
			"collection": "British Museum, London, UK",
			"date_entered": "2/17/2010",
			"date_updated": "2020-01-10",
			"db_source": "20100217 cdliadmin_bmcat",
			"designation": "BMS 28",
			"genre": "Prayer/Incantation",
			"id": "229727",
			"id_text_int": "394959",
			"join_information": "P394959 lead, single entry",
			"language": "Akkadian",
			"material": "clay",
			"museum_no": "BM —",
			"object_type": "tablet",
			"period": "Neo-Assyrian",
			"primary_publication": "BMS 28",
			"provenience": "Nineveh (mod. Kuyunjik)",
			"publication_date": "1896",
			"publication_history": "Zimmern, Heinrich, BBR pl. 45 (Sm 0898)",
			"text_remarks": "5.08 cm x 5.08 cm; Fragment of a clay tablet, 13 lines of inscription, Neo-Assyrian.",
			"translation_source": "no translation",
			"supergenre": "LIT",
			"xproject": "CDLI",
			"xproject": "CDLI"
		},
		"geometry": {
			"type": "Point",
			"coordinates": [43.151937,36.358684]
		}
	}, {
		"type": "Feature",
		"properties": {
			"id_text": "P394962",
			"accession_no": "K 03358 + K 09047",
			"ark_number": "21198/zz0021c45z",
			"atf_source": "no atf",
			"author": "King, Leonard W.",
			"collection": "British Museum, London, UK",
			"date_entered": "2/17/2010",
			"date_updated": "2018-10-21",
			"db_source": "20100217 cdliadmin_bmcat",
			"designation": "BMS 32",
			"genre": "Prayer/Incantation",
			"id": "229730",
			"id_text_int": "394962",
			"join_information": "P394962 lead, single entry",
			"language": "Akkadian",
			"material": "clay",
			"museum_no": "BM —",
			"object_type": "tablet",
			"period": "Neo-Assyrian",
			"primary_publication": "BMS 32",
			"provenience": "Nineveh (mod. Kuyunjik)",
			"publication_date": "1896",
			"translation_source": "no translation",
			"supergenre": "LIT",
			"xproject": "CDLI",
			"xproject": "CDLI"
		},
		"geometry": {
			"type": "Point",
			"coordinates": [43.151937,36.358684]
		}
	}, {
		"type": "Feature",
		"properties": {
			"id_text": "P394971",
			"accession_no": "K 03376 + K 11153 + Rm 0582",
			"ark_number": "21198/zz002086nd",
			"atf_source": "no atf",
			"author": "King, Leonard W.",
			"collection": "British Museum, London, UK",
			"date_entered": "2/17/2010",
			"date_updated": "2018-10-21",
			"db_source": "20100217 cdliadmin_bmcat",
			"designation": "BMS 46",
			"genre": "Prayer/Incantation",
			"id": "229739",
			"id_text_int": "394971",
			"join_information": "P394971 lead, single entry",
			"language": "Akkadian",
			"material": "clay",
			"museum_no": "BM —",
			"object_type": "tablet",
			"period": "Neo-Assyrian",
			"primary_publication": "BMS 46",
			"provenience": "Nineveh (mod. Kuyunjik)",
			"publication_date": "1896",
			"text_remarks": "3.49 cm x 4.12 cm; Fragment of a clay tablet, 10 lines of inscription, Neo-Assyrian.",
			"translation_source": "no translation",
			"supergenre": "LIT",
			"xproject": "CDLI",
			"xproject": "CDLI"
		},
		"geometry": {
			"type": "Point",
			"coordinates": [43.151937,36.358684]
		}
	}, {
		"type": "Feature",
		"properties": {
			"id_text": "P394982",
			"accession_no": "K 03392",
			"ark_number": "21198/zz0020871k",
			"atf_source": "no atf",
			"author": "nn",
			"collection": "British Museum, London, UK",
			"date_entered": "2/17/2010",
			"date_updated": "2018-10-21",
			"db_source": "20100217 cdliadmin_bmcat",
			"designation": "Ebeling Handerhebung 166",
			"id": "229749",
			"id_text_int": "394982",
			"language": "Akkadian",
			"material": "clay",
			"museum_no": "BM —",
			"object_type": "tablet",
			"period": "Neo-Assyrian",
			"primary_publication": "Ebeling Handerhebung 166",
			"provenience": "Nineveh (mod. Kuyunjik)",
			"publication_date": "nd",
			"translation_source": "no translation",
			"xproject": "CDLI",
			"xproject": "CDLI"
		},
		"geometry": {
			"type": "Point",
			"coordinates": [43.151937,36.358684]
		}
	}, {
		"type": "Feature",
		"properties": {
			"id_text": "P395001",
			"accession_no": "K 03416 + K 09069",
			"ark_number": "21198/zz0022h7fr",
			"atf_source": "no atf",
			"author": "nn",
			"collection": "British Museum, London, UK",
			"date_entered": "2/17/2010",
			"date_updated": "2018-10-21",
			"db_source": "20100217 cdliadmin_bmcat",
			"designation": "K 03416 + K 09069",
			"id": "229768",
			"id_text_int": "395001",
			"join_information": "P395001 lead, single entry",
			"language": "Akkadian",
			"material": "clay",
			"museum_no": "BM —",
			"object_type": "tablet",
			"period": "Neo-Assyrian",
			"primary_publication": "unpublished unassigned ?",
			"provenience": "Nineveh (mod. Kuyunjik)",
			"publication_date": "nd",
			"translation_source": "no translation",
			"xproject": "CDLI",
			"xproject": "CDLI"
		},
		"geometry": {
			"type": "Point",
			"coordinates": [43.151937,36.358684]
		}
	}, {
		"type": "Feature",
		"properties": {
			"id_text": "P395002",
			"accession_no": "K 03417",
			"ark_number": "21198/zz0022h7g8",
			"atf_source": "no atf",
			"author": "nn",
			"collection": "British Museum, London, UK",
			"date_entered": "2/17/2010",
			"date_updated": "2018-10-21",
			"db_source": "20100217 cdliadmin_bmcat",
			"designation": "K 03417",
			"id": "229769",
			"id_text_int": "395002",
			"language": "Akkadian",
			"material": "clay",
			"museum_no": "BM —",
			"object_type": "tablet",
			"period": "Neo-Assyrian",
			"primary_publication": "unpublished unassigned ?",
			"provenience": "Nineveh (mod. Kuyunjik)",
			"publication_date": "nd",
			"translation_source": "no translation",
			"xproject": "CDLI",
			"xproject": "CDLI"
		},
		"geometry": {
			"type": "Point",
			"coordinates": [43.151937,36.358684]
		}
	}, {
		"type": "Feature",
		"properties": {
			"id_text": "P395006",
			"accession_no": "K 03429 + K 05886 + K 08657",
			"ark_number": "21198/zz0022h7mb",
			"atf_source": "no atf",
			"author": "King, Leonard W.",
			"collection": "British Museum, London, UK",
			"date_entered": "2/17/2010",
			"date_updated": "2018-10-21",
			"db_source": "20100217 cdliadmin_bmcat",
			"designation": "BMS 09 K 03429 dupl.",
			"id": "229773",
			"id_text_int": "395006",
			"join_information": "P395006 lead, single entry",
			"language": "Akkadian",
			"material": "clay",
			"museum_no": "BM —",
			"object_type": "tablet",
			"period": "Neo-Assyrian",
			"primary_publication": "BMS 09 K 03429 dupl.",
			"provenience": "Nineveh (mod. Kuyunjik)",
			"publication_date": "1896",
			"publication_history": "Ebeling Handerfebung 166",
			"translation_source": "no translation",
			"xproject": "CDLI",
			"xproject": "CDLI"
		},
		"geometry": {
			"type": "Point",
			"coordinates": [43.151937,36.358684]
		}
	}, {
		"type": "Feature",
		"properties": {
			"id_text": "P395008",
			"accession_no": "K 03432 + K 08147",
			"ark_number": "21198/zz0022h7pc",
			"atf_source": "no atf",
			"author": "King, Leonard W.",
			"collection": "British Museum, London, UK",
			"date_entered": "2/17/2010",
			"date_updated": "2018-10-21",
			"db_source": "20100217 cdliadmin_bmcat",
			"designation": "BMS 33",
			"genre": "Prayer/Incantation",
			"id": "229775",
			"id_text_int": "395008",
			"join_information": "P395008 lead, single entry",
			"language": "Akkadian",
			"material": "clay",
			"museum_no": "BM —",
			"object_type": "tablet",
			"period": "Neo-Assyrian",
			"primary_publication": "BMS 33",
			"provenience": "Nineveh (mod. Kuyunjik)",
			"publication_date": "1896",
			"translation_source": "no translation",
			"supergenre": "LIT",
			"xproject": "CDLI",
			"xproject": "CDLI"
		},
		"geometry": {
			"type": "Point",
			"coordinates": [43.151937,36.358684]
		}
	}, {
		"type": "Feature",
		"properties": {
			"id_text": "P395009",
			"accession_no": "K 03433",
			"ark_number": "21198/zz0022h7qw",
			"atf_source": "no atf",
			"author": "nn",
			"collection": "British Museum, London, UK",
			"date_entered": "2/17/2010",
			"date_updated": "2018-10-21",
			"db_source": "20100217 cdliadmin_bmcat",
			"designation": "K 03433",
			"id": "229776",
			"id_text_int": "395009",
			"language": "Akkadian",
			"material": "clay",
			"museum_no": "BM —",
			"object_type": "tablet",
			"period": "Neo-Assyrian",
			"primary_publication": "unpublished unassigned ?",
			"provenience": "Nineveh (mod. Kuyunjik)",
			"publication_date": "nd",
			"translation_source": "no translation",
			"xproject": "CDLI",
			"xproject": "CDLI"
		},
		"geometry": {
			"type": "Point",
			"coordinates": [43.151937,36.358684]
		}
	}, {
		"type": "Feature",
		"properties": {
			"id_text": "P395010",
			"accession_no": "K 03434 + K 09251 + Sm 0529",
			"ark_number": "21198/zz0022h7rd",
			"atf_source": "BabMed Team",
			"author": "Köcher, Franz",
			"collection": "British Museum, London, UK",
			"date_entered": "2/17/2010",
			"date_updated": "2019-06-04",
			"db_source": "20100217 cdliadmin_bmcat",
			"designation": "BAM 5, 502",
			"id": "229777",
			"id_text_int": "395010",
			"join_information": "P395010 lead, single entry",
			"language": "Akkadian",
			"lineart_up": "150ppi 20160630",
			"material": "clay",
			"museum_no": "BM —",
			"object_type": "tablet",
			"period": "Neo-Assyrian",
			"primary_publication": "BAM 5, 502",
			"provenience": "Nineveh (mod. Kuyunjik)",
			"publication_date": "1980",
			"subgenre": "medical",
			"text_remarks": "4.44 cm x 3.17 cm; Fragment of a clay tablet, 9 lines of inscription, bilingual, Neo-Assyrian.",
			"translation_source": "no translation",
			"xproject": "CDLI",
			"xproject": "CDLI"
		},
		"geometry": {
			"type": "Point",
			"coordinates": [43.151937,36.358684]
		}
	}, {
		"type": "Feature",
		"properties": {
			"id_text": "P395020",
			"accession_no": "K 03447 + K 11152 + K 13728",
			"ark_number": "21198/zz0022jjd1",
			"atf_source": "no atf",
			"author": "nn",
			"collection": "British Museum, London, UK",
			"date_entered": "2/17/2010",
			"date_updated": "2018-10-21",
			"db_source": "20100217 cdliadmin_bmcat",
			"designation": "Perry Sin pl. 04",
			"id": "229787",
			"id_text_int": "395020",
			"join_information": "P395020 lead, single entry",
			"language": "Akkadian",
			"material": "clay",
			"museum_no": "BM —",
			"object_type": "tablet",
			"period": "Neo-Assyrian",
			"primary_publication": "Perry Sin pl. 04",
			"provenience": "Nineveh (mod. Kuyunjik)",
			"publication_date": "nd",
			"publication_history": "Ebeling Handerhebung 166",
			"translation_source": "no translation",
			"xproject": "CDLI",
			"xproject": "CDLI"
		},
		"geometry": {
			"type": "Point",
			"coordinates": [43.151937,36.358684]
		}
	}, {
		"type": "Feature",
		"properties": {
			"id_text": "P395021",
			"accession_no": "K 03448",
			"ark_number": "21198/zz0022jjfj",
			"atf_source": "no atf",
			"author": "King, Leonard W.",
			"collection": "British Museum, London, UK",
			"date_entered": "2/17/2010",
			"date_updated": "2018-10-21",
			"db_source": "20100217 cdliadmin_bmcat",
			"designation": "BMS 30",
			"genre": "Prayer/Incantation",
			"id": "229788",
			"id_text_int": "395021",
			"language": "Akkadian",
			"material": "clay",
			"museum_no": "BM —",
			"object_type": "tablet",
			"period": "Neo-Assyrian",
			"primary_publication": "BMS 30",
			"provenience": "Nineveh (mod. Kuyunjik)",
			"publication_date": "1896",
			"translation_source": "no translation",
			"supergenre": "LIT",
			"xproject": "CDLI",
			"xproject": "CDLI"
		},
		"geometry": {
			"type": "Point",
			"coordinates": [43.151937,36.358684]
		}
	}, {
		"type": "Feature",
		"properties": {
			"id_text": "P395051",
			"accession_no": "K 03505b",
			"ark_number": "21198/zz00228dh2",
			"atf_source": "no atf",
			"author": "Hehn, Johannes",
			"collection": "British Museum, London, UK",
			"date_entered": "2/17/2010",
			"date_updated": "2018-10-21",
			"db_source": "20100217 cdliadmin_bmcat",
			"designation": "BA 05, 385",
			"genre": "Prayer/Incantation",
			"id": "229815",
			"id_text_int": "395051",
			"language": "Akkadian",
			"material": "clay",
			"museum_no": "BM —",
			"object_type": "tablet",
			"period": "Neo-Assyrian",
			"primary_publication": "BA 05, 385",
			"provenience": "Nineveh (mod. Kuyunjik)",
			"publication_date": "1903",
			"publication_history": "Ebeling Handerhebung 092-095",
			"translation_source": "no translation",
			"supergenre": "LIT",
			"xproject": "CDLI",
			"xproject": "CDLI"
		},
		"geometry": {
			"type": "Point",
			"coordinates": [43.151937,36.358684]
		}
	}, {
		"type": "Feature",
		"properties": {
			"id_text": "P395053",
			"accession_no": "K 03508",
			"ark_number": "21198/zz00228dk3",
			"atf_source": "no atf",
			"author": "nn",
			"collection": "British Museum, London, UK",
			"date_entered": "2/17/2010",
			"date_updated": "2018-10-21",
			"db_source": "20100217 cdliadmin_bmcat",
			"designation": "K 03508",
			"id": "229817",
			"id_text_int": "395053",
			"language": "Akkadian",
			"material": "clay",
			"museum_no": "BM —",
			"object_type": "tablet",
			"period": "Neo-Assyrian",
			"primary_publication": "unpublished unassigned ?",
			"provenience": "Nineveh (mod. Kuyunjik)",
			"publication_date": "nd",
			"translation_source": "no translation",
			"xproject": "CDLI",
			"xproject": "CDLI"
		},
		"geometry": {
			"type": "Point",
			"coordinates": [43.151937,36.358684]
		}
	}, {
		"type": "Feature",
		"properties": {
			"id_text": "P395590",
			"accession_no": "K 04494 + K 14706 + K 10729",
			"atf_source": "no atf",
			"author": "nn",
			"cdli_comments": "20170621 lenzi: cf. Mayer, Werner. Studia Pohl SM 5 (1976) 455-457",
			"collection": "British Museum, London, UK",
			"date_entered": "6/21/2017",
			"date_updated": "2018-10-21",
			"db_source": "20170621 cdliadmin_lenzi",
			"designation": "K 04494 + K 14706 + K 10729",
			"genre": "Prayer/Incantation",
			"id": "331043",
			"id_text_int": "395590",
			"language": "Akkadian",
			"material": "clay",
			"museum_no": "BM —",
			"object_type": "tablet",
			"period": "Neo-Assyrian",
			"photo_up": "600ppi 20160913",
			"primary_publication": "unpublished unassigned ?",
			"provenience": "Nineveh (mod. Kuyunjik)",
			"publication_date": "nd",
			"translation_source": "no translation",
			"supergenre": "LIT",
			"xproject": "CDLI",
			"xproject": "CDLI"
		},
		"geometry": {
			"type": "Point",
			"coordinates": [43.151937,36.358684]
		}
	}, {
		"type": "Feature",
		"properties": {
			"id_text": "P395889",
			"accession_no": "K 05113",
			"ark_number": "21198/zz00208c63",
			"atf_source": "no atf",
			"author": "nn",
			"collection": "British Museum, London, UK",
			"date_entered": "2/17/2010",
			"date_updated": "2018-10-21",
			"db_source": "20100217 cdliadmin_bmcat",
			"designation": "K 05113",
			"id": "230605",
			"id_text_int": "395889",
			"language": "Akkadian",
			"material": "clay",
			"museum_no": "BM —",
			"object_type": "tablet",
			"period": "Neo-Assyrian",
			"photo_up": "600ppi 20160630",
			"primary_publication": "unpublished unassigned ?",
			"provenience": "Nineveh (mod. Kuyunjik)",
			"publication_date": "nd",
			"translation_source": "no translation",
			"xproject": "CDLI",
			"xproject": "CDLI"
		},
		"geometry": {
			"type": "Point",
			"coordinates": [43.151937,36.358684]
		}
	}, {
		"type": "Feature",
		"properties": {
			"id_text": "P396085",
			"accession_no": "K 05679",
			"ark_number": "21198/zz0022q35c",
			"atf_source": "no atf",
			"author": "nn",
			"collection": "British Museum, London, UK",
			"date_entered": "2/17/2010",
			"date_updated": "2018-10-21",
			"db_source": "20100217 cdliadmin_bmcat",
			"designation": "K 05679",
			"id": "230796",
			"id_text_int": "396085",
			"language": "Akkadian",
			"material": "clay",
			"museum_no": "BM —",
			"object_type": "tablet",
			"period": "Neo-Assyrian",
			"photo_up": "600ppi 20160630",
			"primary_publication": "unpublished unassigned ?",
			"provenience": "Nineveh (mod. Kuyunjik)",
			"publication_date": "nd",
			"translation_source": "no translation",
			"xproject": "CDLI",
			"xproject": "CDLI"
		},
		"geometry": {
			"type": "Point",
			"coordinates": [43.151937,36.358684]
		}
	}, {
		"type": "Feature",
		"properties": {
			"id_text": "P396319",
			"accession_no": "K 06018 + K 08958 + K 12922 + K 13296 + K 14704",
			"ark_number": "21198/zz0020899p",
			"atf_source": "no atf",
			"author": "King, Leonard W.",
			"collection": "British Museum, London, UK",
			"date_entered": "2/17/2010",
			"date_updated": "2018-10-21",
			"db_source": "20100217 cdliadmin_bmcat",
			"designation": "BMS 24 + 25 (K 12922 + K 13296)",
			"genre": "Prayer/Incantation",
			"id": "231026",
			"id_text_int": "396319",
			"join_information": "P396319 lead, single entry",
			"language": "Akkadian",
			"material": "clay",
			"museum_no": "BM —",
			"object_type": "tablet",
			"period": "Neo-Assyrian",
			"photo_up": "600ppi 20160630",
			"primary_publication": "BMS 24 + 25 (K 12922 + K 13296)",
			"provenience": "Nineveh (mod. Kuyunjik)",
			"publication_date": "1896",
			"translation_source": "no translation",
			"supergenre": "LIT",
			"xproject": "CDLI",
			"xproject": "CDLI"
		},
		"geometry": {
			"type": "Point",
			"coordinates": [43.151937,36.358684]
		}
	}, {
		"type": "Feature",
		"properties": {
			"id_text": "P396322",
			"accession_no": "K 06028",
			"ark_number": "21198/zz002089d7",
			"atf_source": "no atf",
			"author": "nn",
			"collection": "British Museum, London, UK",
			"date_entered": "2/17/2010",
			"date_updated": "2018-10-21",
			"db_source": "20100217 cdliadmin_bmcat",
			"designation": "K 06028",
			"id": "231029",
			"id_text_int": "396322",
			"language": "Akkadian",
			"material": "clay",
			"museum_no": "BM —",
			"object_type": "tablet",
			"period": "Neo-Assyrian",
			"photo_up": "600ppi 20160630",
			"primary_publication": "unpublished unassigned ?",
			"provenience": "Nineveh (mod. Kuyunjik)",
			"publication_date": "nd",
			"translation_source": "no translation",
			"xproject": "CDLI",
			"xproject": "CDLI"
		},
		"geometry": {
			"type": "Point",
			"coordinates": [43.151937,36.358684]
		}
	}, {
		"type": "Feature",
		"properties": {
			"id_text": "P396461",
			"accession_no": "K 06334",
			"ark_number": "21198/zz0020h879",
			"atf_source": "no atf",
			"author": "King, Leonard W.",
			"collection": "British Museum, London, UK",
			"date_entered": "2/17/2010",
			"date_updated": "2018-10-21",
			"db_source": "20100217 cdliadmin_bmcat",
			"designation": "BMS 22",
			"id": "231159",
			"id_text_int": "396461",
			"language": "Akkadian",
			"material": "clay",
			"museum_no": "BM —",
			"object_type": "tablet",
			"period": "Neo-Assyrian",
			"photo_up": "600ppi 20160630",
			"primary_publication": "BMS 22",
			"provenience": "Nineveh (mod. Kuyunjik)",
			"publication_date": "1896",
			"publication_history": "Ebeling Handerhebung 167",
			"translation_source": "no translation",
			"xproject": "CDLI",
			"xproject": "CDLI"
		},
		"geometry": {
			"type": "Point",
			"coordinates": [43.151937,36.358684]
		}
	}, {
		"type": "Feature",
		"properties": {
			"id_text": "P396503",
			"accession_no": "K 06395 + K 10138",
			"ark_number": "21198/zz00201qfd",
			"atf_source": "no atf",
			"author": "King, Leonard W.",
			"collection": "British Museum, London, UK",
			"date_entered": "2/17/2010",
			"date_updated": "2018-10-21",
			"db_source": "20100217 cdliadmin_bmcat",
			"designation": "BMS 52",
			"genre": "Prayer/Incantation",
			"id": "231199",
			"id_text_int": "396503",
			"join_information": "P396503 lead, single entry",
			"language": "Akkadian",
			"material": "clay",
			"museum_no": "BM —",
			"object_type": "tablet",
			"period": "Neo-Assyrian",
			"photo_up": "600ppi 20160630",
			"primary_publication": "BMS 52",
			"provenience": "Nineveh (mod. Kuyunjik)",
			"publication_date": "1896",
			"translation_source": "no translation",
			"supergenre": "LIT",
			"xproject": "CDLI",
			"xproject": "CDLI"
		},
		"geometry": {
			"type": "Point",
			"coordinates": [43.151937,36.358684]
		}
	}, {
		"type": "Feature",
		"properties": {
			"id_text": "P396564",
			"accession_no": "K 06477 + K 09706",
			"ark_number": "21198/zz0022q4v6",
			"atf_source": "no atf",
			"author": "King, Leonard W.",
			"collection": "British Museum, London, UK",
			"date_entered": "2/17/2010",
			"date_updated": "2018-10-21",
			"db_source": "20100217 cdliadmin_bmcat",
			"designation": "BMS 02",
			"id": "231259",
			"id_text_int": "396564",
			"join_information": "P396564 lead, single entry",
			"language": "Akkadian",
			"material": "clay",
			"museum_no": "BM —",
			"object_type": "tablet",
			"period": "Neo-Assyrian",
			"photo_up": "600ppi 20160630",
			"primary_publication": "BMS 02",
			"provenience": "Nineveh (mod. Kuyunjik)",
			"publication_date": "1896",
			"publication_history": "Ebeling Handerhebung 167",
			"translation_source": "no translation",
			"xproject": "CDLI",
			"xproject": "CDLI"
		},
		"geometry": {
			"type": "Point",
			"coordinates": [43.151937,36.358684]
		}
	}, {
		"type": "Feature",
		"properties": {
			"id_text": "P396615",
			"accession_no": "K 06537 + K 10348",
			"ark_number": "21198/zz0022kr47",
			"atf_source": "no atf",
			"author": "King, Leonard W.",
			"collection": "British Museum, London, UK",
			"date_entered": "2/17/2010",
			"date_updated": "2018-10-21",
			"db_source": "20100217 cdliadmin_bmcat",
			"designation": "BMS 11",
			"id": "231308",
			"id_text_int": "396615",
			"join_information": "P396615 lead, single entry",
			"language": "Akkadian",
			"material": "clay",
			"museum_no": "BM —",
			"object_type": "tablet",
			"period": "Neo-Assyrian",
			"photo_up": "600ppi 20160630",
			"primary_publication": "BMS 11",
			"provenience": "Nineveh (mod. Kuyunjik)",
			"publication_date": "1896",
			"translation_source": "no translation",
			"xproject": "CDLI",
			"xproject": "CDLI"
		},
		"geometry": {
			"type": "Point",
			"coordinates": [43.151937,36.358684]
		}
	}, {
		"type": "Feature",
		"properties": {
			"id_text": "P396704",
			"accession_no": "K 06644",
			"ark_number": "21198/zz0021xpq4",
			"atf_source": "no atf",
			"author": "King, Leonard W.",
			"collection": "British Museum, London, UK",
			"date_entered": "2/17/2010",
			"date_updated": "2018-10-21",
			"db_source": "20100217 cdliadmin_bmcat",
			"designation": "BMS 58",
			"genre": "Prayer/Incantation",
			"id": "231396",
			"id_text_int": "396704",
			"language": "Akkadian",
			"material": "clay",
			"museum_no": "BM —",
			"object_type": "tablet",
			"period": "Neo-Assyrian",
			"photo_up": "600ppi 20160630",
			"primary_publication": "BMS 58",
			"provenience": "Nineveh (mod. Kuyunjik)",
			"publication_date": "1896",
			"translation_source": "no translation",
			"supergenre": "LIT",
			"xproject": "CDLI",
			"xproject": "CDLI"
		},
		"geometry": {
			"type": "Point",
			"coordinates": [43.151937,36.358684]
		}
	}, {
		"type": "Feature",
		"properties": {
			"id_text": "P396760",
			"accession_no": "K 06733",
			"ark_number": "21198/zz0021q9zr",
			"atf_source": "no atf",
			"author": "King, Leonard W.",
			"collection": "British Museum, London, UK",
			"date_entered": "2/17/2010",
			"date_updated": "2018-10-21",
			"db_source": "20100217 cdliadmin_bmcat",
			"designation": "BMS 12",
			"id": "231447",
			"id_text_int": "396760",
			"language": "Akkadian",
			"material": "clay",
			"museum_no": "BM —",
			"object_type": "tablet",
			"period": "Neo-Assyrian",
			"photo_up": "600ppi 20160630",
			"primary_publication": "BMS 12",
			"provenience": "Nineveh (mod. Kuyunjik)",
			"publication_date": "1896",
			"publication_history": "Ebeling Handerhebung 167",
			"translation_source": "no translation",
			"xproject": "CDLI",
			"xproject": "CDLI"
		},
		"geometry": {
			"type": "Point",
			"coordinates": [43.151937,36.358684]
		}
	}, {
		"type": "Feature",
		"properties": {
			"id_text": "P396802",
			"accession_no": "K 06792",
			"ark_number": "21198/zz0022cw4g",
			"atf_source": "no atf",
			"author": "King, Leonard W.",
			"collection": "British Museum, London, UK",
			"date_entered": "2/17/2010",
			"date_updated": "2018-10-21",
			"db_source": "20100217 cdliadmin_bmcat",
			"designation": "BMS 55",
			"genre": "Prayer/Incantation",
			"id": "231489",
			"id_text_int": "396802",
			"language": "Akkadian",
			"material": "clay",
			"museum_no": "BM —",
			"object_type": "tablet",
			"period": "Neo-Assyrian",
			"photo_up": "600ppi 20160630",
			"primary_publication": "BMS 55",
			"provenience": "Nineveh (mod. Kuyunjik)",
			"publication_date": "1896",
			"translation_source": "no translation",
			"supergenre": "LIT",
			"xproject": "CDLI",
			"xproject": "CDLI"
		},
		"geometry": {
			"type": "Point",
			"coordinates": [43.151937,36.358684]
		}
	}, {
		"type": "Feature",
		"properties": {
			"id_text": "P396808",
			"accession_no": "K 06800",
			"ark_number": "21198/zz00208f41",
			"atf_source": "no atf",
			"author": "nn",
			"collection": "British Museum, London, UK",
			"date_entered": "2/17/2010",
			"date_updated": "2018-10-21",
			"db_source": "20100217 cdliadmin_bmcat",
			"designation": "K 06800",
			"id": "231495",
			"id_text_int": "396808",
			"language": "Akkadian",
			"material": "clay",
			"museum_no": "BM —",
			"object_type": "tablet",
			"period": "Neo-Assyrian",
			"photo_up": "600ppi 20160630",
			"primary_publication": "unpublished unassigned ?",
			"provenience": "Nineveh (mod. Kuyunjik)",
			"publication_date": "nd",
			"translation_source": "no translation",
			"xproject": "CDLI",
			"xproject": "CDLI"
		},
		"geometry": {
			"type": "Point",
			"coordinates": [43.151937,36.358684]
		}
	}, {
		"type": "Feature",
		"properties": {
			"id_text": "P396811",
			"accession_no": "K 06804",
			"ark_number": "21198/zz00208f7k",
			"atf_source": "no atf",
			"author": "King, Leonard W.",
			"collection": "British Museum, London, UK",
			"date_entered": "2/17/2010",
			"date_updated": "2018-10-21",
			"db_source": "20100217 cdliadmin_bmcat",
			"designation": "BMS 018",
			"id": "231498",
			"id_text_int": "396811",
			"language": "Akkadian",
			"material": "clay",
			"museum_no": "BM —",
			"object_type": "tablet",
			"period": "Neo-Assyrian",
			"photo_up": "600ppi 20160630",
			"primary_publication": "BMS 018",
			"provenience": "Nineveh (mod. Kuyunjik)",
			"publication_date": "1896",
			"publication_history": "Ebeling Handerhebung 167",
			"translation_source": "no translation",
			"xproject": "CDLI",
			"xproject": "CDLI"
		},
		"geometry": {
			"type": "Point",
			"coordinates": [43.151937,36.358684]
		}
	}, {
		"type": "Feature",
		"properties": {
			"id_text": "P396845",
			"accession_no": "K 06853",
			"ark_number": "21198/zz0020cmnj",
			"atf_source": "no atf",
			"author": "King, Leonard W.",
			"collection": "British Museum, London, UK",
			"date_entered": "2/17/2010",
			"date_updated": "2018-10-21",
			"db_source": "20100217 cdliadmin_bmcat",
			"designation": "BMS 022",
			"id": "231531",
			"id_text_int": "396845",
			"language": "Akkadian",
			"material": "clay",
			"museum_no": "BM —",
			"object_type": "tablet",
			"period": "Neo-Assyrian",
			"photo_up": "600ppi 20160630",
			"primary_publication": "BMS 022",
			"provenience": "Nineveh (mod. Kuyunjik)",
			"publication_date": "1896",
			"publication_history": "Ebeling Handerhebung 167",
			"translation_source": "no translation",
			"xproject": "CDLI",
			"xproject": "CDLI"
		},
		"geometry": {
			"type": "Point",
			"coordinates": [43.151937,36.358684]
		}
	}, {
		"type": "Feature",
		"properties": {
			"id_text": "P396937",
			"accession_no": "K 06975 + K 11326 + K 11975",
			"ark_number": "21198/zz0020h9tk",
			"atf_source": "no atf",
			"author": "King, Leonard W.",
			"collection": "British Museum, London, UK",
			"date_entered": "2/17/2010",
			"date_updated": "2018-10-21",
			"db_source": "20100217 cdliadmin_bmcat",
			"designation": "BMS 18",
			"id": "231623",
			"id_text_int": "396937",
			"join_information": "P396937 lead, single entry",
			"language": "Akkadian",
			"material": "clay",
			"museum_no": "BM —",
			"object_type": "tablet",
			"period": "Neo-Assyrian",
			"photo_up": "600ppi 20160630",
			"primary_publication": "BMS 18",
			"provenience": "Nineveh (mod. Kuyunjik)",
			"publication_date": "1896",
			"publication_history": "Ebeling Handerhebung 167",
			"translation_source": "no translation",
			"xproject": "CDLI",
			"xproject": "CDLI"
		},
		"geometry": {
			"type": "Point",
			"coordinates": [43.151937,36.358684]
		}
	}, {
		"type": "Feature",
		"properties": {
			"id_text": "P396939",
			"accession_no": "K 06977 + K 09764 + K 10740",
			"ark_number": "21198/zz0020h9wm",
			"atf_source": "no atf",
			"author": "nn",
			"collection": "British Museum, London, UK",
			"date_entered": "2/17/2010",
			"date_updated": "2018-10-21",
			"db_source": "20100217 cdliadmin_bmcat",
			"designation": "K 06977 + K 09764 + K 10740",
			"id": "231625",
			"id_text_int": "396939",
			"join_information": "P396939 lead, single entry",
			"language": "Akkadian",
			"material": "clay",
			"museum_no": "BM —",
			"object_type": "tablet",
			"period": "Neo-Assyrian",
			"photo_up": "600ppi 20160630",
			"primary_publication": "unpublished unassigned ?",
			"provenience": "Nineveh (mod. Kuyunjik)",
			"publication_date": "nd",
			"translation_source": "no translation",
			"xproject": "CDLI",
			"xproject": "CDLI"
		},
		"geometry": {
			"type": "Point",
			"coordinates": [43.151937,36.358684]
		}
	}, {
		"type": "Feature",
		"properties": {
			"id_text": "P397106",
			"accession_no": "K 07207 + K 09675 + K 13274",
			"ark_number": "21198/zz0022m18m",
			"atf_source": "no atf",
			"author": "King, Leonard W.",
			"collection": "British Museum, London, UK",
			"date_entered": "2/17/2010",
			"date_updated": "2018-10-21",
			"db_source": "20100217 cdliadmin_bmcat",
			"designation": "BMS 31",
			"genre": "Prayer/Incantation",
			"id": "231789",
			"id_text_int": "397106",
			"join_information": "P397106 lead, single entry",
			"language": "Akkadian",
			"material": "clay",
			"museum_no": "BM —",
			"object_type": "tablet",
			"period": "Neo-Assyrian",
			"photo_up": "600ppi 20160630",
			"primary_publication": "BMS 31",
			"provenience": "Nineveh (mod. Kuyunjik)",
			"publication_date": "1896",
			"translation_source": "no translation",
			"supergenre": "LIT",
			"xproject": "CDLI",
			"xproject": "CDLI"
		},
		"geometry": {
			"type": "Point",
			"coordinates": [43.151937,36.358684]
		}
	}, {
		"type": "Feature",
		"properties": {
			"id_text": "P397231",
			"accession_no": "K 07664 + K 09302 + K 09494",
			"ark_number": "21198/zz0021qcdf",
			"atf_source": "no atf",
			"author": "nn",
			"collection": "British Museum, London, UK",
			"date_entered": "2/17/2010",
			"date_updated": "2018-10-21",
			"db_source": "20100217 cdliadmin_bmcat",
			"designation": "K 07664 + K 09302 + K 09494",
			"id": "231909",
			"id_text_int": "397231",
			"join_information": "P397231 lead, single entry",
			"language": "Akkadian",
			"material": "clay",
			"museum_no": "BM —",
			"object_type": "tablet",
			"period": "Neo-Assyrian",
			"photo_up": "600ppi 20160630",
			"primary_publication": "unpublished unassigned ?",
			"provenience": "Nineveh (mod. Kuyunjik)",
			"publication_date": "nd",
			"translation_source": "no translation",
			"xproject": "CDLI",
			"xproject": "CDLI"
		},
		"geometry": {
			"type": "Point",
			"coordinates": [43.151937,36.358684]
		}
	}, {
		"type": "Feature",
		"properties": {
			"id_text": "P397372",
			"accession_no": "K 07916",
			"ark_number": "21198/zz0022xzgs",
			"atf_source": "no atf",
			"author": "King, Leonard W.",
			"collection": "British Museum, London, UK",
			"date_entered": "2/17/2010",
			"date_updated": "2018-10-21",
			"db_source": "20100217 cdliadmin_bmcat",
			"designation": "BMS 41",
			"genre": "Prayer/Incantation",
			"id": "232048",
			"id_text_int": "397372",
			"language": "Akkadian",
			"material": "clay",
			"museum_no": "BM —",
			"object_type": "tablet",
			"period": "Neo-Assyrian",
			"photo_up": "600ppi 20160630",
			"primary_publication": "BMS 41",
			"provenience": "Nineveh (mod. Kuyunjik)",
			"publication_date": "1896",
			"translation_source": "no translation",
			"supergenre": "LIT",
			"xproject": "CDLI",
			"xproject": "CDLI"
		},
		"geometry": {
			"type": "Point",
			"coordinates": [43.151937,36.358684]
		}
	}, {
		"type": "Feature",
		"properties": {
			"id_text": "P397419",
			"accession_no": "K 07984",
			"ark_number": "21198/zz00201sbt",
			"atf_source": "no atf",
			"author": "King, Leonard W.",
			"collection": "British Museum, London, UK",
			"date_entered": "2/17/2010",
			"date_updated": "2018-10-21",
			"db_source": "20100217 cdliadmin_bmcat",
			"designation": "BMS 012",
			"id": "232093",
			"id_text_int": "397419",
			"language": "Akkadian",
			"material": "clay",
			"museum_no": "BM —",
			"object_type": "tablet",
			"period": "Neo-Assyrian",
			"photo_up": "600ppi 20160630",
			"primary_publication": "BMS 012",
			"provenience": "Nineveh (mod. Kuyunjik)",
			"publication_date": "1896",
			"publication_history": "Ebeling Handerhebung 67",
			"translation_source": "no translation",
			"xproject": "CDLI",
			"xproject": "CDLI"
		},
		"geometry": {
			"type": "Point",
			"coordinates": [43.151937,36.358684]
		}
	}, {
		"type": "Feature",
		"properties": {
			"id_text": "P397435",
			"accession_no": "K 08009",
			"ark_number": "21198/zz00201sw3",
			"atf_source": "no atf",
			"author": "King, Leonard W.",
			"collection": "British Museum, London, UK",
			"date_entered": "2/17/2010",
			"date_updated": "2018-10-21",
			"db_source": "20100217 cdliadmin_bmcat",
			"designation": "BMS 18",
			"genre": "Prayer/Incantation",
			"id": "232109",
			"id_text_int": "397435",
			"language": "Akkadian",
			"material": "clay",
			"museum_no": "BM —",
			"object_type": "tablet",
			"period": "Neo-Assyrian",
			"photo_up": "600ppi 20160630",
			"primary_publication": "BMS 18",
			"provenience": "Nineveh (mod. Kuyunjik)",
			"publication_date": "1896",
			"publication_history": "BA 05, 358-360",
			"translation_source": "no translation",
			"supergenre": "LIT",
			"xproject": "CDLI",
			"xproject": "CDLI"
		},
		"geometry": {
			"type": "Point",
			"coordinates": [43.151937,36.358684]
		}
	}, {
		"type": "Feature",
		"properties": {
			"id_text": "P397492",
			"accession_no": "K 08105 + K 11929 + 1882-03-23, 0127",
			"ark_number": "21198/zz0021k821",
			"atf_source": "no atf",
			"author": "King, Leonard W.",
			"collection": "British Museum, London, UK",
			"date_entered": "2/17/2010",
			"date_updated": "2018-10-21",
			"db_source": "20100217 cdliadmin_bmcat",
			"designation": "BMS 04 K 08105",
			"genre": "Prayer/Incantation",
			"id": "232164",
			"id_text_int": "397492",
			"join_information": "P397492 lead, single entry",
			"language": "Akkadian",
			"material": "clay",
			"museum_no": "BM —",
			"object_type": "tablet",
			"period": "Neo-Assyrian",
			"photo_up": "600ppi 20160630",
			"primary_publication": "BMS 04 K 08105",
			"provenience": "Nineveh (mod. Kuyunjik)",
			"publication_date": "1896",
			"publication_history": "JRAS (1929) 5-7",
			"translation_source": "no translation",
			"supergenre": "LIT",
			"xproject": "CDLI",
			"xproject": "CDLI"
		},
		"geometry": {
			"type": "Point",
			"coordinates": [43.151937,36.358684]
		}
	}, {
		"type": "Feature",
		"properties": {
			"id_text": "P397497",
			"accession_no": "K 08116 + K 02396 + K 03893 + K 06019 + K 07243 + K 09083",
			"ark_number": "21198/zz0022tkxv",
			"atf_source": "no atf",
			"author": "King, Leonard W.; Geers, Friedrich W.",
			"cdli_comments": "20191213 lenzi: notes to all joins",
			"collection": "British Museum, London, UK",
			"date_entered": "2/17/2010",
			"date_updated": "2019-12-15",
			"db_source": "20100217 cdliadmin_bmcat",
			"designation": "BMS 48 + ZA 042, 221-222",
			"genre": "Prayer/Incantation",
			"id": "232169",
			"id_text_int": "397497",
			"language": "Akkadian",
			"material": "clay",
			"museum_no": "BM —",
			"object_type": "tablet",
			"period": "Neo-Assyrian",
			"photo_up": "600ppi 20160630",
			"primary_publication": "BMS 48 + ZA 042, 221-222",
			"provenience": "Nineveh (mod. Kuyunjik)",
			"publication_date": "1896",
			"publication_history": "Ebeling Handerhebung 167; King, BMS 05 (K 6019), 08 (K 2396 + K 3893); Ambos, Bit Sala’ Me (2013) 198; Jiménez, Enrique, Iraq 76, 108-109 with physically joining fragment K 09083",
			"translation_source": "no translation",
			"supergenre": "LIT",
			"xproject": "CDLI",
			"xproject": "CDLI"
		},
		"geometry": {
			"type": "Point",
			"coordinates": [43.151937,36.358684]
		}
	}, {
		"type": "Feature",
		"properties": {
			"id_text": "P397501",
			"accession_no": "K 08122",
			"ark_number": "21198/zz0022tmc2",
			"atf_source": "no atf",
			"author": "King, Leonard W.",
			"collection": "British Museum, London, UK",
			"date_entered": "2/17/2010",
			"date_updated": "2018-10-21",
			"db_source": "20100217 cdliadmin_bmcat",
			"designation": "BMS 03",
			"genre": "Prayer/Incantation",
			"id": "232173",
			"id_text_int": "397501",
			"language": "Akkadian",
			"material": "clay",
			"museum_no": "BM —",
			"object_type": "tablet",
			"period": "Neo-Assyrian",
			"photo_up": "600ppi 20160630",
			"primary_publication": "BMS 03",
			"provenience": "Nineveh (mod. Kuyunjik)",
			"publication_date": "1896",
			"publication_history": "Ebeling Handerhebung 167",
			"translation_source": "no translation",
			"supergenre": "LIT",
			"xproject": "CDLI",
			"xproject": "CDLI"
		},
		"geometry": {
			"type": "Point",
			"coordinates": [43.151937,36.358684]
		}
	}, {
		"type": "Feature",
		"properties": {
			"id_text": "P397528",
			"accession_no": "K 08181",
			"ark_number": "21198/zz0022wvhd",
			"atf_source": "no atf",
			"author": "nn",
			"collection": "British Museum, London, UK",
			"date_entered": "2/17/2010",
			"date_updated": "2018-10-21",
			"db_source": "20100217 cdliadmin_bmcat",
			"designation": "K 08181",
			"id": "232200",
			"id_text_int": "397528",
			"language": "Akkadian",
			"material": "clay",
			"museum_no": "BM —",
			"object_type": "tablet",
			"period": "Neo-Assyrian",
			"photo_up": "600ppi 20160630",
			"primary_publication": "unpublished unassigned ?",
			"provenience": "Nineveh (mod. Kuyunjik)",
			"publication_date": "nd",
			"translation_source": "no translation",
			"xproject": "CDLI",
			"xproject": "CDLI"
		},
		"geometry": {
			"type": "Point",
			"coordinates": [43.151937,36.358684]
		}
	}, {
		"type": "Feature",
		"properties": {
			"id_text": "P397532",
			"accession_no": "K 08190",
			"ark_number": "21198/zz0022wvng",
			"atf_source": "no atf",
			"author": "King, Leonard W.",
			"collection": "British Museum, London, UK",
			"date_entered": "2/17/2010",
			"date_updated": "2018-10-21",
			"db_source": "20100217 cdliadmin_bmcat",
			"designation": "BMS 51",
			"genre": "Prayer/Incantation",
			"id": "232204",
			"id_text_int": "397532",
			"language": "Akkadian",
			"material": "clay",
			"museum_no": "BM —",
			"object_type": "tablet",
			"period": "Neo-Assyrian",
			"photo_up": "600ppi 20160630",
			"primary_publication": "BMS 51",
			"provenience": "Nineveh (mod. Kuyunjik)",
			"publication_date": "1896",
			"translation_source": "no translation",
			"supergenre": "LIT",
			"xproject": "CDLI",
			"xproject": "CDLI"
		},
		"geometry": {
			"type": "Point",
			"coordinates": [43.151937,36.358684]
		}
	}, {
		"type": "Feature",
		"properties": {
			"id_text": "P397577",
			"accession_no": "K 08310",
			"ark_number": "21198/zz0022m2ns",
			"atf_source": "no atf",
			"author": "nn",
			"collection": "British Museum, London, UK",
			"date_entered": "2/17/2010",
			"date_updated": "2018-10-21",
			"db_source": "20100217 cdliadmin_bmcat",
			"designation": "Ebeling Handerhebung 167",
			"id": "232247",
			"id_text_int": "397577",
			"language": "Akkadian",
			"material": "clay",
			"museum_no": "BM —",
			"object_type": "tablet",
			"period": "Neo-Assyrian",
			"photo_up": "600ppi 20160630",
			"primary_publication": "Ebeling Handerhebung 167",
			"provenience": "Nineveh (mod. Kuyunjik)",
			"publication_date": "nd",
			"publication_history": "Bollenrucher Nergal 3",
			"translation_source": "no translation",
			"xproject": "CDLI",
			"xproject": "CDLI"
		},
		"geometry": {
			"type": "Point",
			"coordinates": [43.151937,36.358684]
		}
	}, {
		"type": "Feature",
		"properties": {
			"id_text": "P397764",
			"accession_no": "K 08803",
			"ark_number": "21198/zz0020cpm0",
			"atf_source": "no atf",
			"author": "nn",
			"collection": "British Museum, London, UK",
			"date_entered": "2/17/2010",
			"date_updated": "2018-10-21",
			"db_source": "20100217 cdliadmin_bmcat",
			"designation": "K 08803",
			"id": "232427",
			"id_text_int": "397764",
			"language": "Akkadian",
			"material": "clay",
			"museum_no": "BM —",
			"object_type": "tablet",
			"period": "Neo-Assyrian",
			"photo_up": "600ppi 20160630",
			"primary_publication": "unpublished unassigned ?",
			"provenience": "Nineveh (mod. Kuyunjik)",
			"publication_date": "nd",
			"translation_source": "no translation",
			"xproject": "CDLI",
			"xproject": "CDLI"
		},
		"geometry": {
			"type": "Point",
			"coordinates": [43.151937,36.358684]
		}
	}, {
		"type": "Feature",
		"properties": {
			"id_text": "P397768",
			"accession_no": "K 08808",
			"ark_number": "21198/zz0020cpr2",
			"atf_source": "no atf",
			"author": "King, Leonard W.",
			"collection": "British Museum, London, UK",
			"date_entered": "2/17/2010",
			"date_updated": "2018-10-21",
			"db_source": "20100217 cdliadmin_bmcat",
			"designation": "BMS 47",
			"genre": "Prayer/Incantation",
			"id": "232431",
			"id_text_int": "397768",
			"language": "Akkadian",
			"material": "clay",
			"museum_no": "BM —",
			"object_type": "tablet",
			"period": "Neo-Assyrian",
			"photo_up": "600ppi 20160630",
			"primary_publication": "BMS 47",
			"provenience": "Nineveh (mod. Kuyunjik)",
			"publication_date": "1896",
			"translation_source": "no translation",
			"supergenre": "LIT",
			"xproject": "CDLI",
			"xproject": "CDLI"
		},
		"geometry": {
			"type": "Point",
			"coordinates": [43.151937,36.358684]
		}
	}, {
		"type": "Feature",
		"properties": {
			"id_text": "P397772",
			"accession_no": "K 08815",
			"ark_number": "21198/zz0020cpw4",
			"atf_source": "no atf",
			"author": "nn",
			"collection": "British Museum, London, UK",
			"date_entered": "2/17/2010",
			"date_updated": "2018-10-21",
			"db_source": "20100217 cdliadmin_bmcat",
			"designation": "K 08815",
			"id": "232435",
			"id_text_int": "397772",
			"language": "Akkadian",
			"material": "clay",
			"museum_no": "BM —",
			"object_type": "tablet",
			"period": "Neo-Assyrian",
			"photo_up": "600ppi 20160630",
			"primary_publication": "unpublished unassigned ?",
			"provenience": "Nineveh (mod. Kuyunjik)",
			"publication_date": "nd",
			"translation_source": "no translation",
			"xproject": "CDLI",
			"xproject": "CDLI"
		},
		"geometry": {
			"type": "Point",
			"coordinates": [43.151937,36.358684]
		}
	}, {
		"type": "Feature",
		"properties": {
			"id_text": "P397810",
			"accession_no": "K 08930",
			"ark_number": "21198/zz0022x9n6",
			"atf_source": "no atf",
			"author": "King, Leonard W.",
			"collection": "British Museum, London, UK",
			"date_entered": "2/17/2010",
			"date_updated": "2018-10-21",
			"db_source": "20100217 cdliadmin_bmcat",
			"designation": "BMS 39",
			"genre": "Prayer/Incantation",
			"id": "232470",
			"id_text_int": "397810",
			"language": "Akkadian",
			"material": "clay",
			"museum_no": "BM —",
			"object_type": "tablet",
			"period": "Neo-Assyrian",
			"photo_up": "600ppi 20160630",
			"primary_publication": "BMS 39",
			"provenience": "Nineveh (mod. Kuyunjik)",
			"publication_date": "1896",
			"translation_source": "no translation",
			"supergenre": "LIT",
			"xproject": "CDLI",
			"xproject": "CDLI"
		},
		"geometry": {
			"type": "Point",
			"coordinates": [43.151937,36.358684]
		}
	}, {
		"type": "Feature",
		"properties": {
			"id_text": "P397828",
			"accession_no": "K 08961",
			"ark_number": "21198/zz0022z2jq",
			"atf_source": "no atf",
			"author": "Craig, James A.",
			"collection": "British Museum, London, UK",
			"date_entered": "2/17/2010",
			"date_updated": "2018-10-21",
			"db_source": "20100217 cdliadmin_bmcat",
			"designation": "ABRT 1, 59",
			"id": "232488",
			"id_text_int": "397828",
			"language": "Akkadian",
			"material": "clay",
			"museum_no": "BM —",
			"object_type": "tablet",
			"period": "Neo-Assyrian",
			"photo_up": "600ppi 20160630",
			"primary_publication": "ABRT 1, 59",
			"provenience": "Nineveh (mod. Kuyunjik)",
			"publication_date": "1895",
			"translation_source": "no translation",
			"xproject": "CDLI",
			"xproject": "CDLI"
		},
		"geometry": {
			"type": "Point",
			"coordinates": [43.151937,36.358684]
		}
	}, {
		"type": "Feature",
		"properties": {
			"id_text": "P397838",
			"accession_no": "K 08978",
			"ark_number": "21198/zz0022z2ww",
			"atf_source": "no atf",
			"author": "nn",
			"collection": "British Museum, London, UK",
			"date_entered": "2/17/2010",
			"date_updated": "2018-10-21",
			"db_source": "20100217 cdliadmin_bmcat",
			"designation": "K 08978",
			"id": "232498",
			"id_text_int": "397838",
			"language": "Akkadian",
			"material": "clay",
			"museum_no": "BM —",
			"object_type": "tablet",
			"period": "Neo-Assyrian",
			"photo_up": "600ppi 20160630",
			"primary_publication": "unpublished unassigned ?",
			"provenience": "Nineveh (mod. Kuyunjik)",
			"publication_date": "nd",
			"translation_source": "no translation",
			"xproject": "CDLI",
			"xproject": "CDLI"
		},
		"geometry": {
			"type": "Point",
			"coordinates": [43.151937,36.358684]
		}
	}, {
		"type": "Feature",
		"properties": {
			"id_text": "P397840",
			"accession_no": "K 08982",
			"ark_number": "21198/zz0022z2zx",
			"atf_source": "no atf",
			"author": "nn",
			"collection": "British Museum, London, UK",
			"date_entered": "2/17/2010",
			"date_updated": "2018-10-21",
			"db_source": "20100217 cdliadmin_bmcat",
			"designation": "K 08982",
			"id": "232500",
			"id_text_int": "397840",
			"language": "Akkadian",
			"material": "clay",
			"museum_no": "BM —",
			"object_type": "tablet",
			"period": "Neo-Assyrian",
			"photo_up": "600ppi 20160630",
			"primary_publication": "unpublished unassigned ?",
			"provenience": "Nineveh (mod. Kuyunjik)",
			"publication_date": "nd",
			"translation_source": "no translation",
			"xproject": "CDLI",
			"xproject": "CDLI"
		},
		"geometry": {
			"type": "Point",
			"coordinates": [43.151937,36.358684]
		}
	}, {
		"type": "Feature",
		"properties": {
			"id_text": "P397852",
			"accession_no": "K 09000",
			"ark_number": "21198/zz002300tr",
			"atf_source": "no atf",
			"author": "nn",
			"collection": "British Museum, London, UK",
			"date_entered": "2/17/2010",
			"date_updated": "2018-10-21",
			"db_source": "20100217 cdliadmin_bmcat",
			"designation": "K 09000",
			"id": "232512",
			"id_text_int": "397852",
			"language": "Akkadian",
			"material": "clay",
			"museum_no": "BM —",
			"object_type": "tablet",
			"period": "Neo-Assyrian",
			"photo_up": "600ppi 20160630",
			"primary_publication": "unpublished unassigned ?",
			"provenience": "Nineveh (mod. Kuyunjik)",
			"publication_date": "nd",
			"translation_source": "no translation",
			"xproject": "CDLI",
			"xproject": "CDLI"
		},
		"geometry": {
			"type": "Point",
			"coordinates": [43.151937,36.358684]
		}
	}, {
		"type": "Feature",
		"properties": {
			"id_text": "P397902",
			"accession_no": "K 09087",
			"ark_number": "21198/zz00201tx3",
			"atf_source": "no atf",
			"author": "King, Leonard W.",
			"collection": "British Museum, London, UK",
			"date_entered": "2/17/2010",
			"date_updated": "2018-10-21",
			"db_source": "20100217 cdliadmin_bmcat",
			"designation": "BMS 37",
			"genre": "Prayer/Incantation",
			"id": "232560",
			"id_text_int": "397902",
			"language": "Akkadian",
			"material": "clay",
			"museum_no": "BM —",
			"object_type": "tablet",
			"period": "Neo-Assyrian",
			"photo_up": "600ppi 20160630",
			"primary_publication": "BMS 37",
			"provenience": "Nineveh (mod. Kuyunjik)",
			"publication_date": "1896",
			"translation_source": "no translation",
			"supergenre": "LIT",
			"xproject": "CDLI",
			"xproject": "CDLI"
		},
		"geometry": {
			"type": "Point",
			"coordinates": [43.151937,36.358684]
		}
	}, {
		"type": "Feature",
		"properties": {
			"id_text": "P397923",
			"accession_no": "K 09122",
			"ark_number": "21198/zz002030c4",
			"atf_source": "no atf",
			"author": "nn",
			"collection": "British Museum, London, UK",
			"date_entered": "2/17/2010",
			"date_updated": "2018-10-21",
			"db_source": "20100217 cdliadmin_bmcat",
			"designation": "K 09122",
			"id": "232580",
			"id_text_int": "397923",
			"language": "Akkadian",
			"material": "clay",
			"museum_no": "BM —",
			"object_type": "tablet",
			"period": "Neo-Assyrian",
			"photo_up": "600ppi 20160630",
			"primary_publication": "unpublished unassigned ?",
			"provenience": "Nineveh (mod. Kuyunjik)",
			"publication_date": "nd",
			"translation_source": "no translation",
			"xproject": "CDLI",
			"xproject": "CDLI"
		},
		"geometry": {
			"type": "Point",
			"coordinates": [43.151937,36.358684]
		}
	}, {
		"type": "Feature",
		"properties": {
			"id_text": "P397924",
			"accession_no": "K 09125",
			"ark_number": "21198/zz002030dn",
			"atf_source": "no atf",
			"author": "King, Leonard W.",
			"collection": "British Museum, London, UK",
			"date_entered": "2/17/2010",
			"date_updated": "2018-10-21",
			"db_source": "20100217 cdliadmin_bmcat",
			"designation": "BMS 36",
			"genre": "Prayer/Incantation",
			"id": "232581",
			"id_text_int": "397924",
			"language": "Akkadian",
			"material": "clay",
			"museum_no": "BM —",
			"object_type": "tablet",
			"period": "Neo-Assyrian",
			"photo_up": "600ppi 20160630",
			"primary_publication": "BMS 36",
			"provenience": "Nineveh (mod. Kuyunjik)",
			"publication_date": "1896",
			"translation_source": "no translation",
			"supergenre": "LIT",
			"xproject": "CDLI",
			"xproject": "CDLI"
		},
		"geometry": {
			"type": "Point",
			"coordinates": [43.151937,36.358684]
		}
	}, {
		"type": "Feature",
		"properties": {
			"id_text": "P398391",
			"accession_no": "K 09909",
			"ark_number": "21198/zz002031d4",
			"atf_source": "no atf",
			"author": "King, Leonard W.",
			"collection": "British Museum, London, UK",
			"date_entered": "2/17/2010",
			"date_updated": "2018-10-21",
			"db_source": "20100217 cdliadmin_bmcat",
			"designation": "BMS 57",
			"genre": "Prayer/Incantation",
			"id": "233044",
			"id_text_int": "398391",
			"language": "Akkadian",
			"material": "clay",
			"museum_no": "BM —",
			"object_type": "tablet",
			"period": "Neo-Assyrian",
			"photo_up": "600ppi 20160630",
			"primary_publication": "BMS 57",
			"provenience": "Nineveh (mod. Kuyunjik)",
			"publication_date": "1896",
			"translation_source": "no translation",
			"supergenre": "LIT",
			"xproject": "CDLI",
			"xproject": "CDLI"
		},
		"geometry": {
			"type": "Point",
			"coordinates": [43.151937,36.358684]
		}
	}, {
		"type": "Feature",
		"properties": {
			"id_text": "P398438",
			"accession_no": "K 10003",
			"ark_number": "21198/zz0021kcrt",
			"atf_source": "no atf",
			"author": "nn",
			"collection": "British Museum, London, UK",
			"date_entered": "2/17/2010",
			"date_updated": "2018-10-21",
			"db_source": "20100217 cdliadmin_bmcat",
			"designation": "K 10003",
			"id": "233090",
			"id_text_int": "398438",
			"language": "Akkadian",
			"material": "clay",
			"museum_no": "BM —",
			"object_type": "tablet",
			"period": "Neo-Assyrian",
			"photo_up": "600ppi 20160630",
			"primary_publication": "unpublished unassigned ?",
			"provenience": "Nineveh (mod. Kuyunjik)",
			"publication_date": "nd",
			"translation_source": "no translation",
			"xproject": "CDLI",
			"xproject": "CDLI"
		},
		"geometry": {
			"type": "Point",
			"coordinates": [43.151937,36.358684]
		}
	}, {
		"type": "Feature",
		"properties": {
			"id_text": "P398458",
			"accession_no": "K 10037",
			"ark_number": "21198/zz0022wx8r",
			"atf_source": "no atf",
			"author": "nn",
			"collection": "British Museum, London, UK",
			"date_entered": "2/17/2010",
			"date_updated": "2018-10-21",
			"db_source": "20100217 cdliadmin_bmcat",
			"designation": "K 10037",
			"id": "233110",
			"id_text_int": "398458",
			"language": "Akkadian",
			"material": "clay",
			"museum_no": "BM —",
			"object_type": "tablet",
			"period": "Neo-Assyrian",
			"photo_up": "600ppi 20160630",
			"primary_publication": "unpublished unassigned ?",
			"provenience": "Nineveh (mod. Kuyunjik)",
			"publication_date": "nd",
			"translation_source": "no translation",
			"xproject": "CDLI",
			"xproject": "CDLI"
		},
		"geometry": {
			"type": "Point",
			"coordinates": [43.151937,36.358684]
		}
	}, {
		"type": "Feature",
		"properties": {
			"id_text": "P398574",
			"accession_no": "K 10243",
			"ark_number": "21198/zz00226255",
			"atf_source": "no atf",
			"author": "nn",
			"collection": "British Museum, London, UK",
			"date_entered": "2/17/2010",
			"date_updated": "2018-10-21",
			"db_source": "20100217 cdliadmin_bmcat",
			"designation": "K 10243",
			"id": "233225",
			"id_text_int": "398574",
			"language": "Akkadian",
			"material": "clay",
			"museum_no": "BM —",
			"object_type": "tablet",
			"period": "Neo-Assyrian",
			"photo_up": "600ppi 20160630",
			"primary_publication": "unpublished unassigned ?",
			"provenience": "Nineveh (mod. Kuyunjik)",
			"publication_date": "nd",
			"translation_source": "no translation",
			"xproject": "CDLI",
			"xproject": "CDLI"
		},
		"geometry": {
			"type": "Point",
			"coordinates": [43.151937,36.358684]
		}
	}, {
		"type": "Feature",
		"properties": {
			"id_text": "P398642",
			"accession_no": "K 10354",
			"ark_number": "21198/zz0022d0gj",
			"atf_source": "no atf",
			"author": "nn",
			"collection": "British Museum, London, UK",
			"date_entered": "2/17/2010",
			"date_updated": "2018-10-21",
			"db_source": "20100217 cdliadmin_bmcat",
			"designation": "K 10354",
			"id": "233292",
			"id_text_int": "398642",
			"language": "Akkadian",
			"material": "clay",
			"museum_no": "BM —",
			"object_type": "tablet",
			"period": "Neo-Assyrian",
			"photo_up": "600ppi 20160630",
			"primary_publication": "unpublished unassigned ?",
			"provenience": "Nineveh (mod. Kuyunjik)",
			"publication_date": "nd",
			"translation_source": "no translation",
			"xproject": "CDLI",
			"xproject": "CDLI"
		},
		"geometry": {
			"type": "Point",
			"coordinates": [43.151937,36.358684]
		}
	}, {
		"type": "Feature",
		"properties": {
			"id_text": "P398671",
			"accession_no": "K 10406 + DT 065",
			"acquisition_history": "DT = Daily Telegraph (-sponsored excavation by George Smith)",
			"ark_number": "21198/zz0022g3hd",
			"atf_source": "no atf",
			"author": "King, Leonard W.",
			"collection": "British Museum, London, UK",
			"date_entered": "2/17/2010",
			"date_updated": "2018-10-21",
			"db_source": "20100217 cdliadmin_bmcat",
			"designation": "BMS 20 + 49",
			"genre": "Prayer/Incantation",
			"id": "233321",
			"id_text_int": "398671",
			"language": "Akkadian",
			"material": "clay",
			"museum_no": "BM —",
			"object_type": "tablet",
			"period": "Neo-Assyrian",
			"photo_up": "600ppi 20160913",
			"primary_publication": "BMS 20 + 49",
			"provenience": "Nineveh (mod. Kuyunjik)",
			"publication_date": "1896",
			"publication_history": "Bezold C 1896a (DT 065); Schwemer, Daniel, Wettergottgestalten (2001) 671 (join; ref. A. Lenzi)",
			"translation_source": "no translation",
			"supergenre": "LIT",
			"xproject": "CDLI",
			"xproject": "CDLI"
		},
		"geometry": {
			"type": "Point",
			"coordinates": [43.151937,36.358684]
		}
	}, {
		"type": "Feature",
		"properties": {
			"id_text": "P398750",
			"accession_no": "K 10550",
			"ark_number": "21198/zz0022xck4",
			"atf_source": "no atf",
			"author": "King, Leonard W.",
			"collection": "British Museum, London, UK",
			"date_entered": "2/17/2010",
			"date_updated": "2018-10-21",
			"db_source": "20100217 cdliadmin_bmcat",
			"designation": "BMS 26",
			"genre": "Prayer/Incantation",
			"id": "233399",
			"id_text_int": "398750",
			"language": "Akkadian",
			"material": "clay",
			"museum_no": "BM —",
			"object_type": "tablet",
			"period": "Neo-Assyrian",
			"photo_up": "600ppi 20160630",
			"primary_publication": "BMS 26",
			"provenience": "Nineveh (mod. Kuyunjik)",
			"publication_date": "1896",
			"translation_source": "no translation",
			"supergenre": "LIT",
			"xproject": "CDLI",
			"xproject": "CDLI"
		},
		"geometry": {
			"type": "Point",
			"coordinates": [43.151937,36.358684]
		}
	}, {
		"type": "Feature",
		"properties": {
			"id_text": "P398898",
			"accession_no": "K 10807",
			"ark_number": "21198/zz0021kbwd",
			"atf_source": "no atf",
			"author": "nn",
			"collection": "British Museum, London, UK",
			"date_entered": "2/17/2010",
			"date_updated": "2018-10-21",
			"db_source": "20100217 cdliadmin_bmcat",
			"designation": "K 10807",
			"id": "233543",
			"id_text_int": "398898",
			"language": "Akkadian",
			"material": "clay",
			"museum_no": "BM —",
			"object_type": "tablet",
			"period": "Neo-Assyrian",
			"photo_up": "600ppi 20160630",
			"primary_publication": "unpublished unassigned ?",
			"provenience": "Nineveh (mod. Kuyunjik)",
			"publication_date": "nd",
			"translation_source": "no translation",
			"xproject": "CDLI",
			"xproject": "CDLI"
		},
		"geometry": {
			"type": "Point",
			"coordinates": [43.151937,36.358684]
		}
	}, {
		"type": "Feature",
		"properties": {
			"id_text": "P399407",
			"accession_no": "K 11706 + K 13288",
			"ark_number": "21198/zz0021kg81",
			"atf_source": "no atf",
			"author": "nn",
			"collection": "British Museum, London, UK",
			"date_entered": "2/17/2010",
			"date_updated": "2018-10-21",
			"db_source": "20100217 cdliadmin_bmcat",
			"designation": "K 11706 + K 13288",
			"id": "234045",
			"id_text_int": "399407",
			"join_information": "P399407 lead, single entry",
			"language": "Akkadian",
			"material": "clay",
			"museum_no": "BM —",
			"object_type": "tablet",
			"period": "Neo-Assyrian",
			"photo_up": "600ppi 20160630",
			"primary_publication": "unpublished unassigned ?",
			"provenience": "Nineveh (mod. Kuyunjik)",
			"publication_date": "nd",
			"translation_source": "no translation",
			"xproject": "CDLI",
			"xproject": "CDLI"
		},
		"geometry": {
			"type": "Point",
			"coordinates": [43.151937,36.358684]
		}
	}, {
		"type": "Feature",
		"properties": {
			"id_text": "P399497",
			"accession_no": "K 11876",
			"ark_number": "21198/zz0022tr5w",
			"atf_source": "no atf",
			"author": "King, Leonard W.",
			"collection": "British Museum, London, UK",
			"date_entered": "2/17/2010",
			"date_updated": "2018-10-21",
			"db_source": "20100217 cdliadmin_bmcat",
			"designation": "BMS 34",
			"genre": "Prayer/Incantation",
			"id": "234132",
			"id_text_int": "399497",
			"language": "Akkadian",
			"material": "clay",
			"museum_no": "BM —",
			"object_type": "tablet",
			"period": "Neo-Assyrian",
			"photo_up": "600ppi 20160630",
			"primary_publication": "BMS 34",
			"provenience": "Nineveh (mod. Kuyunjik)",
			"publication_date": "1896",
			"translation_source": "no translation",
			"supergenre": "LIT",
			"xproject": "CDLI",
			"xproject": "CDLI"
		},
		"geometry": {
			"type": "Point",
			"coordinates": [43.151937,36.358684]
		}
	}, {
		"type": "Feature",
		"properties": {
			"id_text": "P399537",
			"accession_no": "K 11951",
			"ark_number": "21198/zz002265j9",
			"atf_source": "no atf",
			"author": "nn",
			"collection": "British Museum, London, UK",
			"date_entered": "2/17/2010",
			"date_updated": "2018-10-21",
			"db_source": "20100217 cdliadmin_bmcat",
			"designation": "K 11951",
			"id": "234171",
			"id_text_int": "399537",
			"language": "Akkadian",
			"material": "clay",
			"museum_no": "BM —",
			"object_type": "tablet",
			"period": "Neo-Assyrian",
			"photo_up": "600ppi 20160630",
			"primary_publication": "unpublished unassigned ?",
			"provenience": "Nineveh (mod. Kuyunjik)",
			"publication_date": "nd",
			"translation_source": "no translation",
			"xproject": "CDLI",
			"xproject": "CDLI"
		},
		"geometry": {
			"type": "Point",
			"coordinates": [43.151937,36.358684]
		}
	}, {
		"type": "Feature",
		"properties": {
			"id_text": "P400144",
			"accession_no": "K 12937",
			"ark_number": "21198/zz0022g6hv",
			"atf_source": "no atf",
			"author": "nn",
			"collection": "British Museum, London, UK",
			"date_entered": "2/17/2010",
			"date_updated": "2018-10-21",
			"db_source": "20100217 cdliadmin_bmcat",
			"designation": "K 12937",
			"id": "234771",
			"id_text_int": "400144",
			"language": "Akkadian",
			"material": "clay",
			"museum_no": "BM —",
			"object_type": "tablet",
			"period": "Neo-Assyrian",
			"photo_up": "600ppi 20160630",
			"primary_publication": "unpublished unassigned ?",
			"provenience": "Nineveh (mod. Kuyunjik)",
			"publication_date": "nd",
			"translation_source": "no translation",
			"xproject": "CDLI",
			"xproject": "CDLI"
		},
		"geometry": {
			"type": "Point",
			"coordinates": [43.151937,36.358684]
		}
	}, {
		"type": "Feature",
		"properties": {
			"id_text": "P400145",
			"accession_no": "K 12938",
			"ark_number": "21198/zz0022g6jc",
			"atf_source": "no atf",
			"author": "nn",
			"collection": "British Museum, London, UK",
			"date_entered": "2/17/2010",
			"date_updated": "2018-10-21",
			"db_source": "20100217 cdliadmin_bmcat",
			"designation": "K 12938",
			"id": "234772",
			"id_text_int": "400145",
			"language": "Akkadian",
			"material": "clay",
			"museum_no": "BM —",
			"object_type": "tablet",
			"period": "Neo-Assyrian",
			"photo_up": "600ppi 20160630",
			"primary_publication": "unpublished unassigned ?",
			"provenience": "Nineveh (mod. Kuyunjik)",
			"publication_date": "nd",
			"translation_source": "no translation",
			"xproject": "CDLI",
			"xproject": "CDLI"
		},
		"geometry": {
			"type": "Point",
			"coordinates": [43.151937,36.358684]
		}
	}, {
		"type": "Feature",
		"properties": {
			"id_text": "P400171",
			"accession_no": "K 13231",
			"ark_number": "21198/zz002285tb",
			"atf_source": "no atf",
			"author": "nn",
			"collection": "British Museum, London, UK",
			"date_entered": "2/17/2010",
			"date_updated": "2018-10-21",
			"db_source": "20100217 cdliadmin_bmcat",
			"designation": "K 13231",
			"id": "234798",
			"id_text_int": "400171",
			"language": "Akkadian",
			"material": "clay",
			"museum_no": "BM —",
			"object_type": "tablet",
			"period": "Neo-Assyrian",
			"photo_up": "600ppi 20160630",
			"primary_publication": "unpublished unassigned ?",
			"provenience": "Nineveh (mod. Kuyunjik)",
			"publication_date": "nd",
			"translation_source": "no translation",
			"xproject": "CDLI",
			"xproject": "CDLI"
		},
		"geometry": {
			"type": "Point",
			"coordinates": [43.151937,36.358684]
		}
	}, {
		"type": "Feature",
		"properties": {
			"id_text": "P400175",
			"accession_no": "K 13235 + K 13451",
			"ark_number": "21198/zz0022kjbf",
			"atf_source": "BabMed Team",
			"author": "Köcher, Franz",
			"collection": "British Museum, London, UK",
			"date_entered": "2/17/2010",
			"date_updated": "2019-06-04",
			"db_source": "20100217 cdliadmin_bmcat",
			"designation": "BAM 5, 462",
			"id": "234802",
			"id_text_int": "400175",
			"join_information": "P400175 lead, single entry",
			"language": "Akkadian",
			"lineart_up": "150ppi 20160630",
			"material": "clay",
			"museum_no": "BM —",
			"object_type": "tablet",
			"period": "Neo-Assyrian",
			"photo_up": "600ppi 20160630",
			"primary_publication": "BAM 5, 462",
			"provenience": "Nineveh (mod. Kuyunjik)",
			"publication_date": "1980",
			"subgenre": "medical",
			"translation_source": "no translation",
			"xproject": "CDLI",
			"xproject": "CDLI"
		},
		"geometry": {
			"type": "Point",
			"coordinates": [43.151937,36.358684]
		}
	}, {
		"type": "Feature",
		"properties": {
			"id_text": "P400203",
			"accession_no": "K 13277",
			"ark_number": "21198/zz0022kk9d",
			"atf_source": "no atf",
			"author": "King, Leonard W.",
			"collection": "British Museum, London, UK",
			"date_entered": "2/17/2010",
			"date_updated": "2018-10-21",
			"db_source": "20100217 cdliadmin_bmcat",
			"designation": "BMS 23",
			"genre": "Prayer/Incantation",
			"id": "234829",
			"id_text_int": "400203",
			"language": "Akkadian",
			"material": "clay",
			"museum_no": "BM —",
			"object_type": "tablet",
			"period": "Neo-Assyrian",
			"photo_up": "600ppi 20160630",
			"primary_publication": "BMS 23",
			"provenience": "Nineveh (mod. Kuyunjik)",
			"publication_date": "1896",
			"translation_source": "no translation",
			"supergenre": "LIT",
			"xproject": "CDLI",
			"xproject": "CDLI"
		},
		"geometry": {
			"type": "Point",
			"coordinates": [43.151937,36.358684]
		}
	}, {
		"type": "Feature",
		"properties": {
			"id_text": "P400230",
			"accession_no": "K 13324",
			"ark_number": "21198/zz0022dcpz",
			"atf_source": "no atf",
			"author": "nn",
			"collection": "British Museum, London, UK",
			"date_entered": "2/17/2010",
			"date_updated": "2018-10-21",
			"db_source": "20100217 cdliadmin_bmcat",
			"designation": "K 13324",
			"id": "234856",
			"id_text_int": "400230",
			"language": "Akkadian",
			"material": "clay",
			"museum_no": "BM —",
			"object_type": "tablet",
			"period": "Neo-Assyrian",
			"photo_up": "600ppi 20160630",
			"primary_publication": "unpublished unassigned ?",
			"provenience": "Nineveh (mod. Kuyunjik)",
			"publication_date": "nd",
			"translation_source": "no translation",
			"xproject": "CDLI",
			"xproject": "CDLI"
		},
		"geometry": {
			"type": "Point",
			"coordinates": [43.151937,36.358684]
		}
	}, {
		"type": "Feature",
		"properties": {
			"id_text": "P400250",
			"accession_no": "K 13355",
			"ark_number": "21198/zz0020g2q6",
			"atf_source": "no atf",
			"author": "King, Leonard W.",
			"collection": "British Museum, London, UK",
			"date_entered": "2/17/2010",
			"date_updated": "2018-10-21",
			"db_source": "20100217 cdliadmin_bmcat",
			"designation": "BMS 43",
			"genre": "Prayer/Incantation",
			"id": "234875",
			"id_text_int": "400250",
			"language": "Akkadian",
			"material": "clay",
			"museum_no": "BM —",
			"object_type": "tablet",
			"period": "Neo-Assyrian",
			"photo_up": "600ppi 20160630",
			"primary_publication": "BMS 43",
			"provenience": "Nineveh (mod. Kuyunjik)",
			"publication_date": "1896",
			"translation_source": "no translation",
			"supergenre": "LIT",
			"xproject": "CDLI",
			"xproject": "CDLI"
		},
		"geometry": {
			"type": "Point",
			"coordinates": [43.151937,36.358684]
		}
	}, {
		"type": "Feature",
		"properties": {
			"id_text": "P400441",
			"accession_no": "K 13740",
			"ark_number": "21198/zz0021kzbt",
			"atf_source": "no atf",
			"author": "nn",
			"collection": "British Museum, London, UK",
			"date_entered": "2/17/2010",
			"date_updated": "2018-10-21",
			"db_source": "20100217 cdliadmin_bmcat",
			"designation": "K 13740",
			"id": "235059",
			"id_text_int": "400441",
			"language": "Akkadian",
			"material": "clay",
			"museum_no": "BM —",
			"object_type": "tablet",
			"period": "Neo-Assyrian",
			"photo_up": "600ppi 20160630",
			"primary_publication": "unpublished unassigned ?",
			"provenience": "Nineveh (mod. Kuyunjik)",
			"publication_date": "nd",
			"translation_source": "no translation",
			"xproject": "CDLI",
			"xproject": "CDLI"
		},
		"geometry": {
			"type": "Point",
			"coordinates": [43.151937,36.358684]
		}
	}, {
		"type": "Feature",
		"properties": {
			"id_text": "P400534",
			"accession_no": "K 13907",
			"ark_number": "21198/zz002267ks",
			"atf_source": "no atf",
			"author": "King, Leonard W.",
			"collection": "British Museum, London, UK",
			"date_entered": "2/17/2010",
			"date_updated": "2018-10-21",
			"db_source": "20100217 cdliadmin_bmcat",
			"designation": "BMS 29",
			"genre": "Prayer/Incantation",
			"id": "235148",
			"id_text_int": "400534",
			"language": "Akkadian",
			"material": "clay",
			"museum_no": "BM —",
			"object_type": "tablet",
			"period": "Neo-Assyrian",
			"photo_up": "600ppi 20160630",
			"primary_publication": "BMS 29",
			"provenience": "Nineveh (mod. Kuyunjik)",
			"publication_date": "1896",
			"translation_source": "no translation",
			"supergenre": "LIT",
			"xproject": "CDLI",
			"xproject": "CDLI"
		},
		"geometry": {
			"type": "Point",
			"coordinates": [43.151937,36.358684]
		}
	}, {
		"type": "Feature",
		"properties": {
			"id_text": "P400603",
			"accession_no": "K 14045",
			"ark_number": "21198/zz00227gr6",
			"atf_source": "no atf",
			"author": "nn",
			"collection": "British Museum, London, UK",
			"date_entered": "2/17/2010",
			"date_updated": "2018-10-21",
			"db_source": "20100217 cdliadmin_bmcat",
			"designation": "K 14045",
			"id": "235216",
			"id_text_int": "400603",
			"language": "Akkadian",
			"material": "clay",
			"museum_no": "BM —",
			"object_type": "tablet",
			"period": "Neo-Assyrian",
			"photo_up": "600ppi 20160630",
			"primary_publication": "unpublished unassigned ?",
			"provenience": "Nineveh (mod. Kuyunjik)",
			"publication_date": "nd",
			"translation_source": "no translation",
			"xproject": "CDLI",
			"xproject": "CDLI"
		},
		"geometry": {
			"type": "Point",
			"coordinates": [43.151937,36.358684]
		}
	}, {
		"type": "Feature",
		"properties": {
			"id_text": "P400689",
			"accession_no": "K 14210",
			"ark_number": "21198/zz0022dd1m",
			"atf_source": "no atf",
			"author": "King, Leonard W.",
			"collection": "British Museum, London, UK",
			"date_entered": "2/17/2010",
			"date_updated": "2018-10-21",
			"db_source": "20100217 cdliadmin_bmcat",
			"designation": "BMS 44",
			"genre": "Prayer/Incantation",
			"id": "235300",
			"id_text_int": "400689",
			"language": "Akkadian",
			"material": "clay",
			"museum_no": "BM —",
			"object_type": "tablet",
			"period": "Neo-Assyrian",
			"photo_up": "600ppi 20160630",
			"primary_publication": "BMS 44",
			"provenience": "Nineveh (mod. Kuyunjik)",
			"publication_date": "1896",
			"translation_source": "no translation",
			"supergenre": "LIT",
			"xproject": "CDLI",
			"xproject": "CDLI"
		},
		"geometry": {
			"type": "Point",
			"coordinates": [43.151937,36.358684]
		}
	}, {
		"type": "Feature",
		"properties": {
			"id_text": "P400938",
			"accession_no": "K 14705",
			"ark_number": "21198/zz0021mcg4",
			"atf_source": "no atf",
			"author": "nn",
			"collection": "British Museum, London, UK",
			"date_entered": "2/17/2010",
			"date_updated": "2018-10-21",
			"db_source": "20100217 cdliadmin_bmcat",
			"designation": "K 14705",
			"id": "235547",
			"id_text_int": "400938",
			"language": "Akkadian",
			"material": "clay",
			"museum_no": "BM —",
			"object_type": "tablet",
			"period": "Neo-Assyrian",
			"photo_up": "600ppi 20160630",
			"primary_publication": "unpublished unassigned ?",
			"provenience": "Nineveh (mod. Kuyunjik)",
			"publication_date": "nd",
			"translation_source": "no translation",
			"xproject": "CDLI",
			"xproject": "CDLI"
		},
		"geometry": {
			"type": "Point",
			"coordinates": [43.151937,36.358684]
		}
	}, {
		"type": "Feature",
		"properties": {
			"id_text": "P400939",
			"accession_no": "K 14707",
			"ark_number": "21198/zz0021mchn",
			"atf_source": "no atf",
			"author": "nn",
			"collection": "British Museum, London, UK",
			"date_entered": "2/17/2010",
			"date_updated": "2018-10-21",
			"db_source": "20100217 cdliadmin_bmcat",
			"designation": "K 14707",
			"id": "235548",
			"id_text_int": "400939",
			"language": "Akkadian",
			"material": "clay",
			"museum_no": "BM —",
			"object_type": "tablet",
			"period": "Neo-Assyrian",
			"photo_up": "600ppi 20160630",
			"primary_publication": "unpublished unassigned ?",
			"provenience": "Nineveh (mod. Kuyunjik)",
			"publication_date": "nd",
			"translation_source": "no translation",
			"xproject": "CDLI",
			"xproject": "CDLI"
		},
		"geometry": {
			"type": "Point",
			"coordinates": [43.151937,36.358684]
		}
	}, {
		"type": "Feature",
		"properties": {
			"id_text": "P401350",
			"accession_no": "K 15429",
			"ark_number": "21198/zz00203xc5",
			"atf_source": "no atf",
			"author": "nn",
			"collection": "British Museum, London, UK",
			"date_entered": "2/17/2010",
			"date_updated": "2018-10-21",
			"db_source": "20100217 cdliadmin_bmcat",
			"designation": "K 15429",
			"id": "235955",
			"id_text_int": "401350",
			"language": "Akkadian",
			"material": "clay",
			"museum_no": "BM —",
			"object_type": "tablet",
			"period": "Neo-Assyrian",
			"photo_up": "600ppi 20160630",
			"primary_publication": "unpublished unassigned ?",
			"provenience": "Nineveh (mod. Kuyunjik)",
			"publication_date": "nd",
			"translation_source": "no translation",
			"xproject": "CDLI",
			"xproject": "CDLI"
		},
		"geometry": {
			"type": "Point",
			"coordinates": [43.151937,36.358684]
		}
	}, {
		"type": "Feature",
		"properties": {
			"id_text": "P401368",
			"accession_no": "K 15449",
			"ark_number": "21198/zz00203z0z",
			"atf_source": "no atf",
			"author": "nn",
			"collection": "British Museum, London, UK",
			"date_entered": "2/17/2010",
			"date_updated": "2018-10-21",
			"db_source": "20100217 cdliadmin_bmcat",
			"designation": "K 15449",
			"id": "235972",
			"id_text_int": "401368",
			"language": "Akkadian",
			"material": "clay",
			"museum_no": "BM —",
			"object_type": "tablet",
			"period": "Neo-Assyrian",
			"photo_up": "600ppi 20160630",
			"primary_publication": "unpublished unassigned ?",
			"provenience": "Nineveh (mod. Kuyunjik)",
			"publication_date": "nd",
			"translation_source": "no translation",
			"xproject": "CDLI",
			"xproject": "CDLI"
		},
		"geometry": {
			"type": "Point",
			"coordinates": [43.151937,36.358684]
		}
	}, {
		"type": "Feature",
		"properties": {
			"id_text": "P401429",
			"accession_no": "K 15528",
			"ark_number": "21198/zz0021mdwt",
			"atf_source": "no atf",
			"author": "nn",
			"collection": "British Museum, London, UK",
			"date_entered": "2/17/2010",
			"date_updated": "2018-10-21",
			"db_source": "20100217 cdliadmin_bmcat",
			"designation": "K 15528",
			"id": "236033",
			"id_text_int": "401429",
			"language": "Akkadian",
			"material": "clay",
			"museum_no": "BM —",
			"object_type": "tablet",
			"period": "Neo-Assyrian",
			"photo_up": "600ppi 20160630",
			"primary_publication": "unpublished unassigned ?",
			"provenience": "Nineveh (mod. Kuyunjik)",
			"publication_date": "nd",
			"translation_source": "no translation",
			"xproject": "CDLI",
			"xproject": "CDLI"
		},
		"geometry": {
			"type": "Point",
			"coordinates": [43.151937,36.358684]
		}
	}, {
		"type": "Feature",
		"properties": {
			"id_text": "P401539",
			"accession_no": "K 15748",
			"ark_number": "21198/zz002238s1",
			"atf_source": "no atf",
			"author": "nn",
			"collection": "British Museum, London, UK",
			"date_entered": "2/17/2010",
			"date_updated": "2018-10-21",
			"db_source": "20100217 cdliadmin_bmcat",
			"designation": "K 15748",
			"id": "236143",
			"id_text_int": "401539",
			"language": "Akkadian",
			"material": "clay",
			"museum_no": "BM —",
			"object_type": "tablet",
			"period": "Neo-Assyrian",
			"photo_up": "600ppi 20160630",
			"primary_publication": "unpublished unassigned ?",
			"provenience": "Nineveh (mod. Kuyunjik)",
			"publication_date": "nd",
			"translation_source": "no translation",
			"xproject": "CDLI",
			"xproject": "CDLI"
		},
		"geometry": {
			"type": "Point",
			"coordinates": [43.151937,36.358684]
		}
	}, {
		"type": "Feature",
		"properties": {
			"id_text": "P401712",
			"accession_no": "K 15974",
			"ark_number": "21198/zz0021hbwh",
			"atf_source": "no atf",
			"author": "nn",
			"collection": "British Museum, London, UK",
			"date_entered": "2/17/2010",
			"date_updated": "2018-10-21",
			"db_source": "20100217 cdliadmin_bmcat",
			"designation": "K 15974",
			"id": "236315",
			"id_text_int": "401712",
			"language": "Akkadian",
			"material": "clay",
			"museum_no": "BM —",
			"object_type": "tablet",
			"period": "Neo-Assyrian",
			"photo_up": "600ppi 20160630",
			"primary_publication": "unpublished unassigned ?",
			"provenience": "Nineveh (mod. Kuyunjik)",
			"publication_date": "nd",
			"translation_source": "no translation",
			"xproject": "CDLI",
			"xproject": "CDLI"
		},
		"geometry": {
			"type": "Point",
			"coordinates": [43.151937,36.358684]
		}
	}, {
		"type": "Feature",
		"properties": {
			"id_text": "P401721",
			"accession_no": "K 15983",
			"ark_number": "21198/zz00201v6q",
			"atf_source": "no atf",
			"author": "nn",
			"collection": "British Museum, London, UK",
			"date_entered": "2/17/2010",
			"date_updated": "2018-10-21",
			"db_source": "20100217 cdliadmin_bmcat",
			"designation": "K 15983",
			"id": "236322",
			"id_text_int": "401721",
			"language": "Akkadian",
			"material": "clay",
			"museum_no": "BM —",
			"object_type": "tablet",
			"period": "Neo-Assyrian",
			"photo_up": "600ppi 20160630",
			"primary_publication": "unpublished unassigned ?",
			"provenience": "Nineveh (mod. Kuyunjik)",
			"publication_date": "nd",
			"translation_source": "no translation",
			"xproject": "CDLI",
			"xproject": "CDLI"
		},
		"geometry": {
			"type": "Point",
			"coordinates": [43.151937,36.358684]
		}
	}, {
		"type": "Feature",
		"properties": {
			"id_text": "P401954",
			"accession_no": "K 16342",
			"ark_number": "21198/zz0021rpkt",
			"atf_source": "no atf",
			"author": "nn",
			"collection": "British Museum, London, UK",
			"date_entered": "2/17/2010",
			"date_updated": "2018-10-21",
			"db_source": "20100217 cdliadmin_bmcat",
			"designation": "K 16342",
			"id": "236555",
			"id_text_int": "401954",
			"language": "Akkadian",
			"material": "clay",
			"museum_no": "BM —",
			"object_type": "tablet",
			"period": "Neo-Assyrian",
			"photo_up": "600ppi 20160630",
			"primary_publication": "unpublished unassigned ?",
			"provenience": "Nineveh (mod. Kuyunjik)",
			"publication_date": "nd",
			"translation_source": "no translation",
			"xproject": "CDLI",
			"xproject": "CDLI"
		},
		"geometry": {
			"type": "Point",
			"coordinates": [43.151937,36.358684]
		}
	}, {
		"type": "Feature",
		"properties": {
			"id_text": "P401979",
			"accession_no": "K 16376",
			"ark_number": "21198/zz0021dks0",
			"atf_source": "no atf",
			"author": "nn",
			"collection": "British Museum, London, UK",
			"date_entered": "2/17/2010",
			"date_updated": "2018-10-21",
			"db_source": "20100217 cdliadmin_bmcat",
			"designation": "K 16376",
			"id": "236580",
			"id_text_int": "401979",
			"language": "Akkadian",
			"material": "clay",
			"museum_no": "BM —",
			"object_type": "tablet",
			"period": "Neo-Assyrian",
			"photo_up": "600ppi 20160630",
			"primary_publication": "unpublished unassigned ?",
			"provenience": "Nineveh (mod. Kuyunjik)",
			"publication_date": "nd",
			"translation_source": "no translation",
			"xproject": "CDLI",
			"xproject": "CDLI"
		},
		"geometry": {
			"type": "Point",
			"coordinates": [43.151937,36.358684]
		}
	}, {
		"type": "Feature",
		"properties": {
			"id_text": "P402140",
			"accession_no": "K 16668",
			"ark_number": "21198/zz0022npx2",
			"atf_source": "no atf",
			"author": "nn",
			"collection": "British Museum, London, UK",
			"date_entered": "2/17/2010",
			"date_updated": "2018-10-21",
			"db_source": "20100217 cdliadmin_bmcat",
			"designation": "K 16668",
			"id": "236740",
			"id_text_int": "402140",
			"language": "Akkadian",
			"material": "clay",
			"museum_no": "BM —",
			"object_type": "tablet",
			"period": "Neo-Assyrian",
			"photo_up": "600ppi 20160630",
			"primary_publication": "unpublished unassigned ?",
			"provenience": "Nineveh (mod. Kuyunjik)",
			"publication_date": "nd",
			"translation_source": "no translation",
			"xproject": "CDLI",
			"xproject": "CDLI"
		},
		"geometry": {
			"type": "Point",
			"coordinates": [43.151937,36.358684]
		}
	}, {
		"type": "Feature",
		"properties": {
			"id_text": "P402275",
			"accession_no": "K 16864 + K 18285",
			"ark_number": "21198/zz002158bs",
			"atf_source": "no atf",
			"author": "Loretz, Oswald & Mayer, Walter; Mayer, Werner R.",
			"collection": "British Museum, London, UK",
			"date_entered": "2/17/2010",
			"date_updated": "2018-10-21",
			"db_source": "20120616 Lenzi, Alan",
			"designation": "AOAT 034, 020 + OrNS 59, 487",
			"id": "236875",
			"id_text_int": "402275",
			"language": "Akkadian",
			"material": "clay",
			"museum_no": "BM —",
			"object_type": "tablet",
			"period": "Neo-Assyrian",
			"photo_up": "600ppi 20160630",
			"primary_publication": "AOAT 034, 020 + OrNS 59, 487",
			"provenience": "Nineveh (mod. Kuyunjik)",
			"publication_date": "1978; 1990",
			"translation_source": "no translation",
			"xproject": "CDLI",
			"xproject": "CDLI"
		},
		"geometry": {
			"type": "Point",
			"coordinates": [43.151937,36.358684]
		}
	}, {
		"type": "Feature",
		"properties": {
			"id_text": "P402311",
			"accession_no": "K 16905",
			"ark_number": "21198/zz0020xjtb",
			"atf_source": "no atf",
			"author": "nn",
			"collection": "British Museum, London, UK",
			"date_entered": "2/17/2010",
			"date_updated": "2018-10-21",
			"db_source": "20100217 cdliadmin_bmcat",
			"designation": "K 16905",
			"id": "236911",
			"id_text_int": "402311",
			"language": "Akkadian",
			"material": "clay",
			"museum_no": "BM —",
			"object_type": "tablet",
			"period": "Neo-Assyrian",
			"photo_up": "600ppi 20160630",
			"primary_publication": "unpublished unassigned ?",
			"provenience": "Nineveh (mod. Kuyunjik)",
			"publication_date": "nd",
			"translation_source": "no translation",
			"xproject": "CDLI",
			"xproject": "CDLI"
		},
		"geometry": {
			"type": "Point",
			"coordinates": [43.151937,36.358684]
		}
	}, {
		"type": "Feature",
		"properties": {
			"id_text": "P402403",
			"accession_no": "K 17009",
			"ark_number": "21198/zz00220vqv",
			"atf_source": "no atf",
			"author": "nn",
			"collection": "British Museum, London, UK",
			"date_entered": "2/17/2010",
			"date_updated": "2018-10-21",
			"db_source": "20100217 cdliadmin_bmcat",
			"designation": "K 17009",
			"id": "237001",
			"id_text_int": "402403",
			"language": "Akkadian",
			"material": "clay",
			"museum_no": "BM —",
			"object_type": "tablet",
			"period": "Neo-Assyrian",
			"photo_up": "600ppi 20160630",
			"primary_publication": "unpublished unassigned ?",
			"provenience": "Nineveh (mod. Kuyunjik)",
			"publication_date": "nd",
			"translation_source": "no translation",
			"xproject": "CDLI",
			"xproject": "CDLI"
		},
		"geometry": {
			"type": "Point",
			"coordinates": [43.151937,36.358684]
		}
	}, {
		"type": "Feature",
		"properties": {
			"id_text": "P402446",
			"accession_no": "K 17059",
			"ark_number": "21198/zz0021rr1h",
			"atf_source": "no atf",
			"author": "nn",
			"collection": "British Museum, London, UK",
			"date_entered": "2/17/2010",
			"date_updated": "2018-10-21",
			"db_source": "20100217 cdliadmin_bmcat",
			"designation": "K 17059",
			"id": "237044",
			"id_text_int": "402446",
			"language": "Akkadian",
			"material": "clay",
			"museum_no": "BM —",
			"object_type": "tablet",
			"period": "Neo-Assyrian",
			"photo_up": "600ppi 20160630",
			"primary_publication": "unpublished unassigned ?",
			"provenience": "Nineveh (mod. Kuyunjik)",
			"publication_date": "nd",
			"translation_source": "no translation",
			"xproject": "CDLI",
			"xproject": "CDLI"
		},
		"geometry": {
			"type": "Point",
			"coordinates": [43.151937,36.358684]
		}
	}, {
		"type": "Feature",
		"properties": {
			"id_text": "P402733",
			"accession_no": "K 17386",
			"ark_number": "21198/zz0021zg4w",
			"atf_source": "no atf",
			"author": "nn",
			"collection": "British Museum, London, UK",
			"date_entered": "2/17/2010",
			"date_updated": "2018-10-21",
			"db_source": "20100217 cdliadmin_bmcat",
			"designation": "K 17386",
			"id": "237330",
			"id_text_int": "402733",
			"language": "Akkadian",
			"material": "clay",
			"museum_no": "BM —",
			"object_type": "tablet",
			"period": "Neo-Assyrian",
			"photo_up": "600ppi 20160630",
			"primary_publication": "unpublished unassigned ?",
			"provenience": "Nineveh (mod. Kuyunjik)",
			"publication_date": "nd",
			"translation_source": "no translation",
			"xproject": "CDLI",
			"xproject": "CDLI"
		},
		"geometry": {
			"type": "Point",
			"coordinates": [43.151937,36.358684]
		}
	}, {
		"type": "Feature",
		"properties": {
			"id_text": "P402764",
			"accession_no": "K 17421",
			"ark_number": "21198/zz0021p22g",
			"atf_source": "no atf",
			"author": "nn",
			"collection": "British Museum, London, UK",
			"date_entered": "2/17/2010",
			"date_updated": "2018-10-21",
			"db_source": "20100217 cdliadmin_bmcat",
			"designation": "K 17421",
			"id": "237361",
			"id_text_int": "402764",
			"language": "Akkadian",
			"material": "clay",
			"museum_no": "BM —",
			"object_type": "tablet",
			"period": "Neo-Assyrian",
			"photo_up": "600ppi 20160630",
			"primary_publication": "unpublished unassigned ?",
			"provenience": "Nineveh (mod. Kuyunjik)",
			"publication_date": "nd",
			"translation_source": "no translation",
			"xproject": "CDLI",
			"xproject": "CDLI"
		},
		"geometry": {
			"type": "Point",
			"coordinates": [43.151937,36.358684]
		}
	}, {
		"type": "Feature",
		"properties": {
			"id_text": "P402817",
			"accession_no": "K 17478",
			"ark_number": "21198/zz0021ckz4",
			"atf_source": "no atf",
			"author": "nn",
			"collection": "British Museum, London, UK",
			"date_entered": "2/17/2010",
			"date_updated": "2018-10-21",
			"db_source": "20100217 cdliadmin_bmcat",
			"designation": "K 17478",
			"id": "237413",
			"id_text_int": "402817",
			"language": "Akkadian",
			"material": "clay",
			"museum_no": "BM —",
			"object_type": "tablet",
			"period": "Neo-Assyrian",
			"photo_up": "600ppi 20160630",
			"primary_publication": "unpublished unassigned ?",
			"provenience": "Nineveh (mod. Kuyunjik)",
			"publication_date": "nd",
			"translation_source": "no translation",
			"xproject": "CDLI",
			"xproject": "CDLI"
		},
		"geometry": {
			"type": "Point",
			"coordinates": [43.151937,36.358684]
		}
	}, {
		"type": "Feature",
		"properties": {
			"id_text": "P402853",
			"accession_no": "K 17519",
			"ark_number": "21198/zz002296b1",
			"atf_source": "no atf",
			"author": "nn",
			"collection": "British Museum, London, UK",
			"date_entered": "2/17/2010",
			"date_updated": "2018-10-21",
			"db_source": "20100217 cdliadmin_bmcat",
			"designation": "K 17519",
			"id": "237449",
			"id_text_int": "402853",
			"language": "Akkadian",
			"material": "clay",
			"museum_no": "BM —",
			"object_type": "tablet",
			"period": "Neo-Assyrian",
			"photo_up": "600ppi 20160630",
			"primary_publication": "unpublished unassigned ?",
			"provenience": "Nineveh (mod. Kuyunjik)",
			"publication_date": "nd",
			"translation_source": "no translation",
			"xproject": "CDLI",
			"xproject": "CDLI"
		},
		"geometry": {
			"type": "Point",
			"coordinates": [43.151937,36.358684]
		}
	}, {
		"type": "Feature",
		"properties": {
			"id_text": "P402979",
			"accession_no": "K 17668",
			"ark_number": "21198/zz0022mrw2",
			"atf_source": "no atf",
			"author": "nn",
			"collection": "British Museum, London, UK",
			"date_entered": "2/17/2010",
			"date_updated": "2018-10-21",
			"db_source": "20100217 cdliadmin_bmcat",
			"designation": "K 17668",
			"id": "237575",
			"id_text_int": "402979",
			"language": "Akkadian",
			"material": "clay",
			"museum_no": "BM —",
			"object_type": "tablet",
			"period": "Neo-Assyrian",
			"photo_up": "600ppi 20160630",
			"primary_publication": "unpublished unassigned ?",
			"provenience": "Nineveh (mod. Kuyunjik)",
			"publication_date": "nd",
			"translation_source": "no translation",
			"xproject": "CDLI",
			"xproject": "CDLI"
		},
		"geometry": {
			"type": "Point",
			"coordinates": [43.151937,36.358684]
		}
	}, {
		"type": "Feature",
		"properties": {
			"id_text": "P404498",
			"accession_no": "K 19713",
			"ark_number": "21198/zz00224dh8",
			"atf_source": "no atf",
			"author": "nn",
			"collection": "British Museum, London, UK",
			"date_entered": "2/17/2010",
			"date_updated": "2018-10-21",
			"db_source": "20100217 cdliadmin_bmcat",
			"designation": "K 19713",
			"id": "239085",
			"id_text_int": "404498",
			"language": "Akkadian",
			"material": "clay",
			"museum_no": "BM —",
			"object_type": "tablet",
			"period": "Neo-Assyrian",
			"photo_up": "600ppi 20160630",
			"primary_publication": "unpublished unassigned ?",
			"provenience": "Nineveh (mod. Kuyunjik)",
			"publication_date": "nd",
			"translation_source": "no translation",
			"xproject": "CDLI",
			"xproject": "CDLI"
		},
		"geometry": {
			"type": "Point",
			"coordinates": [43.151937,36.358684]
		}
	}, {
		"type": "Feature",
		"properties": {
			"id_text": "P413923",
			"ark_number": "21198/zz0020v67t",
			"atf_source": "no atf",
			"author": "Ebeling, Erich",
			"collection": "Arkeoloji Müzeleri, Istanbul, Turkey ?",
			"date_entered": "8/13/2010",
			"date_updated": "2018-10-21",
			"db_source": "20100813 cdliadmin_tinney",
			"designation": "LKA 019",
			"excavation_no": "Ass 14518",
			"genre": "Literary",
			"height": "?",
			"id": "248226",
			"id_text_int": "413923",
			"language": "Akkadian",
			"material": "clay",
			"museum_no": "Ist A — ?",
			"object_type": "tablet",
			"period": "Neo-Assyrian",
			"primary_publication": "LKA 019",
			"provenience": "Assur (mod. Qalat Sherqat)",
			"publication_date": "1953",
			"thickness": "?",
			"translation_source": "no translation",
			"width": "?",
			"supergenre": "LIT",
			"xproject": "CDLI",
			"xproject": "CDLI"
		},
		"geometry": {
			"type": "Point",
			"coordinates": [43.262037,35.458121]
		}
	}, {
		"type": "Feature",
		"properties": {
			"id_text": "P413943",
			"ark_number": "21198/zz0020v6x5",
			"atf_source": "no atf",
			"author": "Ebeling, Erich",
			"collection": "Vorderasiatisches Museum, Berlin, Germany",
			"date_entered": "8/13/2010",
			"date_updated": "2018-10-21",
			"db_source": "20100813 cdliadmin_tinney",
			"designation": "LKA 030",
			"genre": "Literary",
			"height": "?",
			"id": "248246",
			"id_text_int": "413943",
			"language": "Akkadian",
			"material": "clay",
			"museum_no": "VAT 13954",
			"object_type": "tablet",
			"period": "Neo-Assyrian",
			"primary_publication": "LKA 030",
			"provenience": "Assur (mod. Qalat Sherqat)",
			"publication_date": "1953",
			"thickness": "?",
			"translation_source": "no translation",
			"width": "?",
			"supergenre": "LIT",
			"xproject": "CDLI",
			"xproject": "CDLI"
		},
		"geometry": {
			"type": "Point",
			"coordinates": [43.262037,35.458121]
		}
	}, {
		"type": "Feature",
		"properties": {
			"id_text": "P413950",
			"ark_number": "21198/zz0020zs4t",
			"atf_source": "no atf",
			"author": "Ebeling, Erich",
			"collection": "Vorderasiatisches Museum, Berlin, Germany",
			"date_entered": "8/13/2010",
			"date_updated": "2019-07-24",
			"db_source": "20100813 cdliadmin_tinney",
			"designation": "LKA 039",
			"genre": "Literary",
			"height": "?",
			"id": "248253",
			"id_text_int": "413950",
			"language": "Akkadian",
			"material": "clay",
			"museum_no": "VAT 13854 + VAT 14060",
			"object_type": "tablet",
			"period": "Neo-Assyrian",
			"primary_publication": "LKA 039",
			"provenience": "Assur (mod. Qalat Sherqat)",
			"publication_date": "1953",
			"publication_history": "+ KAL 04, 066 (= VAT 13854)",
			"thickness": "?",
			"translation_source": "no translation",
			"width": "?",
			"supergenre": "LIT",
			"xproject": "CDLI",
			"xproject": "CDLI"
		},
		"geometry": {
			"type": "Point",
			"coordinates": [43.262037,35.458121]
		}
	}, {
		"type": "Feature",
		"properties": {
			"id_text": "P413951",
			"ark_number": "21198/zz0020zs5b",
			"atf_source": "no atf",
			"author": "Ebeling, Erich",
			"collection": "Vorderasiatisches Museum, Berlin, Germany",
			"date_entered": "8/13/2010",
			"date_updated": "2018-10-21",
			"db_source": "20100813 cdliadmin_tinney",
			"designation": "LKA 040",
			"genre": "Literary",
			"height": "?",
			"id": "248254",
			"id_text_int": "413951",
			"language": "Akkadian",
			"material": "clay",
			"museum_no": "VAT 13633",
			"object_type": "tablet",
			"period": "Neo-Assyrian",
			"primary_publication": "LKA 040",
			"provenience": "Assur (mod. Qalat Sherqat)",
			"publication_date": "1953",
			"thickness": "?",
			"translation_source": "no translation",
			"width": "?",
			"supergenre": "LIT",
			"xproject": "CDLI",
			"xproject": "CDLI"
		},
		"geometry": {
			"type": "Point",
			"coordinates": [43.262037,35.458121]
		}
	}, {
		"type": "Feature",
		"properties": {
			"id_text": "P413952",
			"ark_number": "21198/zz0020zs6v",
			"atf_source": "no atf",
			"author": "Ebeling, Erich",
			"collection": "Arkeoloji Müzeleri, Istanbul, Turkey ?",
			"date_entered": "8/13/2010",
			"date_updated": "2018-10-21",
			"db_source": "20100813 cdliadmin_tinney",
			"designation": "LKA 040a",
			"excavation_no": "Ass 13955 (sic)",
			"genre": "Literary",
			"height": "?",
			"id": "248255",
			"id_text_int": "413952",
			"language": "Akkadian",
			"material": "clay",
			"museum_no": "Ist A — ?",
			"object_type": "tablet",
			"period": "Neo-Assyrian",
			"primary_publication": "LKA 040a",
			"provenience": "Assur (mod. Qalat Sherqat)",
			"publication_date": "1953",
			"thickness": "?",
			"translation_source": "no translation",
			"width": "?",
			"supergenre": "LIT",
			"xproject": "CDLI",
			"xproject": "CDLI"
		},
		"geometry": {
			"type": "Point",
			"coordinates": [43.262037,35.458121]
		}
	}, {
		"type": "Feature",
		"properties": {
			"id_text": "P413953",
			"ark_number": "21198/zz0020zs7c",
			"atf_source": "no atf",
			"author": "Ebeling, Erich",
			"collection": "Arkeoloji Müzeleri, Istanbul, Turkey ?",
			"date_entered": "8/13/2010",
			"date_updated": "2018-10-21",
			"db_source": "20100813 cdliadmin_tinney",
			"designation": "LKA 041",
			"excavation_no": "Ass 13955 d",
			"genre": "Literary",
			"height": "?",
			"id": "248256",
			"id_text_int": "413953",
			"language": "Akkadian",
			"material": "clay",
			"museum_no": "Ist A — ?",
			"object_type": "tablet",
			"period": "Neo-Assyrian",
			"primary_publication": "LKA 041",
			"provenience": "Assur (mod. Qalat Sherqat)",
			"publication_date": "1953",
			"thickness": "?",
			"translation_source": "no translation",
			"width": "?",
			"supergenre": "LIT",
			"xproject": "CDLI",
			"xproject": "CDLI"
		},
		"geometry": {
			"type": "Point",
			"coordinates": [43.262037,35.458121]
		}
	}, {
		"type": "Feature",
		"properties": {
			"id_text": "P413954",
			"ark_number": "21198/zz0020zs8w",
			"atf_source": "no atf",
			"author": "Ebeling, Erich",
			"collection": "Vorderasiatisches Museum, Berlin, Germany",
			"date_entered": "8/13/2010",
			"date_updated": "2018-10-21",
			"db_source": "20100813 cdliadmin_tinney",
			"designation": "LKA 042",
			"genre": "Literary",
			"height": "?",
			"id": "248257",
			"id_text_int": "413954",
			"language": "Akkadian",
			"material": "clay",
			"museum_no": "VAT 13636 + VAT 13649bis + VAT 13686",
			"object_type": "tablet",
			"period": "Neo-Assyrian",
			"photo_up": "600ppi 20160913",
			"primary_publication": "LKA 042",
			"provenience": "Assur (mod. Qalat Sherqat)",
			"publication_date": "1953",
			"thickness": "?",
			"translation_source": "no translation",
			"width": "?",
			"supergenre": "LIT",
			"xproject": "CDLI",
			"xproject": "CDLI"
		},
		"geometry": {
			"type": "Point",
			"coordinates": [43.262037,35.458121]
		}
	}, {
		"type": "Feature",
		"properties": {
			"id_text": "P413955",
			"ark_number": "21198/zz0020zs9d",
			"atf_source": "no atf",
			"author": "Ebeling, Erich",
			"collection": "Vorderasiatisches Museum, Berlin, Germany",
			"date_entered": "8/13/2010",
			"date_updated": "2018-10-21",
			"db_source": "20100813 cdliadmin_tinney",
			"designation": "LKA 043",
			"genre": "Literary",
			"height": "?",
			"id": "248258",
			"id_text_int": "413955",
			"language": "Akkadian",
			"material": "clay",
			"museum_no": "VAT 13631",
			"object_type": "tablet",
			"period": "Neo-Assyrian",
			"primary_publication": "LKA 043",
			"provenience": "Assur (mod. Qalat Sherqat)",
			"publication_date": "1953",
			"thickness": "?",
			"translation_source": "no translation",
			"width": "?",
			"supergenre": "LIT",
			"xproject": "CDLI",
			"xproject": "CDLI"
		},
		"geometry": {
			"type": "Point",
			"coordinates": [43.262037,35.458121]
		}
	}, {
		"type": "Feature",
		"properties": {
			"id_text": "P413956",
			"ark_number": "21198/zz0020zsbx",
			"atf_source": "no atf",
			"author": "Ebeling, Erich",
			"collection": "Vorderasiatisches Museum, Berlin, Germany",
			"date_entered": "8/13/2010",
			"date_updated": "2018-10-21",
			"db_source": "20100813 cdliadmin_tinney",
			"designation": "LKA 044",
			"genre": "Literary",
			"height": "?",
			"id": "248259",
			"id_text_int": "413956",
			"language": "Akkadian",
			"material": "clay",
			"museum_no": "VAT 13634",
			"object_type": "tablet",
			"period": "Neo-Assyrian",
			"primary_publication": "LKA 044",
			"provenience": "Assur (mod. Qalat Sherqat)",
			"publication_date": "1953",
			"thickness": "?",
			"translation_source": "no translation",
			"width": "?",
			"supergenre": "LIT",
			"xproject": "CDLI",
			"xproject": "CDLI"
		},
		"geometry": {
			"type": "Point",
			"coordinates": [43.262037,35.458121]
		}
	}, {
		"type": "Feature",
		"properties": {
			"id_text": "P413957",
			"ark_number": "21198/zz0020zscf",
			"atf_source": "no atf",
			"author": "Ebeling, Erich",
			"collection": "Vorderasiatisches Museum, Berlin, Germany",
			"date_entered": "8/13/2010",
			"date_updated": "2018-10-21",
			"db_source": "20100813 cdliadmin_tinney",
			"designation": "LKA 045",
			"genre": "Literary",
			"height": "?",
			"id": "248260",
			"id_text_int": "413957",
			"language": "Akkadian",
			"material": "clay",
			"museum_no": "VAT 13638",
			"object_type": "tablet",
			"period": "Neo-Assyrian",
			"primary_publication": "LKA 045",
			"provenience": "Assur (mod. Qalat Sherqat)",
			"publication_date": "1953",
			"thickness": "?",
			"translation_source": "no translation",
			"width": "?",
			"supergenre": "LIT",
			"xproject": "CDLI",
			"xproject": "CDLI"
		},
		"geometry": {
			"type": "Point",
			"coordinates": [43.262037,35.458121]
		}
	}, {
		"type": "Feature",
		"properties": {
			"id_text": "P413958",
			"ark_number": "21198/zz0020zsdz",
			"atf_source": "no atf",
			"author": "Ebeling, Erich",
			"collection": "Vorderasiatisches Museum, Berlin, Germany",
			"date_entered": "8/13/2010",
			"date_updated": "2019-07-24",
			"db_source": "20100813 cdliadmin_tinney",
			"designation": "LKA 046 + 047a-b",
			"genre": "Literary",
			"height": "?",
			"id": "248261",
			"id_text_int": "413958",
			"language": "Akkadian",
			"material": "clay",
			"museum_no": "VAT 13684 + VAT 14062 (+) VAT 13950 (+) VAT 13953 (+) VAT 14227",
			"object_type": "tablet",
			"period": "Neo-Assyrian",
			"primary_publication": "LKA 046 + 047a-b",
			"provenience": "Assur (mod. Qalat Sherqat)",
			"publication_date": "1953",
			"publication_history": "KAL 04, 059",
			"thickness": "?",
			"translation_source": "no translation",
			"width": "?",
			"supergenre": "LIT",
			"xproject": "CDLI",
			"xproject": "CDLI"
		},
		"geometry": {
			"type": "Point",
			"coordinates": [43.262037,35.458121]
		}
	}, {
		"type": "Feature",
		"properties": {
			"id_text": "P413961",
			"ark_number": "21198/zz0020zshh",
			"atf_source": "no atf",
			"author": "Ebeling, Erich",
			"collection": "Vorderasiatisches Museum, Berlin, Germany",
			"date_entered": "8/13/2010",
			"date_updated": "2018-10-21",
			"db_source": "20100813 cdliadmin_tinney",
			"designation": "LKA 048",
			"genre": "Literary",
			"height": "?",
			"id": "248262",
			"id_text_int": "413961",
			"language": "Akkadian",
			"material": "clay",
			"museum_no": "VAT 13847",
			"object_type": "tablet",
			"period": "Neo-Assyrian",
			"primary_publication": "LKA 048",
			"provenience": "Assur (mod. Qalat Sherqat)",
			"publication_date": "1953",
			"thickness": "?",
			"translation_source": "no translation",
			"width": "?",
			"supergenre": "LIT",
			"xproject": "CDLI",
			"xproject": "CDLI"
		},
		"geometry": {
			"type": "Point",
			"coordinates": [43.262037,35.458121]
		}
	}, {
		"type": "Feature",
		"properties": {
			"id_text": "P413962",
			"ark_number": "21198/zz0020zsj1",
			"atf_source": "no atf",
			"author": "Ebeling, Erich",
			"collection": "Vorderasiatisches Museum, Berlin, Germany",
			"date_entered": "8/13/2010",
			"date_updated": "2018-10-21",
			"db_source": "20100813 cdliadmin_tinney",
			"designation": "LKA 049",
			"genre": "Literary",
			"height": "?",
			"id": "248263",
			"id_text_int": "413962",
			"language": "Akkadian",
			"material": "clay",
			"museum_no": "VAT 13635",
			"object_type": "tablet",
			"period": "Neo-Assyrian",
			"primary_publication": "LKA 049",
			"provenience": "Assur (mod. Qalat Sherqat)",
			"publication_date": "1953",
			"thickness": "?",
			"translation_source": "no translation",
			"width": "?",
			"supergenre": "LIT",
			"xproject": "CDLI",
			"xproject": "CDLI"
		},
		"geometry": {
			"type": "Point",
			"coordinates": [43.262037,35.458121]
		}
	}, {
		"type": "Feature",
		"properties": {
			"id_text": "P413963",
			"ark_number": "21198/zz0020zskj",
			"atf_source": "no atf",
			"author": "Ebeling, Erich",
			"collection": "Vorderasiatisches Museum, Berlin, Germany",
			"date_entered": "8/13/2010",
			"date_updated": "2018-10-21",
			"db_source": "20100813 cdliadmin_tinney",
			"designation": "LKA 051",
			"genre": "Literary",
			"height": "?",
			"id": "248264",
			"id_text_int": "413963",
			"language": "Akkadian",
			"material": "clay",
			"museum_no": "VAT 13632",
			"object_type": "tablet",
			"period": "Neo-Assyrian",
			"primary_publication": "LKA 051",
			"provenience": "Assur (mod. Qalat Sherqat)",
			"publication_date": "1953",
			"thickness": "?",
			"translation_source": "no translation",
			"width": "?",
			"supergenre": "LIT",
			"xproject": "CDLI",
			"xproject": "CDLI"
		},
		"geometry": {
			"type": "Point",
			"coordinates": [43.262037,35.458121]
		}
	}, {
		"type": "Feature",
		"properties": {
			"id_text": "P413964",
			"ark_number": "21198/zz0020zsm2",
			"atf_source": "no atf",
			"author": "Ebeling, Erich",
			"collection": "Vorderasiatisches Museum, Berlin, Germany",
			"date_entered": "8/13/2010",
			"date_updated": "2018-10-21",
			"db_source": "20100813 cdliadmin_tinney",
			"designation": "LKA 052",
			"genre": "Literary",
			"height": "?",
			"id": "248265",
			"id_text_int": "413964",
			"language": "Akkadian",
			"material": "clay",
			"museum_no": "VAT 13681",
			"object_type": "tablet",
			"period": "Neo-Assyrian",
			"primary_publication": "LKA 052",
			"provenience": "Assur (mod. Qalat Sherqat)",
			"publication_date": "1953",
			"thickness": "?",
			"translation_source": "no translation",
			"width": "?",
			"supergenre": "LIT",
			"xproject": "CDLI",
			"xproject": "CDLI"
		},
		"geometry": {
			"type": "Point",
			"coordinates": [43.262037,35.458121]
		}
	}, {
		"type": "Feature",
		"properties": {
			"id_text": "P413965",
			"ark_number": "21198/zz0020zsnk",
			"atf_source": "no atf",
			"author": "Ebeling, Erich",
			"collection": "Arkeoloji Müzeleri, Istanbul, Turkey ?",
			"date_entered": "8/13/2010",
			"date_updated": "2018-10-21",
			"db_source": "20100813 cdliadmin_tinney",
			"designation": "LKA 053",
			"excavation_no": "Ass 13955 dz",
			"genre": "Literary",
			"height": "?",
			"id": "248266",
			"id_text_int": "413965",
			"language": "Akkadian",
			"material": "clay",
			"museum_no": "Ist A — ?",
			"object_type": "tablet",
			"period": "Neo-Assyrian",
			"primary_publication": "LKA 053",
			"provenience": "Assur (mod. Qalat Sherqat)",
			"publication_date": "1953",
			"thickness": "?",
			"translation_source": "no translation",
			"width": "?",
			"supergenre": "LIT",
			"xproject": "CDLI",
			"xproject": "CDLI"
		},
		"geometry": {
			"type": "Point",
			"coordinates": [43.262037,35.458121]
		}
	}, {
		"type": "Feature",
		"properties": {
			"id_text": "P413966",
			"ark_number": "21198/zz0020zsp3",
			"atf_source": "no atf",
			"author": "Ebeling, Erich",
			"collection": "Vorderasiatisches Museum, Berlin, Germany",
			"date_entered": "8/13/2010",
			"date_updated": "2018-10-21",
			"db_source": "20100813 cdliadmin_tinney",
			"designation": "LKA 054",
			"genre": "Literary",
			"height": "?",
			"id": "248267",
			"id_text_int": "413966",
			"language": "Akkadian",
			"material": "clay",
			"museum_no": "VAT 13945",
			"object_type": "tablet",
			"period": "Neo-Assyrian",
			"primary_publication": "LKA 054",
			"provenience": "Assur (mod. Qalat Sherqat)",
			"publication_date": "1953",
			"thickness": "?",
			"translation_source": "no translation",
			"width": "?",
			"supergenre": "LIT",
			"xproject": "CDLI",
			"xproject": "CDLI"
		},
		"geometry": {
			"type": "Point",
			"coordinates": [43.262037,35.458121]
		}
	}, {
		"type": "Feature",
		"properties": {
			"id_text": "P413967",
			"ark_number": "21198/zz0020zsqm",
			"atf_source": "no atf",
			"author": "Ebeling, Erich",
			"collection": "Vorderasiatisches Museum, Berlin, Germany",
			"date_entered": "8/13/2010",
			"date_updated": "2018-10-21",
			"db_source": "20100813 cdliadmin_tinney",
			"designation": "LKA 055",
			"genre": "Literary",
			"height": "?",
			"id": "248268",
			"id_text_int": "413967",
			"language": "Akkadian",
			"material": "clay",
			"museum_no": "VAT 13688",
			"object_type": "tablet",
			"period": "Neo-Assyrian",
			"primary_publication": "LKA 055",
			"provenience": "Assur (mod. Qalat Sherqat)",
			"publication_date": "1953",
			"thickness": "?",
			"translation_source": "no translation",
			"width": "?",
			"supergenre": "LIT",
			"xproject": "CDLI",
			"xproject": "CDLI"
		},
		"geometry": {
			"type": "Point",
			"coordinates": [43.262037,35.458121]
		}
	}, {
		"type": "Feature",
		"properties": {
			"id_text": "P413968",
			"ark_number": "21198/zz0020zsr4",
			"atf_source": "no atf",
			"author": "Ebeling, Erich",
			"collection": "Vorderasiatisches Museum, Berlin, Germany",
			"date_entered": "8/13/2010",
			"date_updated": "2018-10-21",
			"db_source": "20100813 cdliadmin_tinney",
			"designation": "LKA 056",
			"genre": "Literary",
			"height": "?",
			"id": "248269",
			"id_text_int": "413968",
			"language": "Akkadian",
			"material": "clay",
			"museum_no": "VAT 13689 + VAT 13872 + VAT 20440a",
			"object_type": "tablet",
			"period": "Neo-Assyrian",
			"primary_publication": "LKA 056",
			"provenience": "Assur (mod. Qalat Sherqat)",
			"publication_date": "1953",
			"publication_history": "Maul, Stefan & Strauß, Rita, KAL 04 (2011) 064 (adding VAT 20440a to VAT 13872 + VAT 13689)",
			"thickness": "?",
			"translation_source": "no translation",
			"width": "?",
			"supergenre": "LIT",
			"xproject": "CDLI",
			"xproject": "CDLI"
		},
		"geometry": {
			"type": "Point",
			"coordinates": [43.262037,35.458121]
		}
	}, {
		"type": "Feature",
		"properties": {
			"id_text": "P413969",
			"ark_number": "21198/zz0020zssn",
			"atf_source": "no atf",
			"author": "Ebeling, Erich",
			"collection": "Arkeoloji Müzeleri, Istanbul, Turkey ?",
			"date_entered": "8/13/2010",
			"date_updated": "2018-10-21",
			"db_source": "20100813 cdliadmin_tinney",
			"designation": "LKA 057",
			"excavation_no": "Ass 13955 kl",
			"genre": "Literary",
			"height": "?",
			"id": "248270",
			"id_text_int": "413969",
			"language": "Akkadian",
			"material": "clay",
			"museum_no": "Ist A — ?",
			"object_type": "tablet",
			"period": "Neo-Assyrian",
			"primary_publication": "LKA 057",
			"provenience": "Assur (mod. Qalat Sherqat)",
			"publication_date": "1953",
			"thickness": "?",
			"translation_source": "no translation",
			"width": "?",
			"supergenre": "LIT",
			"xproject": "CDLI",
			"xproject": "CDLI"
		},
		"geometry": {
			"type": "Point",
			"coordinates": [43.262037,35.458121]
		}
	}, {
		"type": "Feature",
		"properties": {
			"id_text": "P413970",
			"ark_number": "21198/zz0020zst5",
			"atf_source": "no atf",
			"author": "Ebeling, Erich",
			"collection": "Arkeoloji Müzeleri, Istanbul, Turkey ?",
			"date_entered": "8/13/2010",
			"date_updated": "2018-10-21",
			"db_source": "20100813 cdliadmin_tinney",
			"designation": "LKA 058",
			"genre": "Literary",
			"height": "?",
			"id": "248271",
			"id_text_int": "413970",
			"language": "Akkadian",
			"material": "clay",
			"museum_no": "Ist A — ?",
			"object_type": "tablet",
			"period": "Neo-Assyrian",
			"primary_publication": "LKA 058",
			"provenience": "Assur (mod. Qalat Sherqat)",
			"publication_date": "1953",
			"thickness": "?",
			"translation_source": "no translation",
			"width": "?",
			"supergenre": "LIT",
			"xproject": "CDLI",
			"xproject": "CDLI"
		},
		"geometry": {
			"type": "Point",
			"coordinates": [43.262037,35.458121]
		}
	}, {
		"type": "Feature",
		"properties": {
			"id_text": "P413971",
			"ark_number": "21198/zz0020zsvp",
			"atf_source": "no atf",
			"author": "Ebeling, Erich",
			"collection": "Arkeoloji Müzeleri, Istanbul, Turkey ?",
			"date_entered": "8/13/2010",
			"date_updated": "2018-10-21",
			"db_source": "20100813 cdliadmin_tinney",
			"designation": "LKA 059",
			"excavation_no": "Ass 13956",
			"genre": "Literary",
			"height": "?",
			"id": "248272",
			"id_text_int": "413971",
			"language": "Akkadian",
			"material": "clay",
			"museum_no": "Ist A — ?",
			"object_type": "tablet",
			"period": "Neo-Assyrian",
			"primary_publication": "LKA 059",
			"provenience": "Assur (mod. Qalat Sherqat)",
			"publication_date": "1953",
			"thickness": "?",
			"translation_source": "no translation",
			"width": "?",
			"supergenre": "LIT",
			"xproject": "CDLI",
			"xproject": "CDLI"
		},
		"geometry": {
			"type": "Point",
			"coordinates": [43.262037,35.458121]
		}
	}, {
		"type": "Feature",
		"properties": {
			"id_text": "P413973",
			"ark_number": "21198/zz0020vpfp",
			"atf_source": "no atf",
			"author": "Ebeling, Erich",
			"collection": "Vorderasiatisches Museum, Berlin, Germany",
			"date_entered": "8/13/2010",
			"date_updated": "2019-07-24",
			"db_source": "20100813 cdliadmin_tinney",
			"designation": "LKA 061 +",
			"genre": "Literary",
			"height": "?",
			"id": "248274",
			"id_text_int": "413973",
			"language": "Akkadian",
			"material": "clay",
			"museum_no": "VAT 13882 + VAT 14172",
			"object_type": "tablet",
			"period": "Neo-Assyrian",
			"primary_publication": "LKA 061 +",
			"provenience": "Assur (mod. Qalat Sherqat)",
			"publication_date": "1953",
			"publication_history": "+ KAL 04, 061 (= VAT 14172)",
			"thickness": "?",
			"translation_source": "no translation",
			"width": "?",
			"supergenre": "LIT",
			"xproject": "CDLI",
			"xproject": "CDLI"
		},
		"geometry": {
			"type": "Point",
			"coordinates": [43.262037,35.458121]
		}
	}, {
		"type": "Feature",
		"properties": {
			"id_text": "P414042",
			"ark_number": "21198/zz0021086g",
			"atf_source": "no atf",
			"author": "Ebeling, Erich",
			"collection": "Vorderasiatisches Museum, Berlin, Germany",
			"date_entered": "8/13/2010",
			"date_updated": "2018-10-21",
			"db_source": "20100813 cdliadmin_tinney",
			"designation": "LKA 132",
			"genre": "Literary",
			"height": "?",
			"id": "248342",
			"id_text_int": "414042",
			"language": "Akkadian",
			"material": "clay",
			"museum_no": "VAT 13620",
			"object_type": "tablet",
			"period": "Neo-Assyrian",
			"primary_publication": "LKA 132",
			"provenience": "Assur (mod. Qalat Sherqat)",
			"publication_date": "1953",
			"thickness": "?",
			"translation_source": "no translation",
			"width": "?",
			"supergenre": "LIT",
			"xproject": "CDLI",
			"xproject": "CDLI"
		},
		"geometry": {
			"type": "Point",
			"coordinates": [43.262037,35.458121]
		}
	}, {
		"type": "Feature",
		"properties": {
			"id_text": "P414072",
			"ark_number": "21198/zz00216x9w",
			"atf_source": "no atf",
			"author": "Ebeling, Erich",
			"collection": "Vorderasiatisches Museum, Berlin, Germany",
			"date_entered": "8/13/2010",
			"date_updated": "2018-10-21",
			"db_source": "20100813 cdliadmin_tinney",
			"designation": "LKA 050",
			"genre": "Literary",
			"height": "?",
			"id": "248371",
			"id_text_int": "414072",
			"language": "Akkadian",
			"material": "clay",
			"museum_no": "VAT 13637",
			"object_type": "tablet",
			"period": "Neo-Assyrian",
			"primary_publication": "LKA 050",
			"provenience": "Assur (mod. Qalat Sherqat)",
			"publication_date": "1953",
			"thickness": "?",
			"translation_source": "no translation",
			"width": "?",
			"supergenre": "LIT",
			"xproject": "CDLI",
			"xproject": "CDLI"
		},
		"geometry": {
			"type": "Point",
			"coordinates": [43.262037,35.458121]
		}
	}, {
		"type": "Feature",
		"properties": {
			"id_text": "P419851",
			"accession_no": "K 21583",
			"ark_number": "21198/zz0029pvkn",
			"atf_source": "no atf",
			"author": "nn",
			"collection": "British Museum, London, UK",
			"date_entered": "6/6/2011",
			"date_updated": "2018-10-21",
			"db_source": "20110606 cdliadmin_bm",
			"designation": "K 21583",
			"id": "253627",
			"id_text_int": "419851",
			"language": "Akkadian",
			"material": "clay",
			"museum_no": "BM —",
			"object_type": "tablet",
			"period": "Neo-Assyrian",
			"photo_up": "600ppi 20160630",
			"primary_publication": "unpublished unassigned ?",
			"provenience": "Nineveh (mod. Kuyunjik)",
			"publication_date": "nd",
			"text_remarks": "Akkadian Šu'illa, dup. BM 134774; (+)BM 122646. See W. R. Mayer, Or. 59 470f.",
			"translation_source": "no translation",
			"xproject": "CDLI",
			"xproject": "CDLI"
		},
		"geometry": {
			"type": "Point",
			"coordinates": [43.151937,36.358684]
		}
	}, {
		"type": "Feature",
		"properties": {
			"id_text": "P424619",
			"accession_no": "Rm 0096",
			"ark_number": "21198/zz002bh5jn",
			"atf_source": "no atf",
			"author": "nn",
			"collection": "British Museum, London, UK",
			"date_entered": "11/10/2011",
			"date_updated": "2018-10-21",
			"db_source": "20111110 cdliadmin_bmcat",
			"designation": "Rm 0096",
			"id": "258105",
			"id_text_int": "424619",
			"material": "clay",
			"museum_no": "BM —",
			"object_type": "tablet",
			"period": "Neo-Assyrian",
			"photo_up": "600ppi 20160630",
			"primary_publication": "unpublished unassigned ?",
			"provenience": "Nineveh (mod. Kuyunjik)",
			"publication_date": "nd",
			"publication_history": "Bezold C 1896a",
			"text_remarks": "5.39 cm x 7.62 cm; Fragment of a clay tablet, 15 + 5 (colophon) lines of inscription, Neo-Assyrian.",
			"translation_source": "no translation",
			"xproject": "CDLI",
			"xproject": "CDLI"
		},
		"geometry": {
			"type": "Point",
			"coordinates": [43.151937,36.358684]
		}
	}, {
		"type": "Feature",
		"properties": {
			"id_text": "P424816",
			"accession_no": "Rm 0517",
			"ark_number": "21198/zz002bgs35",
			"atf_source": "no atf",
			"author": "nn",
			"collection": "British Museum, London, UK",
			"date_entered": "11/10/2011",
			"date_updated": "2018-10-21",
			"db_source": "20111110 cdliadmin_bmcat",
			"designation": "Rm 0517",
			"id": "258293",
			"id_text_int": "424816",
			"material": "clay",
			"museum_no": "BM —",
			"object_type": "tablet",
			"period": "Neo-Assyrian",
			"photo_up": "600ppi 20160630",
			"primary_publication": "unpublished unassigned ?",
			"provenience": "Nineveh (mod. Kuyunjik)",
			"publication_date": "nd",
			"publication_history": "Bezold C 1896a",
			"text_remarks": "3.81 cm x 5.71 cm; Fragment of a clay tablet, magical text, 11 lines of inscription, Neo-Assyrian.",
			"translation_source": "no translation",
			"xproject": "CDLI",
			"xproject": "CDLI"
		},
		"geometry": {
			"type": "Point",
			"coordinates": [43.151937,36.358684]
		}
	}, {
		"type": "Feature",
		"properties": {
			"id_text": "P425007",
			"accession_no": "Rm 2, 232",
			"ark_number": "21198/zz002bh8vr",
			"atf_source": "no atf",
			"author": "nn",
			"collection": "British Museum, London, UK",
			"date_entered": "11/10/2011",
			"date_updated": "2018-10-21",
			"db_source": "20111110 cdliadmin_bmcat",
			"designation": "Rm 2, 232",
			"id": "258469",
			"id_text_int": "425007",
			"material": "clay",
			"museum_no": "BM —",
			"object_type": "tablet",
			"period": "Neo-Assyrian",
			"photo_up": "600ppi 20160630",
			"primary_publication": "unpublished unassigned ?",
			"provenience": "Nineveh (mod. Kuyunjik)",
			"publication_date": "nd",
			"publication_history": "Bezold C 1896a",
			"text_remarks": "8.89 cm x 6.35 cm; Part of a clay tablet, 18 lines of inscription, Neo-Assyrian.",
			"translation_source": "no translation",
			"xproject": "CDLI",
			"xproject": "CDLI"
		},
		"geometry": {
			"type": "Point",
			"coordinates": [43.151937,36.358684]
		}
	}, {
		"type": "Feature",
		"properties": {
			"id_text": "P425393",
			"accession_no": "Sm 0398",
			"ark_number": "21198/zz002bn79s",
			"atf_source": "no atf",
			"author": "nn",
			"collection": "British Museum, London, UK",
			"date_entered": "11/10/2011",
			"date_updated": "2018-10-21",
			"db_source": "20111110 cdliadmin_bmcat",
			"designation": "Sm 0398",
			"id": "258833",
			"id_text_int": "425393",
			"material": "clay",
			"museum_no": "BM —",
			"object_type": "tablet",
			"period": "Neo-Assyrian",
			"photo_up": "600ppi 20160630",
			"primary_publication": "unpublished unassigned ?",
			"provenience": "Nineveh (mod. Kuyunjik)",
			"publication_date": "nd",
			"publication_history": "Bezold C 1896a",
			"text_remarks": "4.44 cm x 5.08 cm; Fragment of a clay tablet, 12 lines of inscription, Neo-Assyrian.",
			"translation_source": "no translation",
			"xproject": "CDLI",
			"xproject": "CDLI"
		},
		"geometry": {
			"type": "Point",
			"coordinates": [43.151937,36.358684]
		}
	}, {
		"type": "Feature",
		"properties": {
			"id_text": "P425453",
			"accession_no": "Sm 0512",
			"ark_number": "21198/zz002bntpp",
			"atf_source": "no atf",
			"author": "King, Leonard W.",
			"collection": "British Museum, London, UK",
			"date_entered": "11/10/2011",
			"date_updated": "2018-10-21",
			"db_source": "20111110 cdliadmin_bmcat",
			"designation": "BMS 54",
			"genre": "Prayer/Incantation",
			"id": "258890",
			"id_text_int": "425453",
			"language": "Akkadian",
			"material": "clay",
			"museum_no": "BM —",
			"object_type": "tablet",
			"period": "Neo-Assyrian",
			"photo_up": "600ppi 20160630",
			"primary_publication": "BMS 54",
			"provenience": "Nineveh (mod. Kuyunjik)",
			"publication_date": "1896",
			"publication_history": "Bezold C 1896a",
			"text_remarks": "2.85 cm x 6.35 cm; Fragment of a clay tablet, 9 lines of inscription, Neo-Assyrian.",
			"translation_source": "no translation",
			"supergenre": "LIT",
			"xproject": "CDLI",
			"xproject": "CDLI"
		},
		"geometry": {
			"type": "Point",
			"coordinates": [43.151937,36.358684]
		}
	}, {
		"type": "Feature",
		"properties": {
			"id_text": "P425646",
			"accession_no": "Sm 0882",
			"ark_number": "21198/zz002bn898",
			"atf_source": "no atf",
			"author": "nn",
			"collection": "British Museum, London, UK",
			"date_entered": "11/10/2011",
			"date_updated": "2018-10-21",
			"db_source": "20111110 cdliadmin_bmcat",
			"designation": "Sm 0882",
			"id": "259074",
			"id_text_int": "425646",
			"material": "clay",
			"museum_no": "BM —",
			"object_type": "tablet",
			"period": "Neo-Assyrian",
			"photo_up": "600ppi 20160630",
			"primary_publication": "unpublished unassigned ?",
			"provenience": "Nineveh (mod. Kuyunjik)",
			"publication_date": "nd",
			"publication_history": "Bezold C 1896a",
			"text_remarks": "2.22 cm x 3.17 cm; Fragment of a clay tablet, 4 lines of inscription, Neo-Assyrian.",
			"translation_source": "no translation",
			"xproject": "CDLI",
			"xproject": "CDLI"
		},
		"geometry": {
			"type": "Point",
			"coordinates": [43.151937,36.358684]
		}
	}, {
		"type": "Feature",
		"properties": {
			"id_text": "P425716",
			"accession_no": "Sm 1025",
			"ark_number": "21198/zz002bnw2b",
			"atf_source": "no atf",
			"author": "nn",
			"collection": "British Museum, London, UK",
			"date_entered": "11/10/2011",
			"date_updated": "2018-10-21",
			"db_source": "20111110 cdliadmin_bmcat",
			"designation": "Sm 1025",
			"id": "259142",
			"id_text_int": "425716",
			"material": "clay",
			"museum_no": "BM —",
			"object_type": "tablet",
			"period": "Neo-Assyrian",
			"photo_up": "600ppi 20160630",
			"primary_publication": "unpublished unassigned ?",
			"provenience": "Nineveh (mod. Kuyunjik)",
			"publication_date": "nd",
			"publication_history": "Bezold C 1896a",
			"text_remarks": "6.35 cm x 6.66 cm; Fragment of a clay tablet, 13 lines of inscription, bilingual, Neo-Assyrian.",
			"translation_source": "no translation",
			"xproject": "CDLI",
			"xproject": "CDLI"
		},
		"geometry": {
			"type": "Point",
			"coordinates": [43.151937,36.358684]
		}
	}, {
		"type": "Feature",
		"properties": {
			"id_text": "P425755",
			"accession_no": "Sm 1117",
			"ark_number": "21198/zz002bk6r4",
			"atf_source": "no atf",
			"author": "nn",
			"collection": "British Museum, London, UK",
			"date_entered": "11/10/2011",
			"date_updated": "2018-10-21",
			"db_source": "20111110 cdliadmin_bmcat",
			"designation": "Sm 1117",
			"id": "259177",
			"id_text_int": "425755",
			"material": "clay",
			"museum_no": "BM —",
			"object_type": "tablet",
			"period": "Neo-Assyrian",
			"photo_up": "600ppi 20160630",
			"primary_publication": "unpublished unassigned ?",
			"provenience": "Nineveh (mod. Kuyunjik)",
			"publication_date": "nd",
			"publication_history": "Bezold C 1896a",
			"text_remarks": "9.84 cm x 7.93 cm; Fragment of a clay tablet, 30 + 9 lines of inscription, Neo-Assyrian.",
			"translation_source": "no translation",
			"xproject": "CDLI",
			"xproject": "CDLI"
		},
		"geometry": {
			"type": "Point",
			"coordinates": [43.151937,36.358684]
		}
	}, {
		"type": "Feature",
		"properties": {
			"id_text": "P425779",
			"accession_no": "Sm 1155",
			"ark_number": "21198/zz002bn924",
			"atf_source": "no atf",
			"author": "nn",
			"collection": "British Museum, London, UK",
			"date_entered": "11/10/2011",
			"date_updated": "2018-10-21",
			"db_source": "20111110 cdliadmin_bmcat",
			"designation": "Sm 1155",
			"id": "259201",
			"id_text_int": "425779",
			"material": "clay",
			"museum_no": "BM —",
			"object_type": "tablet",
			"period": "Neo-Assyrian",
			"photo_up": "600ppi 20160630",
			"primary_publication": "unpublished unassigned ?",
			"provenience": "Nineveh (mod. Kuyunjik)",
			"publication_date": "nd",
			"publication_history": "Bezold C 1896a",
			"text_remarks": "4.44 cm x 4.76 cm; Fragment of a clay tablet, 10 lines of inscription, Neo-Assyrian.",
			"translation_source": "no translation",
			"xproject": "CDLI",
			"xproject": "CDLI"
		},
		"geometry": {
			"type": "Point",
			"coordinates": [43.151937,36.358684]
		}
	}, {
		"type": "Feature",
		"properties": {
			"id_text": "P425829",
			"accession_no": "Sm 1250",
			"ark_number": "21198/zz002bnpzw",
			"atf_source": "no atf",
			"author": "nn",
			"collection": "British Museum, London, UK",
			"date_entered": "11/10/2011",
			"date_updated": "2018-10-21",
			"db_source": "20111110 cdliadmin_bmcat",
			"designation": "Sm 1250",
			"id": "259249",
			"id_text_int": "425829",
			"material": "clay",
			"museum_no": "BM —",
			"object_type": "tablet",
			"period": "Neo-Assyrian",
			"photo_up": "600ppi 20160630",
			"primary_publication": "unpublished unassigned ?",
			"provenience": "Nineveh (mod. Kuyunjik)",
			"publication_date": "nd",
			"publication_history": "Bezold C 1896a",
			"text_remarks": "4.12 cm x 5.71 cm; fragment of a clay tablet, 5 lines of inscription, Neo-Assyrian.",
			"translation_source": "no translation",
			"xproject": "CDLI",
			"xproject": "CDLI"
		},
		"geometry": {
			"type": "Point",
			"coordinates": [43.151937,36.358684]
		}
	}, {
		"type": "Feature",
		"properties": {
			"id_text": "P425889",
			"accession_no": "Sm 1382",
			"ark_number": "21198/zz002bk7k1",
			"atf_source": "no atf",
			"author": "nn",
			"collection": "British Museum, London, UK",
			"date_entered": "11/10/2011",
			"date_updated": "2018-10-21",
			"db_source": "20111110 cdliadmin_bmcat",
			"designation": "Sm 1382",
			"id": "259306",
			"id_text_int": "425889",
			"material": "clay",
			"museum_no": "BM —",
			"object_type": "tablet",
			"period": "Neo-Assyrian",
			"photo_up": "600ppi 20160630",
			"primary_publication": "unpublished unassigned ?",
			"provenience": "Nineveh (mod. Kuyunjik)",
			"publication_date": "nd",
			"publication_history": "Bezold C 1896a",
			"text_remarks": "1.27 cm x 3.01 cm; Fragment of a clay tablet, 3 lines of inscription, Neo-Assyrian.",
			"translation_source": "no translation",
			"xproject": "CDLI",
			"xproject": "CDLI"
		},
		"geometry": {
			"type": "Point",
			"coordinates": [43.151937,36.358684]
		}
	}, {
		"type": "Feature",
		"properties": {
			"id_text": "P426307",
			"accession_no": "Sm 2149",
			"ark_number": "21198/zz002bkbjz",
			"atf_source": "no atf",
			"author": "nn",
			"collection": "British Museum, London, UK",
			"date_entered": "11/10/2011",
			"date_updated": "2018-10-21",
			"db_source": "20111110 cdliadmin_bmcat",
			"designation": "Sm 2149",
			"id": "259710",
			"id_text_int": "426307",
			"material": "clay",
			"museum_no": "BM —",
			"object_type": "tablet",
			"period": "Neo-Assyrian",
			"photo_up": "600ppi 20160630",
			"primary_publication": "unpublished unassigned ?",
			"provenience": "Nineveh (mod. Kuyunjik)",
			"publication_date": "nd",
			"publication_history": "Bezold C 1896a",
			"text_remarks": "1.58 cm x 1.58 cm; Fragment of a clay tablet, 6 lines of inscription, Neo-Assyrian.",
			"translation_source": "no translation",
			"xproject": "CDLI",
			"xproject": "CDLI"
		},
		"geometry": {
			"type": "Point",
			"coordinates": [43.151937,36.358684]
		}
	}, {
		"type": "Feature",
		"properties": {
			"id_text": "P426430",
			"accession_no": "Sm 0336 + Sm 1385",
			"ark_number": "21198/zz002bkgmx",
			"atf_source": "no atf",
			"author": "nn",
			"collection": "British Museum, London, UK",
			"date_entered": "11/11/2011",
			"date_updated": "2018-10-21",
			"db_source": "20111111 cdliadmin_bmcat",
			"designation": "Sm 0336 + Sm 1385",
			"id": "259811",
			"id_text_int": "426430",
			"material": "clay",
			"museum_no": "BM —",
			"object_type": "tablet",
			"period": "Neo-Assyrian",
			"photo_up": "600ppi 20160630",
			"primary_publication": "unpublished unassigned ?",
			"provenience": "Nineveh (mod. Kuyunjik)",
			"publication_date": "nd",
			"publication_history": "Bezold C 1896a",
			"text_remarks": "4.44 cm x 6.35 cm; Fragment of a clay tablet, astrological, 13 lines of inscription, Neo-Assyrian.",
			"translation_source": "no translation",
			"xproject": "CDLI",
			"xproject": "CDLI"
		},
		"geometry": {
			"type": "Point",
			"coordinates": [43.151937,36.358684]
		}
	}, {
		"type": "Feature",
		"properties": {
			"id_text": "P445792",
			"ark_number": "21198/zz002fvbtx",
			"atf_source": "no atf",
			"cdli_comments": "20080529 hethportalmainz: cp. E. Laroche, Fs Güterbock, 1974, 183; A. Archi, Fs Kammenhuber, 1983, 21",
			"collection": "Anadolu Medeniyetleri Müzesi, Ankara, Turkey",
			"date_entered": "12/21/2012",
			"date_updated": "2019-08-03",
			"db_source": "20121221 cdliadmin_hpm",
			"designation": "KUB 37, 036 +? KUB 37, 037",
			"id": "278175",
			"id_text_int": "445792",
			"language": "Hittite",
			"material": "clay",
			"museum_no": "151/b + (?) 772/b + 77/c",
			"object_type": "tablet",
			"period": "Middle Hittite",
			"primary_publication": "KUB 37, 036 +? KUB 37, 037",
			"provenience": "Ḫattusa (mod. Boğazkale)",
			"translation_source": "no translation",
			"xproject": "CDLI",
			"xproject": "CDLI"
		},
		"geometry": {
			"type": "Point",
			"coordinates": [34.615278,40.019722]
		}
	}, {
		"type": "Feature",
		"properties": {
			"id_text": "P452366",
			"accession_no": "1881-02-04, 0471",
			"ark_number": "21198/z1tx4jtj",
			"atf_source": "no atf",
			"author": "nn",
			"cdli_comments": "20130621 bmcat: part of a clay tablet, 14 lines of inscription, Neo-Assyrian.",
			"collection": "British Museum, London, UK",
			"date_entered": "6/21/2013",
			"date_updated": "2019-12-24",
			"db_source": "20130621 cdliadmin",
			"designation": "1881-02-04, 0471",
			"height": "4.76cm",
			"id": "284498",
			"id_text_int": "452366",
			"language": "Akkadian",
			"material": "clay",
			"museum_no": "BM —",
			"object_type": "tablet",
			"period": "Neo-Assyrian",
			"photo_up": "600ppi 20160630",
			"primary_publication": "unpublished unassigned ?",
			"provenience": "Nineveh (mod. Kuyunjik)",
			"publication_date": "nd",
			"publication_history": "Bezold C 1896a",
			"translation_source": "no translation",
			"width": "2.22cm",
			"xproject": "CDLI",
			"xproject": "CDLI"
		},
		"geometry": {
			"type": "Point",
			"coordinates": [43.151937,36.358684]
		}
	}, {
		"type": "Feature",
		"properties": {
			"id_text": "P452504",
			"accession_no": "1882-03-23, 0119",
			"ark_number": "21198/z18d10rr",
			"atf_source": "no atf",
			"author": "King, Leonard W.",
			"cdli_comments": "20130621 bmcat: part of a clay tablet, incantations, 7 lines of inscription, Neo-Assyrian.",
			"collection": "British Museum, London, UK",
			"date_entered": "6/21/2013",
			"date_updated": "2019-12-24",
			"db_source": "20130621 cdliadmin",
			"designation": "BMS 45",
			"genre": "Prayer/Incantation",
			"height": "3.81cm",
			"id": "284634",
			"id_text_int": "452504",
			"language": "Akkadian",
			"material": "clay",
			"museum_no": "BM —",
			"object_type": "tablet",
			"period": "Neo-Assyrian",
			"photo_up": "600ppi 20160630",
			"primary_publication": "BMS 45",
			"provenience": "Nineveh (mod. Kuyunjik)",
			"publication_date": "1896",
			"publication_history": "Bezold C 1896a",
			"translation_source": "no translation",
			"width": "2.54cm",
			"supergenre": "LIT",
			"xproject": "CDLI",
			"xproject": "CDLI"
		},
		"geometry": {
			"type": "Point",
			"coordinates": [43.151937,36.358684]
		}
	}, {
		"type": "Feature",
		"properties": {
			"id_text": "P452538",
			"accession_no": "1882-03-23, 0044",
			"ark_number": "21198/z10s0svj",
			"atf_source": "no atf",
			"author": "nn",
			"cdli_comments": "20130621 bmcat: part of a clay tablet, legend, 15 lines of inscription, Neo-Assyrian.",
			"collection": "British Museum, London, UK",
			"date_entered": "6/21/2013",
			"date_updated": "2019-12-24",
			"db_source": "20130621 cdliadmin",
			"designation": "1882-03-23, 0044",
			"height": "5.08cm",
			"id": "284667",
			"id_text_int": "452538",
			"language": "Akkadian",
			"material": "clay",
			"museum_no": "BM —",
			"object_type": "tablet",
			"period": "Neo-Assyrian",
			"photo_up": "600ppi 20160630",
			"primary_publication": "unpublished unassigned ?",
			"provenience": "Nineveh (mod. Kuyunjik)",
			"publication_date": "nd",
			"publication_history": "Bezold C 1896a",
			"translation_source": "no translation",
			"width": "5.08cm",
			"xproject": "CDLI",
			"xproject": "CDLI"
		},
		"geometry": {
			"type": "Point",
			"coordinates": [43.151937,36.358684]
		}
	}, {
		"type": "Feature",
		"properties": {
			"id_text": "P452611",
			"accession_no": "1882-05-22, 0515",
			"ark_number": "21198/z1pz6dbg",
			"atf_source": "no atf",
			"author": "nn",
			"cdli_comments": "20130621 bmcat: part of a clay tablet, omens, 5 lines of inscription, Neo-Assyrian.",
			"collection": "British Museum, London, UK",
			"date_entered": "6/21/2013",
			"date_updated": "2019-12-24",
			"db_source": "20130621 cdliadmin",
			"designation": "1882-05-22, 0515",
			"height": "4.12cm",
			"id": "284739",
			"id_text_int": "452611",
			"language": "Akkadian",
			"material": "clay",
			"museum_no": "BM —",
			"object_type": "tablet",
			"period": "Neo-Assyrian",
			"photo_up": "600ppi 20160630",
			"primary_publication": "unpublished unassigned ?",
			"provenience": "Nineveh (mod. Kuyunjik)",
			"publication_date": "nd",
			"publication_history": "Bezold C 1896a",
			"translation_source": "no translation",
			"width": "6.35cm",
			"xproject": "CDLI",
			"xproject": "CDLI"
		},
		"geometry": {
			"type": "Point",
			"coordinates": [43.151937,36.358684]
		}
	}, {
		"type": "Feature",
		"properties": {
			"id_text": "P452711",
			"accession_no": "1883-01-18, 0500",
			"ark_number": "21198/z1989bj5",
			"atf_source": "no atf",
			"author": "nn",
			"cdli_comments": "20130621 bmcat: part of a clay tablet, incantation, 11 lines of inscription, Neo-Assyrian.",
			"collection": "British Museum, London, UK",
			"date_entered": "6/21/2013",
			"date_updated": "2019-12-24",
			"db_source": "20130621 cdliadmin",
			"designation": "1883-01-18, 0500",
			"height": "4.44cm",
			"id": "284835",
			"id_text_int": "452711",
			"language": "Akkadian",
			"material": "clay",
			"museum_no": "BM —",
			"object_type": "tablet",
			"period": "Neo-Assyrian",
			"primary_publication": "unpublished unassigned ?",
			"provenience": "Nineveh (mod. Kuyunjik)",
			"publication_date": "nd",
			"publication_history": "Bezold C 1896a",
			"translation_source": "no translation",
			"width": "3.81cm",
			"xproject": "CDLI",
			"xproject": "CDLI"
		},
		"geometry": {
			"type": "Point",
			"coordinates": [43.151937,36.358684]
		}
	}, {
		"type": "Feature",
		"properties": {
			"id_text": "P452899",
			"accession_no": "1891-05-09 Bu, 0016",
			"ark_number": "21198/z1d51rg3",
			"atf_source": "no atf",
			"author": "King, Leonard W.",
			"cdli_comments": "20130621 bmcat: fragment of a clay tablet, 6 lines of inscription, Neo-Assyrian.",
			"collection": "British Museum, London, UK",
			"date_entered": "6/21/2013",
			"date_updated": "2019-12-24",
			"db_source": "20130621 cdliadmin",
			"designation": "BMS 38",
			"genre": "Prayer/Incantation",
			"height": "5.39cm",
			"id": "285020",
			"id_text_int": "452899",
			"language": "Akkadian",
			"material": "clay",
			"museum_no": "BM —",
			"object_type": "tablet",
			"period": "Neo-Assyrian",
			"photo_up": "600ppi 20160913",
			"primary_publication": "BMS 38",
			"provenience": "Nineveh (mod. Kuyunjik)",
			"publication_date": "1896",
			"publication_history": "Bezold C 1896a",
			"translation_source": "no translation",
			"width": "3.17cm",
			"supergenre": "LIT",
			"xproject": "CDLI",
			"xproject": "CDLI"
		},
		"geometry": {
			"type": "Point",
			"coordinates": [43.151937,36.358684]
		}
	}, {
		"type": "Feature",
		"properties": {
			"id_text": "P452956",
			"accession_no": "1882-03-23, 0003 + 1882-05-22, 0544",
			"ark_number": "21198/z1dv2pc6",
			"atf_source": "BabMed Team",
			"author": "Köcher, Franz",
			"collection": "British Museum, London, UK",
			"date_entered": "6/21/2013",
			"date_updated": "2019-12-24",
			"db_source": "20130621 cdliadmin",
			"designation": "BAM 5, 461",
			"genre": "Scientific",
			"id": "285074",
			"id_text_int": "452956",
			"language": "Akkadian",
			"lineart_up": "150ppi 20160630",
			"material": "clay",
			"museum_no": "BM —",
			"object_type": "tablet",
			"period": "Neo-Assyrian",
			"photo_up": "600ppi 20160630",
			"primary_publication": "BAM 5, 461",
			"provenience": "Nineveh (mod. Kuyunjik)",
			"publication_date": "1980",
			"publication_history": "Thompson, R. Campbell, AMT (1923) pl. 041, no. 04 + pl. 042, no. 05",
			"subgenre": "medical",
			"translation_source": "no translation",
			"supergenre": "STL",
			"xproject": "CDLI",
			"xproject": "CDLI"
		},
		"geometry": {
			"type": "Point",
			"coordinates": [43.151937,36.358684]
		}
	}, {
		"type": "Feature",
		"properties": {
			"id_text": "P453575",
			"ark_number": "21198/z12j7gf9",
			"atf_source": "no atf",
			"author": "Lenzi, Alan",
			"collection": "British Museum, London, UK",
			"date_entered": "9/16/2013",
			"date_updated": "2019-12-24",
			"db_source": "20130916 cdliadmin_lenzi",
			"designation": "OrNS 82, 004-005",
			"genre": "Literary",
			"height": "65",
			"id": "285662",
			"id_text_int": "453575",
			"language": "Akkadian",
			"lineart_up": "150ppi 20160630",
			"material": "clay",
			"museum_no": "BM 038537",
			"object_type": "tablet",
			"period": "Neo-Babylonian",
			"primary_publication": "OrNS 82, 004-005",
			"provenience": "Bābili (mod. Babylon)",
			"publication_date": "2013",
			"subgenre": "shu'ila",
			"translation_source": "no translation",
			"width": "85",
			"supergenre": "LIT",
			"xproject": "CDLI",
			"xproject": "CDLI"
		},
		"geometry": {
			"type": "Point",
			"coordinates": [44.422236,32.543395]
		}
	}, {
		"type": "Feature",
		"properties": {
			"id_text": "P480747",
			"atf_source": "no atf",
			"author": "Maul, Stefan M. & Strauß, Rita",
			"collection": "Vorderasiatisches Museum, Berlin, Germany",
			"date_entered": "5/29/2015",
			"date_updated": "2018-10-21",
			"db_source": "20150529 cdliadmin_lenzi",
			"designation": "KAL 04, 054",
			"genre": "Ritual",
			"id": "311903",
			"id_text_int": "480747",
			"language": "Akkadian",
			"material": "clay",
			"museum_no": "VAT 14059",
			"object_type": "tablet",
			"period": "Neo-Assyrian",
			"primary_publication": "KAL 04, 054",
			"provenience": "Assur (mod. Qalat Sherqat)",
			"publication_date": "2011",
			"publication_history": "Maul, Stefan & Strauß, Rita, KAL 04 (2011) 054",
			"translation_source": "no translation",
			"supergenre": "STL",
			"xproject": "CDLI",
			"xproject": "CDLI"
		},
		"geometry": {
			"type": "Point",
			"coordinates": [43.262037,35.458121]
		}
	}, {
		"type": "Feature",
		"properties": {
			"id_text": "P480748",
			"atf_source": "no atf",
			"author": "Maul, Stefan M. & Strauß, Rita",
			"collection": "Vorderasiatisches Museum, Berlin, Germany",
			"date_entered": "5/29/2015",
			"date_updated": "2018-10-21",
			"db_source": "20150529 cdliadmin_lenzi",
			"designation": "KAL 04, 055",
			"genre": "Ritual",
			"id": "311904",
			"id_text_int": "480748",
			"language": "Akkadian",
			"material": "clay",
			"museum_no": "VAT 11117",
			"object_type": "tablet",
			"period": "Neo-Assyrian",
			"primary_publication": "KAL 04, 055",
			"provenience": "Assur (mod. Qalat Sherqat)",
			"publication_date": "2011",
			"publication_history": "Maul, Stefan & Strauß, Rita, KAL 04 (2011) 055",
			"translation_source": "no translation",
			"supergenre": "STL",
			"xproject": "CDLI",
			"xproject": "CDLI"
		},
		"geometry": {
			"type": "Point",
			"coordinates": [43.262037,35.458121]
		}
	}, {
		"type": "Feature",
		"properties": {
			"id_text": "P480749",
			"atf_source": "no atf",
			"author": "Maul, Stefan M. & Strauß, Rita",
			"collection": "Vorderasiatisches Museum, Berlin, Germany",
			"date_entered": "5/29/2015",
			"date_updated": "2018-10-21",
			"db_source": "20150529 cdliadmin_lenzi",
			"designation": "KAL 04, 057",
			"genre": "Ritual",
			"id": "311905",
			"id_text_int": "480749",
			"language": "Akkadian",
			"material": "clay",
			"museum_no": "VAT 13722",
			"object_type": "tablet",
			"period": "Neo-Assyrian",
			"primary_publication": "KAL 04, 057",
			"provenience": "Assur (mod. Qalat Sherqat)",
			"publication_date": "2011",
			"publication_history": "Maul, Stefan & Strauß, Rita, KAL 04 (2011) 057",
			"translation_source": "no translation",
			"supergenre": "STL",
			"xproject": "CDLI",
			"xproject": "CDLI"
		},
		"geometry": {
			"type": "Point",
			"coordinates": [43.262037,35.458121]
		}
	}, {
		"type": "Feature",
		"properties": {
			"id_text": "P480750",
			"atf_source": "no atf",
			"author": "Maul, Stefan M. & Strauß, Rita",
			"collection": "Vorderasiatisches Museum, Berlin, Germany",
			"date_entered": "5/29/2015",
			"date_updated": "2018-10-21",
			"db_source": "20150529 cdliadmin_lenzi",
			"designation": "KAL 04, 058",
			"genre": "Ritual",
			"id": "311906",
			"id_text_int": "480750",
			"language": "Akkadian",
			"material": "clay",
			"museum_no": "VAT 14074",
			"object_type": "tablet",
			"period": "Neo-Assyrian",
			"primary_publication": "KAL 04, 058",
			"provenience": "Assur (mod. Qalat Sherqat)",
			"publication_date": "2011",
			"publication_history": "Maul, Stefan & Strauß, Rita, KAL 04 (2011) 058",
			"translation_source": "no translation",
			"supergenre": "STL",
			"xproject": "CDLI",
			"xproject": "CDLI"
		},
		"geometry": {
			"type": "Point",
			"coordinates": [43.262037,35.458121]
		}
	}, {
		"type": "Feature",
		"properties": {
			"id_text": "P480751",
			"atf_source": "no atf",
			"author": "Maul, Stefan M. & Strauß, Rita",
			"collection": "Vorderasiatisches Museum, Berlin, Germany",
			"date_entered": "5/29/2015",
			"date_updated": "2018-10-21",
			"db_source": "20150529 cdliadmin_lenzi",
			"designation": "KAL 04, 060",
			"genre": "Ritual",
			"id": "311907",
			"id_text_int": "480751",
			"language": "Akkadian",
			"material": "clay",
			"museum_no": "VAT 14293",
			"object_type": "tablet",
			"period": "Neo-Assyrian",
			"primary_publication": "KAL 04, 060",
			"provenience": "Assur (mod. Qalat Sherqat)",
			"publication_date": "2011",
			"publication_history": "Maul, Stefan & Strauß, Rita, KAL 04 (2011) 060",
			"translation_source": "no translation",
			"supergenre": "STL",
			"xproject": "CDLI",
			"xproject": "CDLI"
		},
		"geometry": {
			"type": "Point",
			"coordinates": [43.262037,35.458121]
		}
	}, {
		"type": "Feature",
		"properties": {
			"id_text": "P480752",
			"atf_source": "no atf",
			"author": "Maul, Stefan M. & Strauß, Rita",
			"collection": "Vorderasiatisches Museum, Berlin, Germany",
			"date_entered": "5/29/2015",
			"date_updated": "2018-10-21",
			"db_source": "20150529 cdliadmin_lenzi",
			"designation": "KAL 04, 062",
			"external_id": "cmawro:001066",
			"genre": "Ritual",
			"id": "311908",
			"id_text_int": "480752",
			"language": "Akkadian",
			"material": "clay",
			"museum_no": "VAT 14381",
			"object_type": "tablet",
			"period": "Neo-Assyrian",
			"primary_publication": "KAL 04, 062",
			"provenience": "Assur (mod. Qalat Sherqat)",
			"publication_date": "2011",
			"publication_history": "Maul, Stefan & Strauß, Rita, KAL 04 (2011) 062",
			"translation_source": "no translation",
			"supergenre": "STL",
			"xproject": "CDLI",
			"xproject": "CDLI"
		},
		"geometry": {
			"type": "Point",
			"coordinates": [43.262037,35.458121]
		}
	}, {
		"type": "Feature",
		"properties": {
			"id_text": "P480753",
			"atf_source": "no atf",
			"author": "Maul, Stefan M. & Strauß, Rita",
			"collection": "Vorderasiatisches Museum, Berlin, Germany",
			"date_entered": "5/29/2015",
			"date_updated": "2018-10-21",
			"db_source": "20150529 cdliadmin_lenzi",
			"designation": "KAL 04, 065",
			"genre": "Ritual",
			"id": "311909",
			"id_text_int": "480753",
			"language": "Akkadian",
			"material": "clay",
			"museum_no": "VAT 13965",
			"object_type": "tablet",
			"period": "Neo-Assyrian",
			"primary_publication": "KAL 04, 065",
			"provenience": "Assur (mod. Qalat Sherqat)",
			"publication_date": "2011",
			"publication_history": "Maul, Stefan & Strauß, Rita, KAL 04 (2011) 065",
			"translation_source": "no translation",
			"supergenre": "STL",
			"xproject": "CDLI",
			"xproject": "CDLI"
		},
		"geometry": {
			"type": "Point",
			"coordinates": [43.262037,35.458121]
		}
	}, {
		"type": "Feature",
		"properties": {
			"id_text": "P480755",
			"acquisition_history": "1894 excavation",
			"atf_source": "no atf",
			"author": "Scheil, Vincent",
			"collection": "Arkeoloji Müzeleri, Istanbul, Turkey",
			"date_entered": "5/30/2015",
			"date_updated": "2018-10-21",
			"db_source": "20150530 cdliadmin_lenzi",
			"designation": "SFS Ist Si 0002 pl. 2",
			"genre": "Prayer/Incantation",
			"id": "311911",
			"id_text_int": "480755",
			"language": "Akkadian",
			"material": "clay",
			"museum_no": "Ist Si 0002",
			"object_type": "tablet",
			"period": "Neo-Babylonian",
			"primary_publication": "SFS Ist Si 0002 pl. 2",
			"provenience": "Sippar-Yahrurum (mod. Tell Abu Habbah)",
			"publication_date": "1902",
			"translation_source": "no translation",
			"supergenre": "LIT",
			"xproject": "CDLI",
			"xproject": "CDLI"
		},
		"geometry": {
			"type": "Point",
			"coordinates": [44.253809,33.059195]
		}
	}, {
		"type": "Feature",
		"properties": {
			"id_text": "P480756",
			"acquisition_history": "1894 excavation",
			"atf_source": "no atf",
			"author": "Scheil, Vincent",
			"collection": "Arkeoloji Müzeleri, Istanbul, Turkey",
			"date_entered": "5/30/2015",
			"date_updated": "2018-10-21",
			"db_source": "20150530 cdliadmin_lenzi",
			"designation": "SFS Ist Si 0006",
			"genre": "Prayer/Incantation",
			"id": "311912",
			"id_text_int": "480756",
			"language": "Akkadian",
			"material": "clay",
			"museum_no": "Ist Si 0006",
			"object_type": "tablet",
			"period": "Neo-Babylonian",
			"primary_publication": "SFS Ist Si 0006",
			"provenience": "Sippar-Yahrurum (mod. Tell Abu Habbah)",
			"publication_date": "1902",
			"translation_source": "no translation",
			"supergenre": "LIT",
			"xproject": "CDLI",
			"xproject": "CDLI"
		},
		"geometry": {
			"type": "Point",
			"coordinates": [44.253809,33.059195]
		}
	}, {
		"type": "Feature",
		"properties": {
			"id_text": "P480759",
			"acquisition_history": "1894 excavation",
			"atf_source": "no atf",
			"author": "Scheil, Vincent",
			"collection": "Arkeoloji Müzeleri, Istanbul, Turkey",
			"date_entered": "5/30/2015",
			"date_updated": "2018-10-21",
			"db_source": "20150530 cdliadmin_lenzi",
			"designation": "SFS Ist Si 0018",
			"genre": "Prayer/Incantation",
			"id": "311915",
			"id_text_int": "480759",
			"language": "Akkadian",
			"material": "clay",
			"museum_no": "Ist Si 0018",
			"object_type": "tablet",
			"period": "Neo-Babylonian",
			"primary_publication": "SFS Ist Si 0018",
			"provenience": "Sippar-Yahrurum (mod. Tell Abu Habbah)",
			"publication_date": "1902",
			"translation_source": "no translation",
			"supergenre": "LIT",
			"xproject": "CDLI",
			"xproject": "CDLI"
		},
		"geometry": {
			"type": "Point",
			"coordinates": [44.253809,33.059195]
		}
	}, {
		"type": "Feature",
		"properties": {
			"id_text": "P480760",
			"acquisition_history": "1894 excavation",
			"atf_source": "no atf",
			"author": "Scheil, Vincent",
			"collection": "Arkeoloji Müzeleri, Istanbul, Turkey",
			"date_entered": "5/30/2015",
			"date_updated": "2018-10-21",
			"db_source": "20150530 cdliadmin_lenzi",
			"designation": "SFS Ist Si 0059",
			"genre": "Prayer/Incantation",
			"id": "311916",
			"id_text_int": "480760",
			"language": "Akkadian",
			"material": "clay",
			"museum_no": "Ist Si 0059",
			"object_type": "tablet",
			"period": "Neo-Babylonian",
			"primary_publication": "SFS Ist Si 0059",
			"provenience": "Sippar-Yahrurum (mod. Tell Abu Habbah)",
			"publication_date": "1902",
			"translation_source": "no translation",
			"supergenre": "LIT",
			"xproject": "CDLI",
			"xproject": "CDLI"
		},
		"geometry": {
			"type": "Point",
			"coordinates": [44.253809,33.059195]
		}
	}, {
		"type": "Feature",
		"properties": {
			"id_text": "P480762",
			"atf_source": "no atf",
			"author": "Butler, Sally A. L.",
			"collection": "Arkeoloji Müzeleri, Istanbul, Turkey",
			"date_entered": "5/30/2015",
			"date_updated": "2018-10-21",
			"db_source": "20150530 cdliadmin_lenzi",
			"designation": "AOAT 258, pl. 15 Ist Si 0884",
			"genre": "Prayer/Incantation",
			"id": "311918",
			"id_text_int": "480762",
			"language": "Akkadian",
			"material": "clay",
			"museum_no": "Ist Si 0884",
			"object_type": "tablet",
			"period": "Neo-Babylonian",
			"primary_publication": "AOAT 258, pl. 15 Ist Si 0884",
			"provenience": "Sippar-Yahrurum (mod. Tell Abu Habbah)",
			"publication_date": "1998",
			"translation_source": "no translation",
			"supergenre": "LIT",
			"xproject": "CDLI",
			"xproject": "CDLI"
		},
		"geometry": {
			"type": "Point",
			"coordinates": [44.253809,33.059195]
		}
	}, {
		"type": "Feature",
		"properties": {
			"id_text": "P480763",
			"atf_source": "no atf",
			"author": "Butler, Sally A. L.",
			"collection": "Arkeoloji Müzeleri, Istanbul, Turkey",
			"date_entered": "5/30/2015",
			"date_updated": "2018-10-21",
			"db_source": "20150530 cdliadmin_lenzi",
			"designation": "AOAT 258, pl. 15 Ist Si 0904",
			"genre": "Prayer/Incantation",
			"id": "311919",
			"id_text_int": "480763",
			"language": "Akkadian",
			"material": "clay",
			"museum_no": "Ist Si 0904",
			"object_type": "tablet",
			"period": "Neo-Babylonian",
			"primary_publication": "AOAT 258, pl. 15 Ist Si 0904",
			"provenience": "Sippar-Yahrurum (mod. Tell Abu Habbah)",
			"publication_date": "1998",
			"translation_source": "no translation",
			"supergenre": "LIT",
			"xproject": "CDLI",
			"xproject": "CDLI"
		},
		"geometry": {
			"type": "Point",
			"coordinates": [44.253809,33.059195]
		}
	}, {
		"type": "Feature",
		"properties": {
			"id_text": "P480771",
			"accession_no": "1882-09-18, 06620 + 1882-09-18, 06651",
			"atf_source": "no atf",
			"collection": "British Museum, London, UK",
			"date_entered": "6/5/2015",
			"date_updated": "2018-10-21",
			"db_source": "20150605 cdliadmin_lenzi",
			"designation": "AMD 8/1, pl. 106",
			"external_id": "cmawro:001034",
			"genre": "Prayer/Incantation",
			"id": "311926",
			"id_text_int": "480771",
			"language": "Akkadian",
			"material": "clay",
			"museum_no": "BM 066627",
			"object_type": "tablet",
			"period": "Neo-Babylonian",
			"primary_publication": "AMD 8/1, pl. 106",
			"provenience": "uncertain (mod. Babylonia)",
			"translation_source": "no translation",
			"supergenre": "LIT",
			"xproject": "CDLI",
			"xproject": "CDLI"
		},
		"geometry": {
			"type": "Point",
			"coordinates": [44.5,32.5]
		}
	}, {
		"type": "Feature",
		"properties": {
			"id_text": "P480772",
			"accession_no": "Sp 0183",
			"atf_source": "no atf",
			"author": "Mayer, Werner R.",
			"collection": "British Museum, London, UK",
			"date_entered": "6/5/2015",
			"date_updated": "2018-10-21",
			"db_source": "20150605 cdliadmin_lenzi",
			"designation": "OrNS 59, 484",
			"external_id": "cmawro:001081",
			"genre": "Prayer/Incantation",
			"id": "311927",
			"id_text_int": "480772",
			"language": "Akkadian",
			"material": "clay",
			"museum_no": "BM 034084",
			"object_type": "tablet",
			"period": "Achaemenid",
			"primary_publication": "OrNS 59, 484",
			"provenience": "Bābili (mod. Babylon)",
			"publication_date": "1990",
			"translation_source": "no translation",
			"supergenre": "LIT",
			"xproject": "CDLI",
			"xproject": "CDLI"
		},
		"geometry": {
			"type": "Point",
			"coordinates": [44.422236,32.543395]
		}
	}, {
		"type": "Feature",
		"properties": {
			"id_text": "P480773",
			"accession_no": "Sp 2, 0508",
			"atf_source": "no atf",
			"author": "Mayer, Werner R.",
			"collection": "British Museum, London, UK",
			"date_entered": "6/5/2015",
			"date_updated": "2018-10-21",
			"db_source": "20150605 cdliadmin_lenzi",
			"designation": "OrNS 59, 483",
			"external_id": "cmawro:001082",
			"genre": "Prayer/Incantation",
			"id": "311928",
			"id_text_int": "480773",
			"language": "Akkadian",
			"material": "clay",
			"museum_no": "BM 034984",
			"object_type": "tablet",
			"period": "Achaemenid",
			"primary_publication": "OrNS 59, 483",
			"provenience": "Bābili (mod. Babylon)",
			"publication_date": "1990",
			"translation_source": "no translation",
			"supergenre": "LIT",
			"xproject": "CDLI",
			"xproject": "CDLI"
		},
		"geometry": {
			"type": "Point",
			"coordinates": [44.422236,32.543395]
		}
	}, {
		"type": "Feature",
		"properties": {
			"id_text": "P480781",
			"accession_no": "1888-05-12 Bu, 0335",
			"atf_source": "no atf",
			"collection": "British Museum, London, UK",
			"date_entered": "6/5/2015",
			"date_updated": "2018-10-21",
			"db_source": "20150605 cdliadmin_lenzi",
			"designation": "AOAT 258, pls. 1-2",
			"id": "311935",
			"id_text_int": "480781",
			"material": "clay",
			"museum_no": "BM 078432",
			"object_type": "tablet",
			"primary_publication": "AOAT 258, pls. 1-2",
			"provenience": "Sippar-Yahrurum (mod. Tell Abu Habbah)",
			"translation_source": "no translation",
			"xproject": "CDLI",
			"xproject": "CDLI"
		},
		"geometry": {
			"type": "Point",
			"coordinates": [44.253809,33.059195]
		}
	}, {
		"type": "Feature",
		"properties": {
			"id_text": "P480790",
			"accession_no": "1881-06-25, 0733",
			"atf_source": "no atf",
			"author": "Abusch, Tzvi & Schwemer, Daniel",
			"collection": "British Museum, London, UK",
			"date_entered": "6/5/2015",
			"date_updated": "2018-10-21",
			"db_source": "20150605 cdliadmin_lenzi",
			"designation": "BM 042111",
			"external_id": "cmawro:001063",
			"genre": "Prayer/Incantation",
			"id": "311944",
			"id_text_int": "480790",
			"language": "Akkadian",
			"material": "clay",
			"museum_no": "BM 042111",
			"object_type": "tablet",
			"period": "Achaemenid",
			"primary_publication": "unpublished assigned",
			"provenience": "Bābili (mod. Babylon)",
			"publication_date": "nd",
			"translation_source": "no translation",
			"supergenre": "LIT",
			"xproject": "CDLI",
			"xproject": "CDLI"
		},
		"geometry": {
			"type": "Point",
			"coordinates": [44.422236,32.543395]
		}
	}, {
		"type": "Feature",
		"properties": {
			"id_text": "P480812",
			"accession_no": "1876-11-17, 1766",
			"atf_source": "no atf",
			"author": "nn",
			"collection": "British Museum, London, UK",
			"date_entered": "6/18/2015",
			"date_updated": "2018-10-21",
			"db_source": "20150618 cdliadmin_cmawro",
			"designation": "BM 032039",
			"external_id": "cmawro:001346",
			"genre": "Prayer/Incantation",
			"id": "311966",
			"id_text_int": "480812",
			"language": "Akkadian",
			"material": "clay",
			"museum_no": "BM 032039",
			"object_type": "tablet",
			"period": "Achaemenid",
			"primary_publication": "unpublished unassigned ?",
			"provenience": "Bābili (mod. Babylon)",
			"publication_date": "nd",
			"translation_source": "no translation",
			"object_remarks": "Single-column",
			"supergenre": "LIT",
			"xproject": "CDLI",
			"xproject": "CDLI"
		},
		"geometry": {
			"type": "Point",
			"coordinates": [44.422236,32.543395]
		}
	}]
}
