{
	"type": "FeatureCollection",
	"features": [{
		"type": "Feature",
		"properties": {
			"project": "stat3",
			"id_text": "P514221",
			"primary_publication": "StAT 3 001",
			"museum_no": "VAT 09849",
			"provenience": "Qalat Sherqat (Assur)",
			"excavation_no": "Ass 03070",
			"archive": "015 - N 01 Archive",
			"atae_attribution": "Based on Betina Faist, Alltagstexte aus neuassyrischen Archiven und Bibliotheken der Stadt Assur (Studien zu den Assur-Texten 3), 2007. Adapted, revised, lemmatized, and translated into English by Poppy Tushingham (2018-2020) for the Munich Open-access Cuneiform Corpus Initiative (MOCCI), which is funded by LMU Munich and the Alexander von Humboldt Foundation at the Historisches Seminar - Abteilung Alte Geschichte of Ludwig-Maximilians-Universität München. The annotated edition is released under the Creative Commons Attribution Share-Alike license 3.0.",
			"cite_as": "Please cite this page as http://oracc.org/atae/P514221/.",
			"collection": "Vorderasiatisches Museum, Berlin, Germany",
			"composite_witness": "witness",
			"credits": "Based on Betina Faist, Alltagstexte aus neuassyrischen Archiven und Bibliotheken der Stadt Assur (Studien zu den Assur-Texten 3), 2007. Adapted, revised, lemmatized, and translated into English by Poppy Tushingham (2018-2020) for the Munich Open-access Cuneiform Corpus Initiative (MOCCI), which is funded by LMU Munich and the Alexander von Humboldt Foundation at the Historisches Seminar - Abteilung Alte Geschichte of Ludwig-Maximilians-Universität München. The annotated edition is released under the Creative Commons Attribution Share-Alike license 3.0. Please cite this page as http://oracc.org/atae/P514221/.",
			"date_of_origin": "00.000.00.00",
			"designation": "StAT 3 001",
			"dialect": "Neo-Assyrian",
			"findspot_square": "N 01",
			"genre": "Administrative Record",
			"language": "Akkadian",
			"last_mod_by": "Tushingham",
			"last_modified": "02.11.2021",
			"list_name": "atae/stat3:P514221",
			"material": "clay",
			"object_type": "tablet",
			"period": "Neo-Assyrian",
			"pleiades_id": "893945",
			"script": "Neo-Assyrian",
			"script_remarks": "inscribed",
			"script_type": "Cuneiform",
			"subgenre": "list (textiles)",
			"ch_no": "02",
			"ch_name": "Text aus N 1",
			"ch_num_name": "02 (Text aus N 1)"
		},
		"geometry": {
			"type": "Point",
			"coordinates": [43.262037,35.458121]
		}
	}, {
		"type": "Feature",
		"properties": {
			"project": "stat3",
			"id_text": "P514222",
			"primary_publication": "StAT 3 002",
			"museum_no": "VAT 09758",
			"provenience": "Qalat Sherqat (Assur)",
			"excavation_no": "Ass 02282e",
			"archive": "018 - N 02 Archive",
			"date": "648*-V-12",
			"atae_attribution": "Based on Betina Faist, Alltagstexte aus neuassyrischen Archiven und Bibliotheken der Stadt Assur (Studien zu den Assur-Texten 3), 2007. Adapted, revised, lemmatized, and translated into English by Poppy Tushingham (2018-2020) for the Munich Open-access Cuneiform Corpus Initiative (MOCCI), which is funded by LMU Munich and the Alexander von Humboldt Foundation at the Historisches Seminar - Abteilung Alte Geschichte of Ludwig-Maximilians-Universität München. The annotated edition is released under the Creative Commons Attribution Share-Alike license 3.0.",
			"cite_as": "Please cite this page as http://oracc.org/atae/P514222/.",
			"collection": "Vorderasiatisches Museum, Berlin, Germany",
			"composite_witness": "witness",
			"credits": "Based on Betina Faist, Alltagstexte aus neuassyrischen Archiven und Bibliotheken der Stadt Assur (Studien zu den Assur-Texten 3), 2007. Adapted, revised, lemmatized, and translated into English by Poppy Tushingham (2018-2020) for the Munich Open-access Cuneiform Corpus Initiative (MOCCI), which is funded by LMU Munich and the Alexander von Humboldt Foundation at the Historisches Seminar - Abteilung Alte Geschichte of Ludwig-Maximilians-Universität München. The annotated edition is released under the Creative Commons Attribution Share-Alike license 3.0. Please cite this page as http://oracc.org/atae/P514222/.",
			"date_gen": "648*-V-12",
			"date_of_origin": "Assurbanipal.limu Belshunu.05.12",
			"day": "12",
			"designation": "StAT 3 002",
			"dialect": "Neo-Assyrian",
			"eponym": "Bēlšunu",
			"findspot_square": "N 02",
			"genre": "Administrative Record",
			"language": "Akkadian",
			"last_mod_by": "Tushingham",
			"last_modified": "02.11.2021",
			"list_name": "atae/stat3:P514222",
			"long_date_gen": "Abu 12th, eponymy of Bēlšunu",
			"material": "clay",
			"month": "V",
			"object_type": "tablet",
			"period": "Neo-Assyrian",
			"pleiades_id": "893945",
			"regnal_dates": "668–ca. 631 BC",
			"ruler": "Ashurbanipal",
			"script": "Neo-Assyrian",
			"script_remarks": "inscribed",
			"script_type": "Cuneiform",
			"subgenre": "conveyance document (house, debt repayment)",
			"year": "648*",
			"ch_no": "03",
			"ch_name": "Texte aus N 2",
			"ch_num_name": "03 (Texte aus N 2)"
		},
		"geometry": {
			"type": "Point",
			"coordinates": [43.262037,35.458121]
		}
	}, {
		"type": "Feature",
		"properties": {
			"project": "stat3",
			"id_text": "P514223",
			"primary_publication": "StAT 3 003",
			"museum_no": "VAT 09759",
			"provenience": "Qalat Sherqat (Assur)",
			"excavation_no": "Ass 02282l",
			"archive": "018 - N 02 Archive",
			"date": "PC-II-23",
			"atae_attribution": "Based on Betina Faist, Alltagstexte aus neuassyrischen Archiven und Bibliotheken der Stadt Assur (Studien zu den Assur-Texten 3), 2007. Adapted, revised, lemmatized, and translated into English by Poppy Tushingham (2018-2020) for the Munich Open-access Cuneiform Corpus Initiative (MOCCI), which is funded by LMU Munich and the Alexander von Humboldt Foundation at the Historisches Seminar - Abteilung Alte Geschichte of Ludwig-Maximilians-Universität München. The annotated edition is released under the Creative Commons Attribution Share-Alike license 3.0.",
			"cite_as": "Please cite this page as http://oracc.org/atae/P514223/.",
			"collection": "Vorderasiatisches Museum, Berlin, Germany",
			"composite_witness": "witness",
			"credits": "Based on Betina Faist, Alltagstexte aus neuassyrischen Archiven und Bibliotheken der Stadt Assur (Studien zu den Assur-Texten 3), 2007. Adapted, revised, lemmatized, and translated into English by Poppy Tushingham (2018-2020) for the Munich Open-access Cuneiform Corpus Initiative (MOCCI), which is funded by LMU Munich and the Alexander von Humboldt Foundation at the Historisches Seminar - Abteilung Alte Geschichte of Ludwig-Maximilians-Universität München. The annotated edition is released under the Creative Commons Attribution Share-Alike license 3.0. Please cite this page as http://oracc.org/atae/P514223/.",
			"date_gen": "PC-II-23",
			"date_of_origin": "00..02.23",
			"day": "23",
			"designation": "StAT 3 003",
			"dialect": "Neo-Assyrian",
			"findspot_square": "N 02",
			"genre": "Legal Transaction",
			"language": "Akkadian",
			"last_mod_by": "Tushingham",
			"last_modified": "02.11.2021",
			"list_name": "atae/stat3:P514223",
			"long_date_gen": "Ayyāru 23rd",
			"material": "clay",
			"month": "II",
			"object_type": "tablet",
			"period": "Neo-Assyrian",
			"pleiades_id": "893945",
			"ruler": "Ashurbanipal, Aššur-etel-ilāni, or Sîn-šarru-iškun",
			"script": "Neo-Assyrian",
			"script_remarks": "inscribed",
			"script_type": "Cuneiform",
			"subgenre": "judicial document",
			"year": "PC",
			"ch_no": "03",
			"ch_name": "Texte aus N 2",
			"ch_num_name": "03 (Texte aus N 2)"
		},
		"geometry": {
			"type": "Point",
			"coordinates": [43.262037,35.458121]
		}
	}, {
		"type": "Feature",
		"properties": {
			"project": "stat3",
			"id_text": "P514224",
			"primary_publication": "StAT 3 004",
			"museum_no": "VAT 09759",
			"provenience": "Qalat Sherqat (Assur)",
			"excavation_no": "Ass 02282k",
			"archive": "018 - N 02 Archive",
			"date": "630*-II-28",
			"atae_attribution": "Based on Betina Faist, Alltagstexte aus neuassyrischen Archiven und Bibliotheken der Stadt Assur (Studien zu den Assur-Texten 3), 2007. Adapted, revised, lemmatized, and translated into English by Poppy Tushingham (2018-2020) for the Munich Open-access Cuneiform Corpus Initiative (MOCCI), which is funded by LMU Munich and the Alexander von Humboldt Foundation at the Historisches Seminar - Abteilung Alte Geschichte of Ludwig-Maximilians-Universität München. The annotated edition is released under the Creative Commons Attribution Share-Alike license 3.0.",
			"cite_as": "Please cite this page as http://oracc.org/atae/P514224/.",
			"collection": "Vorderasiatisches Museum, Berlin, Germany",
			"composite_witness": "witness",
			"credits": "Based on Betina Faist, Alltagstexte aus neuassyrischen Archiven und Bibliotheken der Stadt Assur (Studien zu den Assur-Texten 3), 2007. Adapted, revised, lemmatized, and translated into English by Poppy Tushingham (2018-2020) for the Munich Open-access Cuneiform Corpus Initiative (MOCCI), which is funded by LMU Munich and the Alexander von Humboldt Foundation at the Historisches Seminar - Abteilung Alte Geschichte of Ludwig-Maximilians-Universität München. The annotated edition is released under the Creative Commons Attribution Share-Alike license 3.0. Please cite this page as http://oracc.org/atae/P514224/.",
			"date_gen": "630*-II-28",
			"date_of_origin": "Assur-etel-ilani.limu Salmu-sharru-iqbi.02.28",
			"day": "28",
			"designation": "StAT 3 004",
			"dialect": "Neo-Assyrian",
			"eponym": "Ṣalmu-šarru-iqbi",
			"findspot_square": "N 02",
			"genre": "Legal Transaction",
			"language": "Akkadian",
			"last_mod_by": "Tushingham",
			"last_modified": "02.11.2021",
			"list_name": "atae/stat3:P514224",
			"long_date_gen": "Ayyāru 28th, eponymy of Ṣalmu-šarru-iqbi",
			"material": "clay",
			"month": "II",
			"object_type": "tablet",
			"period": "Neo-Assyrian",
			"pleiades_id": "893945",
			"regnal_dates": "ca. 630–627 BC",
			"ruler": "Aššur-etel-ilāni",
			"script": "Neo-Assyrian",
			"script_remarks": "inscribed",
			"script_type": "Cuneiform",
			"subgenre": "sales document (person)",
			"year": "630*",
			"ch_no": "03",
			"ch_name": "Texte aus N 2",
			"ch_num_name": "03 (Texte aus N 2)"
		},
		"geometry": {
			"type": "Point",
			"coordinates": [43.262037,35.458121]
		}
	}, {
		"type": "Feature",
		"properties": {
			"project": "stat3",
			"id_text": "P514225",
			"primary_publication": "StAT 3 005",
			"museum_no": "VAT 09764",
			"provenience": "Qalat Sherqat (Assur)",
			"excavation_no": "Ass 02282n",
			"archive": "018 - N 02 Archive",
			"date": "723-XII-21",
			"atae_attribution": "Based on Betina Faist, Alltagstexte aus neuassyrischen Archiven und Bibliotheken der Stadt Assur (Studien zu den Assur-Texten 3), 2007. Adapted, revised, lemmatized, and translated into English by Poppy Tushingham (2018-2020) for the Munich Open-access Cuneiform Corpus Initiative (MOCCI), which is funded by LMU Munich and the Alexander von Humboldt Foundation at the Historisches Seminar - Abteilung Alte Geschichte of Ludwig-Maximilians-Universität München. The annotated edition is released under the Creative Commons Attribution Share-Alike license 3.0.",
			"cite_as": "Please cite this page as http://oracc.org/atae/P514225/.",
			"collection": "Vorderasiatisches Museum, Berlin, Germany",
			"composite_witness": "witness",
			"credits": "Based on Betina Faist, Alltagstexte aus neuassyrischen Archiven und Bibliotheken der Stadt Assur (Studien zu den Assur-Texten 3), 2007. Adapted, revised, lemmatized, and translated into English by Poppy Tushingham (2018-2020) for the Munich Open-access Cuneiform Corpus Initiative (MOCCI), which is funded by LMU Munich and the Alexander von Humboldt Foundation at the Historisches Seminar - Abteilung Alte Geschichte of Ludwig-Maximilians-Universität München. The annotated edition is released under the Creative Commons Attribution Share-Alike license 3.0. Please cite this page as http://oracc.org/atae/P514225/.",
			"date_gen": "723-XII-21",
			"date_of_origin": "Sargon2.limu Shalmaneser.12.21",
			"day": "21",
			"designation": "StAT 3 005",
			"dialect": "Neo-Assyrian",
			"eponym": "Shalmaneser",
			"findspot_square": "N 02",
			"genre": "Legal Transaction",
			"language": "Akkadian",
			"last_mod_by": "Tushingham",
			"last_modified": "02.11.2021",
			"list_name": "atae/stat3:P514225",
			"long_date_gen": "Addaru 21st, eponymy of Shalmaneser",
			"material": "clay",
			"month": "XII",
			"object_type": "tablet",
			"period": "Neo-Assyrian",
			"pleiades_id": "893945",
			"regnal_dates": "721–705 BC",
			"ruler": "Sargon II",
			"script": "Neo-Assyrian",
			"script_remarks": "inscribed",
			"script_type": "Cuneiform",
			"subgenre": "sales document (plot)",
			"year": "723",
			"ch_no": "03",
			"ch_name": "Texte aus N 2",
			"ch_num_name": "03 (Texte aus N 2)"
		},
		"geometry": {
			"type": "Point",
			"coordinates": [43.262037,35.458121]
		}
	}, {
		"type": "Feature",
		"properties": {
			"project": "stat3",
			"id_text": "P514226",
			"primary_publication": "StAT 3 006",
			"museum_no": "VAT 09771",
			"provenience": "Qalat Sherqat (Assur)",
			"excavation_no": "Ass 02282i",
			"archive": "018 - N 02 Archive",
			"date": "626*-XII-06",
			"atae_attribution": "Based on Betina Faist, Alltagstexte aus neuassyrischen Archiven und Bibliotheken der Stadt Assur (Studien zu den Assur-Texten 3), 2007. Adapted, revised, lemmatized, and translated into English by Poppy Tushingham (2018-2020) for the Munich Open-access Cuneiform Corpus Initiative (MOCCI), which is funded by LMU Munich and the Alexander von Humboldt Foundation at the Historisches Seminar - Abteilung Alte Geschichte of Ludwig-Maximilians-Universität München. The annotated edition is released under the Creative Commons Attribution Share-Alike license 3.0.",
			"cite_as": "Please cite this page as http://oracc.org/atae/P514226/.",
			"collection": "Vorderasiatisches Museum, Berlin, Germany",
			"composite_witness": "witness",
			"credits": "Based on Betina Faist, Alltagstexte aus neuassyrischen Archiven und Bibliotheken der Stadt Assur (Studien zu den Assur-Texten 3), 2007. Adapted, revised, lemmatized, and translated into English by Poppy Tushingham (2018-2020) for the Munich Open-access Cuneiform Corpus Initiative (MOCCI), which is funded by LMU Munich and the Alexander von Humboldt Foundation at the Historisches Seminar - Abteilung Alte Geschichte of Ludwig-Maximilians-Universität München. The annotated edition is released under the Creative Commons Attribution Share-Alike license 3.0. Please cite this page as http://oracc.org/atae/P514226/.",
			"date_gen": "626*-XII-06",
			"date_of_origin": "Sin-sharru-ishkun.limu Iqbi-ilani.12.06",
			"day": "06",
			"designation": "StAT 3 006",
			"dialect": "Neo-Assyrian",
			"eponym": "Iqbi-ilani",
			"findspot_square": "N 02",
			"genre": "Legal Transaction",
			"language": "Akkadian",
			"last_mod_by": "Tushingham",
			"last_modified": "02.11.2021",
			"list_name": "atae/stat3:P514226",
			"long_date_gen": "Addaru 6th, eponymy of Iqbi-ilani",
			"material": "clay",
			"month": "XII",
			"object_type": "tablet, envelope",
			"period": "Neo-Assyrian",
			"pleiades_id": "893945",
			"regnal_dates": "ca. 626–612 BC",
			"ruler": "Sîn-šarru-iškun",
			"script": "Neo-Assyrian",
			"script_remarks": "inscribed",
			"script_type": "Cuneiform",
			"subgenre": "debt note (silver)",
			"year": "626*",
			"ch_no": "03",
			"ch_name": "Texte aus N 2",
			"ch_num_name": "03 (Texte aus N 2)"
		},
		"geometry": {
			"type": "Point",
			"coordinates": [43.262037,35.458121]
		}
	}, {
		"type": "Feature",
		"properties": {
			"project": "stat3",
			"id_text": "P514227",
			"primary_publication": "StAT 3 007",
			"museum_no": "VAT 09776",
			"provenience": "Qalat Sherqat (Assur)",
			"excavation_no": "Ass 02282g",
			"archive": "018 - N 02 Archive",
			"date": "653-XII-03",
			"atae_attribution": "Based on Betina Faist, Alltagstexte aus neuassyrischen Archiven und Bibliotheken der Stadt Assur (Studien zu den Assur-Texten 3), 2007. Adapted, revised, lemmatized, and translated into English by Poppy Tushingham (2018-2020) for the Munich Open-access Cuneiform Corpus Initiative (MOCCI), which is funded by LMU Munich and the Alexander von Humboldt Foundation at the Historisches Seminar - Abteilung Alte Geschichte of Ludwig-Maximilians-Universität München. The annotated edition is released under the Creative Commons Attribution Share-Alike license 3.0.",
			"cite_as": "Please cite this page as http://oracc.org/atae/P514227/.",
			"collection": "Vorderasiatisches Museum, Berlin, Germany",
			"composite_witness": "witness",
			"credits": "Based on Betina Faist, Alltagstexte aus neuassyrischen Archiven und Bibliotheken der Stadt Assur (Studien zu den Assur-Texten 3), 2007. Adapted, revised, lemmatized, and translated into English by Poppy Tushingham (2018-2020) for the Munich Open-access Cuneiform Corpus Initiative (MOCCI), which is funded by LMU Munich and the Alexander von Humboldt Foundation at the Historisches Seminar - Abteilung Alte Geschichte of Ludwig-Maximilians-Universität München. The annotated edition is released under the Creative Commons Attribution Share-Alike license 3.0. Please cite this page as http://oracc.org/atae/P514227/.",
			"date_gen": "653-XII-03",
			"date_of_origin": "Assurbanipal.limu Assur-ila’i.12.03",
			"day": "03",
			"designation": "StAT 3 007",
			"dialect": "Neo-Assyrian",
			"eponym": "Aššur-ilā’ī",
			"findspot_square": "N 02",
			"genre": "Legal Transaction",
			"language": "Akkadian",
			"last_mod_by": "Tushingham",
			"last_modified": "02.11.2021",
			"list_name": "atae/stat3:P514227",
			"long_date_gen": "Addaru 3rd, eponymy of Aššur-ilā’ī",
			"material": "clay",
			"month": "XII",
			"object_type": "tablet, envelope",
			"period": "Neo-Assyrian",
			"pleiades_id": "893945",
			"regnal_dates": "668–ca. 631 BC",
			"ruler": "Ashurbanipal",
			"script": "Neo-Assyrian",
			"script_remarks": "inscribed",
			"script_type": "Cuneiform",
			"year": "653",
			"ch_no": "03",
			"ch_name": "Texte aus N 2",
			"ch_num_name": "03 (Texte aus N 2)"
		},
		"geometry": {
			"type": "Point",
			"coordinates": [43.262037,35.458121]
		}
	}, {
		"type": "Feature",
		"properties": {
			"project": "stat3",
			"id_text": "P514228",
			"primary_publication": "StAT 3 008",
			"museum_no": "VAT 09777",
			"provenience": "Qalat Sherqat (Assur)",
			"excavation_no": "Ass 02282a",
			"archive": "018 - N 02 Archive",
			"atae_attribution": "Based on Betina Faist, Alltagstexte aus neuassyrischen Archiven und Bibliotheken der Stadt Assur (Studien zu den Assur-Texten 3), 2007. Adapted, revised, lemmatized, and translated into English by Poppy Tushingham (2018-2020) for the Munich Open-access Cuneiform Corpus Initiative (MOCCI), which is funded by LMU Munich and the Alexander von Humboldt Foundation at the Historisches Seminar - Abteilung Alte Geschichte of Ludwig-Maximilians-Universität München. The annotated edition is released under the Creative Commons Attribution Share-Alike license 3.0.",
			"cite_as": "Please cite this page as http://oracc.org/atae/P514228/.",
			"collection": "Vorderasiatisches Museum, Berlin, Germany",
			"composite_witness": "witness",
			"credits": "Based on Betina Faist, Alltagstexte aus neuassyrischen Archiven und Bibliotheken der Stadt Assur (Studien zu den Assur-Texten 3), 2007. Adapted, revised, lemmatized, and translated into English by Poppy Tushingham (2018-2020) for the Munich Open-access Cuneiform Corpus Initiative (MOCCI), which is funded by LMU Munich and the Alexander von Humboldt Foundation at the Historisches Seminar - Abteilung Alte Geschichte of Ludwig-Maximilians-Universität München. The annotated edition is released under the Creative Commons Attribution Share-Alike license 3.0. Please cite this page as http://oracc.org/atae/P514228/.",
			"date_of_origin": "00.000.00.00",
			"designation": "StAT 3 008",
			"dialect": "Neo-Assyrian",
			"findspot_square": "N 02",
			"genre": "Administrative Record",
			"language": "Akkadian",
			"last_mod_by": "Tushingham",
			"last_modified": "02.11.2021",
			"list_name": "atae/stat3:P514228",
			"material": "clay",
			"object_type": "tablet",
			"period": "Neo-Assyrian",
			"pleiades_id": "893945",
			"script": "Neo-Assyrian",
			"script_remarks": "inscribed",
			"script_type": "Cuneiform",
			"subgenre": "memorandum",
			"ch_no": "03",
			"ch_name": "Texte aus N 2",
			"ch_num_name": "03 (Texte aus N 2)"
		},
		"geometry": {
			"type": "Point",
			"coordinates": [43.262037,35.458121]
		}
	}, {
		"type": "Feature",
		"properties": {
			"project": "stat3",
			"id_text": "P514229",
			"primary_publication": "StAT 3 009",
			"museum_no": "VAT 09778",
			"provenience": "Qalat Sherqat (Assur)",
			"excavation_no": "Ass 02282f",
			"archive": "018 - N 02 Archive",
			"atae_attribution": "Based on Betina Faist, Alltagstexte aus neuassyrischen Archiven und Bibliotheken der Stadt Assur (Studien zu den Assur-Texten 3), 2007. Adapted, revised, lemmatized, and translated into English by Poppy Tushingham (2018-2020) for the Munich Open-access Cuneiform Corpus Initiative (MOCCI), which is funded by LMU Munich and the Alexander von Humboldt Foundation at the Historisches Seminar - Abteilung Alte Geschichte of Ludwig-Maximilians-Universität München. The annotated edition is released under the Creative Commons Attribution Share-Alike license 3.0.",
			"cite_as": "Please cite this page as http://oracc.org/atae/P514229/.",
			"collection": "Vorderasiatisches Museum, Berlin, Germany",
			"composite_witness": "witness",
			"credits": "Based on Betina Faist, Alltagstexte aus neuassyrischen Archiven und Bibliotheken der Stadt Assur (Studien zu den Assur-Texten 3), 2007. Adapted, revised, lemmatized, and translated into English by Poppy Tushingham (2018-2020) for the Munich Open-access Cuneiform Corpus Initiative (MOCCI), which is funded by LMU Munich and the Alexander von Humboldt Foundation at the Historisches Seminar - Abteilung Alte Geschichte of Ludwig-Maximilians-Universität München. The annotated edition is released under the Creative Commons Attribution Share-Alike license 3.0. Please cite this page as http://oracc.org/atae/P514229/.",
			"date_of_origin": "00.000.00.00",
			"designation": "StAT 3 009",
			"dialect": "Neo-Assyrian",
			"findspot_square": "N 02",
			"genre": "Legal Transaction",
			"has_date": "yes, but date completely destroyed",
			"language": "Akkadian",
			"last_mod_by": "Tushingham",
			"last_modified": "02.11.2021",
			"list_name": "atae/stat3:P514229",
			"material": "clay",
			"object_type": "tablet",
			"period": "Neo-Assyrian",
			"pleiades_id": "893945",
			"script": "Neo-Assyrian",
			"script_remarks": "inscribed",
			"script_type": "Cuneiform",
			"subgenre": "sales document (person)",
			"ch_no": "03",
			"ch_name": "Texte aus N 2",
			"ch_num_name": "03 (Texte aus N 2)"
		},
		"geometry": {
			"type": "Point",
			"coordinates": [43.262037,35.458121]
		}
	}, {
		"type": "Feature",
		"properties": {
			"project": "stat3",
			"id_text": "P514230",
			"primary_publication": "StAT 3 010",
			"museum_no": "VAT 09780",
			"provenience": "Qalat Sherqat (Assur)",
			"excavation_no": "Ass 02282m",
			"archive": "018 - N 02 Archive",
			"date": "749-I-08",
			"atae_attribution": "Based on Betina Faist, Alltagstexte aus neuassyrischen Archiven und Bibliotheken der Stadt Assur (Studien zu den Assur-Texten 3), 2007. Adapted, revised, lemmatized, and translated into English by Poppy Tushingham (2018-2020) for the Munich Open-access Cuneiform Corpus Initiative (MOCCI), which is funded by LMU Munich and the Alexander von Humboldt Foundation at the Historisches Seminar - Abteilung Alte Geschichte of Ludwig-Maximilians-Universität München. The annotated edition is released under the Creative Commons Attribution Share-Alike license 3.0.",
			"cite_as": "Please cite this page as http://oracc.org/atae/P514230/.",
			"collection": "Vorderasiatisches Museum, Berlin, Germany",
			"composite_witness": "witness",
			"credits": "Based on Betina Faist, Alltagstexte aus neuassyrischen Archiven und Bibliotheken der Stadt Assur (Studien zu den Assur-Texten 3), 2007. Adapted, revised, lemmatized, and translated into English by Poppy Tushingham (2018-2020) for the Munich Open-access Cuneiform Corpus Initiative (MOCCI), which is funded by LMU Munich and the Alexander von Humboldt Foundation at the Historisches Seminar - Abteilung Alte Geschichte of Ludwig-Maximilians-Universität München. The annotated edition is released under the Creative Commons Attribution Share-Alike license 3.0. Please cite this page as http://oracc.org/atae/P514230/.",
			"date_gen": "749-I-08",
			"date_of_origin": "Assur-narari5..01.08",
			"day": "08",
			"designation": "StAT 3 010",
			"dialect": "Neo-Assyrian",
			"findspot_square": "N 02",
			"genre": "Legal Transaction",
			"language": "Akkadian",
			"last_mod_by": "Tushingham",
			"last_modified": "02.11.2021",
			"list_name": "atae/stat3:P514230",
			"long_date_gen": "Nisannu 8th",
			"material": "clay",
			"month": "I",
			"object_type": "tablet",
			"period": "Neo-Assyrian",
			"pleiades_id": "893945",
			"regnal_dates": "754–745 BC",
			"ruler": "Aššur-narari V",
			"script": "Neo-Assyrian",
			"script_remarks": "inscribed",
			"script_type": "Cuneiform",
			"subgenre": "sales document (house)",
			"year": "749",
			"ch_no": "03",
			"ch_name": "Texte aus N 2",
			"ch_num_name": "03 (Texte aus N 2)"
		},
		"geometry": {
			"type": "Point",
			"coordinates": [43.262037,35.458121]
		}
	}, {
		"type": "Feature",
		"properties": {
			"project": "stat3",
			"id_text": "P514232",
			"primary_publication": "StAT 3 012",
			"museum_no": "VAT 09784",
			"provenience": "Qalat Sherqat (Assur)",
			"excavation_no": "Ass 02282b",
			"archive": "018 - N 02 Archive",
			"atae_attribution": "Based on Betina Faist, Alltagstexte aus neuassyrischen Archiven und Bibliotheken der Stadt Assur (Studien zu den Assur-Texten 3), 2007. Adapted, revised, lemmatized, and translated into English by Poppy Tushingham (2018-2020) for the Munich Open-access Cuneiform Corpus Initiative (MOCCI), which is funded by LMU Munich and the Alexander von Humboldt Foundation at the Historisches Seminar - Abteilung Alte Geschichte of Ludwig-Maximilians-Universität München. The annotated edition is released under the Creative Commons Attribution Share-Alike license 3.0.",
			"cite_as": "Please cite this page as http://oracc.org/atae/P514232/.",
			"collection": "Vorderasiatisches Museum, Berlin, Germany",
			"composite_witness": "witness",
			"credits": "Based on Betina Faist, Alltagstexte aus neuassyrischen Archiven und Bibliotheken der Stadt Assur (Studien zu den Assur-Texten 3), 2007. Adapted, revised, lemmatized, and translated into English by Poppy Tushingham (2018-2020) for the Munich Open-access Cuneiform Corpus Initiative (MOCCI), which is funded by LMU Munich and the Alexander von Humboldt Foundation at the Historisches Seminar - Abteilung Alte Geschichte of Ludwig-Maximilians-Universität München. The annotated edition is released under the Creative Commons Attribution Share-Alike license 3.0. Please cite this page as http://oracc.org/atae/P514232/.",
			"date_of_origin": "00.000.00.00",
			"designation": "StAT 3 012",
			"dialect": "Neo-Assyrian",
			"findspot_square": "N 02",
			"genre": "Legal Transaction",
			"language": "Akkadian",
			"last_mod_by": "Tushingham",
			"last_modified": "02.11.2021",
			"list_name": "atae/stat3:P514232",
			"material": "clay",
			"object_type": "tablet",
			"period": "Neo-Assyrian",
			"pleiades_id": "893945",
			"script": "Neo-Assyrian",
			"script_remarks": "inscribed",
			"script_type": "Cuneiform",
			"subgenre": "sales document (person)",
			"ch_no": "03",
			"ch_name": "Texte aus N 2",
			"ch_num_name": "03 (Texte aus N 2)"
		},
		"geometry": {
			"type": "Point",
			"coordinates": [43.262037,35.458121]
		}
	}, {
		"type": "Feature",
		"properties": {
			"project": "stat3",
			"id_text": "P514233",
			"primary_publication": "StAT 3 013",
			"museum_no": "VAT 09825",
			"provenience": "Qalat Sherqat (Assur)",
			"excavation_no": "Ass 01319",
			"archive": "018 - N 02 Archive",
			"date": "636*-XII-[...]",
			"atae_attribution": "Based on Betina Faist, Alltagstexte aus neuassyrischen Archiven und Bibliotheken der Stadt Assur (Studien zu den Assur-Texten 3), 2007. Adapted, revised, lemmatized, and translated into English by Poppy Tushingham (2018-2020) for the Munich Open-access Cuneiform Corpus Initiative (MOCCI), which is funded by LMU Munich and the Alexander von Humboldt Foundation at the Historisches Seminar - Abteilung Alte Geschichte of Ludwig-Maximilians-Universität München. The annotated edition is released under the Creative Commons Attribution Share-Alike license 3.0.",
			"cite_as": "Please cite this page as http://oracc.org/atae/P514233/.",
			"collection": "Vorderasiatisches Museum, Berlin, Germany",
			"composite_witness": "witness",
			"credits": "Based on Betina Faist, Alltagstexte aus neuassyrischen Archiven und Bibliotheken der Stadt Assur (Studien zu den Assur-Texten 3), 2007. Adapted, revised, lemmatized, and translated into English by Poppy Tushingham (2018-2020) for the Munich Open-access Cuneiform Corpus Initiative (MOCCI), which is funded by LMU Munich and the Alexander von Humboldt Foundation at the Historisches Seminar - Abteilung Alte Geschichte of Ludwig-Maximilians-Universität München. The annotated edition is released under the Creative Commons Attribution Share-Alike license 3.0. Please cite this page as http://oracc.org/atae/P514233/.",
			"date_gen": "636* or 626*-XII-[...]",
			"date_of_origin": "00.000.12.00",
			"day": "[...]",
			"designation": "StAT 3 013",
			"dialect": "Neo-Assyrian",
			"findspot_square": "N 02",
			"genre": "Legal Transaction",
			"language": "Akkadian",
			"last_mod_by": "Tushingham",
			"last_modified": "02.11.2021",
			"list_name": "atae/stat3:P514233",
			"long_date_gen": "Addaru ...th",
			"material": "clay",
			"month": "XII",
			"object_type": "tablet",
			"period": "Neo-Assyrian",
			"pleiades_id": "893945",
			"ruler": "Ashurbanipal or Sîn-šarru-iškun",
			"script": "Neo-Assyrian",
			"script_remarks": "inscribed",
			"script_type": "Cuneiform",
			"subgenre": "sales document (person)",
			"year": "636* or 626*",
			"ch_no": "03",
			"ch_name": "Texte aus N 2",
			"ch_num_name": "03 (Texte aus N 2)"
		},
		"geometry": {
			"type": "Point",
			"coordinates": [43.262037,35.458121]
		}
	}, {
		"type": "Feature",
		"properties": {
			"project": "stat3",
			"id_text": "P514234",
			"primary_publication": "StAT 3 014",
			"museum_no": "VAT 09829",
			"provenience": "Qalat Sherqat (Assur)",
			"excavation_no": "Ass 01326",
			"archive": "018 - N 02 Archive",
			"date": "781-XII-15 or 723-XII-15",
			"atae_attribution": "Based on Betina Faist, Alltagstexte aus neuassyrischen Archiven und Bibliotheken der Stadt Assur (Studien zu den Assur-Texten 3), 2007. Adapted, revised, lemmatized, and translated into English by Poppy Tushingham (2018-2020) for the Munich Open-access Cuneiform Corpus Initiative (MOCCI), which is funded by LMU Munich and the Alexander von Humboldt Foundation at the Historisches Seminar - Abteilung Alte Geschichte of Ludwig-Maximilians-Universität München. The annotated edition is released under the Creative Commons Attribution Share-Alike license 3.0.",
			"cite_as": "Please cite this page as http://oracc.org/atae/P514234/.",
			"collection": "Vorderasiatisches Museum, Berlin, Germany",
			"composite_witness": "witness",
			"credits": "Based on Betina Faist, Alltagstexte aus neuassyrischen Archiven und Bibliotheken der Stadt Assur (Studien zu den Assur-Texten 3), 2007. Adapted, revised, lemmatized, and translated into English by Poppy Tushingham (2018-2020) for the Munich Open-access Cuneiform Corpus Initiative (MOCCI), which is funded by LMU Munich and the Alexander von Humboldt Foundation at the Historisches Seminar - Abteilung Alte Geschichte of Ludwig-Maximilians-Universität München. The annotated edition is released under the Creative Commons Attribution Share-Alike license 3.0. Please cite this page as http://oracc.org/atae/P514234/.",
			"date_gen": "781 or 723-XII-15",
			"date_of_origin": "00.000.12.15",
			"day": "15",
			"designation": "StAT 3 014",
			"dialect": "Neo-Assyrian",
			"findspot_square": "N 02",
			"genre": "Legal Transaction",
			"language": "Akkadian",
			"last_mod_by": "Tushingham",
			"last_modified": "02.11.2021",
			"list_name": "atae/stat3:P514234",
			"long_date_gen": "Addaru 15th",
			"material": "clay",
			"month": "XII",
			"object_type": "tablet",
			"period": "Neo-Assyrian",
			"pleiades_id": "893945",
			"ruler": "Shalmaneser IV or Shalmaneser V",
			"script": "Neo-Assyrian",
			"script_remarks": "inscribed",
			"script_type": "Cuneiform",
			"subgenre": "sales document (person)",
			"year": "781 or 723",
			"ch_no": "03",
			"ch_name": "Texte aus N 2",
			"ch_num_name": "03 (Texte aus N 2)"
		},
		"geometry": {
			"type": "Point",
			"coordinates": [43.262037,35.458121]
		}
	}, {
		"type": "Feature",
		"properties": {
			"project": "stat3",
			"id_text": "P514235",
			"primary_publication": "StAT 3 015",
			"museum_no": "VAT 09838",
			"provenience": "Qalat Sherqat (Assur)",
			"excavation_no": "Ass 01323",
			"archive": "018 - N 02 Archive",
			"date": "715-VII-22",
			"atae_attribution": "Based on Betina Faist, Alltagstexte aus neuassyrischen Archiven und Bibliotheken der Stadt Assur (Studien zu den Assur-Texten 3), 2007. Adapted, revised, lemmatized, and translated into English by Poppy Tushingham (2018-2020) for the Munich Open-access Cuneiform Corpus Initiative (MOCCI), which is funded by LMU Munich and the Alexander von Humboldt Foundation at the Historisches Seminar - Abteilung Alte Geschichte of Ludwig-Maximilians-Universität München. The annotated edition is released under the Creative Commons Attribution Share-Alike license 3.0.",
			"cite_as": "Please cite this page as http://oracc.org/atae/P514235/.",
			"collection": "Vorderasiatisches Museum, Berlin, Germany",
			"composite_witness": "witness",
			"credits": "Based on Betina Faist, Alltagstexte aus neuassyrischen Archiven und Bibliotheken der Stadt Assur (Studien zu den Assur-Texten 3), 2007. Adapted, revised, lemmatized, and translated into English by Poppy Tushingham (2018-2020) for the Munich Open-access Cuneiform Corpus Initiative (MOCCI), which is funded by LMU Munich and the Alexander von Humboldt Foundation at the Historisches Seminar - Abteilung Alte Geschichte of Ludwig-Maximilians-Universität München. The annotated edition is released under the Creative Commons Attribution Share-Alike license 3.0. Please cite this page as http://oracc.org/atae/P514235/.",
			"date_gen": "715-VII-22",
			"date_of_origin": "Sargon2.limu Taklak-ana-Bel.07.22",
			"day": "22",
			"designation": "StAT 3 015",
			"dialect": "Neo-Assyrian",
			"eponym": "Taklāk-ana-Bēl",
			"findspot_square": "N 02",
			"genre": "Legal Transaction",
			"language": "Akkadian",
			"last_mod_by": "Tushingham",
			"last_modified": "02.11.2021",
			"list_name": "atae/stat3:P514235",
			"long_date_gen": "Tašrītu 22nd, eponymy of Taklāk-ana-Bēl",
			"material": "clay",
			"month": "VII",
			"object_type": "tablet",
			"period": "Neo-Assyrian",
			"pleiades_id": "893945",
			"regnal_dates": "721–705 BC",
			"ruler": "Sargon II",
			"script": "Neo-Assyrian",
			"script_remarks": "inscribed",
			"script_type": "Cuneiform",
			"subgenre": "sales document (person)",
			"year": "715",
			"ch_no": "03",
			"ch_name": "Texte aus N 2",
			"ch_num_name": "03 (Texte aus N 2)"
		},
		"geometry": {
			"type": "Point",
			"coordinates": [43.262037,35.458121]
		}
	}, {
		"type": "Feature",
		"properties": {
			"project": "stat3",
			"id_text": "P514236",
			"primary_publication": "StAT 3 016",
			"museum_no": "VAT 09844",
			"provenience": "Qalat Sherqat (Assur)",
			"excavation_no": "Ass 01327",
			"archive": "018 - N 02 Archive",
			"date": "639*-II-27",
			"atae_attribution": "Based on Betina Faist, Alltagstexte aus neuassyrischen Archiven und Bibliotheken der Stadt Assur (Studien zu den Assur-Texten 3), 2007. Adapted, revised, lemmatized, and translated into English by Poppy Tushingham (2018-2020) for the Munich Open-access Cuneiform Corpus Initiative (MOCCI), which is funded by LMU Munich and the Alexander von Humboldt Foundation at the Historisches Seminar - Abteilung Alte Geschichte of Ludwig-Maximilians-Universität München. The annotated edition is released under the Creative Commons Attribution Share-Alike license 3.0.",
			"cite_as": "Please cite this page as http://oracc.org/atae/P514236/.",
			"collection": "Vorderasiatisches Museum, Berlin, Germany",
			"composite_witness": "witness",
			"credits": "Based on Betina Faist, Alltagstexte aus neuassyrischen Archiven und Bibliotheken der Stadt Assur (Studien zu den Assur-Texten 3), 2007. Adapted, revised, lemmatized, and translated into English by Poppy Tushingham (2018-2020) for the Munich Open-access Cuneiform Corpus Initiative (MOCCI), which is funded by LMU Munich and the Alexander von Humboldt Foundation at the Historisches Seminar - Abteilung Alte Geschichte of Ludwig-Maximilians-Universität München. The annotated edition is released under the Creative Commons Attribution Share-Alike license 3.0. Please cite this page as http://oracc.org/atae/P514236/.",
			"date_gen": "639*-II-27",
			"date_of_origin": "Assurbanipal.limu Mushallim-Assur.02.27",
			"day": "27",
			"designation": "StAT 3 016",
			"dialect": "Neo-Assyrian",
			"eponym": "Mušallim-Aššur",
			"findspot_square": "N 02",
			"genre": "Legal Transaction",
			"language": "Akkadian",
			"last_mod_by": "Tushingham",
			"last_modified": "02.11.2021",
			"list_name": "atae/stat3:P514236",
			"long_date_gen": "Ayyāru 27th, eponymy of Mušallim-Aššur",
			"material": "clay",
			"month": "II",
			"object_type": "tablet",
			"period": "Neo-Assyrian",
			"pleiades_id": "893945",
			"regnal_dates": "668–ca. 631 BC",
			"ruler": "Ashurbanipal",
			"script": "Neo-Assyrian",
			"script_remarks": "inscribed",
			"script_type": "Cuneiform",
			"subgenre": "sales document (person)",
			"year": "639*",
			"ch_no": "03",
			"ch_name": "Texte aus N 2",
			"ch_num_name": "03 (Texte aus N 2)"
		},
		"geometry": {
			"type": "Point",
			"coordinates": [43.262037,35.458121]
		}
	}, {
		"type": "Feature",
		"properties": {
			"project": "stat3",
			"id_text": "P514237",
			"primary_publication": "StAT 3 017",
			"museum_no": "VAT 09853",
			"provenience": "Qalat Sherqat (Assur)",
			"excavation_no": "Ass 01887",
			"archive": "018 - N 02 Archive",
			"atae_attribution": "Based on Betina Faist, Alltagstexte aus neuassyrischen Archiven und Bibliotheken der Stadt Assur (Studien zu den Assur-Texten 3), 2007. Adapted, revised, lemmatized, and translated into English by Poppy Tushingham (2018-2020) for the Munich Open-access Cuneiform Corpus Initiative (MOCCI), which is funded by LMU Munich and the Alexander von Humboldt Foundation at the Historisches Seminar - Abteilung Alte Geschichte of Ludwig-Maximilians-Universität München. The annotated edition is released under the Creative Commons Attribution Share-Alike license 3.0.",
			"cite_as": "Please cite this page as http://oracc.org/atae/P514237/.",
			"collection": "Vorderasiatisches Museum, Berlin, Germany",
			"composite_witness": "witness",
			"credits": "Based on Betina Faist, Alltagstexte aus neuassyrischen Archiven und Bibliotheken der Stadt Assur (Studien zu den Assur-Texten 3), 2007. Adapted, revised, lemmatized, and translated into English by Poppy Tushingham (2018-2020) for the Munich Open-access Cuneiform Corpus Initiative (MOCCI), which is funded by LMU Munich and the Alexander von Humboldt Foundation at the Historisches Seminar - Abteilung Alte Geschichte of Ludwig-Maximilians-Universität München. The annotated edition is released under the Creative Commons Attribution Share-Alike license 3.0. Please cite this page as http://oracc.org/atae/P514237/.",
			"date_of_origin": "00.000.00.00",
			"designation": "StAT 3 017",
			"dialect": "Neo-Assyrian",
			"findspot_square": "N 02",
			"genre": "Administrative Record",
			"language": "Akkadian",
			"last_mod_by": "Tushingham",
			"last_modified": "02.11.2021",
			"list_name": "atae/stat3:P514237",
			"material": "clay",
			"object_type": "tablet",
			"period": "Neo-Assyrian",
			"pleiades_id": "893945",
			"script": "Neo-Assyrian",
			"script_remarks": "inscribed",
			"script_type": "Cuneiform",
			"subgenre": "memorandum",
			"ch_no": "03",
			"ch_name": "Texte aus N 2",
			"ch_num_name": "03 (Texte aus N 2)"
		},
		"geometry": {
			"type": "Point",
			"coordinates": [43.262037,35.458121]
		}
	}, {
		"type": "Feature",
		"properties": {
			"project": "stat3",
			"id_text": "P514238",
			"primary_publication": "StAT 3 018",
			"museum_no": "VAT 09930",
			"provenience": "Qalat Sherqat (Assur)",
			"excavation_no": "Ass —",
			"archive": "018 - N 02 Archive",
			"date": "629*-V-10",
			"atae_attribution": "Based on Betina Faist, Alltagstexte aus neuassyrischen Archiven und Bibliotheken der Stadt Assur (Studien zu den Assur-Texten 3), 2007. Adapted, revised, lemmatized, and translated into English by Poppy Tushingham (2018-2020) for the Munich Open-access Cuneiform Corpus Initiative (MOCCI), which is funded by LMU Munich and the Alexander von Humboldt Foundation at the Historisches Seminar - Abteilung Alte Geschichte of Ludwig-Maximilians-Universität München. The annotated edition is released under the Creative Commons Attribution Share-Alike license 3.0.",
			"cite_as": "Please cite this page as http://oracc.org/atae/P514238/.",
			"collection": "Vorderasiatisches Museum, Berlin, Germany",
			"composite_witness": "witness",
			"credits": "Based on Betina Faist, Alltagstexte aus neuassyrischen Archiven und Bibliotheken der Stadt Assur (Studien zu den Assur-Texten 3), 2007. Adapted, revised, lemmatized, and translated into English by Poppy Tushingham (2018-2020) for the Munich Open-access Cuneiform Corpus Initiative (MOCCI), which is funded by LMU Munich and the Alexander von Humboldt Foundation at the Historisches Seminar - Abteilung Alte Geschichte of Ludwig-Maximilians-Universität München. The annotated edition is released under the Creative Commons Attribution Share-Alike license 3.0. Please cite this page as http://oracc.org/atae/P514238/.",
			"date_gen": "629*-V-10",
			"date_of_origin": "Assur-etel-ilani.limu Nabu-sharru-usur.05.10",
			"day": "10",
			"designation": "StAT 3 018",
			"dialect": "Neo-Assyrian",
			"eponym": "Nabû-šarru-uṣur",
			"findspot_square": "N 02",
			"genre": "Legal Transaction",
			"language": "Akkadian",
			"last_mod_by": "Tushingham",
			"last_modified": "02.11.2021",
			"list_name": "atae/stat3:P514238",
			"long_date_gen": "Abu 10th, eponymy of Nabû-šarru-uṣur",
			"material": "clay",
			"month": "V",
			"object_type": "tablet",
			"period": "Neo-Assyrian",
			"pleiades_id": "893945",
			"regnal_dates": "ca. 630–627 BC",
			"ruler": "Aššur-etel-ilani",
			"script": "Neo-Assyrian",
			"script_remarks": "inscribed",
			"script_type": "Cuneiform",
			"subgenre": "adoption document",
			"year": "629*",
			"ch_no": "03",
			"ch_name": "Texte aus N 2",
			"ch_num_name": "03 (Texte aus N 2)"
		},
		"geometry": {
			"type": "Point",
			"coordinates": [43.262037,35.458121]
		}
	}, {
		"type": "Feature",
		"properties": {
			"project": "stat3",
			"id_text": "P514239",
			"primary_publication": "StAT 3 019",
			"museum_no": "VAT 21538",
			"provenience": "Qalat Sherqat (Assur)",
			"excavation_no": "Ass 02282",
			"archive": "018 - N 02 Archive",
			"atae_attribution": "Based on Betina Faist, Alltagstexte aus neuassyrischen Archiven und Bibliotheken der Stadt Assur (Studien zu den Assur-Texten 3), 2007. Adapted, revised, lemmatized, and translated into English by Poppy Tushingham (2018-2020) for the Munich Open-access Cuneiform Corpus Initiative (MOCCI), which is funded by LMU Munich and the Alexander von Humboldt Foundation at the Historisches Seminar - Abteilung Alte Geschichte of Ludwig-Maximilians-Universität München. The annotated edition is released under the Creative Commons Attribution Share-Alike license 3.0.",
			"cite_as": "Please cite this page as http://oracc.org/atae/P514239/.",
			"collection": "Vorderasiatisches Museum, Berlin, Germany",
			"composite_witness": "witness",
			"credits": "Based on Betina Faist, Alltagstexte aus neuassyrischen Archiven und Bibliotheken der Stadt Assur (Studien zu den Assur-Texten 3), 2007. Adapted, revised, lemmatized, and translated into English by Poppy Tushingham (2018-2020) for the Munich Open-access Cuneiform Corpus Initiative (MOCCI), which is funded by LMU Munich and the Alexander von Humboldt Foundation at the Historisches Seminar - Abteilung Alte Geschichte of Ludwig-Maximilians-Universität München. The annotated edition is released under the Creative Commons Attribution Share-Alike license 3.0. Please cite this page as http://oracc.org/atae/P514239/.",
			"date_of_origin": "00.000.00.00",
			"designation": "StAT 3 019",
			"dialect": "Neo-Assyrian",
			"findspot_square": "N 02",
			"genre": "Legal Transaction",
			"has_date": "yes, but date completely destroyed",
			"language": "Akkadian",
			"last_mod_by": "Tushingham",
			"last_modified": "02.11.2021",
			"list_name": "atae/stat3:P514239",
			"material": "clay",
			"object_type": "tablet",
			"period": "Neo-Assyrian",
			"pleiades_id": "893945",
			"script": "Neo-Assyrian",
			"script_remarks": "inscribed",
			"script_type": "Cuneiform",
			"subgenre": "sales document (person)",
			"ch_no": "03",
			"ch_name": "Texte aus N 2",
			"ch_num_name": "03 (Texte aus N 2)"
		},
		"geometry": {
			"type": "Point",
			"coordinates": [43.262037,35.458121]
		}
	}, {
		"type": "Feature",
		"properties": {
			"project": "stat3",
			"id_text": "P514241",
			"primary_publication": "StAT 3 021",
			"museum_no": "VAT 10011",
			"provenience": "Qalat Sherqat (Assur)",
			"excavation_no": "Ass 21548",
			"archive": "019 - N 03 Archive",
			"atae_attribution": "Based on Betina Faist, Alltagstexte aus neuassyrischen Archiven und Bibliotheken der Stadt Assur (Studien zu den Assur-Texten 3), 2007. Adapted, revised, lemmatized, and translated into English by Poppy Tushingham (2018-2020) for the Munich Open-access Cuneiform Corpus Initiative (MOCCI), which is funded by LMU Munich and the Alexander von Humboldt Foundation at the Historisches Seminar - Abteilung Alte Geschichte of Ludwig-Maximilians-Universität München. The annotated edition is released under the Creative Commons Attribution Share-Alike license 3.0.",
			"cite_as": "Please cite this page as http://oracc.org/atae/P514241/.",
			"collection": "Vorderasiatisches Museum, Berlin, Germany",
			"composite_witness": "witness",
			"credits": "Based on Betina Faist, Alltagstexte aus neuassyrischen Archiven und Bibliotheken der Stadt Assur (Studien zu den Assur-Texten 3), 2007. Adapted, revised, lemmatized, and translated into English by Poppy Tushingham (2018-2020) for the Munich Open-access Cuneiform Corpus Initiative (MOCCI), which is funded by LMU Munich and the Alexander von Humboldt Foundation at the Historisches Seminar - Abteilung Alte Geschichte of Ludwig-Maximilians-Universität München. The annotated edition is released under the Creative Commons Attribution Share-Alike license 3.0. Please cite this page as http://oracc.org/atae/P514241/.",
			"date_of_origin": "00.000.00.00",
			"designation": "StAT 3 021",
			"dialect": "Neo-Assyrian",
			"findspot_square": "N 03",
			"genre": "Uncertain",
			"language": "Akkadian",
			"last_mod_by": "Tushingham",
			"last_modified": "02.11.2021",
			"list_name": "atae/stat3:P514241",
			"material": "clay",
			"object_type": "tablet",
			"period": "Neo-Assyrian",
			"pleiades_id": "893945",
			"script": "Neo-Assyrian",
			"script_remarks": "inscribed",
			"script_type": "Cuneiform",
			"ch_no": "04",
			"ch_name": "Texte aus N 3",
			"ch_num_name": "04 (Texte aus N 3)"
		},
		"geometry": {
			"type": "Point",
			"coordinates": [43.262037,35.458121]
		}
	}, {
		"type": "Feature",
		"properties": {
			"project": "stat3",
			"id_text": "P514242",
			"primary_publication": "StAT 3 022",
			"museum_no": "VAT 10013",
			"provenience": "Qalat Sherqat (Assur)",
			"excavation_no": "Ass 21548g",
			"archive": "019 - N 03 Archive",
			"date": "758-[...]-[...]",
			"atae_attribution": "Based on Betina Faist, Alltagstexte aus neuassyrischen Archiven und Bibliotheken der Stadt Assur (Studien zu den Assur-Texten 3), 2007. Adapted, revised, lemmatized, and translated into English by Poppy Tushingham (2018-2020) for the Munich Open-access Cuneiform Corpus Initiative (MOCCI), which is funded by LMU Munich and the Alexander von Humboldt Foundation at the Historisches Seminar - Abteilung Alte Geschichte of Ludwig-Maximilians-Universität München. The annotated edition is released under the Creative Commons Attribution Share-Alike license 3.0.",
			"cite_as": "Please cite this page as http://oracc.org/atae/P514242/.",
			"collection": "Vorderasiatisches Museum, Berlin, Germany",
			"composite_witness": "witness",
			"credits": "Based on Betina Faist, Alltagstexte aus neuassyrischen Archiven und Bibliotheken der Stadt Assur (Studien zu den Assur-Texten 3), 2007. Adapted, revised, lemmatized, and translated into English by Poppy Tushingham (2018-2020) for the Munich Open-access Cuneiform Corpus Initiative (MOCCI), which is funded by LMU Munich and the Alexander von Humboldt Foundation at the Historisches Seminar - Abteilung Alte Geschichte of Ludwig-Maximilians-Universität München. The annotated edition is released under the Creative Commons Attribution Share-Alike license 3.0. Please cite this page as http://oracc.org/atae/P514242/.",
			"date_gen": "758-[...]-[...]",
			"date_of_origin": "Assur-dan3..00.00",
			"day": "[...]",
			"designation": "StAT 3 022",
			"dialect": "Neo-Assyrian",
			"findspot_square": "N 03",
			"genre": "Legal Transaction",
			"language": "Akkadian",
			"last_mod_by": "Tushingham",
			"last_modified": "02.11.2021",
			"list_name": "atae/stat3:P514242",
			"long_date_gen": "... ...th",
			"material": "clay",
			"month": "[...]",
			"object_type": "tablet",
			"period": "Neo-Assyrian",
			"pleiades_id": "893945",
			"regnal_dates": "772–755 BC",
			"ruler": "Aššur-dān III",
			"script": "Neo-Assyrian",
			"script_remarks": "inscribed",
			"script_type": "Cuneiform",
			"subgenre": "receipt",
			"year": "758",
			"ch_no": "04",
			"ch_name": "Texte aus N 3",
			"ch_num_name": "04 (Texte aus N 3)"
		},
		"geometry": {
			"type": "Point",
			"coordinates": [43.262037,35.458121]
		}
	}, {
		"type": "Feature",
		"properties": {
			"project": "stat3",
			"id_text": "P514243",
			"primary_publication": "StAT 3 023",
			"museum_no": "VAT 10017",
			"provenience": "Qalat Sherqat (Assur)",
			"excavation_no": "Ass 21548f",
			"archive": "019 - N 03 Archive",
			"date": "672-VII-25",
			"atae_attribution": "Based on Betina Faist, Alltagstexte aus neuassyrischen Archiven und Bibliotheken der Stadt Assur (Studien zu den Assur-Texten 3), 2007. Adapted, revised, lemmatized, and translated into English by Poppy Tushingham (2018-2020) for the Munich Open-access Cuneiform Corpus Initiative (MOCCI), which is funded by LMU Munich and the Alexander von Humboldt Foundation at the Historisches Seminar - Abteilung Alte Geschichte of Ludwig-Maximilians-Universität München. The annotated edition is released under the Creative Commons Attribution Share-Alike license 3.0.",
			"cite_as": "Please cite this page as http://oracc.org/atae/P514243/.",
			"collection": "Vorderasiatisches Museum, Berlin, Germany",
			"composite_witness": "witness",
			"credits": "Based on Betina Faist, Alltagstexte aus neuassyrischen Archiven und Bibliotheken der Stadt Assur (Studien zu den Assur-Texten 3), 2007. Adapted, revised, lemmatized, and translated into English by Poppy Tushingham (2018-2020) for the Munich Open-access Cuneiform Corpus Initiative (MOCCI), which is funded by LMU Munich and the Alexander von Humboldt Foundation at the Historisches Seminar - Abteilung Alte Geschichte of Ludwig-Maximilians-Universität München. The annotated edition is released under the Creative Commons Attribution Share-Alike license 3.0. Please cite this page as http://oracc.org/atae/P514243/.",
			"date_gen": "672-VII-25",
			"date_of_origin": "Esarhaddon.limu Nabu-belu-usur.07.25",
			"day": "25",
			"designation": "StAT 3 023",
			"dialect": "Neo-Assyrian",
			"eponym": "Nabû-bēlu-uṣur",
			"findspot_square": "N 03",
			"genre": "Legal Transaction",
			"language": "Akkadian",
			"last_mod_by": "Tushingham",
			"last_modified": "02.11.2021",
			"list_name": "atae/stat3:P514243",
			"long_date_gen": "Tašrītu 25th, eponymy of Nabû-bēlu-uṣur",
			"material": "clay",
			"month": "VII",
			"object_type": "tablet",
			"period": "Neo-Assyrian",
			"pleiades_id": "893945",
			"regnal_dates": "680–669 BC",
			"ruler": "Esarhaddon",
			"script": "Neo-Assyrian",
			"script_remarks": "inscribed",
			"script_type": "Cuneiform",
			"subgenre": "judicial document",
			"year": "672",
			"ch_no": "04",
			"ch_name": "Texte aus N 3",
			"ch_num_name": "04 (Texte aus N 3)"
		},
		"geometry": {
			"type": "Point",
			"coordinates": [43.262037,35.458121]
		}
	}, {
		"type": "Feature",
		"properties": {
			"project": "stat3",
			"id_text": "P514244",
			"primary_publication": "StAT 3 024",
			"museum_no": "VAT 10022",
			"provenience": "Qalat Sherqat (Assur)",
			"excavation_no": "Ass 21548d",
			"archive": "019 - N 03 Archive",
			"date": "736-VII-01 or 722-VII-01",
			"atae_attribution": "Based on Betina Faist, Alltagstexte aus neuassyrischen Archiven und Bibliotheken der Stadt Assur (Studien zu den Assur-Texten 3), 2007. Adapted, revised, lemmatized, and translated into English by Poppy Tushingham (2018-2020) for the Munich Open-access Cuneiform Corpus Initiative (MOCCI), which is funded by LMU Munich and the Alexander von Humboldt Foundation at the Historisches Seminar - Abteilung Alte Geschichte of Ludwig-Maximilians-Universität München. The annotated edition is released under the Creative Commons Attribution Share-Alike license 3.0.",
			"cite_as": "Please cite this page as http://oracc.org/atae/P514244/.",
			"collection": "Vorderasiatisches Museum, Berlin, Germany",
			"composite_witness": "witness",
			"credits": "Based on Betina Faist, Alltagstexte aus neuassyrischen Archiven und Bibliotheken der Stadt Assur (Studien zu den Assur-Texten 3), 2007. Adapted, revised, lemmatized, and translated into English by Poppy Tushingham (2018-2020) for the Munich Open-access Cuneiform Corpus Initiative (MOCCI), which is funded by LMU Munich and the Alexander von Humboldt Foundation at the Historisches Seminar - Abteilung Alte Geschichte of Ludwig-Maximilians-Universität München. The annotated edition is released under the Creative Commons Attribution Share-Alike license 3.0. Please cite this page as http://oracc.org/atae/P514244/.",
			"date_gen": "736 or 722-VII-01",
			"date_of_origin": "00.000.07.01",
			"day": "01",
			"designation": "StAT 3 024",
			"dialect": "Neo-Assyrian",
			"findspot_square": "N 03",
			"genre": "Legal Transaction",
			"language": "Akkadian",
			"last_mod_by": "Tushingham",
			"last_modified": "02.11.2021",
			"list_name": "atae/stat3:P514244",
			"long_date_gen": "Tašrītu 1st",
			"material": "clay",
			"month": "VII",
			"object_type": "tablet",
			"period": "Neo-Assyrian",
			"pleiades_id": "893945",
			"ruler": "Tiglath-pileser III or Sargon II",
			"script": "Neo-Assyrian",
			"script_remarks": "inscribed",
			"script_type": "Cuneiform",
			"subgenre": "debt note (copper)",
			"year": "736 or 722",
			"ch_no": "04",
			"ch_name": "Texte aus N 3",
			"ch_num_name": "04 (Texte aus N 3)"
		},
		"geometry": {
			"type": "Point",
			"coordinates": [43.262037,35.458121]
		}
	}, {
		"type": "Feature",
		"properties": {
			"project": "stat3",
			"id_text": "P514245",
			"primary_publication": "StAT 3 025",
			"museum_no": "VAT 10023",
			"provenience": "Qalat Sherqat (Assur)",
			"excavation_no": "Ass 21548e",
			"archive": "019 - N 03 Archive",
			"atae_attribution": "Based on Betina Faist, Alltagstexte aus neuassyrischen Archiven und Bibliotheken der Stadt Assur (Studien zu den Assur-Texten 3), 2007. Adapted, revised, lemmatized, and translated into English by Poppy Tushingham (2018-2020) for the Munich Open-access Cuneiform Corpus Initiative (MOCCI), which is funded by LMU Munich and the Alexander von Humboldt Foundation at the Historisches Seminar - Abteilung Alte Geschichte of Ludwig-Maximilians-Universität München. The annotated edition is released under the Creative Commons Attribution Share-Alike license 3.0.",
			"cite_as": "Please cite this page as http://oracc.org/atae/P514245/.",
			"collection": "Vorderasiatisches Museum, Berlin, Germany",
			"composite_witness": "witness",
			"credits": "Based on Betina Faist, Alltagstexte aus neuassyrischen Archiven und Bibliotheken der Stadt Assur (Studien zu den Assur-Texten 3), 2007. Adapted, revised, lemmatized, and translated into English by Poppy Tushingham (2018-2020) for the Munich Open-access Cuneiform Corpus Initiative (MOCCI), which is funded by LMU Munich and the Alexander von Humboldt Foundation at the Historisches Seminar - Abteilung Alte Geschichte of Ludwig-Maximilians-Universität München. The annotated edition is released under the Creative Commons Attribution Share-Alike license 3.0. Please cite this page as http://oracc.org/atae/P514245/.",
			"date_of_origin": "00.000.00.00",
			"designation": "StAT 3 025",
			"dialect": "Neo-Assyrian",
			"findspot_square": "N 03",
			"genre": "Administrative Record",
			"language": "Akkadian",
			"last_mod_by": "Tushingham",
			"last_modified": "02.11.2021",
			"list_name": "atae/stat3:P514245",
			"material": "clay",
			"object_type": "tablet",
			"period": "Neo-Assyrian",
			"pleiades_id": "893945",
			"script": "Neo-Assyrian",
			"script_remarks": "inscribed",
			"script_type": "Cuneiform",
			"subgenre": "receipt",
			"ch_no": "04",
			"ch_name": "Texte aus N 3",
			"ch_num_name": "04 (Texte aus N 3)"
		},
		"geometry": {
			"type": "Point",
			"coordinates": [43.262037,35.458121]
		}
	}, {
		"type": "Feature",
		"properties": {
			"project": "stat3",
			"id_text": "P514246",
			"primary_publication": "StAT 3 026",
			"museum_no": "VAT 10024",
			"provenience": "Qalat Sherqat (Assur)",
			"excavation_no": "Ass 21548h",
			"archive": "019 - N 03 Archive",
			"date": "694-VII-13",
			"atae_attribution": "Based on Betina Faist, Alltagstexte aus neuassyrischen Archiven und Bibliotheken der Stadt Assur (Studien zu den Assur-Texten 3), 2007. Adapted, revised, lemmatized, and translated into English by Poppy Tushingham (2018-2020) for the Munich Open-access Cuneiform Corpus Initiative (MOCCI), which is funded by LMU Munich and the Alexander von Humboldt Foundation at the Historisches Seminar - Abteilung Alte Geschichte of Ludwig-Maximilians-Universität München. The annotated edition is released under the Creative Commons Attribution Share-Alike license 3.0.",
			"cite_as": "Please cite this page as http://oracc.org/atae/P514246/.",
			"collection": "Vorderasiatisches Museum, Berlin, Germany",
			"composite_witness": "witness",
			"credits": "Based on Betina Faist, Alltagstexte aus neuassyrischen Archiven und Bibliotheken der Stadt Assur (Studien zu den Assur-Texten 3), 2007. Adapted, revised, lemmatized, and translated into English by Poppy Tushingham (2018-2020) for the Munich Open-access Cuneiform Corpus Initiative (MOCCI), which is funded by LMU Munich and the Alexander von Humboldt Foundation at the Historisches Seminar - Abteilung Alte Geschichte of Ludwig-Maximilians-Universität München. The annotated edition is released under the Creative Commons Attribution Share-Alike license 3.0. Please cite this page as http://oracc.org/atae/P514246/.",
			"date_gen": "694-VII-13",
			"date_of_origin": "Sennacherib.limu Ilu-ittiya.07.13",
			"day": "13",
			"designation": "StAT 3 026",
			"dialect": "Neo-Assyrian",
			"eponym": "Ilu-ittīya",
			"findspot_square": "N 03",
			"genre": "Legal Transaction",
			"language": "Akkadian",
			"last_mod_by": "Tushingham",
			"last_modified": "02.11.2021",
			"list_name": "atae/stat3:P514246",
			"long_date_gen": "Tašrītu 13th, eponymy of Ilu-ittīya",
			"material": "clay",
			"month": "VII",
			"object_type": "tablet",
			"period": "Neo-Assyrian",
			"pleiades_id": "893945",
			"regnal_dates": "704–681 BC",
			"ruler": "Sennacherib",
			"script": "Neo-Assyrian",
			"script_remarks": "inscribed",
			"script_type": "Cuneiform",
			"subgenre": "debt note (commercial partnership)",
			"year": "694",
			"ch_no": "04",
			"ch_name": "Texte aus N 3",
			"ch_num_name": "04 (Texte aus N 3)"
		},
		"geometry": {
			"type": "Point",
			"coordinates": [43.262037,35.458121]
		}
	}, {
		"type": "Feature",
		"properties": {
			"project": "stat3",
			"id_text": "P514247",
			"primary_publication": "StAT 3 027",
			"museum_no": "VAT 10049",
			"provenience": "Qalat Sherqat (Assur)",
			"excavation_no": "Ass 21548b",
			"archive": "019 - N 03 Archive",
			"date": "715-XII",
			"atae_attribution": "Based on Betina Faist, Alltagstexte aus neuassyrischen Archiven und Bibliotheken der Stadt Assur (Studien zu den Assur-Texten 3), 2007. Adapted, revised, lemmatized, and translated into English by Poppy Tushingham (2018-2020) for the Munich Open-access Cuneiform Corpus Initiative (MOCCI), which is funded by LMU Munich and the Alexander von Humboldt Foundation at the Historisches Seminar - Abteilung Alte Geschichte of Ludwig-Maximilians-Universität München. The annotated edition is released under the Creative Commons Attribution Share-Alike license 3.0.",
			"cite_as": "Please cite this page as http://oracc.org/atae/P514247/.",
			"collection": "Vorderasiatisches Museum, Berlin, Germany",
			"composite_witness": "witness",
			"credits": "Based on Betina Faist, Alltagstexte aus neuassyrischen Archiven und Bibliotheken der Stadt Assur (Studien zu den Assur-Texten 3), 2007. Adapted, revised, lemmatized, and translated into English by Poppy Tushingham (2018-2020) for the Munich Open-access Cuneiform Corpus Initiative (MOCCI), which is funded by LMU Munich and the Alexander von Humboldt Foundation at the Historisches Seminar - Abteilung Alte Geschichte of Ludwig-Maximilians-Universität München. The annotated edition is released under the Creative Commons Attribution Share-Alike license 3.0. Please cite this page as http://oracc.org/atae/P514247/.",
			"date_gen": "715-XII",
			"date_of_origin": "Sargon2.limu Taklak-ana-Bel.12.00",
			"designation": "StAT 3 027",
			"dialect": "Neo-Assyrian",
			"eponym": "Taklāk-ana-Bēl",
			"findspot_square": "N 03",
			"genre": "Legal Transaction",
			"language": "Akkadian",
			"last_mod_by": "Tushingham",
			"last_modified": "02.11.2021",
			"list_name": "atae/stat3:P514247",
			"long_date_gen": "Addaru , eponymy of Taklāk-ana-Bēl",
			"material": "clay",
			"month": "XII",
			"object_type": "tablet",
			"period": "Neo-Assyrian",
			"pleiades_id": "893945",
			"regnal_dates": "721–705 BC",
			"ruler": "Sargon II",
			"script": "Neo-Assyrian",
			"script_remarks": "inscribed",
			"script_type": "Cuneiform",
			"subgenre": "judicial document",
			"year": "715",
			"ch_no": "04",
			"ch_name": "Texte aus N 3",
			"ch_num_name": "04 (Texte aus N 3)"
		},
		"geometry": {
			"type": "Point",
			"coordinates": [43.262037,35.458121]
		}
	}, {
		"type": "Feature",
		"properties": {
			"project": "stat3",
			"id_text": "P514249",
			"primary_publication": "StAT 3 029",
			"museum_no": "VAT 15417",
			"provenience": "Qalat Sherqat (Assur)",
			"excavation_no": "Ass 22077Aa",
			"archive": "019 - N 03 Archive",
			"atae_attribution": "Based on Betina Faist, Alltagstexte aus neuassyrischen Archiven und Bibliotheken der Stadt Assur (Studien zu den Assur-Texten 3), 2007. Adapted, revised, lemmatized, and translated into English by Poppy Tushingham (2018-2020) for the Munich Open-access Cuneiform Corpus Initiative (MOCCI), which is funded by LMU Munich and the Alexander von Humboldt Foundation at the Historisches Seminar - Abteilung Alte Geschichte of Ludwig-Maximilians-Universität München. The annotated edition is released under the Creative Commons Attribution Share-Alike license 3.0.",
			"cite_as": "Please cite this page as http://oracc.org/atae/P514249/.",
			"collection": "Vorderasiatisches Museum, Berlin, Germany",
			"composite_witness": "witness",
			"credits": "Based on Betina Faist, Alltagstexte aus neuassyrischen Archiven und Bibliotheken der Stadt Assur (Studien zu den Assur-Texten 3), 2007. Adapted, revised, lemmatized, and translated into English by Poppy Tushingham (2018-2020) for the Munich Open-access Cuneiform Corpus Initiative (MOCCI), which is funded by LMU Munich and the Alexander von Humboldt Foundation at the Historisches Seminar - Abteilung Alte Geschichte of Ludwig-Maximilians-Universität München. The annotated edition is released under the Creative Commons Attribution Share-Alike license 3.0. Please cite this page as http://oracc.org/atae/P514249/.",
			"date_of_origin": "00.000.00.00",
			"designation": "StAT 3 029",
			"dialect": "Neo-Assyrian",
			"findspot_square": "N 03",
			"genre": "Legal Transaction",
			"has_date": "yes, but date completely destroyed",
			"language": "Akkadian",
			"last_mod_by": "Tushingham",
			"last_modified": "02.11.2021",
			"list_name": "atae/stat3:P514249",
			"material": "clay",
			"object_type": "tablet",
			"period": "Neo-Assyrian",
			"pleiades_id": "893945",
			"script": "Neo-Assyrian",
			"script_remarks": "inscribed",
			"script_type": "Cuneiform",
			"subgenre": "debt note (silver, grain)",
			"ch_no": "04",
			"ch_name": "Texte aus N 3",
			"ch_num_name": "04 (Texte aus N 3)"
		},
		"geometry": {
			"type": "Point",
			"coordinates": [43.262037,35.458121]
		}
	}, {
		"type": "Feature",
		"properties": {
			"project": "stat3",
			"id_text": "P514250",
			"primary_publication": "StAT 3 030",
			"museum_no": "VAT 21059",
			"provenience": "Qalat Sherqat (Assur)",
			"excavation_no": "Ass 21861f",
			"archive": "019 - N 03 Archive",
			"date": "634*-XII-02",
			"atae_attribution": "Based on Betina Faist, Alltagstexte aus neuassyrischen Archiven und Bibliotheken der Stadt Assur (Studien zu den Assur-Texten 3), 2007. Adapted, revised, lemmatized, and translated into English by Poppy Tushingham (2018-2020) for the Munich Open-access Cuneiform Corpus Initiative (MOCCI), which is funded by LMU Munich and the Alexander von Humboldt Foundation at the Historisches Seminar - Abteilung Alte Geschichte of Ludwig-Maximilians-Universität München. The annotated edition is released under the Creative Commons Attribution Share-Alike license 3.0.",
			"cite_as": "Please cite this page as http://oracc.org/atae/P514250/.",
			"collection": "Vorderasiatisches Museum, Berlin, Germany",
			"composite_witness": "witness",
			"credits": "Based on Betina Faist, Alltagstexte aus neuassyrischen Archiven und Bibliotheken der Stadt Assur (Studien zu den Assur-Texten 3), 2007. Adapted, revised, lemmatized, and translated into English by Poppy Tushingham (2018-2020) for the Munich Open-access Cuneiform Corpus Initiative (MOCCI), which is funded by LMU Munich and the Alexander von Humboldt Foundation at the Historisches Seminar - Abteilung Alte Geschichte of Ludwig-Maximilians-Universität München. The annotated edition is released under the Creative Commons Attribution Share-Alike license 3.0. Please cite this page as http://oracc.org/atae/P514250/.",
			"date_gen": "634*-XII-02",
			"date_of_origin": "Assurbanipal.limu Bullutu.12.02",
			"day": "02",
			"designation": "StAT 3 030",
			"dialect": "Neo-Assyrian",
			"eponym": "Bulluṭu",
			"findspot_square": "N 03",
			"genre": "Administrative Record",
			"language": "Akkadian",
			"last_mod_by": "Tushingham",
			"last_modified": "02.11.2021",
			"list_name": "atae/stat3:P514250",
			"long_date_gen": "Addaru 2nd, eponymy of Bulluṭu",
			"material": "clay",
			"month": "XII",
			"object_type": "tablet",
			"period": "Neo-Assyrian",
			"pleiades_id": "893945",
			"regnal_dates": "668–ca. 631 BC",
			"ruler": "Ashurbanipal",
			"script": "Neo-Assyrian",
			"script_remarks": "inscribed",
			"script_type": "Cuneiform",
			"subgenre": "receipt",
			"year": "634*",
			"ch_no": "04",
			"ch_name": "Texte aus N 3",
			"ch_num_name": "04 (Texte aus N 3)"
		},
		"geometry": {
			"type": "Point",
			"coordinates": [43.262037,35.458121]
		}
	}, {
		"type": "Feature",
		"properties": {
			"project": "stat3",
			"id_text": "P514251",
			"primary_publication": "StAT 3 031",
			"museum_no": "VAT 21063",
			"provenience": "Qalat Sherqat (Assur)",
			"excavation_no": "Ass 21623Ad",
			"archive": "019 - N 03 Archive",
			"date": "III-05",
			"atae_attribution": "Based on Betina Faist, Alltagstexte aus neuassyrischen Archiven und Bibliotheken der Stadt Assur (Studien zu den Assur-Texten 3), 2007. Adapted, revised, lemmatized, and translated into English by Poppy Tushingham (2018-2020) for the Munich Open-access Cuneiform Corpus Initiative (MOCCI), which is funded by LMU Munich and the Alexander von Humboldt Foundation at the Historisches Seminar - Abteilung Alte Geschichte of Ludwig-Maximilians-Universität München. The annotated edition is released under the Creative Commons Attribution Share-Alike license 3.0.",
			"cite_as": "Please cite this page as http://oracc.org/atae/P514251/.",
			"collection": "Vorderasiatisches Museum, Berlin, Germany",
			"composite_witness": "witness",
			"credits": "Based on Betina Faist, Alltagstexte aus neuassyrischen Archiven und Bibliotheken der Stadt Assur (Studien zu den Assur-Texten 3), 2007. Adapted, revised, lemmatized, and translated into English by Poppy Tushingham (2018-2020) for the Munich Open-access Cuneiform Corpus Initiative (MOCCI), which is funded by LMU Munich and the Alexander von Humboldt Foundation at the Historisches Seminar - Abteilung Alte Geschichte of Ludwig-Maximilians-Universität München. The annotated edition is released under the Creative Commons Attribution Share-Alike license 3.0. Please cite this page as http://oracc.org/atae/P514251/.",
			"date_gen": "III-05",
			"date_of_origin": "00.000.03.05",
			"day": "05",
			"designation": "StAT 3 031",
			"dialect": "Neo-Assyrian",
			"findspot_square": "N 03",
			"genre": "Legal Transaction",
			"language": "Akkadian",
			"last_mod_by": "Tushingham",
			"last_modified": "02.11.2021",
			"list_name": "atae/stat3:P514251",
			"long_date_gen": "Simānu 5th",
			"material": "clay",
			"month": "III",
			"object_type": "tablet",
			"period": "Neo-Assyrian",
			"pleiades_id": "893945",
			"script": "Neo-Assyrian",
			"script_remarks": "inscribed",
			"script_type": "Cuneiform",
			"subgenre": "judicial document",
			"ch_no": "04",
			"ch_name": "Texte aus N 3",
			"ch_num_name": "04 (Texte aus N 3)"
		},
		"geometry": {
			"type": "Point",
			"coordinates": [43.262037,35.458121]
		}
	}, {
		"type": "Feature",
		"properties": {
			"project": "stat3",
			"id_text": "P514252",
			"primary_publication": "StAT 3 032",
			"museum_no": "VAT 09763",
			"provenience": "Qalat Sherqat (Assur)",
			"excavation_no": "Ass 01408",
			"archive": "016 - N 05 Archive",
			"date": "708-I-06",
			"atae_attribution": "Based on Betina Faist, Alltagstexte aus neuassyrischen Archiven und Bibliotheken der Stadt Assur (Studien zu den Assur-Texten 3), 2007. Adapted, revised, lemmatized, and translated into English by Poppy Tushingham (2018-2020) for the Munich Open-access Cuneiform Corpus Initiative (MOCCI), which is funded by LMU Munich and the Alexander von Humboldt Foundation at the Historisches Seminar - Abteilung Alte Geschichte of Ludwig-Maximilians-Universität München. The annotated edition is released under the Creative Commons Attribution Share-Alike license 3.0.",
			"cite_as": "Please cite this page as http://oracc.org/atae/P514252/.",
			"collection": "Vorderasiatisches Museum, Berlin, Germany",
			"composite_witness": "witness",
			"credits": "Based on Betina Faist, Alltagstexte aus neuassyrischen Archiven und Bibliotheken der Stadt Assur (Studien zu den Assur-Texten 3), 2007. Adapted, revised, lemmatized, and translated into English by Poppy Tushingham (2018-2020) for the Munich Open-access Cuneiform Corpus Initiative (MOCCI), which is funded by LMU Munich and the Alexander von Humboldt Foundation at the Historisches Seminar - Abteilung Alte Geschichte of Ludwig-Maximilians-Universität München. The annotated edition is released under the Creative Commons Attribution Share-Alike license 3.0. Please cite this page as http://oracc.org/atae/P514252/.",
			"date_gen": "708-I-06",
			"date_of_origin": "Sargon2.limu Shamash-upahhir.01.06",
			"day": "06",
			"designation": "StAT 3 032",
			"dialect": "Neo-Assyrian",
			"eponym": "Šamaš-upahhir",
			"findspot_square": "N 05",
			"genre": "Legal Transaction",
			"language": "Akkadian",
			"last_mod_by": "Tushingham",
			"last_modified": "02.11.2021",
			"list_name": "atae/stat3:P514252",
			"long_date_gen": "Nisannu 6th, eponymy of Šamaš-upahhir",
			"material": "clay",
			"month": "I",
			"object_type": "tablet",
			"period": "Neo-Assyrian",
			"pleiades_id": "893945",
			"regnal_dates": "721–705 BC",
			"ruler": "Sargon II",
			"script": "Neo-Assyrian",
			"script_remarks": "inscribed",
			"script_type": "Cuneiform",
			"subgenre": "sales document (field)",
			"year": "708",
			"ch_no": "05",
			"ch_name": "Texte aus N 5",
			"ch_num_name": "05 (Texte aus N 5)"
		},
		"geometry": {
			"type": "Point",
			"coordinates": [43.262037,35.458121]
		}
	}, {
		"type": "Feature",
		"properties": {
			"project": "stat3",
			"id_text": "P514253",
			"primary_publication": "StAT 3 033",
			"museum_no": "VAT 09995",
			"provenience": "Qalat Sherqat (Assur)",
			"excavation_no": "Ass 01288",
			"archive": "016 - N 05 Archive",
			"date": "658-III-20",
			"atae_attribution": "Based on Betina Faist, Alltagstexte aus neuassyrischen Archiven und Bibliotheken der Stadt Assur (Studien zu den Assur-Texten 3), 2007. Adapted, revised, lemmatized, and translated into English by Poppy Tushingham (2018-2020) for the Munich Open-access Cuneiform Corpus Initiative (MOCCI), which is funded by LMU Munich and the Alexander von Humboldt Foundation at the Historisches Seminar - Abteilung Alte Geschichte of Ludwig-Maximilians-Universität München. The annotated edition is released under the Creative Commons Attribution Share-Alike license 3.0.",
			"cite_as": "Please cite this page as http://oracc.org/atae/P514253/.",
			"collection": "Vorderasiatisches Museum, Berlin, Germany",
			"composite_witness": "witness",
			"credits": "Based on Betina Faist, Alltagstexte aus neuassyrischen Archiven und Bibliotheken der Stadt Assur (Studien zu den Assur-Texten 3), 2007. Adapted, revised, lemmatized, and translated into English by Poppy Tushingham (2018-2020) for the Munich Open-access Cuneiform Corpus Initiative (MOCCI), which is funded by LMU Munich and the Alexander von Humboldt Foundation at the Historisches Seminar - Abteilung Alte Geschichte of Ludwig-Maximilians-Universität München. The annotated edition is released under the Creative Commons Attribution Share-Alike license 3.0. Please cite this page as http://oracc.org/atae/P514253/.",
			"date_gen": "658-III-20",
			"date_of_origin": "Assurbanipal.limu Sha-Nabu-shu.03.20",
			"day": "20",
			"designation": "StAT 3 033",
			"dialect": "Neo-Assyrian",
			"eponym": "Ša-Nabû-šû",
			"findspot_square": "N 05",
			"genre": "Legal Transaction",
			"language": "Akkadian",
			"last_mod_by": "Tushingham",
			"last_modified": "02.11.2021",
			"list_name": "atae/stat3:P514253",
			"long_date_gen": "Simānu 20th, eponymy of Ša-Nabû-šû",
			"material": "clay",
			"month": "III",
			"object_type": "tablet",
			"period": "Neo-Assyrian",
			"pleiades_id": "893945",
			"regnal_dates": "668–ca. 631 BC",
			"ruler": "Ashurbanipal",
			"script": "Neo-Assyrian",
			"script_remarks": "inscribed",
			"script_type": "Cuneiform",
			"subgenre": "judicial document",
			"year": "658",
			"ch_no": "05",
			"ch_name": "Texte aus N 5",
			"ch_num_name": "05 (Texte aus N 5)"
		},
		"geometry": {
			"type": "Point",
			"coordinates": [43.262037,35.458121]
		}
	}, {
		"type": "Feature",
		"properties": {
			"project": "stat3",
			"id_text": "P514254",
			"primary_publication": "StAT 3 034",
			"museum_no": "VAT 10020",
			"provenience": "Qalat Sherqat (Assur)",
			"excavation_no": "Ass 15426s",
			"archive": "021 - N 06 Archive",
			"date": "617*-[...]-[...]",
			"atae_attribution": "Based on Betina Faist, Alltagstexte aus neuassyrischen Archiven und Bibliotheken der Stadt Assur (Studien zu den Assur-Texten 3), 2007. Adapted, revised, lemmatized, and translated into English by Poppy Tushingham (2018-2020) for the Munich Open-access Cuneiform Corpus Initiative (MOCCI), which is funded by LMU Munich and the Alexander von Humboldt Foundation at the Historisches Seminar - Abteilung Alte Geschichte of Ludwig-Maximilians-Universität München. The annotated edition is released under the Creative Commons Attribution Share-Alike license 3.0.",
			"cite_as": "Please cite this page as http://oracc.org/atae/P514254/.",
			"collection": "Vorderasiatisches Museum, Berlin, Germany",
			"composite_witness": "witness",
			"credits": "Based on Betina Faist, Alltagstexte aus neuassyrischen Archiven und Bibliotheken der Stadt Assur (Studien zu den Assur-Texten 3), 2007. Adapted, revised, lemmatized, and translated into English by Poppy Tushingham (2018-2020) for the Munich Open-access Cuneiform Corpus Initiative (MOCCI), which is funded by LMU Munich and the Alexander von Humboldt Foundation at the Historisches Seminar - Abteilung Alte Geschichte of Ludwig-Maximilians-Universität München. The annotated edition is released under the Creative Commons Attribution Share-Alike license 3.0. Please cite this page as http://oracc.org/atae/P514254/.",
			"date_gen": "617*-[...]-[...]",
			"date_of_origin": "Sin-sharru-ishkun.limu Assur-remanni.00.00",
			"day": "[...]",
			"designation": "StAT 3 034",
			"dialect": "Neo-Assyrian",
			"eponym": "Aššur-rēmanni",
			"findspot_square": "N 06",
			"genre": "Administrative Record",
			"language": "Akkadian",
			"last_mod_by": "Tushingham",
			"last_modified": "02.11.2021",
			"list_name": "atae/stat3:P514254",
			"long_date_gen": "... ...th, eponymy of Aššur-rēmanni",
			"material": "clay",
			"month": "[...]",
			"object_type": "tablet",
			"period": "Neo-Assyrian",
			"pleiades_id": "893945",
			"regnal_dates": "ca. 626–612 BC",
			"ruler": "Sîn-šarru-iškun",
			"script": "Neo-Assyrian",
			"script_remarks": "inscribed",
			"script_type": "Cuneiform",
			"subgenre": "memorandum",
			"year": "617*",
			"ch_no": "06",
			"ch_name": "Text aus N 6",
			"ch_num_name": "06 (Text aus N 6)"
		},
		"geometry": {
			"type": "Point",
			"coordinates": [43.262037,35.458121]
		}
	}, {
		"type": "Feature",
		"properties": {
			"project": "stat3",
			"id_text": "P514255",
			"primary_publication": "StAT 3 035",
			"museum_no": "VAT 19492",
			"provenience": "Qalat Sherqat (Assur)",
			"excavation_no": "Ass 11600d",
			"archive": "022 - N 07 Archive",
			"atae_attribution": "Based on Betina Faist, Alltagstexte aus neuassyrischen Archiven und Bibliotheken der Stadt Assur (Studien zu den Assur-Texten 3), 2007. Adapted, revised, lemmatized, and translated into English by Poppy Tushingham (2018-2020) for the Munich Open-access Cuneiform Corpus Initiative (MOCCI), which is funded by LMU Munich and the Alexander von Humboldt Foundation at the Historisches Seminar - Abteilung Alte Geschichte of Ludwig-Maximilians-Universität München. The annotated edition is released under the Creative Commons Attribution Share-Alike license 3.0.",
			"cite_as": "Please cite this page as http://oracc.org/atae/P514255/.",
			"collection": "Vorderasiatisches Museum, Berlin, Germany",
			"composite_witness": "witness",
			"credits": "Based on Betina Faist, Alltagstexte aus neuassyrischen Archiven und Bibliotheken der Stadt Assur (Studien zu den Assur-Texten 3), 2007. Adapted, revised, lemmatized, and translated into English by Poppy Tushingham (2018-2020) for the Munich Open-access Cuneiform Corpus Initiative (MOCCI), which is funded by LMU Munich and the Alexander von Humboldt Foundation at the Historisches Seminar - Abteilung Alte Geschichte of Ludwig-Maximilians-Universität München. The annotated edition is released under the Creative Commons Attribution Share-Alike license 3.0. Please cite this page as http://oracc.org/atae/P514255/.",
			"date_of_origin": "00.000.00.00",
			"designation": "StAT 3 035",
			"dialect": "Neo-Assyrian",
			"findspot_square": "N 07",
			"genre": "Administrative Record",
			"language": "Akkadian",
			"last_mod_by": "Tushingham",
			"last_modified": "02.11.2021",
			"list_name": "atae/stat3:P514255",
			"material": "clay",
			"object_type": "tablet",
			"period": "Neo-Assyrian",
			"pleiades_id": "893945",
			"script": "Neo-Assyrian",
			"script_remarks": "inscribed",
			"script_type": "Cuneiform",
			"subgenre": "list (grain)",
			"ch_no": "07",
			"ch_name": "Text aus N 7",
			"ch_num_name": "07 (Text aus N 7)"
		},
		"geometry": {
			"type": "Point",
			"coordinates": [43.262037,35.458121]
		}
	}, {
		"type": "Feature",
		"properties": {
			"project": "stat3",
			"id_text": "P514256",
			"primary_publication": "StAT 3 036",
			"museum_no": "VAT 08717",
			"provenience": "Qalat Sherqat (Assur)",
			"excavation_no": "Ass 14933c",
			"archive": "023 - N 08 Archive",
			"date": "717-XI-01",
			"atae_attribution": "Based on Betina Faist, Alltagstexte aus neuassyrischen Archiven und Bibliotheken der Stadt Assur (Studien zu den Assur-Texten 3), 2007. Adapted, revised, lemmatized, and translated into English by Poppy Tushingham (2018-2020) for the Munich Open-access Cuneiform Corpus Initiative (MOCCI), which is funded by LMU Munich and the Alexander von Humboldt Foundation at the Historisches Seminar - Abteilung Alte Geschichte of Ludwig-Maximilians-Universität München. The annotated edition is released under the Creative Commons Attribution Share-Alike license 3.0.",
			"cite_as": "Please cite this page as http://oracc.org/atae/P514256/.",
			"collection": "Vorderasiatisches Museum, Berlin, Germany",
			"composite_witness": "witness",
			"credits": "Based on Betina Faist, Alltagstexte aus neuassyrischen Archiven und Bibliotheken der Stadt Assur (Studien zu den Assur-Texten 3), 2007. Adapted, revised, lemmatized, and translated into English by Poppy Tushingham (2018-2020) for the Munich Open-access Cuneiform Corpus Initiative (MOCCI), which is funded by LMU Munich and the Alexander von Humboldt Foundation at the Historisches Seminar - Abteilung Alte Geschichte of Ludwig-Maximilians-Universität München. The annotated edition is released under the Creative Commons Attribution Share-Alike license 3.0. Please cite this page as http://oracc.org/atae/P514256/.",
			"date_gen": "717-XI-01",
			"date_of_origin": "Sargon2.limu Tab-shar-Assur.11.01",
			"day": "01",
			"designation": "StAT 3 036",
			"dialect": "Neo-Assyrian",
			"eponym": "Ṭāb-šār-Aššur",
			"findspot_square": "N 08",
			"genre": "Legal Transaction",
			"language": "Akkadian",
			"last_mod_by": "Tushingham",
			"last_modified": "02.11.2021",
			"list_name": "atae/stat3:P514256",
			"long_date_gen": "Šabāṭu 1st, eponymy of Ṭāb-šār-Aššur",
			"material": "clay",
			"month": "XI",
			"object_type": "tablet",
			"period": "Neo-Assyrian",
			"pleiades_id": "893945",
			"regnal_dates": "721–705 BC",
			"ruler": "Sargon II",
			"script": "Neo-Assyrian",
			"script_remarks": "inscribed",
			"script_type": "Cuneiform",
			"subgenre": "sales document (person)",
			"year": "717",
			"ch_no": "08",
			"ch_name": "Text aus N 8",
			"ch_num_name": "08 (Text aus N 8)"
		},
		"geometry": {
			"type": "Point",
			"coordinates": [43.262037,35.458121]
		}
	}, {
		"type": "Feature",
		"properties": {
			"project": "stat3",
			"id_text": "P514257",
			"primary_publication": "StAT 3 037",
			"museum_no": "VAT 09314",
			"provenience": "Qalat Sherqat (Assur)",
			"excavation_no": "Ass 11634d",
			"archive": "042 - N 27 Archive",
			"date": "615*-VI-15",
			"atae_attribution": "Based on Betina Faist, Alltagstexte aus neuassyrischen Archiven und Bibliotheken der Stadt Assur (Studien zu den Assur-Texten 3), 2007. Adapted, revised, lemmatized, and translated into English by Poppy Tushingham (2018-2020) for the Munich Open-access Cuneiform Corpus Initiative (MOCCI), which is funded by LMU Munich and the Alexander von Humboldt Foundation at the Historisches Seminar - Abteilung Alte Geschichte of Ludwig-Maximilians-Universität München. The annotated edition is released under the Creative Commons Attribution Share-Alike license 3.0.",
			"cite_as": "Please cite this page as http://oracc.org/atae/P514257/.",
			"collection": "Vorderasiatisches Museum, Berlin, Germany",
			"composite_witness": "witness",
			"credits": "Based on Betina Faist, Alltagstexte aus neuassyrischen Archiven und Bibliotheken der Stadt Assur (Studien zu den Assur-Texten 3), 2007. Adapted, revised, lemmatized, and translated into English by Poppy Tushingham (2018-2020) for the Munich Open-access Cuneiform Corpus Initiative (MOCCI), which is funded by LMU Munich and the Alexander von Humboldt Foundation at the Historisches Seminar - Abteilung Alte Geschichte of Ludwig-Maximilians-Universität München. The annotated edition is released under the Creative Commons Attribution Share-Alike license 3.0. Please cite this page as http://oracc.org/atae/P514257/.",
			"date_gen": "615*-VI-15",
			"date_of_origin": "Sin-sharru-ishkun.limu Sin-alik-pani.06.15",
			"day": "15",
			"designation": "StAT 3 037",
			"dialect": "Neo-Assyrian",
			"eponym": "Sîn-ālik-pāni",
			"findspot_square": "N 27",
			"genre": "Legal Transaction",
			"language": "Akkadian",
			"last_mod_by": "Tushingham",
			"last_modified": "02.11.2021",
			"list_name": "atae/stat3:P514257",
			"long_date_gen": "Ulūlu 15th, eponymy of Sîn-ālik-pāni",
			"material": "clay",
			"month": "VI",
			"object_type": "tablet",
			"period": "Neo-Assyrian",
			"pleiades_id": "893945",
			"regnal_dates": "ca. 626–612 BC",
			"ruler": "Sîn-šarru-iškun",
			"script": "Neo-Assyrian",
			"script_remarks": "inscribed",
			"script_type": "Cuneiform",
			"subgenre": "judicial document",
			"year": "615*",
			"ch_no": "09",
			"ch_name": "Texte aus N 27",
			"ch_num_name": "09 (Texte aus N 27)"
		},
		"geometry": {
			"type": "Point",
			"coordinates": [43.262037,35.458121]
		}
	}, {
		"type": "Feature",
		"properties": {
			"project": "stat3",
			"id_text": "P514258",
			"primary_publication": "StAT 3 038 &amp; 039",
			"museum_no": "VAT 09317",
			"provenience": "Qalat Sherqat (Assur)",
			"excavation_no": "Ass 11634m",
			"archive": "042 - N 27 Archive",
			"date": "647*-XII-01",
			"atae_attribution": "Based on Betina Faist, Alltagstexte aus neuassyrischen Archiven und Bibliotheken der Stadt Assur (Studien zu den Assur-Texten 3), 2007. Adapted, revised, lemmatized, and translated into English by Poppy Tushingham (2018-2020) for the Munich Open-access Cuneiform Corpus Initiative (MOCCI), which is funded by LMU Munich and the Alexander von Humboldt Foundation at the Historisches Seminar - Abteilung Alte Geschichte of Ludwig-Maximilians-Universität München. The annotated edition is released under the Creative Commons Attribution Share-Alike license 3.0.",
			"cite_as": "Please cite this page as http://oracc.org/atae/P514258/.",
			"collection": "Vorderasiatisches Museum, Berlin, Germany",
			"composite_witness": "witness",
			"credits": "Based on Betina Faist, Alltagstexte aus neuassyrischen Archiven und Bibliotheken der Stadt Assur (Studien zu den Assur-Texten 3), 2007. Adapted, revised, lemmatized, and translated into English by Poppy Tushingham (2018-2020) for the Munich Open-access Cuneiform Corpus Initiative (MOCCI), which is funded by LMU Munich and the Alexander von Humboldt Foundation at the Historisches Seminar - Abteilung Alte Geschichte of Ludwig-Maximilians-Universität München. The annotated edition is released under the Creative Commons Attribution Share-Alike license 3.0. Please cite this page as http://oracc.org/atae/P514258/.",
			"date_gen": "647*-XII-01",
			"date_of_origin": "Assurbanipal.limu Nabu-nadin-ahi.12.01",
			"day": "01",
			"designation": "StAT 3 038 &amp; 039",
			"dialect": "Neo-Assyrian",
			"eponym": "Nabû-nādin-ahi",
			"findspot_square": "N 27",
			"genre": "Legal Transaction",
			"language": "Akkadian",
			"last_mod_by": "Tushingham",
			"last_modified": "02.11.2021",
			"list_name": "atae/stat3:P514258",
			"long_date_gen": "Addaru 1st, eponymy of Nabû-nādin-ahi",
			"material": "clay",
			"month": "XII",
			"object_type": "tablet, envelope",
			"period": "Neo-Assyrian",
			"pleiades_id": "893945",
			"regnal_dates": "668–ca. 631 BC",
			"ruler": "Ashurbanipal",
			"script": "Neo-Assyrian",
			"script_remarks": "inscribed",
			"script_type": "Cuneiform",
			"subgenre": "debt note (straw)",
			"year": "647*",
			"ch_no": "09",
			"ch_name": "Texte aus N 27",
			"ch_num_name": "09 (Texte aus N 27)"
		},
		"geometry": {
			"type": "Point",
			"coordinates": [43.262037,35.458121]
		}
	}, {
		"type": "Feature",
		"properties": {
			"project": "stat3",
			"id_text": "P514259",
			"primary_publication": "StAT 3 040",
			"museum_no": "VAT 09318",
			"provenience": "Qalat Sherqat (Assur)",
			"excavation_no": "Ass 11634p",
			"archive": "042 - N 27 Archive",
			"date": "618*-X-[...]",
			"atae_attribution": "Based on Betina Faist, Alltagstexte aus neuassyrischen Archiven und Bibliotheken der Stadt Assur (Studien zu den Assur-Texten 3), 2007. Adapted, revised, lemmatized, and translated into English by Poppy Tushingham (2018-2020) for the Munich Open-access Cuneiform Corpus Initiative (MOCCI), which is funded by LMU Munich and the Alexander von Humboldt Foundation at the Historisches Seminar - Abteilung Alte Geschichte of Ludwig-Maximilians-Universität München. The annotated edition is released under the Creative Commons Attribution Share-Alike license 3.0.",
			"cite_as": "Please cite this page as http://oracc.org/atae/P514259/.",
			"collection": "Vorderasiatisches Museum, Berlin, Germany",
			"composite_witness": "witness",
			"credits": "Based on Betina Faist, Alltagstexte aus neuassyrischen Archiven und Bibliotheken der Stadt Assur (Studien zu den Assur-Texten 3), 2007. Adapted, revised, lemmatized, and translated into English by Poppy Tushingham (2018-2020) for the Munich Open-access Cuneiform Corpus Initiative (MOCCI), which is funded by LMU Munich and the Alexander von Humboldt Foundation at the Historisches Seminar - Abteilung Alte Geschichte of Ludwig-Maximilians-Universität München. The annotated edition is released under the Creative Commons Attribution Share-Alike license 3.0. Please cite this page as http://oracc.org/atae/P514259/.",
			"date_gen": "618*-X-[...]",
			"date_of_origin": "Sin-sharru-ishkun.limu Nabu-sagibi.10.00",
			"day": "[...]",
			"designation": "StAT 3 040",
			"dialect": "Neo-Assyrian",
			"eponym": "Nabû-sagībi",
			"findspot_square": "N 27",
			"genre": "Legal Transaction",
			"language": "Akkadian",
			"last_mod_by": "Tushingham",
			"last_modified": "02.11.2021",
			"list_name": "atae/stat3:P514259",
			"long_date_gen": "Kanūnu ...th, eponymy of Nabû-sagībi",
			"material": "clay",
			"month": "X",
			"object_type": "bulla",
			"period": "Neo-Assyrian",
			"pleiades_id": "893945",
			"regnal_dates": "ca. 626–612 BC",
			"ruler": "Sîn-šarru-iškun",
			"script": "Neo-Assyrian",
			"script_remarks": "inscribed",
			"script_type": "Cuneiform",
			"subgenre": "debt note (barley); pledge",
			"year": "618*",
			"ch_no": "09",
			"ch_name": "Texte aus N 27",
			"ch_num_name": "09 (Texte aus N 27)"
		},
		"geometry": {
			"type": "Point",
			"coordinates": [43.262037,35.458121]
		}
	}, {
		"type": "Feature",
		"properties": {
			"project": "stat3",
			"id_text": "P514260",
			"primary_publication": "StAT 3 041",
			"museum_no": "VAT 09319",
			"provenience": "Qalat Sherqat (Assur)",
			"excavation_no": "Ass 11634h",
			"archive": "042 - N 27 Archive",
			"date": "618*-VIII-07",
			"atae_attribution": "Based on Betina Faist, Alltagstexte aus neuassyrischen Archiven und Bibliotheken der Stadt Assur (Studien zu den Assur-Texten 3), 2007. Adapted, revised, lemmatized, and translated into English by Poppy Tushingham (2018-2020) for the Munich Open-access Cuneiform Corpus Initiative (MOCCI), which is funded by LMU Munich and the Alexander von Humboldt Foundation at the Historisches Seminar - Abteilung Alte Geschichte of Ludwig-Maximilians-Universität München. The annotated edition is released under the Creative Commons Attribution Share-Alike license 3.0.",
			"cite_as": "Please cite this page as http://oracc.org/atae/P514260/.",
			"collection": "Vorderasiatisches Museum, Berlin, Germany",
			"composite_witness": "witness",
			"credits": "Based on Betina Faist, Alltagstexte aus neuassyrischen Archiven und Bibliotheken der Stadt Assur (Studien zu den Assur-Texten 3), 2007. Adapted, revised, lemmatized, and translated into English by Poppy Tushingham (2018-2020) for the Munich Open-access Cuneiform Corpus Initiative (MOCCI), which is funded by LMU Munich and the Alexander von Humboldt Foundation at the Historisches Seminar - Abteilung Alte Geschichte of Ludwig-Maximilians-Universität München. The annotated edition is released under the Creative Commons Attribution Share-Alike license 3.0. Please cite this page as http://oracc.org/atae/P514260/.",
			"date_gen": "618*-VIII-07",
			"date_of_origin": "Sin-sharru-ishkun.limu Nabu-sagibi.08.07",
			"day": "07",
			"designation": "StAT 3 041",
			"dialect": "Neo-Assyrian",
			"eponym": "Nabû-sagībi",
			"findspot_square": "N 27",
			"genre": "Legal Transaction",
			"language": "Akkadian",
			"last_mod_by": "Tushingham",
			"last_modified": "02.11.2021",
			"list_name": "atae/stat3:P514260",
			"long_date_gen": "Arahsamna 7th, eponymy of Nabû-sagībi",
			"material": "clay",
			"month": "VIII",
			"object_type": "tablet",
			"period": "Neo-Assyrian",
			"pleiades_id": "893945",
			"regnal_dates": "ca. 626–612 BC",
			"ruler": "Sîn-šarru-iškun",
			"script": "Neo-Assyrian",
			"script_remarks": "inscribed",
			"script_type": "Cuneiform",
			"subgenre": "debt note (silver)",
			"year": "618*",
			"ch_no": "09",
			"ch_name": "Texte aus N 27",
			"ch_num_name": "09 (Texte aus N 27)"
		},
		"geometry": {
			"type": "Point",
			"coordinates": [43.262037,35.458121]
		}
	}, {
		"type": "Feature",
		"properties": {
			"project": "stat3",
			"id_text": "P514261",
			"primary_publication": "StAT 3 042",
			"museum_no": "VAT 15529",
			"provenience": "Qalat Sherqat (Assur)",
			"excavation_no": "Ass 11634h",
			"archive": "042 - N 27 Archive",
			"date": "618*-VIII-07",
			"atae_attribution": "Based on Betina Faist, Alltagstexte aus neuassyrischen Archiven und Bibliotheken der Stadt Assur (Studien zu den Assur-Texten 3), 2007. Adapted, revised, lemmatized, and translated into English by Poppy Tushingham (2018-2020) for the Munich Open-access Cuneiform Corpus Initiative (MOCCI), which is funded by LMU Munich and the Alexander von Humboldt Foundation at the Historisches Seminar - Abteilung Alte Geschichte of Ludwig-Maximilians-Universität München. The annotated edition is released under the Creative Commons Attribution Share-Alike license 3.0.",
			"cite_as": "Please cite this page as http://oracc.org/atae/P514261/.",
			"collection": "Vorderasiatisches Museum, Berlin, Germany",
			"composite_witness": "witness",
			"credits": "Based on Betina Faist, Alltagstexte aus neuassyrischen Archiven und Bibliotheken der Stadt Assur (Studien zu den Assur-Texten 3), 2007. Adapted, revised, lemmatized, and translated into English by Poppy Tushingham (2018-2020) for the Munich Open-access Cuneiform Corpus Initiative (MOCCI), which is funded by LMU Munich and the Alexander von Humboldt Foundation at the Historisches Seminar - Abteilung Alte Geschichte of Ludwig-Maximilians-Universität München. The annotated edition is released under the Creative Commons Attribution Share-Alike license 3.0. Please cite this page as http://oracc.org/atae/P514261/.",
			"date_gen": "618*-VIII-07",
			"date_of_origin": "Sin-sharru-ishkun.limu Nabu-sagibi.08.07",
			"day": "07",
			"designation": "StAT 3 042",
			"dialect": "Neo-Assyrian",
			"eponym": "Nabû-sagībi",
			"findspot_square": "N 27",
			"genre": "Legal Transaction",
			"language": "Akkadian",
			"last_mod_by": "Tushingham",
			"last_modified": "02.11.2021",
			"list_name": "atae/stat3:P514261",
			"long_date_gen": "Arahsamna 7th, eponymy of Nabû-sagībi",
			"material": "clay",
			"month": "VIII",
			"object_type": "tablet",
			"period": "Neo-Assyrian",
			"pleiades_id": "893945",
			"regnal_dates": "ca. 626–612 BC",
			"ruler": "Sîn-šarru-iškun",
			"script": "Neo-Assyrian",
			"script_remarks": "inscribed",
			"script_type": "Cuneiform",
			"subgenre": "debt note (silver)",
			"year": "618*",
			"ch_no": "09",
			"ch_name": "Texte aus N 27",
			"ch_num_name": "09 (Texte aus N 27)"
		},
		"geometry": {
			"type": "Point",
			"coordinates": [43.262037,35.458121]
		}
	}, {
		"type": "Feature",
		"properties": {
			"project": "stat3",
			"id_text": "P514262",
			"primary_publication": "StAT 3 043",
			"museum_no": "VAT 09331",
			"provenience": "Qalat Sherqat (Assur)",
			"excavation_no": "Ass 11634r",
			"archive": "042 - N 27 Archive",
			"date": "630*-I-[...]",
			"atae_attribution": "Based on Betina Faist, Alltagstexte aus neuassyrischen Archiven und Bibliotheken der Stadt Assur (Studien zu den Assur-Texten 3), 2007. Adapted, revised, lemmatized, and translated into English by Poppy Tushingham (2018-2020) for the Munich Open-access Cuneiform Corpus Initiative (MOCCI), which is funded by LMU Munich and the Alexander von Humboldt Foundation at the Historisches Seminar - Abteilung Alte Geschichte of Ludwig-Maximilians-Universität München. The annotated edition is released under the Creative Commons Attribution Share-Alike license 3.0.",
			"cite_as": "Please cite this page as http://oracc.org/atae/P514262/.",
			"collection": "Vorderasiatisches Museum, Berlin, Germany",
			"composite_witness": "witness",
			"credits": "Based on Betina Faist, Alltagstexte aus neuassyrischen Archiven und Bibliotheken der Stadt Assur (Studien zu den Assur-Texten 3), 2007. Adapted, revised, lemmatized, and translated into English by Poppy Tushingham (2018-2020) for the Munich Open-access Cuneiform Corpus Initiative (MOCCI), which is funded by LMU Munich and the Alexander von Humboldt Foundation at the Historisches Seminar - Abteilung Alte Geschichte of Ludwig-Maximilians-Universität München. The annotated edition is released under the Creative Commons Attribution Share-Alike license 3.0. Please cite this page as http://oracc.org/atae/P514262/.",
			"date_gen": "630*-I-[...]",
			"date_of_origin": "Assur-etel-ilani.limu Salmu-sharru-iqbi.01.00",
			"day": "[...]",
			"designation": "StAT 3 043",
			"dialect": "Neo-Assyrian",
			"eponym": "Ṣalmu-šarru-iqbi",
			"findspot_square": "N 27",
			"genre": "Legal Transaction",
			"language": "Akkadian",
			"last_mod_by": "Tushingham",
			"last_modified": "02.11.2021",
			"list_name": "atae/stat3:P514262",
			"long_date_gen": "Nisannu ...th, eponymy of Ṣalmu-šarru-iqbi",
			"material": "clay",
			"month": "I",
			"object_type": "bulla",
			"period": "Neo-Assyrian",
			"pleiades_id": "893945",
			"regnal_dates": "ca. 630–627 BC",
			"ruler": "Aššur-etel-ilāni",
			"script": "Neo-Assyrian",
			"script_remarks": "inscribed",
			"script_type": "Cuneiform",
			"subgenre": "debt note (barley)",
			"year": "630*",
			"ch_no": "09",
			"ch_name": "Texte aus N 27",
			"ch_num_name": "09 (Texte aus N 27)"
		},
		"geometry": {
			"type": "Point",
			"coordinates": [43.262037,35.458121]
		}
	}, {
		"type": "Feature",
		"properties": {
			"project": "stat3",
			"id_text": "P514263",
			"primary_publication": "StAT 3 044",
			"museum_no": "VAT 09332",
			"provenience": "Qalat Sherqat (Assur)",
			"excavation_no": "Ass 11634l",
			"archive": "042 - N 27 Archive",
			"date": "634*-I-25/27?",
			"atae_attribution": "Based on Betina Faist, Alltagstexte aus neuassyrischen Archiven und Bibliotheken der Stadt Assur (Studien zu den Assur-Texten 3), 2007. Adapted, revised, lemmatized, and translated into English by Poppy Tushingham (2018-2020) for the Munich Open-access Cuneiform Corpus Initiative (MOCCI), which is funded by LMU Munich and the Alexander von Humboldt Foundation at the Historisches Seminar - Abteilung Alte Geschichte of Ludwig-Maximilians-Universität München. The annotated edition is released under the Creative Commons Attribution Share-Alike license 3.0.",
			"cite_as": "Please cite this page as http://oracc.org/atae/P514263/.",
			"collection": "Vorderasiatisches Museum, Berlin, Germany",
			"composite_witness": "witness",
			"credits": "Based on Betina Faist, Alltagstexte aus neuassyrischen Archiven und Bibliotheken der Stadt Assur (Studien zu den Assur-Texten 3), 2007. Adapted, revised, lemmatized, and translated into English by Poppy Tushingham (2018-2020) for the Munich Open-access Cuneiform Corpus Initiative (MOCCI), which is funded by LMU Munich and the Alexander von Humboldt Foundation at the Historisches Seminar - Abteilung Alte Geschichte of Ludwig-Maximilians-Universität München. The annotated edition is released under the Creative Commons Attribution Share-Alike license 3.0. Please cite this page as http://oracc.org/atae/P514263/.",
			"date_gen": "634*-I-25 or 27",
			"date_of_origin": "Assurbanipal.limu Bullutu.01.25 or 27",
			"day": "25 or 27",
			"designation": "StAT 3 044",
			"dialect": "Neo-Assyrian",
			"eponym": "Bulluṭu",
			"findspot_square": "N 27",
			"genre": "Legal Transaction",
			"language": "Akkadian",
			"last_mod_by": "Tushingham",
			"last_modified": "02.11.2021",
			"list_name": "atae/stat3:P514263",
			"long_date_gen": "Nisannu 25 or 27th, eponymy of Bulluṭu",
			"material": "clay",
			"month": "I",
			"object_type": "tablet, envelope",
			"period": "Neo-Assyrian",
			"pleiades_id": "893945",
			"regnal_dates": "668–ca. 631 BC",
			"ruler": "Ashurbanipal",
			"script": "Neo-Assyrian",
			"script_remarks": "inscribed",
			"script_type": "Cuneiform",
			"subgenre": "debt note (silver)",
			"year": "634*",
			"ch_no": "09",
			"ch_name": "Texte aus N 27",
			"ch_num_name": "09 (Texte aus N 27)"
		},
		"geometry": {
			"type": "Point",
			"coordinates": [43.262037,35.458121]
		}
	}, {
		"type": "Feature",
		"properties": {
			"project": "stat3",
			"id_text": "P514264",
			"primary_publication": "StAT 3 045",
			"museum_no": "VAT 09336",
			"provenience": "Qalat Sherqat (Assur)",
			"excavation_no": "Ass 11634f",
			"archive": "042 - N 27 Archive",
			"date": "614*-V-27",
			"atae_attribution": "Based on Betina Faist, Alltagstexte aus neuassyrischen Archiven und Bibliotheken der Stadt Assur (Studien zu den Assur-Texten 3), 2007. Adapted, revised, lemmatized, and translated into English by Poppy Tushingham (2018-2020) for the Munich Open-access Cuneiform Corpus Initiative (MOCCI), which is funded by LMU Munich and the Alexander von Humboldt Foundation at the Historisches Seminar - Abteilung Alte Geschichte of Ludwig-Maximilians-Universität München. The annotated edition is released under the Creative Commons Attribution Share-Alike license 3.0.",
			"cite_as": "Please cite this page as http://oracc.org/atae/P514264/.",
			"collection": "Vorderasiatisches Museum, Berlin, Germany",
			"composite_witness": "witness",
			"credits": "Based on Betina Faist, Alltagstexte aus neuassyrischen Archiven und Bibliotheken der Stadt Assur (Studien zu den Assur-Texten 3), 2007. Adapted, revised, lemmatized, and translated into English by Poppy Tushingham (2018-2020) for the Munich Open-access Cuneiform Corpus Initiative (MOCCI), which is funded by LMU Munich and the Alexander von Humboldt Foundation at the Historisches Seminar - Abteilung Alte Geschichte of Ludwig-Maximilians-Universität München. The annotated edition is released under the Creative Commons Attribution Share-Alike license 3.0. Please cite this page as http://oracc.org/atae/P514264/.",
			"date_gen": "614*-V-27",
			"date_of_origin": "Sin-sharru-ishkun.limu Pashi.05.27",
			"day": "27",
			"designation": "StAT 3 045",
			"dialect": "Neo-Assyrian",
			"eponym": "Pašî",
			"findspot_square": "N 27",
			"genre": "Legal Transaction",
			"language": "Akkadian",
			"last_mod_by": "Tushingham",
			"last_modified": "02.11.2021",
			"list_name": "atae/stat3:P514264",
			"long_date_gen": "Abu 27th, eponymy of Pašî",
			"material": "clay",
			"month": "V",
			"object_type": "tablet",
			"period": "Neo-Assyrian",
			"pleiades_id": "893945",
			"regnal_dates": "ca. 626–612 BC",
			"ruler": "Sîn-šarru-iškun",
			"script": "Neo-Assyrian",
			"script_remarks": "inscribed",
			"script_type": "Cuneiform",
			"subgenre": "judicial document",
			"year": "614*",
			"ch_no": "09",
			"ch_name": "Texte aus N 27",
			"ch_num_name": "09 (Texte aus N 27)"
		},
		"geometry": {
			"type": "Point",
			"coordinates": [43.262037,35.458121]
		}
	}, {
		"type": "Feature",
		"properties": {
			"project": "stat3",
			"id_text": "P514265",
			"primary_publication": "StAT 3 046",
			"museum_no": "VAT 09339",
			"provenience": "Qalat Sherqat (Assur)",
			"excavation_no": "Ass 11634e",
			"archive": "042 - N 27 Archive",
			"date": "623*-I-29",
			"atae_attribution": "Based on Betina Faist, Alltagstexte aus neuassyrischen Archiven und Bibliotheken der Stadt Assur (Studien zu den Assur-Texten 3), 2007. Adapted, revised, lemmatized, and translated into English by Poppy Tushingham (2018-2020) for the Munich Open-access Cuneiform Corpus Initiative (MOCCI), which is funded by LMU Munich and the Alexander von Humboldt Foundation at the Historisches Seminar - Abteilung Alte Geschichte of Ludwig-Maximilians-Universität München. The annotated edition is released under the Creative Commons Attribution Share-Alike license 3.0.",
			"cite_as": "Please cite this page as http://oracc.org/atae/P514265/.",
			"collection": "Vorderasiatisches Museum, Berlin, Germany",
			"composite_witness": "witness",
			"credits": "Based on Betina Faist, Alltagstexte aus neuassyrischen Archiven und Bibliotheken der Stadt Assur (Studien zu den Assur-Texten 3), 2007. Adapted, revised, lemmatized, and translated into English by Poppy Tushingham (2018-2020) for the Munich Open-access Cuneiform Corpus Initiative (MOCCI), which is funded by LMU Munich and the Alexander von Humboldt Foundation at the Historisches Seminar - Abteilung Alte Geschichte of Ludwig-Maximilians-Universität München. The annotated edition is released under the Creative Commons Attribution Share-Alike license 3.0. Please cite this page as http://oracc.org/atae/P514265/.",
			"date_gen": "623*-I-29",
			"date_of_origin": "Sin-sharru-ishkun.limu Assur-matu-taqqin.01.29",
			"day": "29",
			"designation": "StAT 3 046",
			"dialect": "Neo-Assyrian",
			"eponym": "Aššur-mātu-taqqin",
			"findspot_square": "N 27",
			"genre": "Legal Transaction",
			"language": "Akkadian",
			"last_mod_by": "Tushingham",
			"last_modified": "02.11.2021",
			"list_name": "atae/stat3:P514265",
			"long_date_gen": "Nisannu 29th, eponymy of Aššur-mātu-taqqin",
			"material": "clay",
			"month": "I",
			"object_type": "bulla",
			"period": "Neo-Assyrian",
			"pleiades_id": "893945",
			"regnal_dates": "ca. 626–612 BC",
			"ruler": "Sîn-šarru-iškun",
			"script": "Neo-Assyrian",
			"script_remarks": "inscribed",
			"script_type": "Cuneiform",
			"subgenre": "debt note (barley)",
			"year": "623*",
			"ch_no": "09",
			"ch_name": "Texte aus N 27",
			"ch_num_name": "09 (Texte aus N 27)"
		},
		"geometry": {
			"type": "Point",
			"coordinates": [43.262037,35.458121]
		}
	}, {
		"type": "Feature",
		"properties": {
			"project": "stat3",
			"id_text": "P514266",
			"primary_publication": "StAT 3 047",
			"museum_no": "VAT 09343",
			"provenience": "Qalat Sherqat (Assur)",
			"excavation_no": "Ass 11634t",
			"archive": "042 - N 27 Archive",
			"atae_attribution": "Based on Betina Faist, Alltagstexte aus neuassyrischen Archiven und Bibliotheken der Stadt Assur (Studien zu den Assur-Texten 3), 2007. Adapted, revised, lemmatized, and translated into English by Poppy Tushingham (2018-2020) for the Munich Open-access Cuneiform Corpus Initiative (MOCCI), which is funded by LMU Munich and the Alexander von Humboldt Foundation at the Historisches Seminar - Abteilung Alte Geschichte of Ludwig-Maximilians-Universität München. The annotated edition is released under the Creative Commons Attribution Share-Alike license 3.0.",
			"cite_as": "Please cite this page as http://oracc.org/atae/P514266/.",
			"collection": "Vorderasiatisches Museum, Berlin, Germany",
			"composite_witness": "witness",
			"credits": "Based on Betina Faist, Alltagstexte aus neuassyrischen Archiven und Bibliotheken der Stadt Assur (Studien zu den Assur-Texten 3), 2007. Adapted, revised, lemmatized, and translated into English by Poppy Tushingham (2018-2020) for the Munich Open-access Cuneiform Corpus Initiative (MOCCI), which is funded by LMU Munich and the Alexander von Humboldt Foundation at the Historisches Seminar - Abteilung Alte Geschichte of Ludwig-Maximilians-Universität München. The annotated edition is released under the Creative Commons Attribution Share-Alike license 3.0. Please cite this page as http://oracc.org/atae/P514266/.",
			"date_of_origin": "00.000.00.00",
			"designation": "StAT 3 047",
			"dialect": "Neo-Assyrian",
			"findspot_square": "N 27",
			"genre": "Legal Transaction",
			"language": "Akkadian",
			"last_mod_by": "Tushingham",
			"last_modified": "02.11.2021",
			"list_name": "atae/stat3:P514266",
			"material": "clay",
			"object_type": "tablet",
			"period": "Neo-Assyrian",
			"pleiades_id": "893945",
			"script": "Neo-Assyrian",
			"script_remarks": "inscribed",
			"script_type": "Cuneiform",
			"subgenre": "debt note (silver)",
			"ch_no": "09",
			"ch_name": "Texte aus N 27",
			"ch_num_name": "09 (Texte aus N 27)"
		},
		"geometry": {
			"type": "Point",
			"coordinates": [43.262037,35.458121]
		}
	}, {
		"type": "Feature",
		"properties": {
			"project": "stat3",
			"id_text": "P514267",
			"primary_publication": "StAT 3 048",
			"museum_no": "VAT 09344",
			"provenience": "Qalat Sherqat (Assur)",
			"excavation_no": "Ass 11634a",
			"archive": "042 - N 27 Archive",
			"date": "622*-I-[...]",
			"atae_attribution": "Based on Betina Faist, Alltagstexte aus neuassyrischen Archiven und Bibliotheken der Stadt Assur (Studien zu den Assur-Texten 3), 2007. Adapted, revised, lemmatized, and translated into English by Poppy Tushingham (2018-2020) for the Munich Open-access Cuneiform Corpus Initiative (MOCCI), which is funded by LMU Munich and the Alexander von Humboldt Foundation at the Historisches Seminar - Abteilung Alte Geschichte of Ludwig-Maximilians-Universität München. The annotated edition is released under the Creative Commons Attribution Share-Alike license 3.0.",
			"cite_as": "Please cite this page as http://oracc.org/atae/P514267/.",
			"collection": "Vorderasiatisches Museum, Berlin, Germany",
			"composite_witness": "witness",
			"credits": "Based on Betina Faist, Alltagstexte aus neuassyrischen Archiven und Bibliotheken der Stadt Assur (Studien zu den Assur-Texten 3), 2007. Adapted, revised, lemmatized, and translated into English by Poppy Tushingham (2018-2020) for the Munich Open-access Cuneiform Corpus Initiative (MOCCI), which is funded by LMU Munich and the Alexander von Humboldt Foundation at the Historisches Seminar - Abteilung Alte Geschichte of Ludwig-Maximilians-Universität München. The annotated edition is released under the Creative Commons Attribution Share-Alike license 3.0. Please cite this page as http://oracc.org/atae/P514267/.",
			"date_gen": "622*-I-[...]",
			"date_of_origin": "Sin-sharru-ishkun.limu Dadi.01.00",
			"day": "[...]",
			"designation": "StAT 3 048",
			"dialect": "Neo-Assyrian",
			"eponym": "Dādî",
			"findspot_square": "N 27",
			"genre": "Legal Transaction",
			"language": "Akkadian",
			"last_mod_by": "Tushingham",
			"last_modified": "02.11.2021",
			"list_name": "atae/stat3:P514267",
			"long_date_gen": "Nisannu ...th, eponymy of Dādî",
			"material": "clay",
			"month": "I",
			"object_type": "bulla",
			"period": "Neo-Assyrian",
			"pleiades_id": "893945",
			"regnal_dates": "ca. 626–612 BC",
			"ruler": "Sîn-šarru-iškun",
			"script": "Neo-Assyrian",
			"script_remarks": "inscribed",
			"script_type": "Cuneiform",
			"subgenre": "debt note (barley)",
			"year": "622*",
			"ch_no": "09",
			"ch_name": "Texte aus N 27",
			"ch_num_name": "09 (Texte aus N 27)"
		},
		"geometry": {
			"type": "Point",
			"coordinates": [43.262037,35.458121]
		}
	}, {
		"type": "Feature",
		"properties": {
			"project": "stat3",
			"id_text": "P514268",
			"primary_publication": "StAT 3 049",
			"museum_no": "VAT 09345",
			"provenience": "Qalat Sherqat (Assur)",
			"excavation_no": "Ass 11634n",
			"archive": "042 - N 27 Archive",
			"date": "638*-IV-13",
			"atae_attribution": "Based on Betina Faist, Alltagstexte aus neuassyrischen Archiven und Bibliotheken der Stadt Assur (Studien zu den Assur-Texten 3), 2007. Adapted, revised, lemmatized, and translated into English by Poppy Tushingham (2018-2020) for the Munich Open-access Cuneiform Corpus Initiative (MOCCI), which is funded by LMU Munich and the Alexander von Humboldt Foundation at the Historisches Seminar - Abteilung Alte Geschichte of Ludwig-Maximilians-Universität München. The annotated edition is released under the Creative Commons Attribution Share-Alike license 3.0.",
			"cite_as": "Please cite this page as http://oracc.org/atae/P514268/.",
			"collection": "Vorderasiatisches Museum, Berlin, Germany",
			"composite_witness": "witness",
			"credits": "Based on Betina Faist, Alltagstexte aus neuassyrischen Archiven und Bibliotheken der Stadt Assur (Studien zu den Assur-Texten 3), 2007. Adapted, revised, lemmatized, and translated into English by Poppy Tushingham (2018-2020) for the Munich Open-access Cuneiform Corpus Initiative (MOCCI), which is funded by LMU Munich and the Alexander von Humboldt Foundation at the Historisches Seminar - Abteilung Alte Geschichte of Ludwig-Maximilians-Universität München. The annotated edition is released under the Creative Commons Attribution Share-Alike license 3.0. Please cite this page as http://oracc.org/atae/P514268/.",
			"date_gen": "638*-IV-13",
			"date_of_origin": "Assurbanipal.limu Assur-gimilli-tere.04.13",
			"day": "13",
			"designation": "StAT 3 049",
			"dialect": "Neo-Assyrian",
			"eponym": "Aššur-gimilli-tēre",
			"findspot_square": "N 27",
			"genre": "Legal Transaction",
			"language": "Akkadian",
			"last_mod_by": "Tushingham",
			"last_modified": "02.11.2021",
			"list_name": "atae/stat3:P514268",
			"long_date_gen": "Duʾūzu 13th, eponymy of Aššur-gimilli-tēre",
			"material": "clay",
			"month": "IV",
			"object_type": "tablet",
			"period": "Neo-Assyrian",
			"pleiades_id": "893945",
			"regnal_dates": "668–ca. 631 BC",
			"ruler": "Ashurbanipal",
			"script": "Neo-Assyrian",
			"script_remarks": "inscribed",
			"script_type": "Cuneiform",
			"subgenre": "debt note (silver)",
			"year": "638*",
			"ch_no": "09",
			"ch_name": "Texte aus N 27",
			"ch_num_name": "09 (Texte aus N 27)"
		},
		"geometry": {
			"type": "Point",
			"coordinates": [43.262037,35.458121]
		}
	}, {
		"type": "Feature",
		"properties": {
			"project": "stat3",
			"id_text": "P514269",
			"primary_publication": "StAT 3 050",
			"museum_no": "VAT 09348",
			"provenience": "Qalat Sherqat (Assur)",
			"excavation_no": "Ass 11634q",
			"archive": "042 - N 27 Archive",
			"atae_attribution": "Based on Betina Faist, Alltagstexte aus neuassyrischen Archiven und Bibliotheken der Stadt Assur (Studien zu den Assur-Texten 3), 2007. Adapted, revised, lemmatized, and translated into English by Poppy Tushingham (2018-2020) for the Munich Open-access Cuneiform Corpus Initiative (MOCCI), which is funded by LMU Munich and the Alexander von Humboldt Foundation at the Historisches Seminar - Abteilung Alte Geschichte of Ludwig-Maximilians-Universität München. The annotated edition is released under the Creative Commons Attribution Share-Alike license 3.0.",
			"cite_as": "Please cite this page as http://oracc.org/atae/P514269/.",
			"collection": "Vorderasiatisches Museum, Berlin, Germany",
			"composite_witness": "witness",
			"credits": "Based on Betina Faist, Alltagstexte aus neuassyrischen Archiven und Bibliotheken der Stadt Assur (Studien zu den Assur-Texten 3), 2007. Adapted, revised, lemmatized, and translated into English by Poppy Tushingham (2018-2020) for the Munich Open-access Cuneiform Corpus Initiative (MOCCI), which is funded by LMU Munich and the Alexander von Humboldt Foundation at the Historisches Seminar - Abteilung Alte Geschichte of Ludwig-Maximilians-Universität München. The annotated edition is released under the Creative Commons Attribution Share-Alike license 3.0. Please cite this page as http://oracc.org/atae/P514269/.",
			"date_of_origin": "00.000.00.00",
			"designation": "StAT 3 050",
			"dialect": "Neo-Assyrian",
			"findspot_square": "N 27",
			"genre": "Administrative Letter",
			"language": "Akkadian",
			"last_mod_by": "Tushingham",
			"last_modified": "02.11.2021",
			"list_name": "atae/stat3:P514269",
			"material": "clay",
			"object_type": "bulla",
			"period": "Neo-Assyrian",
			"pleiades_id": "893945",
			"script": "Neo-Assyrian",
			"script_remarks": "inscribed",
			"script_type": "Cuneiform",
			"ch_no": "09",
			"ch_name": "Texte aus N 27",
			"ch_num_name": "09 (Texte aus N 27)"
		},
		"geometry": {
			"type": "Point",
			"coordinates": [43.262037,35.458121]
		}
	}, {
		"type": "Feature",
		"properties": {
			"project": "stat3",
			"id_text": "P514270",
			"primary_publication": "StAT 3 051",
			"museum_no": "VAT 09349",
			"provenience": "Qalat Sherqat (Assur)",
			"excavation_no": "Ass 11634i",
			"archive": "042 - N 27 Archive",
			"date": "680-[...]-[...]",
			"atae_attribution": "Based on Betina Faist, Alltagstexte aus neuassyrischen Archiven und Bibliotheken der Stadt Assur (Studien zu den Assur-Texten 3), 2007. Adapted, revised, lemmatized, and translated into English by Poppy Tushingham (2018-2020) for the Munich Open-access Cuneiform Corpus Initiative (MOCCI), which is funded by LMU Munich and the Alexander von Humboldt Foundation at the Historisches Seminar - Abteilung Alte Geschichte of Ludwig-Maximilians-Universität München. The annotated edition is released under the Creative Commons Attribution Share-Alike license 3.0.",
			"cite_as": "Please cite this page as http://oracc.org/atae/P514270/.",
			"collection": "Vorderasiatisches Museum, Berlin, Germany",
			"composite_witness": "witness",
			"credits": "Based on Betina Faist, Alltagstexte aus neuassyrischen Archiven und Bibliotheken der Stadt Assur (Studien zu den Assur-Texten 3), 2007. Adapted, revised, lemmatized, and translated into English by Poppy Tushingham (2018-2020) for the Munich Open-access Cuneiform Corpus Initiative (MOCCI), which is funded by LMU Munich and the Alexander von Humboldt Foundation at the Historisches Seminar - Abteilung Alte Geschichte of Ludwig-Maximilians-Universität München. The annotated edition is released under the Creative Commons Attribution Share-Alike license 3.0. Please cite this page as http://oracc.org/atae/P514270/.",
			"date_gen": "680-[...]-[...]",
			"date_of_origin": "Esarhaddon.limu Dananu.00.00",
			"day": "[...]",
			"designation": "StAT 3 051",
			"dialect": "Neo-Assyrian",
			"eponym": "Danānu",
			"findspot_square": "N 27",
			"genre": "Administrative Record",
			"language": "Akkadian",
			"last_mod_by": "Tushingham",
			"last_modified": "02.11.2021",
			"list_name": "atae/stat3:P514270",
			"long_date_gen": "... ...th, eponymy of Danānu",
			"material": "clay",
			"month": "[...]",
			"object_type": "tablet",
			"period": "Neo-Assyrian",
			"pleiades_id": "893945",
			"regnal_dates": "680–669 BC",
			"ruler": "Esarhaddon",
			"script": "Neo-Assyrian",
			"script_remarks": "inscribed",
			"script_type": "Cuneiform",
			"subgenre": "memorandum",
			"year": "680",
			"ch_no": "09",
			"ch_name": "Texte aus N 27",
			"ch_num_name": "09 (Texte aus N 27)"
		},
		"geometry": {
			"type": "Point",
			"coordinates": [43.262037,35.458121]
		}
	}, {
		"type": "Feature",
		"properties": {
			"project": "stat3",
			"id_text": "P514271",
			"primary_publication": "StAT 3 052",
			"museum_no": "VAT 09351",
			"provenience": "Qalat Sherqat (Assur)",
			"excavation_no": "Ass 11634b",
			"archive": "042 - N 27 Archive",
			"date": "622*-I-[...]",
			"atae_attribution": "Based on Betina Faist, Alltagstexte aus neuassyrischen Archiven und Bibliotheken der Stadt Assur (Studien zu den Assur-Texten 3), 2007. Adapted, revised, lemmatized, and translated into English by Poppy Tushingham (2018-2020) for the Munich Open-access Cuneiform Corpus Initiative (MOCCI), which is funded by LMU Munich and the Alexander von Humboldt Foundation at the Historisches Seminar - Abteilung Alte Geschichte of Ludwig-Maximilians-Universität München. The annotated edition is released under the Creative Commons Attribution Share-Alike license 3.0.",
			"cite_as": "Please cite this page as http://oracc.org/atae/P514271/.",
			"collection": "Vorderasiatisches Museum, Berlin, Germany",
			"composite_witness": "witness",
			"credits": "Based on Betina Faist, Alltagstexte aus neuassyrischen Archiven und Bibliotheken der Stadt Assur (Studien zu den Assur-Texten 3), 2007. Adapted, revised, lemmatized, and translated into English by Poppy Tushingham (2018-2020) for the Munich Open-access Cuneiform Corpus Initiative (MOCCI), which is funded by LMU Munich and the Alexander von Humboldt Foundation at the Historisches Seminar - Abteilung Alte Geschichte of Ludwig-Maximilians-Universität München. The annotated edition is released under the Creative Commons Attribution Share-Alike license 3.0. Please cite this page as http://oracc.org/atae/P514271/.",
			"date_gen": "622*-I-[...]",
			"date_of_origin": "Sin-sharru-ishkun.limu Dadi.01.00",
			"day": "[...]",
			"designation": "StAT 3 052",
			"dialect": "Neo-Assyrian",
			"eponym": "Dādî",
			"findspot_square": "N 27",
			"genre": "Legal Transaction",
			"language": "Akkadian",
			"last_mod_by": "Tushingham",
			"last_modified": "02.11.2021",
			"list_name": "atae/stat3:P514271",
			"long_date_gen": "Nisannu ...th, eponymy of Dādî",
			"material": "clay",
			"month": "I",
			"object_type": "bulla",
			"period": "Neo-Assyrian",
			"pleiades_id": "893945",
			"regnal_dates": "ca. 626–612 BC",
			"ruler": "Sîn-šarru-iškun",
			"script": "Neo-Assyrian",
			"script_remarks": "inscribed",
			"script_type": "Cuneiform",
			"subgenre": "debt note (barley)",
			"year": "622*",
			"ch_no": "09",
			"ch_name": "Texte aus N 27",
			"ch_num_name": "09 (Texte aus N 27)"
		},
		"geometry": {
			"type": "Point",
			"coordinates": [43.262037,35.458121]
		}
	}, {
		"type": "Feature",
		"properties": {
			"project": "stat3",
			"id_text": "P514272",
			"primary_publication": "StAT 3 053",
			"museum_no": "VAT 09352",
			"provenience": "Qalat Sherqat (Assur)",
			"excavation_no": "Ass 11634k",
			"archive": "042 - N 27 Archive",
			"date": "691-06-08",
			"atae_attribution": "Based on Betina Faist, Alltagstexte aus neuassyrischen Archiven und Bibliotheken der Stadt Assur (Studien zu den Assur-Texten 3), 2007. Adapted, revised, lemmatized, and translated into English by Poppy Tushingham (2018-2020) for the Munich Open-access Cuneiform Corpus Initiative (MOCCI), which is funded by LMU Munich and the Alexander von Humboldt Foundation at the Historisches Seminar - Abteilung Alte Geschichte of Ludwig-Maximilians-Universität München. The annotated edition is released under the Creative Commons Attribution Share-Alike license 3.0.",
			"cite_as": "Please cite this page as http://oracc.org/atae/P514272/.",
			"collection": "Vorderasiatisches Museum, Berlin, Germany",
			"composite_witness": "witness",
			"credits": "Based on Betina Faist, Alltagstexte aus neuassyrischen Archiven und Bibliotheken der Stadt Assur (Studien zu den Assur-Texten 3), 2007. Adapted, revised, lemmatized, and translated into English by Poppy Tushingham (2018-2020) for the Munich Open-access Cuneiform Corpus Initiative (MOCCI), which is funded by LMU Munich and the Alexander von Humboldt Foundation at the Historisches Seminar - Abteilung Alte Geschichte of Ludwig-Maximilians-Universität München. The annotated edition is released under the Creative Commons Attribution Share-Alike license 3.0. Please cite this page as http://oracc.org/atae/P514272/.",
			"date_gen": "691-VI-08",
			"date_of_origin": "Sennacherib.limu Bel-emuranni.06.08",
			"day": "08",
			"designation": "StAT 3 053",
			"dialect": "Neo-Assyrian",
			"eponym": "Bēl-ēmuranni",
			"findspot_square": "N 27",
			"genre": "Administrative Record",
			"language": "Akkadian",
			"last_mod_by": "Tushingham",
			"last_modified": "02.11.2021",
			"list_name": "atae/stat3:P514272",
			"long_date_gen": "Ulūlu 8th, eponymy of Bēl-ēmuranni",
			"material": "clay",
			"month": "VI",
			"object_type": "tablet",
			"period": "Neo-Assyrian",
			"pleiades_id": "893945",
			"regnal_dates": "704–681 BC",
			"ruler": "Sennacherib",
			"script": "Neo-Assyrian",
			"script_remarks": "inscribed",
			"script_type": "Cuneiform",
			"subgenre": "receipt",
			"year": "691",
			"ch_no": "09",
			"ch_name": "Texte aus N 27",
			"ch_num_name": "09 (Texte aus N 27)"
		},
		"geometry": {
			"type": "Point",
			"coordinates": [43.262037,35.458121]
		}
	}, {
		"type": "Feature",
		"properties": {
			"project": "stat3",
			"id_text": "P514273",
			"primary_publication": "StAT 3 054",
			"museum_no": "VAT 09355",
			"provenience": "Qalat Sherqat (Assur)",
			"excavation_no": "Ass 11634c",
			"archive": "042 - N 27 Archive",
			"date": "629*-VI-05",
			"atae_attribution": "Based on Betina Faist, Alltagstexte aus neuassyrischen Archiven und Bibliotheken der Stadt Assur (Studien zu den Assur-Texten 3), 2007. Adapted, revised, lemmatized, and translated into English by Poppy Tushingham (2018-2020) for the Munich Open-access Cuneiform Corpus Initiative (MOCCI), which is funded by LMU Munich and the Alexander von Humboldt Foundation at the Historisches Seminar - Abteilung Alte Geschichte of Ludwig-Maximilians-Universität München. The annotated edition is released under the Creative Commons Attribution Share-Alike license 3.0.",
			"cite_as": "Please cite this page as http://oracc.org/atae/P514273/.",
			"collection": "Vorderasiatisches Museum, Berlin, Germany",
			"composite_witness": "witness",
			"credits": "Based on Betina Faist, Alltagstexte aus neuassyrischen Archiven und Bibliotheken der Stadt Assur (Studien zu den Assur-Texten 3), 2007. Adapted, revised, lemmatized, and translated into English by Poppy Tushingham (2018-2020) for the Munich Open-access Cuneiform Corpus Initiative (MOCCI), which is funded by LMU Munich and the Alexander von Humboldt Foundation at the Historisches Seminar - Abteilung Alte Geschichte of Ludwig-Maximilians-Universität München. The annotated edition is released under the Creative Commons Attribution Share-Alike license 3.0. Please cite this page as http://oracc.org/atae/P514273/.",
			"date_gen": "629*-VI-05",
			"date_of_origin": "Assur-etel-ilani.limu Nabu-sharru-usur.06.05",
			"day": "05",
			"designation": "StAT 3 054",
			"dialect": "Neo-Assyrian",
			"eponym": "Nabû-šarru-uṣur",
			"findspot_square": "N 27",
			"genre": "Legal Transaction",
			"language": "Akkadian",
			"last_mod_by": "Tushingham",
			"last_modified": "02.11.2021",
			"list_name": "atae/stat3:P514273",
			"long_date_gen": "Ulūlu 5th, eponymy of Nabû-šarru-uṣur",
			"material": "clay",
			"month": "VI",
			"object_type": "tablet",
			"period": "Neo-Assyrian",
			"pleiades_id": "893945",
			"regnal_dates": "ca. 630–627 BC",
			"ruler": "Aššur-etel-ilani",
			"script": "Neo-Assyrian",
			"script_remarks": "inscribed",
			"script_type": "Cuneiform",
			"subgenre": "judicial document",
			"year": "629*",
			"ch_no": "09",
			"ch_name": "Texte aus N 27",
			"ch_num_name": "09 (Texte aus N 27)"
		},
		"geometry": {
			"type": "Point",
			"coordinates": [43.262037,35.458121]
		}
	}, {
		"type": "Feature",
		"properties": {
			"project": "stat3",
			"id_text": "P514275",
			"primary_publication": "StAT 3 056 &amp; 057",
			"museum_no": "VAT 09358",
			"provenience": "Qalat Sherqat (Assur)",
			"excavation_no": "Ass 11634g",
			"archive": "042 - N 27 Archive",
			"atae_attribution": "Based on Betina Faist, Alltagstexte aus neuassyrischen Archiven und Bibliotheken der Stadt Assur (Studien zu den Assur-Texten 3), 2007. Adapted, revised, lemmatized, and translated into English by Poppy Tushingham (2018-2020) for the Munich Open-access Cuneiform Corpus Initiative (MOCCI), which is funded by LMU Munich and the Alexander von Humboldt Foundation at the Historisches Seminar - Abteilung Alte Geschichte of Ludwig-Maximilians-Universität München. The annotated edition is released under the Creative Commons Attribution Share-Alike license 3.0.",
			"cite_as": "Please cite this page as http://oracc.org/atae/P514275/.",
			"collection": "Vorderasiatisches Museum, Berlin, Germany",
			"composite_witness": "witness",
			"credits": "Based on Betina Faist, Alltagstexte aus neuassyrischen Archiven und Bibliotheken der Stadt Assur (Studien zu den Assur-Texten 3), 2007. Adapted, revised, lemmatized, and translated into English by Poppy Tushingham (2018-2020) for the Munich Open-access Cuneiform Corpus Initiative (MOCCI), which is funded by LMU Munich and the Alexander von Humboldt Foundation at the Historisches Seminar - Abteilung Alte Geschichte of Ludwig-Maximilians-Universität München. The annotated edition is released under the Creative Commons Attribution Share-Alike license 3.0. Please cite this page as http://oracc.org/atae/P514275/.",
			"date_of_origin": "00.000.00.00",
			"designation": "StAT 3 056 &amp; 057",
			"dialect": "Neo-Assyrian",
			"findspot_square": "N 27",
			"genre": "Administrative Record",
			"language": "Akkadian",
			"last_mod_by": "Tushingham",
			"last_modified": "02.11.2021",
			"list_name": "atae/stat3:P514275",
			"material": "clay",
			"object_type": "tablet, envelope",
			"period": "Neo-Assyrian",
			"pleiades_id": "893945",
			"script": "Neo-Assyrian",
			"script_remarks": "inscribed",
			"script_type": "Cuneiform",
			"subgenre": "receipt",
			"ch_no": "09",
			"ch_name": "Texte aus N 27",
			"ch_num_name": "09 (Texte aus N 27)"
		},
		"geometry": {
			"type": "Point",
			"coordinates": [43.262037,35.458121]
		}
	}, {
		"type": "Feature",
		"properties": {
			"project": "stat3",
			"id_text": "P514276",
			"primary_publication": "StAT 3 058",
			"museum_no": "VA 07500",
			"provenience": "Qalat Sherqat (Assur)",
			"excavation_no": "Ass 11634s",
			"archive": "042 - N 27 Archive",
			"atae_attribution": "Based on Betina Faist, Alltagstexte aus neuassyrischen Archiven und Bibliotheken der Stadt Assur (Studien zu den Assur-Texten 3), 2007. Adapted, revised, lemmatized, and translated into English by Poppy Tushingham (2018-2020) for the Munich Open-access Cuneiform Corpus Initiative (MOCCI), which is funded by LMU Munich and the Alexander von Humboldt Foundation at the Historisches Seminar - Abteilung Alte Geschichte of Ludwig-Maximilians-Universität München. The annotated edition is released under the Creative Commons Attribution Share-Alike license 3.0.",
			"cite_as": "Please cite this page as http://oracc.org/atae/P514276/.",
			"collection": "Vorderasiatisches Museum, Berlin, Germany",
			"composite_witness": "witness",
			"credits": "Based on Betina Faist, Alltagstexte aus neuassyrischen Archiven und Bibliotheken der Stadt Assur (Studien zu den Assur-Texten 3), 2007. Adapted, revised, lemmatized, and translated into English by Poppy Tushingham (2018-2020) for the Munich Open-access Cuneiform Corpus Initiative (MOCCI), which is funded by LMU Munich and the Alexander von Humboldt Foundation at the Historisches Seminar - Abteilung Alte Geschichte of Ludwig-Maximilians-Universität München. The annotated edition is released under the Creative Commons Attribution Share-Alike license 3.0. Please cite this page as http://oracc.org/atae/P514276/.",
			"date_of_origin": "00.000.00.00",
			"designation": "StAT 3 058",
			"dialect": "Neo-Assyrian",
			"findspot_square": "N 27",
			"genre": "Uncertain",
			"language": "Akkadian",
			"last_mod_by": "Tushingham",
			"last_modified": "02.11.2021",
			"list_name": "atae/stat3:P514276",
			"material": "clay",
			"object_type": "bulla",
			"period": "Neo-Assyrian",
			"pleiades_id": "893945",
			"script": "Neo-Assyrian",
			"script_remarks": "inscribed",
			"script_type": "Cuneiform",
			"ch_no": "09",
			"ch_name": "Texte aus N 27",
			"ch_num_name": "09 (Texte aus N 27)"
		},
		"geometry": {
			"type": "Point",
			"coordinates": [43.262037,35.458121]
		}
	}, {
		"type": "Feature",
		"properties": {
			"project": "stat3",
			"id_text": "P514277",
			"primary_publication": "StAT 3 059",
			"museum_no": "VAT 19495",
			"provenience": "Qalat Sherqat (Assur)",
			"excavation_no": "Ass 11682l",
			"archive": "043 - N 28 Archive",
			"date": "634*-II-4+[x]",
			"atae_attribution": "Based on Betina Faist, Alltagstexte aus neuassyrischen Archiven und Bibliotheken der Stadt Assur (Studien zu den Assur-Texten 3), 2007. Adapted, revised, lemmatized, and translated into English by Poppy Tushingham (2018-2020) for the Munich Open-access Cuneiform Corpus Initiative (MOCCI), which is funded by LMU Munich and the Alexander von Humboldt Foundation at the Historisches Seminar - Abteilung Alte Geschichte of Ludwig-Maximilians-Universität München. The annotated edition is released under the Creative Commons Attribution Share-Alike license 3.0.",
			"cite_as": "Please cite this page as http://oracc.org/atae/P514277/.",
			"collection": "Vorderasiatisches Museum, Berlin, Germany",
			"composite_witness": "witness",
			"credits": "Based on Betina Faist, Alltagstexte aus neuassyrischen Archiven und Bibliotheken der Stadt Assur (Studien zu den Assur-Texten 3), 2007. Adapted, revised, lemmatized, and translated into English by Poppy Tushingham (2018-2020) for the Munich Open-access Cuneiform Corpus Initiative (MOCCI), which is funded by LMU Munich and the Alexander von Humboldt Foundation at the Historisches Seminar - Abteilung Alte Geschichte of Ludwig-Maximilians-Universität München. The annotated edition is released under the Creative Commons Attribution Share-Alike license 3.0. Please cite this page as http://oracc.org/atae/P514277/.",
			"date_gen": "634*-II-04+[x]",
			"date_of_origin": "Assurbanipal.limu Bullutu.02.04+[x]",
			"day": "04+[x]",
			"designation": "StAT 3 059",
			"dialect": "Neo-Assyrian",
			"eponym": "Bulluṭu",
			"findspot_square": "N 28",
			"genre": "Legal Transaction",
			"language": "Akkadian",
			"last_mod_by": "Tushingham",
			"last_modified": "02.11.2021",
			"list_name": "atae/stat3:P514277",
			"long_date_gen": "Ayyāru 04+[x]th, eponymy of Bulluṭu",
			"material": "clay",
			"month": "II",
			"object_type": "tablet",
			"period": "Neo-Assyrian",
			"pleiades_id": "893945",
			"regnal_dates": "668–ca. 631 BC",
			"ruler": "Ashurbanipal",
			"script": "Neo-Assyrian",
			"script_remarks": "inscribed",
			"script_type": "Cuneiform",
			"subgenre": "sales document (person)",
			"year": "634*",
			"ch_no": "10",
			"ch_name": "Texte aus N 28",
			"ch_num_name": "10 (Texte aus N 28)"
		},
		"geometry": {
			"type": "Point",
			"coordinates": [43.262037,35.458121]
		}
	}, {
		"type": "Feature",
		"properties": {
			"project": "stat3",
			"id_text": "P514278",
			"primary_publication": "StAT 3 060",
			"museum_no": "VAT 19496",
			"provenience": "Qalat Sherqat (Assur)",
			"excavation_no": "Ass 11682k",
			"archive": "043 - N 28 Archive",
			"date": "631*-I-21",
			"atae_attribution": "Based on Betina Faist, Alltagstexte aus neuassyrischen Archiven und Bibliotheken der Stadt Assur (Studien zu den Assur-Texten 3), 2007. Adapted, revised, lemmatized, and translated into English by Poppy Tushingham (2018-2020) for the Munich Open-access Cuneiform Corpus Initiative (MOCCI), which is funded by LMU Munich and the Alexander von Humboldt Foundation at the Historisches Seminar - Abteilung Alte Geschichte of Ludwig-Maximilians-Universität München. The annotated edition is released under the Creative Commons Attribution Share-Alike license 3.0.",
			"cite_as": "Please cite this page as http://oracc.org/atae/P514278/.",
			"collection": "Vorderasiatisches Museum, Berlin, Germany",
			"composite_witness": "witness",
			"credits": "Based on Betina Faist, Alltagstexte aus neuassyrischen Archiven und Bibliotheken der Stadt Assur (Studien zu den Assur-Texten 3), 2007. Adapted, revised, lemmatized, and translated into English by Poppy Tushingham (2018-2020) for the Munich Open-access Cuneiform Corpus Initiative (MOCCI), which is funded by LMU Munich and the Alexander von Humboldt Foundation at the Historisches Seminar - Abteilung Alte Geschichte of Ludwig-Maximilians-Universität München. The annotated edition is released under the Creative Commons Attribution Share-Alike license 3.0. Please cite this page as http://oracc.org/atae/P514278/.",
			"date_gen": "631*-I-21",
			"date_of_origin": "Assurbanipal.limu Adad-remanni.01.21",
			"day": "21",
			"designation": "StAT 3 060",
			"dialect": "Neo-Assyrian",
			"eponym": "Adad-rēmanni",
			"findspot_square": "N 28",
			"genre": "Legal Transaction",
			"language": "Akkadian",
			"last_mod_by": "Tushingham",
			"last_modified": "02.11.2021",
			"list_name": "atae/stat3:P514278",
			"long_date_gen": "Nisannu 21st, eponymy of Adad-rēmanni",
			"material": "clay",
			"month": "I",
			"object_type": "tablet",
			"period": "Neo-Assyrian",
			"pleiades_id": "893945",
			"regnal_dates": "668–ca. 631 BC",
			"ruler": "Ashurbanipal",
			"script": "Neo-Assyrian",
			"script_remarks": "inscribed",
			"script_type": "Cuneiform",
			"subgenre": "judicial document",
			"year": "631*",
			"ch_no": "10",
			"ch_name": "Texte aus N 28",
			"ch_num_name": "10 (Texte aus N 28)"
		},
		"geometry": {
			"type": "Point",
			"coordinates": [43.262037,35.458121]
		}
	}, {
		"type": "Feature",
		"properties": {
			"project": "stat3",
			"id_text": "P514279",
			"primary_publication": "StAT 3 061",
			"museum_no": "VAT 19497",
			"provenience": "Qalat Sherqat (Assur)",
			"excavation_no": "Ass 11682a",
			"archive": "043 - N 28 Archive",
			"date": "639*-V-22",
			"atae_attribution": "Based on Betina Faist, Alltagstexte aus neuassyrischen Archiven und Bibliotheken der Stadt Assur (Studien zu den Assur-Texten 3), 2007. Adapted, revised, lemmatized, and translated into English by Poppy Tushingham (2018-2020) for the Munich Open-access Cuneiform Corpus Initiative (MOCCI), which is funded by LMU Munich and the Alexander von Humboldt Foundation at the Historisches Seminar - Abteilung Alte Geschichte of Ludwig-Maximilians-Universität München. The annotated edition is released under the Creative Commons Attribution Share-Alike license 3.0.",
			"cite_as": "Please cite this page as http://oracc.org/atae/P514279/.",
			"collection": "Vorderasiatisches Museum, Berlin, Germany",
			"composite_witness": "witness",
			"credits": "Based on Betina Faist, Alltagstexte aus neuassyrischen Archiven und Bibliotheken der Stadt Assur (Studien zu den Assur-Texten 3), 2007. Adapted, revised, lemmatized, and translated into English by Poppy Tushingham (2018-2020) for the Munich Open-access Cuneiform Corpus Initiative (MOCCI), which is funded by LMU Munich and the Alexander von Humboldt Foundation at the Historisches Seminar - Abteilung Alte Geschichte of Ludwig-Maximilians-Universität München. The annotated edition is released under the Creative Commons Attribution Share-Alike license 3.0. Please cite this page as http://oracc.org/atae/P514279/.",
			"date_gen": "639*-V-22",
			"date_of_origin": "Assurbanipal.limu Mushallim-Assur.05.22",
			"day": "22",
			"designation": "StAT 3 061",
			"dialect": "Neo-Assyrian",
			"eponym": "Mušallim-Aššur",
			"findspot_square": "N 28",
			"genre": "Legal Transaction",
			"language": "Akkadian",
			"last_mod_by": "Tushingham",
			"last_modified": "02.11.2021",
			"list_name": "atae/stat3:P514279",
			"long_date_gen": "Abu 22nd, eponymy of Mušallim-Aššur",
			"material": "clay",
			"month": "V",
			"object_type": "tablet",
			"period": "Neo-Assyrian",
			"pleiades_id": "893945",
			"regnal_dates": "668–ca. 631 BC",
			"ruler": "Ashurbanipal",
			"script": "Neo-Assyrian",
			"script_remarks": "inscribed",
			"script_type": "Cuneiform",
			"subgenre": "sales document (person)",
			"year": "639*",
			"ch_no": "10",
			"ch_name": "Texte aus N 28",
			"ch_num_name": "10 (Texte aus N 28)"
		},
		"geometry": {
			"type": "Point",
			"coordinates": [43.262037,35.458121]
		}
	}, {
		"type": "Feature",
		"properties": {
			"project": "stat3",
			"id_text": "P514280",
			"primary_publication": "StAT 3 062",
			"museum_no": "VAT 19498",
			"provenience": "Qalat Sherqat (Assur)",
			"excavation_no": "Ass 11682m",
			"archive": "043 - N 28 Archive",
			"date": "PC-II-15",
			"atae_attribution": "Based on Betina Faist, Alltagstexte aus neuassyrischen Archiven und Bibliotheken der Stadt Assur (Studien zu den Assur-Texten 3), 2007. Adapted, revised, lemmatized, and translated into English by Poppy Tushingham (2018-2020) for the Munich Open-access Cuneiform Corpus Initiative (MOCCI), which is funded by LMU Munich and the Alexander von Humboldt Foundation at the Historisches Seminar - Abteilung Alte Geschichte of Ludwig-Maximilians-Universität München. The annotated edition is released under the Creative Commons Attribution Share-Alike license 3.0.",
			"cite_as": "Please cite this page as http://oracc.org/atae/P514280/.",
			"collection": "Vorderasiatisches Museum, Berlin, Germany",
			"composite_witness": "witness",
			"credits": "Based on Betina Faist, Alltagstexte aus neuassyrischen Archiven und Bibliotheken der Stadt Assur (Studien zu den Assur-Texten 3), 2007. Adapted, revised, lemmatized, and translated into English by Poppy Tushingham (2018-2020) for the Munich Open-access Cuneiform Corpus Initiative (MOCCI), which is funded by LMU Munich and the Alexander von Humboldt Foundation at the Historisches Seminar - Abteilung Alte Geschichte of Ludwig-Maximilians-Universität München. The annotated edition is released under the Creative Commons Attribution Share-Alike license 3.0. Please cite this page as http://oracc.org/atae/P514280/.",
			"date_gen": "PC-II-15",
			"date_of_origin": "00..02.15",
			"day": "15",
			"designation": "StAT 3 062",
			"dialect": "Neo-Assyrian",
			"findspot_square": "N 28",
			"genre": "Legal Transaction",
			"language": "Akkadian",
			"last_mod_by": "Tushingham",
			"last_modified": "02.11.2021",
			"list_name": "atae/stat3:P514280",
			"long_date_gen": "Ayyāru 15th",
			"material": "clay",
			"month": "II",
			"object_type": "tablet",
			"period": "Neo-Assyrian",
			"pleiades_id": "893945",
			"ruler": "Ashurbanipal, Aššur-etel-ilāni, or Sîn-šarru-iškun",
			"script": "Neo-Assyrian",
			"script_remarks": "inscribed",
			"script_type": "Cuneiform",
			"subgenre": "debt note (silver)",
			"year": "PC",
			"ch_no": "10",
			"ch_name": "Texte aus N 28",
			"ch_num_name": "10 (Texte aus N 28)"
		},
		"geometry": {
			"type": "Point",
			"coordinates": [43.262037,35.458121]
		}
	}, {
		"type": "Feature",
		"properties": {
			"project": "stat3",
			"id_text": "P514281",
			"primary_publication": "StAT 3 063",
			"museum_no": "VAT 19499",
			"provenience": "Qalat Sherqat (Assur)",
			"excavation_no": "Ass 11682d",
			"archive": "043 - N 28 Archive",
			"date": "615*-X-01",
			"atae_attribution": "Based on Betina Faist, Alltagstexte aus neuassyrischen Archiven und Bibliotheken der Stadt Assur (Studien zu den Assur-Texten 3), 2007. Adapted, revised, lemmatized, and translated into English by Poppy Tushingham (2018-2020) for the Munich Open-access Cuneiform Corpus Initiative (MOCCI), which is funded by LMU Munich and the Alexander von Humboldt Foundation at the Historisches Seminar - Abteilung Alte Geschichte of Ludwig-Maximilians-Universität München. The annotated edition is released under the Creative Commons Attribution Share-Alike license 3.0.",
			"cite_as": "Please cite this page as http://oracc.org/atae/P514281/.",
			"collection": "Vorderasiatisches Museum, Berlin, Germany",
			"composite_witness": "witness",
			"credits": "Based on Betina Faist, Alltagstexte aus neuassyrischen Archiven und Bibliotheken der Stadt Assur (Studien zu den Assur-Texten 3), 2007. Adapted, revised, lemmatized, and translated into English by Poppy Tushingham (2018-2020) for the Munich Open-access Cuneiform Corpus Initiative (MOCCI), which is funded by LMU Munich and the Alexander von Humboldt Foundation at the Historisches Seminar - Abteilung Alte Geschichte of Ludwig-Maximilians-Universität München. The annotated edition is released under the Creative Commons Attribution Share-Alike license 3.0. Please cite this page as http://oracc.org/atae/P514281/.",
			"date_gen": "615*-X-01",
			"date_of_origin": "Sin-sharru-ishkun.limu Sin-alik-pani.10.01",
			"day": "01",
			"designation": "StAT 3 063",
			"dialect": "Neo-Assyrian",
			"eponym": "Sîn-ālik-pāni",
			"findspot_square": "N 28",
			"genre": "Legal Transaction",
			"language": "Akkadian",
			"last_mod_by": "Tushingham",
			"last_modified": "02.11.2021",
			"list_name": "atae/stat3:P514281",
			"long_date_gen": "Kanūnu 1st, eponymy of Sîn-ālik-pāni",
			"material": "clay",
			"month": "X",
			"object_type": "tablet",
			"period": "Neo-Assyrian",
			"pleiades_id": "893945",
			"regnal_dates": "ca. 626–612 BC",
			"ruler": "Sîn-šarru-iškun",
			"script": "Neo-Assyrian",
			"script_remarks": "inscribed",
			"script_type": "Cuneiform",
			"subgenre": "judicial document",
			"year": "615*",
			"ch_no": "10",
			"ch_name": "Texte aus N 28",
			"ch_num_name": "10 (Texte aus N 28)"
		},
		"geometry": {
			"type": "Point",
			"coordinates": [43.262037,35.458121]
		}
	}, {
		"type": "Feature",
		"properties": {
			"project": "stat3",
			"id_text": "P514282",
			"primary_publication": "StAT 3 064",
			"museum_no": "VAT 19500",
			"provenience": "Qalat Sherqat (Assur)",
			"excavation_no": "Ass 11682c",
			"archive": "043 - N 28 Archive",
			"date": "PC-II-17",
			"atae_attribution": "Based on Betina Faist, Alltagstexte aus neuassyrischen Archiven und Bibliotheken der Stadt Assur (Studien zu den Assur-Texten 3), 2007. Adapted, revised, lemmatized, and translated into English by Poppy Tushingham (2018-2020) for the Munich Open-access Cuneiform Corpus Initiative (MOCCI), which is funded by LMU Munich and the Alexander von Humboldt Foundation at the Historisches Seminar - Abteilung Alte Geschichte of Ludwig-Maximilians-Universität München. The annotated edition is released under the Creative Commons Attribution Share-Alike license 3.0.",
			"cite_as": "Please cite this page as http://oracc.org/atae/P514282/.",
			"collection": "Vorderasiatisches Museum, Berlin, Germany",
			"composite_witness": "witness",
			"credits": "Based on Betina Faist, Alltagstexte aus neuassyrischen Archiven und Bibliotheken der Stadt Assur (Studien zu den Assur-Texten 3), 2007. Adapted, revised, lemmatized, and translated into English by Poppy Tushingham (2018-2020) for the Munich Open-access Cuneiform Corpus Initiative (MOCCI), which is funded by LMU Munich and the Alexander von Humboldt Foundation at the Historisches Seminar - Abteilung Alte Geschichte of Ludwig-Maximilians-Universität München. The annotated edition is released under the Creative Commons Attribution Share-Alike license 3.0. Please cite this page as http://oracc.org/atae/P514282/.",
			"date_gen": "PC-II-17",
			"date_of_origin": "00..02.17",
			"day": "17",
			"designation": "StAT 3 064",
			"dialect": "Neo-Assyrian",
			"findspot_square": "N 28",
			"genre": "Legal Transaction",
			"language": "Akkadian",
			"last_mod_by": "Tushingham",
			"last_modified": "02.11.2021",
			"list_name": "atae/stat3:P514282",
			"long_date_gen": "Ayyāru 17th",
			"material": "clay",
			"month": "II",
			"object_type": "tablet",
			"period": "Neo-Assyrian",
			"pleiades_id": "893945",
			"ruler": "Ashurbanipal, Aššur-etel-ilāni, or Sîn-šarru-iškun",
			"script": "Neo-Assyrian",
			"script_remarks": "inscribed",
			"script_type": "Cuneiform",
			"subgenre": "judicial document",
			"year": "PC",
			"ch_no": "10",
			"ch_name": "Texte aus N 28",
			"ch_num_name": "10 (Texte aus N 28)"
		},
		"geometry": {
			"type": "Point",
			"coordinates": [43.262037,35.458121]
		}
	}, {
		"type": "Feature",
		"properties": {
			"project": "stat3",
			"id_text": "P514283",
			"primary_publication": "StAT 3 065",
			"museum_no": "VAT 19501",
			"provenience": "Qalat Sherqat (Assur)",
			"excavation_no": "Ass 11682",
			"archive": "043 - N 28 Archive",
			"date": "[...]-VII-[...]",
			"atae_attribution": "Based on Betina Faist, Alltagstexte aus neuassyrischen Archiven und Bibliotheken der Stadt Assur (Studien zu den Assur-Texten 3), 2007. Adapted, revised, lemmatized, and translated into English by Poppy Tushingham (2018-2020) for the Munich Open-access Cuneiform Corpus Initiative (MOCCI), which is funded by LMU Munich and the Alexander von Humboldt Foundation at the Historisches Seminar - Abteilung Alte Geschichte of Ludwig-Maximilians-Universität München. The annotated edition is released under the Creative Commons Attribution Share-Alike license 3.0.",
			"cite_as": "Please cite this page as http://oracc.org/atae/P514283/.",
			"collection": "Vorderasiatisches Museum, Berlin, Germany",
			"composite_witness": "witness",
			"credits": "Based on Betina Faist, Alltagstexte aus neuassyrischen Archiven und Bibliotheken der Stadt Assur (Studien zu den Assur-Texten 3), 2007. Adapted, revised, lemmatized, and translated into English by Poppy Tushingham (2018-2020) for the Munich Open-access Cuneiform Corpus Initiative (MOCCI), which is funded by LMU Munich and the Alexander von Humboldt Foundation at the Historisches Seminar - Abteilung Alte Geschichte of Ludwig-Maximilians-Universität München. The annotated edition is released under the Creative Commons Attribution Share-Alike license 3.0. Please cite this page as http://oracc.org/atae/P514283/.",
			"date_gen": "[...]-VII-[...]",
			"date_of_origin": "00.000.07.00",
			"day": "[...]",
			"designation": "StAT 3 065",
			"dialect": "Neo-Assyrian",
			"findspot_square": "N 28",
			"genre": "Legal Transaction",
			"language": "Akkadian",
			"last_mod_by": "Tushingham",
			"last_modified": "02.11.2021",
			"list_name": "atae/stat3:P514283",
			"long_date_gen": "Tašrītu ...th, [eponymy of ...]",
			"material": "clay",
			"month": "VII",
			"object_type": "tablet",
			"period": "Neo-Assyrian",
			"pleiades_id": "893945",
			"script": "Neo-Assyrian",
			"script_remarks": "inscribed",
			"script_type": "Cuneiform",
			"subgenre": "debt note (silver)",
			"year": "[...]",
			"ch_no": "10",
			"ch_name": "Texte aus N 28",
			"ch_num_name": "10 (Texte aus N 28)"
		},
		"geometry": {
			"type": "Point",
			"coordinates": [43.262037,35.458121]
		}
	}, {
		"type": "Feature",
		"properties": {
			"project": "stat3",
			"id_text": "P514284",
			"primary_publication": "StAT 3 066",
			"museum_no": "VAT 19502",
			"provenience": "Qalat Sherqat (Assur)",
			"excavation_no": "Ass 11682",
			"archive": "043 - N 28 Archive",
			"atae_attribution": "Based on Betina Faist, Alltagstexte aus neuassyrischen Archiven und Bibliotheken der Stadt Assur (Studien zu den Assur-Texten 3), 2007. Adapted, revised, lemmatized, and translated into English by Poppy Tushingham (2018-2020) for the Munich Open-access Cuneiform Corpus Initiative (MOCCI), which is funded by LMU Munich and the Alexander von Humboldt Foundation at the Historisches Seminar - Abteilung Alte Geschichte of Ludwig-Maximilians-Universität München. The annotated edition is released under the Creative Commons Attribution Share-Alike license 3.0.",
			"cite_as": "Please cite this page as http://oracc.org/atae/P514284/.",
			"collection": "Vorderasiatisches Museum, Berlin, Germany",
			"composite_witness": "witness",
			"credits": "Based on Betina Faist, Alltagstexte aus neuassyrischen Archiven und Bibliotheken der Stadt Assur (Studien zu den Assur-Texten 3), 2007. Adapted, revised, lemmatized, and translated into English by Poppy Tushingham (2018-2020) for the Munich Open-access Cuneiform Corpus Initiative (MOCCI), which is funded by LMU Munich and the Alexander von Humboldt Foundation at the Historisches Seminar - Abteilung Alte Geschichte of Ludwig-Maximilians-Universität München. The annotated edition is released under the Creative Commons Attribution Share-Alike license 3.0. Please cite this page as http://oracc.org/atae/P514284/.",
			"date_of_origin": "00.000.00.00",
			"designation": "StAT 3 066",
			"dialect": "Neo-Assyrian",
			"findspot_square": "N 28",
			"genre": "Uncertain",
			"has_date": "yes, but date completely destroyed",
			"language": "Akkadian",
			"last_mod_by": "Tushingham",
			"last_modified": "02.11.2021",
			"list_name": "atae/stat3:P514284",
			"material": "clay",
			"object_type": "tablet",
			"period": "Neo-Assyrian",
			"pleiades_id": "893945",
			"script": "Neo-Assyrian",
			"script_remarks": "inscribed",
			"script_type": "Cuneiform",
			"ch_no": "10",
			"ch_name": "Texte aus N 28",
			"ch_num_name": "10 (Texte aus N 28)"
		},
		"geometry": {
			"type": "Point",
			"coordinates": [43.262037,35.458121]
		}
	}, {
		"type": "Feature",
		"properties": {
			"project": "stat3",
			"id_text": "P514285",
			"primary_publication": "StAT 3 067",
			"museum_no": "VAT 19503",
			"provenience": "Qalat Sherqat (Assur)",
			"excavation_no": "Ass 11682i",
			"archive": "043 - N 28 Archive",
			"date": "614*-XII-20",
			"atae_attribution": "Based on Betina Faist, Alltagstexte aus neuassyrischen Archiven und Bibliotheken der Stadt Assur (Studien zu den Assur-Texten 3), 2007. Adapted, revised, lemmatized, and translated into English by Poppy Tushingham (2018-2020) for the Munich Open-access Cuneiform Corpus Initiative (MOCCI), which is funded by LMU Munich and the Alexander von Humboldt Foundation at the Historisches Seminar - Abteilung Alte Geschichte of Ludwig-Maximilians-Universität München. The annotated edition is released under the Creative Commons Attribution Share-Alike license 3.0.",
			"cite_as": "Please cite this page as http://oracc.org/atae/P514285/.",
			"collection": "Vorderasiatisches Museum, Berlin, Germany",
			"composite_witness": "witness",
			"credits": "Based on Betina Faist, Alltagstexte aus neuassyrischen Archiven und Bibliotheken der Stadt Assur (Studien zu den Assur-Texten 3), 2007. Adapted, revised, lemmatized, and translated into English by Poppy Tushingham (2018-2020) for the Munich Open-access Cuneiform Corpus Initiative (MOCCI), which is funded by LMU Munich and the Alexander von Humboldt Foundation at the Historisches Seminar - Abteilung Alte Geschichte of Ludwig-Maximilians-Universität München. The annotated edition is released under the Creative Commons Attribution Share-Alike license 3.0. Please cite this page as http://oracc.org/atae/P514285/.",
			"date_gen": "614*-XII-20",
			"date_of_origin": "Sin-sharru-ishkun.limu Pashi.12.20",
			"day": "20",
			"designation": "StAT 3 067",
			"dialect": "Neo-Assyrian",
			"eponym": "Pašî",
			"findspot_square": "N 28",
			"genre": "Legal Transaction",
			"language": "Akkadian",
			"last_mod_by": "Tushingham",
			"last_modified": "02.11.2021",
			"list_name": "atae/stat3:P514285",
			"long_date_gen": "Addaru 20th, eponymy of Pašî",
			"material": "clay",
			"month": "XII",
			"object_type": "tablet",
			"period": "Neo-Assyrian",
			"pleiades_id": "893945",
			"regnal_dates": "ca. 626–612 BC",
			"ruler": "Sîn-šarru-iškun",
			"script": "Neo-Assyrian",
			"script_remarks": "inscribed",
			"script_type": "Cuneiform",
			"subgenre": "debt note (silver)",
			"year": "614*",
			"ch_no": "10",
			"ch_name": "Texte aus N 28",
			"ch_num_name": "10 (Texte aus N 28)"
		},
		"geometry": {
			"type": "Point",
			"coordinates": [43.262037,35.458121]
		}
	}, {
		"type": "Feature",
		"properties": {
			"project": "stat3",
			"id_text": "P514287",
			"primary_publication": "StAT 3 069",
			"museum_no": "VAT 19505",
			"provenience": "Qalat Sherqat (Assur)",
			"excavation_no": "Ass 11682y",
			"archive": "043 - N 28 Archive",
			"date": "636*-VII-21",
			"atae_attribution": "Based on Betina Faist, Alltagstexte aus neuassyrischen Archiven und Bibliotheken der Stadt Assur (Studien zu den Assur-Texten 3), 2007. Adapted, revised, lemmatized, and translated into English by Poppy Tushingham (2018-2020) for the Munich Open-access Cuneiform Corpus Initiative (MOCCI), which is funded by LMU Munich and the Alexander von Humboldt Foundation at the Historisches Seminar - Abteilung Alte Geschichte of Ludwig-Maximilians-Universität München. The annotated edition is released under the Creative Commons Attribution Share-Alike license 3.0.",
			"cite_as": "Please cite this page as http://oracc.org/atae/P514287/.",
			"collection": "Vorderasiatisches Museum, Berlin, Germany",
			"composite_witness": "witness",
			"credits": "Based on Betina Faist, Alltagstexte aus neuassyrischen Archiven und Bibliotheken der Stadt Assur (Studien zu den Assur-Texten 3), 2007. Adapted, revised, lemmatized, and translated into English by Poppy Tushingham (2018-2020) for the Munich Open-access Cuneiform Corpus Initiative (MOCCI), which is funded by LMU Munich and the Alexander von Humboldt Foundation at the Historisches Seminar - Abteilung Alte Geschichte of Ludwig-Maximilians-Universität München. The annotated edition is released under the Creative Commons Attribution Share-Alike license 3.0. Please cite this page as http://oracc.org/atae/P514287/.",
			"date_gen": "636* or 626*-VII-21",
			"date_of_origin": "00.000.07.21",
			"day": "21",
			"designation": "StAT 3 069",
			"dialect": "Neo-Assyrian",
			"findspot_square": "N 28",
			"genre": "Legal Transaction",
			"language": "Akkadian",
			"last_mod_by": "Tushingham",
			"last_modified": "02.11.2021",
			"list_name": "atae/stat3:P514287",
			"long_date_gen": "Tašrītu 21st",
			"material": "clay",
			"month": "VII",
			"object_type": "tablet",
			"period": "Neo-Assyrian",
			"pleiades_id": "893945",
			"ruler": "Ashurbanipal or Sîn-šarru-iškun",
			"script": "Neo-Assyrian",
			"script_remarks": "inscribed",
			"script_type": "Cuneiform",
			"subgenre": "sales document (house)",
			"year": "636* or 626*",
			"ch_no": "10",
			"ch_name": "Texte aus N 28",
			"ch_num_name": "10 (Texte aus N 28)"
		},
		"geometry": {
			"type": "Point",
			"coordinates": [43.262037,35.458121]
		}
	}, {
		"type": "Feature",
		"properties": {
			"project": "stat3",
			"id_text": "P514288",
			"primary_publication": "StAT 3 070",
			"museum_no": "VAT 19506",
			"provenience": "Qalat Sherqat (Assur)",
			"excavation_no": "Ass 11682t+af",
			"archive": "043 - N 28 Archive",
			"date": "676-11-23+[x]",
			"atae_attribution": "Based on Betina Faist, Alltagstexte aus neuassyrischen Archiven und Bibliotheken der Stadt Assur (Studien zu den Assur-Texten 3), 2007. Adapted, revised, lemmatized, and translated into English by Poppy Tushingham (2018-2020) for the Munich Open-access Cuneiform Corpus Initiative (MOCCI), which is funded by LMU Munich and the Alexander von Humboldt Foundation at the Historisches Seminar - Abteilung Alte Geschichte of Ludwig-Maximilians-Universität München. The annotated edition is released under the Creative Commons Attribution Share-Alike license 3.0.",
			"cite_as": "Please cite this page as http://oracc.org/atae/P514288/.",
			"collection": "Vorderasiatisches Museum, Berlin, Germany",
			"composite_witness": "witness",
			"credits": "Based on Betina Faist, Alltagstexte aus neuassyrischen Archiven und Bibliotheken der Stadt Assur (Studien zu den Assur-Texten 3), 2007. Adapted, revised, lemmatized, and translated into English by Poppy Tushingham (2018-2020) for the Munich Open-access Cuneiform Corpus Initiative (MOCCI), which is funded by LMU Munich and the Alexander von Humboldt Foundation at the Historisches Seminar - Abteilung Alte Geschichte of Ludwig-Maximilians-Universität München. The annotated edition is released under the Creative Commons Attribution Share-Alike license 3.0. Please cite this page as http://oracc.org/atae/P514288/.",
			"date_gen": "676-XI-23+[x]",
			"date_of_origin": "Esarhaddon.limu Banba.11.23+[x]",
			"day": "23+[x]",
			"designation": "StAT 3 070",
			"dialect": "Neo-Assyrian",
			"eponym": "Banbâ",
			"findspot_square": "N 28",
			"genre": "Uncertain",
			"language": "Akkadian",
			"last_mod_by": "Tushingham",
			"last_modified": "02.11.2021",
			"list_name": "atae/stat3:P514288",
			"long_date_gen": "Šabāṭu 23+[x]th, eponymy of Banbâ",
			"material": "clay",
			"month": "XI",
			"object_type": "tablet",
			"period": "Neo-Assyrian",
			"pleiades_id": "893945",
			"regnal_dates": "680–669 BC",
			"ruler": "Esarhaddon",
			"script": "Neo-Assyrian",
			"script_remarks": "inscribed",
			"script_type": "Cuneiform",
			"subgenre": "pledge",
			"year": "676",
			"ch_no": "10",
			"ch_name": "Texte aus N 28",
			"ch_num_name": "10 (Texte aus N 28)"
		},
		"geometry": {
			"type": "Point",
			"coordinates": [43.262037,35.458121]
		}
	}, {
		"type": "Feature",
		"properties": {
			"project": "stat3",
			"id_text": "P514289",
			"primary_publication": "StAT 3 071",
			"museum_no": "VAT 19507",
			"provenience": "Qalat Sherqat (Assur)",
			"excavation_no": "Ass 11682h",
			"archive": "043 - N 28 Archive",
			"date": "657-IV-18",
			"atae_attribution": "Based on Betina Faist, Alltagstexte aus neuassyrischen Archiven und Bibliotheken der Stadt Assur (Studien zu den Assur-Texten 3), 2007. Adapted, revised, lemmatized, and translated into English by Poppy Tushingham (2018-2020) for the Munich Open-access Cuneiform Corpus Initiative (MOCCI), which is funded by LMU Munich and the Alexander von Humboldt Foundation at the Historisches Seminar - Abteilung Alte Geschichte of Ludwig-Maximilians-Universität München. The annotated edition is released under the Creative Commons Attribution Share-Alike license 3.0.",
			"cite_as": "Please cite this page as http://oracc.org/atae/P514289/.",
			"collection": "Vorderasiatisches Museum, Berlin, Germany",
			"composite_witness": "witness",
			"credits": "Based on Betina Faist, Alltagstexte aus neuassyrischen Archiven und Bibliotheken der Stadt Assur (Studien zu den Assur-Texten 3), 2007. Adapted, revised, lemmatized, and translated into English by Poppy Tushingham (2018-2020) for the Munich Open-access Cuneiform Corpus Initiative (MOCCI), which is funded by LMU Munich and the Alexander von Humboldt Foundation at the Historisches Seminar - Abteilung Alte Geschichte of Ludwig-Maximilians-Universität München. The annotated edition is released under the Creative Commons Attribution Share-Alike license 3.0. Please cite this page as http://oracc.org/atae/P514289/.",
			"date_gen": "657-IV-18",
			"date_of_origin": "Assurbanipal.limu Labashi.04.18",
			"day": "18",
			"designation": "StAT 3 071",
			"dialect": "Neo-Assyrian",
			"eponym": "Lâbâši",
			"findspot_square": "N 28",
			"genre": "Legal Transaction",
			"language": "Akkadian",
			"last_mod_by": "Tushingham",
			"last_modified": "02.11.2021",
			"list_name": "atae/stat3:P514289",
			"long_date_gen": "Duʾūzu 18th, eponymy of Lâbâši",
			"material": "clay",
			"month": "IV",
			"object_type": "tablet",
			"period": "Neo-Assyrian",
			"pleiades_id": "893945",
			"regnal_dates": "668–ca. 631 BC",
			"ruler": "Ashurbanipal",
			"script": "Neo-Assyrian",
			"script_remarks": "inscribed",
			"script_type": "Cuneiform",
			"subgenre": "debt note (silver)",
			"year": "657",
			"ch_no": "10",
			"ch_name": "Texte aus N 28",
			"ch_num_name": "10 (Texte aus N 28)"
		},
		"geometry": {
			"type": "Point",
			"coordinates": [43.262037,35.458121]
		}
	}, {
		"type": "Feature",
		"properties": {
			"project": "stat3",
			"id_text": "P514290",
			"primary_publication": "StAT 3 072",
			"museum_no": "VAT 19508",
			"provenience": "Qalat Sherqat (Assur)",
			"excavation_no": "Ass 11682o",
			"archive": "043 - N 28 Archive",
			"atae_attribution": "Based on Betina Faist, Alltagstexte aus neuassyrischen Archiven und Bibliotheken der Stadt Assur (Studien zu den Assur-Texten 3), 2007. Adapted, revised, lemmatized, and translated into English by Poppy Tushingham (2018-2020) for the Munich Open-access Cuneiform Corpus Initiative (MOCCI), which is funded by LMU Munich and the Alexander von Humboldt Foundation at the Historisches Seminar - Abteilung Alte Geschichte of Ludwig-Maximilians-Universität München. The annotated edition is released under the Creative Commons Attribution Share-Alike license 3.0.",
			"cite_as": "Please cite this page as http://oracc.org/atae/P514290/.",
			"collection": "Vorderasiatisches Museum, Berlin, Germany",
			"composite_witness": "witness",
			"credits": "Based on Betina Faist, Alltagstexte aus neuassyrischen Archiven und Bibliotheken der Stadt Assur (Studien zu den Assur-Texten 3), 2007. Adapted, revised, lemmatized, and translated into English by Poppy Tushingham (2018-2020) for the Munich Open-access Cuneiform Corpus Initiative (MOCCI), which is funded by LMU Munich and the Alexander von Humboldt Foundation at the Historisches Seminar - Abteilung Alte Geschichte of Ludwig-Maximilians-Universität München. The annotated edition is released under the Creative Commons Attribution Share-Alike license 3.0. Please cite this page as http://oracc.org/atae/P514290/.",
			"date_of_origin": "00.000.00.00",
			"designation": "StAT 3 072",
			"dialect": "Neo-Assyrian",
			"findspot_square": "N 28",
			"genre": "Legal Transaction",
			"has_date": "yes, but date completely destroyed",
			"language": "Akkadian",
			"last_mod_by": "Tushingham",
			"last_modified": "02.11.2021",
			"list_name": "atae/stat3:P514290",
			"material": "clay",
			"object_type": "tablet",
			"period": "Neo-Assyrian",
			"pleiades_id": "893945",
			"script": "Neo-Assyrian",
			"script_remarks": "inscribed",
			"script_type": "Cuneiform",
			"subgenre": "sales document (person)",
			"ch_no": "10",
			"ch_name": "Texte aus N 28",
			"ch_num_name": "10 (Texte aus N 28)"
		},
		"geometry": {
			"type": "Point",
			"coordinates": [43.262037,35.458121]
		}
	}, {
		"type": "Feature",
		"properties": {
			"project": "stat3",
			"id_text": "P514292",
			"primary_publication": "StAT 3 074",
			"museum_no": "VAT 19517",
			"provenience": "Qalat Sherqat (Assur)",
			"excavation_no": "Ass 11682z",
			"archive": "043 - N 28 Archive",
			"atae_attribution": "Based on Betina Faist, Alltagstexte aus neuassyrischen Archiven und Bibliotheken der Stadt Assur (Studien zu den Assur-Texten 3), 2007. Adapted, revised, lemmatized, and translated into English by Poppy Tushingham (2018-2020) for the Munich Open-access Cuneiform Corpus Initiative (MOCCI), which is funded by LMU Munich and the Alexander von Humboldt Foundation at the Historisches Seminar - Abteilung Alte Geschichte of Ludwig-Maximilians-Universität München. The annotated edition is released under the Creative Commons Attribution Share-Alike license 3.0.",
			"cite_as": "Please cite this page as http://oracc.org/atae/P514292/.",
			"collection": "Vorderasiatisches Museum, Berlin, Germany",
			"composite_witness": "witness",
			"credits": "Based on Betina Faist, Alltagstexte aus neuassyrischen Archiven und Bibliotheken der Stadt Assur (Studien zu den Assur-Texten 3), 2007. Adapted, revised, lemmatized, and translated into English by Poppy Tushingham (2018-2020) for the Munich Open-access Cuneiform Corpus Initiative (MOCCI), which is funded by LMU Munich and the Alexander von Humboldt Foundation at the Historisches Seminar - Abteilung Alte Geschichte of Ludwig-Maximilians-Universität München. The annotated edition is released under the Creative Commons Attribution Share-Alike license 3.0. Please cite this page as http://oracc.org/atae/P514292/.",
			"date_of_origin": "00.000.00.00",
			"designation": "StAT 3 074",
			"dialect": "Neo-Assyrian",
			"findspot_square": "N 28",
			"genre": "Legal Transaction",
			"has_date": "yes, but date completely destroyed",
			"language": "Akkadian",
			"last_mod_by": "Tushingham",
			"last_modified": "02.11.2021",
			"list_name": "atae/stat3:P514292",
			"material": "clay",
			"object_type": "tablet",
			"period": "Neo-Assyrian",
			"pleiades_id": "893945",
			"script": "Neo-Assyrian",
			"script_remarks": "inscribed",
			"script_type": "Cuneiform",
			"subgenre": "sales document (field)",
			"ch_no": "10",
			"ch_name": "Texte aus N 28",
			"ch_num_name": "10 (Texte aus N 28)"
		},
		"geometry": {
			"type": "Point",
			"coordinates": [43.262037,35.458121]
		}
	}, {
		"type": "Feature",
		"properties": {
			"project": "stat3",
			"id_text": "P514293",
			"primary_publication": "StAT 3 075",
			"museum_no": "VAT 19576",
			"provenience": "Qalat Sherqat (Assur)",
			"excavation_no": "Ass 11682n",
			"archive": "043 - N 28 Archive",
			"date": "612*-VIII-10",
			"atae_attribution": "Based on Betina Faist, Alltagstexte aus neuassyrischen Archiven und Bibliotheken der Stadt Assur (Studien zu den Assur-Texten 3), 2007. Adapted, revised, lemmatized, and translated into English by Poppy Tushingham (2018-2020) for the Munich Open-access Cuneiform Corpus Initiative (MOCCI), which is funded by LMU Munich and the Alexander von Humboldt Foundation at the Historisches Seminar - Abteilung Alte Geschichte of Ludwig-Maximilians-Universität München. The annotated edition is released under the Creative Commons Attribution Share-Alike license 3.0.",
			"cite_as": "Please cite this page as http://oracc.org/atae/P514293/.",
			"collection": "Vorderasiatisches Museum, Berlin, Germany",
			"composite_witness": "witness",
			"credits": "Based on Betina Faist, Alltagstexte aus neuassyrischen Archiven und Bibliotheken der Stadt Assur (Studien zu den Assur-Texten 3), 2007. Adapted, revised, lemmatized, and translated into English by Poppy Tushingham (2018-2020) for the Munich Open-access Cuneiform Corpus Initiative (MOCCI), which is funded by LMU Munich and the Alexander von Humboldt Foundation at the Historisches Seminar - Abteilung Alte Geschichte of Ludwig-Maximilians-Universität München. The annotated edition is released under the Creative Commons Attribution Share-Alike license 3.0. Please cite this page as http://oracc.org/atae/P514293/.",
			"date_gen": "612*-VIII-10",
			"date_of_origin": "Sin-sharru-ishkun.limu Shamash-sharru-ibni.08.10",
			"day": "10",
			"designation": "StAT 3 075",
			"dialect": "Neo-Assyrian",
			"eponym": "Šamaš-šarru-ibni",
			"findspot_square": "N 28",
			"genre": "Legal Transaction",
			"language": "Akkadian",
			"last_mod_by": "Tushingham",
			"last_modified": "02.11.2021",
			"list_name": "atae/stat3:P514293",
			"long_date_gen": "Arahsamna 10th, eponymy of Šamaš-šarru-ibni",
			"material": "clay",
			"month": "VIII",
			"object_type": "tablet",
			"period": "Neo-Assyrian",
			"pleiades_id": "893945",
			"regnal_dates": "ca. 626–612 BC",
			"ruler": "Sîn-šarru-iškun",
			"script": "Neo-Assyrian",
			"script_remarks": "inscribed",
			"script_type": "Cuneiform",
			"subgenre": "guarantee",
			"year": "612*",
			"ch_no": "10",
			"ch_name": "Texte aus N 28",
			"ch_num_name": "10 (Texte aus N 28)"
		},
		"geometry": {
			"type": "Point",
			"coordinates": [43.262037,35.458121]
		}
	}, {
		"type": "Feature",
		"properties": {
			"project": "stat3",
			"id_text": "P514294",
			"primary_publication": "StAT 3 076",
			"museum_no": "VAT 20688",
			"provenience": "Qalat Sherqat (Assur)",
			"excavation_no": "Ass 11682b",
			"archive": "043 - N 28 Archive",
			"date": "637*-VII-01",
			"atae_attribution": "Based on Betina Faist, Alltagstexte aus neuassyrischen Archiven und Bibliotheken der Stadt Assur (Studien zu den Assur-Texten 3), 2007. Adapted, revised, lemmatized, and translated into English by Poppy Tushingham (2018-2020) for the Munich Open-access Cuneiform Corpus Initiative (MOCCI), which is funded by LMU Munich and the Alexander von Humboldt Foundation at the Historisches Seminar - Abteilung Alte Geschichte of Ludwig-Maximilians-Universität München. The annotated edition is released under the Creative Commons Attribution Share-Alike license 3.0.",
			"cite_as": "Please cite this page as http://oracc.org/atae/P514294/.",
			"collection": "Vorderasiatisches Museum, Berlin, Germany",
			"composite_witness": "witness",
			"credits": "Based on Betina Faist, Alltagstexte aus neuassyrischen Archiven und Bibliotheken der Stadt Assur (Studien zu den Assur-Texten 3), 2007. Adapted, revised, lemmatized, and translated into English by Poppy Tushingham (2018-2020) for the Munich Open-access Cuneiform Corpus Initiative (MOCCI), which is funded by LMU Munich and the Alexander von Humboldt Foundation at the Historisches Seminar - Abteilung Alte Geschichte of Ludwig-Maximilians-Universität München. The annotated edition is released under the Creative Commons Attribution Share-Alike license 3.0. Please cite this page as http://oracc.org/atae/P514294/.",
			"date_gen": "637*-VII-01",
			"date_of_origin": "Assurbanipal.limu Zababa-eriba.07.01",
			"day": "01",
			"designation": "StAT 3 076",
			"dialect": "Neo-Assyrian",
			"eponym": "Zababa-erība",
			"findspot_square": "N 28",
			"genre": "Legal Transaction",
			"language": "Akkadian",
			"last_mod_by": "Tushingham",
			"last_modified": "02.11.2021",
			"list_name": "atae/stat3:P514294",
			"long_date_gen": "Tašrītu 1st, eponymy of Zababa-erība",
			"material": "clay",
			"month": "VII",
			"object_type": "tablet",
			"period": "Neo-Assyrian",
			"pleiades_id": "893945",
			"regnal_dates": "668–ca. 631 BC",
			"ruler": "Ashurbanipal",
			"script": "Neo-Assyrian",
			"script_remarks": "inscribed",
			"script_type": "Cuneiform",
			"subgenre": "sales document (person)",
			"year": "637*",
			"ch_no": "10",
			"ch_name": "Texte aus N 28",
			"ch_num_name": "10 (Texte aus N 28)"
		},
		"geometry": {
			"type": "Point",
			"coordinates": [43.262037,35.458121]
		}
	}, {
		"type": "Feature",
		"properties": {
			"project": "stat3",
			"id_text": "P514296",
			"primary_publication": "StAT 3 078",
			"museum_no": "VAT 19635",
			"provenience": "Qalat Sherqat (Assur)",
			"excavation_no": "Ass 13058ke",
			"archive": "046 - N 31 Archive",
			"date": "631*-VIII-01",
			"atae_attribution": "Based on Betina Faist, Alltagstexte aus neuassyrischen Archiven und Bibliotheken der Stadt Assur (Studien zu den Assur-Texten 3), 2007. Adapted, revised, lemmatized, and translated into English by Poppy Tushingham (2018-2020) for the Munich Open-access Cuneiform Corpus Initiative (MOCCI), which is funded by LMU Munich and the Alexander von Humboldt Foundation at the Historisches Seminar - Abteilung Alte Geschichte of Ludwig-Maximilians-Universität München. The annotated edition is released under the Creative Commons Attribution Share-Alike license 3.0.",
			"cite_as": "Please cite this page as http://oracc.org/atae/P514296/.",
			"collection": "Vorderasiatisches Museum, Berlin, Germany",
			"composite_witness": "witness",
			"credits": "Based on Betina Faist, Alltagstexte aus neuassyrischen Archiven und Bibliotheken der Stadt Assur (Studien zu den Assur-Texten 3), 2007. Adapted, revised, lemmatized, and translated into English by Poppy Tushingham (2018-2020) for the Munich Open-access Cuneiform Corpus Initiative (MOCCI), which is funded by LMU Munich and the Alexander von Humboldt Foundation at the Historisches Seminar - Abteilung Alte Geschichte of Ludwig-Maximilians-Universität München. The annotated edition is released under the Creative Commons Attribution Share-Alike license 3.0. Please cite this page as http://oracc.org/atae/P514296/.",
			"date_gen": "631*-VIII-01",
			"date_of_origin": "Assur-etel-ilani.limu Adad-remanni.08.01",
			"day": "01",
			"designation": "StAT 3 078",
			"dialect": "Neo-Assyrian",
			"eponym": "Adad-rēmanni",
			"findspot_square": "N 31",
			"genre": "Legal Transaction",
			"language": "Akkadian",
			"last_mod_by": "Tushingham",
			"last_modified": "02.11.2021",
			"list_name": "atae/stat3:P514296",
			"long_date_gen": "Arahsamna 1st, eponymy of Adad-rēmanni",
			"material": "clay",
			"month": "VIII",
			"object_type": "tablet",
			"period": "Neo-Assyrian",
			"pleiades_id": "893945",
			"regnal_dates": "ca. 630–627 BC",
			"ruler": "Aššur-etel-ilāni",
			"script": "Neo-Assyrian",
			"script_remarks": "inscribed",
			"script_type": "Cuneiform",
			"subgenre": "debt note (silver)",
			"year": "631*",
			"ch_no": "12",
			"ch_name": "Texte aus N 31",
			"ch_num_name": "12 (Texte aus N 31)"
		},
		"geometry": {
			"type": "Point",
			"coordinates": [43.262037,35.458121]
		}
	}, {
		"type": "Feature",
		"properties": {
			"project": "stat3",
			"id_text": "P514297",
			"primary_publication": "StAT 3 079",
			"museum_no": "VAT 19667",
			"provenience": "Qalat Sherqat (Assur)",
			"excavation_no": "Ass 13058iv",
			"archive": "046 - N 31 Archive",
			"date": "626*-XI-28",
			"atae_attribution": "Based on Betina Faist, Alltagstexte aus neuassyrischen Archiven und Bibliotheken der Stadt Assur (Studien zu den Assur-Texten 3), 2007. Adapted, revised, lemmatized, and translated into English by Poppy Tushingham (2018-2020) for the Munich Open-access Cuneiform Corpus Initiative (MOCCI), which is funded by LMU Munich and the Alexander von Humboldt Foundation at the Historisches Seminar - Abteilung Alte Geschichte of Ludwig-Maximilians-Universität München. The annotated edition is released under the Creative Commons Attribution Share-Alike license 3.0.",
			"cite_as": "Please cite this page as http://oracc.org/atae/P514297/.",
			"collection": "Vorderasiatisches Museum, Berlin, Germany",
			"composite_witness": "witness",
			"credits": "Based on Betina Faist, Alltagstexte aus neuassyrischen Archiven und Bibliotheken der Stadt Assur (Studien zu den Assur-Texten 3), 2007. Adapted, revised, lemmatized, and translated into English by Poppy Tushingham (2018-2020) for the Munich Open-access Cuneiform Corpus Initiative (MOCCI), which is funded by LMU Munich and the Alexander von Humboldt Foundation at the Historisches Seminar - Abteilung Alte Geschichte of Ludwig-Maximilians-Universität München. The annotated edition is released under the Creative Commons Attribution Share-Alike license 3.0. Please cite this page as http://oracc.org/atae/P514297/.",
			"date_gen": "626*-XI-28",
			"date_of_origin": "Sin-sharru-ishkun.limu Iqbi-ilani.11.28",
			"day": "28",
			"designation": "StAT 3 079",
			"dialect": "Neo-Assyrian",
			"eponym": "Iqbi-ilani",
			"findspot_square": "N 31",
			"genre": "Legal Transaction",
			"language": "Akkadian",
			"last_mod_by": "Tushingham",
			"last_modified": "02.11.2021",
			"list_name": "atae/stat3:P514297",
			"long_date_gen": "Šabāṭu 28th, eponymy of Iqbi-ilani",
			"material": "clay",
			"month": "XI",
			"object_type": "tablet",
			"period": "Neo-Assyrian",
			"pleiades_id": "893945",
			"regnal_dates": "ca. 626–612 BC",
			"ruler": "Sîn-šarru-iškun",
			"script": "Neo-Assyrian",
			"script_remarks": "inscribed",
			"script_type": "Cuneiform",
			"subgenre": "judicial document",
			"year": "626*",
			"ch_no": "12",
			"ch_name": "Texte aus N 31",
			"ch_num_name": "12 (Texte aus N 31)"
		},
		"geometry": {
			"type": "Point",
			"coordinates": [43.262037,35.458121]
		}
	}, {
		"type": "Feature",
		"properties": {
			"project": "stat3",
			"id_text": "P514298",
			"primary_publication": "StAT 3 080",
			"museum_no": "VAT 19686",
			"provenience": "Qalat Sherqat (Assur)",
			"excavation_no": "Ass 13058re",
			"archive": "046 - N 31 Archive",
			"atae_attribution": "Based on Betina Faist, Alltagstexte aus neuassyrischen Archiven und Bibliotheken der Stadt Assur (Studien zu den Assur-Texten 3), 2007. Adapted, revised, lemmatized, and translated into English by Poppy Tushingham (2018-2020) for the Munich Open-access Cuneiform Corpus Initiative (MOCCI), which is funded by LMU Munich and the Alexander von Humboldt Foundation at the Historisches Seminar - Abteilung Alte Geschichte of Ludwig-Maximilians-Universität München. The annotated edition is released under the Creative Commons Attribution Share-Alike license 3.0.",
			"cite_as": "Please cite this page as http://oracc.org/atae/P514298/.",
			"collection": "Vorderasiatisches Museum, Berlin, Germany",
			"composite_witness": "witness",
			"credits": "Based on Betina Faist, Alltagstexte aus neuassyrischen Archiven und Bibliotheken der Stadt Assur (Studien zu den Assur-Texten 3), 2007. Adapted, revised, lemmatized, and translated into English by Poppy Tushingham (2018-2020) for the Munich Open-access Cuneiform Corpus Initiative (MOCCI), which is funded by LMU Munich and the Alexander von Humboldt Foundation at the Historisches Seminar - Abteilung Alte Geschichte of Ludwig-Maximilians-Universität München. The annotated edition is released under the Creative Commons Attribution Share-Alike license 3.0. Please cite this page as http://oracc.org/atae/P514298/.",
			"date_of_origin": "00.000.00.00",
			"designation": "StAT 3 080",
			"dialect": "Neo-Assyrian",
			"findspot_square": "N 31",
			"genre": "Administrative Record",
			"language": "Akkadian",
			"last_mod_by": "Tushingham",
			"last_modified": "02.11.2021",
			"list_name": "atae/stat3:P514298",
			"material": "clay",
			"object_type": "tablet",
			"period": "Neo-Assyrian",
			"pleiades_id": "893945",
			"script": "Neo-Assyrian",
			"script_remarks": "inscribed",
			"script_type": "Cuneiform",
			"subgenre": "list (metal)",
			"ch_no": "12",
			"ch_name": "Texte aus N 31",
			"ch_num_name": "12 (Texte aus N 31)"
		},
		"geometry": {
			"type": "Point",
			"coordinates": [43.262037,35.458121]
		}
	}, {
		"type": "Feature",
		"properties": {
			"project": "stat3",
			"id_text": "P514299",
			"primary_publication": "StAT 3 081",
			"museum_no": "VAT 19687",
			"provenience": "Qalat Sherqat (Assur)",
			"excavation_no": "Ass —",
			"archive": "046 - N 31 Archive",
			"date": "655-04-[...]",
			"atae_attribution": "Based on Betina Faist, Alltagstexte aus neuassyrischen Archiven und Bibliotheken der Stadt Assur (Studien zu den Assur-Texten 3), 2007. Adapted, revised, lemmatized, and translated into English by Poppy Tushingham (2018-2020) for the Munich Open-access Cuneiform Corpus Initiative (MOCCI), which is funded by LMU Munich and the Alexander von Humboldt Foundation at the Historisches Seminar - Abteilung Alte Geschichte of Ludwig-Maximilians-Universität München. The annotated edition is released under the Creative Commons Attribution Share-Alike license 3.0.",
			"cite_as": "Please cite this page as http://oracc.org/atae/P514299/.",
			"collection": "Vorderasiatisches Museum, Berlin, Germany",
			"composite_witness": "witness",
			"credits": "Based on Betina Faist, Alltagstexte aus neuassyrischen Archiven und Bibliotheken der Stadt Assur (Studien zu den Assur-Texten 3), 2007. Adapted, revised, lemmatized, and translated into English by Poppy Tushingham (2018-2020) for the Munich Open-access Cuneiform Corpus Initiative (MOCCI), which is funded by LMU Munich and the Alexander von Humboldt Foundation at the Historisches Seminar - Abteilung Alte Geschichte of Ludwig-Maximilians-Universität München. The annotated edition is released under the Creative Commons Attribution Share-Alike license 3.0. Please cite this page as http://oracc.org/atae/P514299/.",
			"date_gen": "655-IV-[...]",
			"date_of_origin": "Assurbanipal.limu Awianu.04.00",
			"day": "[...]",
			"designation": "StAT 3 081",
			"dialect": "Neo-Assyrian",
			"eponym": "Awiānu",
			"findspot_square": "N 31",
			"genre": "Administrative Record",
			"language": "Akkadian",
			"last_mod_by": "Tushingham",
			"last_modified": "02.11.2021",
			"list_name": "atae/stat3:P514299",
			"long_date_gen": "Duʾūzu ...th, eponymy of Awiānu",
			"material": "clay",
			"month": "IV",
			"object_type": "tablet",
			"period": "Neo-Assyrian",
			"pleiades_id": "893945",
			"regnal_dates": "668–ca. 631 BC",
			"ruler": "Ashurbanipal",
			"script": "Neo-Assyrian",
			"script_remarks": "inscribed",
			"script_type": "Cuneiform",
			"subgenre": "list (metal)",
			"year": "655",
			"ch_no": "12",
			"ch_name": "Texte aus N 31",
			"ch_num_name": "12 (Texte aus N 31)"
		},
		"geometry": {
			"type": "Point",
			"coordinates": [43.262037,35.458121]
		}
	}, {
		"type": "Feature",
		"properties": {
			"project": "stat3",
			"id_text": "P514300",
			"primary_publication": "StAT 3 082",
			"museum_no": "VAT 19689",
			"provenience": "Qalat Sherqat (Assur)",
			"excavation_no": "Ass 13058ke",
			"archive": "046 - N 31 Archive",
			"date": "617*-XII-15",
			"atae_attribution": "Based on Betina Faist, Alltagstexte aus neuassyrischen Archiven und Bibliotheken der Stadt Assur (Studien zu den Assur-Texten 3), 2007. Adapted, revised, lemmatized, and translated into English by Poppy Tushingham (2018-2020) for the Munich Open-access Cuneiform Corpus Initiative (MOCCI), which is funded by LMU Munich and the Alexander von Humboldt Foundation at the Historisches Seminar - Abteilung Alte Geschichte of Ludwig-Maximilians-Universität München. The annotated edition is released under the Creative Commons Attribution Share-Alike license 3.0.",
			"cite_as": "Please cite this page as http://oracc.org/atae/P514300/.",
			"collection": "Vorderasiatisches Museum, Berlin, Germany",
			"composite_witness": "witness",
			"credits": "Based on Betina Faist, Alltagstexte aus neuassyrischen Archiven und Bibliotheken der Stadt Assur (Studien zu den Assur-Texten 3), 2007. Adapted, revised, lemmatized, and translated into English by Poppy Tushingham (2018-2020) for the Munich Open-access Cuneiform Corpus Initiative (MOCCI), which is funded by LMU Munich and the Alexander von Humboldt Foundation at the Historisches Seminar - Abteilung Alte Geschichte of Ludwig-Maximilians-Universität München. The annotated edition is released under the Creative Commons Attribution Share-Alike license 3.0. Please cite this page as http://oracc.org/atae/P514300/.",
			"date_gen": "617*-XII-15",
			"date_of_origin": "Sin-sharru-ishkun.limu Assur-remanni.12.15",
			"day": "15",
			"designation": "StAT 3 082",
			"dialect": "Neo-Assyrian",
			"eponym": "Aššur-rēmanni",
			"findspot_square": "N 31",
			"genre": "Legal Transaction",
			"language": "Akkadian",
			"last_mod_by": "Tushingham",
			"last_modified": "02.11.2021",
			"list_name": "atae/stat3:P514300",
			"long_date_gen": "Addaru 15th, eponymy of Aššur-rēmanni",
			"material": "clay",
			"month": "XII",
			"object_type": "tablet",
			"period": "Neo-Assyrian",
			"pleiades_id": "893945",
			"regnal_dates": "ca. 626–612 BC",
			"ruler": "Sîn-šarru-iškun",
			"script": "Neo-Assyrian",
			"script_remarks": "inscribed",
			"script_type": "Cuneiform",
			"subgenre": "debt note (silver)",
			"year": "617*",
			"ch_no": "12",
			"ch_name": "Texte aus N 31",
			"ch_num_name": "12 (Texte aus N 31)"
		},
		"geometry": {
			"type": "Point",
			"coordinates": [43.262037,35.458121]
		}
	}, {
		"type": "Feature",
		"properties": {
			"project": "stat3",
			"id_text": "P514301",
			"primary_publication": "StAT 3 083",
			"museum_no": "VAT 19712",
			"provenience": "Qalat Sherqat (Assur)",
			"excavation_no": "Ass —",
			"archive": "046 - N 31 Archive",
			"atae_attribution": "Based on Betina Faist, Alltagstexte aus neuassyrischen Archiven und Bibliotheken der Stadt Assur (Studien zu den Assur-Texten 3), 2007. Adapted, revised, lemmatized, and translated into English by Poppy Tushingham (2018-2020) for the Munich Open-access Cuneiform Corpus Initiative (MOCCI), which is funded by LMU Munich and the Alexander von Humboldt Foundation at the Historisches Seminar - Abteilung Alte Geschichte of Ludwig-Maximilians-Universität München. The annotated edition is released under the Creative Commons Attribution Share-Alike license 3.0.",
			"cite_as": "Please cite this page as http://oracc.org/atae/P514301/.",
			"collection": "Vorderasiatisches Museum, Berlin, Germany",
			"composite_witness": "witness",
			"credits": "Based on Betina Faist, Alltagstexte aus neuassyrischen Archiven und Bibliotheken der Stadt Assur (Studien zu den Assur-Texten 3), 2007. Adapted, revised, lemmatized, and translated into English by Poppy Tushingham (2018-2020) for the Munich Open-access Cuneiform Corpus Initiative (MOCCI), which is funded by LMU Munich and the Alexander von Humboldt Foundation at the Historisches Seminar - Abteilung Alte Geschichte of Ludwig-Maximilians-Universität München. The annotated edition is released under the Creative Commons Attribution Share-Alike license 3.0. Please cite this page as http://oracc.org/atae/P514301/.",
			"date_of_origin": "00.000.00.00",
			"designation": "StAT 3 083",
			"dialect": "Neo-Assyrian",
			"findspot_square": "N 31",
			"genre": "Legal Transaction",
			"has_date": "yes, but date completely destroyed",
			"language": "Akkadian",
			"last_mod_by": "Tushingham",
			"last_modified": "02.11.2021",
			"list_name": "atae/stat3:P514301",
			"material": "clay",
			"object_type": "tablet",
			"period": "Neo-Assyrian",
			"pleiades_id": "893945",
			"script": "Neo-Assyrian",
			"script_remarks": "inscribed",
			"script_type": "Cuneiform",
			"subgenre": "sales document",
			"ch_no": "12",
			"ch_name": "Texte aus N 31",
			"ch_num_name": "12 (Texte aus N 31)"
		},
		"geometry": {
			"type": "Point",
			"coordinates": [43.262037,35.458121]
		}
	}, {
		"type": "Feature",
		"properties": {
			"project": "stat3",
			"id_text": "P514302",
			"primary_publication": "StAT 3 084",
			"museum_no": "VAT 19734",
			"provenience": "Qalat Sherqat (Assur)",
			"excavation_no": "Ass 13058kb",
			"archive": "046 - N 31 Archive",
			"date": "641*-XI-03",
			"atae_attribution": "Based on Betina Faist, Alltagstexte aus neuassyrischen Archiven und Bibliotheken der Stadt Assur (Studien zu den Assur-Texten 3), 2007. Adapted, revised, lemmatized, and translated into English by Poppy Tushingham (2018-2020) for the Munich Open-access Cuneiform Corpus Initiative (MOCCI), which is funded by LMU Munich and the Alexander von Humboldt Foundation at the Historisches Seminar - Abteilung Alte Geschichte of Ludwig-Maximilians-Universität München. The annotated edition is released under the Creative Commons Attribution Share-Alike license 3.0.",
			"cite_as": "Please cite this page as http://oracc.org/atae/P514302/.",
			"collection": "Vorderasiatisches Museum, Berlin, Germany",
			"composite_witness": "witness",
			"credits": "Based on Betina Faist, Alltagstexte aus neuassyrischen Archiven und Bibliotheken der Stadt Assur (Studien zu den Assur-Texten 3), 2007. Adapted, revised, lemmatized, and translated into English by Poppy Tushingham (2018-2020) for the Munich Open-access Cuneiform Corpus Initiative (MOCCI), which is funded by LMU Munich and the Alexander von Humboldt Foundation at the Historisches Seminar - Abteilung Alte Geschichte of Ludwig-Maximilians-Universität München. The annotated edition is released under the Creative Commons Attribution Share-Alike license 3.0. Please cite this page as http://oracc.org/atae/P514302/.",
			"date_gen": "641*-XI-03",
			"date_of_origin": "Assurbanipal.limu Assur-garu’a-nere.11.03",
			"day": "03",
			"designation": "StAT 3 084",
			"dialect": "Neo-Assyrian",
			"eponym": "Aššur-gārū’a-nēre",
			"findspot_square": "N 31",
			"genre": "Legal Transaction",
			"language": "Akkadian",
			"last_mod_by": "Tushingham",
			"last_modified": "02.11.2021",
			"list_name": "atae/stat3:P514302",
			"long_date_gen": "Šabāṭu 3rd, eponymy of Aššur-gārū’a-nēre",
			"material": "clay",
			"month": "XI",
			"object_type": "tablet",
			"period": "Neo-Assyrian",
			"pleiades_id": "893945",
			"regnal_dates": "668–ca. 631 BC",
			"ruler": "Ashurbanipal",
			"script": "Neo-Assyrian",
			"script_remarks": "inscribed",
			"script_type": "Cuneiform",
			"subgenre": "debt note (silver)",
			"year": "641*",
			"ch_no": "12",
			"ch_name": "Texte aus N 31",
			"ch_num_name": "12 (Texte aus N 31)"
		},
		"geometry": {
			"type": "Point",
			"coordinates": [43.262037,35.458121]
		}
	}, {
		"type": "Feature",
		"properties": {
			"project": "stat3",
			"id_text": "P514303",
			"primary_publication": "StAT 3 085",
			"museum_no": "VAT 19774",
			"provenience": "Qalat Sherqat (Assur)",
			"excavation_no": "Ass —",
			"archive": "046 - N 31 Archive",
			"atae_attribution": "Based on Betina Faist, Alltagstexte aus neuassyrischen Archiven und Bibliotheken der Stadt Assur (Studien zu den Assur-Texten 3), 2007. Adapted, revised, lemmatized, and translated into English by Poppy Tushingham (2018-2020) for the Munich Open-access Cuneiform Corpus Initiative (MOCCI), which is funded by LMU Munich and the Alexander von Humboldt Foundation at the Historisches Seminar - Abteilung Alte Geschichte of Ludwig-Maximilians-Universität München. The annotated edition is released under the Creative Commons Attribution Share-Alike license 3.0.",
			"cite_as": "Please cite this page as http://oracc.org/atae/P514303/.",
			"collection": "Vorderasiatisches Museum, Berlin, Germany",
			"composite_witness": "witness",
			"credits": "Based on Betina Faist, Alltagstexte aus neuassyrischen Archiven und Bibliotheken der Stadt Assur (Studien zu den Assur-Texten 3), 2007. Adapted, revised, lemmatized, and translated into English by Poppy Tushingham (2018-2020) for the Munich Open-access Cuneiform Corpus Initiative (MOCCI), which is funded by LMU Munich and the Alexander von Humboldt Foundation at the Historisches Seminar - Abteilung Alte Geschichte of Ludwig-Maximilians-Universität München. The annotated edition is released under the Creative Commons Attribution Share-Alike license 3.0. Please cite this page as http://oracc.org/atae/P514303/.",
			"date_of_origin": "00.000.00.00",
			"designation": "StAT 3 085",
			"dialect": "Neo-Assyrian",
			"findspot_square": "N 31",
			"genre": "Legal Transaction",
			"has_date": "yes, but date completely destroyed",
			"language": "Akkadian",
			"last_mod_by": "Tushingham",
			"last_modified": "02.11.2021",
			"list_name": "atae/stat3:P514303",
			"material": "clay",
			"object_type": "tablet",
			"period": "Neo-Assyrian",
			"pleiades_id": "893945",
			"script": "Neo-Assyrian",
			"script_remarks": "inscribed",
			"script_type": "Cuneiform",
			"subgenre": "sales document (house)",
			"ch_no": "12",
			"ch_name": "Texte aus N 31",
			"ch_num_name": "12 (Texte aus N 31)"
		},
		"geometry": {
			"type": "Point",
			"coordinates": [43.262037,35.458121]
		}
	}, {
		"type": "Feature",
		"properties": {
			"project": "stat3",
			"id_text": "P514304",
			"primary_publication": "StAT 3 086",
			"museum_no": "VAT 19795",
			"provenience": "Qalat Sherqat (Assur)",
			"excavation_no": "Ass —",
			"archive": "046 - N 31 Archive",
			"atae_attribution": "Based on Betina Faist, Alltagstexte aus neuassyrischen Archiven und Bibliotheken der Stadt Assur (Studien zu den Assur-Texten 3), 2007. Adapted, revised, lemmatized, and translated into English by Poppy Tushingham (2018-2020) for the Munich Open-access Cuneiform Corpus Initiative (MOCCI), which is funded by LMU Munich and the Alexander von Humboldt Foundation at the Historisches Seminar - Abteilung Alte Geschichte of Ludwig-Maximilians-Universität München. The annotated edition is released under the Creative Commons Attribution Share-Alike license 3.0.",
			"cite_as": "Please cite this page as http://oracc.org/atae/P514304/.",
			"collection": "Vorderasiatisches Museum, Berlin, Germany",
			"composite_witness": "witness",
			"credits": "Based on Betina Faist, Alltagstexte aus neuassyrischen Archiven und Bibliotheken der Stadt Assur (Studien zu den Assur-Texten 3), 2007. Adapted, revised, lemmatized, and translated into English by Poppy Tushingham (2018-2020) for the Munich Open-access Cuneiform Corpus Initiative (MOCCI), which is funded by LMU Munich and the Alexander von Humboldt Foundation at the Historisches Seminar - Abteilung Alte Geschichte of Ludwig-Maximilians-Universität München. The annotated edition is released under the Creative Commons Attribution Share-Alike license 3.0. Please cite this page as http://oracc.org/atae/P514304/.",
			"date_of_origin": "00.000.00.00",
			"designation": "StAT 3 086",
			"dialect": "Neo-Assyrian",
			"findspot_square": "N 31",
			"genre": "Uncertain",
			"language": "Akkadian",
			"last_mod_by": "Tushingham",
			"last_modified": "02.11.2021",
			"list_name": "atae/stat3:P514304",
			"material": "clay",
			"object_type": "tablet",
			"period": "Neo-Assyrian",
			"pleiades_id": "893945",
			"script": "Neo-Assyrian",
			"script_remarks": "inscribed",
			"script_type": "Cuneiform",
			"ch_no": "12",
			"ch_name": "Texte aus N 31",
			"ch_num_name": "12 (Texte aus N 31)"
		},
		"geometry": {
			"type": "Point",
			"coordinates": [43.262037,35.458121]
		}
	}, {
		"type": "Feature",
		"properties": {
			"project": "stat3",
			"id_text": "P514305",
			"primary_publication": "StAT 3 087",
			"museum_no": "VAT 20092",
			"provenience": "Qalat Sherqat (Assur)",
			"excavation_no": "Ass 13058iz",
			"archive": "046 - N 31 Archive",
			"date": "617*-VI-20",
			"atae_attribution": "Based on Betina Faist, Alltagstexte aus neuassyrischen Archiven und Bibliotheken der Stadt Assur (Studien zu den Assur-Texten 3), 2007. Adapted, revised, lemmatized, and translated into English by Poppy Tushingham (2018-2020) for the Munich Open-access Cuneiform Corpus Initiative (MOCCI), which is funded by LMU Munich and the Alexander von Humboldt Foundation at the Historisches Seminar - Abteilung Alte Geschichte of Ludwig-Maximilians-Universität München. The annotated edition is released under the Creative Commons Attribution Share-Alike license 3.0.",
			"cite_as": "Please cite this page as http://oracc.org/atae/P514305/.",
			"collection": "Vorderasiatisches Museum, Berlin, Germany",
			"composite_witness": "witness",
			"credits": "Based on Betina Faist, Alltagstexte aus neuassyrischen Archiven und Bibliotheken der Stadt Assur (Studien zu den Assur-Texten 3), 2007. Adapted, revised, lemmatized, and translated into English by Poppy Tushingham (2018-2020) for the Munich Open-access Cuneiform Corpus Initiative (MOCCI), which is funded by LMU Munich and the Alexander von Humboldt Foundation at the Historisches Seminar - Abteilung Alte Geschichte of Ludwig-Maximilians-Universität München. The annotated edition is released under the Creative Commons Attribution Share-Alike license 3.0. Please cite this page as http://oracc.org/atae/P514305/.",
			"date_gen": "617*-VI-20",
			"date_of_origin": "Sin-sharru-ishkun.limu Assur-remanni.06.20",
			"day": "20",
			"designation": "StAT 3 087",
			"dialect": "Neo-Assyrian",
			"eponym": "Aššur-rēmanni",
			"findspot_square": "N 31",
			"genre": "Administrative Record",
			"language": "Akkadian",
			"last_mod_by": "Tushingham",
			"last_modified": "02.11.2021",
			"list_name": "atae/stat3:P514305",
			"long_date_gen": "Ulūlu 20th, eponymy of Aššur-rēmanni",
			"material": "clay",
			"month": "VI",
			"object_type": "tablet",
			"period": "Neo-Assyrian",
			"pleiades_id": "893945",
			"regnal_dates": "ca. 626–612 BC",
			"ruler": "Sîn-šarru-iškun",
			"script": "Neo-Assyrian",
			"script_remarks": "inscribed",
			"script_type": "Cuneiform",
			"subgenre": "receipt",
			"year": "617*",
			"ch_no": "12",
			"ch_name": "Texte aus N 31",
			"ch_num_name": "12 (Texte aus N 31)"
		},
		"geometry": {
			"type": "Point",
			"coordinates": [43.262037,35.458121]
		}
	}, {
		"type": "Feature",
		"properties": {
			"project": "stat3",
			"id_text": "P514306",
			"primary_publication": "StAT 3 088",
			"museum_no": "VAT 20761",
			"provenience": "Qalat Sherqat (Assur)",
			"excavation_no": "Ass 13319c",
			"archive": "046 - N 31 Archive",
			"date": "638*-IV-05",
			"atae_attribution": "Based on Betina Faist, Alltagstexte aus neuassyrischen Archiven und Bibliotheken der Stadt Assur (Studien zu den Assur-Texten 3), 2007. Adapted, revised, lemmatized, and translated into English by Poppy Tushingham (2018-2020) for the Munich Open-access Cuneiform Corpus Initiative (MOCCI), which is funded by LMU Munich and the Alexander von Humboldt Foundation at the Historisches Seminar - Abteilung Alte Geschichte of Ludwig-Maximilians-Universität München. The annotated edition is released under the Creative Commons Attribution Share-Alike license 3.0.",
			"cite_as": "Please cite this page as http://oracc.org/atae/P514306/.",
			"collection": "Vorderasiatisches Museum, Berlin, Germany",
			"composite_witness": "witness",
			"credits": "Based on Betina Faist, Alltagstexte aus neuassyrischen Archiven und Bibliotheken der Stadt Assur (Studien zu den Assur-Texten 3), 2007. Adapted, revised, lemmatized, and translated into English by Poppy Tushingham (2018-2020) for the Munich Open-access Cuneiform Corpus Initiative (MOCCI), which is funded by LMU Munich and the Alexander von Humboldt Foundation at the Historisches Seminar - Abteilung Alte Geschichte of Ludwig-Maximilians-Universität München. The annotated edition is released under the Creative Commons Attribution Share-Alike license 3.0. Please cite this page as http://oracc.org/atae/P514306/.",
			"date_gen": "638*-IV-05",
			"date_of_origin": "Assurbanipal.limu Assur-gimilli-tere.04.05",
			"day": "05",
			"designation": "StAT 3 088",
			"dialect": "Neo-Assyrian",
			"eponym": "Aššur-gimilli-tēre",
			"findspot_square": "N 31",
			"genre": "Legal Transaction",
			"language": "Akkadian",
			"last_mod_by": "Tushingham",
			"last_modified": "02.11.2021",
			"list_name": "atae/stat3:P514306",
			"long_date_gen": "Duʾūzu 5th, eponymy of Aššur-gimilli-tēre",
			"material": "clay",
			"month": "IV",
			"object_type": "tablet",
			"period": "Neo-Assyrian",
			"pleiades_id": "893945",
			"regnal_dates": "668–ca. 631 BC",
			"ruler": "Ashurbanipal",
			"script": "Neo-Assyrian",
			"script_remarks": "inscribed",
			"script_type": "Cuneiform",
			"subgenre": "sales document (person, marriage?)",
			"year": "638*",
			"ch_no": "12",
			"ch_name": "Texte aus N 31",
			"ch_num_name": "12 (Texte aus N 31)"
		},
		"geometry": {
			"type": "Point",
			"coordinates": [43.262037,35.458121]
		}
	}, {
		"type": "Feature",
		"properties": {
			"project": "stat3",
			"id_text": "P514307",
			"primary_publication": "StAT 3 089",
			"museum_no": "VAT 20763",
			"provenience": "Qalat Sherqat (Assur)",
			"excavation_no": "Ass 13319",
			"archive": "046 - N 31 Archive",
			"atae_attribution": "Based on Betina Faist, Alltagstexte aus neuassyrischen Archiven und Bibliotheken der Stadt Assur (Studien zu den Assur-Texten 3), 2007. Adapted, revised, lemmatized, and translated into English by Poppy Tushingham (2018-2020) for the Munich Open-access Cuneiform Corpus Initiative (MOCCI), which is funded by LMU Munich and the Alexander von Humboldt Foundation at the Historisches Seminar - Abteilung Alte Geschichte of Ludwig-Maximilians-Universität München. The annotated edition is released under the Creative Commons Attribution Share-Alike license 3.0.",
			"cite_as": "Please cite this page as http://oracc.org/atae/P514307/.",
			"collection": "Vorderasiatisches Museum, Berlin, Germany",
			"composite_witness": "witness",
			"credits": "Based on Betina Faist, Alltagstexte aus neuassyrischen Archiven und Bibliotheken der Stadt Assur (Studien zu den Assur-Texten 3), 2007. Adapted, revised, lemmatized, and translated into English by Poppy Tushingham (2018-2020) for the Munich Open-access Cuneiform Corpus Initiative (MOCCI), which is funded by LMU Munich and the Alexander von Humboldt Foundation at the Historisches Seminar - Abteilung Alte Geschichte of Ludwig-Maximilians-Universität München. The annotated edition is released under the Creative Commons Attribution Share-Alike license 3.0. Please cite this page as http://oracc.org/atae/P514307/.",
			"date_of_origin": "00.000.00.00",
			"designation": "StAT 3 089",
			"dialect": "Neo-Assyrian",
			"findspot_square": "N 31",
			"genre": "Uncertain",
			"language": "Akkadian",
			"last_mod_by": "Tushingham",
			"last_modified": "02.11.2021",
			"list_name": "atae/stat3:P514307",
			"material": "clay",
			"object_type": "tablet",
			"period": "Neo-Assyrian",
			"pleiades_id": "893945",
			"script": "Neo-Assyrian",
			"script_remarks": "inscribed",
			"script_type": "Cuneiform",
			"ch_no": "12",
			"ch_name": "Texte aus N 31",
			"ch_num_name": "12 (Texte aus N 31)"
		},
		"geometry": {
			"type": "Point",
			"coordinates": [43.262037,35.458121]
		}
	}, {
		"type": "Feature",
		"properties": {
			"project": "stat3",
			"id_text": "P514308",
			"primary_publication": "StAT 3 090",
			"museum_no": "VAT 20764",
			"provenience": "Qalat Sherqat (Assur)",
			"excavation_no": "Ass 13319",
			"archive": "046 - N 31 Archive",
			"atae_attribution": "Based on Betina Faist, Alltagstexte aus neuassyrischen Archiven und Bibliotheken der Stadt Assur (Studien zu den Assur-Texten 3), 2007. Adapted, revised, lemmatized, and translated into English by Poppy Tushingham (2018-2020) for the Munich Open-access Cuneiform Corpus Initiative (MOCCI), which is funded by LMU Munich and the Alexander von Humboldt Foundation at the Historisches Seminar - Abteilung Alte Geschichte of Ludwig-Maximilians-Universität München. The annotated edition is released under the Creative Commons Attribution Share-Alike license 3.0.",
			"cite_as": "Please cite this page as http://oracc.org/atae/P514308/.",
			"collection": "Vorderasiatisches Museum, Berlin, Germany",
			"composite_witness": "witness",
			"credits": "Based on Betina Faist, Alltagstexte aus neuassyrischen Archiven und Bibliotheken der Stadt Assur (Studien zu den Assur-Texten 3), 2007. Adapted, revised, lemmatized, and translated into English by Poppy Tushingham (2018-2020) for the Munich Open-access Cuneiform Corpus Initiative (MOCCI), which is funded by LMU Munich and the Alexander von Humboldt Foundation at the Historisches Seminar - Abteilung Alte Geschichte of Ludwig-Maximilians-Universität München. The annotated edition is released under the Creative Commons Attribution Share-Alike license 3.0. Please cite this page as http://oracc.org/atae/P514308/.",
			"date_of_origin": "00.000.00.00",
			"designation": "StAT 3 090",
			"dialect": "Neo-Assyrian",
			"findspot_square": "N 31",
			"genre": "Legal Transaction",
			"has_date": "yes, but date completely destroyed",
			"language": "Akkadian",
			"last_mod_by": "Tushingham",
			"last_modified": "02.11.2021",
			"list_name": "atae/stat3:P514308",
			"material": "clay",
			"object_type": "tablet",
			"period": "Neo-Assyrian",
			"pleiades_id": "893945",
			"script": "Neo-Assyrian",
			"script_remarks": "inscribed",
			"script_type": "Cuneiform",
			"subgenre": "judicial document",
			"ch_no": "12",
			"ch_name": "Texte aus N 31",
			"ch_num_name": "12 (Texte aus N 31)"
		},
		"geometry": {
			"type": "Point",
			"coordinates": [43.262037,35.458121]
		}
	}, {
		"type": "Feature",
		"properties": {
			"project": "stat3",
			"id_text": "P514309",
			"primary_publication": "StAT 3 091",
			"museum_no": "VAT 20765",
			"provenience": "Qalat Sherqat (Assur)",
			"excavation_no": "Ass 13319ae",
			"archive": "046 - N 31 Archive",
			"date": "640*-XII/II-09",
			"atae_attribution": "Based on Betina Faist, Alltagstexte aus neuassyrischen Archiven und Bibliotheken der Stadt Assur (Studien zu den Assur-Texten 3), 2007. Adapted, revised, lemmatized, and translated into English by Poppy Tushingham (2018-2020) for the Munich Open-access Cuneiform Corpus Initiative (MOCCI), which is funded by LMU Munich and the Alexander von Humboldt Foundation at the Historisches Seminar - Abteilung Alte Geschichte of Ludwig-Maximilians-Universität München. The annotated edition is released under the Creative Commons Attribution Share-Alike license 3.0.",
			"cite_as": "Please cite this page as http://oracc.org/atae/P514309/.",
			"collection": "Vorderasiatisches Museum, Berlin, Germany",
			"composite_witness": "witness",
			"credits": "Based on Betina Faist, Alltagstexte aus neuassyrischen Archiven und Bibliotheken der Stadt Assur (Studien zu den Assur-Texten 3), 2007. Adapted, revised, lemmatized, and translated into English by Poppy Tushingham (2018-2020) for the Munich Open-access Cuneiform Corpus Initiative (MOCCI), which is funded by LMU Munich and the Alexander von Humboldt Foundation at the Historisches Seminar - Abteilung Alte Geschichte of Ludwig-Maximilians-Universität München. The annotated edition is released under the Creative Commons Attribution Share-Alike license 3.0. Please cite this page as http://oracc.org/atae/P514309/.",
			"date_gen": "640*-XII₂-09",
			"date_of_origin": "Assurbanipal.limu Shamash-metu-uballit.12/2.09",
			"day": "09",
			"designation": "StAT 3 091",
			"dialect": "Neo-Assyrian",
			"eponym": "Šamaš-mētu-uballiṭ",
			"findspot_square": "N 31",
			"genre": "Legal Transaction",
			"language": "Akkadian",
			"last_mod_by": "Tushingham",
			"last_modified": "02.11.2021",
			"list_name": "atae/stat3:P514309",
			"long_date_gen": "Intercalary Addaru 9th, eponymy of Šamaš-mētu-uballiṭ",
			"material": "clay",
			"month": "XII₂",
			"object_type": "tablet",
			"period": "Neo-Assyrian",
			"pleiades_id": "893945",
			"regnal_dates": "668–ca. 631 BC",
			"ruler": "Ashurbanipal",
			"script": "Neo-Assyrian",
			"script_remarks": "inscribed",
			"script_type": "Cuneiform",
			"subgenre": "debt note (silver)",
			"year": "640*",
			"ch_no": "12",
			"ch_name": "Texte aus N 31",
			"ch_num_name": "12 (Texte aus N 31)"
		},
		"geometry": {
			"type": "Point",
			"coordinates": [43.262037,35.458121]
		}
	}, {
		"type": "Feature",
		"properties": {
			"project": "stat3",
			"id_text": "P514310",
			"primary_publication": "StAT 3 092",
			"museum_no": "VAT 20766",
			"provenience": "Qalat Sherqat (Assur)",
			"excavation_no": "Ass 13319ag",
			"archive": "046 - N 31 Archive",
			"date": "613*-IV-05",
			"atae_attribution": "Based on Betina Faist, Alltagstexte aus neuassyrischen Archiven und Bibliotheken der Stadt Assur (Studien zu den Assur-Texten 3), 2007. Adapted, revised, lemmatized, and translated into English by Poppy Tushingham (2018-2020) for the Munich Open-access Cuneiform Corpus Initiative (MOCCI), which is funded by LMU Munich and the Alexander von Humboldt Foundation at the Historisches Seminar - Abteilung Alte Geschichte of Ludwig-Maximilians-Universität München. The annotated edition is released under the Creative Commons Attribution Share-Alike license 3.0.",
			"cite_as": "Please cite this page as http://oracc.org/atae/P514310/.",
			"collection": "Vorderasiatisches Museum, Berlin, Germany",
			"composite_witness": "witness",
			"credits": "Based on Betina Faist, Alltagstexte aus neuassyrischen Archiven und Bibliotheken der Stadt Assur (Studien zu den Assur-Texten 3), 2007. Adapted, revised, lemmatized, and translated into English by Poppy Tushingham (2018-2020) for the Munich Open-access Cuneiform Corpus Initiative (MOCCI), which is funded by LMU Munich and the Alexander von Humboldt Foundation at the Historisches Seminar - Abteilung Alte Geschichte of Ludwig-Maximilians-Universität München. The annotated edition is released under the Creative Commons Attribution Share-Alike license 3.0. Please cite this page as http://oracc.org/atae/P514310/.",
			"date_gen": "613*-IV-05",
			"date_of_origin": "Sin-sharru-ishkun.limu Nabu-tapputi-alik.04.05",
			"day": "05",
			"designation": "StAT 3 092",
			"dialect": "Neo-Assyrian",
			"eponym": "Nabû-tappūtī-alik",
			"findspot_square": "N 31",
			"genre": "Administrative Record",
			"language": "Akkadian",
			"last_mod_by": "Tushingham",
			"last_modified": "02.11.2021",
			"list_name": "atae/stat3:P514310",
			"long_date_gen": "Duʾūzu 5th, eponymy of Nabû-tappūtī-alik",
			"material": "clay",
			"month": "IV",
			"object_type": "tablet",
			"period": "Neo-Assyrian",
			"pleiades_id": "893945",
			"regnal_dates": "ca. 626–612 BC",
			"ruler": "Sîn-šarru-iškun",
			"script": "Neo-Assyrian",
			"script_remarks": "inscribed",
			"script_type": "Cuneiform",
			"subgenre": "account",
			"year": "613*",
			"ch_no": "12",
			"ch_name": "Texte aus N 31",
			"ch_num_name": "12 (Texte aus N 31)"
		},
		"geometry": {
			"type": "Point",
			"coordinates": [43.262037,35.458121]
		}
	}, {
		"type": "Feature",
		"properties": {
			"project": "stat3",
			"id_text": "P514311",
			"primary_publication": "StAT 3 093",
			"museum_no": "VAT 20767",
			"provenience": "Qalat Sherqat (Assur)",
			"excavation_no": "Ass 13319",
			"archive": "046 - N 31 Archive",
			"atae_attribution": "Based on Betina Faist, Alltagstexte aus neuassyrischen Archiven und Bibliotheken der Stadt Assur (Studien zu den Assur-Texten 3), 2007. Adapted, revised, lemmatized, and translated into English by Poppy Tushingham (2018-2020) for the Munich Open-access Cuneiform Corpus Initiative (MOCCI), which is funded by LMU Munich and the Alexander von Humboldt Foundation at the Historisches Seminar - Abteilung Alte Geschichte of Ludwig-Maximilians-Universität München. The annotated edition is released under the Creative Commons Attribution Share-Alike license 3.0.",
			"cite_as": "Please cite this page as http://oracc.org/atae/P514311/.",
			"collection": "Vorderasiatisches Museum, Berlin, Germany",
			"composite_witness": "witness",
			"credits": "Based on Betina Faist, Alltagstexte aus neuassyrischen Archiven und Bibliotheken der Stadt Assur (Studien zu den Assur-Texten 3), 2007. Adapted, revised, lemmatized, and translated into English by Poppy Tushingham (2018-2020) for the Munich Open-access Cuneiform Corpus Initiative (MOCCI), which is funded by LMU Munich and the Alexander von Humboldt Foundation at the Historisches Seminar - Abteilung Alte Geschichte of Ludwig-Maximilians-Universität München. The annotated edition is released under the Creative Commons Attribution Share-Alike license 3.0. Please cite this page as http://oracc.org/atae/P514311/.",
			"date_of_origin": "00.000.00.00",
			"designation": "StAT 3 093",
			"dialect": "Neo-Assyrian",
			"findspot_square": "N 31",
			"genre": "Administrative Record",
			"language": "Akkadian",
			"last_mod_by": "Tushingham",
			"last_modified": "02.11.2021",
			"list_name": "atae/stat3:P514311",
			"material": "clay",
			"object_type": "tablet",
			"period": "Neo-Assyrian",
			"pleiades_id": "893945",
			"script": "Neo-Assyrian",
			"script_remarks": "inscribed",
			"script_type": "Cuneiform",
			"subgenre": "account",
			"ch_no": "12",
			"ch_name": "Texte aus N 31",
			"ch_num_name": "12 (Texte aus N 31)"
		},
		"geometry": {
			"type": "Point",
			"coordinates": [43.262037,35.458121]
		}
	}, {
		"type": "Feature",
		"properties": {
			"project": "stat3",
			"id_text": "P514312",
			"primary_publication": "StAT 3 094",
			"museum_no": "VAT 20768",
			"provenience": "Qalat Sherqat (Assur)",
			"excavation_no": "Ass 13319am",
			"archive": "046 - N 31 Archive",
			"date": "644*-[...]-15 or 629*-[...]-15",
			"atae_attribution": "Based on Betina Faist, Alltagstexte aus neuassyrischen Archiven und Bibliotheken der Stadt Assur (Studien zu den Assur-Texten 3), 2007. Adapted, revised, lemmatized, and translated into English by Poppy Tushingham (2018-2020) for the Munich Open-access Cuneiform Corpus Initiative (MOCCI), which is funded by LMU Munich and the Alexander von Humboldt Foundation at the Historisches Seminar - Abteilung Alte Geschichte of Ludwig-Maximilians-Universität München. The annotated edition is released under the Creative Commons Attribution Share-Alike license 3.0.",
			"cite_as": "Please cite this page as http://oracc.org/atae/P514312/.",
			"collection": "Vorderasiatisches Museum, Berlin, Germany",
			"composite_witness": "witness",
			"credits": "Based on Betina Faist, Alltagstexte aus neuassyrischen Archiven und Bibliotheken der Stadt Assur (Studien zu den Assur-Texten 3), 2007. Adapted, revised, lemmatized, and translated into English by Poppy Tushingham (2018-2020) for the Munich Open-access Cuneiform Corpus Initiative (MOCCI), which is funded by LMU Munich and the Alexander von Humboldt Foundation at the Historisches Seminar - Abteilung Alte Geschichte of Ludwig-Maximilians-Universität München. The annotated edition is released under the Creative Commons Attribution Share-Alike license 3.0. Please cite this page as http://oracc.org/atae/P514312/.",
			"date_gen": "644* or 629*-[...]-15",
			"date_of_origin": "00.000.00.15",
			"day": "15",
			"designation": "StAT 3 094",
			"dialect": "Neo-Assyrian",
			"findspot_square": "N 31",
			"genre": "Legal Transaction",
			"language": "Akkadian",
			"last_mod_by": "Tushingham",
			"last_modified": "02.11.2021",
			"list_name": "atae/stat3:P514312",
			"long_date_gen": "... 15th",
			"material": "clay",
			"month": "[...]",
			"object_type": "tablet",
			"period": "Neo-Assyrian",
			"pleiades_id": "893945",
			"ruler": "Ashurbanipal or Aššur-etel-ilāni",
			"script": "Neo-Assyrian",
			"script_remarks": "inscribed",
			"script_type": "Cuneiform",
			"subgenre": "debt note (silver)",
			"year": "644* or 629*",
			"ch_no": "12",
			"ch_name": "Texte aus N 31",
			"ch_num_name": "12 (Texte aus N 31)"
		},
		"geometry": {
			"type": "Point",
			"coordinates": [43.262037,35.458121]
		}
	}, {
		"type": "Feature",
		"properties": {
			"project": "stat3",
			"id_text": "P514313",
			"primary_publication": "StAT 3 095",
			"museum_no": "VAT 20769",
			"provenience": "Qalat Sherqat (Assur)",
			"excavation_no": "Ass 13319t",
			"archive": "046 - N 31 Archive",
			"date": "658-VI-11",
			"atae_attribution": "Based on Betina Faist, Alltagstexte aus neuassyrischen Archiven und Bibliotheken der Stadt Assur (Studien zu den Assur-Texten 3), 2007. Adapted, revised, lemmatized, and translated into English by Poppy Tushingham (2018-2020) for the Munich Open-access Cuneiform Corpus Initiative (MOCCI), which is funded by LMU Munich and the Alexander von Humboldt Foundation at the Historisches Seminar - Abteilung Alte Geschichte of Ludwig-Maximilians-Universität München. The annotated edition is released under the Creative Commons Attribution Share-Alike license 3.0.",
			"cite_as": "Please cite this page as http://oracc.org/atae/P514313/.",
			"collection": "Vorderasiatisches Museum, Berlin, Germany",
			"composite_witness": "witness",
			"credits": "Based on Betina Faist, Alltagstexte aus neuassyrischen Archiven und Bibliotheken der Stadt Assur (Studien zu den Assur-Texten 3), 2007. Adapted, revised, lemmatized, and translated into English by Poppy Tushingham (2018-2020) for the Munich Open-access Cuneiform Corpus Initiative (MOCCI), which is funded by LMU Munich and the Alexander von Humboldt Foundation at the Historisches Seminar - Abteilung Alte Geschichte of Ludwig-Maximilians-Universität München. The annotated edition is released under the Creative Commons Attribution Share-Alike license 3.0. Please cite this page as http://oracc.org/atae/P514313/.",
			"date_gen": "658-VI-11",
			"date_of_origin": "Assurbanipal.limu Sha-Nabu-shu.06.11",
			"day": "11",
			"designation": "StAT 3 095",
			"dialect": "Neo-Assyrian",
			"eponym": "Ša-Nabû-šû",
			"findspot_square": "N 31",
			"genre": "Legal Transaction",
			"language": "Akkadian",
			"last_mod_by": "Tushingham",
			"last_modified": "02.11.2021",
			"list_name": "atae/stat3:P514313",
			"long_date_gen": "Ulūlu 11th, eponymy of Ša-Nabû-šû",
			"material": "clay",
			"month": "VI",
			"object_type": "tablet",
			"period": "Neo-Assyrian",
			"pleiades_id": "893945",
			"regnal_dates": "668–ca. 631 BC",
			"ruler": "Ashurbanipal",
			"script": "Neo-Assyrian",
			"script_remarks": "inscribed",
			"script_type": "Cuneiform",
			"subgenre": "debt note (silver)",
			"year": "658",
			"ch_no": "12",
			"ch_name": "Texte aus N 31",
			"ch_num_name": "12 (Texte aus N 31)"
		},
		"geometry": {
			"type": "Point",
			"coordinates": [43.262037,35.458121]
		}
	}, {
		"type": "Feature",
		"properties": {
			"project": "stat3",
			"id_text": "P514314",
			"primary_publication": "StAT 3 096",
			"museum_no": "VAT 20770",
			"provenience": "Qalat Sherqat (Assur)",
			"excavation_no": "Ass 13319",
			"archive": "046 - N 31 Archive",
			"atae_attribution": "Based on Betina Faist, Alltagstexte aus neuassyrischen Archiven und Bibliotheken der Stadt Assur (Studien zu den Assur-Texten 3), 2007. Adapted, revised, lemmatized, and translated into English by Poppy Tushingham (2018-2020) for the Munich Open-access Cuneiform Corpus Initiative (MOCCI), which is funded by LMU Munich and the Alexander von Humboldt Foundation at the Historisches Seminar - Abteilung Alte Geschichte of Ludwig-Maximilians-Universität München. The annotated edition is released under the Creative Commons Attribution Share-Alike license 3.0.",
			"cite_as": "Please cite this page as http://oracc.org/atae/P514314/.",
			"collection": "Vorderasiatisches Museum, Berlin, Germany",
			"composite_witness": "witness",
			"credits": "Based on Betina Faist, Alltagstexte aus neuassyrischen Archiven und Bibliotheken der Stadt Assur (Studien zu den Assur-Texten 3), 2007. Adapted, revised, lemmatized, and translated into English by Poppy Tushingham (2018-2020) for the Munich Open-access Cuneiform Corpus Initiative (MOCCI), which is funded by LMU Munich and the Alexander von Humboldt Foundation at the Historisches Seminar - Abteilung Alte Geschichte of Ludwig-Maximilians-Universität München. The annotated edition is released under the Creative Commons Attribution Share-Alike license 3.0. Please cite this page as http://oracc.org/atae/P514314/.",
			"date_of_origin": "00.000.00.00",
			"designation": "StAT 3 096",
			"dialect": "Neo-Assyrian",
			"findspot_square": "N 31",
			"genre": "Administrative Record",
			"language": "Akkadian",
			"last_mod_by": "Tushingham",
			"last_modified": "02.11.2021",
			"list_name": "atae/stat3:P514314",
			"material": "clay",
			"object_type": "tablet",
			"period": "Neo-Assyrian",
			"pleiades_id": "893945",
			"script": "Neo-Assyrian",
			"script_remarks": "inscribed",
			"script_type": "Cuneiform",
			"subgenre": "note",
			"ch_no": "12",
			"ch_name": "Texte aus N 31",
			"ch_num_name": "12 (Texte aus N 31)"
		},
		"geometry": {
			"type": "Point",
			"coordinates": [43.262037,35.458121]
		}
	}, {
		"type": "Feature",
		"properties": {
			"project": "stat3",
			"id_text": "P514315",
			"primary_publication": "StAT 3 097",
			"museum_no": "VAT 20773",
			"provenience": "Qalat Sherqat (Assur)",
			"excavation_no": "Ass 13319w",
			"archive": "046 - N 31 Archive",
			"atae_attribution": "Based on Betina Faist, Alltagstexte aus neuassyrischen Archiven und Bibliotheken der Stadt Assur (Studien zu den Assur-Texten 3), 2007. Adapted, revised, lemmatized, and translated into English by Poppy Tushingham (2018-2020) for the Munich Open-access Cuneiform Corpus Initiative (MOCCI), which is funded by LMU Munich and the Alexander von Humboldt Foundation at the Historisches Seminar - Abteilung Alte Geschichte of Ludwig-Maximilians-Universität München. The annotated edition is released under the Creative Commons Attribution Share-Alike license 3.0.",
			"cite_as": "Please cite this page as http://oracc.org/atae/P514315/.",
			"collection": "Vorderasiatisches Museum, Berlin, Germany",
			"composite_witness": "witness",
			"credits": "Based on Betina Faist, Alltagstexte aus neuassyrischen Archiven und Bibliotheken der Stadt Assur (Studien zu den Assur-Texten 3), 2007. Adapted, revised, lemmatized, and translated into English by Poppy Tushingham (2018-2020) for the Munich Open-access Cuneiform Corpus Initiative (MOCCI), which is funded by LMU Munich and the Alexander von Humboldt Foundation at the Historisches Seminar - Abteilung Alte Geschichte of Ludwig-Maximilians-Universität München. The annotated edition is released under the Creative Commons Attribution Share-Alike license 3.0. Please cite this page as http://oracc.org/atae/P514315/.",
			"date_of_origin": "00.000.00.00",
			"designation": "StAT 3 097",
			"dialect": "Neo-Assyrian",
			"findspot_square": "N 31",
			"genre": "Legal Transaction",
			"has_date": "yes, but date completely destroyed",
			"language": "Akkadian",
			"last_mod_by": "Tushingham",
			"last_modified": "02.11.2021",
			"list_name": "atae/stat3:P514315",
			"material": "clay",
			"object_type": "tablet",
			"period": "Neo-Assyrian",
			"pleiades_id": "893945",
			"script": "Neo-Assyrian",
			"script_remarks": "inscribed",
			"script_type": "Cuneiform",
			"subgenre": "debt note (silver)",
			"ch_no": "12",
			"ch_name": "Texte aus N 31",
			"ch_num_name": "12 (Texte aus N 31)"
		},
		"geometry": {
			"type": "Point",
			"coordinates": [43.262037,35.458121]
		}
	}, {
		"type": "Feature",
		"properties": {
			"project": "stat3",
			"id_text": "P514316",
			"primary_publication": "StAT 3 098",
			"museum_no": "VAT 20778",
			"provenience": "Qalat Sherqat (Assur)",
			"excavation_no": "Ass 13319x",
			"archive": "046 - N 31 Archive",
			"atae_attribution": "Based on Betina Faist, Alltagstexte aus neuassyrischen Archiven und Bibliotheken der Stadt Assur (Studien zu den Assur-Texten 3), 2007. Adapted, revised, lemmatized, and translated into English by Poppy Tushingham (2018-2020) for the Munich Open-access Cuneiform Corpus Initiative (MOCCI), which is funded by LMU Munich and the Alexander von Humboldt Foundation at the Historisches Seminar - Abteilung Alte Geschichte of Ludwig-Maximilians-Universität München. The annotated edition is released under the Creative Commons Attribution Share-Alike license 3.0.",
			"cite_as": "Please cite this page as http://oracc.org/atae/P514316/.",
			"collection": "Vorderasiatisches Museum, Berlin, Germany",
			"composite_witness": "witness",
			"credits": "Based on Betina Faist, Alltagstexte aus neuassyrischen Archiven und Bibliotheken der Stadt Assur (Studien zu den Assur-Texten 3), 2007. Adapted, revised, lemmatized, and translated into English by Poppy Tushingham (2018-2020) for the Munich Open-access Cuneiform Corpus Initiative (MOCCI), which is funded by LMU Munich and the Alexander von Humboldt Foundation at the Historisches Seminar - Abteilung Alte Geschichte of Ludwig-Maximilians-Universität München. The annotated edition is released under the Creative Commons Attribution Share-Alike license 3.0. Please cite this page as http://oracc.org/atae/P514316/.",
			"date_of_origin": "00.000.00.00",
			"designation": "StAT 3 098",
			"dialect": "Neo-Assyrian",
			"findspot_square": "N 31",
			"genre": "Legal Transaction",
			"has_date": "yes, but date completely destroyed",
			"language": "Akkadian",
			"last_mod_by": "Tushingham",
			"last_modified": "02.11.2021",
			"list_name": "atae/stat3:P514316",
			"material": "clay",
			"object_type": "tablet",
			"period": "Neo-Assyrian",
			"pleiades_id": "893945",
			"script": "Neo-Assyrian",
			"script_remarks": "inscribed",
			"script_type": "Cuneiform",
			"subgenre": "debt note (silver)",
			"ch_no": "12",
			"ch_name": "Texte aus N 31",
			"ch_num_name": "12 (Texte aus N 31)"
		},
		"geometry": {
			"type": "Point",
			"coordinates": [43.262037,35.458121]
		}
	}, {
		"type": "Feature",
		"properties": {
			"project": "stat3",
			"id_text": "P514317",
			"primary_publication": "StAT 3 099",
			"museum_no": "VAT 22594",
			"provenience": "Qalat Sherqat (Assur)",
			"excavation_no": "Ass 13319ad",
			"archive": "046 - N 31 Archive",
			"date": "635*-XI-25",
			"atae_attribution": "Based on Betina Faist, Alltagstexte aus neuassyrischen Archiven und Bibliotheken der Stadt Assur (Studien zu den Assur-Texten 3), 2007. Adapted, revised, lemmatized, and translated into English by Poppy Tushingham (2018-2020) for the Munich Open-access Cuneiform Corpus Initiative (MOCCI), which is funded by LMU Munich and the Alexander von Humboldt Foundation at the Historisches Seminar - Abteilung Alte Geschichte of Ludwig-Maximilians-Universität München. The annotated edition is released under the Creative Commons Attribution Share-Alike license 3.0.",
			"cite_as": "Please cite this page as http://oracc.org/atae/P514317/.",
			"collection": "Vorderasiatisches Museum, Berlin, Germany",
			"composite_witness": "witness",
			"credits": "Based on Betina Faist, Alltagstexte aus neuassyrischen Archiven und Bibliotheken der Stadt Assur (Studien zu den Assur-Texten 3), 2007. Adapted, revised, lemmatized, and translated into English by Poppy Tushingham (2018-2020) for the Munich Open-access Cuneiform Corpus Initiative (MOCCI), which is funded by LMU Munich and the Alexander von Humboldt Foundation at the Historisches Seminar - Abteilung Alte Geschichte of Ludwig-Maximilians-Universität München. The annotated edition is released under the Creative Commons Attribution Share-Alike license 3.0. Please cite this page as http://oracc.org/atae/P514317/.",
			"date_gen": "635*-XI-25",
			"date_of_origin": "Assurbanipal.limu Bel-lu-dari.11.25",
			"day": "25",
			"designation": "StAT 3 099",
			"dialect": "Neo-Assyrian",
			"eponym": "Bēl-lū-dāri",
			"findspot_square": "N 31",
			"genre": "Legal Transaction",
			"language": "Akkadian",
			"last_mod_by": "Tushingham",
			"last_modified": "02.11.2021",
			"list_name": "atae/stat3:P514317",
			"long_date_gen": "Šabāṭu 25th, eponymy of Bēl-lū-dāri",
			"material": "clay",
			"month": "XI",
			"object_type": "tablet",
			"period": "Neo-Assyrian",
			"pleiades_id": "893945",
			"regnal_dates": "668–ca. 631 BC",
			"ruler": "Ashurbanipal",
			"script": "Neo-Assyrian",
			"script_remarks": "inscribed",
			"script_type": "Cuneiform",
			"subgenre": "debt note (silver)",
			"year": "635*",
			"ch_no": "12",
			"ch_name": "Texte aus N 31",
			"ch_num_name": "12 (Texte aus N 31)"
		},
		"geometry": {
			"type": "Point",
			"coordinates": [43.262037,35.458121]
		}
	}, {
		"type": "Feature",
		"properties": {
			"project": "stat3",
			"id_text": "P514318",
			"primary_publication": "StAT 3 100",
			"museum_no": "VAT 22595",
			"provenience": "Qalat Sherqat (Assur)",
			"excavation_no": "Ass 13319ah",
			"archive": "046 - N 31 Archive",
			"atae_attribution": "Based on Betina Faist, Alltagstexte aus neuassyrischen Archiven und Bibliotheken der Stadt Assur (Studien zu den Assur-Texten 3), 2007. Adapted, revised, lemmatized, and translated into English by Poppy Tushingham (2018-2020) for the Munich Open-access Cuneiform Corpus Initiative (MOCCI), which is funded by LMU Munich and the Alexander von Humboldt Foundation at the Historisches Seminar - Abteilung Alte Geschichte of Ludwig-Maximilians-Universität München. The annotated edition is released under the Creative Commons Attribution Share-Alike license 3.0.",
			"cite_as": "Please cite this page as http://oracc.org/atae/P514318/.",
			"collection": "Vorderasiatisches Museum, Berlin, Germany",
			"composite_witness": "witness",
			"credits": "Based on Betina Faist, Alltagstexte aus neuassyrischen Archiven und Bibliotheken der Stadt Assur (Studien zu den Assur-Texten 3), 2007. Adapted, revised, lemmatized, and translated into English by Poppy Tushingham (2018-2020) for the Munich Open-access Cuneiform Corpus Initiative (MOCCI), which is funded by LMU Munich and the Alexander von Humboldt Foundation at the Historisches Seminar - Abteilung Alte Geschichte of Ludwig-Maximilians-Universität München. The annotated edition is released under the Creative Commons Attribution Share-Alike license 3.0. Please cite this page as http://oracc.org/atae/P514318/.",
			"date_of_origin": "00.000.00.00",
			"designation": "StAT 3 100",
			"dialect": "Neo-Assyrian",
			"findspot_square": "N 31",
			"genre": "Legal Transaction",
			"has_date": "yes, but date completely destroyed",
			"language": "Akkadian",
			"last_mod_by": "Tushingham",
			"last_modified": "02.11.2021",
			"list_name": "atae/stat3:P514318",
			"material": "clay",
			"object_type": "tablet",
			"period": "Neo-Assyrian",
			"pleiades_id": "893945",
			"script": "Neo-Assyrian",
			"script_remarks": "inscribed",
			"script_type": "Cuneiform",
			"subgenre": "sales document",
			"ch_no": "12",
			"ch_name": "Texte aus N 31",
			"ch_num_name": "12 (Texte aus N 31)"
		},
		"geometry": {
			"type": "Point",
			"coordinates": [43.262037,35.458121]
		}
	}, {
		"type": "Feature",
		"properties": {
			"project": "stat3",
			"id_text": "P514319",
			"primary_publication": "StAT 3 101",
			"museum_no": "VAT 22596",
			"provenience": "Qalat Sherqat (Assur)",
			"excavation_no": "Ass 13319ak",
			"archive": "046 - N 31 Archive",
			"date": "638*-XI-05",
			"atae_attribution": "Based on Betina Faist, Alltagstexte aus neuassyrischen Archiven und Bibliotheken der Stadt Assur (Studien zu den Assur-Texten 3), 2007. Adapted, revised, lemmatized, and translated into English by Poppy Tushingham (2018-2020) for the Munich Open-access Cuneiform Corpus Initiative (MOCCI), which is funded by LMU Munich and the Alexander von Humboldt Foundation at the Historisches Seminar - Abteilung Alte Geschichte of Ludwig-Maximilians-Universität München. The annotated edition is released under the Creative Commons Attribution Share-Alike license 3.0.",
			"cite_as": "Please cite this page as http://oracc.org/atae/P514319/.",
			"collection": "Vorderasiatisches Museum, Berlin, Germany",
			"composite_witness": "witness",
			"credits": "Based on Betina Faist, Alltagstexte aus neuassyrischen Archiven und Bibliotheken der Stadt Assur (Studien zu den Assur-Texten 3), 2007. Adapted, revised, lemmatized, and translated into English by Poppy Tushingham (2018-2020) for the Munich Open-access Cuneiform Corpus Initiative (MOCCI), which is funded by LMU Munich and the Alexander von Humboldt Foundation at the Historisches Seminar - Abteilung Alte Geschichte of Ludwig-Maximilians-Universität München. The annotated edition is released under the Creative Commons Attribution Share-Alike license 3.0. Please cite this page as http://oracc.org/atae/P514319/.",
			"date_gen": "638*-XI-05",
			"date_of_origin": "Assurbanipal.limu Assur-gimilli-tere.11.05",
			"day": "05",
			"designation": "StAT 3 101",
			"dialect": "Neo-Assyrian",
			"eponym": "Aššur-gimilli-tēre",
			"findspot_square": "N 31",
			"genre": "Legal Transaction",
			"language": "Akkadian",
			"last_mod_by": "Tushingham",
			"last_modified": "02.11.2021",
			"list_name": "atae/stat3:P514319",
			"long_date_gen": "Šabāṭu 5th, eponymy of Aššur-gimilli-tēre",
			"material": "clay",
			"month": "XI",
			"object_type": "tablet",
			"period": "Neo-Assyrian",
			"pleiades_id": "893945",
			"regnal_dates": "668–ca. 631 BC",
			"ruler": "Ashurbanipal",
			"script": "Neo-Assyrian",
			"script_remarks": "inscribed",
			"script_type": "Cuneiform",
			"subgenre": "sales document (person)",
			"year": "638*",
			"ch_no": "12",
			"ch_name": "Texte aus N 31",
			"ch_num_name": "12 (Texte aus N 31)"
		},
		"geometry": {
			"type": "Point",
			"coordinates": [43.262037,35.458121]
		}
	}, {
		"type": "Feature",
		"properties": {
			"project": "stat3",
			"id_text": "P514321",
			"primary_publication": "StAT 3 103",
			"museum_no": "VAT 08266",
			"provenience": "Qalat Sherqat (Assur)",
			"excavation_no": "Ass 14067f",
			"archive": "047 - N 32 Archive",
			"date": "622*-X-26",
			"atae_attribution": "Based on Betina Faist, Alltagstexte aus neuassyrischen Archiven und Bibliotheken der Stadt Assur (Studien zu den Assur-Texten 3), 2007. Adapted, revised, lemmatized, and translated into English by Poppy Tushingham (2018-2020) for the Munich Open-access Cuneiform Corpus Initiative (MOCCI), which is funded by LMU Munich and the Alexander von Humboldt Foundation at the Historisches Seminar - Abteilung Alte Geschichte of Ludwig-Maximilians-Universität München. The annotated edition is released under the Creative Commons Attribution Share-Alike license 3.0.",
			"cite_as": "Please cite this page as http://oracc.org/atae/P514321/.",
			"collection": "Vorderasiatisches Museum, Berlin, Germany",
			"composite_witness": "witness",
			"credits": "Based on Betina Faist, Alltagstexte aus neuassyrischen Archiven und Bibliotheken der Stadt Assur (Studien zu den Assur-Texten 3), 2007. Adapted, revised, lemmatized, and translated into English by Poppy Tushingham (2018-2020) for the Munich Open-access Cuneiform Corpus Initiative (MOCCI), which is funded by LMU Munich and the Alexander von Humboldt Foundation at the Historisches Seminar - Abteilung Alte Geschichte of Ludwig-Maximilians-Universität München. The annotated edition is released under the Creative Commons Attribution Share-Alike license 3.0. Please cite this page as http://oracc.org/atae/P514321/.",
			"date_gen": "622*-X-26",
			"date_of_origin": "Sin-sharru-ishkun.limu Dadi.10.26",
			"day": "26",
			"designation": "StAT 3 103",
			"dialect": "Neo-Assyrian",
			"eponym": "Dādî",
			"findspot_square": "N 32",
			"genre": "Legal Transaction",
			"language": "Akkadian",
			"last_mod_by": "Tushingham",
			"last_modified": "02.11.2021",
			"list_name": "atae/stat3:P514321",
			"long_date_gen": "Kanūnu 26th, eponymy of Dādî",
			"material": "clay",
			"month": "X",
			"object_type": "tablet",
			"period": "Neo-Assyrian",
			"pleiades_id": "893945",
			"regnal_dates": "ca. 626–612 BC",
			"ruler": "Sîn-šarru-iškun",
			"script": "Neo-Assyrian",
			"script_remarks": "inscribed",
			"script_type": "Cuneiform",
			"subgenre": "sales document (inheritance)",
			"year": "622*",
			"ch_no": "13",
			"ch_name": "Texte aus N 32",
			"ch_num_name": "13 (Texte aus N 32)"
		},
		"geometry": {
			"type": "Point",
			"coordinates": [43.262037,35.458121]
		}
	}, {
		"type": "Feature",
		"properties": {
			"project": "stat3",
			"id_text": "P514322",
			"primary_publication": "StAT 3 104",
			"museum_no": "VAT 08270",
			"provenience": "Qalat Sherqat (Assur)",
			"excavation_no": "Ass 14067e",
			"archive": "047 - N 32 Archive",
			"date": "663-IX-05",
			"atae_attribution": "Based on Betina Faist, Alltagstexte aus neuassyrischen Archiven und Bibliotheken der Stadt Assur (Studien zu den Assur-Texten 3), 2007. Adapted, revised, lemmatized, and translated into English by Poppy Tushingham (2018-2020) for the Munich Open-access Cuneiform Corpus Initiative (MOCCI), which is funded by LMU Munich and the Alexander von Humboldt Foundation at the Historisches Seminar - Abteilung Alte Geschichte of Ludwig-Maximilians-Universität München. The annotated edition is released under the Creative Commons Attribution Share-Alike license 3.0.",
			"cite_as": "Please cite this page as http://oracc.org/atae/P514322/.",
			"collection": "Vorderasiatisches Museum, Berlin, Germany",
			"composite_witness": "witness",
			"credits": "Based on Betina Faist, Alltagstexte aus neuassyrischen Archiven und Bibliotheken der Stadt Assur (Studien zu den Assur-Texten 3), 2007. Adapted, revised, lemmatized, and translated into English by Poppy Tushingham (2018-2020) for the Munich Open-access Cuneiform Corpus Initiative (MOCCI), which is funded by LMU Munich and the Alexander von Humboldt Foundation at the Historisches Seminar - Abteilung Alte Geschichte of Ludwig-Maximilians-Universität München. The annotated edition is released under the Creative Commons Attribution Share-Alike license 3.0. Please cite this page as http://oracc.org/atae/P514322/.",
			"date_gen": "663-IX-05",
			"date_of_origin": "Assurbanipal.limu Bel-na’di.09.05",
			"day": "05",
			"designation": "StAT 3 104",
			"dialect": "Neo-Assyrian",
			"eponym": "Bēl-na’di",
			"findspot_square": "N 32",
			"genre": "Legal Transaction",
			"language": "Akkadian",
			"last_mod_by": "Tushingham",
			"last_modified": "02.11.2021",
			"list_name": "atae/stat3:P514322",
			"long_date_gen": "Kislīmu 5th, eponymy of Bēl-na’di",
			"material": "clay",
			"month": "IX",
			"object_type": "tablet",
			"period": "Neo-Assyrian",
			"pleiades_id": "893945",
			"regnal_dates": "668–ca. 631 BC",
			"ruler": "Ashurbanipal",
			"script": "Neo-Assyrian",
			"script_remarks": "inscribed",
			"script_type": "Cuneiform",
			"subgenre": "sales document (plot)",
			"year": "663",
			"ch_no": "13",
			"ch_name": "Texte aus N 32",
			"ch_num_name": "13 (Texte aus N 32)"
		},
		"geometry": {
			"type": "Point",
			"coordinates": [43.262037,35.458121]
		}
	}, {
		"type": "Feature",
		"properties": {
			"project": "stat3",
			"id_text": "P514323",
			"primary_publication": "StAT 3 105",
			"museum_no": "VAT 08274",
			"provenience": "Qalat Sherqat (Assur)",
			"excavation_no": "Ass 14067c",
			"archive": "047 - N 32 Archive",
			"date": "634*-XII-[...]",
			"atae_attribution": "Based on Betina Faist, Alltagstexte aus neuassyrischen Archiven und Bibliotheken der Stadt Assur (Studien zu den Assur-Texten 3), 2007. Adapted, revised, lemmatized, and translated into English by Poppy Tushingham (2018-2020) for the Munich Open-access Cuneiform Corpus Initiative (MOCCI), which is funded by LMU Munich and the Alexander von Humboldt Foundation at the Historisches Seminar - Abteilung Alte Geschichte of Ludwig-Maximilians-Universität München. The annotated edition is released under the Creative Commons Attribution Share-Alike license 3.0.",
			"cite_as": "Please cite this page as http://oracc.org/atae/P514323/.",
			"collection": "Vorderasiatisches Museum, Berlin, Germany",
			"composite_witness": "witness",
			"credits": "Based on Betina Faist, Alltagstexte aus neuassyrischen Archiven und Bibliotheken der Stadt Assur (Studien zu den Assur-Texten 3), 2007. Adapted, revised, lemmatized, and translated into English by Poppy Tushingham (2018-2020) for the Munich Open-access Cuneiform Corpus Initiative (MOCCI), which is funded by LMU Munich and the Alexander von Humboldt Foundation at the Historisches Seminar - Abteilung Alte Geschichte of Ludwig-Maximilians-Universität München. The annotated edition is released under the Creative Commons Attribution Share-Alike license 3.0. Please cite this page as http://oracc.org/atae/P514323/.",
			"date_gen": "634*-XII-[...]",
			"date_of_origin": "Assurbanipal.limu Bullutu.12.00",
			"day": "[...]",
			"designation": "StAT 3 105",
			"dialect": "Neo-Assyrian",
			"eponym": "Bulluṭu",
			"findspot_square": "N 32",
			"genre": "Legal Transaction",
			"language": "Akkadian",
			"last_mod_by": "Tushingham",
			"last_modified": "02.11.2021",
			"list_name": "atae/stat3:P514323",
			"long_date_gen": "Addaru ...th, eponymy of Bulluṭu",
			"material": "clay",
			"month": "XII",
			"object_type": "tablet",
			"period": "Neo-Assyrian",
			"pleiades_id": "893945",
			"regnal_dates": "668–ca. 631 BC",
			"ruler": "Ashurbanipal",
			"script": "Neo-Assyrian",
			"script_remarks": "inscribed",
			"script_type": "Cuneiform",
			"subgenre": "sales document (person)",
			"year": "634*",
			"ch_no": "13",
			"ch_name": "Texte aus N 32",
			"ch_num_name": "13 (Texte aus N 32)"
		},
		"geometry": {
			"type": "Point",
			"coordinates": [43.262037,35.458121]
		}
	}, {
		"type": "Feature",
		"properties": {
			"project": "stat3",
			"id_text": "P514324",
			"primary_publication": "StAT 3 106",
			"museum_no": "VAT 08280",
			"provenience": "Qalat Sherqat (Assur)",
			"excavation_no": "Ass 14067d",
			"archive": "047 - N 32 Archive",
			"date": "664-VI-04",
			"atae_attribution": "Based on Betina Faist, Alltagstexte aus neuassyrischen Archiven und Bibliotheken der Stadt Assur (Studien zu den Assur-Texten 3), 2007. Adapted, revised, lemmatized, and translated into English by Poppy Tushingham (2018-2020) for the Munich Open-access Cuneiform Corpus Initiative (MOCCI), which is funded by LMU Munich and the Alexander von Humboldt Foundation at the Historisches Seminar - Abteilung Alte Geschichte of Ludwig-Maximilians-Universität München. The annotated edition is released under the Creative Commons Attribution Share-Alike license 3.0.",
			"cite_as": "Please cite this page as http://oracc.org/atae/P514324/.",
			"collection": "Vorderasiatisches Museum, Berlin, Germany",
			"composite_witness": "witness",
			"credits": "Based on Betina Faist, Alltagstexte aus neuassyrischen Archiven und Bibliotheken der Stadt Assur (Studien zu den Assur-Texten 3), 2007. Adapted, revised, lemmatized, and translated into English by Poppy Tushingham (2018-2020) for the Munich Open-access Cuneiform Corpus Initiative (MOCCI), which is funded by LMU Munich and the Alexander von Humboldt Foundation at the Historisches Seminar - Abteilung Alte Geschichte of Ludwig-Maximilians-Universität München. The annotated edition is released under the Creative Commons Attribution Share-Alike license 3.0. Please cite this page as http://oracc.org/atae/P514324/.",
			"date_gen": "664-VI-04",
			"date_of_origin": "Assurbanipal.limu Sharru-lu-dari.06.04",
			"day": "04",
			"designation": "StAT 3 106",
			"dialect": "Neo-Assyrian",
			"eponym": "Šarru-lū-dāri",
			"findspot_square": "N 32",
			"genre": "Legal Transaction",
			"language": "Akkadian",
			"last_mod_by": "Tushingham",
			"last_modified": "02.11.2021",
			"list_name": "atae/stat3:P514324",
			"long_date_gen": "Ulūlu 4th, eponymy of Šarru-lū-dāri",
			"material": "clay",
			"month": "VI",
			"object_type": "tablet",
			"period": "Neo-Assyrian",
			"pleiades_id": "893945",
			"regnal_dates": "668–ca. 631 BC",
			"ruler": "Ashurbanipal",
			"script": "Neo-Assyrian",
			"script_remarks": "inscribed",
			"script_type": "Cuneiform",
			"subgenre": "sales document (person)",
			"year": "664",
			"ch_no": "13",
			"ch_name": "Texte aus N 32",
			"ch_num_name": "13 (Texte aus N 32)"
		},
		"geometry": {
			"type": "Point",
			"coordinates": [43.262037,35.458121]
		}
	}, {
		"type": "Feature",
		"properties": {
			"project": "stat3",
			"id_text": "P514325",
			"primary_publication": "StAT 3 107",
			"museum_no": "VAT 20797",
			"provenience": "Qalat Sherqat (Assur)",
			"excavation_no": "Ass 14724c",
			"archive": "049 - N 34 Archive",
			"date": "641*-XI-04",
			"atae_attribution": "Based on Betina Faist, Alltagstexte aus neuassyrischen Archiven und Bibliotheken der Stadt Assur (Studien zu den Assur-Texten 3), 2007. Adapted, revised, lemmatized, and translated into English by Poppy Tushingham (2018-2020) for the Munich Open-access Cuneiform Corpus Initiative (MOCCI), which is funded by LMU Munich and the Alexander von Humboldt Foundation at the Historisches Seminar - Abteilung Alte Geschichte of Ludwig-Maximilians-Universität München. The annotated edition is released under the Creative Commons Attribution Share-Alike license 3.0.",
			"cite_as": "Please cite this page as http://oracc.org/atae/P514325/.",
			"collection": "Vorderasiatisches Museum, Berlin, Germany",
			"composite_witness": "witness",
			"credits": "Based on Betina Faist, Alltagstexte aus neuassyrischen Archiven und Bibliotheken der Stadt Assur (Studien zu den Assur-Texten 3), 2007. Adapted, revised, lemmatized, and translated into English by Poppy Tushingham (2018-2020) for the Munich Open-access Cuneiform Corpus Initiative (MOCCI), which is funded by LMU Munich and the Alexander von Humboldt Foundation at the Historisches Seminar - Abteilung Alte Geschichte of Ludwig-Maximilians-Universität München. The annotated edition is released under the Creative Commons Attribution Share-Alike license 3.0. Please cite this page as http://oracc.org/atae/P514325/.",
			"date_gen": "641*-XI-04",
			"date_of_origin": "Assurbanipal.limu Assur-garu’a-nere.11.04",
			"day": "04",
			"designation": "StAT 3 107",
			"dialect": "Neo-Assyrian",
			"eponym": "Aššur-gārū’a-nēre",
			"findspot_square": "N 34",
			"genre": "Legal Transaction",
			"language": "Akkadian",
			"last_mod_by": "Tushingham",
			"last_modified": "02.11.2021",
			"list_name": "atae/stat3:P514325",
			"long_date_gen": "Šabāṭu 4th, eponymy of Aššur-gārū’a-nēre",
			"material": "clay",
			"month": "XI",
			"object_type": "tablet",
			"period": "Neo-Assyrian",
			"pleiades_id": "893945",
			"regnal_dates": "668–ca. 631 BC",
			"ruler": "Ashurbanipal",
			"script": "Neo-Assyrian",
			"script_remarks": "inscribed",
			"script_type": "Cuneiform",
			"subgenre": "debt note (barley)",
			"year": "641*",
			"ch_no": "14",
			"ch_name": "Texte aus N 34",
			"ch_num_name": "14 (Texte aus N 34)"
		},
		"geometry": {
			"type": "Point",
			"coordinates": [43.262037,35.458121]
		}
	}, {
		"type": "Feature",
		"properties": {
			"project": "stat3",
			"id_text": "P514326",
			"primary_publication": "StAT 3 108",
			"museum_no": "VAT 20821 + VAT 22600",
			"provenience": "Qalat Sherqat (Assur)",
			"excavation_no": "Ass 14724b",
			"archive": "049 - N 34 Archive",
			"date": "644*-VI-26",
			"atae_attribution": "Based on Betina Faist, Alltagstexte aus neuassyrischen Archiven und Bibliotheken der Stadt Assur (Studien zu den Assur-Texten 3), 2007. Adapted, revised, lemmatized, and translated into English by Poppy Tushingham (2018-2020) for the Munich Open-access Cuneiform Corpus Initiative (MOCCI), which is funded by LMU Munich and the Alexander von Humboldt Foundation at the Historisches Seminar - Abteilung Alte Geschichte of Ludwig-Maximilians-Universität München. The annotated edition is released under the Creative Commons Attribution Share-Alike license 3.0.",
			"cite_as": "Please cite this page as http://oracc.org/atae/P514326/.",
			"collection": "Vorderasiatisches Museum, Berlin, Germany",
			"composite_witness": "witness",
			"credits": "Based on Betina Faist, Alltagstexte aus neuassyrischen Archiven und Bibliotheken der Stadt Assur (Studien zu den Assur-Texten 3), 2007. Adapted, revised, lemmatized, and translated into English by Poppy Tushingham (2018-2020) for the Munich Open-access Cuneiform Corpus Initiative (MOCCI), which is funded by LMU Munich and the Alexander von Humboldt Foundation at the Historisches Seminar - Abteilung Alte Geschichte of Ludwig-Maximilians-Universität München. The annotated edition is released under the Creative Commons Attribution Share-Alike license 3.0. Please cite this page as http://oracc.org/atae/P514326/.",
			"date_gen": "644*-VI-26",
			"date_of_origin": "Assurbanipal.limu Nabu-sharru-usur.06.26",
			"day": "26",
			"designation": "StAT 3 108",
			"dialect": "Neo-Assyrian",
			"eponym": "Nabû-šarru-uṣur",
			"findspot_square": "N 34",
			"genre": "Legal Transaction",
			"language": "Akkadian",
			"last_mod_by": "Tushingham",
			"last_modified": "02.11.2021",
			"list_name": "atae/stat3:P514326",
			"long_date_gen": "Ulūlu 26th, eponymy of Nabû-šarru-uṣur",
			"material": "clay",
			"month": "VI",
			"object_type": "tablet, envelope",
			"period": "Neo-Assyrian",
			"pleiades_id": "893945",
			"regnal_dates": "668–ca. 631 BC",
			"ruler": "Ashurbanipal",
			"script": "Neo-Assyrian",
			"script_remarks": "inscribed",
			"script_type": "Cuneiform",
			"subgenre": "debt note (silver)",
			"year": "644*",
			"ch_no": "14",
			"ch_name": "Texte aus N 34",
			"ch_num_name": "14 (Texte aus N 34)"
		},
		"geometry": {
			"type": "Point",
			"coordinates": [43.262037,35.458121]
		}
	}, {
		"type": "Feature",
		"properties": {
			"project": "stat3",
			"id_text": "P514327",
			"primary_publication": "StAT 3 109",
			"museum_no": "VAT 20822",
			"provenience": "Qalat Sherqat (Assur)",
			"excavation_no": "Ass 14724a",
			"archive": "049 - N 34 Archive",
			"date": "655-IV-19",
			"atae_attribution": "Based on Betina Faist, Alltagstexte aus neuassyrischen Archiven und Bibliotheken der Stadt Assur (Studien zu den Assur-Texten 3), 2007. Adapted, revised, lemmatized, and translated into English by Poppy Tushingham (2018-2020) for the Munich Open-access Cuneiform Corpus Initiative (MOCCI), which is funded by LMU Munich and the Alexander von Humboldt Foundation at the Historisches Seminar - Abteilung Alte Geschichte of Ludwig-Maximilians-Universität München. The annotated edition is released under the Creative Commons Attribution Share-Alike license 3.0.",
			"cite_as": "Please cite this page as http://oracc.org/atae/P514327/.",
			"collection": "Vorderasiatisches Museum, Berlin, Germany",
			"composite_witness": "witness",
			"credits": "Based on Betina Faist, Alltagstexte aus neuassyrischen Archiven und Bibliotheken der Stadt Assur (Studien zu den Assur-Texten 3), 2007. Adapted, revised, lemmatized, and translated into English by Poppy Tushingham (2018-2020) for the Munich Open-access Cuneiform Corpus Initiative (MOCCI), which is funded by LMU Munich and the Alexander von Humboldt Foundation at the Historisches Seminar - Abteilung Alte Geschichte of Ludwig-Maximilians-Universität München. The annotated edition is released under the Creative Commons Attribution Share-Alike license 3.0. Please cite this page as http://oracc.org/atae/P514327/.",
			"date_gen": "655-IV-19",
			"date_of_origin": "Assurbanipal.limu Awianu.04.19",
			"day": "19",
			"designation": "StAT 3 109",
			"dialect": "Neo-Assyrian",
			"eponym": "Awiānu",
			"findspot_square": "N 34",
			"genre": "Legal Transaction",
			"language": "Akkadian",
			"last_mod_by": "Tushingham",
			"last_modified": "02.11.2021",
			"list_name": "atae/stat3:P514327",
			"long_date_gen": "Duʾūzu 19th, eponymy of Awiānu",
			"material": "clay",
			"month": "IV",
			"object_type": "tablet, envelope",
			"period": "Neo-Assyrian",
			"pleiades_id": "893945",
			"regnal_dates": "668–ca. 631 BC",
			"ruler": "Ashurbanipal",
			"script": "Neo-Assyrian",
			"script_remarks": "inscribed",
			"script_type": "Cuneiform",
			"subgenre": "debt note (silver)",
			"year": "655",
			"ch_no": "14",
			"ch_name": "Texte aus N 34",
			"ch_num_name": "14 (Texte aus N 34)"
		},
		"geometry": {
			"type": "Point",
			"coordinates": [43.262037,35.458121]
		}
	}, {
		"type": "Feature",
		"properties": {
			"project": "stat3",
			"id_text": "P514328",
			"primary_publication": "StAT 3 110",
			"museum_no": "VAT 20833",
			"provenience": "Qalat Sherqat (Assur)",
			"excavation_no": "Ass 15087a",
			"archive": "050 - N 35 Archive",
			"date": "657-II-28",
			"atae_attribution": "Based on Betina Faist, Alltagstexte aus neuassyrischen Archiven und Bibliotheken der Stadt Assur (Studien zu den Assur-Texten 3), 2007. Adapted, revised, lemmatized, and translated into English by Poppy Tushingham (2018-2020) for the Munich Open-access Cuneiform Corpus Initiative (MOCCI), which is funded by LMU Munich and the Alexander von Humboldt Foundation at the Historisches Seminar - Abteilung Alte Geschichte of Ludwig-Maximilians-Universität München. The annotated edition is released under the Creative Commons Attribution Share-Alike license 3.0.",
			"cite_as": "Please cite this page as http://oracc.org/atae/P514328/.",
			"collection": "Vorderasiatisches Museum, Berlin, Germany",
			"composite_witness": "witness",
			"credits": "Based on Betina Faist, Alltagstexte aus neuassyrischen Archiven und Bibliotheken der Stadt Assur (Studien zu den Assur-Texten 3), 2007. Adapted, revised, lemmatized, and translated into English by Poppy Tushingham (2018-2020) for the Munich Open-access Cuneiform Corpus Initiative (MOCCI), which is funded by LMU Munich and the Alexander von Humboldt Foundation at the Historisches Seminar - Abteilung Alte Geschichte of Ludwig-Maximilians-Universität München. The annotated edition is released under the Creative Commons Attribution Share-Alike license 3.0. Please cite this page as http://oracc.org/atae/P514328/.",
			"date_gen": "657-II-28",
			"date_of_origin": "Assurbanipal.limu Labashi.02.28",
			"day": "28",
			"designation": "StAT 3 110",
			"dialect": "Neo-Assyrian",
			"eponym": "Lâbâši",
			"findspot_square": "N 35",
			"genre": "Legal Transaction",
			"language": "Akkadian",
			"last_mod_by": "Tushingham",
			"last_modified": "02.11.2021",
			"list_name": "atae/stat3:P514328",
			"long_date_gen": "Ayyāru 28th, eponymy of Lâbâši",
			"material": "clay",
			"month": "II",
			"object_type": "tablet",
			"period": "Neo-Assyrian",
			"pleiades_id": "893945",
			"regnal_dates": "668–ca. 631 BC",
			"ruler": "Ashurbanipal",
			"script": "Neo-Assyrian",
			"script_remarks": "inscribed",
			"script_type": "Cuneiform",
			"subgenre": "judicial document",
			"year": "657",
			"ch_no": "15",
			"ch_name": "Texte aus N 35",
			"ch_num_name": "15 (Texte aus N 35)"
		},
		"geometry": {
			"type": "Point",
			"coordinates": [43.262037,35.458121]
		}
	}, {
		"type": "Feature",
		"properties": {
			"project": "stat3",
			"id_text": "P514329",
			"primary_publication": "StAT 3 111",
			"museum_no": "VAT 20834 + VAT 20839",
			"provenience": "Qalat Sherqat (Assur)",
			"excavation_no": "Ass 15087b+g",
			"archive": "050 - N 35 Archive",
			"date": "676-VIII-[...]",
			"atae_attribution": "Based on Betina Faist, Alltagstexte aus neuassyrischen Archiven und Bibliotheken der Stadt Assur (Studien zu den Assur-Texten 3), 2007. Adapted, revised, lemmatized, and translated into English by Poppy Tushingham (2018-2020) for the Munich Open-access Cuneiform Corpus Initiative (MOCCI), which is funded by LMU Munich and the Alexander von Humboldt Foundation at the Historisches Seminar - Abteilung Alte Geschichte of Ludwig-Maximilians-Universität München. The annotated edition is released under the Creative Commons Attribution Share-Alike license 3.0.",
			"cite_as": "Please cite this page as http://oracc.org/atae/P514329/.",
			"collection": "Vorderasiatisches Museum, Berlin, Germany",
			"composite_witness": "witness",
			"credits": "Based on Betina Faist, Alltagstexte aus neuassyrischen Archiven und Bibliotheken der Stadt Assur (Studien zu den Assur-Texten 3), 2007. Adapted, revised, lemmatized, and translated into English by Poppy Tushingham (2018-2020) for the Munich Open-access Cuneiform Corpus Initiative (MOCCI), which is funded by LMU Munich and the Alexander von Humboldt Foundation at the Historisches Seminar - Abteilung Alte Geschichte of Ludwig-Maximilians-Universität München. The annotated edition is released under the Creative Commons Attribution Share-Alike license 3.0. Please cite this page as http://oracc.org/atae/P514329/.",
			"date_gen": "676-VIII-[...]",
			"date_of_origin": "Esarhaddon.limu Banba.08.00",
			"day": "[...]",
			"designation": "StAT 3 111",
			"dialect": "Neo-Assyrian",
			"eponym": "Banbâ",
			"findspot_square": "N 35",
			"genre": "Legal Transaction",
			"language": "Akkadian",
			"last_mod_by": "Tushingham",
			"last_modified": "02.11.2021",
			"list_name": "atae/stat3:P514329",
			"long_date_gen": "Arahsamna ...th, eponymy of Banbâ",
			"material": "clay",
			"month": "VIII",
			"object_type": "tablet",
			"period": "Neo-Assyrian",
			"pleiades_id": "893945",
			"regnal_dates": "680–669 BC",
			"ruler": "Esarhaddon",
			"script": "Neo-Assyrian",
			"script_remarks": "inscribed",
			"script_type": "Cuneiform",
			"subgenre": "judicial document",
			"year": "676",
			"ch_no": "15",
			"ch_name": "Texte aus N 35",
			"ch_num_name": "15 (Texte aus N 35)"
		},
		"geometry": {
			"type": "Point",
			"coordinates": [43.262037,35.458121]
		}
	}, {
		"type": "Feature",
		"properties": {
			"project": "stat3",
			"id_text": "P514330",
			"primary_publication": "StAT 3 112",
			"museum_no": "VAT 20838",
			"provenience": "Qalat Sherqat (Assur)",
			"excavation_no": "Ass 15087c",
			"archive": "050 - N 35 Archive",
			"date": "650-XII-15",
			"atae_attribution": "Based on Betina Faist, Alltagstexte aus neuassyrischen Archiven und Bibliotheken der Stadt Assur (Studien zu den Assur-Texten 3), 2007. Adapted, revised, lemmatized, and translated into English by Poppy Tushingham (2018-2020) for the Munich Open-access Cuneiform Corpus Initiative (MOCCI), which is funded by LMU Munich and the Alexander von Humboldt Foundation at the Historisches Seminar - Abteilung Alte Geschichte of Ludwig-Maximilians-Universität München. The annotated edition is released under the Creative Commons Attribution Share-Alike license 3.0.",
			"cite_as": "Please cite this page as http://oracc.org/atae/P514330/.",
			"collection": "Vorderasiatisches Museum, Berlin, Germany",
			"composite_witness": "witness",
			"credits": "Based on Betina Faist, Alltagstexte aus neuassyrischen Archiven und Bibliotheken der Stadt Assur (Studien zu den Assur-Texten 3), 2007. Adapted, revised, lemmatized, and translated into English by Poppy Tushingham (2018-2020) for the Munich Open-access Cuneiform Corpus Initiative (MOCCI), which is funded by LMU Munich and the Alexander von Humboldt Foundation at the Historisches Seminar - Abteilung Alte Geschichte of Ludwig-Maximilians-Universität München. The annotated edition is released under the Creative Commons Attribution Share-Alike license 3.0. Please cite this page as http://oracc.org/atae/P514330/.",
			"date_gen": "650-XII-15",
			"date_of_origin": "Assurbanipal.limu Bel-Harran-shaddu’a.12.15",
			"day": "15",
			"designation": "StAT 3 112",
			"dialect": "Neo-Assyrian",
			"eponym": "Bēl-Harrān-šaddû’a",
			"findspot_square": "N 35",
			"genre": "Legal Transaction",
			"language": "Akkadian",
			"last_mod_by": "Tushingham",
			"last_modified": "02.11.2021",
			"list_name": "atae/stat3:P514330",
			"long_date_gen": "Addaru 15th, eponymy of Bēl-Harrān-šaddû’a",
			"material": "clay",
			"month": "XII",
			"object_type": "tablet",
			"period": "Neo-Assyrian",
			"pleiades_id": "893945",
			"regnal_dates": "668–ca. 631 BC",
			"ruler": "Ashurbanipal",
			"script": "Neo-Assyrian",
			"script_remarks": "inscribed",
			"script_type": "Cuneiform",
			"subgenre": "debt note (silver)",
			"year": "650",
			"ch_no": "15",
			"ch_name": "Texte aus N 35",
			"ch_num_name": "15 (Texte aus N 35)"
		},
		"geometry": {
			"type": "Point",
			"coordinates": [43.262037,35.458121]
		}
	}, {
		"type": "Feature",
		"properties": {
			"project": "stat3",
			"id_text": "P514332",
			"primary_publication": "StAT 3 114",
			"museum_no": "VAT 19643",
			"provenience": "Qalat Sherqat (Assur)",
			"excavation_no": "Ass 13058kl",
			"archive": "046 - N 31 Archive",
			"date": "644*-XI-05 or 629*-XI-05",
			"atae_attribution": "Based on Betina Faist, Alltagstexte aus neuassyrischen Archiven und Bibliotheken der Stadt Assur (Studien zu den Assur-Texten 3), 2007. Adapted, revised, lemmatized, and translated into English by Poppy Tushingham (2018-2020) for the Munich Open-access Cuneiform Corpus Initiative (MOCCI), which is funded by LMU Munich and the Alexander von Humboldt Foundation at the Historisches Seminar - Abteilung Alte Geschichte of Ludwig-Maximilians-Universität München. The annotated edition is released under the Creative Commons Attribution Share-Alike license 3.0.",
			"cite_as": "Please cite this page as http://oracc.org/atae/P514332/.",
			"collection": "Vorderasiatisches Museum, Berlin, Germany",
			"composite_witness": "witness",
			"credits": "Based on Betina Faist, Alltagstexte aus neuassyrischen Archiven und Bibliotheken der Stadt Assur (Studien zu den Assur-Texten 3), 2007. Adapted, revised, lemmatized, and translated into English by Poppy Tushingham (2018-2020) for the Munich Open-access Cuneiform Corpus Initiative (MOCCI), which is funded by LMU Munich and the Alexander von Humboldt Foundation at the Historisches Seminar - Abteilung Alte Geschichte of Ludwig-Maximilians-Universität München. The annotated edition is released under the Creative Commons Attribution Share-Alike license 3.0. Please cite this page as http://oracc.org/atae/P514332/.",
			"date_gen": "644* or 629*-XI-05",
			"date_of_origin": "00.000.11.05",
			"day": "05",
			"designation": "StAT 3 114",
			"dialect": "Neo-Assyrian",
			"findspot_square": "N 31",
			"genre": "Legal Transaction",
			"language": "Akkadian",
			"last_mod_by": "Tushingham",
			"last_modified": "02.11.2021",
			"list_name": "atae/stat3:P514332",
			"long_date_gen": "Šabāṭu 5th",
			"material": "clay",
			"month": "XI",
			"object_type": "tablet",
			"period": "Neo-Assyrian",
			"pleiades_id": "893945",
			"ruler": "Ashurbanipal or Aššur-etel-ilāni",
			"script": "Neo-Assyrian",
			"script_remarks": "inscribed",
			"script_type": "Cuneiform",
			"subgenre": "debt note (silver)",
			"year": "644* or 629*",
			"ch_no": "12",
			"ch_name": "Texte aus N 31",
			"ch_num_name": "12 (Texte aus N 31)"
		},
		"geometry": {
			"type": "Point",
			"coordinates": [43.262037,35.458121]
		}
	}, {
		"type": "Feature",
		"properties": {
			"project": "stat3",
			"id_text": "P514333",
			"primary_publication": "StAT 3 115",
			"museum_no": "VAT 20711",
			"provenience": "Qalat Sherqat (Assur)",
			"excavation_no": "Ass 11682e",
			"archive": "043 - N 28 Archive",
			"date": "612*-II-[...]",
			"atae_attribution": "Based on Betina Faist, Alltagstexte aus neuassyrischen Archiven und Bibliotheken der Stadt Assur (Studien zu den Assur-Texten 3), 2007. Adapted, revised, lemmatized, and translated into English by Poppy Tushingham (2018-2020) for the Munich Open-access Cuneiform Corpus Initiative (MOCCI), which is funded by LMU Munich and the Alexander von Humboldt Foundation at the Historisches Seminar - Abteilung Alte Geschichte of Ludwig-Maximilians-Universität München. The annotated edition is released under the Creative Commons Attribution Share-Alike license 3.0.",
			"cite_as": "Please cite this page as http://oracc.org/atae/P514333/.",
			"collection": "Vorderasiatisches Museum, Berlin, Germany",
			"composite_witness": "witness",
			"credits": "Based on Betina Faist, Alltagstexte aus neuassyrischen Archiven und Bibliotheken der Stadt Assur (Studien zu den Assur-Texten 3), 2007. Adapted, revised, lemmatized, and translated into English by Poppy Tushingham (2018-2020) for the Munich Open-access Cuneiform Corpus Initiative (MOCCI), which is funded by LMU Munich and the Alexander von Humboldt Foundation at the Historisches Seminar - Abteilung Alte Geschichte of Ludwig-Maximilians-Universität München. The annotated edition is released under the Creative Commons Attribution Share-Alike license 3.0. Please cite this page as http://oracc.org/atae/P514333/.",
			"date_gen": "612*-II-[...]",
			"date_of_origin": "Sin-sharru-ishkun.limu Shamash-sharru-ibni.02.00",
			"day": "[...]",
			"designation": "StAT 3 115",
			"dialect": "Neo-Assyrian",
			"eponym": "Šamaš-šarru-ibni",
			"findspot_square": "N 28",
			"genre": "Legal Transaction",
			"language": "Akkadian",
			"last_mod_by": "Tushingham",
			"last_modified": "02.11.2021",
			"list_name": "atae/stat3:P514333",
			"long_date_gen": "Ayyāru ...th, eponymy of Šamaš-šarru-ibni",
			"material": "clay",
			"month": "II",
			"object_type": "tablet",
			"period": "Neo-Assyrian",
			"pleiades_id": "893945",
			"regnal_dates": "ca. 626–612 BC",
			"ruler": "Sîn-šarru-iškun",
			"script": "Neo-Assyrian",
			"script_remarks": "inscribed",
			"script_type": "Cuneiform",
			"subgenre": "debt note (silver)",
			"year": "612*",
			"ch_no": "10",
			"ch_name": "Texte aus N 28",
			"ch_num_name": "10 (Texte aus N 28)"
		},
		"geometry": {
			"type": "Point",
			"coordinates": [43.262037,35.458121]
		}
	}, {
		"type": "Feature",
		"properties": {
			"project": "stat3",
			"id_text": "P514231",
			"primary_publication": "StAT 3 011",
			"museum_no": "VAT 09783",
			"provenience": "Qalat Sherqat (Assur)",
			"excavation_no": "Ass 02282h",
			"archive": "018 - N 02 Archive",
			"date": "620*-VI-11",
			"atae_attribution": "Based on Betina Faist, Alltagstexte aus neuassyrischen Archiven und Bibliotheken der Stadt Assur (Studien zu den Assur-Texten 3), 2007. Adapted, revised, lemmatized, and translated into English by Poppy Tushingham (2018-2020) for the Munich Open-access Cuneiform Corpus Initiative (MOCCI), which is funded by LMU Munich and the Alexander von Humboldt Foundation at the Historisches Seminar - Abteilung Alte Geschichte of Ludwig-Maximilians-Universität München. The annotated edition is released under the Creative Commons Attribution Share-Alike license 3.0.",
			"cite_as": "Please cite this page as http://oracc.org/atae/P514231/.",
			"collection": "Vorderasiatisches Museum, Berlin, Germany",
			"composite_witness": "witness",
			"credits": "Based on Betina Faist, Alltagstexte aus neuassyrischen Archiven und Bibliotheken der Stadt Assur (Studien zu den Assur-Texten 3), 2007. Adapted, revised, lemmatized, and translated into English by Poppy Tushingham (2018-2020) for the Munich Open-access Cuneiform Corpus Initiative (MOCCI), which is funded by LMU Munich and the Alexander von Humboldt Foundation at the Historisches Seminar - Abteilung Alte Geschichte of Ludwig-Maximilians-Universität München. The annotated edition is released under the Creative Commons Attribution Share-Alike license 3.0. Please cite this page as http://oracc.org/atae/P514231/.",
			"date_gen": "620*-VI-11",
			"date_of_origin": "Sin-sharru-ishkun.limu Sa’ilu.06.11",
			"day": "11",
			"designation": "StAT 3 011",
			"dialect": "Neo-Assyrian",
			"eponym": "Sa’īlu",
			"findspot_square": "N 02",
			"genre": "Legal Transaction",
			"language": "Akkadian",
			"last_mod_by": "Tushingham",
			"last_modified": "02.11.2021",
			"list_name": "atae/stat3:P514231",
			"long_date_gen": "Ulūlu 11th, eponymy of Sa’īlu",
			"material": "clay",
			"month": "VI",
			"object_type": "tablet, envelope",
			"period": "Neo-Assyrian",
			"pleiades_id": "893945",
			"regnal_dates": "ca. 626–612 BC",
			"ruler": "Sîn-šarru-iškun",
			"script": "Neo-Assyrian",
			"script_remarks": "inscribed",
			"script_type": "Cuneiform",
			"subgenre": "contract (work)",
			"year": "620*",
			"ch_no": "03",
			"ch_name": "Texte aus N 2",
			"ch_num_name": "03 (Texte aus N 2)"
		},
		"geometry": {
			"type": "Point",
			"coordinates": [43.262037,35.458121]
		}
	}, {
		"type": "Feature",
		"properties": {
			"project": "stat3",
			"id_text": "P514274",
			"primary_publication": "StAT 3 055",
			"museum_no": "VAT 09357",
			"provenience": "Qalat Sherqat (Assur)",
			"excavation_no": "Ass 11634o",
			"archive": "042 - N 27 Archive",
			"date": "665-II-24",
			"atae_attribution": "Based on Betina Faist, Alltagstexte aus neuassyrischen Archiven und Bibliotheken der Stadt Assur (Studien zu den Assur-Texten 3), 2007. Adapted, revised, lemmatized, and translated into English by Poppy Tushingham (2018-2020) for the Munich Open-access Cuneiform Corpus Initiative (MOCCI), which is funded by LMU Munich and the Alexander von Humboldt Foundation at the Historisches Seminar - Abteilung Alte Geschichte of Ludwig-Maximilians-Universität München. The annotated edition is released under the Creative Commons Attribution Share-Alike license 3.0.",
			"cite_as": "Please cite this page as http://oracc.org/atae/P514274/.",
			"collection": "Vorderasiatisches Museum, Berlin, Germany",
			"composite_witness": "witness",
			"credits": "Based on Betina Faist, Alltagstexte aus neuassyrischen Archiven und Bibliotheken der Stadt Assur (Studien zu den Assur-Texten 3), 2007. Adapted, revised, lemmatized, and translated into English by Poppy Tushingham (2018-2020) for the Munich Open-access Cuneiform Corpus Initiative (MOCCI), which is funded by LMU Munich and the Alexander von Humboldt Foundation at the Historisches Seminar - Abteilung Alte Geschichte of Ludwig-Maximilians-Universität München. The annotated edition is released under the Creative Commons Attribution Share-Alike license 3.0. Please cite this page as http://oracc.org/atae/P514274/.",
			"date_gen": "665-II-24",
			"date_of_origin": "Assurbanipal.limu Mannu-ki-sharri.02.24",
			"day": "24",
			"designation": "StAT 3 055",
			"dialect": "Neo-Assyrian",
			"eponym": "Mannu-kī-šarri",
			"findspot_square": "N 27",
			"genre": "Legal Transaction",
			"language": "Akkadian",
			"last_mod_by": "Tushingham",
			"last_modified": "02.11.2021",
			"list_name": "atae/stat3:P514274",
			"long_date_gen": "Ayyāru 24th, eponymy of Mannu-kī-šarri",
			"material": "clay",
			"month": "II",
			"object_type": "tablet, envelope",
			"period": "Neo-Assyrian",
			"pleiades_id": "893945",
			"regnal_dates": "668–ca. 631 BC",
			"ruler": "Ashurbanipal",
			"script": "Neo-Assyrian",
			"script_remarks": "inscribed",
			"script_type": "Cuneiform",
			"subgenre": "debt note (silver)",
			"year": "665",
			"ch_no": "09",
			"ch_name": "Texte aus N 27",
			"ch_num_name": "09 (Texte aus N 27)"
		},
		"geometry": {
			"type": "Point",
			"coordinates": [43.262037,35.458121]
		}
	}, {
		"type": "Feature",
		"properties": {
			"project": "stat3",
			"id_text": "P514286",
			"primary_publication": "StAT 3 068",
			"museum_no": "VAT 19504",
			"provenience": "Qalat Sherqat (Assur)",
			"excavation_no": "Ass 11682r",
			"archive": "043 - N 28 Archive",
			"date": "672-IV-06",
			"atae_attribution": "Based on Betina Faist, Alltagstexte aus neuassyrischen Archiven und Bibliotheken der Stadt Assur (Studien zu den Assur-Texten 3), 2007. Adapted, revised, lemmatized, and translated into English by Poppy Tushingham (2018-2020) for the Munich Open-access Cuneiform Corpus Initiative (MOCCI), which is funded by LMU Munich and the Alexander von Humboldt Foundation at the Historisches Seminar - Abteilung Alte Geschichte of Ludwig-Maximilians-Universität München. The annotated edition is released under the Creative Commons Attribution Share-Alike license 3.0.",
			"cite_as": "Please cite this page as http://oracc.org/atae/P514286/.",
			"collection": "Vorderasiatisches Museum, Berlin, Germany",
			"composite_witness": "witness",
			"credits": "Based on Betina Faist, Alltagstexte aus neuassyrischen Archiven und Bibliotheken der Stadt Assur (Studien zu den Assur-Texten 3), 2007. Adapted, revised, lemmatized, and translated into English by Poppy Tushingham (2018-2020) for the Munich Open-access Cuneiform Corpus Initiative (MOCCI), which is funded by LMU Munich and the Alexander von Humboldt Foundation at the Historisches Seminar - Abteilung Alte Geschichte of Ludwig-Maximilians-Universität München. The annotated edition is released under the Creative Commons Attribution Share-Alike license 3.0. Please cite this page as http://oracc.org/atae/P514286/.",
			"date_gen": "672-IV-06",
			"date_of_origin": "Esarhaddon.limu Nabu-belu-usur.04.06",
			"day": "06",
			"designation": "StAT 3 068",
			"dialect": "Neo-Assyrian",
			"eponym": "Nabû-bēlu-uṣur",
			"findspot_square": "N 28",
			"genre": "Legal Transaction",
			"language": "Akkadian",
			"last_mod_by": "Tushingham",
			"last_modified": "02.11.2021",
			"list_name": "atae/stat3:P514286",
			"long_date_gen": "Duʾūzu 6th, eponymy of Nabû-bēlu-uṣur",
			"material": "clay",
			"month": "IV",
			"object_type": "tablet, envelope",
			"period": "Neo-Assyrian",
			"pleiades_id": "893945",
			"regnal_dates": "680–669 BC",
			"ruler": "Esarhaddon",
			"script": "Neo-Assyrian",
			"script_remarks": "inscribed",
			"script_type": "Cuneiform",
			"subgenre": "debt note (silver)",
			"year": "672",
			"ch_no": "10",
			"ch_name": "Texte aus N 28",
			"ch_num_name": "10 (Texte aus N 28)"
		},
		"geometry": {
			"type": "Point",
			"coordinates": [43.262037,35.458121]
		}
	}, {
		"type": "Feature",
		"properties": {
			"project": "stat3",
			"id_text": "P514331",
			"primary_publication": "StAT 3 113",
			"museum_no": "VAT 22605",
			"provenience": "Qalat Sherqat (Assur)",
			"excavation_no": "Ass 01858",
			"archive": "018 - N 02 Archive",
			"date": "644*-II-10 or 629*-II-10",
			"atae_attribution": "Based on Betina Faist, Alltagstexte aus neuassyrischen Archiven und Bibliotheken der Stadt Assur (Studien zu den Assur-Texten 3), 2007. Adapted, revised, lemmatized, and translated into English by Poppy Tushingham (2018-2020) for the Munich Open-access Cuneiform Corpus Initiative (MOCCI), which is funded by LMU Munich and the Alexander von Humboldt Foundation at the Historisches Seminar - Abteilung Alte Geschichte of Ludwig-Maximilians-Universität München. The annotated edition is released under the Creative Commons Attribution Share-Alike license 3.0.",
			"cite_as": "Please cite this page as http://oracc.org/atae/P514331/.",
			"collection": "Vorderasiatisches Museum, Berlin, Germany",
			"composite_witness": "witness",
			"credits": "Based on Betina Faist, Alltagstexte aus neuassyrischen Archiven und Bibliotheken der Stadt Assur (Studien zu den Assur-Texten 3), 2007. Adapted, revised, lemmatized, and translated into English by Poppy Tushingham (2018-2020) for the Munich Open-access Cuneiform Corpus Initiative (MOCCI), which is funded by LMU Munich and the Alexander von Humboldt Foundation at the Historisches Seminar - Abteilung Alte Geschichte of Ludwig-Maximilians-Universität München. The annotated edition is released under the Creative Commons Attribution Share-Alike license 3.0. Please cite this page as http://oracc.org/atae/P514331/.",
			"date_gen": "644* or 629*-II-10",
			"date_of_origin": "00.000.02.10",
			"day": "10",
			"designation": "StAT 3 113",
			"dialect": "Neo-Assyrian",
			"findspot_square": "N 02",
			"genre": "Legal Transaction",
			"language": "Akkadian",
			"last_mod_by": "Tushingham",
			"last_modified": "02.11.2021",
			"list_name": "atae/stat3:P514331",
			"long_date_gen": "Ayyāru 10th",
			"material": "clay",
			"month": "II",
			"object_type": "tablet, envelope",
			"period": "Neo-Assyrian",
			"pleiades_id": "893945",
			"ruler": "Ashurbanipal or Aššur-etel-ilāni",
			"script": "Neo-Assyrian",
			"script_remarks": "inscribed",
			"script_type": "Cuneiform",
			"subgenre": "debt note (silver)",
			"year": "644* or 629*",
			"ch_no": "03",
			"ch_name": "Texte aus N 2",
			"ch_num_name": "03 (Texte aus N 2)"
		},
		"geometry": {
			"type": "Point",
			"coordinates": [43.262037,35.458121]
		}
	}, {
		"type": "Feature",
		"properties": {
			"project": "stat3",
			"id_text": "P514240",
			"primary_publication": "StAT 3 020",
			"museum_no": "VAT 10010",
			"provenience": "Qalat Sherqat (Assur)",
			"excavation_no": "Ass 21548c",
			"archive": "019 - N 03 Archive",
			"atae_attribution": "Based on Betina Faist, Alltagstexte aus neuassyrischen Archiven und Bibliotheken der Stadt Assur (Studien zu den Assur-Texten 3), 2007. Adapted, revised, lemmatized, and translated into English by Poppy Tushingham (2018-2020) for the Munich Open-access Cuneiform Corpus Initiative (MOCCI), which is funded by LMU Munich and the Alexander von Humboldt Foundation at the Historisches Seminar - Abteilung Alte Geschichte of Ludwig-Maximilians-Universität München. The annotated edition is released under the Creative Commons Attribution Share-Alike license 3.0.",
			"cite_as": "Please cite this page as http://oracc.org/atae/P514240/.",
			"collection": "Vorderasiatisches Museum, Berlin, Germany",
			"composite_witness": "witness",
			"credits": "Based on Betina Faist, Alltagstexte aus neuassyrischen Archiven und Bibliotheken der Stadt Assur (Studien zu den Assur-Texten 3), 2007. Adapted, revised, lemmatized, and translated into English by Poppy Tushingham (2018-2020) for the Munich Open-access Cuneiform Corpus Initiative (MOCCI), which is funded by LMU Munich and the Alexander von Humboldt Foundation at the Historisches Seminar - Abteilung Alte Geschichte of Ludwig-Maximilians-Universität München. The annotated edition is released under the Creative Commons Attribution Share-Alike license 3.0. Please cite this page as http://oracc.org/atae/P514240/.",
			"date_of_origin": "00.000.00.00",
			"designation": "StAT 3 020",
			"dialect": "Neo-Assyrian",
			"findspot_square": "N 03",
			"genre": "Legal Transaction",
			"has_date": "yes, but date completely destroyed",
			"language": "Akkadian",
			"last_mod_by": "Tushingham",
			"last_modified": "02.11.2021",
			"list_name": "atae/stat3:P514240",
			"material": "clay",
			"object_type": "tablet",
			"period": "Neo-Assyrian",
			"pleiades_id": "893945",
			"script": "Neo-Assyrian",
			"script_remarks": "inscribed",
			"script_type": "Cuneiform",
			"subgenre": "sales document (house)",
			"ch_no": "04",
			"ch_name": "Texte aus N 3",
			"ch_num_name": "04 (Texte aus N 3)"
		},
		"geometry": {
			"type": "Point",
			"coordinates": [43.262037,35.458121]
		}
	}, {
		"type": "Feature",
		"properties": {
			"project": "stat3",
			"id_text": "P514295",
			"primary_publication": "StAT 3 077",
			"museum_no": "VAT 09361",
			"provenience": "Qalat Sherqat (Assur)",
			"excavation_no": "Ass 11770e",
			"archive": "044 - N 29 Archive",
			"date": "[...]-VII-15",
			"atae_attribution": "Based on Betina Faist, Alltagstexte aus neuassyrischen Archiven und Bibliotheken der Stadt Assur (Studien zu den Assur-Texten 3), 2007. Adapted, revised, lemmatized, and translated into English by Poppy Tushingham (2018-2020) for the Munich Open-access Cuneiform Corpus Initiative (MOCCI), which is funded by LMU Munich and the Alexander von Humboldt Foundation at the Historisches Seminar - Abteilung Alte Geschichte of Ludwig-Maximilians-Universität München. The annotated edition is released under the Creative Commons Attribution Share-Alike license 3.0.",
			"cite_as": "Please cite this page as http://oracc.org/atae/P514295/.",
			"collection": "Vorderasiatisches Museum, Berlin, Germany",
			"composite_witness": "witness",
			"credits": "Based on Betina Faist, Alltagstexte aus neuassyrischen Archiven und Bibliotheken der Stadt Assur (Studien zu den Assur-Texten 3), 2007. Adapted, revised, lemmatized, and translated into English by Poppy Tushingham (2018-2020) for the Munich Open-access Cuneiform Corpus Initiative (MOCCI), which is funded by LMU Munich and the Alexander von Humboldt Foundation at the Historisches Seminar - Abteilung Alte Geschichte of Ludwig-Maximilians-Universität München. The annotated edition is released under the Creative Commons Attribution Share-Alike license 3.0. Please cite this page as http://oracc.org/atae/P514295/.",
			"date_gen": "[...]-VII-15",
			"date_of_origin": "00.000.07.15",
			"day": "15",
			"designation": "StAT 3 077",
			"dialect": "Neo-Assyrian",
			"findspot_square": "N 29",
			"genre": "Legal Transaction",
			"language": "Akkadian",
			"last_mod_by": "Tushingham",
			"last_modified": "02.11.2021",
			"list_name": "atae/stat3:P514295",
			"long_date_gen": "Tašrītu 15th, [eponymy of ...]",
			"material": "clay",
			"month": "VII",
			"object_type": "tablet",
			"period": "Neo-Assyrian",
			"pleiades_id": "893945",
			"script": "Neo-Assyrian",
			"script_remarks": "inscribed",
			"script_type": "Cuneiform",
			"subgenre": "sales document (plot)",
			"year": "[...]",
			"ch_no": "11",
			"ch_name": "Text aus N 29",
			"ch_num_name": "11 (Text aus N 29)"
		},
		"geometry": {
			"type": "Point",
			"coordinates": [43.262037,35.458121]
		}
	}, {
		"type": "Feature",
		"properties": {
			"project": "stat3",
			"id_text": "P514291",
			"primary_publication": "StAT 3 073",
			"museum_no": "VAT 19509",
			"provenience": "Qalat Sherqat (Assur)",
			"excavation_no": "Ass 11682x",
			"archive": "043 - N 28 Archive",
			"date": "698-03-[...]",
			"atae_attribution": "Based on Betina Faist, Alltagstexte aus neuassyrischen Archiven und Bibliotheken der Stadt Assur (Studien zu den Assur-Texten 3), 2007. Adapted, revised, lemmatized, and translated into English by Poppy Tushingham (2018-2020) for the Munich Open-access Cuneiform Corpus Initiative (MOCCI), which is funded by LMU Munich and the Alexander von Humboldt Foundation at the Historisches Seminar - Abteilung Alte Geschichte of Ludwig-Maximilians-Universität München. The annotated edition is released under the Creative Commons Attribution Share-Alike license 3.0.",
			"cite_as": "Please cite this page as http://oracc.org/atae/P514291/.",
			"collection": "Vorderasiatisches Museum, Berlin, Germany",
			"composite_witness": "witness",
			"credits": "Based on Betina Faist, Alltagstexte aus neuassyrischen Archiven und Bibliotheken der Stadt Assur (Studien zu den Assur-Texten 3), 2007. Adapted, revised, lemmatized, and translated into English by Poppy Tushingham (2018-2020) for the Munich Open-access Cuneiform Corpus Initiative (MOCCI), which is funded by LMU Munich and the Alexander von Humboldt Foundation at the Historisches Seminar - Abteilung Alte Geschichte of Ludwig-Maximilians-Universität München. The annotated edition is released under the Creative Commons Attribution Share-Alike license 3.0. Please cite this page as http://oracc.org/atae/P514291/.",
			"date_gen": "698-III-[...]",
			"date_of_origin": "Sennacherib.limu Shulmu-sharri.03.00",
			"day": "[...]",
			"designation": "StAT 3 073",
			"dialect": "Neo-Assyrian",
			"eponym": "Šulmu-šarri",
			"findspot_square": "N 28",
			"genre": "Legal Transaction",
			"language": "Akkadian",
			"last_mod_by": "Tushingham",
			"last_modified": "02.11.2021",
			"list_name": "atae/stat3:P514291",
			"long_date_gen": "Simānu ...th, eponymy of Šulmu-šarri",
			"material": "clay",
			"month": "III",
			"object_type": "tablet",
			"period": "Neo-Assyrian",
			"pleiades_id": "893945",
			"regnal_dates": "704–681 BC",
			"ruler": "Sennacherib",
			"script": "Neo-Assyrian",
			"script_remarks": "inscribed",
			"script_type": "Cuneiform",
			"subgenre": "sales document (house)",
			"year": "698",
			"ch_no": "10",
			"ch_name": "Texte aus N 28",
			"ch_num_name": "10 (Texte aus N 28)"
		},
		"geometry": {
			"type": "Point",
			"coordinates": [43.262037,35.458121]
		}
	}, {
		"type": "Feature",
		"properties": {
			"project": "stat3",
			"id_text": "P514248",
			"primary_publication": "StAT 3 028",
			"museum_no": "VAT 10050",
			"provenience": "Qalat Sherqat (Assur)",
			"excavation_no": "Ass 21548i",
			"archive": "019 - N 03 Archive",
			"date": "654-VI-12",
			"atae_attribution": "Based on Betina Faist, Alltagstexte aus neuassyrischen Archiven und Bibliotheken der Stadt Assur (Studien zu den Assur-Texten 3), 2007. Adapted, revised, lemmatized, and translated into English by Poppy Tushingham (2018-2020) for the Munich Open-access Cuneiform Corpus Initiative (MOCCI), which is funded by LMU Munich and the Alexander von Humboldt Foundation at the Historisches Seminar - Abteilung Alte Geschichte of Ludwig-Maximilians-Universität München. The annotated edition is released under the Creative Commons Attribution Share-Alike license 3.0.",
			"cite_as": "Please cite this page as http://oracc.org/atae/P514248/.",
			"collection": "Vorderasiatisches Museum, Berlin, Germany",
			"composite_witness": "witness",
			"credits": "Based on Betina Faist, Alltagstexte aus neuassyrischen Archiven und Bibliotheken der Stadt Assur (Studien zu den Assur-Texten 3), 2007. Adapted, revised, lemmatized, and translated into English by Poppy Tushingham (2018-2020) for the Munich Open-access Cuneiform Corpus Initiative (MOCCI), which is funded by LMU Munich and the Alexander von Humboldt Foundation at the Historisches Seminar - Abteilung Alte Geschichte of Ludwig-Maximilians-Universität München. The annotated edition is released under the Creative Commons Attribution Share-Alike license 3.0. Please cite this page as http://oracc.org/atae/P514248/.",
			"date_gen": "654-VI-12",
			"date_of_origin": "Assurbanipal.limu Assur-nasir.06.12",
			"day": "12",
			"designation": "StAT 3 028",
			"dialect": "Neo-Assyrian",
			"eponym": "Aššur-nāṣir",
			"findspot_square": "N 03",
			"genre": "Legal Transaction",
			"language": "Akkadian",
			"last_mod_by": "Tushingham",
			"last_modified": "02.11.2021",
			"list_name": "atae/stat3:P514248",
			"long_date_gen": "Ulūlu 12th, eponymy of Aššur-nāṣir",
			"material": "clay",
			"month": "VI",
			"object_type": "tablet, envelope",
			"period": "Neo-Assyrian",
			"pleiades_id": "893945",
			"regnal_dates": "668–ca. 631 BC",
			"ruler": "Ashurbanipal",
			"script": "Neo-Assyrian",
			"script_remarks": "inscribed",
			"script_type": "Cuneiform",
			"subgenre": "judicial document",
			"year": "654",
			"ch_no": "04",
			"ch_name": "Texte aus N 3",
			"ch_num_name": "04 (Texte aus N 3)"
		},
		"geometry": {
			"type": "Point",
			"coordinates": [43.262037,35.458121]
		}
	}, {
		"type": "Feature",
		"properties": {
			"project": "stat3",
			"id_text": "P514320",
			"primary_publication": "StAT 3 102",
			"museum_no": "VAT 08241",
			"provenience": "Qalat Sherqat (Assur)",
			"excavation_no": "Ass 14067g",
			"archive": "047 - N 32 Archive",
			"date": "655-VII-29",
			"atae_attribution": "Based on Betina Faist, Alltagstexte aus neuassyrischen Archiven und Bibliotheken der Stadt Assur (Studien zu den Assur-Texten 3), 2007. Adapted, revised, lemmatized, and translated into English by Poppy Tushingham (2018-2020) for the Munich Open-access Cuneiform Corpus Initiative (MOCCI), which is funded by LMU Munich and the Alexander von Humboldt Foundation at the Historisches Seminar - Abteilung Alte Geschichte of Ludwig-Maximilians-Universität München. The annotated edition is released under the Creative Commons Attribution Share-Alike license 3.0.",
			"cite_as": "Please cite this page as http://oracc.org/atae/P514320/.",
			"collection": "Vorderasiatisches Museum, Berlin, Germany",
			"composite_witness": "witness",
			"credits": "Based on Betina Faist, Alltagstexte aus neuassyrischen Archiven und Bibliotheken der Stadt Assur (Studien zu den Assur-Texten 3), 2007. Adapted, revised, lemmatized, and translated into English by Poppy Tushingham (2018-2020) for the Munich Open-access Cuneiform Corpus Initiative (MOCCI), which is funded by LMU Munich and the Alexander von Humboldt Foundation at the Historisches Seminar - Abteilung Alte Geschichte of Ludwig-Maximilians-Universität München. The annotated edition is released under the Creative Commons Attribution Share-Alike license 3.0. Please cite this page as http://oracc.org/atae/P514320/.",
			"date_gen": "655-VII-29",
			"date_of_origin": "Assurbanipal.limu Awianu.07.29",
			"day": "29",
			"designation": "StAT 3 102",
			"dialect": "Neo-Assyrian",
			"eponym": "Awiānu",
			"findspot_square": "N 32",
			"genre": "Legal Transaction",
			"language": "Akkadian",
			"last_mod_by": "Tushingham",
			"last_modified": "02.11.2021",
			"list_name": "atae/stat3:P514320",
			"long_date_gen": "Tašrītu 29th, eponymy of Awiānu",
			"material": "clay",
			"month": "VII",
			"object_type": "tablet",
			"period": "Neo-Assyrian",
			"pleiades_id": "893945",
			"regnal_dates": "668–ca. 631 BC",
			"ruler": "Ashurbanipal",
			"script": "Neo-Assyrian",
			"script_remarks": "inscribed",
			"script_type": "Cuneiform",
			"subgenre": "judicial document",
			"year": "655",
			"ch_no": "13",
			"ch_name": "Texte aus N 32",
			"ch_num_name": "13 (Texte aus N 32)"
		},
		"geometry": {
			"type": "Point",
			"coordinates": [43.262037,35.458121]
		}
	}]
}
