{
	"type": "FeatureCollection",
	"features": [{
		"type": "Feature",
		"properties": {
			"cdli_id": "P462809",
			"collection": "British Museum, London, UK; Vorderasiatisches Museum, Berlin, Germany",
			"credits": "Created by A. Kirk Grayson, Jamie Novotny, and the Royal Inscriptions of the Neo-Assyrian Period (RINAP) Project, 2012. Lemmatized by Jamie Novotny, 2011. The annotated edition is released under the Creative Commons Attribution Share-Alike license 3.0. Please cite this page as http://oracc.org/rinap/Q003475/.",
			"date_of_origin": "704-681",
			"designation": "Sennacherib 001",
			"display_name": "RINAP 3 001",
			"dynastic_seat": "Assyria",
			"exemplars": "BM 113203 (1915-04-10, 0001); Ki 1902-05-10, 0001; Bu 1889-04-26, 175; 1881-07-27, 0021; BM 127939 (1929-10-12, 0595); Bu 1889-04-26, 0039; Rm 2, 186; Bu 1889-04-26, 0140; BM 099046 (Ki 1904-10-09, 0075); Bu 1889-04-26, 0149; VA 08985; BM 134584 (1932-12-12, 0579); K 14959",
			"genre": "Royal Inscription",
			"id_composite": "Q003475",
			"language": "Akkadian",
			"material": "clay",
			"object_type": "cylinder",
			"period": "Neo-Assyrian",
			"pleiades_id": "874621",
			"popular_name": "First Campaign Cylinder",
			"primary_publication": "Sennacherib 001",
			"provenience": "Kuyunjik (Nineveh)",
			"ruler": "Sennacherib",
			"script": "Neo-Assyrian",
			"script_remarks": "inscribed",
			"script_type": "Cuneiform",
			"subgenre": "Sennacherib",
			"supergenre": "LIT"
		},
		"geometry": {
			"type": "Point",
			"coordinates": [43.151937,36.358684]
		}
	}, {
		"type": "Feature",
		"properties": {
			"cdli_id": "P462810",
			"collection": "British Museum, London, UK; Oriental Institute, University of Chicago, Chicago, Illinois, USA",
			"credits": "Created by A. Kirk Grayson, Jamie Novotny, and the Royal Inscriptions of the Neo-Assyrian Period (RINAP) Project, 2012. Lemmatized by Jamie Novotny, 2011. The annotated edition is released under the Creative Commons Attribution Share-Alike license 3.0. Please cite this page as http://oracc.org/rinap/Q003476/.",
			"date_of_origin": "704-681",
			"designation": "Sennacherib 002",
			"display_name": "RINAP 3 002",
			"dynastic_seat": "Assyria",
			"exemplars": "Rm 2, 095 + BM 134458 (+) BM 123412 + BM 134482 (1932-12-12, 0453 (TM 1931-2, 08) (+) 1932-12-10, 0355 + 1932-12-12, 0477); A 16937; A 16940",
			"genre": "Royal Inscription",
			"id_composite": "Q003476",
			"language": "Akkadian",
			"material": "clay",
			"object_type": "cylinder",
			"period": "Neo-Assyrian",
			"pleiades_id": "874621",
			"popular_name": "RM 2, 095+, A 16937, and A 16940",
			"primary_publication": "Sennacherib 002",
			"provenience": "Kuyunjik (Nineveh)",
			"ruler": "Sennacherib",
			"script": "Neo-Assyrian",
			"script_remarks": "inscribed",
			"script_type": "Cuneiform",
			"subgenre": "Sennacherib",
			"supergenre": "LIT"
		},
		"geometry": {
			"type": "Point",
			"coordinates": [43.151937,36.358684]
		}
	}, {
		"type": "Feature",
		"properties": {
			"cdli_id": "P462811",
			"collection": "British Museum, London, UK; Yale Babylonian Collection, New Haven, Connecticut, USA; Vorderasiatisches Museum, Berlin, Germany",
			"credits": "Created by A. Kirk Grayson, Jamie Novotny, and the Royal Inscriptions of the Neo-Assyrian Period (RINAP) Project, 2012. Lemmatized by Jamie Novotny, 2011. The annotated edition is released under the Creative Commons Attribution Share-Alike license 3.0. Please cite this page as http://oracc.org/rinap/Q003477/.",
			"date_of_origin": "704-681",
			"designation": "Sennacherib 003",
			"display_name": "RINAP 3 003",
			"dynastic_seat": "Assyria",
			"exemplars": "BM 022502 (K 01680; R 102); BM 134469 (1932-12-12, 0464); 1879-07-08, 0288; K 01649 (R 104); NBC 06057; Rm 2, 185; 1881-02-04, 0478; BM 123428 (1932-12-10, 0371); BM 134457 (1932-12-12, 0452); VA 15467 (Ass 15773); BM 098560 (Th 1905-04-09, 0066); 1881-07-27, 0007; 1881-02-04, 0175; VA 15470 (Ass 11594); VA Ass 04367 (Ass 15806); K 01646",
			"genre": "Royal Inscription",
			"id_composite": "Q003477",
			"language": "Akkadian",
			"material": "clay",
			"object_type": "cylinder",
			"period": "Neo-Assyrian",
			"pleiades_id": "874621",
			"popular_name": "Bellino Cylinder",
			"primary_publication": "Sennacherib 003",
			"provenience": "Kuyunjik (Nineveh)",
			"ruler": "Sennacherib",
			"script": "Neo-Assyrian",
			"script_remarks": "inscribed",
			"script_type": "Cuneiform",
			"subgenre": "Sennacherib",
			"supergenre": "LIT"
		},
		"geometry": {
			"type": "Point",
			"coordinates": [43.151937,36.358684]
		}
	}, {
		"type": "Feature",
		"properties": {
			"cdli_id": "P462812",
			"collection": "British Museum, London, UK; Arkeoloji Müzerleri, Istanbul, Turkey; Vorderasiatisches Museum, Berlin, Germany; École Pratique des Hautes Études, Paris, France; Oriental Institute, University of Chicago, Chicago, Illinois, USA; Metropolitan Museum of Art, New York, New York, USA; private: annonymous",
			"credits": "Created by A. Kirk Grayson, Jamie Novotny, and the Royal Inscriptions of the Neo-Assyrian Period (RINAP) Project, 2012. Lemmatized by Jamie Novotny, 2011. The annotated edition is released under the Creative Commons Attribution Share-Alike license 3.0. Please cite this page as http://oracc.org/rinap/Q003478/.",
			"date_of_origin": "704-681",
			"designation": "Sennacherib 004",
			"display_name": "RINAP 3 004",
			"dynastic_seat": "Assyria",
			"exemplars": "BM 022503 (1880-07-19, 01); BM 022500 (1881-02-04, 042); BM 022501 (1879-07-08, 0302); BM 022504 (1880-07-19, 0002); Ist EŞEM - (formerly 1880-07-19, 0003); 1881-07-27, 0001 + 1881-07-27, 0264; 1881-02-04, 0047; Sumer 24 pl. 16B; VA 07516 (Ass 05040); 1881-02-04, 0168; K 01636a; K 01637; BM 098558 (Th 1905-04-09, 0064); BM 134456 (1932-12-12, 0451); K 01641; 1880-07-19, 0010; K 01644 + 1879-07-08, 0220; 1881-07-27, 0005; Sm 2123 + Rm 2, 094; K 01642 + 1881-07-27, 0006; 1879-07-08, 0015; 1879-07-08, 0016; DT 069; HE 322; VA 07508 (Ass 01248); BM 123415 (1932-12-10, 0358); BM 099047 (Ki 1904-10-09, 0076); 1880-07-19, 0011; 1881-02-04, 0170; BM 098559 (Th 1905-04-09, 0065); Rm 0952; BM 134451 (1932-12-12, 0446); A 16933; 1881-02-04, 0171; K 01640; 1881-07-27, 0017; 1881-07-27, 0002 + 1881-07-27, 0004   (38) Rm 1030; K 01636b; MMA 86.11.197; A 03515; K 15312; Görg, Biblische Notizen 24 pp. 16-17 and pl. 1; Bu 1889-04-26, 0141; Görg, Biblische Notizen 44 pp. 27-29 and pl. 1; Rm 1029; BM 123430 (1932-12-10, 0373); A 3596 (Istanbul) (Ass 17180); BM 99325 (Ki 1904-10-9, 0358); K 19428; BM 123417 (1932-12-10, 0360); 1881-02-04, 0045; Bu 1889-04-26, 0137; BM 134492 (1932-12-12, 0487); K 01639; VA Ass 04368 (Ass 07157); K 20864; BM 123431 + BM 127972 (1932-12-10, 0374 + 1929-10-12, 0628); Bu 1889-04-26, 0139; VAT 11955; Bu 1889-04-26, 0138; 1882-05-22, 0023; BM 099050 (Ki 1904-10-09, 0079); BM 123432 (1932-12-10, 0375); K 01648 + Sm 1894 + Sm 2007; A 16934; VA 15468 (Ass 15222); K 01647; VA Ass 04364 (Ass 08578 + Ass 08722); VA Ass 04363 (Ass 08532); K 01638; K 01650; BM 134515 (1932-12-12, 0510); VA 07509 (Ass 01261); 1882-05-22, 0025; 1879-07-08, 0017; Bu 1889-04-26, 0074; BM 134606 (1932-12-12, 0601); 1848-11-04, 0281; BM 099048 (Ki 1904-10-09, 0077); 1880-07-19, 0014; VA Ass 04365 (Ass 05405); VA 15473 (Ass 09858); VA Ass 04366 (Ass 11398); VA 07502 (Ass 02448); VA Ass 04369 (Ass 05456); VA 15472 (Ass 15625);",
			"genre": "Royal Inscription",
			"id_composite": "Q003478",
			"language": "Akkadian",
			"material": "clay",
			"object_type": "cylinder",
			"period": "Neo-Assyrian",
			"pleiades_id": "874621",
			"popular_name": "Rassam Cylinder",
			"primary_publication": "Sennacherib 004",
			"provenience": "Kuyunjik (Nineveh)",
			"ruler": "Sennacherib",
			"script": "Neo-Assyrian",
			"script_remarks": "inscribed",
			"script_type": "Cuneiform",
			"subgenre": "Sennacherib",
			"supergenre": "LIT"
		},
		"geometry": {
			"type": "Point",
			"coordinates": [43.151937,36.358684]
		}
	}, {
		"type": "Feature",
		"properties": {
			"cdli_id": "P462813",
			"collection": "British Museum, London, UK",
			"credits": "Created by A. Kirk Grayson, Jamie Novotny, and the Royal Inscriptions of the Neo-Assyrian Period (RINAP) Project, 2012. Lemmatized by Jamie Novotny, 2011. The annotated edition is released under the Creative Commons Attribution Share-Alike license 3.0. Please cite this page as http://oracc.org/rinap/Q003479/.",
			"date_of_origin": "704-681",
			"designation": "Sennacherib 005",
			"display_name": "RINAP 3 005",
			"dynastic_seat": "Assyria",
			"exemplars": "K 01645",
			"genre": "Royal Inscription",
			"id_composite": "Q003479",
			"language": "Akkadian",
			"material": "clay",
			"object_type": "cylinder",
			"period": "Neo-Assyrian",
			"pleiades_id": "874621",
			"popular_name": "K 01645",
			"primary_publication": "Sennacherib 005",
			"provenience": "Kuyunjik (Nineveh)",
			"ruler": "Sennacherib",
			"script": "Neo-Assyrian",
			"script_remarks": "inscribed",
			"script_type": "Cuneiform",
			"subgenre": "Sennacherib",
			"supergenre": "LIT"
		},
		"geometry": {
			"type": "Point",
			"coordinates": [43.151937,36.358684]
		}
	}, {
		"type": "Feature",
		"properties": {
			"cdli_id": "P462814",
			"collection": "British Museum, London, UK",
			"credits": "Created by A. Kirk Grayson, Jamie Novotny, and the Royal Inscriptions of the Neo-Assyrian Period (RINAP) Project, 2012. Lemmatized by Jamie Novotny, 2011. The annotated edition is released under the Creative Commons Attribution Share-Alike license 3.0. Please cite this page as http://oracc.org/rinap/Q003480/.",
			"date_of_origin": "704-681",
			"designation": "Sennacherib 006",
			"display_name": "RINAP 3 006",
			"dynastic_seat": "Assyria",
			"exemplars": "1882-05-22, 0024",
			"genre": "Royal Inscription",
			"id_composite": "Q003480",
			"language": "Akkadian",
			"material": "clay",
			"object_type": "cylinder",
			"period": "Neo-Assyrian",
			"pleiades_id": "874621",
			"popular_name": "1882-05-22, 0024",
			"primary_publication": "Sennacherib 006",
			"provenience": "Kuyunjik (Nineveh)",
			"ruler": "Sennacherib",
			"script": "Neo-Assyrian",
			"script_remarks": "inscribed",
			"script_type": "Cuneiform",
			"subgenre": "Sennacherib",
			"supergenre": "LIT"
		},
		"geometry": {
			"type": "Point",
			"coordinates": [43.151937,36.358684]
		}
	}, {
		"type": "Feature",
		"properties": {
			"cdli_id": "P462815",
			"collection": "British Museum, London, UK",
			"credits": "Created by A. Kirk Grayson, Jamie Novotny, and the Royal Inscriptions of the Neo-Assyrian Period (RINAP) Project, 2012. Lemmatized by Jamie Novotny, 2011. The annotated edition is released under the Creative Commons Attribution Share-Alike license 3.0. Please cite this page as http://oracc.org/rinap/Q003481/.",
			"date_of_origin": "704-681",
			"designation": "Sennacherib 007",
			"display_name": "RINAP 3 007",
			"dynastic_seat": "Assyria",
			"exemplars": "Bu 1891-05-09, 0032",
			"genre": "Royal Inscription",
			"id_composite": "Q003481",
			"language": "Akkadian",
			"material": "clay",
			"object_type": "cylinder",
			"period": "Neo-Assyrian",
			"pleiades_id": "874621",
			"popular_name": "Bu 1891-05-09, 0032",
			"primary_publication": "Sennacherib 007",
			"provenience": "Kuyunjik (Nineveh)",
			"ruler": "Sennacherib",
			"script": "Neo-Assyrian",
			"script_remarks": "inscribed",
			"script_type": "Cuneiform",
			"subgenre": "Sennacherib",
			"supergenre": "LIT"
		},
		"geometry": {
			"type": "Point",
			"coordinates": [43.151937,36.358684]
		}
	}, {
		"type": "Feature",
		"properties": {
			"cdli_id": "P462816",
			"collection": "British Museum, London, UK",
			"credits": "Created by A. Kirk Grayson, Jamie Novotny, and the Royal Inscriptions of the Neo-Assyrian Period (RINAP) Project, 2012. Lemmatized by Jamie Novotny, 2011. The annotated edition is released under the Creative Commons Attribution Share-Alike license 3.0. Please cite this page as http://oracc.org/rinap/Q003482/.",
			"date_of_origin": "704-681",
			"designation": "Sennacherib 008",
			"display_name": "RINAP 3 008",
			"dynastic_seat": "Assyria",
			"exemplars": "1881-02-04, 0046",
			"genre": "Royal Inscription",
			"id_composite": "Q003482",
			"language": "Akkadian",
			"material": "clay",
			"object_type": "cylinder",
			"period": "Neo-Assyrian",
			"pleiades_id": "874621",
			"popular_name": "1881-02-04, 0046",
			"primary_publication": "Sennacherib 008",
			"provenience": "Kuyunjik (Nineveh)",
			"ruler": "Sennacherib",
			"script": "Neo-Assyrian",
			"script_remarks": "inscribed",
			"script_type": "Cuneiform",
			"subgenre": "Sennacherib",
			"supergenre": "LIT"
		},
		"geometry": {
			"type": "Point",
			"coordinates": [43.151937,36.358684]
		}
	}, {
		"type": "Feature",
		"properties": {
			"cdli_id": "P462817",
			"collection": "Pushkin State Museum of Fine Arts, Moscow, Russia",
			"credits": "Created by A. Kirk Grayson, Jamie Novotny, and the Royal Inscriptions of the Neo-Assyrian Period (RINAP) Project, 2012. Lemmatized by Jamie Novotny, 2011. The annotated edition is released under the Creative Commons Attribution Share-Alike license 3.0. Please cite this page as http://oracc.org/rinap/Q003483/.",
			"date_of_origin": "704-681",
			"designation": "Sennacherib 009",
			"display_name": "RINAP 3 009",
			"dynastic_seat": "Assyria",
			"exemplars": "GMII 0837",
			"genre": "Royal Inscription",
			"id_composite": "Q003483",
			"language": "Akkadian",
			"material": "clay",
			"object_type": "cylinder",
			"period": "Neo-Assyrian",
			"pleiades_id": "874621",
			"popular_name": "I2b 837",
			"primary_publication": "Sennacherib 009",
			"provenience": "Kuyunjik (Nineveh)",
			"ruler": "Sennacherib",
			"script": "Neo-Assyrian",
			"script_remarks": "inscribed",
			"script_type": "Cuneiform",
			"subgenre": "Sennacherib",
			"supergenre": "LIT"
		},
		"geometry": {
			"type": "Point",
			"coordinates": [43.151937,36.358684]
		}
	}, {
		"type": "Feature",
		"properties": {
			"cdli_id": "P462818",
			"collection": "British Museum, London, UK; Oriental Institute, University of Chicago, Chicago, Illinois, USA",
			"credits": "Created by A. Kirk Grayson, Jamie Novotny, and the Royal Inscriptions of the Neo-Assyrian Period (RINAP) Project, 2012. Lemmatized by Jamie Novotny, 2011. The annotated edition is released under the Creative Commons Attribution Share-Alike license 3.0. Please cite this page as http://oracc.org/rinap/Q003484/.",
			"date_of_origin": "704-681",
			"designation": "Sennacherib 010",
			"display_name": "RINAP 3 010",
			"dynastic_seat": "Assyria",
			"exemplars": "K 01635; A 16931",
			"genre": "Royal Inscription",
			"id_composite": "Q003484",
			"language": "Akkadian",
			"material": "clay",
			"object_type": "cylinder",
			"period": "Neo-Assyrian",
			"pleiades_id": "874621",
			"popular_name": "K 01635 and A 16931",
			"primary_publication": "Sennacherib 010",
			"provenience": "Kuyunjik (Nineveh)",
			"ruler": "Sennacherib",
			"script": "Neo-Assyrian",
			"script_remarks": "inscribed",
			"script_type": "Cuneiform",
			"subgenre": "Sennacherib",
			"supergenre": "LIT"
		},
		"geometry": {
			"type": "Point",
			"coordinates": [43.151937,36.358684]
		}
	}, {
		"type": "Feature",
		"properties": {
			"cdli_id": "P462819",
			"collection": "British Museum, London, UK",
			"credits": "Created by A. Kirk Grayson, Jamie Novotny, and the Royal Inscriptions of the Neo-Assyrian Period (RINAP) Project, 2012. Lemmatized by Jamie Novotny, 2011. The annotated edition is released under the Creative Commons Attribution Share-Alike license 3.0. Please cite this page as http://oracc.org/rinap/Q003485/.",
			"date_of_origin": "704-681",
			"designation": "Sennacherib 011",
			"display_name": "RINAP 3 011",
			"dynastic_seat": "Assyria",
			"exemplars": "BM 123418 (1932-12-10, 0361)",
			"genre": "Royal Inscription",
			"id_composite": "Q003485",
			"language": "Akkadian",
			"material": "clay",
			"object_type": "cylinder",
			"period": "Neo-Assyrian",
			"pleiades_id": "874621",
			"popular_name": "BM 123418",
			"primary_publication": "Sennacherib 011",
			"provenience": "Kuyunjik (Nineveh)",
			"ruler": "Sennacherib",
			"script": "Neo-Assyrian",
			"script_remarks": "inscribed",
			"script_type": "Cuneiform",
			"subgenre": "Sennacherib",
			"supergenre": "LIT"
		},
		"geometry": {
			"type": "Point",
			"coordinates": [43.151937,36.358684]
		}
	}, {
		"type": "Feature",
		"properties": {
			"cdli_id": "P462820",
			"collection": "British Museum, London, UK",
			"credits": "Created by A. Kirk Grayson, Jamie Novotny, and the Royal Inscriptions of the Neo-Assyrian Period (RINAP) Project, 2012. Lemmatized by Jamie Novotny, 2011. The annotated edition is released under the Creative Commons Attribution Share-Alike license 3.0. Please cite this page as http://oracc.org/rinap/Q003486/.",
			"date_of_origin": "704-681",
			"designation": "Sennacherib 012",
			"display_name": "RINAP 3 012",
			"dynastic_seat": "Assyria",
			"exemplars": "BM 127888 (1929-10-12, 0544)",
			"genre": "Royal Inscription",
			"id_composite": "Q003486",
			"language": "Akkadian",
			"material": "clay",
			"object_type": "cylinder",
			"period": "Neo-Assyrian",
			"pleiades_id": "874621",
			"popular_name": "BM 127888",
			"primary_publication": "Sennacherib 012",
			"provenience": "Kuyunjik (Nineveh)",
			"ruler": "Sennacherib",
			"script": "Neo-Assyrian",
			"script_remarks": "inscribed",
			"script_type": "Cuneiform",
			"subgenre": "Sennacherib",
			"supergenre": "LIT"
		},
		"geometry": {
			"type": "Point",
			"coordinates": [43.151937,36.358684]
		}
	}, {
		"type": "Feature",
		"properties": {
			"cdli_id": "P462821",
			"collection": "British Museum, London, UK",
			"credits": "Created by A. Kirk Grayson, Jamie Novotny, and the Royal Inscriptions of the Neo-Assyrian Period (RINAP) Project, 2012. Lemmatized by Jamie Novotny, 2011. The annotated edition is released under the Creative Commons Attribution Share-Alike license 3.0. Please cite this page as http://oracc.org/rinap/Q003487/.",
			"date_of_origin": "704-681",
			"designation": "Sennacherib 013",
			"display_name": "RINAP 3 013",
			"dynastic_seat": "Assyria",
			"exemplars": "BM 128242 (1932-12-10, 0499)",
			"genre": "Royal Inscription",
			"id_composite": "Q003487",
			"language": "Akkadian",
			"material": "clay",
			"object_type": "cylinder",
			"period": "Neo-Assyrian",
			"pleiades_id": "874621",
			"popular_name": "BM 128242",
			"primary_publication": "Sennacherib 013",
			"provenience": "Kuyunjik (Nineveh)",
			"ruler": "Sennacherib",
			"script": "Neo-Assyrian",
			"script_remarks": "inscribed",
			"script_type": "Cuneiform",
			"subgenre": "Sennacherib",
			"supergenre": "LIT"
		},
		"geometry": {
			"type": "Point",
			"coordinates": [43.151937,36.358684]
		}
	}, {
		"type": "Feature",
		"properties": {
			"cdli_id": "P462822",
			"collection": "private: unlocated, Sweden",
			"credits": "Created by A. Kirk Grayson, Jamie Novotny, and the Royal Inscriptions of the Neo-Assyrian Period (RINAP) Project, 2012. Lemmatized by Jamie Novotny, 2011. The annotated edition is released under the Creative Commons Attribution Share-Alike license 3.0. Please cite this page as http://oracc.org/rinap/Q003488/.",
			"date_of_origin": "704-681",
			"designation": "Sennacherib 014",
			"display_name": "RINAP 3 014",
			"dynastic_seat": "Assyria",
			"exemplars": "JCS 27 p. 191",
			"genre": "Royal Inscription",
			"id_composite": "Q003488",
			"language": "Akkadian",
			"material": "clay",
			"object_type": "prism",
			"period": "Neo-Assyrian",
			"pleiades_id": "874621",
			"popular_name": "JCS 27 p. 191",
			"primary_publication": "Sennacherib 014",
			"provenience": "Kuyunjik (Nineveh)",
			"ruler": "Sennacherib",
			"script": "Neo-Assyrian",
			"script_remarks": "inscribed",
			"script_type": "Cuneiform",
			"subgenre": "Sennacherib",
			"supergenre": "LIT"
		},
		"geometry": {
			"type": "Point",
			"coordinates": [43.151937,36.358684]
		}
	}, {
		"type": "Feature",
		"properties": {
			"cdli_id": "P462823",
			"collection": "British Museum, London, UK; Oriental Institute, University of Chicago, Chicago, Illinois, USA; Vorderasiatisches Museum, Berlin, Germany",
			"credits": "Created by A. Kirk Grayson, Jamie Novotny, and the Royal Inscriptions of the Neo-Assyrian Period (RINAP) Project, 2012. Lemmatized by Jamie Novotny, 2011. The annotated edition is released under the Creative Commons Attribution Share-Alike license 3.0. Please cite this page as http://oracc.org/rinap/Q003489/.",
			"date_of_origin": "704-681",
			"designation": "Sennacherib 015",
			"display_name": "RINAP 3 015",
			"dynastic_seat": "Assyria",
			"exemplars": "BM 022508 (K 01674 + 1881-02-04, 0044 + 1883-01-18, 0598 + 1881-02-04, 0169 + 82-5-22,12); BM 121011 (+) BM 127985 + BM 128245 (+) A 16916 + A 16922 + A 16923 + A 16924 (1929-10-12,7 (+) 1929-10-12,641 + 1932-12-10,502); Bu 1889-04-26, 0177; BM 127970 (+) 1879-07-08, 0305 (1929-10-12, 0626 (+) 1879-07-08, 0305); Rm 0038; VA 08427 (Ass 20635); BM 127952 + 1879-07-08, 0002 (1929-10-12, 0608 + 1879-07-08, 0002); A 35257 (formerly PA 017); Bu 1889-04-26, 0145; BM 122612 (1930-05-08, 0001); K 01751; 1880-07-19, 0101; K 01838; VA 08436 (Ass 06643); 1883-01-18, 0766; 1879-07-08, 0003; VA 08421a + VA 08421b + VA 08421c-g (+) VA 08421h (Ass 14561a + Ass 14561b + Ass 14561c-g (+) Ass 14561h)",
			"genre": "Royal Inscription",
			"id_composite": "Q003489",
			"language": "Akkadian",
			"material": "clay",
			"object_type": "prism",
			"period": "Neo-Assyrian",
			"pleiades_id": "874621",
			"popular_name": "“Cylinder C”",
			"primary_publication": "Sennacherib 015",
			"provenience": "Kuyunjik (Nineveh)",
			"ruler": "Sennacherib",
			"script": "Neo-Assyrian",
			"script_remarks": "inscribed",
			"script_type": "Cuneiform",
			"subgenre": "Sennacherib",
			"supergenre": "LIT"
		},
		"geometry": {
			"type": "Point",
			"coordinates": [43.151937,36.358684]
		}
	}, {
		"type": "Feature",
		"properties": {
			"cdli_id": "P462824",
			"collection": "British Museum, London, UK; Musei Vaticani, Museo Gregoriano Egizio, Rome, Italy; Oriental Institute, University of Chicago, Chicago, Illinois, USA; private: Seelye, L.H., New York, New York, USA; de Liagre Böhl Collection, Netherlands Institute for the Near East, Leiden, Holland; National Museum of Iraq, Baghdad, Iraq; Vorderasiatisches Museum, Berlin, Germany; Arkeoloji Müzerleri, Istanbul, Turkey",
			"credits": "Created by A. Kirk Grayson, Jamie Novotny, and the Royal Inscriptions of the Neo-Assyrian Period (RINAP) Project, 2012. Lemmatized by Jamie Novotny, 2011. The annotated edition is released under the Creative Commons Attribution Share-Alike license 3.0. Please cite this page as http://oracc.org/rinap/Q003490/.",
			"date_of_origin": "704-681",
			"designation": "Sennacherib 016",
			"display_name": "RINAP 3 016",
			"dynastic_seat": "Assyria",
			"exemplars": "BM 127837 + BM 127969 + BM 128001 + BM 128010 + BM 128090 + BM 128219 + BM 128223 + BM 128225 + BM 128280 + BM 128290 + BM 128295 + BM 128314 + BM 128316 + BM 128318 + BM 128411 + BM 138188 (1929-10-12, 0493 + 1929-10-12, 0625 + 1929-10-12, 0657 + 1929-10-12, 0666 + 1929-10-12, 0746 + 1932-12-10, 0476 + 1932-12-10, 0480 + 1932-12-10, 0482 + 1932-12-10, 0537 + 1932-12-10, 0547 + 1932-12-10, 0552 + 1932-12-10, 0571 + 1932-12-10, 0573 + 1932-12-10, 0575 + 1932-12-10, 0668 + 1932-12-12, 0915); BM 103214 + BM 103216 + BM 103217 + BM 103219 + BM 103220 + 1913-04-16, 0160a (1910-10-08, 0142 + 1910-10-08, 0144 + 1910-10-08, 0145 + 1910-10-08, 0147 + 1910-10-08, 0148 + 1913-04-16, 0160a); K 01666 (R 105); Rm 037; K 01675; MV -; Bu 1889-04-26, 0041; Rm 2, 091; BM 134510 (1932-12-12, 0505); BM 127929 (1929-10-12, 0585); BM 121022 + BM 127953 (1929-10-12, 0018 + 1929-10-12, 0609); BM 121019 (+) A 16929 (1929-10-12, 0015); Sm 2083; Rm 1003; A 16921; BM 123427 (1932-12-10, 0370); BM 134452 (1932-12-12, 0447); Private Possession (New York, Mrs. L.H. Seelye); BM 128271 (1932-12-10, 0528); LB 3239; 1881-07-27, 0009; Rm 2, 056; BM 122620 (+) A 08153 + A 16919 (1930-05-08, 0009); ND 05414; K 01651; BM 121028 (1929-10-12, 0024); BM 127950 (1929-10-12, 0606); BM 134461 (1932-12-12, 0456); BM 127919 (1929-10-12, 0575); BM 134603 (1932-12-12, 0598); Rm 0039; Bu 1889-04-26, 0142; VAT 09621 (Ass 19923); BM 128327 (1932-12-10, 0584); BM 099080 (Ki 1904-10-09, 0109); A 16920; ND 05416; VA 08437 (Ass 06694)      (29*) VA 08414 (Ass 06673)   (20*) VA 08442 (Ass 015211)      (21*) VA Ass 04720 (Ass 22079a)   (22*) Ist A 02039 (Ass 06724)",
			"genre": "Royal Inscription",
			"id_composite": "Q003490",
			"language": "Akkadian",
			"material": "clay",
			"object_type": "prism",
			"period": "Neo-Assyrian",
			"pleiades_id": "874621",
			"popular_name": "“Cylinder D”",
			"primary_publication": "Sennacherib 016",
			"provenience": "Kuyunjik (Nineveh)",
			"ruler": "Sennacherib",
			"script": "Neo-Assyrian",
			"script_remarks": "inscribed",
			"script_type": "Cuneiform",
			"subgenre": "Sennacherib",
			"supergenre": "LIT"
		},
		"geometry": {
			"type": "Point",
			"coordinates": [43.151937,36.358684]
		}
	}, {
		"type": "Feature",
		"properties": {
			"cdli_id": "P462825",
			"collection": "British Museum, London, UK; National Museum of Iraq, Baghdad, Iraq; Pushkin State Museum of Fine Arts, Moscow, Russia",
			"credits": "Created by A. Kirk Grayson, Jamie Novotny, and the Royal Inscriptions of the Neo-Assyrian Period (RINAP) Project, 2012. Lemmatized by Jamie Novotny, 2011. The annotated edition is released under the Creative Commons Attribution Share-Alike license 3.0. Please cite this page as http://oracc.org/rinap/Q003491/.",
			"date_of_origin": "704-681",
			"designation": "Sennacherib 017",
			"display_name": "RINAP 3 017",
			"dynastic_seat": "Assyria",
			"exemplars": "BM 103000 (1909-03-13, 0001); IM 056578; BM 102996 (1909-02-13, 0001); Rm 0026; GMII 1502",
			"genre": "Royal Inscription",
			"id_composite": "Q003491",
			"language": "Akkadian",
			"material": "clay",
			"object_type": "prism",
			"period": "Neo-Assyrian",
			"pleiades_id": "874621",
			"popular_name": "King Prism",
			"primary_publication": "Sennacherib 017",
			"provenience": "Kuyunjik (Nineveh)",
			"ruler": "Sennacherib",
			"script": "Neo-Assyrian",
			"script_remarks": "inscribed",
			"script_type": "Cuneiform",
			"subgenre": "Sennacherib",
			"supergenre": "LIT"
		},
		"geometry": {
			"type": "Point",
			"coordinates": [43.151937,36.358684]
		}
	}, {
		"type": "Feature",
		"properties": {
			"cdli_id": "P462826",
			"collection": "British Museum, London, UK",
			"credits": "Created by A. Kirk Grayson, Jamie Novotny, and the Royal Inscriptions of the Neo-Assyrian Period (RINAP) Project, 2012. Lemmatized by Jamie Novotny, 2011. The annotated edition is released under the Creative Commons Attribution Share-Alike license 3.0. Please cite this page as http://oracc.org/rinap/Q003492/.",
			"date_of_origin": "704-681",
			"designation": "Sennacherib 018",
			"display_name": "RINAP 3 018",
			"dynastic_seat": "Assyria",
			"exemplars": "BM 127845 + BM 127996 + BM 128228 + BM 128265 (+) A 8134 + A 16918 (+) BM 127903 + BM 128297 (+) BM 127914 (+) BM 127932 + BM 128076 + BM 128292 + BM 128333 + BM 134432 + K 11406 (+) BM 128229 + BM 128237 (+) BM 134475 (+) BM 134476 (+) BM 134490 (1929-10-12, 0501 + 1929-10-12, 0652 + 1932-12-10, 0485 + 1932-12-10, 0522 (+) 1929-10-12, 0559 + 1932-12-10, 0554 (+) 1929-10-12, 0570 (+) 1929-10-12, 0588 + 1929-10-12, 0732 + 1932-12-10, 0549 + 1932-12-10, 0590 + 1932-12-12, 0427 (TM 1931-2, 01+2) (+) 1932-12-10, 0486 + 1932-12-10, 0494 (+) 1932-12-12, 0470 (+) 1932-12-12, 0471 (+) 1932-12-12, 0485 (TM 1931-2, 03)); 1883-01-18, 0605",
			"genre": "Royal Inscription",
			"id_composite": "Q003492",
			"language": "Akkadian",
			"material": "clay",
			"object_type": "prism",
			"period": "Neo-Assyrian",
			"pleiades_id": "874621",
			"popular_name": "BM 127845+",
			"primary_publication": "Sennacherib 018",
			"provenience": "Kuyunjik (Nineveh)",
			"ruler": "Sennacherib",
			"script": "Neo-Assyrian",
			"script_remarks": "inscribed",
			"script_type": "Cuneiform",
			"subgenre": "Sennacherib",
			"supergenre": "LIT"
		},
		"geometry": {
			"type": "Point",
			"coordinates": [43.151937,36.358684]
		}
	}, {
		"type": "Feature",
		"properties": {
			"cdli_id": "P462827",
			"collection": "British Museum, London, UK",
			"credits": "Created by A. Kirk Grayson, Jamie Novotny, and the Royal Inscriptions of the Neo-Assyrian Period (RINAP) Project, 2012. Lemmatized by Jamie Novotny, 2011. The annotated edition is released under the Creative Commons Attribution Share-Alike license 3.0. Please cite this page as http://oracc.org/rinap/Q003493/.",
			"date_of_origin": "704-681",
			"designation": "Sennacherib 019",
			"display_name": "RINAP 3 019",
			"dynastic_seat": "Assyria",
			"exemplars": "1883-01-18, 0599",
			"genre": "Royal Inscription",
			"id_composite": "Q003493",
			"language": "Akkadian",
			"material": "clay",
			"object_type": "prism",
			"period": "Neo-Assyrian",
			"pleiades_id": "874621",
			"popular_name": "1883-01-18, 0599",
			"primary_publication": "Sennacherib 019",
			"provenience": "Kuyunjik (Nineveh)",
			"ruler": "Sennacherib",
			"script": "Neo-Assyrian",
			"script_remarks": "inscribed",
			"script_type": "Cuneiform",
			"subgenre": "Sennacherib",
			"supergenre": "LIT"
		},
		"geometry": {
			"type": "Point",
			"coordinates": [43.151937,36.358684]
		}
	}, {
		"type": "Feature",
		"properties": {
			"cdli_id": "P462828",
			"collection": "British Museum, London, UK",
			"credits": "Created by A. Kirk Grayson, Jamie Novotny, and the Royal Inscriptions of the Neo-Assyrian Period (RINAP) Project, 2012. Lemmatized by Jamie Novotny, 2011. The annotated edition is released under the Creative Commons Attribution Share-Alike license 3.0. Please cite this page as http://oracc.org/rinap/Q003494/.",
			"date_of_origin": "704-681",
			"designation": "Sennacherib 020",
			"display_name": "RINAP 3 020",
			"dynastic_seat": "Assyria",
			"exemplars": "Sm 2093",
			"genre": "Royal Inscription",
			"id_composite": "Q003494",
			"language": "Akkadian",
			"material": "clay",
			"object_type": "prism",
			"period": "Neo-Assyrian",
			"pleiades_id": "874621",
			"popular_name": "Sm 2093",
			"primary_publication": "Sennacherib 020",
			"provenience": "Kuyunjik (Nineveh)",
			"ruler": "Sennacherib",
			"script": "Neo-Assyrian",
			"script_remarks": "inscribed",
			"script_type": "Cuneiform",
			"subgenre": "Sennacherib",
			"supergenre": "LIT"
		},
		"geometry": {
			"type": "Point",
			"coordinates": [43.151937,36.358684]
		}
	}, {
		"type": "Feature",
		"properties": {
			"cdli_id": "P462829",
			"collection": "British Museum, London, UK",
			"credits": "Created by A. Kirk Grayson, Jamie Novotny, and the Royal Inscriptions of the Neo-Assyrian Period (RINAP) Project, 2012. Lemmatized by Jamie Novotny, 2011. The annotated edition is released under the Creative Commons Attribution Share-Alike license 3.0. Please cite this page as http://oracc.org/rinap/Q003495/.",
			"date_of_origin": "704-681",
			"designation": "Sennacherib 021",
			"display_name": "RINAP 3 021",
			"dynastic_seat": "Assyria",
			"exemplars": "Ki 1902-05-10, 0002",
			"genre": "Royal Inscription",
			"id_composite": "Q003495",
			"language": "Akkadian",
			"material": "clay",
			"object_type": "prism",
			"period": "Neo-Assyrian",
			"pleiades_id": "874621",
			"popular_name": "Ki 1902-05-10, 0002",
			"primary_publication": "Sennacherib 021",
			"provenience": "Kuyunjik (Nineveh)",
			"ruler": "Sennacherib",
			"script": "Neo-Assyrian",
			"script_remarks": "inscribed",
			"script_type": "Cuneiform",
			"subgenre": "Sennacherib",
			"supergenre": "LIT"
		},
		"geometry": {
			"type": "Point",
			"coordinates": [43.151937,36.358684]
		}
	}, {
		"type": "Feature",
		"properties": {
			"cdli_id": "P462830",
			"collection": "Oriental Institute, University of Chicago, Chicago, Illinois, USA; British Museum, London, UK; Sulaimaniya Museum, Sulaimaniya, Iraq; Boston Museum of Fine Arts, Boston, Massachusetts, USA;",
			"credits": "Created by A. Kirk Grayson, Jamie Novotny, and the Royal Inscriptions of the Neo-Assyrian Period (RINAP) Project, 2012. Lemmatized by Jamie Novotny, 2011. The annotated edition is released under the Creative Commons Attribution Share-Alike license 3.0. Please cite this page as http://oracc.org/rinap/Q003496/.",
			"date_of_origin": "704-681",
			"designation": "Sennacherib 022",
			"display_name": "RINAP 3 022",
			"dynastic_seat": "Assyria",
			"exemplars": "A 02793; BM 091032 (1855-10-03, 0001): BM 103218 (1910-10-08, 0146); SM 0409; 1879-07-08, 0007; BM 033019 (1878-08-28, 0001); 1879-07-08, 0307; 1879-07-08, 0006; BM 138185 (1932-12-12, 0912); Sm 1026; 1880-07-19, 0317; 1880-07-19, 0004; MFAB; Scheil, Prisme p. 45; BM 099327 (Ki 1904-10-09, 0360)",
			"genre": "Royal Inscription",
			"id_composite": "Q003496",
			"language": "Akkadian",
			"material": "clay",
			"object_type": "prism",
			"period": "Neo-Assyrian",
			"pleiades_id": "874621",
			"popular_name": "Chicago/Taylor Prism",
			"primary_publication": "Sennacherib 022",
			"provenience": "Kuyunjik (Nineveh)",
			"ruler": "Sennacherib",
			"script": "Neo-Assyrian",
			"script_remarks": "inscribed",
			"script_type": "Cuneiform",
			"subgenre": "Sennacherib",
			"supergenre": "LIT"
		},
		"geometry": {
			"type": "Point",
			"coordinates": [43.151937,36.358684]
		}
	}, {
		"type": "Feature",
		"properties": {
			"cdli_id": "P462831",
			"collection": "The Israel Museum, Jerusalem; British Museum, London, UK",
			"credits": "Created by A. Kirk Grayson, Jamie Novotny, and the Royal Inscriptions of the Neo-Assyrian Period (RINAP) Project, 2012. Lemmatized by Jamie Novotny, 2011. The annotated edition is released under the Creative Commons Attribution Share-Alike license 3.0. Please cite this page as http://oracc.org/rinap/Q003497/.",
			"date_of_origin": "704-681",
			"designation": "Sennacherib 023",
			"display_name": "RINAP 3 023",
			"dynastic_seat": "Assyria",
			"exemplars": "IMJ 71.72.0249; BM 134449a (1932-12-12, 0444a)",
			"genre": "Royal Inscription",
			"id_composite": "Q003497",
			"language": "Akkadian",
			"material": "clay",
			"object_type": "prism",
			"period": "Neo-Assyrian",
			"pleiades_id": "874621",
			"popular_name": "Jerusalem Prism",
			"primary_publication": "Sennacherib 023",
			"provenience": "Kuyunjik (Nineveh)",
			"ruler": "Sennacherib",
			"script": "Neo-Assyrian",
			"script_remarks": "inscribed",
			"script_type": "Cuneiform",
			"subgenre": "Sennacherib",
			"supergenre": "LIT"
		},
		"geometry": {
			"type": "Point",
			"coordinates": [43.151937,36.358684]
		}
	}, {
		"type": "Feature",
		"properties": {
			"cdli_id": "P462832",
			"collection": "British Museum, London, UK",
			"credits": "Created by A. Kirk Grayson, Jamie Novotny, and the Royal Inscriptions of the Neo-Assyrian Period (RINAP) Project, 2012. Lemmatized by Jamie Novotny, 2011. The annotated edition is released under the Creative Commons Attribution Share-Alike license 3.0. Please cite this page as http://oracc.org/rinap/Q003498/.",
			"date_of_origin": "704-681",
			"designation": "Sennacherib 024",
			"display_name": "RINAP 3 024",
			"dynastic_seat": "Assyria",
			"exemplars": "K 01634; K 01665",
			"genre": "Royal Inscription",
			"id_composite": "Q003498",
			"language": "Akkadian",
			"material": "clay",
			"object_type": "prism",
			"period": "Neo-Assyrian",
			"pleiades_id": "874621",
			"popular_name": "K 01634",
			"primary_publication": "Sennacherib 024",
			"provenience": "Kuyunjik (Nineveh)",
			"ruler": "Sennacherib",
			"script": "Neo-Assyrian",
			"script_remarks": "inscribed",
			"script_type": "Cuneiform",
			"subgenre": "Sennacherib",
			"supergenre": "LIT"
		},
		"geometry": {
			"type": "Point",
			"coordinates": [43.151937,36.358684]
		}
	}, {
		"type": "Feature",
		"properties": {
			"cdli_id": "P462833",
			"collection": "British Museum, London, UK",
			"credits": "Created by A. Kirk Grayson, Jamie Novotny, and the Royal Inscriptions of the Neo-Assyrian Period (RINAP) Project, 2012. Lemmatized by Jamie Novotny, 2011. The annotated edition is released under the Creative Commons Attribution Share-Alike license 3.0. Please cite this page as http://oracc.org/rinap/Q003499/.",
			"date_of_origin": "704-681",
			"designation": "Sennacherib 025",
			"display_name": "RINAP 3 025",
			"dynastic_seat": "Assyria",
			"exemplars": "BM 134559 (1932-12-12, 0554)",
			"genre": "Royal Inscription",
			"id_composite": "Q003499",
			"language": "Akkadian",
			"material": "clay",
			"object_type": "prism",
			"period": "Neo-Assyrian",
			"pleiades_id": "874621",
			"popular_name": "BM 134559",
			"primary_publication": "Sennacherib 025",
			"provenience": "Kuyunjik (Nineveh)",
			"ruler": "Sennacherib",
			"script": "Neo-Assyrian",
			"script_remarks": "inscribed",
			"script_type": "Cuneiform",
			"subgenre": "Sennacherib",
			"supergenre": "LIT"
		},
		"geometry": {
			"type": "Point",
			"coordinates": [43.151937,36.358684]
		}
	}, {
		"type": "Feature",
		"properties": {
			"cdli_id": "P462834",
			"collection": "British Museum, London, UK",
			"credits": "Created by A. Kirk Grayson, Jamie Novotny, and the Royal Inscriptions of the Neo-Assyrian Period (RINAP) Project, 2012. Lemmatized by Jamie Novotny, 2011. The annotated edition is released under the Creative Commons Attribution Share-Alike license 3.0. Please cite this page as http://oracc.org/rinap/Q003500/.",
			"date_of_origin": "704-681",
			"designation": "Sennacherib 026",
			"display_name": "RINAP 3 026",
			"dynastic_seat": "Assyria",
			"exemplars": "BM 121025 (1929-10-12, 0021)",
			"genre": "Royal Inscription",
			"id_composite": "Q003500",
			"language": "Akkadian",
			"material": "clay",
			"object_type": "prism",
			"period": "Neo-Assyrian",
			"pleiades_id": "874621",
			"popular_name": "BM 121025",
			"primary_publication": "Sennacherib 026",
			"provenience": "Kuyunjik (Nineveh)",
			"ruler": "Sennacherib",
			"script": "Neo-Assyrian",
			"script_remarks": "inscribed",
			"script_type": "Cuneiform",
			"subgenre": "Sennacherib",
			"supergenre": "LIT"
		},
		"geometry": {
			"type": "Point",
			"coordinates": [43.151937,36.358684]
		}
	}, {
		"type": "Feature",
		"properties": {
			"cdli_id": "P462835",
			"collection": "British Museum, London, UK",
			"credits": "Created by A. Kirk Grayson, Jamie Novotny, and the Royal Inscriptions of the Neo-Assyrian Period (RINAP) Project, 2012. Lemmatized by Jamie Novotny, 2011. The annotated edition is released under the Creative Commons Attribution Share-Alike license 3.0. Please cite this page as http://oracc.org/rinap/Q003501/.",
			"date_of_origin": "704-681",
			"designation": "Sennacherib 027",
			"display_name": "RINAP 3 027",
			"dynastic_seat": "Assyria",
			"exemplars": "Bu 1889-04-26, 0170; K 20599; BM 121030 (1929-10-12, 0026); NIN/89/10",
			"genre": "Royal Inscription",
			"id_composite": "Q003501",
			"language": "Akkadian",
			"material": "clay",
			"object_type": "prism",
			"period": "Neo-Assyrian",
			"pleiades_id": "874621",
			"popular_name": "‘triangular’ prism",
			"primary_publication": "Sennacherib 027",
			"provenience": "Kuyunjik (Nineveh)",
			"ruler": "Sennacherib",
			"script": "Neo-Assyrian",
			"script_remarks": "inscribed",
			"script_type": "Cuneiform",
			"subgenre": "Sennacherib",
			"supergenre": "LIT"
		},
		"geometry": {
			"type": "Point",
			"coordinates": [43.151937,36.358684]
		}
	}, {
		"type": "Feature",
		"properties": {
			"cdli_id": "P462836",
			"collection": "British Museum, London, UK",
			"credits": "Created by A. Kirk Grayson, Jamie Novotny, and the Royal Inscriptions of the Neo-Assyrian Period (RINAP) Project, 2012. Lemmatized by Jamie Novotny, 2011. The annotated edition is released under the Creative Commons Attribution Share-Alike license 3.0. Please cite this page as http://oracc.org/rinap/Q003502/.",
			"date_of_origin": "704-681",
			"designation": "Sennacherib 028",
			"display_name": "RINAP 3 028",
			"dynastic_seat": "Assyria",
			"exemplars": "K 18318",
			"genre": "Royal Inscription",
			"id_composite": "Q003502",
			"language": "Akkadian",
			"material": "clay",
			"object_type": "prism",
			"period": "Neo-Assyrian",
			"pleiades_id": "874621",
			"popular_name": "K 18318",
			"primary_publication": "Sennacherib 028",
			"provenience": "Kuyunjik (Nineveh)",
			"ruler": "Sennacherib",
			"script": "Neo-Assyrian",
			"script_remarks": "inscribed",
			"script_type": "Cuneiform",
			"subgenre": "Sennacherib",
			"supergenre": "LIT"
		},
		"geometry": {
			"type": "Point",
			"coordinates": [43.151937,36.358684]
		}
	}, {
		"type": "Feature",
		"properties": {
			"cdli_id": "P462837",
			"collection": "British Museum, London, UK",
			"credits": "Created by A. Kirk Grayson, Jamie Novotny, and the Royal Inscriptions of the Neo-Assyrian Period (RINAP) Project, 2012. Lemmatized by Jamie Novotny, 2011. The annotated edition is released under the Creative Commons Attribution Share-Alike license 3.0. Please cite this page as http://oracc.org/rinap/Q003503/.",
			"date_of_origin": "704-681",
			"designation": "Sennacherib 029",
			"display_name": "RINAP 3 029",
			"dynastic_seat": "Assyria",
			"exemplars": "Sm 2029",
			"genre": "Royal Inscription",
			"id_composite": "Q003503",
			"language": "Akkadian",
			"material": "clay",
			"object_type": "prism",
			"period": "Neo-Assyrian",
			"pleiades_id": "874621",
			"popular_name": "Sm 2029",
			"primary_publication": "Sennacherib 029",
			"provenience": "Kuyunjik (Nineveh)",
			"ruler": "Sennacherib",
			"script": "Neo-Assyrian",
			"script_remarks": "inscribed",
			"script_type": "Cuneiform",
			"subgenre": "Sennacherib",
			"supergenre": "LIT"
		},
		"geometry": {
			"type": "Point",
			"coordinates": [43.151937,36.358684]
		}
	}, {
		"type": "Feature",
		"properties": {
			"cdli_id": "P462838",
			"collection": "British Museum, London, UK",
			"credits": "Created by A. Kirk Grayson, Jamie Novotny, and the Royal Inscriptions of the Neo-Assyrian Period (RINAP) Project, 2012. Lemmatized by Jamie Novotny, 2011. The annotated edition is released under the Creative Commons Attribution Share-Alike license 3.0. Please cite this page as http://oracc.org/rinap/Q003504/.",
			"date_of_origin": "704-681",
			"designation": "Sennacherib 030",
			"display_name": "RINAP 3 030",
			"dynastic_seat": "Assyria",
			"exemplars": "Rm 0025",
			"genre": "Royal Inscription",
			"id_composite": "Q003504",
			"language": "Akkadian",
			"material": "clay",
			"object_type": "prism",
			"period": "Neo-Assyrian",
			"pleiades_id": "874621",
			"popular_name": "Rm 0025",
			"primary_publication": "Sennacherib 030",
			"provenience": "Kuyunjik (Nineveh)",
			"ruler": "Sennacherib",
			"script": "Neo-Assyrian",
			"script_remarks": "inscribed",
			"script_type": "Cuneiform",
			"subgenre": "Sennacherib",
			"supergenre": "LIT"
		},
		"geometry": {
			"type": "Point",
			"coordinates": [43.151937,36.358684]
		}
	}, {
		"type": "Feature",
		"properties": {
			"cdli_id": "P462839",
			"collection": "British Museum, London, UK",
			"credits": "Created by A. Kirk Grayson, Jamie Novotny, and the Royal Inscriptions of the Neo-Assyrian Period (RINAP) Project, 2012. Lemmatized by Jamie Novotny, 2011. The annotated edition is released under the Creative Commons Attribution Share-Alike license 3.0. Please cite this page as http://oracc.org/rinap/Q003505/.",
			"date_of_origin": "704-681",
			"designation": "Sennacherib 031",
			"display_name": "RINAP 3 031",
			"dynastic_seat": "Assyria",
			"exemplars": "1882-05-22, 0022",
			"genre": "Royal Inscription",
			"id_composite": "Q003505",
			"language": "Akkadian",
			"material": "clay",
			"object_type": "prism",
			"period": "Neo-Assyrian",
			"pleiades_id": "874621",
			"popular_name": "1882-05-22, 0022",
			"primary_publication": "Sennacherib 031",
			"provenience": "Kuyunjik (Nineveh)",
			"ruler": "Sennacherib",
			"script": "Neo-Assyrian",
			"script_remarks": "inscribed",
			"script_type": "Cuneiform",
			"subgenre": "Sennacherib",
			"supergenre": "LIT"
		},
		"geometry": {
			"type": "Point",
			"coordinates": [43.151937,36.358684]
		}
	}, {
		"type": "Feature",
		"properties": {
			"cdli_id": "P462840",
			"collection": "British Museum, London, UK",
			"credits": "Created by A. Kirk Grayson, Jamie Novotny, and the Royal Inscriptions of the Neo-Assyrian Period (RINAP) Project, 2012. Lemmatized by Jamie Novotny, 2011. The annotated edition is released under the Creative Commons Attribution Share-Alike license 3.0. Please cite this page as http://oracc.org/rinap/Q003506/.",
			"date_of_origin": "704-681",
			"designation": "Sennacherib 032",
			"display_name": "RINAP 3 032",
			"dynastic_seat": "Assyria",
			"exemplars": "Rm 2, 098",
			"genre": "Royal Inscription",
			"id_composite": "Q003506",
			"language": "Akkadian",
			"material": "clay",
			"object_type": "prism",
			"period": "Neo-Assyrian",
			"pleiades_id": "874621",
			"popular_name": "Rm 2, 098",
			"primary_publication": "Sennacherib 032",
			"provenience": "Kuyunjik (Nineveh)",
			"ruler": "Sennacherib",
			"script": "Neo-Assyrian",
			"script_remarks": "inscribed",
			"script_type": "Cuneiform",
			"subgenre": "Sennacherib",
			"supergenre": "LIT"
		},
		"geometry": {
			"type": "Point",
			"coordinates": [43.151937,36.358684]
		}
	}, {
		"type": "Feature",
		"properties": {
			"cdli_id": "P462841",
			"credits": "Created by A. Kirk Grayson, Jamie Novotny, and the Royal Inscriptions of the Neo-Assyrian Period (RINAP) Project, 2012. Lemmatized by Jamie Novotny, 2011. The annotated edition is released under the Creative Commons Attribution Share-Alike license 3.0. Please cite this page as http://oracc.org/rinap/Q003507/.",
			"date_of_origin": "704-681",
			"designation": "Sennacherib 033",
			"display_name": "RINAP 3 033",
			"dynastic_seat": "Assyria",
			"exemplars": "Postgate, Iraq 37 p. 60",
			"genre": "Royal Inscription",
			"id_composite": "Q003507",
			"language": "Akkadian",
			"material": "clay",
			"object_type": "prism",
			"period": "Neo-Assyrian",
			"pleiades_id": "874621",
			"popular_name": "Postgate, Iraq 37 p. 60",
			"primary_publication": "Sennacherib 033",
			"provenience": "Kuyunjik (Nineveh)",
			"ruler": "Sennacherib",
			"script": "Neo-Assyrian",
			"script_remarks": "inscribed",
			"script_type": "Cuneiform",
			"subgenre": "Sennacherib",
			"supergenre": "LIT"
		},
		"geometry": {
			"type": "Point",
			"coordinates": [43.151937,36.358684]
		}
	}, {
		"type": "Feature",
		"properties": {
			"cdli_id": "P462842",
			"credits": "Created by A. Kirk Grayson, Jamie Novotny, and the Royal Inscriptions of the Neo-Assyrian Period (RINAP) Project, 2012. Lemmatized by Jamie Novotny, 2011. The annotated edition is released under the Creative Commons Attribution Share-Alike license 3.0. Please cite this page as http://oracc.org/rinap/Q003508/.",
			"date_of_origin": "704-681",
			"designation": "Sennacherib 034",
			"display_name": "RINAP 3 034",
			"dynastic_seat": "Assyria",
			"exemplars": "1 R pls. 43-44",
			"genre": "Royal Inscription",
			"id_composite": "Q003508",
			"language": "Akkadian",
			"material": "stone",
			"object_type": "tablet",
			"period": "Neo-Assyrian",
			"pleiades_id": "874621",
			"popular_name": "Nebi Yunus Inscription",
			"primary_publication": "Sennacherib 034",
			"provenience": "Kuyunjik (Nineveh)",
			"ruler": "Sennacherib",
			"script": "Neo-Assyrian",
			"script_remarks": "inscribed",
			"script_type": "Cuneiform",
			"subgenre": "Sennacherib",
			"supergenre": "LIT"
		},
		"geometry": {
			"type": "Point",
			"coordinates": [43.151937,36.358684]
		}
	}, {
		"type": "Feature",
		"properties": {
			"cdli_id": "P462843",
			"collection": "Vorderasiatisches Museum, Berlin, Germany; British Museum, London, UK",
			"credits": "Created by A. Kirk Grayson, Jamie Novotny, and the Royal Inscriptions of the Neo-Assyrian Period (RINAP) Project, 2012. Lemmatized by Jamie Novotny, 2011. The annotated edition is released under the Creative Commons Attribution Share-Alike license 3.0. Please cite this page as http://oracc.org/rinap/Q003509/.",
			"date_of_origin": "704-681",
			"designation": "Sennacherib 035",
			"display_name": "RINAP 3 035",
			"dynastic_seat": "Assyria",
			"exemplars": "VA 03310; K 08544",
			"genre": "Royal Inscription",
			"id_composite": "Q003509",
			"language": "Akkadian",
			"material": "stone",
			"object_type": "tablet",
			"period": "Neo-Assyrian",
			"pleiades_id": "874621",
			"popular_name": "Ungnad/Winckler Fragments",
			"primary_publication": "Sennacherib 035",
			"provenience": "Kuyunjik (Nineveh)",
			"ruler": "Sennacherib",
			"script": "Neo-Assyrian",
			"script_remarks": "inscribed",
			"script_type": "Cuneiform",
			"subgenre": "Sennacherib",
			"supergenre": "LIT"
		},
		"geometry": {
			"type": "Point",
			"coordinates": [43.151937,36.358684]
		}
	}, {
		"type": "Feature",
		"properties": {
			"cdli_id": "P462844",
			"credits": "Created by A. Kirk Grayson, Jamie Novotny, and the Royal Inscriptions of the Neo-Assyrian Period (RINAP) Project, 2012. Lemmatized by Jamie Novotny, 2011. The annotated edition is released under the Creative Commons Attribution Share-Alike license 3.0. Please cite this page as http://oracc.org/rinap/Q003510/.",
			"date_of_origin": "704-681",
			"designation": "Sennacherib 036",
			"display_name": "RINAP 3 036",
			"dynastic_seat": "Assyria",
			"exemplars": "Thompson, AAA 18 pl. XVIII no. 16",
			"genre": "Royal Inscription",
			"id_composite": "Q003510",
			"language": "Akkadian",
			"material": "stone",
			"object_type": "tablet",
			"period": "Neo-Assyrian",
			"pleiades_id": "874621",
			"popular_name": "Thompson, AAA 18 pl. XVIII no. 16",
			"primary_publication": "Sennacherib 036",
			"provenience": "Kuyunjik (Nineveh)",
			"ruler": "Sennacherib",
			"script": "Neo-Assyrian",
			"script_remarks": "inscribed",
			"script_type": "Cuneiform",
			"subgenre": "Sennacherib",
			"supergenre": "LIT"
		},
		"geometry": {
			"type": "Point",
			"coordinates": [43.151937,36.358684]
		}
	}, {
		"type": "Feature",
		"properties": {
			"cdli_id": "P462845",
			"credits": "Created by A. Kirk Grayson, Jamie Novotny, and the Royal Inscriptions of the Neo-Assyrian Period (RINAP) Project, 2012. Lemmatized by Jamie Novotny, 2011. The annotated edition is released under the Creative Commons Attribution Share-Alike license 3.0. Please cite this page as http://oracc.org/rinap/Q003511/.",
			"date_of_origin": "704-681",
			"designation": "Sennacherib 037",
			"display_name": "RINAP 3 037",
			"dynastic_seat": "Assyria",
			"exemplars": "Ahmad and Grayson, Iraq 61 pp. 187-189",
			"genre": "Royal Inscription",
			"id_composite": "Q003511",
			"language": "Akkadian",
			"material": "stone",
			"object_type": "tablet",
			"period": "Neo-Assyrian",
			"pleiades_id": "874621",
			"popular_name": "Ahmad and Grayson, Iraq 61 pp. 187-189",
			"primary_publication": "Sennacherib 037",
			"provenience": "Kuyunjik (Nineveh)",
			"ruler": "Sennacherib",
			"script": "Neo-Assyrian",
			"script_remarks": "inscribed",
			"script_type": "Cuneiform",
			"subgenre": "Sennacherib",
			"supergenre": "LIT"
		},
		"geometry": {
			"type": "Point",
			"coordinates": [43.151937,36.358684]
		}
	}, {
		"type": "Feature",
		"properties": {
			"cdli_id": "P462846",
			"collection": "Arkeoloji Müzerleri, Istanbul, Turkey; British Museum, London, UK; National Museum of Iraq, Baghdad, Iraq",
			"credits": "Created by A. Kirk Grayson, Jamie Novotny, and the Royal Inscriptions of the Neo-Assyrian Period (RINAP) Project, 2012. Lemmatized by Jamie Novotny, 2011. The annotated edition is released under the Creative Commons Attribution Share-Alike license 3.0. Please cite this page as http://oracc.org/rinap/Q003512/.",
			"date_of_origin": "704-681",
			"designation": "Sennacherib 038",
			"display_name": "RINAP 3 038",
			"dynastic_seat": "Assyria",
			"exemplars": "Ist EŞEM 00001; BM 124800 (1851-09-29, 0009); al-Mutawalli, Sumer 50 pp. 163-165",
			"genre": "Royal Inscription",
			"id_composite": "Q003512",
			"language": "Akkadian",
			"material": "stone",
			"object_type": "stele",
			"period": "Neo-Assyrian",
			"pleiades_id": "874621",
			"popular_name": "Royal Road Inscription",
			"primary_publication": "Sennacherib 038",
			"provenience": "Kuyunjik (Nineveh)",
			"ruler": "Sennacherib",
			"script": "Neo-Assyrian",
			"script_remarks": "inscribed",
			"script_type": "Cuneiform",
			"subgenre": "Sennacherib",
			"supergenre": "LIT"
		},
		"geometry": {
			"type": "Point",
			"coordinates": [43.151937,36.358684]
		}
	}, {
		"type": "Feature",
		"properties": {
			"cdli_id": "P467054",
			"credits": "Created by A. Kirk Grayson, Jamie Novotny, and the Royal Inscriptions of the Neo-Assyrian Period (RINAP) Project, 2014. Lemmatized by Jamie Novotny, 2013. The annotated edition is released under the Creative Commons Attribution Share-Alike license 3.0. Please cite this page as http://oracc.org/rinap/Q003513/.",
			"date_of_origin": "704-681",
			"designation": "Sennacherib 039",
			"display_name": "RINAP 3 039",
			"dynastic_seat": "Assyria",
			"exemplars": "Layard, MS D pp. 24-28 (Meissner and Rost, BiS pls. 6-7); Layard, MS D p. 29",
			"genre": "Royal Inscription",
			"id_composite": "Q003513",
			"language": "Akkadian",
			"material": "stone",
			"object_type": "human-headed bull colossus",
			"period": "Neo-Assyrian",
			"pleiades_id": "874621",
			"popular_name": "Smith Bull 1",
			"primary_publication": "Sennacherib 039",
			"provenience": "Kuyunjik (Nineveh)",
			"ruler": "Sennacherib",
			"script": "Neo-Assyrian",
			"script_remarks": "inscribed",
			"script_type": "Cuneiform",
			"subgenre": "Sennacherib",
			"supergenre": "LIT"
		},
		"geometry": {
			"type": "Point",
			"coordinates": [43.151937,36.358684]
		}
	}, {
		"type": "Feature",
		"properties": {
			"cdli_id": "P467055",
			"credits": "Created by A. Kirk Grayson, Jamie Novotny, and the Royal Inscriptions of the Neo-Assyrian Period (RINAP) Project, 2014. Lemmatized by Jamie Novotny, 2013. The annotated edition is released under the Creative Commons Attribution Share-Alike license 3.0. Please cite this page as http://oracc.org/rinap/Q003514/.",
			"date_of_origin": "704-681",
			"designation": "Sennacherib 040",
			"display_name": "RINAP 3 040",
			"dynastic_seat": "Assyria",
			"exemplars": "Layard, MS C fols. 55v-56v",
			"genre": "Royal Inscription",
			"id_composite": "Q003514",
			"language": "Akkadian",
			"material": "stone",
			"object_type": "human-headed lion colossus",
			"period": "Neo-Assyrian",
			"pleiades_id": "874621",
			"popular_name": "Layard, MS C fols. 55v-56v",
			"primary_publication": "Sennacherib 040",
			"provenience": "Kuyunjik (Nineveh)",
			"ruler": "Sennacherib",
			"script": "Neo-Assyrian",
			"script_remarks": "inscribed",
			"script_type": "Cuneiform",
			"subgenre": "Sennacherib",
			"supergenre": "LIT"
		},
		"geometry": {
			"type": "Point",
			"coordinates": [43.151937,36.358684]
		}
	}, {
		"type": "Feature",
		"properties": {
			"cdli_id": "P467056",
			"credits": "Created by A. Kirk Grayson, Jamie Novotny, and the Royal Inscriptions of the Neo-Assyrian Period (RINAP) Project, 2014. Lemmatized by Jamie Novotny, 2013. The annotated edition is released under the Creative Commons Attribution Share-Alike license 3.0. Please cite this page as http://oracc.org/rinap/Q003515/.",
			"date_of_origin": "704-681",
			"designation": "Sennacherib 041",
			"display_name": "RINAP 3 041",
			"dynastic_seat": "Assyria",
			"exemplars": "Layard, MS C fols. 56v-57v",
			"genre": "Royal Inscription",
			"id_composite": "Q003515",
			"language": "Akkadian",
			"material": "stone",
			"object_type": "human-headed bull colossus",
			"period": "Neo-Assyrian",
			"pleiades_id": "874621",
			"popular_name": "Layard, MS C fols. 56v-57v",
			"primary_publication": "Sennacherib 041",
			"provenience": "Kuyunjik (Nineveh)",
			"ruler": "Sennacherib",
			"script": "Neo-Assyrian",
			"script_remarks": "inscribed",
			"script_type": "Cuneiform",
			"subgenre": "Sennacherib",
			"supergenre": "LIT"
		},
		"geometry": {
			"type": "Point",
			"coordinates": [43.151937,36.358684]
		}
	}, {
		"type": "Feature",
		"properties": {
			"cdli_id": "P467057",
			"credits": "Created by A. Kirk Grayson, Jamie Novotny, and the Royal Inscriptions of the Neo-Assyrian Period (RINAP) Project, 2014. Lemmatized by Jamie Novotny, 2013. The annotated edition is released under the Creative Commons Attribution Share-Alike license 3.0. Please cite this page as http://oracc.org/rinap/Q003516/.",
			"date_of_origin": "704-681",
			"designation": "Sennacherib 042",
			"display_name": "RINAP 3 042",
			"dynastic_seat": "Assyria",
			"exemplars": "Layard, MS A pp. 136-141 (Layard, ICC pls. 59-62); Layard, MS A pp. 135-136",
			"genre": "Royal Inscription",
			"id_composite": "Q003516",
			"language": "Akkadian",
			"material": "stone",
			"object_type": "human-headed bull colossus",
			"period": "Neo-Assyrian",
			"pleiades_id": "874621",
			"popular_name": "Layard, ICC pls. 59-62",
			"primary_publication": "Sennacherib 042",
			"provenience": "Kuyunjik (Nineveh)",
			"ruler": "Sennacherib",
			"script": "Neo-Assyrian",
			"script_remarks": "inscribed",
			"script_type": "Cuneiform",
			"subgenre": "Sennacherib",
			"supergenre": "LIT"
		},
		"geometry": {
			"type": "Point",
			"coordinates": [43.151937,36.358684]
		}
	}, {
		"type": "Feature",
		"properties": {
			"cdli_id": "P467058",
			"collection": "California Museum of Ancient Art, Los Angeles, California, USA",
			"credits": "Created by A. Kirk Grayson, Jamie Novotny, and the Royal Inscriptions of the Neo-Assyrian Period (RINAP) Project, 2014. Lemmatized by Jamie Novotny, 2013. The annotated edition is released under the Creative Commons Attribution Share-Alike license 3.0. Please cite this page as http://oracc.org/rinap/Q003517/.",
			"date_of_origin": "704-681",
			"designation": "Sennacherib 043",
			"display_name": "RINAP 3 043",
			"dynastic_seat": "Assyria",
			"exemplars": "Layard, MS A pp. 141-148 (Layard, ICC pls. 38-42; Lippolis, Sennacherib Wall Reliefs pl. 19); Layard, MS A pp. 141-148 variants, 148-151 (Layard, ICC pls. 38-42 variants; unpublished photograph (J. Reade); Lippolis, Sennacherib Wall Reliefs pl. 128) Uncertain Attribution; CMAA -",
			"genre": "Royal Inscription",
			"id_composite": "Q003517",
			"language": "Akkadian",
			"material": "stone",
			"object_type": "human-headed bull colossus",
			"period": "Neo-Assyrian",
			"pleiades_id": "874621",
			"popular_name": "Layard, ICC pls. 38-42",
			"primary_publication": "Sennacherib 043",
			"provenience": "Kuyunjik (Nineveh)",
			"ruler": "Sennacherib",
			"script": "Neo-Assyrian",
			"script_remarks": "inscribed",
			"script_type": "Cuneiform",
			"subgenre": "Sennacherib",
			"supergenre": "LIT"
		},
		"geometry": {
			"type": "Point",
			"coordinates": [43.151937,36.358684]
		}
	}, {
		"type": "Feature",
		"properties": {
			"cdli_id": "P467059",
			"collection": "Musei Vaticani, Museo Gregoriano Egizio, Rome, Italy; Kestner Museum, Hannover, UK",
			"credits": "Created by A. Kirk Grayson, Jamie Novotny, and the Royal Inscriptions of the Neo-Assyrian Period (RINAP) Project, 2014. Lemmatized by Jamie Novotny, 2013. The annotated edition is released under the Creative Commons Attribution Share-Alike license 3.0. Please cite this page as http://oracc.org/rinap/Q003518/.",
			"date_of_origin": "704-681",
			"designation": "Sennacherib 044",
			"display_name": "RINAP 3 044",
			"dynastic_seat": "Assyria",
			"exemplars": "G. Smith, Senn. pp. 3, 30-31, 51-52, 67-68, 86 and 88-89 (Bull 3) (+)? Meissner and Rost, BiS pl. 8 (+)? Russell, Final Sack p. 202 pl. 207 (+)? MV 15022 (+) MV 15023 + MV 15024; Russell, Final Sack pp. 200-201 pls. 204-206 and pp. 243-244; Russell, Final Sack p. 199 pls. 202-203 (+)? KM 1891,12; Or. Dr. 1 no. 33",
			"genre": "Royal Inscription",
			"id_composite": "Q003518",
			"language": "Akkadian",
			"material": "stone",
			"object_type": "human-headed bull colossus",
			"period": "Neo-Assyrian",
			"pleiades_id": "874621",
			"popular_name": "Smith Bulls 2 and 3",
			"primary_publication": "Sennacherib 044",
			"provenience": "Kuyunjik (Nineveh)",
			"ruler": "Sennacherib",
			"script": "Neo-Assyrian",
			"script_remarks": "inscribed",
			"script_type": "Cuneiform",
			"subgenre": "Sennacherib",
			"supergenre": "LIT"
		},
		"geometry": {
			"type": "Point",
			"coordinates": [43.151937,36.358684]
		}
	}, {
		"type": "Feature",
		"properties": {
			"cdli_id": "P467060",
			"credits": "Created by A. Kirk Grayson, Jamie Novotny, and the Royal Inscriptions of the Neo-Assyrian Period (RINAP) Project, 2014. Lemmatized by Jamie Novotny, 2013. The annotated edition is released under the Creative Commons Attribution Share-Alike license 3.0. Please cite this page as http://oracc.org/rinap/Q003519/.",
			"date_of_origin": "704-681",
			"designation": "Sennacherib 045",
			"display_name": "RINAP 3 045",
			"dynastic_seat": "Assyria",
			"exemplars": "Russell, Writing on the Wall fig. 114",
			"genre": "Royal Inscription",
			"id_composite": "Q003519",
			"language": "Akkadian",
			"material": "stone",
			"object_type": "human-headed bull colossus",
			"period": "Neo-Assyrian",
			"pleiades_id": "874621",
			"popular_name": "Russell, Writing on the Wall fig. 114",
			"primary_publication": "Sennacherib 045",
			"provenience": "Kuyunjik (Nineveh)",
			"ruler": "Sennacherib",
			"script": "Neo-Assyrian",
			"script_remarks": "inscribed",
			"script_type": "Cuneiform",
			"subgenre": "Sennacherib",
			"supergenre": "LIT"
		},
		"geometry": {
			"type": "Point",
			"coordinates": [43.151937,36.358684]
		}
	}, {
		"type": "Feature",
		"properties": {
			"cdli_id": "P467061",
			"collection": "British Museum, London, UK",
			"credits": "Created by A. Kirk Grayson, Jamie Novotny, and the Royal Inscriptions of the Neo-Assyrian Period (RINAP) Project, 2014. Lemmatized by Jamie Novotny, 2013. The annotated edition is released under the Creative Commons Attribution Share-Alike license 3.0. Please cite this page as http://oracc.org/rinap/Q003520/.",
			"date_of_origin": "704-681",
			"designation": "Sennacherib 046",
			"display_name": "RINAP 3 046",
			"dynastic_seat": "Assyria",
			"exemplars": "BM 118815a-b (+) BM 118817 (+) BM 118819 (+) BM 118821 (3 R pls. 12-13)",
			"genre": "Royal Inscription",
			"id_composite": "Q003520",
			"language": "Akkadian",
			"material": "stone",
			"object_type": "human-headed bull colossus",
			"period": "Neo-Assyrian",
			"pleiades_id": "874621",
			"popular_name": "Smith Bull 4",
			"primary_publication": "Sennacherib 046",
			"provenience": "Kuyunjik (Nineveh)",
			"ruler": "Sennacherib",
			"script": "Neo-Assyrian",
			"script_remarks": "inscribed",
			"script_type": "Cuneiform",
			"subgenre": "Sennacherib",
			"supergenre": "LIT"
		},
		"geometry": {
			"type": "Point",
			"coordinates": [43.151937,36.358684]
		}
	}, {
		"type": "Feature",
		"properties": {
			"cdli_id": "P467062",
			"collection": "private: unlocated, Vienna, Austria",
			"credits": "Created by A. Kirk Grayson, Jamie Novotny, and the Royal Inscriptions of the Neo-Assyrian Period (RINAP) Project, 2014. Lemmatized by Jamie Novotny, 2013. The annotated edition is released under the Creative Commons Attribution Share-Alike license 3.0. Please cite this page as http://oracc.org/rinap/Q003521/.",
			"date_of_origin": "704-681",
			"designation": "Sennacherib 047",
			"display_name": "RINAP 3 047",
			"dynastic_seat": "Assyria",
			"exemplars": "AfO 35 p. 35 fig. 7 (Vienna, Private collection)",
			"genre": "Royal Inscription",
			"id_composite": "Q003521",
			"language": "Akkadian",
			"material": "stone",
			"object_type": "human-headed bull colossus",
			"period": "Neo-Assyrian",
			"pleiades_id": "874621",
			"popular_name": "Austrian Bull",
			"primary_publication": "Sennacherib 047",
			"provenience": "Kuyunjik (Nineveh)",
			"ruler": "Sennacherib",
			"script": "Neo-Assyrian",
			"script_remarks": "inscribed",
			"script_type": "Cuneiform",
			"subgenre": "Sennacherib",
			"supergenre": "LIT"
		},
		"geometry": {
			"type": "Point",
			"coordinates": [43.151937,36.358684]
		}
	}, {
		"type": "Feature",
		"properties": {
			"cdli_id": "P467063",
			"credits": "Created by A. Kirk Grayson, Jamie Novotny, and the Royal Inscriptions of the Neo-Assyrian Period (RINAP) Project, 2014. Lemmatized by Jamie Novotny, 2013. The annotated edition is released under the Creative Commons Attribution Share-Alike license 3.0. Please cite this page as http://oracc.org/rinap/Q003522/.",
			"date_of_origin": "704-681",
			"designation": "Sennacherib 048",
			"display_name": "RINAP 3 048",
			"dynastic_seat": "Assyria",
			"exemplars": "Layard, Discoveries p. 230",
			"genre": "Royal Inscription",
			"id_composite": "Q003522",
			"language": "Akkadian",
			"material": "stone",
			"object_type": "human-headed lion colossus",
			"period": "Neo-Assyrian",
			"pleiades_id": "874621",
			"popular_name": "Layard, Discoveries p. 230",
			"primary_publication": "Sennacherib 048",
			"provenience": "Kuyunjik (Nineveh)",
			"ruler": "Sennacherib",
			"script": "Neo-Assyrian",
			"script_remarks": "inscribed",
			"script_type": "Cuneiform",
			"subgenre": "Sennacherib",
			"supergenre": "LIT"
		},
		"geometry": {
			"type": "Point",
			"coordinates": [43.151937,36.358684]
		}
	}, {
		"type": "Feature",
		"properties": {
			"cdli_id": "P467064",
			"credits": "Created by A. Kirk Grayson, Jamie Novotny, and the Royal Inscriptions of the Neo-Assyrian Period (RINAP) Project, 2014. Lemmatized by Jamie Novotny, 2013. The annotated edition is released under the Creative Commons Attribution Share-Alike license 3.0. Please cite this page as http://oracc.org/rinap/Q003523/.",
			"date_of_origin": "704-681",
			"designation": "Sennacherib 049",
			"display_name": "RINAP 3 049",
			"dynastic_seat": "Assyria",
			"exemplars": "King, Notebook p. 1 no. 1, p. 2, p. 3 no. 1, p. 4, p. 11 and p. 14 nos. 1-2 (Thompson, Arch. 79 nos. 122M and 122N; Fragments found by J.M. Russell)",
			"genre": "Royal Inscription",
			"id_composite": "Q003523",
			"language": "Akkadian",
			"material": "stone",
			"object_type": "human-headed bull colossus",
			"period": "Neo-Assyrian",
			"pleiades_id": "874621",
			"popular_name": "Thompson, Arch. 79 nos. 122M and 122N",
			"primary_publication": "Sennacherib 049",
			"provenience": "Kuyunjik (Nineveh)",
			"ruler": "Sennacherib",
			"script": "Neo-Assyrian",
			"script_remarks": "inscribed",
			"script_type": "Cuneiform",
			"subgenre": "Sennacherib",
			"supergenre": "LIT"
		},
		"geometry": {
			"type": "Point",
			"coordinates": [43.151937,36.358684]
		}
	}, {
		"type": "Feature",
		"properties": {
			"cdli_id": "P467065",
			"credits": "Created by A. Kirk Grayson, Jamie Novotny, and the Royal Inscriptions of the Neo-Assyrian Period (RINAP) Project, 2014. Lemmatized by Jamie Novotny, 2013. The annotated edition is released under the Creative Commons Attribution Share-Alike license 3.0. Please cite this page as http://oracc.org/rinap/Q003524/.",
			"date_of_origin": "704-681",
			"designation": "Sennacherib 050",
			"display_name": "RINAP 3 050",
			"dynastic_seat": "Assyria",
			"exemplars": "King, Notebook p. 1 no. 2 and p. 3 no. 2",
			"genre": "Royal Inscription",
			"id_composite": "Q003524",
			"language": "Akkadian",
			"material": "stone",
			"object_type": "human-headed bull colossus",
			"period": "Neo-Assyrian",
			"pleiades_id": "874621",
			"popular_name": "King, Notebook p. 1 no. 2 and p. 3 no. 2",
			"primary_publication": "Sennacherib 050",
			"provenience": "Kuyunjik (Nineveh)",
			"ruler": "Sennacherib",
			"script": "Neo-Assyrian",
			"script_remarks": "inscribed",
			"script_type": "Cuneiform",
			"subgenre": "Sennacherib",
			"supergenre": "LIT"
		},
		"geometry": {
			"type": "Point",
			"coordinates": [43.151937,36.358684]
		}
	}, {
		"type": "Feature",
		"properties": {
			"cdli_id": "P467066",
			"credits": "Created by A. Kirk Grayson, Jamie Novotny, and the Royal Inscriptions of the Neo-Assyrian Period (RINAP) Project, 2014. Lemmatized by Jamie Novotny, 2013. The annotated edition is released under the Creative Commons Attribution Share-Alike license 3.0. Please cite this page as http://oracc.org/rinap/Q003525/.",
			"date_of_origin": "704-681",
			"designation": "Sennacherib 051",
			"display_name": "RINAP 3 051",
			"dynastic_seat": "Assyria",
			"exemplars": "1 R pl. 7 no. VIII E; 1 R pl. 7 no. VIII E variants; Layard, MS C fol. 66r",
			"genre": "Royal Inscription",
			"id_composite": "Q003525",
			"language": "Akkadian",
			"material": "stone",
			"object_type": "human-headed lion colossus",
			"period": "Neo-Assyrian",
			"pleiades_id": "874621",
			"popular_name": "1 R pl. 7 no. VIII E",
			"primary_publication": "Sennacherib 051",
			"provenience": "Kuyunjik (Nineveh)",
			"ruler": "Sennacherib",
			"script": "Neo-Assyrian",
			"script_remarks": "inscribed",
			"script_type": "Cuneiform",
			"subgenre": "Sennacherib",
			"supergenre": "LIT"
		},
		"geometry": {
			"type": "Point",
			"coordinates": [43.151937,36.358684]
		}
	}, {
		"type": "Feature",
		"properties": {
			"cdli_id": "P467067",
			"credits": "Created by A. Kirk Grayson, Jamie Novotny, and the Royal Inscriptions of the Neo-Assyrian Period (RINAP) Project, 2014. Lemmatized by Jamie Novotny, 2013. The annotated edition is released under the Creative Commons Attribution Share-Alike license 3.0. Please cite this page as http://oracc.org/rinap/Q003526/.",
			"date_of_origin": "704-681",
			"designation": "Sennacherib 052",
			"display_name": "RINAP 3 052",
			"dynastic_seat": "Assyria",
			"exemplars": "Layard, ICC pl. 75 B",
			"genre": "Royal Inscription",
			"id_composite": "Q003526",
			"language": "Akkadian",
			"material": "stone",
			"object_type": "human-headed bull colossus",
			"period": "Neo-Assyrian",
			"pleiades_id": "874621",
			"popular_name": "Layard, ICC pl. 75 B",
			"primary_publication": "Sennacherib 052",
			"provenience": "Kuyunjik (Nineveh)",
			"ruler": "Sennacherib",
			"script": "Neo-Assyrian",
			"script_remarks": "inscribed",
			"script_type": "Cuneiform",
			"subgenre": "Sennacherib",
			"supergenre": "LIT"
		},
		"geometry": {
			"type": "Point",
			"coordinates": [43.151937,36.358684]
		}
	}, {
		"type": "Feature",
		"properties": {
			"cdli_id": "P467068",
			"credits": "Created by A. Kirk Grayson, Jamie Novotny, and the Royal Inscriptions of the Neo-Assyrian Period (RINAP) Project, 2014. Lemmatized by Jamie Novotny, 2013. The annotated edition is released under the Creative Commons Attribution Share-Alike license 3.0. Please cite this page as http://oracc.org/rinap/Q003527/.",
			"date_of_origin": "704-681",
			"designation": "Sennacherib 053",
			"display_name": "RINAP 3 053",
			"dynastic_seat": "Assyria",
			"exemplars": "Layard, MS A p. 300 (Layard, Add. Ms 39079 fol. 160; Layard, ICC pl. 85 B; Russell, Senn.&apos;s Palace fig. 133)",
			"genre": "Royal Inscription",
			"id_composite": "Q003527",
			"language": "Akkadian",
			"material": "stone",
			"object_type": "wall slab (with reliefs)",
			"period": "Neo-Assyrian",
			"pleiades_id": "874621",
			"popular_name": "Layard, ICC pl. 85 B",
			"primary_publication": "Sennacherib 053",
			"provenience": "Kuyunjik (Nineveh)",
			"ruler": "Sennacherib",
			"script": "Neo-Assyrian",
			"script_remarks": "inscribed",
			"script_type": "Cuneiform",
			"subgenre": "Sennacherib",
			"supergenre": "LIT"
		},
		"geometry": {
			"type": "Point",
			"coordinates": [43.151937,36.358684]
		}
	}, {
		"type": "Feature",
		"properties": {
			"cdli_id": "P467069",
			"credits": "Created by A. Kirk Grayson, Jamie Novotny, and the Royal Inscriptions of the Neo-Assyrian Period (RINAP) Project, 2014. Lemmatized by Jamie Novotny, 2013. The annotated edition is released under the Creative Commons Attribution Share-Alike license 3.0. Please cite this page as http://oracc.org/rinap/Q003528/.",
			"date_of_origin": "704-681",
			"designation": "Sennacherib 054",
			"display_name": "RINAP 3 054",
			"dynastic_seat": "Assyria",
			"exemplars": "Layard, MS A p. 134 (Layard, ICC pl. 75 C)",
			"genre": "Royal Inscription",
			"id_composite": "Q003528",
			"language": "Akkadian",
			"material": "stone",
			"object_type": "wall slab (with reliefs)",
			"period": "Neo-Assyrian",
			"pleiades_id": "874621",
			"popular_name": "Layard, ICC pl. 75 C",
			"primary_publication": "Sennacherib 054",
			"provenience": "Kuyunjik (Nineveh)",
			"ruler": "Sennacherib",
			"script": "Neo-Assyrian",
			"script_remarks": "inscribed",
			"script_type": "Cuneiform",
			"subgenre": "Sennacherib",
			"supergenre": "LIT"
		},
		"geometry": {
			"type": "Point",
			"coordinates": [43.151937,36.358684]
		}
	}, {
		"type": "Feature",
		"properties": {
			"cdli_id": "P467070",
			"credits": "Created by A. Kirk Grayson, Jamie Novotny, and the Royal Inscriptions of the Neo-Assyrian Period (RINAP) Project, 2014. Lemmatized by Jamie Novotny, 2013. The annotated edition is released under the Creative Commons Attribution Share-Alike license 3.0. Please cite this page as http://oracc.org/rinap/Q003529/.",
			"date_of_origin": "704-681",
			"designation": "Sennacherib 055",
			"display_name": "RINAP 3 055",
			"dynastic_seat": "Assyria",
			"exemplars": "Layard, MS E fol. 32r (Or. Dr. 6 no. 2b)",
			"genre": "Royal Inscription",
			"id_composite": "Q003529",
			"language": "Akkadian",
			"material": "stone",
			"object_type": "wall slab (with reliefs)",
			"period": "Neo-Assyrian",
			"pleiades_id": "874621",
			"popular_name": "Layard, MS E fol. 32r",
			"primary_publication": "Sennacherib 055",
			"provenience": "Kuyunjik (Nineveh)",
			"ruler": "Sennacherib",
			"script": "Neo-Assyrian",
			"script_remarks": "inscribed",
			"script_type": "Cuneiform",
			"subgenre": "Sennacherib",
			"supergenre": "LIT"
		},
		"geometry": {
			"type": "Point",
			"coordinates": [43.151937,36.358684]
		}
	}, {
		"type": "Feature",
		"properties": {
			"cdli_id": "P467071",
			"credits": "Created by A. Kirk Grayson, Jamie Novotny, and the Royal Inscriptions of the Neo-Assyrian Period (RINAP) Project, 2014. Lemmatized by Jamie Novotny, 2013. The annotated edition is released under the Creative Commons Attribution Share-Alike license 3.0. Please cite this page as http://oracc.org/rinap/Q003530/.",
			"date_of_origin": "704-681",
			"designation": "Sennacherib 056",
			"display_name": "RINAP 3 056",
			"dynastic_seat": "Assyria",
			"exemplars": "Layard, MS C fol. 57v",
			"genre": "Royal Inscription",
			"id_composite": "Q003530",
			"language": "Akkadian",
			"material": "stone",
			"object_type": "wall slab (with reliefs)",
			"period": "Neo-Assyrian",
			"pleiades_id": "874621",
			"popular_name": "Layard, MS C fol. 57v",
			"primary_publication": "Sennacherib 056",
			"provenience": "Kuyunjik (Nineveh)",
			"ruler": "Sennacherib",
			"script": "Neo-Assyrian",
			"script_remarks": "inscribed",
			"script_type": "Cuneiform",
			"subgenre": "Sennacherib",
			"supergenre": "LIT"
		},
		"geometry": {
			"type": "Point",
			"coordinates": [43.151937,36.358684]
		}
	}, {
		"type": "Feature",
		"properties": {
			"cdli_id": "P467072",
			"credits": "Created by A. Kirk Grayson, Jamie Novotny, and the Royal Inscriptions of the Neo-Assyrian Period (RINAP) Project, 2014. Lemmatized by Jamie Novotny, 2013. The annotated edition is released under the Creative Commons Attribution Share-Alike license 3.0. Please cite this page as http://oracc.org/rinap/Q003531/.",
			"date_of_origin": "704-681",
			"designation": "Sennacherib 057",
			"display_name": "RINAP 3 057",
			"dynastic_seat": "Assyria",
			"exemplars": "Layard, MS A p. 134 (Layard, ICC pl. 82 A)",
			"genre": "Royal Inscription",
			"id_composite": "Q003531",
			"language": "Akkadian",
			"material": "stone",
			"object_type": "wall slab (with reliefs)",
			"period": "Neo-Assyrian",
			"pleiades_id": "874621",
			"popular_name": "Layard, ICC pl. 82 A",
			"primary_publication": "Sennacherib 057",
			"provenience": "Kuyunjik (Nineveh)",
			"ruler": "Sennacherib",
			"script": "Neo-Assyrian",
			"script_remarks": "inscribed",
			"script_type": "Cuneiform",
			"subgenre": "Sennacherib",
			"supergenre": "LIT"
		},
		"geometry": {
			"type": "Point",
			"coordinates": [43.151937,36.358684]
		}
	}, {
		"type": "Feature",
		"properties": {
			"cdli_id": "P467073",
			"credits": "Created by A. Kirk Grayson, Jamie Novotny, and the Royal Inscriptions of the Neo-Assyrian Period (RINAP) Project, 2014. Lemmatized by Jamie Novotny, 2013. The annotated edition is released under the Creative Commons Attribution Share-Alike license 3.0. Please cite this page as http://oracc.org/rinap/Q003532/.",
			"date_of_origin": "704-681",
			"designation": "Sennacherib 058",
			"display_name": "RINAP 3 058",
			"dynastic_seat": "Assyria",
			"exemplars": "J.M. Russell, Senn.&apos;s Palace fig. 134",
			"genre": "Royal Inscription",
			"id_composite": "Q003532",
			"language": "Akkadian",
			"material": "stone",
			"object_type": "wall slab (with reliefs)",
			"period": "Neo-Assyrian",
			"pleiades_id": "874621",
			"popular_name": "Russell, Senn’s Palace fig. 134",
			"primary_publication": "Sennacherib 058",
			"provenience": "Kuyunjik (Nineveh)",
			"ruler": "Sennacherib",
			"script": "Neo-Assyrian",
			"script_remarks": "inscribed",
			"script_type": "Cuneiform",
			"subgenre": "Sennacherib",
			"supergenre": "LIT"
		},
		"geometry": {
			"type": "Point",
			"coordinates": [43.151937,36.358684]
		}
	}, {
		"type": "Feature",
		"properties": {
			"cdli_id": "P467074",
			"collection": "British Museum, London, UK",
			"credits": "Created by A. Kirk Grayson, Jamie Novotny, and the Royal Inscriptions of the Neo-Assyrian Period (RINAP) Project, 2014. Lemmatized by Jamie Novotny, 2013. The annotated edition is released under the Creative Commons Attribution Share-Alike license 3.0. Please cite this page as http://oracc.org/rinap/Q003533/.",
			"date_of_origin": "704-681",
			"designation": "Sennacherib 059",
			"display_name": "RINAP 3 059",
			"dynastic_seat": "Assyria",
			"exemplars": "BM 124785 (1851-09-02, 0018)",
			"genre": "Royal Inscription",
			"id_composite": "Q003533",
			"language": "Akkadian",
			"material": "stone",
			"object_type": "wall slab (with reliefs)",
			"period": "Neo-Assyrian",
			"pleiades_id": "874621",
			"popular_name": "BM 124785",
			"primary_publication": "Sennacherib 059",
			"provenience": "Kuyunjik (Nineveh)",
			"ruler": "Sennacherib",
			"script": "Neo-Assyrian",
			"script_remarks": "inscribed",
			"script_type": "Cuneiform",
			"subgenre": "Sennacherib",
			"supergenre": "LIT"
		},
		"geometry": {
			"type": "Point",
			"coordinates": [43.151937,36.358684]
		}
	}, {
		"type": "Feature",
		"properties": {
			"cdli_id": "P467075",
			"credits": "Created by A. Kirk Grayson, Jamie Novotny, and the Royal Inscriptions of the Neo-Assyrian Period (RINAP) Project, 2014. Lemmatized by Jamie Novotny, 2013. The annotated edition is released under the Creative Commons Attribution Share-Alike license 3.0. Please cite this page as http://oracc.org/rinap/Q003534/.",
			"date_of_origin": "704-681",
			"designation": "Sennacherib 060",
			"display_name": "RINAP 3 060",
			"dynastic_seat": "Assyria",
			"exemplars": "Layard, ICC pl. 81 B",
			"genre": "Royal Inscription",
			"id_composite": "Q003534",
			"language": "Akkadian",
			"material": "stone",
			"object_type": "wall slab (with reliefs)",
			"period": "Neo-Assyrian",
			"pleiades_id": "874621",
			"popular_name": "Layard, ICC pl. 81 B",
			"primary_publication": "Sennacherib 060",
			"provenience": "Kuyunjik (Nineveh)",
			"ruler": "Sennacherib",
			"script": "Neo-Assyrian",
			"script_remarks": "inscribed",
			"script_type": "Cuneiform",
			"subgenre": "Sennacherib",
			"supergenre": "LIT"
		},
		"geometry": {
			"type": "Point",
			"coordinates": [43.151937,36.358684]
		}
	}, {
		"type": "Feature",
		"properties": {
			"cdli_id": "P467076",
			"credits": "Created by A. Kirk Grayson, Jamie Novotny, and the Royal Inscriptions of the Neo-Assyrian Period (RINAP) Project, 2014. Lemmatized by Jamie Novotny, 2013. The annotated edition is released under the Creative Commons Attribution Share-Alike license 3.0. Please cite this page as http://oracc.org/rinap/Q003535/.",
			"date_of_origin": "704-681",
			"designation": "Sennacherib 061",
			"display_name": "RINAP 3 061",
			"dynastic_seat": "Assyria",
			"exemplars": "Or. Dr. 1 no. 49",
			"genre": "Royal Inscription",
			"id_composite": "Q003535",
			"language": "Akkadian",
			"material": "stone",
			"object_type": "wall slab (with reliefs)",
			"period": "Neo-Assyrian",
			"pleiades_id": "874621",
			"popular_name": "Russell, Senn&apos;s Palace fig. 67",
			"primary_publication": "Sennacherib 061",
			"provenience": "Kuyunjik (Nineveh)",
			"ruler": "Sennacherib",
			"script": "Neo-Assyrian",
			"script_remarks": "inscribed",
			"script_type": "Cuneiform",
			"subgenre": "Sennacherib",
			"supergenre": "LIT"
		},
		"geometry": {
			"type": "Point",
			"coordinates": [43.151937,36.358684]
		}
	}, {
		"type": "Feature",
		"properties": {
			"cdli_id": "P467077",
			"credits": "Created by A. Kirk Grayson, Jamie Novotny, and the Royal Inscriptions of the Neo-Assyrian Period (RINAP) Project, 2014. Lemmatized by Jamie Novotny, 2013. The annotated edition is released under the Creative Commons Attribution Share-Alike license 3.0. Please cite this page as http://oracc.org/rinap/Q003536/.",
			"date_of_origin": "704-681",
			"designation": "Sennacherib 062",
			"display_name": "RINAP 3 062",
			"dynastic_seat": "Assyria",
			"exemplars": "Layard, MS A p. 300 (Layard, MS B p. 29; Layard, ICC pl. 75 E; J.M. Russell, Senn.&apos;s Palace fig. 136)",
			"genre": "Royal Inscription",
			"id_composite": "Q003536",
			"language": "Akkadian",
			"material": "stone",
			"object_type": "wall slab (with reliefs)",
			"period": "Neo-Assyrian",
			"pleiades_id": "874621",
			"popular_name": "Layard, ICC pl. 75 E",
			"primary_publication": "Sennacherib 062",
			"provenience": "Kuyunjik (Nineveh)",
			"ruler": "Sennacherib",
			"script": "Neo-Assyrian",
			"script_remarks": "inscribed",
			"script_type": "Cuneiform",
			"subgenre": "Sennacherib",
			"supergenre": "LIT"
		},
		"geometry": {
			"type": "Point",
			"coordinates": [43.151937,36.358684]
		}
	}, {
		"type": "Feature",
		"properties": {
			"cdli_id": "P467078",
			"credits": "Created by A. Kirk Grayson, Jamie Novotny, and the Royal Inscriptions of the Neo-Assyrian Period (RINAP) Project, 2014. Lemmatized by Jamie Novotny, 2013. The annotated edition is released under the Creative Commons Attribution Share-Alike license 3.0. Please cite this page as http://oracc.org/rinap/Q003537/.",
			"date_of_origin": "704-681",
			"designation": "Sennacherib 063",
			"display_name": "RINAP 3 063",
			"dynastic_seat": "Assyria",
			"exemplars": "J.M. Russell, Senn.&apos;s Palace fig. 137",
			"genre": "Royal Inscription",
			"id_composite": "Q003537",
			"language": "Akkadian",
			"material": "stone",
			"object_type": "wall slab (with reliefs)",
			"period": "Neo-Assyrian",
			"pleiades_id": "874621",
			"popular_name": "Russell, Senn&apos;s Palace fig. 137",
			"primary_publication": "Sennacherib 063",
			"provenience": "Kuyunjik (Nineveh)",
			"ruler": "Sennacherib",
			"script": "Neo-Assyrian",
			"script_remarks": "inscribed",
			"script_type": "Cuneiform",
			"subgenre": "Sennacherib",
			"supergenre": "LIT"
		},
		"geometry": {
			"type": "Point",
			"coordinates": [43.151937,36.358684]
		}
	}, {
		"type": "Feature",
		"properties": {
			"cdli_id": "P467079",
			"credits": "Created by A. Kirk Grayson, Jamie Novotny, and the Royal Inscriptions of the Neo-Assyrian Period (RINAP) Project, 2014. Lemmatized by Jamie Novotny, 2013. The annotated edition is released under the Creative Commons Attribution Share-Alike license 3.0. Please cite this page as http://oracc.org/rinap/Q003538/.",
			"date_of_origin": "704-681",
			"designation": "Sennacherib 064",
			"display_name": "RINAP 3 064",
			"dynastic_seat": "Assyria",
			"exemplars": "J.M. Russell, Writing on the Wall fig. 43",
			"genre": "Royal Inscription",
			"id_composite": "Q003538",
			"language": "Akkadian",
			"material": "stone",
			"object_type": "wall slab (with reliefs)",
			"period": "Neo-Assyrian",
			"pleiades_id": "874621",
			"popular_name": "Russell, Writing on the Wall fig. 43",
			"primary_publication": "Sennacherib 064",
			"provenience": "Kuyunjik (Nineveh)",
			"ruler": "Sennacherib",
			"script": "Neo-Assyrian",
			"script_remarks": "inscribed",
			"script_type": "Cuneiform",
			"subgenre": "Sennacherib",
			"supergenre": "LIT"
		},
		"geometry": {
			"type": "Point",
			"coordinates": [43.151937,36.358684]
		}
	}, {
		"type": "Feature",
		"properties": {
			"cdli_id": "P467080",
			"credits": "Created by A. Kirk Grayson, Jamie Novotny, and the Royal Inscriptions of the Neo-Assyrian Period (RINAP) Project, 2014. Lemmatized by Jamie Novotny, 2013. The annotated edition is released under the Creative Commons Attribution Share-Alike license 3.0. Please cite this page as http://oracc.org/rinap/Q003539/.",
			"date_of_origin": "704-681",
			"designation": "Sennacherib 065",
			"display_name": "RINAP 3 065",
			"dynastic_seat": "Assyria",
			"exemplars": "Or. Dr. 4 no. 23",
			"genre": "Royal Inscription",
			"id_composite": "Q003539",
			"language": "Akkadian",
			"material": "stone",
			"object_type": "wall slab (with reliefs)",
			"period": "Neo-Assyrian",
			"pleiades_id": "874621",
			"popular_name": "Russell, Senn’s Palace fig. 74",
			"primary_publication": "Sennacherib 065",
			"provenience": "Kuyunjik (Nineveh)",
			"ruler": "Sennacherib",
			"script": "Neo-Assyrian",
			"script_remarks": "inscribed",
			"script_type": "Cuneiform",
			"subgenre": "Sennacherib",
			"supergenre": "LIT"
		},
		"geometry": {
			"type": "Point",
			"coordinates": [43.151937,36.358684]
		}
	}, {
		"type": "Feature",
		"properties": {
			"cdli_id": "P467081",
			"collection": "British Museum, London, UK",
			"credits": "Created by A. Kirk Grayson, Jamie Novotny, and the Royal Inscriptions of the Neo-Assyrian Period (RINAP) Project, 2014. Lemmatized by Jamie Novotny, 2013. The annotated edition is released under the Creative Commons Attribution Share-Alike license 3.0. Please cite this page as http://oracc.org/rinap/Q003540/.",
			"date_of_origin": "704-681",
			"designation": "Sennacherib 066",
			"display_name": "RINAP 3 066",
			"dynastic_seat": "Assyria",
			"exemplars": "BM 124911 (1856-09-09, 0014-0015)",
			"genre": "Royal Inscription",
			"id_composite": "Q003540",
			"language": "Akkadian",
			"material": "stone",
			"object_type": "wall slab (with reliefs)",
			"period": "Neo-Assyrian",
			"pleiades_id": "874621",
			"popular_name": "Lachish Relief",
			"primary_publication": "Sennacherib 066",
			"provenience": "Kuyunjik (Nineveh)",
			"ruler": "Sennacherib",
			"script": "Neo-Assyrian",
			"script_remarks": "inscribed",
			"script_type": "Cuneiform",
			"subgenre": "Sennacherib",
			"supergenre": "LIT"
		},
		"geometry": {
			"type": "Point",
			"coordinates": [43.151937,36.358684]
		}
	}, {
		"type": "Feature",
		"properties": {
			"cdli_id": "P467082",
			"collection": "British Museum, London, UK",
			"credits": "Created by A. Kirk Grayson, Jamie Novotny, and the Royal Inscriptions of the Neo-Assyrian Period (RINAP) Project, 2014. Lemmatized by Jamie Novotny, 2013. The annotated edition is released under the Creative Commons Attribution Share-Alike license 3.0. Please cite this page as http://oracc.org/rinap/Q003541/.",
			"date_of_origin": "704-681",
			"designation": "Sennacherib 067",
			"display_name": "RINAP 3 067",
			"dynastic_seat": "Assyria",
			"exemplars": "BM 124912 (1856-09-09, 0014-0015)",
			"genre": "Royal Inscription",
			"id_composite": "Q003541",
			"language": "Akkadian",
			"material": "stone",
			"object_type": "wall slab (with reliefs)",
			"period": "Neo-Assyrian",
			"pleiades_id": "874621",
			"popular_name": "Lachish Relief",
			"primary_publication": "Sennacherib 067",
			"provenience": "Kuyunjik (Nineveh)",
			"ruler": "Sennacherib",
			"script": "Neo-Assyrian",
			"script_remarks": "inscribed",
			"script_type": "Cuneiform",
			"subgenre": "Sennacherib",
			"supergenre": "LIT"
		},
		"geometry": {
			"type": "Point",
			"coordinates": [43.151937,36.358684]
		}
	}, {
		"type": "Feature",
		"properties": {
			"cdli_id": "P467083",
			"credits": "Created by A. Kirk Grayson, Jamie Novotny, and the Royal Inscriptions of the Neo-Assyrian Period (RINAP) Project, 2014. Lemmatized by Jamie Novotny, 2013. The annotated edition is released under the Creative Commons Attribution Share-Alike license 3.0. Please cite this page as http://oracc.org/rinap/Q003542/.",
			"date_of_origin": "704-681",
			"designation": "Sennacherib 068",
			"display_name": "RINAP 3 068",
			"dynastic_seat": "Assyria",
			"exemplars": "Paterson, Senn. pl. 8; Paterson, Senn. pl. 38; J.M. Russell, Writing on the Wall p. 285",
			"genre": "Royal Inscription",
			"id_composite": "Q003542",
			"language": "Akkadian",
			"material": "stone",
			"object_type": "wall slab (with reliefs)",
			"period": "Neo-Assyrian",
			"pleiades_id": "874621",
			"popular_name": "Luckenbill, Senn. p. 157 I43",
			"primary_publication": "Sennacherib 068",
			"provenience": "Kuyunjik (Nineveh)",
			"ruler": "Sennacherib",
			"script": "Neo-Assyrian",
			"script_remarks": "inscribed",
			"script_type": "Cuneiform",
			"subgenre": "Sennacherib",
			"supergenre": "LIT"
		},
		"geometry": {
			"type": "Point",
			"coordinates": [43.151937,36.358684]
		}
	}, {
		"type": "Feature",
		"properties": {
			"cdli_id": "P467084",
			"credits": "Created by A. Kirk Grayson, Jamie Novotny, and the Royal Inscriptions of the Neo-Assyrian Period (RINAP) Project, 2014. Lemmatized by Jamie Novotny, 2013. The annotated edition is released under the Creative Commons Attribution Share-Alike license 3.0. Please cite this page as http://oracc.org/rinap/Q003543/.",
			"date_of_origin": "704-681",
			"designation": "Sennacherib 069",
			"display_name": "RINAP 3 069",
			"dynastic_seat": "Assyria",
			"exemplars": "J.M. Russell, Senn.&apos;s Palace fig. 135",
			"genre": "Royal Inscription",
			"id_composite": "Q003543",
			"language": "Akkadian",
			"material": "stone",
			"object_type": "wall slab (with reliefs)",
			"period": "Neo-Assyrian",
			"pleiades_id": "874621",
			"popular_name": "Russell, Senn’s Palace fig. 135",
			"primary_publication": "Sennacherib 069",
			"provenience": "Kuyunjik (Nineveh)",
			"ruler": "Sennacherib",
			"script": "Neo-Assyrian",
			"script_remarks": "inscribed",
			"script_type": "Cuneiform",
			"subgenre": "Sennacherib",
			"supergenre": "LIT"
		},
		"geometry": {
			"type": "Point",
			"coordinates": [43.151937,36.358684]
		}
	}, {
		"type": "Feature",
		"properties": {
			"cdli_id": "P467085",
			"credits": "Created by A. Kirk Grayson, Jamie Novotny, and the Royal Inscriptions of the Neo-Assyrian Period (RINAP) Project, 2014. Lemmatized by Jamie Novotny, 2013. The annotated edition is released under the Creative Commons Attribution Share-Alike license 3.0. Please cite this page as http://oracc.org/rinap/Q003544/.",
			"date_of_origin": "704-681",
			"designation": "Sennacherib 070",
			"display_name": "RINAP 3 070",
			"dynastic_seat": "Assyria",
			"exemplars": "Or. Dr. 1 no. 63",
			"genre": "Royal Inscription",
			"id_composite": "Q003544",
			"language": "Akkadian",
			"material": "stone",
			"object_type": "wall slab (with reliefs)",
			"period": "Neo-Assyrian",
			"pleiades_id": "874621",
			"popular_name": "Layard, Monuments 2 pl. 29",
			"primary_publication": "Sennacherib 070",
			"provenience": "Kuyunjik (Nineveh)",
			"ruler": "Sennacherib",
			"script": "Neo-Assyrian",
			"script_remarks": "inscribed",
			"script_type": "Cuneiform",
			"subgenre": "Sennacherib",
			"supergenre": "LIT"
		},
		"geometry": {
			"type": "Point",
			"coordinates": [43.151937,36.358684]
		}
	}, {
		"type": "Feature",
		"properties": {
			"cdli_id": "P467086",
			"credits": "Created by A. Kirk Grayson, Jamie Novotny, and the Royal Inscriptions of the Neo-Assyrian Period (RINAP) Project, 2014. Lemmatized by Jamie Novotny, 2013. The annotated edition is released under the Creative Commons Attribution Share-Alike license 3.0. Please cite this page as http://oracc.org/rinap/Q003545/.",
			"date_of_origin": "704-681",
			"designation": "Sennacherib 071",
			"display_name": "RINAP 3 071",
			"dynastic_seat": "Assyria",
			"exemplars": "Or. Dr. 6 no. 25b",
			"genre": "Royal Inscription",
			"id_composite": "Q003545",
			"language": "Akkadian",
			"material": "stone",
			"object_type": "wall slab (with reliefs)",
			"period": "Neo-Assyrian",
			"pleiades_id": "874621",
			"popular_name": "Layard, MS C fol. 11r",
			"primary_publication": "Sennacherib 071",
			"provenience": "Kuyunjik (Nineveh)",
			"ruler": "Sennacherib",
			"script": "Neo-Assyrian",
			"script_remarks": "inscribed",
			"script_type": "Cuneiform",
			"subgenre": "Sennacherib",
			"supergenre": "LIT"
		},
		"geometry": {
			"type": "Point",
			"coordinates": [43.151937,36.358684]
		}
	}, {
		"type": "Feature",
		"properties": {
			"cdli_id": "P467087",
			"credits": "Created by A. Kirk Grayson, Jamie Novotny, and the Royal Inscriptions of the Neo-Assyrian Period (RINAP) Project, 2014. Lemmatized by Jamie Novotny, 2013. The annotated edition is released under the Creative Commons Attribution Share-Alike license 3.0. Please cite this page as http://oracc.org/rinap/Q003546/.",
			"date_of_origin": "704-681",
			"designation": "Sennacherib 072",
			"display_name": "RINAP 3 072",
			"dynastic_seat": "Assyria",
			"exemplars": "Layard, MS D p. 17",
			"genre": "Royal Inscription",
			"id_composite": "Q003546",
			"language": "Akkadian",
			"material": "stone",
			"object_type": "wall slab (with reliefs)",
			"period": "Neo-Assyrian",
			"pleiades_id": "874621",
			"popular_name": "Layard, MS D p. 17",
			"primary_publication": "Sennacherib 072",
			"provenience": "Kuyunjik (Nineveh)",
			"ruler": "Sennacherib",
			"script": "Neo-Assyrian",
			"script_remarks": "inscribed",
			"script_type": "Cuneiform",
			"subgenre": "Sennacherib",
			"supergenre": "LIT"
		},
		"geometry": {
			"type": "Point",
			"coordinates": [43.151937,36.358684]
		}
	}, {
		"type": "Feature",
		"properties": {
			"cdli_id": "P467088",
			"collection": "British Museum, London, UK",
			"credits": "Created by A. Kirk Grayson, Jamie Novotny, and the Royal Inscriptions of the Neo-Assyrian Period (RINAP) Project, 2014. Lemmatized by Jamie Novotny, 2013. The annotated edition is released under the Creative Commons Attribution Share-Alike license 3.0. Please cite this page as http://oracc.org/rinap/Q003547/.",
			"date_of_origin": "704-681",
			"designation": "Sennacherib 073",
			"display_name": "RINAP 3 073",
			"dynastic_seat": "Assyria",
			"exemplars": "BM 124824 (1851-09-02, 0002)",
			"genre": "Royal Inscription",
			"id_composite": "Q003547",
			"language": "Akkadian",
			"material": "stone",
			"object_type": "wall slab (with reliefs)",
			"period": "Neo-Assyrian",
			"pleiades_id": "874621",
			"popular_name": "BM 124824",
			"primary_publication": "Sennacherib 073",
			"provenience": "Kuyunjik (Nineveh)",
			"ruler": "Sennacherib",
			"script": "Neo-Assyrian",
			"script_remarks": "inscribed",
			"script_type": "Cuneiform",
			"subgenre": "Sennacherib",
			"supergenre": "LIT"
		},
		"geometry": {
			"type": "Point",
			"coordinates": [43.151937,36.358684]
		}
	}, {
		"type": "Feature",
		"properties": {
			"cdli_id": "P467089",
			"collection": "British Museum, London, UK; Arkeoloji Müzerleri, Istanbul, Turkey",
			"credits": "Created by A. Kirk Grayson, Jamie Novotny, and the Royal Inscriptions of the Neo-Assyrian Period (RINAP) Project, 2014. Lemmatized by Jamie Novotny, 2013. The annotated edition is released under the Creative Commons Attribution Share-Alike license 3.0. Please cite this page as http://oracc.org/rinap/Q003548/.",
			"date_of_origin": "704-681",
			"designation": "Sennacherib 074",
			"display_name": "RINAP 3 074",
			"dynastic_seat": "Assyria",
			"exemplars": "BM 124821a+b; Scheil, RT 15 p. 149",
			"genre": "Royal Inscription",
			"id_composite": "Q003548",
			"language": "Akkadian",
			"material": "stone",
			"object_type": "wall slab (with reliefs)",
			"period": "Neo-Assyrian",
			"pleiades_id": "874621",
			"popular_name": "BM 124821a+b",
			"primary_publication": "Sennacherib 074",
			"provenience": "Kuyunjik (Nineveh)",
			"ruler": "Sennacherib",
			"script": "Neo-Assyrian",
			"script_remarks": "inscribed",
			"script_type": "Cuneiform",
			"subgenre": "Sennacherib",
			"supergenre": "LIT"
		},
		"geometry": {
			"type": "Point",
			"coordinates": [43.151937,36.358684]
		}
	}, {
		"type": "Feature",
		"properties": {
			"cdli_id": "P467090",
			"credits": "Created by A. Kirk Grayson, Jamie Novotny, and the Royal Inscriptions of the Neo-Assyrian Period (RINAP) Project, 2014. Lemmatized by Jamie Novotny, 2013. The annotated edition is released under the Creative Commons Attribution Share-Alike license 3.0. Please cite this page as http://oracc.org/rinap/Q003549/.",
			"date_of_origin": "704-681",
			"designation": "Sennacherib 075",
			"display_name": "RINAP 3 075",
			"dynastic_seat": "Assyria",
			"exemplars": "Layard, MS D p. 17",
			"genre": "Royal Inscription",
			"id_composite": "Q003549",
			"language": "Akkadian",
			"material": "stone",
			"object_type": "wall slab (with reliefs)",
			"period": "Neo-Assyrian",
			"pleiades_id": "874621",
			"popular_name": "Layard, MS D p. 17",
			"primary_publication": "Sennacherib 075",
			"provenience": "Kuyunjik (Nineveh)",
			"ruler": "Sennacherib",
			"script": "Neo-Assyrian",
			"script_remarks": "inscribed",
			"script_type": "Cuneiform",
			"subgenre": "Sennacherib",
			"supergenre": "LIT"
		},
		"geometry": {
			"type": "Point",
			"coordinates": [43.151937,36.358684]
		}
	}, {
		"type": "Feature",
		"properties": {
			"cdli_id": "P467091",
			"credits": "Created by A. Kirk Grayson, Jamie Novotny, and the Royal Inscriptions of the Neo-Assyrian Period (RINAP) Project, 2014. Lemmatized by Jamie Novotny, 2013. The annotated edition is released under the Creative Commons Attribution Share-Alike license 3.0. Please cite this page as http://oracc.org/rinap/Q003550/.",
			"date_of_origin": "704-681",
			"designation": "Sennacherib 076",
			"display_name": "RINAP 3 076",
			"dynastic_seat": "Assyria",
			"exemplars": "Layard, MS D p. 17",
			"genre": "Royal Inscription",
			"id_composite": "Q003550",
			"language": "Akkadian",
			"material": "stone",
			"object_type": "wall slab (with reliefs)",
			"period": "Neo-Assyrian",
			"pleiades_id": "874621",
			"popular_name": "Layard, MS D p. 17",
			"primary_publication": "Sennacherib 076",
			"provenience": "Kuyunjik (Nineveh)",
			"ruler": "Sennacherib",
			"script": "Neo-Assyrian",
			"script_remarks": "inscribed",
			"script_type": "Cuneiform",
			"subgenre": "Sennacherib",
			"supergenre": "LIT"
		},
		"geometry": {
			"type": "Point",
			"coordinates": [43.151937,36.358684]
		}
	}, {
		"type": "Feature",
		"properties": {
			"cdli_id": "P467092",
			"credits": "Created by A. Kirk Grayson, Jamie Novotny, and the Royal Inscriptions of the Neo-Assyrian Period (RINAP) Project, 2014. Lemmatized by Jamie Novotny, 2013. The annotated edition is released under the Creative Commons Attribution Share-Alike license 3.0. Please cite this page as http://oracc.org/rinap/Q003551/.",
			"date_of_origin": "704-681",
			"designation": "Sennacherib 077",
			"display_name": "RINAP 3 077",
			"dynastic_seat": "Assyria",
			"exemplars": "Layard, Discoveries p. 118",
			"genre": "Royal Inscription",
			"id_composite": "Q003551",
			"language": "Akkadian",
			"material": "stone",
			"object_type": "wall slab (with reliefs)",
			"period": "Neo-Assyrian",
			"pleiades_id": "874621",
			"popular_name": "Layard, Discoveries p. 118",
			"primary_publication": "Sennacherib 077",
			"provenience": "Kuyunjik (Nineveh)",
			"ruler": "Sennacherib",
			"script": "Neo-Assyrian",
			"script_remarks": "inscribed",
			"script_type": "Cuneiform",
			"subgenre": "Sennacherib",
			"supergenre": "LIT"
		},
		"geometry": {
			"type": "Point",
			"coordinates": [43.151937,36.358684]
		}
	}, {
		"type": "Feature",
		"properties": {
			"cdli_id": "P467093",
			"credits": "Created by A. Kirk Grayson, Jamie Novotny, and the Royal Inscriptions of the Neo-Assyrian Period (RINAP) Project, 2014. Lemmatized by Jamie Novotny, 2013. The annotated edition is released under the Creative Commons Attribution Share-Alike license 3.0. Please cite this page as http://oracc.org/rinap/Q003552/.",
			"date_of_origin": "704-681",
			"designation": "Sennacherib 078",
			"display_name": "RINAP 3 078",
			"dynastic_seat": "Assyria",
			"exemplars": "J.M. Russell, Final Sack p. 75 pl. 28",
			"genre": "Royal Inscription",
			"id_composite": "Q003552",
			"language": "Akkadian",
			"material": "stone",
			"object_type": "threshold slab",
			"period": "Neo-Assyrian",
			"pleiades_id": "874621",
			"popular_name": "Russell, Final Sack p. 75 pl. 28",
			"primary_publication": "Sennacherib 078",
			"provenience": "Kuyunjik (Nineveh)",
			"ruler": "Sennacherib",
			"script": "Neo-Assyrian",
			"script_remarks": "inscribed",
			"script_type": "Cuneiform",
			"subgenre": "Sennacherib",
			"supergenre": "LIT"
		},
		"geometry": {
			"type": "Point",
			"coordinates": [43.151937,36.358684]
		}
	}, {
		"type": "Feature",
		"properties": {
			"cdli_id": "P467094",
			"credits": "Created by A. Kirk Grayson, Jamie Novotny, and the Royal Inscriptions of the Neo-Assyrian Period (RINAP) Project, 2014. Lemmatized by Jamie Novotny, 2013. The annotated edition is released under the Creative Commons Attribution Share-Alike license 3.0. Please cite this page as http://oracc.org/rinap/Q003553/.",
			"date_of_origin": "704-681",
			"designation": "Sennacherib 079",
			"display_name": "RINAP 3 079",
			"dynastic_seat": "Assyria",
			"exemplars": "Boutcher, Copies of Inscriptions pp. 11-12",
			"genre": "Royal Inscription",
			"id_composite": "Q003553",
			"language": "Akkadian",
			"material": "stone",
			"object_type": "threshold slab",
			"period": "Neo-Assyrian",
			"pleiades_id": "874621",
			"popular_name": "Boutcher, Copies of Inscriptions pp. 11-12",
			"primary_publication": "Sennacherib 079",
			"provenience": "Kuyunjik (Nineveh)",
			"ruler": "Sennacherib",
			"script": "Neo-Assyrian",
			"script_remarks": "inscribed",
			"script_type": "Cuneiform",
			"subgenre": "Sennacherib",
			"supergenre": "LIT"
		},
		"geometry": {
			"type": "Point",
			"coordinates": [43.151937,36.358684]
		}
	}, {
		"type": "Feature",
		"properties": {
			"cdli_id": "P467095",
			"collection": "British Museum, London, UK; Arkeoloji Müzerleri, Istanbul, Turkey; Real Academia de la Historia, Madrid, Spain",
			"credits": "Created by A. Kirk Grayson, Jamie Novotny, and the Royal Inscriptions of the Neo-Assyrian Period (RINAP) Project, 2014. Lemmatized by Jamie Novotny, 2013. The annotated edition is released under the Creative Commons Attribution Share-Alike license 3.0. Please cite this page as http://oracc.org/rinap/Q003554/.",
			"date_of_origin": "704-681",
			"designation": "Sennacherib 080",
			"display_name": "RINAP 3 080",
			"dynastic_seat": "Assyria",
			"exemplars": "BM 124818 (old Kuyunjik Gallery *48); old Kuyunjik Gallery *39; AOC 038; st EŞEM 09526; 1 R pl. 6 no. VIII A; Thompson, AAA 18 no. 17; Thompson, AAA 19 no. 261; Thompson, AAA 19 no. 262 (= no. 271); Gadd, Stones p. 94; Madhloom, Sumer 25 p. 48; J.M. Russell, Senn.&apos;s Palace fig. 132; J.M. Russell, Writing on the Wall p. 127; Layard, ICC pl. 75 D; Layard, MS C fol. 79v no. 3; Institut de France, Archives MS 2976 sheet 353; RAH -; BM 139995 (1983-01-01, 0347)",
			"genre": "Royal Inscription",
			"id_composite": "Q003554",
			"language": "Akkadian",
			"material": "stone",
			"object_type": "human-headed lion colossus",
			"period": "Neo-Assyrian",
			"pleiades_id": "874621",
			"popular_name": "Palace Inscription",
			"primary_publication": "Sennacherib 080",
			"provenience": "Kuyunjik (Nineveh)",
			"ruler": "Sennacherib",
			"script": "Neo-Assyrian",
			"script_remarks": "inscribed",
			"script_type": "Cuneiform",
			"subgenre": "Sennacherib",
			"supergenre": "LIT"
		},
		"geometry": {
			"type": "Point",
			"coordinates": [43.151937,36.358684]
		}
	}, {
		"type": "Feature",
		"properties": {
			"cdli_id": "P467096",
			"credits": "Created by A. Kirk Grayson, Jamie Novotny, and the Royal Inscriptions of the Neo-Assyrian Period (RINAP) Project, 2014. Lemmatized by Jamie Novotny, 2013. The annotated edition is released under the Creative Commons Attribution Share-Alike license 3.0. Please cite this page as http://oracc.org/rinap/Q003555/.",
			"date_of_origin": "704-681",
			"designation": "Sennacherib 081",
			"display_name": "RINAP 3 081",
			"dynastic_seat": "Assyria",
			"exemplars": "el-Wailly, Sumer 21 pp. 5-6",
			"genre": "Royal Inscription",
			"id_composite": "Q003555",
			"language": "Akkadian",
			"material": "stone",
			"object_type": "slab",
			"period": "Neo-Assyrian",
			"pleiades_id": "874621",
			"popular_name": "el-Wailly, Sumer 21 pp. 5-6",
			"primary_publication": "Sennacherib 081",
			"provenience": "Kuyunjik (Nineveh)",
			"ruler": "Sennacherib",
			"script": "Neo-Assyrian",
			"script_remarks": "inscribed",
			"script_type": "Cuneiform",
			"subgenre": "Sennacherib",
			"supergenre": "LIT"
		},
		"geometry": {
			"type": "Point",
			"coordinates": [43.151937,36.358684]
		}
	}, {
		"type": "Feature",
		"properties": {
			"cdli_id": "P467097",
			"collection": "Arkeoloji Müzerleri, Istanbul, Turkey",
			"credits": "Created by A. Kirk Grayson, Jamie Novotny, and the Royal Inscriptions of the Neo-Assyrian Period (RINAP) Project, 2014. Lemmatized by Jamie Novotny, 2013. The annotated edition is released under the Creative Commons Attribution Share-Alike license 3.0. Please cite this page as http://oracc.org/rinap/Q003556/.",
			"date_of_origin": "704-681",
			"designation": "Sennacherib 082",
			"display_name": "RINAP 3 082",
			"dynastic_seat": "Assyria",
			"exemplars": "1 R pl. 6 no. VIII B; Nassouhi, MAOG 3 p. 19 no. IX ; Thompson, Arch. 79 no. 31",
			"genre": "Royal Inscription",
			"id_composite": "Q003556",
			"language": "Akkadian",
			"material": "stone",
			"object_type": "slab",
			"period": "Neo-Assyrian",
			"pleiades_id": "874621",
			"popular_name": "1 R pl. 6 VIII B",
			"primary_publication": "Sennacherib 082",
			"provenience": "Kuyunjik (Nineveh)",
			"ruler": "Sennacherib",
			"script": "Neo-Assyrian",
			"script_remarks": "inscribed",
			"script_type": "Cuneiform",
			"subgenre": "Sennacherib",
			"supergenre": "LIT"
		},
		"geometry": {
			"type": "Point",
			"coordinates": [43.151937,36.358684]
		}
	}, {
		"type": "Feature",
		"properties": {
			"cdli_id": "P467098",
			"collection": "Arkeoloji Müzerleri, Istanbul, Turkey",
			"credits": "Created by A. Kirk Grayson, Jamie Novotny, and the Royal Inscriptions of the Neo-Assyrian Period (RINAP) Project, 2014. Lemmatized by Jamie Novotny, 2013. The annotated edition is released under the Creative Commons Attribution Share-Alike license 3.0. Please cite this page as http://oracc.org/rinap/Q003557/.",
			"date_of_origin": "704-681",
			"designation": "Sennacherib 083",
			"display_name": "RINAP 3 083",
			"dynastic_seat": "Assyria",
			"exemplars": "Ist EŞEM 00042; Ist EŞEM 06974",
			"genre": "Royal Inscription",
			"id_composite": "Q003557",
			"language": "Akkadian",
			"material": "stone",
			"object_type": "slab",
			"period": "Neo-Assyrian",
			"pleiades_id": "874621",
			"popular_name": "EŞ 00042",
			"primary_publication": "Sennacherib 083",
			"provenience": "Kuyunjik (Nineveh)",
			"ruler": "Sennacherib",
			"script": "Neo-Assyrian",
			"script_remarks": "inscribed",
			"script_type": "Cuneiform",
			"subgenre": "Sennacherib",
			"supergenre": "LIT"
		},
		"geometry": {
			"type": "Point",
			"coordinates": [43.151937,36.358684]
		}
	}, {
		"type": "Feature",
		"properties": {
			"cdli_id": "P467099",
			"credits": "Created by A. Kirk Grayson, Jamie Novotny, and the Royal Inscriptions of the Neo-Assyrian Period (RINAP) Project, 2014. Lemmatized by Jamie Novotny, 2013. The annotated edition is released under the Creative Commons Attribution Share-Alike license 3.0. Please cite this page as http://oracc.org/rinap/Q003558/.",
			"date_of_origin": "704-681",
			"designation": "Sennacherib 084",
			"display_name": "RINAP 3 084",
			"dynastic_seat": "Assyria",
			"exemplars": "Pickworth, Iraq 67/1 p. 305 fig. 22",
			"genre": "Royal Inscription",
			"id_composite": "Q003558",
			"language": "Akkadian",
			"material": "stone",
			"object_type": "slab",
			"period": "Neo-Assyrian",
			"pleiades_id": "874621",
			"popular_name": "Pickworth, Iraq 67/1 p. 305 fig. 22",
			"primary_publication": "Sennacherib 084",
			"provenience": "Kuyunjik (Nineveh)",
			"ruler": "Sennacherib",
			"script": "Neo-Assyrian",
			"script_remarks": "inscribed",
			"script_type": "Cuneiform",
			"subgenre": "Sennacherib",
			"supergenre": "LIT"
		},
		"geometry": {
			"type": "Point",
			"coordinates": [43.151937,36.358684]
		}
	}, {
		"type": "Feature",
		"properties": {
			"cdli_id": "P467100",
			"collection": "British Museum, London, UK",
			"credits": "Created by A. Kirk Grayson, Jamie Novotny, and the Royal Inscriptions of the Neo-Assyrian Period (RINAP) Project, 2014. Lemmatized by Jamie Novotny, 2013. The annotated edition is released under the Creative Commons Attribution Share-Alike license 3.0. Please cite this page as http://oracc.org/rinap/Q003559/.",
			"date_of_origin": "704-681",
			"designation": "Sennacherib 085",
			"display_name": "RINAP 3 085",
			"dynastic_seat": "Assyria",
			"exemplars": "BM 139997 (1983-01-01, 0349)",
			"genre": "Royal Inscription",
			"id_composite": "Q003559",
			"language": "Akkadian",
			"material": "stone",
			"object_type": "slab",
			"period": "Neo-Assyrian",
			"pleiades_id": "874621",
			"popular_name": "BM 139997",
			"primary_publication": "Sennacherib 085",
			"provenience": "Kuyunjik (Nineveh)",
			"ruler": "Sennacherib",
			"script": "Neo-Assyrian",
			"script_remarks": "inscribed",
			"script_type": "Cuneiform",
			"subgenre": "Sennacherib",
			"supergenre": "LIT"
		},
		"geometry": {
			"type": "Point",
			"coordinates": [43.151937,36.358684]
		}
	}, {
		"type": "Feature",
		"properties": {
			"cdli_id": "P467101",
			"collection": "British Museum, London, UK",
			"credits": "Created by A. Kirk Grayson, Jamie Novotny, and the Royal Inscriptions of the Neo-Assyrian Period (RINAP) Project, 2014. Lemmatized by Jamie Novotny, 2013. The annotated edition is released under the Creative Commons Attribution Share-Alike license 3.0. Please cite this page as http://oracc.org/rinap/Q003560/.",
			"date_of_origin": "704-681",
			"designation": "Sennacherib 086",
			"display_name": "RINAP 3 086",
			"dynastic_seat": "Assyria",
			"exemplars": "BM 090871 (1881-02-04, 0001); BM 090872 (1881-02-04, 0002 + 1881-02-04, 0003); Layard, MS A p. 133 (Layard, ICC pl. 75 A)",
			"genre": "Royal Inscription",
			"id_composite": "Q003560",
			"language": "Akkadian",
			"material": "stone",
			"object_type": "door socket",
			"period": "Neo-Assyrian",
			"pleiades_id": "874621",
			"popular_name": "Layard, ICC pl. 75 A",
			"primary_publication": "Sennacherib 086",
			"provenience": "Kuyunjik (Nineveh)",
			"ruler": "Sennacherib",
			"script": "Neo-Assyrian",
			"script_remarks": "inscribed",
			"script_type": "Cuneiform",
			"subgenre": "Sennacherib",
			"supergenre": "LIT"
		},
		"geometry": {
			"type": "Point",
			"coordinates": [43.151937,36.358684]
		}
	}, {
		"type": "Feature",
		"properties": {
			"cdli_id": "P467102",
			"collection": "British Museum, London, UK; Oriental Museum, University of Durham, Durham, UK",
			"credits": "Created by A. Kirk Grayson, Jamie Novotny, and the Royal Inscriptions of the Neo-Assyrian Period (RINAP) Project, 2014. Lemmatized by Jamie Novotny, 2013. The annotated edition is released under the Creative Commons Attribution Share-Alike license 3.0. Please cite this page as http://oracc.org/rinap/Q003561/.",
			"date_of_origin": "704-681",
			"designation": "Sennacherib 087",
			"display_name": "RINAP 3 087",
			"dynastic_seat": "Assyria",
			"exemplars": "1883-01-18, 0705; 1883-01-18, 0701; DUROM N 2260",
			"genre": "Royal Inscription",
			"id_composite": "Q003561",
			"language": "Akkadian",
			"material": "stone",
			"object_type": "door socket",
			"period": "Neo-Assyrian",
			"pleiades_id": "874621",
			"popular_name": "1883-01-18, 0705",
			"primary_publication": "Sennacherib 087",
			"provenience": "Kuyunjik (Nineveh)",
			"ruler": "Sennacherib",
			"script": "Neo-Assyrian",
			"script_remarks": "inscribed",
			"script_type": "Cuneiform",
			"subgenre": "Sennacherib",
			"supergenre": "LIT"
		},
		"geometry": {
			"type": "Point",
			"coordinates": [43.151937,36.358684]
		}
	}, {
		"type": "Feature",
		"properties": {
			"cdli_id": "P467103",
			"collection": "British Museum, London, UK; Birmingham Museums and Art Gallery, Birmingham, UK; Vorderasiatisches Museum, Berlin, Germany; Kunsthistorisches Museum, Vienna, Austria; Kalamazoo Valley Museum, Kalamazoo, Michigan, USA; Arkeoloji Müzerleri, Istanbul, Turkey",
			"credits": "Created by A. Kirk Grayson, Jamie Novotny, and the Royal Inscriptions of the Neo-Assyrian Period (RINAP) Project, 2014. Lemmatized by Jamie Novotny, 2013. The annotated edition is released under the Creative Commons Attribution Share-Alike license 3.0. Please cite this page as http://oracc.org/rinap/Q003562/.",
			"date_of_origin": "704-681",
			"designation": "Sennacherib 088",
			"display_name": "RINAP 3 088",
			"dynastic_seat": "Assyria",
			"exemplars": "BM 090208 (R 006); BM 090261 (R 001); BM 090262 (R 002); BM 090362 (R 007); BM 090366 (1979-12-20, 0215); BM 090367 (1979-12-20, 0216); BM 090768 (R 005); BM 090770 (R 003); BM 090775 (1848-11-04, 0035); BM 090776 (R 4); BM 090780 (1979-12-20, 0347); BM 090781 (1979-12-20, 0348); BM 090783 (1979-12-20, 0349); BM 137370 (1979-12-18, 0005); BM 090212 (1979-12-20, 0125); BM 090773 (1979-12-20, 0343); BCM 0338-079; VA 03021; KMH SEM 1091; Botta, MS 2976 sheet 348; Layard, ICC pl. 81 C; Thompson, Arch. 79 no. 75; Thompson, Arch. 79 no. 91; Scott and MacGinnis, Iraq 52 no. 36*; KVM 32.1215; Donbaz, NABU 2003 pp. 119-120 no. 107; Ist EŞEM 00044; Ist EŞEM 04676; Ist EŞEM 09004",
			"genre": "Royal Inscription",
			"id_composite": "Q003562",
			"language": "Akkadian",
			"material": "clay",
			"object_type": "brick",
			"period": "Neo-Assyrian",
			"pleiades_id": "874621",
			"popular_name": "Sennacherib [brick] A/B",
			"primary_publication": "Sennacherib 088",
			"provenience": "Kuyunjik (Nineveh)",
			"ruler": "Sennacherib",
			"script": "Neo-Assyrian",
			"script_remarks": "inscribed",
			"script_type": "Cuneiform",
			"subgenre": "Sennacherib",
			"supergenre": "LIT"
		},
		"geometry": {
			"type": "Point",
			"coordinates": [43.151937,36.358684]
		}
	}, {
		"type": "Feature",
		"properties": {
			"cdli_id": "P467104",
			"collection": "British Museum, London, UK; Birmingham Museums and Art Gallery, Birmingham, UK; Vorderasiatisches Museum, Berlin, Germany; Arkeoloji Müzerleri, Istanbul, Turkey; Museo Archeologico Nazionale di Firenze, Florence, Italy",
			"credits": "Created by A. Kirk Grayson, Jamie Novotny, and the Royal Inscriptions of the Neo-Assyrian Period (RINAP) Project, 2014. Lemmatized by Jamie Novotny, 2013. The annotated edition is released under the Creative Commons Attribution Share-Alike license 3.0. Please cite this page as http://oracc.org/rinap/Q003563/.",
			"date_of_origin": "704-681",
			"designation": "Sennacherib 089",
			"display_name": "RINAP 3 089",
			"dynastic_seat": "Assyria",
			"exemplars": "BM 090209 (R 014); BM 090363 (1979-12-20, 0214); BM 090364 (R 024); BM 090365 (R 021); BM 090737 + BM 090771 (R 008); BM 090769 (R 011); BM 090772 (R 012); BM 090779 (R 013); BM 090782 (R 009); BCM 0337-079; VA Ass 3278 (Ass 19003); Furlani, RSO 15 pl. 1; Thompson, Arch, 79 no. 81; Thompson, Arch. 79 no. 93; Scott and MacGinnis, Iraq 52 pl. Xb; Institut de France, Archives MS 2976 sheet 337; King, Notebook p. 5; Institut de France, Archives MS 2976 sheet 312; Ist EŞEM 04666; Ist EŞEM 09006; Ist EŞEM 09168; MAF 57995; BM 137369 (1979-12-18, 0004); Ist EŞEM 09037",
			"genre": "Royal Inscription",
			"id_composite": "Q003563",
			"language": "Akkadian",
			"material": "clay",
			"object_type": "brick",
			"period": "Neo-Assyrian",
			"pleiades_id": "874621",
			"popular_name": "Sennacherib [brick] C",
			"primary_publication": "Sennacherib 089",
			"provenience": "Kuyunjik (Nineveh)",
			"ruler": "Sennacherib",
			"script": "Neo-Assyrian",
			"script_remarks": "inscribed",
			"script_type": "Cuneiform",
			"subgenre": "Sennacherib",
			"supergenre": "LIT"
		},
		"geometry": {
			"type": "Point",
			"coordinates": [43.151937,36.358684]
		}
	}, {
		"type": "Feature",
		"properties": {
			"cdli_id": "P467105",
			"collection": "British Museum, London, UK; Birmingham Museums and Art Gallery, Birmingham, UK; Arkeoloji Müzerleri, Istanbul, Turkey",
			"credits": "Created by A. Kirk Grayson, Jamie Novotny, and the Royal Inscriptions of the Neo-Assyrian Period (RINAP) Project, 2014. Lemmatized by Jamie Novotny, 2013. The annotated edition is released under the Creative Commons Attribution Share-Alike license 3.0. Please cite this page as http://oracc.org/rinap/Q003564/.",
			"date_of_origin": "704-681",
			"designation": "Sennacherib 090",
			"display_name": "RINAP 3 090",
			"dynastic_seat": "Assyria",
			"exemplars": "BM 090210 (1979-12-20, 0124); BM 090211 (R 033); BM 090369 + BM 090754 (1979-12-20, 0218); BCM 0362-079; Thompson, Arch. 79 no. 76; Thompson, Arch. 79 no. 100; Ist EŞEM 00057; Ist EŞEM 05268; Ist EŞEM 09178; Ist EŞEM 09233",
			"genre": "Royal Inscription",
			"id_composite": "Q003564",
			"language": "Akkadian",
			"material": "clay",
			"object_type": "brick",
			"period": "Neo-Assyrian",
			"pleiades_id": "874621",
			"popular_name": "Sennacherib [brick] D",
			"primary_publication": "Sennacherib 090",
			"provenience": "Kuyunjik (Nineveh)",
			"ruler": "Sennacherib",
			"script": "Neo-Assyrian",
			"script_remarks": "inscribed",
			"script_type": "Cuneiform",
			"subgenre": "Sennacherib",
			"supergenre": "LIT"
		},
		"geometry": {
			"type": "Point",
			"coordinates": [43.151937,36.358684]
		}
	}, {
		"type": "Feature",
		"properties": {
			"cdli_id": "P467106",
			"collection": "British Museum, London, UK",
			"credits": "Created by A. Kirk Grayson, Jamie Novotny, and the Royal Inscriptions of the Neo-Assyrian Period (RINAP) Project, 2014. Lemmatized by Jamie Novotny, 2013. The annotated edition is released under the Creative Commons Attribution Share-Alike license 3.0. Please cite this page as http://oracc.org/rinap/Q003565/.",
			"date_of_origin": "704-681",
			"designation": "Sennacherib 091",
			"display_name": "RINAP 3 091",
			"dynastic_seat": "Assyria",
			"exemplars": "BM 090250 (1979-12-20, 0153)",
			"genre": "Royal Inscription",
			"id_composite": "Q003565",
			"language": "Akkadian",
			"material": "clay",
			"object_type": "brick",
			"period": "Neo-Assyrian",
			"pleiades_id": "874621",
			"popular_name": "Sennacherib [brick] E",
			"primary_publication": "Sennacherib 091",
			"provenience": "Kuyunjik (Nineveh)",
			"ruler": "Sennacherib",
			"script": "Neo-Assyrian",
			"script_remarks": "inscribed",
			"script_type": "Cuneiform",
			"subgenre": "Sennacherib",
			"supergenre": "LIT"
		},
		"geometry": {
			"type": "Point",
			"coordinates": [43.151937,36.358684]
		}
	}, {
		"type": "Feature",
		"properties": {
			"cdli_id": "P467107",
			"collection": "British Museum, London, UK; Birmingham Museums and Art Gallery, Birmingham, UK; Hearst Museum of Anthropology, University of California at Berkeley, Berkeley, California, USA; Museo di Antichità di Torino, Turin, Italy; University of Pennsylvania Museum of Archaeology and Anthropology, Philadelphia, Pennsylvania, USA; Real Academia de la Historia, Madrid, Spain; Arkeoloji Müzerleri, Istanbul, Turkey",
			"credits": "Created by A. Kirk Grayson, Jamie Novotny, and the Royal Inscriptions of the Neo-Assyrian Period (RINAP) Project, 2014. Lemmatized by Jamie Novotny, 2013. The annotated edition is released under the Creative Commons Attribution Share-Alike license 3.0. Please cite this page as http://oracc.org/rinap/Q003566/.",
			"date_of_origin": "704-681",
			"designation": "Sennacherib 092",
			"display_name": "RINAP 3 092",
			"dynastic_seat": "Assyria",
			"exemplars": "BM 090213 (1848-11-04, 0026); BM 090214 (1979-12-20, 0126); BM 090215 (1979-12-20, 0127); BM 090216 (1979-12-20, 0128); BM 090466 (1979-12-20, 0267); BM 090719 (R 022); BM 090745 (R 017); BM 090755 (R 019); BCM 0339-079; BCM 0340-079; HMA 9-01764; MAT 789 (formerly TO 2548); UM 32-22-006; Institut de France, Archives MS 2976 sheet 336; Layard, ICC pl. 82 B; Layard, ICC pl. 82 C; Thompson, Arch. 79 no. 77; Thompson, Arch. 79 no. 78; Thompson, Arch. 79 no. 84; Thompson, Arch. 79 no. 87; Thompson, Arch. 79 no. 88; Thompson, Arch. 79 no. 113; Thompson, Arch. 79 no. 118; Thompson, Arch. 79 no. 120; Thompson, Arch. 79 no. 121; Thompson, AAA 18 no. 47; Thompson, AAA 18 no. 53; Sumer 45 p. 97; King, Notebook; Layard, MS C fol. 67r; RAH -; Ist EŞEM 09205",
			"genre": "Royal Inscription",
			"id_composite": "Q003566",
			"language": "Akkadian",
			"material": "clay",
			"object_type": "brick",
			"period": "Neo-Assyrian",
			"pleiades_id": "874621",
			"popular_name": "Sennacherib [brick] F",
			"primary_publication": "Sennacherib 092",
			"provenience": "Kuyunjik (Nineveh)",
			"ruler": "Sennacherib",
			"script": "Neo-Assyrian",
			"script_remarks": "inscribed",
			"script_type": "Cuneiform",
			"subgenre": "Sennacherib",
			"supergenre": "LIT"
		},
		"geometry": {
			"type": "Point",
			"coordinates": [43.151937,36.358684]
		}
	}, {
		"type": "Feature",
		"properties": {
			"cdli_id": "P467108",
			"credits": "Created by A. Kirk Grayson, Jamie Novotny, and the Royal Inscriptions of the Neo-Assyrian Period (RINAP) Project, 2014. Lemmatized by Jamie Novotny, 2013. The annotated edition is released under the Creative Commons Attribution Share-Alike license 3.0. Please cite this page as http://oracc.org/rinap/Q003567/.",
			"date_of_origin": "704-681",
			"designation": "Sennacherib 093",
			"display_name": "RINAP 3 093",
			"dynastic_seat": "Assyria",
			"exemplars": "Thompson, Arch. 79 no. 94",
			"genre": "Royal Inscription",
			"id_composite": "Q003567",
			"language": "Akkadian",
			"material": "clay",
			"object_type": "brick",
			"period": "Neo-Assyrian",
			"pleiades_id": "874621",
			"popular_name": "Sennacherib [brick] F",
			"primary_publication": "Sennacherib 093",
			"provenience": "Kuyunjik (Nineveh)",
			"ruler": "Sennacherib",
			"script": "Neo-Assyrian",
			"script_remarks": "inscribed",
			"script_type": "Cuneiform",
			"subgenre": "Sennacherib",
			"supergenre": "LIT"
		},
		"geometry": {
			"type": "Point",
			"coordinates": [43.151937,36.358684]
		}
	}, {
		"type": "Feature",
		"properties": {
			"cdli_id": "P467109",
			"collection": "British Museum, London, UK; Arkeoloji Müzerleri, Istanbul, Turkey",
			"credits": "Created by A. Kirk Grayson, Jamie Novotny, and the Royal Inscriptions of the Neo-Assyrian Period (RINAP) Project, 2014. Lemmatized by Jamie Novotny, 2013. The annotated edition is released under the Creative Commons Attribution Share-Alike license 3.0. Please cite this page as http://oracc.org/rinap/Q003568/.",
			"date_of_origin": "704-681",
			"designation": "Sennacherib 094",
			"display_name": "RINAP 3 094",
			"dynastic_seat": "Assyria",
			"exemplars": "BM 090371 (R 057); BM 090820 (1979-12-20, 0369); BM 137449 (Bu 1889-04-26, 0172); BM 137469 (1929-10-12, 0180); Institut de France, Archives MS 2976 sheet 339; Ist EŞEM 09038; BM 90449 (1979-12-20, 0256); Institut de France, Archives MS 2976 sheet 338",
			"genre": "Royal Inscription",
			"id_composite": "Q003568",
			"language": "Akkadian",
			"material": "clay",
			"object_type": "brick",
			"period": "Neo-Assyrian",
			"pleiades_id": "874621",
			"popular_name": "Sennacherib [brick] G",
			"primary_publication": "Sennacherib 094",
			"provenience": "Kuyunjik (Nineveh)",
			"ruler": "Sennacherib",
			"script": "Neo-Assyrian",
			"script_remarks": "inscribed",
			"script_type": "Cuneiform",
			"subgenre": "Sennacherib",
			"supergenre": "LIT"
		},
		"geometry": {
			"type": "Point",
			"coordinates": [43.151937,36.358684]
		}
	}, {
		"type": "Feature",
		"properties": {
			"cdli_id": "P467110",
			"collection": "British Museum, London, UK",
			"credits": "Created by A. Kirk Grayson, Jamie Novotny, and the Royal Inscriptions of the Neo-Assyrian Period (RINAP) Project, 2014. Lemmatized by Jamie Novotny, 2013. The annotated edition is released under the Creative Commons Attribution Share-Alike license 3.0. Please cite this page as http://oracc.org/rinap/Q003569/.",
			"date_of_origin": "704-681",
			"designation": "Sennacherib 095",
			"display_name": "RINAP 3 095",
			"dynastic_seat": "Assyria",
			"exemplars": "BM 137481 (1932-12-10, 0023 + 1932-12-10, 0030 + 1932-12-10, 0032)",
			"genre": "Royal Inscription",
			"id_composite": "Q003569",
			"language": "Akkadian",
			"material": "clay",
			"object_type": "brick",
			"period": "Neo-Assyrian",
			"pleiades_id": "874621",
			"popular_name": "Sennacherib [brick] H",
			"primary_publication": "Sennacherib 095",
			"provenience": "Kuyunjik (Nineveh)",
			"ruler": "Sennacherib",
			"script": "Neo-Assyrian",
			"script_remarks": "inscribed",
			"script_type": "Cuneiform",
			"subgenre": "Sennacherib",
			"supergenre": "LIT"
		},
		"geometry": {
			"type": "Point",
			"coordinates": [43.151937,36.358684]
		}
	}, {
		"type": "Feature",
		"properties": {
			"cdli_id": "P467111",
			"collection": "British Museum, London, UK",
			"credits": "Created by A. Kirk Grayson, Jamie Novotny, and the Royal Inscriptions of the Neo-Assyrian Period (RINAP) Project, 2014. Lemmatized by Jamie Novotny, 2013. The annotated edition is released under the Creative Commons Attribution Share-Alike license 3.0. Please cite this page as http://oracc.org/rinap/Q003570/.",
			"date_of_origin": "704-681",
			"designation": "Sennacherib 096",
			"display_name": "RINAP 3 096",
			"dynastic_seat": "Assyria",
			"exemplars": "BM 090774 (1979-12-20, 0344); BM 137471 (1929-10-12, 0182); Thompson, AAA 18 no. 49",
			"genre": "Royal Inscription",
			"id_composite": "Q003570",
			"language": "Akkadian",
			"material": "clay",
			"object_type": "brick",
			"period": "Neo-Assyrian",
			"pleiades_id": "874621",
			"popular_name": "Sennacherib [brick] I",
			"primary_publication": "Sennacherib 096",
			"provenience": "Kuyunjik (Nineveh)",
			"ruler": "Sennacherib",
			"script": "Neo-Assyrian",
			"script_remarks": "inscribed",
			"script_type": "Cuneiform",
			"subgenre": "Sennacherib",
			"supergenre": "LIT"
		},
		"geometry": {
			"type": "Point",
			"coordinates": [43.151937,36.358684]
		}
	}, {
		"type": "Feature",
		"properties": {
			"cdli_id": "P467112",
			"credits": "Created by A. Kirk Grayson, Jamie Novotny, and the Royal Inscriptions of the Neo-Assyrian Period (RINAP) Project, 2014. Lemmatized by Jamie Novotny, 2013. The annotated edition is released under the Creative Commons Attribution Share-Alike license 3.0. Please cite this page as http://oracc.org/rinap/Q003571/.",
			"date_of_origin": "704-681",
			"designation": "Sennacherib 097",
			"display_name": "RINAP 3 097",
			"dynastic_seat": "Assyria",
			"exemplars": "Thompson, AAA 18 no. 46",
			"genre": "Royal Inscription",
			"id_composite": "Q003571",
			"language": "Akkadian",
			"material": "clay",
			"object_type": "brick",
			"period": "Neo-Assyrian",
			"pleiades_id": "874621",
			"popular_name": "Sennacherib [brick] I",
			"primary_publication": "Sennacherib 097",
			"provenience": "Kuyunjik (Nineveh)",
			"ruler": "Sennacherib",
			"script": "Neo-Assyrian",
			"script_remarks": "inscribed",
			"script_type": "Cuneiform",
			"subgenre": "Sennacherib",
			"supergenre": "LIT"
		},
		"geometry": {
			"type": "Point",
			"coordinates": [43.151937,36.358684]
		}
	}, {
		"type": "Feature",
		"properties": {
			"cdli_id": "P467113",
			"collection": "British Museum, London, UK",
			"credits": "Created by A. Kirk Grayson, Jamie Novotny, and the Royal Inscriptions of the Neo-Assyrian Period (RINAP) Project, 2014. Lemmatized by Jamie Novotny, 2013. The annotated edition is released under the Creative Commons Attribution Share-Alike license 3.0. Please cite this page as http://oracc.org/rinap/Q003572/.",
			"date_of_origin": "704-681",
			"designation": "Sennacherib 098",
			"display_name": "RINAP 3 098",
			"dynastic_seat": "Assyria",
			"exemplars": "BM 137478 (1929-10-12, 0190)",
			"genre": "Royal Inscription",
			"id_composite": "Q003572",
			"language": "Akkadian",
			"material": "clay",
			"object_type": "brick",
			"period": "Neo-Assyrian",
			"pleiades_id": "874621",
			"popular_name": "Sennacherib [brick] J",
			"primary_publication": "Sennacherib 098",
			"provenience": "Kuyunjik (Nineveh)",
			"ruler": "Sennacherib",
			"script": "Neo-Assyrian",
			"script_remarks": "inscribed",
			"script_type": "Cuneiform",
			"subgenre": "Sennacherib",
			"supergenre": "LIT"
		},
		"geometry": {
			"type": "Point",
			"coordinates": [43.151937,36.358684]
		}
	}, {
		"type": "Feature",
		"properties": {
			"cdli_id": "P467114",
			"collection": "British Museum, London, UK; Vorderasiatisches Museum, Berlin, Germany; Museo di Antichità di Torino, Turin, Italy; Arkeoloji Müzerleri, Istanbul, Turkey",
			"credits": "Created by A. Kirk Grayson, Jamie Novotny, and the Royal Inscriptions of the Neo-Assyrian Period (RINAP) Project, 2014. Lemmatized by Jamie Novotny, 2013. The annotated edition is released under the Creative Commons Attribution Share-Alike license 3.0. Please cite this page as http://oracc.org/rinap/Q003573/.",
			"date_of_origin": "704-681",
			"designation": "Sennacherib 099",
			"display_name": "RINAP 3 099",
			"dynastic_seat": "Assyria",
			"exemplars": "BM 090778 (1979-12-20, 0346); BM 090816 (1979-12-20, 0365); BM 137470 (1929-10-12, 0181); Scheil, ZA 11 p. 425; VA Ass 04309a (Ass 01924); VA Ass 03281b (Ass 05403); VA Ass 03281c (Ass 01522); VA Ass 03283 (Ass 27970); Ass 16777 + Ass 16822b; &quot;Ass 16777&quot;; VA Ass 04316e (Ass 18239a+b); MAT 790; Ist EŞEM 00043; Ist EŞEM 09169",
			"genre": "Royal Inscription",
			"id_composite": "Q003573",
			"language": "Akkadian",
			"material": "clay",
			"object_type": "brick",
			"period": "Neo-Assyrian",
			"pleiades_id": "874621",
			"popular_name": "Sennacherib [brick] K",
			"primary_publication": "Sennacherib 099",
			"provenience": "Kuyunjik (Nineveh)",
			"ruler": "Sennacherib",
			"script": "Neo-Assyrian",
			"script_remarks": "inscribed",
			"script_type": "Cuneiform",
			"subgenre": "Sennacherib",
			"supergenre": "LIT"
		},
		"geometry": {
			"type": "Point",
			"coordinates": [43.151937,36.358684]
		}
	}, {
		"type": "Feature",
		"properties": {
			"cdli_id": "P467115",
			"collection": "British Museum, London, UK; Arkeoloji Müzerleri, Istanbul, Turkey",
			"credits": "Created by A. Kirk Grayson, Jamie Novotny, and the Royal Inscriptions of the Neo-Assyrian Period (RINAP) Project, 2014. Lemmatized by Jamie Novotny, 2013. The annotated edition is released under the Creative Commons Attribution Share-Alike license 3.0. Please cite this page as http://oracc.org/rinap/Q003574/.",
			"date_of_origin": "704-681",
			"designation": "Sennacherib 100",
			"display_name": "RINAP 3 100",
			"dynastic_seat": "Assyria",
			"exemplars": "BM 137473 (1929-10-12, 0185); BM 137474 (1929-10-12, 0186); BM 137476 (1929-10-12, 0188); Ist EŞEM 09005",
			"genre": "Royal Inscription",
			"id_composite": "Q003574",
			"language": "Akkadian",
			"material": "clay",
			"object_type": "brick",
			"period": "Neo-Assyrian",
			"pleiades_id": "874621",
			"popular_name": "Sennacherib [brick] L",
			"primary_publication": "Sennacherib 100",
			"provenience": "Kuyunjik (Nineveh)",
			"ruler": "Sennacherib",
			"script": "Neo-Assyrian",
			"script_remarks": "inscribed",
			"script_type": "Cuneiform",
			"subgenre": "Sennacherib",
			"supergenre": "LIT"
		},
		"geometry": {
			"type": "Point",
			"coordinates": [43.151937,36.358684]
		}
	}, {
		"type": "Feature",
		"properties": {
			"cdli_id": "P467116",
			"credits": "Created by A. Kirk Grayson, Jamie Novotny, and the Royal Inscriptions of the Neo-Assyrian Period (RINAP) Project, 2014. Lemmatized by Jamie Novotny, 2013. The annotated edition is released under the Creative Commons Attribution Share-Alike license 3.0. Please cite this page as http://oracc.org/rinap/Q003575/.",
			"date_of_origin": "704-681",
			"designation": "Sennacherib 101",
			"display_name": "RINAP 3 101",
			"dynastic_seat": "Assyria",
			"exemplars": "Postgate, Iraq 37 p. 60",
			"genre": "Royal Inscription",
			"id_composite": "Q003575",
			"language": "Akkadian",
			"material": "clay",
			"object_type": "brick",
			"period": "Neo-Assyrian",
			"pleiades_id": "874621",
			"popular_name": "Postgate, Iraq 37 p. 60",
			"primary_publication": "Sennacherib 101",
			"provenience": "Kuyunjik (Nineveh)",
			"ruler": "Sennacherib",
			"script": "Neo-Assyrian",
			"script_remarks": "inscribed",
			"script_type": "Cuneiform",
			"subgenre": "Sennacherib",
			"supergenre": "LIT"
		},
		"geometry": {
			"type": "Point",
			"coordinates": [43.151937,36.358684]
		}
	}, {
		"type": "Feature",
		"properties": {
			"cdli_id": "P467117",
			"collection": "private: annonymous",
			"credits": "Created by A. Kirk Grayson, Jamie Novotny, and the Royal Inscriptions of the Neo-Assyrian Period (RINAP) Project, 2014. Lemmatized by Jamie Novotny, 2013. The annotated edition is released under the Creative Commons Attribution Share-Alike license 3.0. Please cite this page as http://oracc.org/rinap/Q003576/.",
			"date_of_origin": "704-681",
			"designation": "Sennacherib 102",
			"display_name": "RINAP 3 102",
			"dynastic_seat": "Assyria",
			"exemplars": "Baer, RA 54 pp. 155-158",
			"genre": "Royal Inscription",
			"id_composite": "Q003576",
			"language": "Akkadian",
			"material": "stone",
			"object_type": "bead",
			"period": "Neo-Assyrian",
			"pleiades_id": "874621",
			"popular_name": "Baer, RA 54 pp. 155-158 (gift of Abī-Ba’al)",
			"primary_publication": "Sennacherib 102",
			"provenience": "Kuyunjik (Nineveh)",
			"ruler": "Sennacherib",
			"script": "Neo-Assyrian",
			"script_remarks": "inscribed",
			"script_type": "Cuneiform",
			"subgenre": "Sennacherib",
			"supergenre": "LIT"
		},
		"geometry": {
			"type": "Point",
			"coordinates": [43.151937,36.358684]
		}
	}, {
		"type": "Feature",
		"properties": {
			"cdli_id": "P467118",
			"collection": "British Museum, London, UK",
			"credits": "Created by A. Kirk Grayson, Jamie Novotny, and the Royal Inscriptions of the Neo-Assyrian Period (RINAP) Project, 2014. Lemmatized by Jamie Novotny, 2013. The annotated edition is released under the Creative Commons Attribution Share-Alike license 3.0. Please cite this page as http://oracc.org/rinap/Q003577/.",
			"date_of_origin": "704-681",
			"designation": "Sennacherib 103",
			"display_name": "RINAP 3 103",
			"dynastic_seat": "Assyria",
			"exemplars": "BM 089910 (DT 398)",
			"genre": "Royal Inscription",
			"id_composite": "Q003577",
			"language": "Akkadian",
			"material": "stone",
			"object_type": "bead",
			"period": "Neo-Assyrian",
			"pleiades_id": "874621",
			"popular_name": "BM 089910 (gift of Karib-il)",
			"primary_publication": "Sennacherib 103",
			"provenience": "Kuyunjik (Nineveh)",
			"ruler": "Sennacherib",
			"script": "Neo-Assyrian",
			"script_remarks": "inscribed",
			"script_type": "Cuneiform",
			"subgenre": "Sennacherib",
			"supergenre": "LIT"
		},
		"geometry": {
			"type": "Point",
			"coordinates": [43.151937,36.358684]
		}
	}, {
		"type": "Feature",
		"properties": {
			"cdli_id": "P467119",
			"collection": "British Museum, London, UK",
			"credits": "Created by A. Kirk Grayson, Jamie Novotny, and the Royal Inscriptions of the Neo-Assyrian Period (RINAP) Project, 2014. Lemmatized by Jamie Novotny, 2013. The annotated edition is released under the Creative Commons Attribution Share-Alike license 3.0. Please cite this page as http://oracc.org/rinap/Q003578/.",
			"date_of_origin": "704-681",
			"designation": "Sennacherib 104",
			"display_name": "RINAP 3 104",
			"dynastic_seat": "Assyria",
			"exemplars": "BM 089912 (1855-12-05, 0161)",
			"genre": "Royal Inscription",
			"id_composite": "Q003578",
			"language": "Akkadian",
			"material": "stone",
			"object_type": "bead",
			"period": "Neo-Assyrian",
			"pleiades_id": "874621",
			"popular_name": "BM 089912 (gift of Karib-il)",
			"primary_publication": "Sennacherib 104",
			"provenience": "Kuyunjik (Nineveh)",
			"ruler": "Sennacherib",
			"script": "Neo-Assyrian",
			"script_remarks": "inscribed",
			"script_type": "Cuneiform",
			"subgenre": "Sennacherib",
			"supergenre": "LIT"
		},
		"geometry": {
			"type": "Point",
			"coordinates": [43.151937,36.358684]
		}
	}, {
		"type": "Feature",
		"properties": {
			"cdli_id": "P467120",
			"collection": "British Museum, London, UK",
			"credits": "Created by A. Kirk Grayson, Jamie Novotny, and the Royal Inscriptions of the Neo-Assyrian Period (RINAP) Project, 2014. Lemmatized by Jamie Novotny, 2013. The annotated edition is released under the Creative Commons Attribution Share-Alike license 3.0. Please cite this page as http://oracc.org/rinap/Q003579/.",
			"date_of_origin": "704-681",
			"designation": "Sennacherib 105",
			"display_name": "RINAP 3 105",
			"dynastic_seat": "Assyria",
			"exemplars": "BM 089918 (1883-01-18, 0652)",
			"genre": "Royal Inscription",
			"id_composite": "Q003579",
			"language": "Akkadian",
			"material": "stone",
			"object_type": "bead",
			"period": "Neo-Assyrian",
			"pleiades_id": "874621",
			"popular_name": "BM 089918 (gift of Karib-il)",
			"primary_publication": "Sennacherib 105",
			"provenience": "Kuyunjik (Nineveh)",
			"ruler": "Sennacherib",
			"script": "Neo-Assyrian",
			"script_remarks": "inscribed",
			"script_type": "Cuneiform",
			"subgenre": "Sennacherib",
			"supergenre": "LIT"
		},
		"geometry": {
			"type": "Point",
			"coordinates": [43.151937,36.358684]
		}
	}, {
		"type": "Feature",
		"properties": {
			"cdli_id": "P467121",
			"collection": "British Museum, London, UK",
			"credits": "Created by A. Kirk Grayson, Jamie Novotny, and the Royal Inscriptions of the Neo-Assyrian Period (RINAP) Project, 2014. Lemmatized by Jamie Novotny, 2013. The annotated edition is released under the Creative Commons Attribution Share-Alike license 3.0. Please cite this page as http://oracc.org/rinap/Q003911/.",
			"date_of_origin": "704-681",
			"designation": "Sennacherib 106",
			"display_name": "RINAP 3 106",
			"dynastic_seat": "Assyria",
			"exemplars": "BM 089908 (S 2451)",
			"genre": "Royal Inscription",
			"id_composite": "Q003911",
			"language": "Akkadian",
			"material": "stone",
			"object_type": "bead",
			"period": "Neo-Assyrian",
			"pleiades_id": "874621",
			"popular_name": "BM 089908 (gift of Karib-il)",
			"primary_publication": "Sennacherib 106",
			"provenience": "Kuyunjik (Nineveh)",
			"ruler": "Sennacherib",
			"script": "Neo-Assyrian",
			"script_remarks": "inscribed",
			"script_type": "Cuneiform",
			"subgenre": "Sennacherib",
			"supergenre": "LIT"
		},
		"geometry": {
			"type": "Point",
			"coordinates": [43.151937,36.358684]
		}
	}, {
		"type": "Feature",
		"properties": {
			"cdli_id": "P467122",
			"collection": "British Museum, London, UK",
			"credits": "Created by A. Kirk Grayson, Jamie Novotny, and the Royal Inscriptions of the Neo-Assyrian Period (RINAP) Project, 2014. Lemmatized by Jamie Novotny, 2013. The annotated edition is released under the Creative Commons Attribution Share-Alike license 3.0. Please cite this page as http://oracc.org/rinap/Q003912/.",
			"date_of_origin": "704-681",
			"designation": "Sennacherib 107",
			"display_name": "RINAP 3 107",
			"dynastic_seat": "Assyria",
			"exemplars": "BM 089291 (1880-07-19, 0230)",
			"genre": "Royal Inscription",
			"id_composite": "Q003912",
			"language": "Akkadian",
			"material": "stone",
			"object_type": "bead",
			"period": "Neo-Assyrian",
			"pleiades_id": "874621",
			"popular_name": "BM 089291 (gift of Karib-il)",
			"primary_publication": "Sennacherib 107",
			"provenience": "Kuyunjik (Nineveh)",
			"ruler": "Sennacherib",
			"script": "Neo-Assyrian",
			"script_remarks": "inscribed",
			"script_type": "Cuneiform",
			"subgenre": "Sennacherib",
			"supergenre": "LIT"
		},
		"geometry": {
			"type": "Point",
			"coordinates": [43.151937,36.358684]
		}
	}, {
		"type": "Feature",
		"properties": {
			"cdli_id": "P467123",
			"collection": "British Museum, London, UK",
			"credits": "Created by A. Kirk Grayson, Jamie Novotny, and the Royal Inscriptions of the Neo-Assyrian Period (RINAP) Project, 2014. Lemmatized by Jamie Novotny, 2013. The annotated edition is released under the Creative Commons Attribution Share-Alike license 3.0. Please cite this page as http://oracc.org/rinap/Q003913/.",
			"date_of_origin": "704-681",
			"designation": "Sennacherib 108",
			"display_name": "RINAP 3 108",
			"dynastic_seat": "Assyria",
			"exemplars": "BM 089926",
			"genre": "Royal Inscription",
			"id_composite": "Q003913",
			"language": "Akkadian",
			"material": "stone",
			"object_type": "bead",
			"period": "Neo-Assyrian",
			"pleiades_id": "874621",
			"popular_name": "BM 089926 (gift of Karib-il)",
			"primary_publication": "Sennacherib 108",
			"provenience": "Kuyunjik (Nineveh)",
			"ruler": "Sennacherib",
			"script": "Neo-Assyrian",
			"script_remarks": "inscribed",
			"script_type": "Cuneiform",
			"subgenre": "Sennacherib",
			"supergenre": "LIT"
		},
		"geometry": {
			"type": "Point",
			"coordinates": [43.151937,36.358684]
		}
	}, {
		"type": "Feature",
		"properties": {
			"cdli_id": "P467124",
			"collection": "British Museum, London, UK",
			"credits": "Created by A. Kirk Grayson, Jamie Novotny, and the Royal Inscriptions of the Neo-Assyrian Period (RINAP) Project, 2014. Lemmatized by Jamie Novotny, 2013. The annotated edition is released under the Creative Commons Attribution Share-Alike license 3.0. Please cite this page as http://oracc.org/rinap/Q003914/.",
			"date_of_origin": "704-681",
			"designation": "Sennacherib 109",
			"display_name": "RINAP 3 109",
			"dynastic_seat": "Assyria",
			"exemplars": "1883-01-18, 0656",
			"genre": "Royal Inscription",
			"id_composite": "Q003914",
			"language": "Akkadian",
			"material": "stone",
			"object_type": "bead",
			"period": "Neo-Assyrian",
			"pleiades_id": "874621",
			"popular_name": "1883-01-18, 0656 (gift of Nabû-zēr-kitti-līšir)",
			"primary_publication": "Sennacherib 109",
			"provenience": "Kuyunjik (Nineveh)",
			"ruler": "Sennacherib",
			"script": "Neo-Assyrian",
			"script_remarks": "inscribed",
			"script_type": "Cuneiform",
			"subgenre": "Sennacherib",
			"supergenre": "LIT"
		},
		"geometry": {
			"type": "Point",
			"coordinates": [43.151937,36.358684]
		}
	}, {
		"type": "Feature",
		"properties": {
			"cdli_id": "P467125",
			"collection": "British Museum, London, UK",
			"credits": "Created by A. Kirk Grayson, Jamie Novotny, and the Royal Inscriptions of the Neo-Assyrian Period (RINAP) Project, 2014. Lemmatized by Jamie Novotny, 2013. The annotated edition is released under the Creative Commons Attribution Share-Alike license 3.0. Please cite this page as http://oracc.org/rinap/Q003915/.",
			"date_of_origin": "704-681",
			"designation": "Sennacherib 110",
			"display_name": "RINAP 3 110",
			"dynastic_seat": "Assyria",
			"exemplars": "BM 089909 (N 1116)",
			"genre": "Royal Inscription",
			"id_composite": "Q003915",
			"language": "Akkadian",
			"material": "stone",
			"object_type": "bead",
			"period": "Neo-Assyrian",
			"pleiades_id": "874621",
			"popular_name": "BM 089909 (gift from an unknown ruler)",
			"primary_publication": "Sennacherib 110",
			"provenience": "Kuyunjik (Nineveh)",
			"ruler": "Sennacherib",
			"script": "Neo-Assyrian",
			"script_remarks": "inscribed",
			"script_type": "Cuneiform",
			"subgenre": "Sennacherib",
			"supergenre": "LIT"
		},
		"geometry": {
			"type": "Point",
			"coordinates": [43.151937,36.358684]
		}
	}, {
		"type": "Feature",
		"properties": {
			"cdli_id": "P467126",
			"collection": "British Museum, London, UK",
			"credits": "Created by A. Kirk Grayson, Jamie Novotny, and the Royal Inscriptions of the Neo-Assyrian Period (RINAP) Project, 2014. Lemmatized by Jamie Novotny, 2013. The annotated edition is released under the Creative Commons Attribution Share-Alike license 3.0. Please cite this page as http://oracc.org/rinap/Q003916/.",
			"date_of_origin": "704-681",
			"designation": "Sennacherib 111",
			"display_name": "RINAP 3 111",
			"dynastic_seat": "Assyria",
			"exemplars": "BM 089290 (1880-07-19, 0229)",
			"genre": "Royal Inscription",
			"id_composite": "Q003916",
			"language": "Akkadian",
			"material": "stone",
			"object_type": "bead",
			"period": "Neo-Assyrian",
			"pleiades_id": "874621",
			"popular_name": "BM 089290 (booty taken from Dumetu)",
			"primary_publication": "Sennacherib 111",
			"provenience": "Kuyunjik (Nineveh)",
			"ruler": "Sennacherib",
			"script": "Neo-Assyrian",
			"script_remarks": "inscribed",
			"script_type": "Cuneiform",
			"subgenre": "Sennacherib",
			"supergenre": "LIT"
		},
		"geometry": {
			"type": "Point",
			"coordinates": [43.151937,36.358684]
		}
	}, {
		"type": "Feature",
		"properties": {
			"cdli_id": "P467127",
			"collection": "British Museum, London, UK",
			"credits": "Created by A. Kirk Grayson, Jamie Novotny, and the Royal Inscriptions of the Neo-Assyrian Period (RINAP) Project, 2014. Lemmatized by Jamie Novotny, 2013. The annotated edition is released under the Creative Commons Attribution Share-Alike license 3.0. Please cite this page as http://oracc.org/rinap/Q003917/.",
			"date_of_origin": "704-681",
			"designation": "Sennacherib 112",
			"display_name": "RINAP 3 112",
			"dynastic_seat": "Assyria",
			"exemplars": "BM 089919 (1883-01-18, 0650)",
			"genre": "Royal Inscription",
			"id_composite": "Q003917",
			"language": "Akkadian",
			"material": "stone",
			"object_type": "bead",
			"period": "Neo-Assyrian",
			"pleiades_id": "874621",
			"popular_name": "BM 089919 (booty taken from Dumetu)",
			"primary_publication": "Sennacherib 112",
			"provenience": "Kuyunjik (Nineveh)",
			"ruler": "Sennacherib",
			"script": "Neo-Assyrian",
			"script_remarks": "inscribed",
			"script_type": "Cuneiform",
			"subgenre": "Sennacherib",
			"supergenre": "LIT"
		},
		"geometry": {
			"type": "Point",
			"coordinates": [43.151937,36.358684]
		}
	}, {
		"type": "Feature",
		"properties": {
			"cdli_id": "P467128",
			"collection": "British Museum, London, UK",
			"credits": "Created by A. Kirk Grayson, Jamie Novotny, and the Royal Inscriptions of the Neo-Assyrian Period (RINAP) Project, 2014. Lemmatized by Jamie Novotny, 2013. The annotated edition is released under the Creative Commons Attribution Share-Alike license 3.0. Please cite this page as http://oracc.org/rinap/Q003918/.",
			"date_of_origin": "704-681",
			"designation": "Sennacherib 113",
			"display_name": "RINAP 3 113",
			"dynastic_seat": "Assyria",
			"exemplars": "BM 089913 (1855-12-05, 0160)",
			"genre": "Royal Inscription",
			"id_composite": "Q003918",
			"language": "Akkadian",
			"material": "stone",
			"object_type": "bead",
			"period": "Neo-Assyrian",
			"pleiades_id": "874621",
			"popular_name": "BM 089913 (booty taken from Dumetu)",
			"primary_publication": "Sennacherib 113",
			"provenience": "Kuyunjik (Nineveh)",
			"ruler": "Sennacherib",
			"script": "Neo-Assyrian",
			"script_remarks": "inscribed",
			"script_type": "Cuneiform",
			"subgenre": "Sennacherib",
			"supergenre": "LIT"
		},
		"geometry": {
			"type": "Point",
			"coordinates": [43.151937,36.358684]
		}
	}, {
		"type": "Feature",
		"properties": {
			"cdli_id": "P467129",
			"collection": "British Museum, London, UK",
			"credits": "Created by A. Kirk Grayson, Jamie Novotny, and the Royal Inscriptions of the Neo-Assyrian Period (RINAP) Project, 2014. Lemmatized by Jamie Novotny, 2013. The annotated edition is released under the Creative Commons Attribution Share-Alike license 3.0. Please cite this page as http://oracc.org/rinap/Q003919/.",
			"date_of_origin": "704-681",
			"designation": "Sennacherib 114",
			"display_name": "RINAP 3 114",
			"dynastic_seat": "Assyria",
			"exemplars": "BM 089915 (1883-01-18, 0649)",
			"genre": "Royal Inscription",
			"id_composite": "Q003919",
			"language": "Akkadian",
			"material": "stone",
			"object_type": "bead",
			"period": "Neo-Assyrian",
			"pleiades_id": "874621",
			"popular_name": "BM 089915 (booty taken from Dumetu)",
			"primary_publication": "Sennacherib 114",
			"provenience": "Kuyunjik (Nineveh)",
			"ruler": "Sennacherib",
			"script": "Neo-Assyrian",
			"script_remarks": "inscribed",
			"script_type": "Cuneiform",
			"subgenre": "Sennacherib",
			"supergenre": "LIT"
		},
		"geometry": {
			"type": "Point",
			"coordinates": [43.151937,36.358684]
		}
	}, {
		"type": "Feature",
		"properties": {
			"cdli_id": "P467130",
			"collection": "British Museum, London, UK",
			"credits": "Created by A. Kirk Grayson, Jamie Novotny, and the Royal Inscriptions of the Neo-Assyrian Period (RINAP) Project, 2014. Lemmatized by Jamie Novotny, 2013. The annotated edition is released under the Creative Commons Attribution Share-Alike license 3.0. Please cite this page as http://oracc.org/rinap/Q003920/.",
			"date_of_origin": "704-681",
			"designation": "Sennacherib 115",
			"display_name": "RINAP 3 115",
			"dynastic_seat": "Assyria",
			"exemplars": "1882-05-22, 0324",
			"genre": "Royal Inscription",
			"id_composite": "Q003920",
			"language": "Akkadian",
			"material": "stone",
			"object_type": "bead",
			"period": "Neo-Assyrian",
			"pleiades_id": "874621",
			"popular_name": "1882-05-22, 0324 (booty taken from Duma)",
			"primary_publication": "Sennacherib 115",
			"provenience": "Kuyunjik (Nineveh)",
			"ruler": "Sennacherib",
			"script": "Neo-Assyrian",
			"script_remarks": "inscribed",
			"script_type": "Cuneiform",
			"subgenre": "Sennacherib",
			"supergenre": "LIT"
		},
		"geometry": {
			"type": "Point",
			"coordinates": [43.151937,36.358684]
		}
	}, {
		"type": "Feature",
		"properties": {
			"cdli_id": "P467131",
			"collection": "British Museum, London, UK",
			"credits": "Created by A. Kirk Grayson, Jamie Novotny, and the Royal Inscriptions of the Neo-Assyrian Period (RINAP) Project, 2014. Lemmatized by Jamie Novotny, 2013. The annotated edition is released under the Creative Commons Attribution Share-Alike license 3.0. Please cite this page as http://oracc.org/rinap/Q003921/.",
			"date_of_origin": "704-681",
			"designation": "Sennacherib 116",
			"display_name": "RINAP 3 116",
			"dynastic_seat": "Assyria",
			"exemplars": "BM 089914 (1855-12-05, 0166)",
			"genre": "Royal Inscription",
			"id_composite": "Q003921",
			"language": "Akkadian",
			"material": "stone",
			"object_type": "bead",
			"period": "Neo-Assyrian",
			"pleiades_id": "874621",
			"popular_name": "BM 089914 (booty taken from an unknown city)",
			"primary_publication": "Sennacherib 116",
			"provenience": "Kuyunjik (Nineveh)",
			"ruler": "Sennacherib",
			"script": "Neo-Assyrian",
			"script_remarks": "inscribed",
			"script_type": "Cuneiform",
			"subgenre": "Sennacherib",
			"supergenre": "LIT"
		},
		"geometry": {
			"type": "Point",
			"coordinates": [43.151937,36.358684]
		}
	}, {
		"type": "Feature",
		"properties": {
			"cdli_id": "P467132",
			"collection": "British Museum, London, UK",
			"credits": "Created by A. Kirk Grayson, Jamie Novotny, and the Royal Inscriptions of the Neo-Assyrian Period (RINAP) Project, 2014. Lemmatized by Jamie Novotny, 2013. The annotated edition is released under the Creative Commons Attribution Share-Alike license 3.0. Please cite this page as http://oracc.org/rinap/Q003922/.",
			"date_of_origin": "704-681",
			"designation": "Sennacherib 117",
			"display_name": "RINAP 3 117",
			"dynastic_seat": "Assyria",
			"exemplars": "BM 089920 (1883-01-18, 0648)",
			"genre": "Royal Inscription",
			"id_composite": "Q003922",
			"language": "Akkadian",
			"material": "stone",
			"object_type": "bead",
			"period": "Neo-Assyrian",
			"pleiades_id": "874621",
			"popular_name": "BM 089920",
			"primary_publication": "Sennacherib 117",
			"provenience": "Kuyunjik (Nineveh)",
			"ruler": "Sennacherib",
			"script": "Neo-Assyrian",
			"script_remarks": "inscribed",
			"script_type": "Cuneiform",
			"subgenre": "Sennacherib",
			"supergenre": "LIT"
		},
		"geometry": {
			"type": "Point",
			"coordinates": [43.151937,36.358684]
		}
	}, {
		"type": "Feature",
		"properties": {
			"cdli_id": "P467133",
			"collection": "British Museum, London, UK",
			"credits": "Created by A. Kirk Grayson, Jamie Novotny, and the Royal Inscriptions of the Neo-Assyrian Period (RINAP) Project, 2014. Lemmatized by Jamie Novotny, 2013. The annotated edition is released under the Creative Commons Attribution Share-Alike license 3.0. Please cite this page as http://oracc.org/rinap/Q003923/.",
			"date_of_origin": "704-681",
			"designation": "Sennacherib 118",
			"display_name": "RINAP 3 118",
			"dynastic_seat": "Assyria",
			"exemplars": "BM 089922 (1855-12-05, 0165)",
			"genre": "Royal Inscription",
			"id_composite": "Q003923",
			"language": "Akkadian",
			"material": "stone",
			"object_type": "bead",
			"period": "Neo-Assyrian",
			"pleiades_id": "874621",
			"popular_name": "BM 089922",
			"primary_publication": "Sennacherib 118",
			"provenience": "Kuyunjik (Nineveh)",
			"ruler": "Sennacherib",
			"script": "Neo-Assyrian",
			"script_remarks": "inscribed",
			"script_type": "Cuneiform",
			"subgenre": "Sennacherib",
			"supergenre": "LIT"
		},
		"geometry": {
			"type": "Point",
			"coordinates": [43.151937,36.358684]
		}
	}, {
		"type": "Feature",
		"properties": {
			"cdli_id": "P467134",
			"collection": "British Museum, London, UK",
			"credits": "Created by A. Kirk Grayson, Jamie Novotny, and the Royal Inscriptions of the Neo-Assyrian Period (RINAP) Project, 2014. Lemmatized by Jamie Novotny, 2013. The annotated edition is released under the Creative Commons Attribution Share-Alike license 3.0. Please cite this page as http://oracc.org/rinap/Q003924/.",
			"date_of_origin": "704-681",
			"designation": "Sennacherib 119",
			"display_name": "RINAP 3 119",
			"dynastic_seat": "Assyria",
			"exemplars": "1855-12-05, 0167",
			"genre": "Royal Inscription",
			"id_composite": "Q003924",
			"language": "Akkadian",
			"material": "stone",
			"object_type": "bead",
			"period": "Neo-Assyrian",
			"pleiades_id": "874621",
			"popular_name": "1855-12-05, 0167",
			"primary_publication": "Sennacherib 119",
			"provenience": "Kuyunjik (Nineveh)",
			"ruler": "Sennacherib",
			"script": "Neo-Assyrian",
			"script_remarks": "inscribed",
			"script_type": "Cuneiform",
			"subgenre": "Sennacherib",
			"supergenre": "LIT"
		},
		"geometry": {
			"type": "Point",
			"coordinates": [43.151937,36.358684]
		}
	}, {
		"type": "Feature",
		"properties": {
			"cdli_id": "P467135",
			"collection": "British Museum, London, UK",
			"credits": "Created by A. Kirk Grayson, Jamie Novotny, and the Royal Inscriptions of the Neo-Assyrian Period (RINAP) Project, 2014. Lemmatized by Jamie Novotny, 2013. The annotated edition is released under the Creative Commons Attribution Share-Alike license 3.0. Please cite this page as http://oracc.org/rinap/Q003925/.",
			"date_of_origin": "704-681",
			"designation": "Sennacherib 120",
			"display_name": "RINAP 3 120",
			"dynastic_seat": "Assyria",
			"exemplars": "BM 089292 (1880-07-19, 0231)",
			"genre": "Royal Inscription",
			"id_composite": "Q003925",
			"language": "Akkadian",
			"material": "stone",
			"object_type": "bead",
			"period": "Neo-Assyrian",
			"pleiades_id": "874621",
			"popular_name": "BM 089292",
			"primary_publication": "Sennacherib 120",
			"provenience": "Kuyunjik (Nineveh)",
			"ruler": "Sennacherib",
			"script": "Neo-Assyrian",
			"script_remarks": "inscribed",
			"script_type": "Cuneiform",
			"subgenre": "Sennacherib",
			"supergenre": "LIT"
		},
		"geometry": {
			"type": "Point",
			"coordinates": [43.151937,36.358684]
		}
	}, {
		"type": "Feature",
		"properties": {
			"cdli_id": "P467136",
			"collection": "British Museum, London, UK",
			"credits": "Created by A. Kirk Grayson, Jamie Novotny, and the Royal Inscriptions of the Neo-Assyrian Period (RINAP) Project, 2014. Lemmatized by Jamie Novotny, 2013. The annotated edition is released under the Creative Commons Attribution Share-Alike license 3.0. Please cite this page as http://oracc.org/rinap/Q003926/.",
			"date_of_origin": "704-681",
			"designation": "Sennacherib 121",
			"display_name": "RINAP 3 121",
			"dynastic_seat": "Assyria",
			"exemplars": "BM 089917 (1883-01-18, 0654)",
			"genre": "Royal Inscription",
			"id_composite": "Q003926",
			"language": "Akkadian",
			"material": "stone",
			"object_type": "bead",
			"period": "Neo-Assyrian",
			"pleiades_id": "874621",
			"popular_name": "BM 089917",
			"primary_publication": "Sennacherib 121",
			"provenience": "Kuyunjik (Nineveh)",
			"ruler": "Sennacherib",
			"script": "Neo-Assyrian",
			"script_remarks": "inscribed",
			"script_type": "Cuneiform",
			"subgenre": "Sennacherib",
			"supergenre": "LIT"
		},
		"geometry": {
			"type": "Point",
			"coordinates": [43.151937,36.358684]
		}
	}, {
		"type": "Feature",
		"properties": {
			"cdli_id": "P467137",
			"collection": "British Museum, London, UK",
			"credits": "Created by A. Kirk Grayson, Jamie Novotny, and the Royal Inscriptions of the Neo-Assyrian Period (RINAP) Project, 2014. Lemmatized by Jamie Novotny, 2013. The annotated edition is released under the Creative Commons Attribution Share-Alike license 3.0. Please cite this page as http://oracc.org/rinap/Q003927/.",
			"date_of_origin": "704-681",
			"designation": "Sennacherib 122",
			"display_name": "RINAP 3 122",
			"dynastic_seat": "Assyria",
			"exemplars": "1855-12-05, 0168",
			"genre": "Royal Inscription",
			"id_composite": "Q003927",
			"language": "Akkadian",
			"material": "stone",
			"object_type": "bead",
			"period": "Neo-Assyrian",
			"pleiades_id": "874621",
			"popular_name": "1855-12-05, 0168",
			"primary_publication": "Sennacherib 122",
			"provenience": "Kuyunjik (Nineveh)",
			"ruler": "Sennacherib",
			"script": "Neo-Assyrian",
			"script_remarks": "inscribed",
			"script_type": "Cuneiform",
			"subgenre": "Sennacherib",
			"supergenre": "LIT"
		},
		"geometry": {
			"type": "Point",
			"coordinates": [43.151937,36.358684]
		}
	}, {
		"type": "Feature",
		"properties": {
			"cdli_id": "P467138",
			"collection": "British Museum, London, UK",
			"credits": "Created by A. Kirk Grayson, Jamie Novotny, and the Royal Inscriptions of the Neo-Assyrian Period (RINAP) Project, 2014. Lemmatized by Jamie Novotny, 2013. The annotated edition is released under the Creative Commons Attribution Share-Alike license 3.0. Please cite this page as http://oracc.org/rinap/Q003928/.",
			"date_of_origin": "704-681",
			"designation": "Sennacherib 123",
			"display_name": "RINAP 3 123",
			"dynastic_seat": "Assyria",
			"exemplars": "1883-01-18, 0653",
			"genre": "Royal Inscription",
			"id_composite": "Q003928",
			"language": "Akkadian",
			"material": "stone",
			"object_type": "bead",
			"period": "Neo-Assyrian",
			"pleiades_id": "874621",
			"popular_name": "1883-01-18, 0653",
			"primary_publication": "Sennacherib 123",
			"provenience": "Kuyunjik (Nineveh)",
			"ruler": "Sennacherib",
			"script": "Neo-Assyrian",
			"script_remarks": "inscribed",
			"script_type": "Cuneiform",
			"subgenre": "Sennacherib",
			"supergenre": "LIT"
		},
		"geometry": {
			"type": "Point",
			"coordinates": [43.151937,36.358684]
		}
	}, {
		"type": "Feature",
		"properties": {
			"cdli_id": "P467139",
			"collection": "British Museum, London, UK",
			"credits": "Created by A. Kirk Grayson, Jamie Novotny, and the Royal Inscriptions of the Neo-Assyrian Period (RINAP) Project, 2014. Lemmatized by Jamie Novotny, 2013. The annotated edition is released under the Creative Commons Attribution Share-Alike license 3.0. Please cite this page as http://oracc.org/rinap/Q003929/.",
			"date_of_origin": "704-681",
			"designation": "Sennacherib 124",
			"display_name": "RINAP 3 124",
			"dynastic_seat": "Assyria",
			"exemplars": "1855-12-05, 0171",
			"genre": "Royal Inscription",
			"id_composite": "Q003929",
			"language": "Akkadian",
			"material": "stone",
			"object_type": "bead",
			"period": "Neo-Assyrian",
			"pleiades_id": "874621",
			"popular_name": "1855-12-05, 0171",
			"primary_publication": "Sennacherib 124",
			"provenience": "Kuyunjik (Nineveh)",
			"ruler": "Sennacherib",
			"script": "Neo-Assyrian",
			"script_remarks": "inscribed",
			"script_type": "Cuneiform",
			"subgenre": "Sennacherib",
			"supergenre": "LIT"
		},
		"geometry": {
			"type": "Point",
			"coordinates": [43.151937,36.358684]
		}
	}, {
		"type": "Feature",
		"properties": {
			"cdli_id": "P467140",
			"collection": "British Museum, London, UK",
			"credits": "Created by A. Kirk Grayson, Jamie Novotny, and the Royal Inscriptions of the Neo-Assyrian Period (RINAP) Project, 2014. Lemmatized by Jamie Novotny, 2013. The annotated edition is released under the Creative Commons Attribution Share-Alike license 3.0. Please cite this page as http://oracc.org/rinap/Q003930/.",
			"date_of_origin": "704-681",
			"designation": "Sennacherib 125",
			"display_name": "RINAP 3 125",
			"dynastic_seat": "Assyria",
			"exemplars": "1855-12-05, 0169",
			"genre": "Royal Inscription",
			"id_composite": "Q003930",
			"language": "Akkadian",
			"material": "stone",
			"object_type": "bead",
			"period": "Neo-Assyrian",
			"pleiades_id": "874621",
			"popular_name": "1855-12-05, 0169",
			"primary_publication": "Sennacherib 125",
			"provenience": "Kuyunjik (Nineveh)",
			"ruler": "Sennacherib",
			"script": "Neo-Assyrian",
			"script_remarks": "inscribed",
			"script_type": "Cuneiform",
			"subgenre": "Sennacherib",
			"supergenre": "LIT"
		},
		"geometry": {
			"type": "Point",
			"coordinates": [43.151937,36.358684]
		}
	}, {
		"type": "Feature",
		"properties": {
			"cdli_id": "P467141",
			"collection": "British Museum, London, UK",
			"credits": "Created by A. Kirk Grayson, Jamie Novotny, and the Royal Inscriptions of the Neo-Assyrian Period (RINAP) Project, 2014. Lemmatized by Jamie Novotny, 2013. The annotated edition is released under the Creative Commons Attribution Share-Alike license 3.0. Please cite this page as http://oracc.org/rinap/Q003931/.",
			"date_of_origin": "704-681",
			"designation": "Sennacherib 126",
			"display_name": "RINAP 3 126",
			"dynastic_seat": "Assyria",
			"exemplars": "BM 089911 (1855-12-05, 0162)",
			"genre": "Royal Inscription",
			"id_composite": "Q003931",
			"language": "Akkadian",
			"material": "stone",
			"object_type": "bead",
			"period": "Neo-Assyrian",
			"pleiades_id": "874621",
			"popular_name": "BM 089911",
			"primary_publication": "Sennacherib 126",
			"provenience": "Kuyunjik (Nineveh)",
			"ruler": "Sennacherib",
			"script": "Neo-Assyrian",
			"script_remarks": "inscribed",
			"script_type": "Cuneiform",
			"subgenre": "Sennacherib",
			"supergenre": "LIT"
		},
		"geometry": {
			"type": "Point",
			"coordinates": [43.151937,36.358684]
		}
	}, {
		"type": "Feature",
		"properties": {
			"cdli_id": "P467142",
			"collection": "British Museum, London, UK",
			"credits": "Created by A. Kirk Grayson, Jamie Novotny, and the Royal Inscriptions of the Neo-Assyrian Period (RINAP) Project, 2014. Lemmatized by Jamie Novotny, 2013. The annotated edition is released under the Creative Commons Attribution Share-Alike license 3.0. Please cite this page as http://oracc.org/rinap/Q003932/.",
			"date_of_origin": "704-681",
			"designation": "Sennacherib 127",
			"display_name": "RINAP 3 127",
			"dynastic_seat": "Assyria",
			"exemplars": "BM 089921 (1855-12-05, 0163)",
			"genre": "Royal Inscription",
			"id_composite": "Q003932",
			"language": "Akkadian",
			"material": "stone",
			"object_type": "bead",
			"period": "Neo-Assyrian",
			"pleiades_id": "874621",
			"popular_name": "BM 089921",
			"primary_publication": "Sennacherib 127",
			"provenience": "Kuyunjik (Nineveh)",
			"ruler": "Sennacherib",
			"script": "Neo-Assyrian",
			"script_remarks": "inscribed",
			"script_type": "Cuneiform",
			"subgenre": "Sennacherib",
			"supergenre": "LIT"
		},
		"geometry": {
			"type": "Point",
			"coordinates": [43.151937,36.358684]
		}
	}, {
		"type": "Feature",
		"properties": {
			"cdli_id": "P467143",
			"collection": "British Museum, London, UK",
			"credits": "Created by A. Kirk Grayson, Jamie Novotny, and the Royal Inscriptions of the Neo-Assyrian Period (RINAP) Project, 2014. Lemmatized by Jamie Novotny, 2013. The annotated edition is released under the Creative Commons Attribution Share-Alike license 3.0. Please cite this page as http://oracc.org/rinap/Q003933/.",
			"date_of_origin": "704-681",
			"designation": "Sennacherib 128",
			"display_name": "RINAP 3 128",
			"dynastic_seat": "Assyria",
			"exemplars": "BM 089923 (1855-12-05, 164)",
			"genre": "Royal Inscription",
			"id_composite": "Q003933",
			"language": "Akkadian",
			"material": "stone",
			"object_type": "bead",
			"period": "Neo-Assyrian",
			"pleiades_id": "874621",
			"popular_name": "BM 089923",
			"primary_publication": "Sennacherib 128",
			"provenience": "Kuyunjik (Nineveh)",
			"ruler": "Sennacherib",
			"script": "Neo-Assyrian",
			"script_remarks": "inscribed",
			"script_type": "Cuneiform",
			"subgenre": "Sennacherib",
			"supergenre": "LIT"
		},
		"geometry": {
			"type": "Point",
			"coordinates": [43.151937,36.358684]
		}
	}, {
		"type": "Feature",
		"properties": {
			"cdli_id": "P467144",
			"collection": "British Museum, London, UK",
			"credits": "Created by A. Kirk Grayson, Jamie Novotny, and the Royal Inscriptions of the Neo-Assyrian Period (RINAP) Project, 2014. Lemmatized by Jamie Novotny, 2013. The annotated edition is released under the Creative Commons Attribution Share-Alike license 3.0. Please cite this page as http://oracc.org/rinap/Q003934/.",
			"date_of_origin": "704-681",
			"designation": "Sennacherib 129",
			"display_name": "RINAP 3 129",
			"dynastic_seat": "Assyria",
			"exemplars": "BM 089916 (1883-01-18, 0651)",
			"genre": "Royal Inscription",
			"id_composite": "Q003934",
			"language": "Akkadian",
			"material": "stone",
			"object_type": "bead",
			"period": "Neo-Assyrian",
			"pleiades_id": "874621",
			"popular_name": "BM 089916",
			"primary_publication": "Sennacherib 129",
			"provenience": "Kuyunjik (Nineveh)",
			"ruler": "Sennacherib",
			"script": "Neo-Assyrian",
			"script_remarks": "inscribed",
			"script_type": "Cuneiform",
			"subgenre": "Sennacherib",
			"supergenre": "LIT"
		},
		"geometry": {
			"type": "Point",
			"coordinates": [43.151937,36.358684]
		}
	}, {
		"type": "Feature",
		"properties": {
			"cdli_id": "P467145",
			"collection": "British Museum, London, UK",
			"credits": "Created by A. Kirk Grayson, Jamie Novotny, and the Royal Inscriptions of the Neo-Assyrian Period (RINAP) Project, 2014. Lemmatized by Jamie Novotny, 2013. The annotated edition is released under the Creative Commons Attribution Share-Alike license 3.0. Please cite this page as http://oracc.org/rinap/Q003935/.",
			"date_of_origin": "704-681",
			"designation": "Sennacherib 130",
			"display_name": "RINAP 3 130",
			"dynastic_seat": "Assyria",
			"exemplars": "BM 089924",
			"genre": "Royal Inscription",
			"id_composite": "Q003935",
			"language": "Akkadian",
			"material": "stone",
			"object_type": "bead",
			"period": "Neo-Assyrian",
			"pleiades_id": "874621",
			"popular_name": "BM 089924",
			"primary_publication": "Sennacherib 130",
			"provenience": "Kuyunjik (Nineveh)",
			"ruler": "Sennacherib",
			"script": "Neo-Assyrian",
			"script_remarks": "inscribed",
			"script_type": "Cuneiform",
			"subgenre": "Sennacherib",
			"supergenre": "LIT"
		},
		"geometry": {
			"type": "Point",
			"coordinates": [43.151937,36.358684]
		}
	}, {
		"type": "Feature",
		"properties": {
			"cdli_id": "P467146",
			"collection": "British Museum, London, UK",
			"credits": "Created by A. Kirk Grayson, Jamie Novotny, and the Royal Inscriptions of the Neo-Assyrian Period (RINAP) Project, 2014. Lemmatized by Jamie Novotny, 2013. The annotated edition is released under the Creative Commons Attribution Share-Alike license 3.0. Please cite this page as http://oracc.org/rinap/Q003936/.",
			"date_of_origin": "704-681",
			"designation": "Sennacherib 131",
			"display_name": "RINAP 3 131",
			"dynastic_seat": "Assyria",
			"exemplars": "1883-01-18, 0655",
			"genre": "Royal Inscription",
			"id_composite": "Q003936",
			"language": "Akkadian",
			"material": "stone",
			"object_type": "bead",
			"period": "Neo-Assyrian",
			"pleiades_id": "874621",
			"popular_name": "1883-01-18, 0655",
			"primary_publication": "Sennacherib 131",
			"provenience": "Kuyunjik (Nineveh)",
			"ruler": "Sennacherib",
			"script": "Neo-Assyrian",
			"script_remarks": "inscribed",
			"script_type": "Cuneiform",
			"subgenre": "Sennacherib",
			"supergenre": "LIT"
		},
		"geometry": {
			"type": "Point",
			"coordinates": [43.151937,36.358684]
		}
	}, {
		"type": "Feature",
		"properties": {
			"cdli_id": "P467147",
			"credits": "Created by A. Kirk Grayson, Jamie Novotny, and the Royal Inscriptions of the Neo-Assyrian Period (RINAP) Project, 2014. Lemmatized by Jamie Novotny, 2013. The annotated edition is released under the Creative Commons Attribution Share-Alike license 3.0. Please cite this page as http://oracc.org/rinap/Q003937/.",
			"date_of_origin": "704-681",
			"designation": "Sennacherib 132",
			"display_name": "RINAP 3 132",
			"dynastic_seat": "Assyria",
			"exemplars": "MacGinnis, Iraq 51 pl. XXI",
			"genre": "Royal Inscription",
			"id_composite": "Q003937",
			"language": "Akkadian",
			"material": "stone",
			"object_type": "horse trough",
			"period": "Neo-Assyrian",
			"pleiades_id": "874621",
			"popular_name": "MacGinnis, Iraq 51 pl. XXI",
			"primary_publication": "Sennacherib 132",
			"provenience": "Kuyunjik (Nineveh)",
			"ruler": "Sennacherib",
			"script": "Neo-Assyrian",
			"script_remarks": "inscribed",
			"script_type": "Cuneiform",
			"subgenre": "Sennacherib",
			"supergenre": "LIT"
		},
		"geometry": {
			"type": "Point",
			"coordinates": [43.151937,36.358684]
		}
	}, {
		"type": "Feature",
		"properties": {
			"cdli_id": "P467148",
			"collection": "British Museum, London, UK",
			"credits": "Created by A. Kirk Grayson, Jamie Novotny, and the Royal Inscriptions of the Neo-Assyrian Period (RINAP) Project, 2014. Lemmatized by Jamie Novotny, 2013. The annotated edition is released under the Creative Commons Attribution Share-Alike license 3.0. Please cite this page as http://oracc.org/rinap/Q003938/.",
			"date_of_origin": "704-681",
			"designation": "Sennacherib 133",
			"display_name": "RINAP 3 133",
			"dynastic_seat": "Assyria",
			"exemplars": "BM 093088 (1882-05-22, 0300a)",
			"genre": "Royal Inscription",
			"id_composite": "Q003938",
			"language": "Akkadian",
			"material": "stone",
			"object_type": "vessel",
			"period": "Neo-Assyrian",
			"pleiades_id": "874621",
			"popular_name": "BM 093088 (gift for Aššur-ilī-muballissu)",
			"primary_publication": "Sennacherib 133",
			"provenience": "Kuyunjik (Nineveh)",
			"ruler": "Sennacherib",
			"script": "Neo-Assyrian",
			"script_remarks": "inscribed",
			"script_type": "Cuneiform",
			"subgenre": "Sennacherib",
			"supergenre": "LIT"
		},
		"geometry": {
			"type": "Point",
			"coordinates": [43.151937,36.358684]
		}
	}, {
		"type": "Feature",
		"properties": {
			"cdli_id": "P467149",
			"collection": "British Museum, London, UK",
			"credits": "Created by A. Kirk Grayson, Jamie Novotny, and the Royal Inscriptions of the Neo-Assyrian Period (RINAP) Project, 2014. Lemmatized by Jamie Novotny, 2013. The annotated edition is released under the Creative Commons Attribution Share-Alike license 3.0. Please cite this page as http://oracc.org/rinap/Q003939/.",
			"date_of_origin": "704-681",
			"designation": "Sennacherib 134",
			"display_name": "RINAP 3 134",
			"dynastic_seat": "Assyria",
			"exemplars": "1880-07-19, 0225",
			"genre": "Royal Inscription",
			"id_composite": "Q003939",
			"language": "Akkadian",
			"material": "stone",
			"object_type": "vessel",
			"period": "Neo-Assyrian",
			"pleiades_id": "874621",
			"popular_name": "BM 1880-07-19, 0225 (gift for Aššur-ilī-muballissu)",
			"primary_publication": "Sennacherib 134",
			"provenience": "Kuyunjik (Nineveh)",
			"ruler": "Sennacherib",
			"script": "Neo-Assyrian",
			"script_remarks": "inscribed",
			"script_type": "Cuneiform",
			"subgenre": "Sennacherib",
			"supergenre": "LIT"
		},
		"geometry": {
			"type": "Point",
			"coordinates": [43.151937,36.358684]
		}
	}, {
		"type": "Feature",
		"properties": {
			"cdli_id": "P467150",
			"collection": "British Museum, London, UK",
			"credits": "Created by A. Kirk Grayson, Jamie Novotny, and the Royal Inscriptions of the Neo-Assyrian Period (RINAP) Project, 2014. Lemmatized by Jamie Novotny, 2013. The annotated edition is released under the Creative Commons Attribution Share-Alike license 3.0. Please cite this page as http://oracc.org/rinap/Q003940/.",
			"date_of_origin": "704-681",
			"designation": "Sennacherib 135",
			"display_name": "RINAP 3 135",
			"dynastic_seat": "Assyria",
			"exemplars": "BM 099178 (Ki 1904-10-09, 0210)",
			"genre": "Royal Inscription",
			"id_composite": "Q003940",
			"language": "Akkadian",
			"material": "clay",
			"object_type": "tablet",
			"period": "Neo-Assyrian",
			"pleiades_id": "874621",
			"popular_name": "BM 099178",
			"primary_publication": "Sennacherib 135",
			"provenience": "Kuyunjik (Nineveh)",
			"ruler": "Sennacherib",
			"script": "Neo-Assyrian",
			"script_remarks": "inscribed",
			"script_type": "Cuneiform",
			"subgenre": "Sennacherib",
			"supergenre": "LIT"
		},
		"geometry": {
			"type": "Point",
			"coordinates": [43.151937,36.358684]
		}
	}, {
		"type": "Feature",
		"properties": {
			"cdli_id": "P467151",
			"collection": "British Museum, London, UK",
			"credits": "Created by A. Kirk Grayson, Jamie Novotny, and the Royal Inscriptions of the Neo-Assyrian Period (RINAP) Project, 2014. Lemmatized by Jamie Novotny, 2013. The annotated edition is released under the Creative Commons Attribution Share-Alike license 3.0. Please cite this page as http://oracc.org/rinap/Q003941/.",
			"date_of_origin": "704-681",
			"designation": "Sennacherib 136",
			"display_name": "RINAP 3 136",
			"dynastic_seat": "Assyria",
			"exemplars": "K 02662",
			"genre": "Royal Inscription",
			"id_composite": "Q003941",
			"language": "Akkadian",
			"material": "clay",
			"object_type": "tablet",
			"period": "Neo-Assyrian",
			"pleiades_id": "874621",
			"popular_name": "K 02662",
			"primary_publication": "Sennacherib 136",
			"provenience": "Kuyunjik (Nineveh)",
			"ruler": "Sennacherib",
			"script": "Neo-Assyrian",
			"script_remarks": "inscribed",
			"script_type": "Cuneiform",
			"subgenre": "Sennacherib",
			"supergenre": "LIT"
		},
		"geometry": {
			"type": "Point",
			"coordinates": [43.151937,36.358684]
		}
	}, {
		"type": "Feature",
		"properties": {
			"cdli_id": "P467152",
			"collection": "British Museum, London, UK",
			"credits": "Created by A. Kirk Grayson, Jamie Novotny, and the Royal Inscriptions of the Neo-Assyrian Period (RINAP) Project, 2014. Lemmatized by Jamie Novotny, 2013. The annotated edition is released under the Creative Commons Attribution Share-Alike license 3.0. Please cite this page as http://oracc.org/rinap/Q003942/.",
			"date_of_origin": "704-681",
			"designation": "Sennacherib 137",
			"display_name": "RINAP 3 137",
			"dynastic_seat": "Assyria",
			"exemplars": "K 11718",
			"genre": "Royal Inscription",
			"id_composite": "Q003942",
			"language": "Akkadian",
			"material": "clay",
			"object_type": "tablet",
			"period": "Neo-Assyrian",
			"pleiades_id": "874621",
			"popular_name": "K 11718",
			"primary_publication": "Sennacherib 137",
			"provenience": "Kuyunjik (Nineveh)",
			"ruler": "Sennacherib",
			"script": "Neo-Assyrian",
			"script_remarks": "inscribed",
			"script_type": "Cuneiform",
			"subgenre": "Sennacherib",
			"supergenre": "LIT"
		},
		"geometry": {
			"type": "Point",
			"coordinates": [43.151937,36.358684]
		}
	}, {
		"type": "Feature",
		"properties": {
			"cdli_id": "P467153",
			"collection": "British Museum, London, UK",
			"credits": "Created by A. Kirk Grayson, Jamie Novotny, and the Royal Inscriptions of the Neo-Assyrian Period (RINAP) Project, 2014. Lemmatized by Jamie Novotny, 2013. The annotated edition is released under the Creative Commons Attribution Share-Alike license 3.0. Please cite this page as http://oracc.org/rinap/Q003943/.",
			"date_of_origin": "704-681",
			"designation": "Sennacherib 138",
			"display_name": "RINAP 3 138",
			"dynastic_seat": "Assyria",
			"exemplars": "K 03752",
			"genre": "Royal Inscription",
			"id_composite": "Q003943",
			"language": "Akkadian",
			"material": "clay",
			"object_type": "tablet",
			"period": "Neo-Assyrian",
			"pleiades_id": "874621",
			"popular_name": "K 03752",
			"primary_publication": "Sennacherib 138",
			"provenience": "Kuyunjik (Nineveh)",
			"ruler": "Sennacherib",
			"script": "Neo-Assyrian",
			"script_remarks": "inscribed",
			"script_type": "Cuneiform",
			"subgenre": "Sennacherib",
			"supergenre": "LIT"
		},
		"geometry": {
			"type": "Point",
			"coordinates": [43.151937,36.358684]
		}
	}, {
		"type": "Feature",
		"properties": {
			"cdli_id": "P467154",
			"collection": "British Museum, London, UK",
			"credits": "Created by A. Kirk Grayson, Jamie Novotny, and the Royal Inscriptions of the Neo-Assyrian Period (RINAP) Project, 2014. Lemmatized by Jamie Novotny, 2013. The annotated edition is released under the Creative Commons Attribution Share-Alike license 3.0. Please cite this page as http://oracc.org/rinap/Q003944/.",
			"date_of_origin": "704-681",
			"designation": "Sennacherib 139",
			"display_name": "RINAP 3 139",
			"dynastic_seat": "Assyria",
			"exemplars": "DT 200",
			"genre": "Royal Inscription",
			"id_composite": "Q003944",
			"language": "Akkadian",
			"material": "clay",
			"object_type": "tablet",
			"period": "Neo-Assyrian",
			"pleiades_id": "874621",
			"popular_name": "DT 200",
			"primary_publication": "Sennacherib 139",
			"provenience": "Kuyunjik (Nineveh)",
			"ruler": "Sennacherib",
			"script": "Neo-Assyrian",
			"script_remarks": "inscribed",
			"script_type": "Cuneiform",
			"subgenre": "Sennacherib",
			"supergenre": "LIT"
		},
		"geometry": {
			"type": "Point",
			"coordinates": [43.151937,36.358684]
		}
	}, {
		"type": "Feature",
		"properties": {
			"cdli_id": "P467155",
			"collection": "British Museum, London, UK",
			"credits": "Created by A. Kirk Grayson, Jamie Novotny, and the Royal Inscriptions of the Neo-Assyrian Period (RINAP) Project, 2014. Lemmatized by Jamie Novotny, 2013. The annotated edition is released under the Creative Commons Attribution Share-Alike license 3.0. Please cite this page as http://oracc.org/rinap/Q003945/.",
			"date_of_origin": "704-681",
			"designation": "Sennacherib 140",
			"display_name": "RINAP 3 140",
			"dynastic_seat": "Assyria",
			"exemplars": "K 02627 + K 02666 + K 02676",
			"genre": "Royal Inscription",
			"id_composite": "Q003945",
			"language": "Akkadian",
			"material": "clay",
			"object_type": "tablet",
			"period": "Neo-Assyrian",
			"pleiades_id": "874621",
			"popular_name": "K 02627 + K 02666 + K 02676",
			"primary_publication": "Sennacherib 140",
			"provenience": "Kuyunjik (Nineveh)",
			"ruler": "Sennacherib",
			"script": "Neo-Assyrian",
			"script_remarks": "inscribed",
			"script_type": "Cuneiform",
			"subgenre": "Sennacherib",
			"supergenre": "LIT"
		},
		"geometry": {
			"type": "Point",
			"coordinates": [43.151937,36.358684]
		}
	}, {
		"type": "Feature",
		"properties": {
			"cdli_id": "P467156",
			"collection": "British Museum, London, UK",
			"credits": "Created by A. Kirk Grayson, Jamie Novotny, and the Royal Inscriptions of the Neo-Assyrian Period (RINAP) Project, 2014. Lemmatized by Jamie Novotny, 2013. The annotated edition is released under the Creative Commons Attribution Share-Alike license 3.0. Please cite this page as http://oracc.org/rinap/Q003946/.",
			"date_of_origin": "704-681",
			"designation": "Sennacherib 141",
			"display_name": "RINAP 3 141",
			"dynastic_seat": "Assyria",
			"exemplars": "DT 320",
			"genre": "Royal Inscription",
			"id_composite": "Q003946",
			"language": "Akkadian",
			"material": "clay",
			"object_type": "tablet",
			"period": "Neo-Assyrian",
			"pleiades_id": "874621",
			"popular_name": "DT 320",
			"primary_publication": "Sennacherib 141",
			"provenience": "Kuyunjik (Nineveh)",
			"ruler": "Sennacherib",
			"script": "Neo-Assyrian",
			"script_remarks": "inscribed",
			"script_type": "Cuneiform",
			"subgenre": "Sennacherib",
			"supergenre": "LIT"
		},
		"geometry": {
			"type": "Point",
			"coordinates": [43.151937,36.358684]
		}
	}, {
		"type": "Feature",
		"properties": {
			"cdli_id": "P467157",
			"collection": "British Museum, London, UK",
			"credits": "Created by A. Kirk Grayson, Jamie Novotny, and the Royal Inscriptions of the Neo-Assyrian Period (RINAP) Project, 2014. Lemmatized by Jamie Novotny, 2013. The annotated edition is released under the Creative Commons Attribution Share-Alike license 3.0. Please cite this page as http://oracc.org/rinap/Q003947/.",
			"date_of_origin": "704-681",
			"designation": "Sennacherib 142",
			"display_name": "RINAP 3 142",
			"dynastic_seat": "Assyria",
			"exemplars": "BM 134496 + BM 134600 (1932-12-12, 0491 (TM 1931-2, 13) + 1932-12-12, 0595)",
			"genre": "Royal Inscription",
			"id_composite": "Q003947",
			"language": "Akkadian",
			"material": "clay",
			"object_type": "tablet",
			"period": "Neo-Assyrian",
			"pleiades_id": "874621",
			"popular_name": "BM 134496 + BM 134600",
			"primary_publication": "Sennacherib 142",
			"provenience": "Kuyunjik (Nineveh)",
			"ruler": "Sennacherib",
			"script": "Neo-Assyrian",
			"script_remarks": "inscribed",
			"script_type": "Cuneiform",
			"subgenre": "Sennacherib",
			"supergenre": "LIT"
		},
		"geometry": {
			"type": "Point",
			"coordinates": [43.151937,36.358684]
		}
	}, {
		"type": "Feature",
		"properties": {
			"cdli_id": "P467158",
			"collection": "British Museum, London, UK",
			"credits": "Created by A. Kirk Grayson, Jamie Novotny, and the Royal Inscriptions of the Neo-Assyrian Period (RINAP) Project, 2014. Lemmatized by Jamie Novotny, 2013. The annotated edition is released under the Creative Commons Attribution Share-Alike license 3.0. Please cite this page as http://oracc.org/rinap/Q003948/.",
			"date_of_origin": "704-681",
			"designation": "Sennacherib 143",
			"display_name": "RINAP 3 143",
			"dynastic_seat": "Assyria",
			"exemplars": "K 04507",
			"genre": "Royal Inscription",
			"id_composite": "Q003948",
			"language": "Akkadian",
			"material": "clay",
			"object_type": "tablet",
			"period": "Neo-Assyrian",
			"pleiades_id": "874621",
			"popular_name": "K 04507",
			"primary_publication": "Sennacherib 143",
			"provenience": "Kuyunjik (Nineveh)",
			"ruler": "Sennacherib",
			"script": "Neo-Assyrian",
			"script_remarks": "inscribed",
			"script_type": "Cuneiform",
			"subgenre": "Sennacherib",
			"supergenre": "LIT"
		},
		"geometry": {
			"type": "Point",
			"coordinates": [43.151937,36.358684]
		}
	}, {
		"type": "Feature",
		"properties": {
			"cdli_id": "P467159",
			"collection": "British Museum, London, UK",
			"credits": "Created by A. Kirk Grayson, Jamie Novotny, and the Royal Inscriptions of the Neo-Assyrian Period (RINAP) Project, 2014. Lemmatized by Jamie Novotny, 2013. The annotated edition is released under the Creative Commons Attribution Share-Alike license 3.0. Please cite this page as http://oracc.org/rinap/Q003949/.",
			"date_of_origin": "704-681",
			"designation": "Sennacherib 144",
			"display_name": "RINAP 3 144",
			"dynastic_seat": "Assyria",
			"exemplars": "Bu 1889-04-26, 0150",
			"genre": "Royal Inscription",
			"id_composite": "Q003949",
			"language": "Akkadian",
			"material": "clay",
			"object_type": "tablet",
			"period": "Neo-Assyrian",
			"pleiades_id": "874621",
			"popular_name": "Bu 1889-04-26, 0150",
			"primary_publication": "Sennacherib 144",
			"provenience": "Kuyunjik (Nineveh)",
			"ruler": "Sennacherib",
			"script": "Neo-Assyrian",
			"script_remarks": "inscribed",
			"script_type": "Cuneiform",
			"subgenre": "Sennacherib",
			"supergenre": "LIT"
		},
		"geometry": {
			"type": "Point",
			"coordinates": [43.151937,36.358684]
		}
	}, {
		"type": "Feature",
		"properties": {
			"cdli_id": "P467160",
			"collection": "British Museum, London, UK",
			"credits": "Created by A. Kirk Grayson, Jamie Novotny, and the Royal Inscriptions of the Neo-Assyrian Period (RINAP) Project, 2014. Lemmatized by Jamie Novotny, 2013. The annotated edition is released under the Creative Commons Attribution Share-Alike license 3.0. Please cite this page as http://oracc.org/rinap/Q003950/.",
			"date_of_origin": "704-681",
			"designation": "Sennacherib 145",
			"display_name": "RINAP 3 145",
			"dynastic_seat": "Assyria",
			"exemplars": "K 02655 + K 02800 + Sm 0318",
			"genre": "Royal Inscription",
			"id_composite": "Q003950",
			"language": "Akkadian",
			"material": "clay",
			"object_type": "tablet",
			"period": "Neo-Assyrian",
			"pleiades_id": "874621",
			"popular_name": "K 02655 + K 02800 + Sm 0318",
			"primary_publication": "Sennacherib 145",
			"provenience": "Kuyunjik (Nineveh)",
			"ruler": "Sennacherib",
			"script": "Neo-Assyrian",
			"script_remarks": "inscribed",
			"script_type": "Cuneiform",
			"subgenre": "Sennacherib",
			"supergenre": "LIT"
		},
		"geometry": {
			"type": "Point",
			"coordinates": [43.151937,36.358684]
		}
	}, {
		"type": "Feature",
		"properties": {
			"cdli_id": "P467161",
			"collection": "British Museum, London, UK",
			"credits": "Created by A. Kirk Grayson, Jamie Novotny, and the Royal Inscriptions of the Neo-Assyrian Period (RINAP) Project, 2014. Lemmatized by Jamie Novotny, 2013. The annotated edition is released under the Creative Commons Attribution Share-Alike license 3.0. Please cite this page as http://oracc.org/rinap/Q003951/.",
			"date_of_origin": "704-681",
			"designation": "Sennacherib 146",
			"display_name": "RINAP 3 146",
			"dynastic_seat": "Assyria",
			"exemplars": "K 02622",
			"genre": "Royal Inscription",
			"id_composite": "Q003951",
			"language": "Akkadian",
			"material": "clay",
			"object_type": "tablet",
			"period": "Neo-Assyrian",
			"pleiades_id": "874621",
			"popular_name": "K 02622",
			"primary_publication": "Sennacherib 146",
			"provenience": "Kuyunjik (Nineveh)",
			"ruler": "Sennacherib",
			"script": "Neo-Assyrian",
			"script_remarks": "inscribed",
			"script_type": "Cuneiform",
			"subgenre": "Sennacherib",
			"supergenre": "LIT"
		},
		"geometry": {
			"type": "Point",
			"coordinates": [43.151937,36.358684]
		}
	}, {
		"type": "Feature",
		"properties": {
			"cdli_id": "P467162",
			"collection": "British Museum, London, UK",
			"credits": "Created by A. Kirk Grayson, Jamie Novotny, and the Royal Inscriptions of the Neo-Assyrian Period (RINAP) Project, 2014. Lemmatized by Jamie Novotny, 2013. The annotated edition is released under the Creative Commons Attribution Share-Alike license 3.0. Please cite this page as http://oracc.org/rinap/Q003952/.",
			"date_of_origin": "704-681",
			"designation": "Sennacherib 147",
			"display_name": "RINAP 3 147",
			"dynastic_seat": "Assyria",
			"exemplars": "DT 236",
			"genre": "Royal Inscription",
			"id_composite": "Q003952",
			"language": "Akkadian",
			"material": "clay",
			"object_type": "tablet",
			"period": "Neo-Assyrian",
			"pleiades_id": "874621",
			"popular_name": "DT 236",
			"primary_publication": "Sennacherib 147",
			"provenience": "Kuyunjik (Nineveh)",
			"ruler": "Sennacherib",
			"script": "Neo-Assyrian",
			"script_remarks": "inscribed",
			"script_type": "Cuneiform",
			"subgenre": "Sennacherib",
			"supergenre": "LIT"
		},
		"geometry": {
			"type": "Point",
			"coordinates": [43.151937,36.358684]
		}
	}, {
		"type": "Feature",
		"properties": {
			"cdli_id": "P467163",
			"collection": "British Museum, London, UK",
			"credits": "Created by A. Kirk Grayson, Jamie Novotny, and the Royal Inscriptions of the Neo-Assyrian Period (RINAP) Project, 2014. Lemmatized by Jamie Novotny, 2013. The annotated edition is released under the Creative Commons Attribution Share-Alike license 3.0. Please cite this page as http://oracc.org/rinap/Q003953/.",
			"date_of_origin": "704-681",
			"designation": "Sennacherib 148",
			"display_name": "RINAP 3 148",
			"dynastic_seat": "Assyria",
			"exemplars": "K 04484",
			"genre": "Royal Inscription",
			"id_composite": "Q003953",
			"language": "Akkadian",
			"material": "clay",
			"object_type": "tablet",
			"period": "Neo-Assyrian",
			"pleiades_id": "874621",
			"popular_name": "K 04484",
			"primary_publication": "Sennacherib 148",
			"provenience": "Kuyunjik (Nineveh)",
			"ruler": "Sennacherib",
			"script": "Neo-Assyrian",
			"script_remarks": "inscribed",
			"script_type": "Cuneiform",
			"subgenre": "Sennacherib",
			"supergenre": "LIT"
		},
		"geometry": {
			"type": "Point",
			"coordinates": [43.151937,36.358684]
		}
	}, {
		"type": "Feature",
		"properties": {
			"cdli_id": "P467164",
			"collection": "British Museum, London, UK",
			"credits": "Created by A. Kirk Grayson, Jamie Novotny, and the Royal Inscriptions of the Neo-Assyrian Period (RINAP) Project, 2014. Lemmatized by Jamie Novotny, 2013. The annotated edition is released under the Creative Commons Attribution Share-Alike license 3.0. Please cite this page as http://oracc.org/rinap/Q003954/.",
			"date_of_origin": "704-681",
			"designation": "Sennacherib 149",
			"display_name": "RINAP 3 149",
			"dynastic_seat": "Assyria",
			"exemplars": "K 01280",
			"genre": "Royal Inscription",
			"id_composite": "Q003954",
			"language": "Akkadian",
			"material": "clay",
			"object_type": "tablet",
			"period": "Neo-Assyrian",
			"pleiades_id": "874621",
			"popular_name": "K 01280",
			"primary_publication": "Sennacherib 149",
			"provenience": "Kuyunjik (Nineveh)",
			"ruler": "Sennacherib",
			"script": "Neo-Assyrian",
			"script_remarks": "inscribed",
			"script_type": "Cuneiform",
			"subgenre": "Sennacherib",
			"supergenre": "LIT"
		},
		"geometry": {
			"type": "Point",
			"coordinates": [43.151937,36.358684]
		}
	}, {
		"type": "Feature",
		"properties": {
			"cdli_id": "P467165",
			"collection": "British Museum, London, UK",
			"credits": "Created by A. Kirk Grayson, Jamie Novotny, and the Royal Inscriptions of the Neo-Assyrian Period (RINAP) Project, 2014. Lemmatized by Jamie Novotny, 2013. The annotated edition is released under the Creative Commons Attribution Share-Alike license 3.0. Please cite this page as http://oracc.org/rinap/Q003955/.",
			"date_of_origin": "704-681",
			"designation": "Sennacherib 150",
			"display_name": "RINAP 3 150",
			"dynastic_seat": "Assyria",
			"exemplars": "K 06109",
			"genre": "Royal Inscription",
			"id_composite": "Q003955",
			"language": "Akkadian",
			"material": "clay",
			"object_type": "tablet",
			"period": "Neo-Assyrian",
			"pleiades_id": "874621",
			"popular_name": "K 06109",
			"primary_publication": "Sennacherib 150",
			"provenience": "Kuyunjik (Nineveh)",
			"ruler": "Sennacherib",
			"script": "Neo-Assyrian",
			"script_remarks": "inscribed",
			"script_type": "Cuneiform",
			"subgenre": "Sennacherib",
			"supergenre": "LIT"
		},
		"geometry": {
			"type": "Point",
			"coordinates": [43.151937,36.358684]
		}
	}, {
		"type": "Feature",
		"properties": {
			"cdli_id": "P467166",
			"collection": "British Museum, London, UK",
			"credits": "Created by A. Kirk Grayson, Jamie Novotny, and the Royal Inscriptions of the Neo-Assyrian Period (RINAP) Project, 2014. Lemmatized by Jamie Novotny, 2013. The annotated edition is released under the Creative Commons Attribution Share-Alike license 3.0. Please cite this page as http://oracc.org/rinap/Q003956/.",
			"date_of_origin": "704-681",
			"designation": "Sennacherib 151",
			"display_name": "RINAP 3 151",
			"dynastic_seat": "Assyria",
			"exemplars": "K 04492",
			"genre": "Royal Inscription",
			"id_composite": "Q003956",
			"language": "Akkadian",
			"material": "clay",
			"object_type": "tablet",
			"period": "Neo-Assyrian",
			"pleiades_id": "874621",
			"popular_name": "K 04492",
			"primary_publication": "Sennacherib 151",
			"provenience": "Kuyunjik (Nineveh)",
			"ruler": "Sennacherib",
			"script": "Neo-Assyrian",
			"script_remarks": "inscribed",
			"script_type": "Cuneiform",
			"subgenre": "Sennacherib",
			"supergenre": "LIT"
		},
		"geometry": {
			"type": "Point",
			"coordinates": [43.151937,36.358684]
		}
	}, {
		"type": "Feature",
		"properties": {
			"cdli_id": "P467167",
			"collection": "British Museum, London, UK",
			"credits": "Created by A. Kirk Grayson, Jamie Novotny, and the Royal Inscriptions of the Neo-Assyrian Period (RINAP) Project, 2014. Lemmatized by Jamie Novotny, 2013. The annotated edition is released under the Creative Commons Attribution Share-Alike license 3.0. Please cite this page as http://oracc.org/rinap/Q003957/.",
			"date_of_origin": "704-681",
			"designation": "Sennacherib 152",
			"display_name": "RINAP 3 152",
			"dynastic_seat": "Assyria",
			"exemplars": "K 07981",
			"genre": "Royal Inscription",
			"id_composite": "Q003957",
			"language": "Akkadian",
			"material": "clay",
			"object_type": "tablet",
			"period": "Neo-Assyrian",
			"pleiades_id": "874621",
			"popular_name": "K 07981",
			"primary_publication": "Sennacherib 152",
			"provenience": "Kuyunjik (Nineveh)",
			"ruler": "Sennacherib",
			"script": "Neo-Assyrian",
			"script_remarks": "inscribed",
			"script_type": "Cuneiform",
			"subgenre": "Sennacherib",
			"supergenre": "LIT"
		},
		"geometry": {
			"type": "Point",
			"coordinates": [43.151937,36.358684]
		}
	}, {
		"type": "Feature",
		"properties": {
			"cdli_id": "P467168",
			"collection": "British Museum, London, UK",
			"credits": "Created by A. Kirk Grayson, Jamie Novotny, and the Royal Inscriptions of the Neo-Assyrian Period (RINAP) Project, 2014. Lemmatized by Jamie Novotny, 2013. The annotated edition is released under the Creative Commons Attribution Share-Alike license 3.0. Please cite this page as http://oracc.org/rinap/Q003958/.",
			"date_of_origin": "704-681",
			"designation": "Sennacherib 153",
			"display_name": "RINAP 3 153",
			"dynastic_seat": "Assyria",
			"exemplars": "K 00100",
			"genre": "Royal Inscription",
			"id_composite": "Q003958",
			"language": "Akkadian",
			"material": "clay",
			"object_type": "tablet",
			"period": "Neo-Assyrian",
			"pleiades_id": "874621",
			"popular_name": "K 00100",
			"primary_publication": "Sennacherib 153",
			"provenience": "Kuyunjik (Nineveh)",
			"ruler": "Sennacherib",
			"script": "Neo-Assyrian",
			"script_remarks": "inscribed",
			"script_type": "Cuneiform",
			"subgenre": "Sennacherib",
			"supergenre": "LIT"
		},
		"geometry": {
			"type": "Point",
			"coordinates": [43.151937,36.358684]
		}
	}, {
		"type": "Feature",
		"properties": {
			"cdli_id": "P467169",
			"collection": "British Museum, London, UK",
			"credits": "Created by A. Kirk Grayson, Jamie Novotny, and the Royal Inscriptions of the Neo-Assyrian Period (RINAP) Project, 2014. Lemmatized by Jamie Novotny, 2013. The annotated edition is released under the Creative Commons Attribution Share-Alike license 3.0. Please cite this page as http://oracc.org/rinap/Q003959/.",
			"date_of_origin": "704-681",
			"designation": "Sennacherib 154",
			"display_name": "RINAP 3 154",
			"dynastic_seat": "Assyria",
			"exemplars": "Rm 0403",
			"genre": "Royal Inscription",
			"id_composite": "Q003959",
			"language": "Akkadian",
			"material": "clay",
			"object_type": "tablet",
			"period": "Neo-Assyrian",
			"pleiades_id": "874621",
			"popular_name": "Rm 0403",
			"primary_publication": "Sennacherib 154",
			"provenience": "Kuyunjik (Nineveh)",
			"ruler": "Sennacherib",
			"script": "Neo-Assyrian",
			"script_remarks": "inscribed",
			"script_type": "Cuneiform",
			"subgenre": "Sennacherib",
			"supergenre": "LIT"
		},
		"geometry": {
			"type": "Point",
			"coordinates": [43.151937,36.358684]
		}
	}, {
		"type": "Feature",
		"properties": {
			"cdli_id": "P467170",
			"collection": "British Museum, London, UK",
			"credits": "Created by A. Kirk Grayson, Jamie Novotny, and the Royal Inscriptions of the Neo-Assyrian Period (RINAP) Project, 2014. Lemmatized by Jamie Novotny, 2013. The annotated edition is released under the Creative Commons Attribution Share-Alike license 3.0. Please cite this page as http://oracc.org/rinap/Q003960/.",
			"date_of_origin": "704-681",
			"designation": "Sennacherib 155",
			"display_name": "RINAP 3 155",
			"dynastic_seat": "Assyria",
			"exemplars": "DT 166",
			"genre": "Royal Inscription",
			"id_composite": "Q003960",
			"language": "Akkadian",
			"material": "clay",
			"object_type": "tablet",
			"period": "Neo-Assyrian",
			"pleiades_id": "874621",
			"popular_name": "DT 166",
			"primary_publication": "Sennacherib 155",
			"provenience": "Kuyunjik (Nineveh)",
			"ruler": "Sennacherib",
			"script": "Neo-Assyrian",
			"script_remarks": "inscribed",
			"script_type": "Cuneiform",
			"subgenre": "Sennacherib",
			"supergenre": "LIT"
		},
		"geometry": {
			"type": "Point",
			"coordinates": [43.151937,36.358684]
		}
	}, {
		"type": "Feature",
		"properties": {
			"cdli_id": "P467171",
			"collection": "British Museum, London, UK",
			"credits": "Created by A. Kirk Grayson, Jamie Novotny, and the Royal Inscriptions of the Neo-Assyrian Period (RINAP) Project, 2014. Lemmatized by Jamie Novotny, 2013. The annotated edition is released under the Creative Commons Attribution Share-Alike license 3.0. Please cite this page as http://oracc.org/rinap/Q003961/.",
			"date_of_origin": "704-681",
			"designation": "Sennacherib 156",
			"display_name": "RINAP 3 156",
			"dynastic_seat": "Assyria",
			"exemplars": "K 02673",
			"genre": "Royal Inscription",
			"id_composite": "Q003961",
			"language": "Akkadian",
			"material": "clay",
			"object_type": "tablet",
			"period": "Neo-Assyrian",
			"pleiades_id": "874621",
			"popular_name": "K 02673",
			"primary_publication": "Sennacherib 156",
			"provenience": "Kuyunjik (Nineveh)",
			"ruler": "Sennacherib",
			"script": "Neo-Assyrian",
			"script_remarks": "inscribed",
			"script_type": "Cuneiform",
			"subgenre": "Sennacherib",
			"supergenre": "LIT"
		},
		"geometry": {
			"type": "Point",
			"coordinates": [43.151937,36.358684]
		}
	}, {
		"type": "Feature",
		"properties": {
			"cdli_id": "P467172",
			"collection": "British Museum, London, UK",
			"credits": "Created by A. Kirk Grayson, Jamie Novotny, and the Royal Inscriptions of the Neo-Assyrian Period (RINAP) Project, 2014. Lemmatized by Jamie Novotny, 2013. The annotated edition is released under the Creative Commons Attribution Share-Alike license 3.0. Please cite this page as http://oracc.org/rinap/Q003962/.",
			"date_of_origin": "704-681",
			"designation": "Sennacherib 157",
			"display_name": "RINAP 3 157",
			"dynastic_seat": "Assyria",
			"exemplars": "Sm 1893",
			"genre": "Royal Inscription",
			"id_composite": "Q003962",
			"language": "Akkadian",
			"material": "clay",
			"object_type": "tablet",
			"period": "Neo-Assyrian",
			"pleiades_id": "874621",
			"popular_name": "Sm 1893",
			"primary_publication": "Sennacherib 157",
			"provenience": "Kuyunjik (Nineveh)",
			"ruler": "Sennacherib",
			"script": "Neo-Assyrian",
			"script_remarks": "inscribed",
			"script_type": "Cuneiform",
			"subgenre": "Sennacherib",
			"supergenre": "LIT"
		},
		"geometry": {
			"type": "Point",
			"coordinates": [43.151937,36.358684]
		}
	}, {
		"type": "Feature",
		"properties": {
			"cdli_id": "P467173",
			"collection": "British Museum, London, UK",
			"credits": "Created by A. Kirk Grayson, Jamie Novotny, and the Royal Inscriptions of the Neo-Assyrian Period (RINAP) Project, 2014. Lemmatized by Jamie Novotny, 2013. The annotated edition is released under the Creative Commons Attribution Share-Alike license 3.0. Please cite this page as http://oracc.org/rinap/Q003963/.",
			"date_of_origin": "704-681",
			"designation": "Sennacherib 158",
			"display_name": "RINAP 3 158",
			"dynastic_seat": "Assyria",
			"exemplars": "K 06177 + K 08869",
			"genre": "Royal Inscription",
			"id_composite": "Q003963",
			"language": "Akkadian",
			"material": "clay",
			"object_type": "tablet",
			"period": "Neo-Assyrian",
			"pleiades_id": "874621",
			"popular_name": "K 06177 + K 08869",
			"primary_publication": "Sennacherib 158",
			"provenience": "Kuyunjik (Nineveh)",
			"ruler": "Sennacherib",
			"script": "Neo-Assyrian",
			"script_remarks": "inscribed",
			"script_type": "Cuneiform",
			"subgenre": "Sennacherib",
			"supergenre": "LIT"
		},
		"geometry": {
			"type": "Point",
			"coordinates": [43.151937,36.358684]
		}
	}, {
		"type": "Feature",
		"properties": {
			"cdli_id": "P467174",
			"collection": "British Museum, London, UK",
			"credits": "Created by A. Kirk Grayson, Jamie Novotny, and the Royal Inscriptions of the Neo-Assyrian Period (RINAP) Project, 2014. Lemmatized by Jamie Novotny, 2013. The annotated edition is released under the Creative Commons Attribution Share-Alike license 3.0. Please cite this page as http://oracc.org/rinap/Q003964/.",
			"date_of_origin": "704-681",
			"designation": "Sennacherib 159",
			"display_name": "RINAP 3 159",
			"dynastic_seat": "Assyria",
			"exemplars": "K 05413a",
			"genre": "Royal Inscription",
			"id_composite": "Q003964",
			"language": "Akkadian",
			"material": "clay",
			"object_type": "tablet",
			"period": "Neo-Assyrian",
			"pleiades_id": "874621",
			"popular_name": "K 05413a",
			"primary_publication": "Sennacherib 159",
			"provenience": "Kuyunjik (Nineveh)",
			"ruler": "Sennacherib",
			"script": "Neo-Assyrian",
			"script_remarks": "inscribed",
			"script_type": "Cuneiform",
			"subgenre": "Sennacherib",
			"supergenre": "LIT"
		},
		"geometry": {
			"type": "Point",
			"coordinates": [43.151937,36.358684]
		}
	}, {
		"type": "Feature",
		"properties": {
			"cdli_id": "P467175",
			"collection": "British Museum, London, UK",
			"credits": "Created by A. Kirk Grayson, Jamie Novotny, and the Royal Inscriptions of the Neo-Assyrian Period (RINAP) Project, 2014. Lemmatized by Jamie Novotny, 2013. The annotated edition is released under the Creative Commons Attribution Share-Alike license 3.0. Please cite this page as http://oracc.org/rinap/Q003965/.",
			"date_of_origin": "704-681",
			"designation": "Sennacherib 160",
			"display_name": "RINAP 3 160",
			"dynastic_seat": "Assyria",
			"exemplars": "K 01356",
			"genre": "Royal Inscription",
			"id_composite": "Q003965",
			"language": "Akkadian",
			"material": "clay",
			"object_type": "tablet",
			"period": "Neo-Assyrian",
			"pleiades_id": "874621",
			"popular_name": "K 01356",
			"primary_publication": "Sennacherib 160",
			"provenience": "Kuyunjik (Nineveh)",
			"ruler": "Sennacherib",
			"script": "Neo-Assyrian",
			"script_remarks": "inscribed",
			"script_type": "Cuneiform",
			"subgenre": "Sennacherib",
			"supergenre": "LIT"
		},
		"geometry": {
			"type": "Point",
			"coordinates": [43.151937,36.358684]
		}
	}, {
		"type": "Feature",
		"properties": {
			"cdli_id": "P467176",
			"collection": "British Museum, London, UK",
			"credits": "Created by A. Kirk Grayson, Jamie Novotny, and the Royal Inscriptions of the Neo-Assyrian Period (RINAP) Project, 2014. Lemmatized by Jamie Novotny, 2013. The annotated edition is released under the Creative Commons Attribution Share-Alike license 3.0. Please cite this page as http://oracc.org/rinap/Q003966/.",
			"date_of_origin": "704-681",
			"designation": "Sennacherib 161",
			"display_name": "RINAP 3 161",
			"dynastic_seat": "Assyria",
			"exemplars": "K 08664",
			"genre": "Royal Inscription",
			"id_composite": "Q003966",
			"language": "Akkadian",
			"material": "clay",
			"object_type": "tablet",
			"period": "Neo-Assyrian",
			"pleiades_id": "874621",
			"popular_name": "K 08664",
			"primary_publication": "Sennacherib 161",
			"provenience": "Kuyunjik (Nineveh)",
			"ruler": "Sennacherib",
			"script": "Neo-Assyrian",
			"script_remarks": "inscribed",
			"script_type": "Cuneiform",
			"subgenre": "Sennacherib",
			"supergenre": "LIT"
		},
		"geometry": {
			"type": "Point",
			"coordinates": [43.151937,36.358684]
		}
	}, {
		"type": "Feature",
		"properties": {
			"cdli_id": "P467177",
			"collection": "British Museum, London, UK",
			"credits": "Created by A. Kirk Grayson, Jamie Novotny, and the Royal Inscriptions of the Neo-Assyrian Period (RINAP) Project, 2014. Lemmatized by Jamie Novotny, 2013. The annotated edition is released under the Creative Commons Attribution Share-Alike license 3.0. Please cite this page as http://oracc.org/rinap/Q003967/.",
			"date_of_origin": "704-681",
			"designation": "Sennacherib 162",
			"display_name": "RINAP 3 162",
			"dynastic_seat": "Assyria",
			"exemplars": "K 02411",
			"genre": "Royal Inscription",
			"id_composite": "Q003967",
			"language": "Akkadian",
			"material": "clay",
			"object_type": "tablet",
			"period": "Neo-Assyrian",
			"pleiades_id": "874621",
			"popular_name": "K 02411",
			"primary_publication": "Sennacherib 162",
			"provenience": "Kuyunjik (Nineveh)",
			"ruler": "Sennacherib",
			"script": "Neo-Assyrian",
			"script_remarks": "inscribed",
			"script_type": "Cuneiform",
			"subgenre": "Sennacherib",
			"supergenre": "LIT"
		},
		"geometry": {
			"type": "Point",
			"coordinates": [43.151937,36.358684]
		}
	}, {
		"type": "Feature",
		"properties": {
			"cdli_id": "P467178",
			"collection": "British Museum, London, UK",
			"credits": "Created by A. Kirk Grayson, Jamie Novotny, and the Royal Inscriptions of the Neo-Assyrian Period (RINAP) Project, 2014. Lemmatized by Jamie Novotny, 2013. The annotated edition is released under the Creative Commons Attribution Share-Alike license 3.0. Please cite this page as http://oracc.org/rinap/Q003968/.",
			"date_of_origin": "704-681",
			"designation": "Sennacherib 163",
			"display_name": "RINAP 3 163",
			"dynastic_seat": "Assyria",
			"exemplars": "K 04732 + Sm 1081",
			"genre": "Royal Inscription",
			"id_composite": "Q003968",
			"language": "Akkadian",
			"material": "clay",
			"object_type": "tablet",
			"period": "Neo-Assyrian",
			"pleiades_id": "874621",
			"popular_name": "K 04732 + Sm 1081",
			"primary_publication": "Sennacherib 163",
			"provenience": "Kuyunjik (Nineveh)",
			"ruler": "Sennacherib",
			"script": "Neo-Assyrian",
			"script_remarks": "inscribed",
			"script_type": "Cuneiform",
			"subgenre": "Sennacherib",
			"supergenre": "LIT"
		},
		"geometry": {
			"type": "Point",
			"coordinates": [43.151937,36.358684]
		}
	}, {
		"type": "Feature",
		"properties": {
			"cdli_id": "P467179",
			"collection": "Vorderasiatisches Museum, Berlin, Germany",
			"credits": "Created by A. Kirk Grayson, Jamie Novotny, and the Royal Inscriptions of the Neo-Assyrian Period (RINAP) Project, 2014. Lemmatized by Jamie Novotny, 2013. The annotated edition is released under the Creative Commons Attribution Share-Alike license 3.0. Please cite this page as http://oracc.org/rinap/Q003969/.",
			"date_of_origin": "704-681",
			"designation": "Sennacherib 164",
			"display_name": "RINAP 3 164",
			"dynastic_seat": "Assyria",
			"exemplars": "VA 05634 (Ass 01794)",
			"genre": "Royal Inscription",
			"id_composite": "Q003969",
			"language": "Akkadian",
			"material": "clay",
			"object_type": "prism",
			"period": "Neo-Assyrian",
			"pleiades_id": "893945",
			"popular_name": "VA 05634",
			"primary_publication": "Sennacherib 164",
			"provenience": "Qalat Sherqat (Assur)",
			"ruler": "Sennacherib",
			"script": "Neo-Assyrian",
			"script_remarks": "inscribed",
			"script_type": "Cuneiform",
			"subgenre": "Sennacherib",
			"supergenre": "LIT"
		},
		"geometry": {
			"type": "Point",
			"coordinates": [43.262037,35.458121]
		}
	}, {
		"type": "Feature",
		"properties": {
			"cdli_id": "P467180",
			"collection": "Vorderasiatisches Museum, Berlin, Germany; Arkeoloji Müzerleri, Istanbul, Turkey",
			"credits": "Created by A. Kirk Grayson, Jamie Novotny, and the Royal Inscriptions of the Neo-Assyrian Period (RINAP) Project, 2014. Lemmatized by Jamie Novotny, 2013. The annotated edition is released under the Creative Commons Attribution Share-Alike license 3.0. Please cite this page as http://oracc.org/rinap/Q003970/.",
			"date_of_origin": "704-681",
			"designation": "Sennacherib 165",
			"display_name": "RINAP 3 165",
			"dynastic_seat": "Assyria",
			"exemplars": "VA 05061 + VA 05632a + VA 05632b + VA 07512 (+)? Ist A 00061 (Ass 16516 + Ass 16548 + Ass 01548a+b + Ass 01567 + Ass 01576 (+)? Ass 16517)",
			"genre": "Royal Inscription",
			"id_composite": "Q003970",
			"language": "Akkadian",
			"material": "clay",
			"object_type": "prism",
			"period": "Neo-Assyrian",
			"pleiades_id": "893945",
			"popular_name": "VA 5061+",
			"primary_publication": "Sennacherib 165",
			"provenience": "Qalat Sherqat (Assur)",
			"ruler": "Sennacherib",
			"script": "Neo-Assyrian",
			"script_remarks": "inscribed",
			"script_type": "Cuneiform",
			"subgenre": "Sennacherib",
			"supergenre": "LIT"
		},
		"geometry": {
			"type": "Point",
			"coordinates": [43.262037,35.458121]
		}
	}, {
		"type": "Feature",
		"properties": {
			"cdli_id": "P467181",
			"collection": "Vorderasiatisches Museum, Berlin, Germany",
			"credits": "Created by A. Kirk Grayson, Jamie Novotny, and the Royal Inscriptions of the Neo-Assyrian Period (RINAP) Project, 2014. Lemmatized by Jamie Novotny, 2013. The annotated edition is released under the Creative Commons Attribution Share-Alike license 3.0. Please cite this page as http://oracc.org/rinap/Q003971/.",
			"date_of_origin": "704-681",
			"designation": "Sennacherib 166",
			"display_name": "RINAP 3 166",
			"dynastic_seat": "Assyria",
			"exemplars": "VA 08254; Ass 17399 + Ass 18334 (+)? Ass 18617",
			"genre": "Royal Inscription",
			"id_composite": "Q003971",
			"language": "Akkadian",
			"material": "stone",
			"object_type": "prismatic cylinder",
			"period": "Neo-Assyrian",
			"pleiades_id": "893945",
			"popular_name": "Aššur Temple Inscription",
			"primary_publication": "Sennacherib 166",
			"provenience": "Qalat Sherqat (Assur)",
			"ruler": "Sennacherib",
			"script": "Neo-Assyrian",
			"script_remarks": "inscribed",
			"script_type": "Cuneiform",
			"subgenre": "Sennacherib",
			"supergenre": "LIT"
		},
		"geometry": {
			"type": "Point",
			"coordinates": [43.262037,35.458121]
		}
	}, {
		"type": "Feature",
		"properties": {
			"cdli_id": "P467182",
			"collection": "Arkeoloji Müzerleri, Istanbul, Turkey",
			"credits": "Created by A. Kirk Grayson, Jamie Novotny, and the Royal Inscriptions of the Neo-Assyrian Period (RINAP) Project, 2014. Lemmatized by Jamie Novotny, 2013. The annotated edition is released under the Creative Commons Attribution Share-Alike license 3.0. Please cite this page as http://oracc.org/rinap/Q003972/.",
			"date_of_origin": "704-681",
			"designation": "Sennacherib 167",
			"display_name": "RINAP 3 167",
			"dynastic_seat": "Assyria",
			"exemplars": "Ist EŞEM 07847 (Ass 16475a-e)",
			"genre": "Royal Inscription",
			"id_composite": "Q003972",
			"language": "Akkadian",
			"material": "stone",
			"object_type": "stele",
			"period": "Neo-Assyrian",
			"pleiades_id": "893945",
			"popular_name": "EŞ 07847",
			"primary_publication": "Sennacherib 167",
			"provenience": "Qalat Sherqat (Assur)",
			"ruler": "Sennacherib",
			"script": "Neo-Assyrian",
			"script_remarks": "inscribed",
			"script_type": "Cuneiform",
			"subgenre": "Sennacherib",
			"supergenre": "LIT"
		},
		"geometry": {
			"type": "Point",
			"coordinates": [43.262037,35.458121]
		}
	}, {
		"type": "Feature",
		"properties": {
			"cdli_id": "P467183",
			"collection": "Vorderasiatisches Museum, Berlin, Germany",
			"credits": "Created by A. Kirk Grayson, Jamie Novotny, and the Royal Inscriptions of the Neo-Assyrian Period (RINAP) Project, 2014. Lemmatized by Jamie Novotny, 2013. The annotated edition is released under the Creative Commons Attribution Share-Alike license 3.0. Please cite this page as http://oracc.org/rinap/Q003973/.",
			"date_of_origin": "704-681",
			"designation": "Sennacherib 168",
			"display_name": "RINAP 3 168",
			"dynastic_seat": "Assyria",
			"exemplars": "VA 08248 (Ass 11159)",
			"genre": "Royal Inscription",
			"id_composite": "Q003973",
			"language": "Akkadian",
			"material": "stone",
			"object_type": "tablet",
			"period": "Neo-Assyrian",
			"pleiades_id": "893945",
			"popular_name": "VA 08248",
			"primary_publication": "Sennacherib 168",
			"provenience": "Qalat Sherqat (Assur)",
			"ruler": "Sennacherib",
			"script": "Neo-Assyrian",
			"script_remarks": "inscribed",
			"script_type": "Cuneiform",
			"subgenre": "Sennacherib",
			"supergenre": "LIT"
		},
		"geometry": {
			"type": "Point",
			"coordinates": [43.262037,35.458121]
		}
	}, {
		"type": "Feature",
		"properties": {
			"cdli_id": "P467184",
			"collection": "Vorderasiatisches Museum, Berlin, Germany",
			"credits": "Created by A. Kirk Grayson, Jamie Novotny, and the Royal Inscriptions of the Neo-Assyrian Period (RINAP) Project, 2014. Lemmatized by Jamie Novotny, 2013. The annotated edition is released under the Creative Commons Attribution Share-Alike license 3.0. Please cite this page as http://oracc.org/rinap/Q003974/.",
			"date_of_origin": "704-681",
			"designation": "Sennacherib 169",
			"display_name": "RINAP 3 169",
			"dynastic_seat": "Assyria",
			"exemplars": "Ass 03797a; Ass 03797b; Ass 03798b; Ass 03798c; VA 03132; Ass 16237; Ass 16238; Ass 16618",
			"genre": "Royal Inscription",
			"id_composite": "Q003974",
			"language": "Akkadian",
			"material": "stone",
			"object_type": "block",
			"period": "Neo-Assyrian",
			"pleiades_id": "893945",
			"popular_name": "Kisallu Inscription",
			"primary_publication": "Sennacherib 169",
			"provenience": "Qalat Sherqat (Assur)",
			"ruler": "Sennacherib",
			"script": "Neo-Assyrian",
			"script_remarks": "inscribed",
			"script_type": "Cuneiform",
			"subgenre": "Sennacherib",
			"supergenre": "LIT"
		},
		"geometry": {
			"type": "Point",
			"coordinates": [43.262037,35.458121]
		}
	}, {
		"type": "Feature",
		"properties": {
			"cdli_id": "P467185",
			"collection": "Vorderasiatisches Museum, Berlin, Germany",
			"credits": "Created by A. Kirk Grayson, Jamie Novotny, and the Royal Inscriptions of the Neo-Assyrian Period (RINAP) Project, 2014. Lemmatized by Jamie Novotny, 2013. The annotated edition is released under the Creative Commons Attribution Share-Alike license 3.0. Please cite this page as http://oracc.org/rinap/Q003975/.",
			"date_of_origin": "704-681",
			"designation": "Sennacherib 170",
			"display_name": "RINAP 3 170",
			"dynastic_seat": "Assyria",
			"exemplars": "Ass 03798a; Ass 10215; Ass 10216; Ass 11722",
			"genre": "Royal Inscription",
			"id_composite": "Q003975",
			"language": "Akkadian",
			"material": "stone",
			"object_type": "block",
			"period": "Neo-Assyrian",
			"pleiades_id": "893945",
			"popular_name": "Block Inscription",
			"primary_publication": "Sennacherib 170",
			"provenience": "Qalat Sherqat (Assur)",
			"ruler": "Sennacherib",
			"script": "Neo-Assyrian",
			"script_remarks": "inscribed",
			"script_type": "Cuneiform",
			"subgenre": "Sennacherib",
			"supergenre": "LIT"
		},
		"geometry": {
			"type": "Point",
			"coordinates": [43.262037,35.458121]
		}
	}, {
		"type": "Feature",
		"properties": {
			"cdli_id": "P467186",
			"collection": "Vorderasiatisches Museum, Berlin, Germany",
			"credits": "Created by A. Kirk Grayson, Jamie Novotny, and the Royal Inscriptions of the Neo-Assyrian Period (RINAP) Project, 2014. Lemmatized by Jamie Novotny, 2013. The annotated edition is released under the Creative Commons Attribution Share-Alike license 3.0. Please cite this page as http://oracc.org/rinap/Q003976/.",
			"date_of_origin": "704-681",
			"designation": "Sennacherib 171",
			"display_name": "RINAP 3 171",
			"dynastic_seat": "Assyria",
			"exemplars": "Ass 10983",
			"genre": "Royal Inscription",
			"id_composite": "Q003976",
			"language": "Akkadian",
			"material": "stone",
			"object_type": "block",
			"period": "Neo-Assyrian",
			"pleiades_id": "893945",
			"popular_name": "Schroeder, KAH 2 no. 117",
			"primary_publication": "Sennacherib 171",
			"provenience": "Qalat Sherqat (Assur)",
			"ruler": "Sennacherib",
			"script": "Neo-Assyrian",
			"script_remarks": "inscribed",
			"script_type": "Cuneiform",
			"subgenre": "Sennacherib",
			"supergenre": "LIT"
		},
		"geometry": {
			"type": "Point",
			"coordinates": [43.262037,35.458121]
		}
	}, {
		"type": "Feature",
		"properties": {
			"cdli_id": "P467187",
			"collection": "Vorderasiatisches Museum, Berlin, Germany",
			"credits": "Created by A. Kirk Grayson, Jamie Novotny, and the Royal Inscriptions of the Neo-Assyrian Period (RINAP) Project, 2014. Lemmatized by Jamie Novotny, 2013. The annotated edition is released under the Creative Commons Attribution Share-Alike license 3.0. Please cite this page as http://oracc.org/rinap/Q003977/.",
			"date_of_origin": "704-681",
			"designation": "Sennacherib 172",
			"display_name": "RINAP 3 172",
			"dynastic_seat": "Assyria",
			"exemplars": "Ass 10986; Ass 11035; Ass 11036; Ass 11037; Ass 11045; Ass 11053; Ass 11063; Ass 11064",
			"genre": "Royal Inscription",
			"id_composite": "Q003977",
			"language": "Akkadian",
			"material": "stone",
			"object_type": "block",
			"period": "Neo-Assyrian",
			"pleiades_id": "893945",
			"popular_name": "Schroeder, KAH 2 no. 118",
			"primary_publication": "Sennacherib 172",
			"provenience": "Qalat Sherqat (Assur)",
			"ruler": "Sennacherib",
			"script": "Neo-Assyrian",
			"script_remarks": "inscribed",
			"script_type": "Cuneiform",
			"subgenre": "Sennacherib",
			"supergenre": "LIT"
		},
		"geometry": {
			"type": "Point",
			"coordinates": [43.262037,35.458121]
		}
	}, {
		"type": "Feature",
		"properties": {
			"cdli_id": "P467188",
			"collection": "British Museum, London, UK; Vorderasiatisches Museum, Berlin, Germany",
			"credits": "Created by A. Kirk Grayson, Jamie Novotny, and the Royal Inscriptions of the Neo-Assyrian Period (RINAP) Project, 2014. Lemmatized by Jamie Novotny, 2013. The annotated edition is released under the Creative Commons Attribution Share-Alike license 3.0. Please cite this page as http://oracc.org/rinap/Q003978/.",
			"date_of_origin": "704-681",
			"designation": "Sennacherib 173",
			"display_name": "RINAP 3 173",
			"dynastic_seat": "Assyria",
			"exemplars": "BM 119428 (1928-06-11, 0001); Ass 11047; Ass 11035A; Ass 11037A; Ass 11043; Ass 11045A; Ass 11052; Ass 11063A; Ass 11065; Ass 11066; Ass 11083; Ass 11088; Ass 11129; Ass 11130; Ass 11131",
			"genre": "Royal Inscription",
			"id_composite": "Q003978",
			"language": "Akkadian",
			"material": "stone",
			"object_type": "block",
			"period": "Neo-Assyrian",
			"pleiades_id": "893945",
			"popular_name": "Schroeder, KAH 2 no. 119",
			"primary_publication": "Sennacherib 173",
			"provenience": "Qalat Sherqat (Assur)",
			"ruler": "Sennacherib",
			"script": "Neo-Assyrian",
			"script_remarks": "inscribed",
			"script_type": "Cuneiform",
			"subgenre": "Sennacherib",
			"supergenre": "LIT"
		},
		"geometry": {
			"type": "Point",
			"coordinates": [43.262037,35.458121]
		}
	}, {
		"type": "Feature",
		"properties": {
			"cdli_id": "P467189",
			"collection": "Vorderasiatisches Museum, Berlin, Germany",
			"credits": "Created by A. Kirk Grayson, Jamie Novotny, and the Royal Inscriptions of the Neo-Assyrian Period (RINAP) Project, 2014. Lemmatized by Jamie Novotny, 2013. The annotated edition is released under the Creative Commons Attribution Share-Alike license 3.0. Please cite this page as http://oracc.org/rinap/Q003979/.",
			"date_of_origin": "704-681",
			"designation": "Sennacherib 174",
			"display_name": "RINAP 3 174",
			"dynastic_seat": "Assyria",
			"exemplars": "Ass 10998a-d; Ass 10978a-c (+)? Ass 10987; Ass 11054a-d; Ass 11084; Ass 11085; Ass 11086; Ass 11087a-b",
			"genre": "Royal Inscription",
			"id_composite": "Q003979",
			"language": "Akkadian",
			"material": "stone",
			"object_type": "series of blocks",
			"period": "Neo-Assyrian",
			"pleiades_id": "893945",
			"popular_name": "Ass 10998a-d",
			"primary_publication": "Sennacherib 174",
			"provenience": "Qalat Sherqat (Assur)",
			"ruler": "Sennacherib",
			"script": "Neo-Assyrian",
			"script_remarks": "inscribed",
			"script_type": "Cuneiform",
			"subgenre": "Sennacherib",
			"supergenre": "LIT"
		},
		"geometry": {
			"type": "Point",
			"coordinates": [43.262037,35.458121]
		}
	}, {
		"type": "Feature",
		"properties": {
			"cdli_id": "P467190",
			"collection": "Vorderasiatisches Museum, Berlin, Germany",
			"credits": "Created by A. Kirk Grayson, Jamie Novotny, and the Royal Inscriptions of the Neo-Assyrian Period (RINAP) Project, 2014. Lemmatized by Jamie Novotny, 2013. The annotated edition is released under the Creative Commons Attribution Share-Alike license 3.0. Please cite this page as http://oracc.org/rinap/Q003980/.",
			"date_of_origin": "704-681",
			"designation": "Sennacherib 175",
			"display_name": "RINAP 3 175",
			"dynastic_seat": "Assyria",
			"exemplars": "Ass 11046a-i",
			"genre": "Royal Inscription",
			"id_composite": "Q003980",
			"language": "Akkadian",
			"material": "stone",
			"object_type": "series of blocks",
			"period": "Neo-Assyrian",
			"pleiades_id": "893945",
			"popular_name": "Ass 11046a-i",
			"primary_publication": "Sennacherib 175",
			"provenience": "Qalat Sherqat (Assur)",
			"ruler": "Sennacherib",
			"script": "Neo-Assyrian",
			"script_remarks": "inscribed",
			"script_type": "Cuneiform",
			"subgenre": "Sennacherib",
			"supergenre": "LIT"
		},
		"geometry": {
			"type": "Point",
			"coordinates": [43.262037,35.458121]
		}
	}, {
		"type": "Feature",
		"properties": {
			"cdli_id": "P467191",
			"credits": "Created by A. Kirk Grayson, Jamie Novotny, and the Royal Inscriptions of the Neo-Assyrian Period (RINAP) Project, 2014. Lemmatized by Jamie Novotny, 2013. The annotated edition is released under the Creative Commons Attribution Share-Alike license 3.0. Please cite this page as http://oracc.org/rinap/Q003981/.",
			"date_of_origin": "704-681",
			"designation": "Sennacherib 176",
			"display_name": "RINAP 3 176",
			"dynastic_seat": "Assyria",
			"exemplars": "Ass ph 5031",
			"genre": "Royal Inscription",
			"id_composite": "Q003981",
			"language": "Akkadian",
			"material": "stone",
			"object_type": "series of blocks",
			"period": "Neo-Assyrian",
			"pleiades_id": "893945",
			"popular_name": "Ass ph 5031",
			"primary_publication": "Sennacherib 176",
			"provenience": "Qalat Sherqat (Assur)",
			"ruler": "Sennacherib",
			"script": "Neo-Assyrian",
			"script_remarks": "inscribed",
			"script_type": "Cuneiform",
			"subgenre": "Sennacherib",
			"supergenre": "LIT"
		},
		"geometry": {
			"type": "Point",
			"coordinates": [43.262037,35.458121]
		}
	}, {
		"type": "Feature",
		"properties": {
			"cdli_id": "P467192",
			"collection": "Vorderasiatisches Museum, Berlin, Germany",
			"credits": "Created by A. Kirk Grayson, Jamie Novotny, and the Royal Inscriptions of the Neo-Assyrian Period (RINAP) Project, 2014. Lemmatized by Jamie Novotny, 2013. The annotated edition is released under the Creative Commons Attribution Share-Alike license 3.0. Please cite this page as http://oracc.org/rinap/Q003982/.",
			"date_of_origin": "704-681",
			"designation": "Sennacherib 177",
			"display_name": "RINAP 3 177",
			"dynastic_seat": "Assyria",
			"exemplars": "Ass 03999a; Ass 14866; Ass 17182",
			"genre": "Royal Inscription",
			"id_composite": "Q003982",
			"language": "Akkadian",
			"material": "stone",
			"object_type": "block",
			"period": "Neo-Assyrian",
			"pleiades_id": "893945",
			"popular_name": "Ass 03999a",
			"primary_publication": "Sennacherib 177",
			"provenience": "Qalat Sherqat (Assur)",
			"ruler": "Sennacherib",
			"script": "Neo-Assyrian",
			"script_remarks": "inscribed",
			"script_type": "Cuneiform",
			"subgenre": "Sennacherib",
			"supergenre": "LIT"
		},
		"geometry": {
			"type": "Point",
			"coordinates": [43.262037,35.458121]
		}
	}, {
		"type": "Feature",
		"properties": {
			"cdli_id": "P467193",
			"collection": "Vorderasiatisches Museum, Berlin, Germany",
			"credits": "Created by A. Kirk Grayson, Jamie Novotny, and the Royal Inscriptions of the Neo-Assyrian Period (RINAP) Project, 2014. Lemmatized by Jamie Novotny, 2013. The annotated edition is released under the Creative Commons Attribution Share-Alike license 3.0. Please cite this page as http://oracc.org/rinap/Q003983/.",
			"date_of_origin": "704-681",
			"designation": "Sennacherib 178",
			"display_name": "RINAP 3 178",
			"dynastic_seat": "Assyria",
			"exemplars": "Ass 03224",
			"genre": "Royal Inscription",
			"id_composite": "Q003983",
			"language": "Akkadian",
			"material": "stone",
			"object_type": "block",
			"period": "Neo-Assyrian",
			"pleiades_id": "893945",
			"popular_name": "Messerschimdt, KAH 1 no. 45",
			"primary_publication": "Sennacherib 178",
			"provenience": "Qalat Sherqat (Assur)",
			"ruler": "Sennacherib",
			"script": "Neo-Assyrian",
			"script_remarks": "inscribed",
			"script_type": "Cuneiform",
			"subgenre": "Sennacherib",
			"supergenre": "LIT"
		},
		"geometry": {
			"type": "Point",
			"coordinates": [43.262037,35.458121]
		}
	}, {
		"type": "Feature",
		"properties": {
			"cdli_id": "P467194",
			"collection": "Vorderasiatisches Museum, Berlin, Germany",
			"credits": "Created by A. Kirk Grayson, Jamie Novotny, and the Royal Inscriptions of the Neo-Assyrian Period (RINAP) Project, 2014. Lemmatized by Jamie Novotny, 2013. The annotated edition is released under the Creative Commons Attribution Share-Alike license 3.0. Please cite this page as http://oracc.org/rinap/Q003984/.",
			"date_of_origin": "704-681",
			"designation": "Sennacherib 179",
			"display_name": "RINAP 3 179",
			"dynastic_seat": "Assyria",
			"exemplars": "Ass 00311",
			"genre": "Royal Inscription",
			"id_composite": "Q003984",
			"language": "Akkadian",
			"material": "stone",
			"object_type": "block",
			"period": "Neo-Assyrian",
			"pleiades_id": "893945",
			"popular_name": "Messerschimdt, KAH 1 no. 44",
			"primary_publication": "Sennacherib 179",
			"provenience": "Qalat Sherqat (Assur)",
			"ruler": "Sennacherib",
			"script": "Neo-Assyrian",
			"script_remarks": "inscribed",
			"script_type": "Cuneiform",
			"subgenre": "Sennacherib",
			"supergenre": "LIT"
		},
		"geometry": {
			"type": "Point",
			"coordinates": [43.262037,35.458121]
		}
	}, {
		"type": "Feature",
		"properties": {
			"cdli_id": "P467195",
			"collection": "Vorderasiatisches Museum, Berlin, Germany",
			"credits": "Created by A. Kirk Grayson, Jamie Novotny, and the Royal Inscriptions of the Neo-Assyrian Period (RINAP) Project, 2014. Lemmatized by Jamie Novotny, 2013. The annotated edition is released under the Creative Commons Attribution Share-Alike license 3.0. Please cite this page as http://oracc.org/rinap/Q003985/.",
			"date_of_origin": "704-681",
			"designation": "Sennacherib 180",
			"display_name": "RINAP 3 180",
			"dynastic_seat": "Assyria",
			"exemplars": "Ass 00241",
			"genre": "Royal Inscription",
			"id_composite": "Q003985",
			"language": "Akkadian",
			"material": "stone",
			"object_type": "block",
			"period": "Neo-Assyrian",
			"pleiades_id": "893945",
			"popular_name": "Messerschimdt, KAH 1 no. 43",
			"primary_publication": "Sennacherib 180",
			"provenience": "Qalat Sherqat (Assur)",
			"ruler": "Sennacherib",
			"script": "Neo-Assyrian",
			"script_remarks": "inscribed",
			"script_type": "Cuneiform",
			"subgenre": "Sennacherib",
			"supergenre": "LIT"
		},
		"geometry": {
			"type": "Point",
			"coordinates": [43.262037,35.458121]
		}
	}, {
		"type": "Feature",
		"properties": {
			"cdli_id": "P467196",
			"collection": "Vorderasiatisches Museum, Berlin, Germany",
			"credits": "Created by A. Kirk Grayson, Jamie Novotny, and the Royal Inscriptions of the Neo-Assyrian Period (RINAP) Project, 2014. Lemmatized by Jamie Novotny, 2013. The annotated edition is released under the Creative Commons Attribution Share-Alike license 3.0. Please cite this page as http://oracc.org/rinap/Q003986/.",
			"date_of_origin": "704-681",
			"designation": "Sennacherib 181",
			"display_name": "RINAP 3 181",
			"dynastic_seat": "Assyria",
			"exemplars": "Ass 00282; Ass 00365; Ass 00558; Ass 00311a; Ass 00823; Ass 00824; Ass 01410; Ass 01411; Ass 01411a; Ass 01412; Ass 00808; Ass 00847; Ass 00848; Ass 00874; Ass 00884; Ass 00885; Ass 00888; Ass 00889; Ass 00922; Ass 00924; Ass 00925; Ass 00932a; Ass 00944; Ass 00945; Ass 01413; Ass 01414",
			"genre": "Royal Inscription",
			"id_composite": "Q003986",
			"language": "Akkadian",
			"material": "stone",
			"object_type": "block",
			"period": "Neo-Assyrian",
			"pleiades_id": "893945",
			"popular_name": "Messerschimdt, KAH 1 no. 43",
			"primary_publication": "Sennacherib 181",
			"provenience": "Qalat Sherqat (Assur)",
			"ruler": "Sennacherib",
			"script": "Neo-Assyrian",
			"script_remarks": "inscribed",
			"script_type": "Cuneiform",
			"subgenre": "Sennacherib",
			"supergenre": "LIT"
		},
		"geometry": {
			"type": "Point",
			"coordinates": [43.262037,35.458121]
		}
	}, {
		"type": "Feature",
		"properties": {
			"cdli_id": "P467197",
			"collection": "Vorderasiatisches Museum, Berlin, Germany",
			"credits": "Created by A. Kirk Grayson, Jamie Novotny, and the Royal Inscriptions of the Neo-Assyrian Period (RINAP) Project, 2014. Lemmatized by Jamie Novotny, 2013. The annotated edition is released under the Creative Commons Attribution Share-Alike license 3.0. Please cite this page as http://oracc.org/rinap/Q003987/.",
			"date_of_origin": "704-681",
			"designation": "Sennacherib 182",
			"display_name": "RINAP 3 182",
			"dynastic_seat": "Assyria",
			"exemplars": "Ass 00366; Ass 00302; Ass 00807; Ass 00813; Ass 00814",
			"genre": "Royal Inscription",
			"id_composite": "Q003987",
			"language": "Akkadian",
			"material": "stone",
			"object_type": "block",
			"period": "Neo-Assyrian",
			"pleiades_id": "893945",
			"popular_name": "Messerschimdt, KAH 1 no. 43",
			"primary_publication": "Sennacherib 182",
			"provenience": "Qalat Sherqat (Assur)",
			"ruler": "Sennacherib",
			"script": "Neo-Assyrian",
			"script_remarks": "inscribed",
			"script_type": "Cuneiform",
			"subgenre": "Sennacherib",
			"supergenre": "LIT"
		},
		"geometry": {
			"type": "Point",
			"coordinates": [43.262037,35.458121]
		}
	}, {
		"type": "Feature",
		"properties": {
			"cdli_id": "P467198",
			"collection": "Vorderasiatisches Museum, Berlin, Germany",
			"credits": "Created by A. Kirk Grayson, Jamie Novotny, and the Royal Inscriptions of the Neo-Assyrian Period (RINAP) Project, 2014. Lemmatized by Jamie Novotny, 2013. The annotated edition is released under the Creative Commons Attribution Share-Alike license 3.0. Please cite this page as http://oracc.org/rinap/Q003988/.",
			"date_of_origin": "704-681",
			"designation": "Sennacherib 183",
			"display_name": "RINAP 3 183",
			"dynastic_seat": "Assyria",
			"exemplars": "Ass 00454",
			"genre": "Royal Inscription",
			"id_composite": "Q003988",
			"language": "Akkadian",
			"material": "stone",
			"object_type": "block",
			"period": "Neo-Assyrian",
			"pleiades_id": "893945",
			"popular_name": "Messerschimdt, KAH 1 no. 43",
			"primary_publication": "Sennacherib 183",
			"provenience": "Qalat Sherqat (Assur)",
			"ruler": "Sennacherib",
			"script": "Neo-Assyrian",
			"script_remarks": "inscribed",
			"script_type": "Cuneiform",
			"subgenre": "Sennacherib",
			"supergenre": "LIT"
		},
		"geometry": {
			"type": "Point",
			"coordinates": [43.262037,35.458121]
		}
	}, {
		"type": "Feature",
		"properties": {
			"cdli_id": "P467199",
			"collection": "Vorderasiatisches Museum, Berlin, Germany",
			"credits": "Created by A. Kirk Grayson, Jamie Novotny, and the Royal Inscriptions of the Neo-Assyrian Period (RINAP) Project, 2014. Lemmatized by Jamie Novotny, 2013. The annotated edition is released under the Creative Commons Attribution Share-Alike license 3.0. Please cite this page as http://oracc.org/rinap/Q003989/.",
			"date_of_origin": "704-681",
			"designation": "Sennacherib 184",
			"display_name": "RINAP 3 184",
			"dynastic_seat": "Assyria",
			"exemplars": "Scheil, RT 26 p. 27; Scheil, RT 26 p. 27 (variants); Ass 03488",
			"genre": "Royal Inscription",
			"id_composite": "Q003989",
			"language": "Akkadian",
			"material": "stone",
			"object_type": "block",
			"period": "Neo-Assyrian",
			"pleiades_id": "893945",
			"popular_name": "Scheil, RT 26 p. 27",
			"primary_publication": "Sennacherib 184",
			"provenience": "Qalat Sherqat (Assur)",
			"ruler": "Sennacherib",
			"script": "Neo-Assyrian",
			"script_remarks": "inscribed",
			"script_type": "Cuneiform",
			"subgenre": "Sennacherib",
			"supergenre": "LIT"
		},
		"geometry": {
			"type": "Point",
			"coordinates": [43.262037,35.458121]
		}
	}, {
		"type": "Feature",
		"properties": {
			"cdli_id": "P467200",
			"collection": "Vorderasiatisches Museum, Berlin, Germany",
			"credits": "Created by A. Kirk Grayson, Jamie Novotny, and the Royal Inscriptions of the Neo-Assyrian Period (RINAP) Project, 2014. Lemmatized by Jamie Novotny, 2013. The annotated edition is released under the Creative Commons Attribution Share-Alike license 3.0. Please cite this page as http://oracc.org/rinap/Q003990/.",
			"date_of_origin": "704-681",
			"designation": "Sennacherib 185",
			"display_name": "RINAP 3 185",
			"dynastic_seat": "Assyria",
			"exemplars": "Ass 19338",
			"genre": "Royal Inscription",
			"id_composite": "Q003990",
			"language": "Akkadian",
			"material": "stone",
			"object_type": "block",
			"period": "Neo-Assyrian",
			"pleiades_id": "893945",
			"popular_name": "Ass 19338",
			"primary_publication": "Sennacherib 185",
			"provenience": "Qalat Sherqat (Assur)",
			"ruler": "Sennacherib",
			"script": "Neo-Assyrian",
			"script_remarks": "inscribed",
			"script_type": "Cuneiform",
			"subgenre": "Sennacherib",
			"supergenre": "LIT"
		},
		"geometry": {
			"type": "Point",
			"coordinates": [43.262037,35.458121]
		}
	}, {
		"type": "Feature",
		"properties": {
			"cdli_id": "P467201",
			"collection": "Vorderasiatisches Museum, Berlin, Germany",
			"credits": "Created by A. Kirk Grayson, Jamie Novotny, and the Royal Inscriptions of the Neo-Assyrian Period (RINAP) Project, 2014. Lemmatized by Jamie Novotny, 2013. The annotated edition is released under the Creative Commons Attribution Share-Alike license 3.0. Please cite this page as http://oracc.org/rinap/Q003991/.",
			"date_of_origin": "704-681",
			"designation": "Sennacherib 186",
			"display_name": "RINAP 3 186",
			"dynastic_seat": "Assyria",
			"exemplars": "Ass 02227",
			"genre": "Royal Inscription",
			"id_composite": "Q003991",
			"language": "Akkadian",
			"material": "stone",
			"object_type": "block",
			"period": "Neo-Assyrian",
			"pleiades_id": "893945",
			"popular_name": "Ass 02227",
			"primary_publication": "Sennacherib 186",
			"provenience": "Qalat Sherqat (Assur)",
			"ruler": "Sennacherib",
			"script": "Neo-Assyrian",
			"script_remarks": "inscribed",
			"script_type": "Cuneiform",
			"subgenre": "Sennacherib",
			"supergenre": "LIT"
		},
		"geometry": {
			"type": "Point",
			"coordinates": [43.262037,35.458121]
		}
	}, {
		"type": "Feature",
		"properties": {
			"cdli_id": "P467202",
			"collection": "Vorderasiatisches Museum, Berlin, Germany",
			"credits": "Created by A. Kirk Grayson, Jamie Novotny, and the Royal Inscriptions of the Neo-Assyrian Period (RINAP) Project, 2014. Lemmatized by Jamie Novotny, 2013. The annotated edition is released under the Creative Commons Attribution Share-Alike license 3.0. Please cite this page as http://oracc.org/rinap/Q003992/.",
			"date_of_origin": "704-681",
			"designation": "Sennacherib 187",
			"display_name": "RINAP 3 187",
			"dynastic_seat": "Assyria",
			"exemplars": "Ass 17765",
			"genre": "Royal Inscription",
			"id_composite": "Q003992",
			"language": "Akkadian",
			"material": "stone",
			"object_type": "block",
			"period": "Neo-Assyrian",
			"pleiades_id": "893945",
			"popular_name": "Ass 17765",
			"primary_publication": "Sennacherib 187",
			"provenience": "Qalat Sherqat (Assur)",
			"ruler": "Sennacherib",
			"script": "Neo-Assyrian",
			"script_remarks": "inscribed",
			"script_type": "Cuneiform",
			"subgenre": "Sennacherib",
			"supergenre": "LIT"
		},
		"geometry": {
			"type": "Point",
			"coordinates": [43.262037,35.458121]
		}
	}, {
		"type": "Feature",
		"properties": {
			"cdli_id": "P467203",
			"collection": "Vorderasiatisches Museum, Berlin, Germany",
			"credits": "Created by A. Kirk Grayson, Jamie Novotny, and the Royal Inscriptions of the Neo-Assyrian Period (RINAP) Project, 2014. Lemmatized by Jamie Novotny, 2013. The annotated edition is released under the Creative Commons Attribution Share-Alike license 3.0. Please cite this page as http://oracc.org/rinap/Q003993/.",
			"date_of_origin": "704-681",
			"designation": "Sennacherib 188",
			"display_name": "RINAP 3 188",
			"dynastic_seat": "Assyria",
			"exemplars": "Ass 20498",
			"genre": "Royal Inscription",
			"id_composite": "Q003993",
			"language": "Akkadian",
			"material": "stone",
			"object_type": "block",
			"period": "Neo-Assyrian",
			"pleiades_id": "893945",
			"popular_name": "Ass 20498",
			"primary_publication": "Sennacherib 188",
			"provenience": "Qalat Sherqat (Assur)",
			"ruler": "Sennacherib",
			"script": "Neo-Assyrian",
			"script_remarks": "inscribed",
			"script_type": "Cuneiform",
			"subgenre": "Sennacherib",
			"supergenre": "LIT"
		},
		"geometry": {
			"type": "Point",
			"coordinates": [43.262037,35.458121]
		}
	}, {
		"type": "Feature",
		"properties": {
			"cdli_id": "P467204",
			"collection": "Vorderasiatisches Museum, Berlin, Germany",
			"credits": "Created by A. Kirk Grayson, Jamie Novotny, and the Royal Inscriptions of the Neo-Assyrian Period (RINAP) Project, 2014. Lemmatized by Jamie Novotny, 2013. The annotated edition is released under the Creative Commons Attribution Share-Alike license 3.0. Please cite this page as http://oracc.org/rinap/Q003994/.",
			"date_of_origin": "704-681",
			"designation": "Sennacherib 189",
			"display_name": "RINAP 3 189",
			"dynastic_seat": "Assyria",
			"exemplars": "Ass 20841",
			"genre": "Royal Inscription",
			"id_composite": "Q003994",
			"language": "Akkadian",
			"material": "stone",
			"object_type": "block",
			"period": "Neo-Assyrian",
			"pleiades_id": "893945",
			"popular_name": "Ass 20841",
			"primary_publication": "Sennacherib 189",
			"provenience": "Qalat Sherqat (Assur)",
			"ruler": "Sennacherib",
			"script": "Neo-Assyrian",
			"script_remarks": "inscribed",
			"script_type": "Cuneiform",
			"subgenre": "Sennacherib",
			"supergenre": "LIT"
		},
		"geometry": {
			"type": "Point",
			"coordinates": [43.262037,35.458121]
		}
	}, {
		"type": "Feature",
		"properties": {
			"cdli_id": "P467205",
			"collection": "Vorderasiatisches Museum, Berlin, Germany",
			"credits": "Created by A. Kirk Grayson, Jamie Novotny, and the Royal Inscriptions of the Neo-Assyrian Period (RINAP) Project, 2014. Lemmatized by Jamie Novotny, 2013. The annotated edition is released under the Creative Commons Attribution Share-Alike license 3.0. Please cite this page as http://oracc.org/rinap/Q003995/.",
			"date_of_origin": "704-681",
			"designation": "Sennacherib 190",
			"display_name": "RINAP 3 190",
			"dynastic_seat": "Assyria",
			"exemplars": "Ass 16342a+b+c+ d+h+i",
			"genre": "Royal Inscription",
			"id_composite": "Q003995",
			"language": "Akkadian",
			"material": "stone",
			"object_type": "door socket",
			"period": "Neo-Assyrian",
			"pleiades_id": "893945",
			"popular_name": "Ass 16242a+b+c+d+h+i",
			"primary_publication": "Sennacherib 190",
			"provenience": "Qalat Sherqat (Assur)",
			"ruler": "Sennacherib",
			"script": "Neo-Assyrian",
			"script_remarks": "inscribed",
			"script_type": "Cuneiform",
			"subgenre": "Sennacherib",
			"supergenre": "LIT"
		},
		"geometry": {
			"type": "Point",
			"coordinates": [43.262037,35.458121]
		}
	}, {
		"type": "Feature",
		"properties": {
			"cdli_id": "P467206",
			"collection": "Oriental Museum, University of Durham, Durham, UK; Arkeoloji Müzerleri, Istanbul, Turkey",
			"credits": "Created by A. Kirk Grayson, Jamie Novotny, and the Royal Inscriptions of the Neo-Assyrian Period (RINAP) Project, 2014. Lemmatized by Jamie Novotny, 2013. The annotated edition is released under the Creative Commons Attribution Share-Alike license 3.0. Please cite this page as http://oracc.org/rinap/Q003996/.",
			"date_of_origin": "704-681",
			"designation": "Sennacherib 191",
			"display_name": "RINAP 3 191",
			"dynastic_seat": "Assyria",
			"exemplars": "DUROM N 2261; Ist EȘEM 06235",
			"genre": "Royal Inscription",
			"id_composite": "Q003996",
			"language": "Akkadian",
			"material": "stone",
			"object_type": "door socket",
			"period": "Neo-Assyrian",
			"pleiades_id": "893945",
			"popular_name": "N 2261 / EŞ 06235",
			"primary_publication": "Sennacherib 191",
			"provenience": "Qalat Sherqat (Assur)",
			"ruler": "Sennacherib",
			"script": "Neo-Assyrian",
			"script_remarks": "inscribed",
			"script_type": "Cuneiform",
			"subgenre": "Sennacherib",
			"supergenre": "LIT"
		},
		"geometry": {
			"type": "Point",
			"coordinates": [43.262037,35.458121]
		}
	}, {
		"type": "Feature",
		"properties": {
			"cdli_id": "P467207",
			"collection": "Vorderasiatisches Museum, Berlin, Germany",
			"credits": "Created by A. Kirk Grayson, Jamie Novotny, and the Royal Inscriptions of the Neo-Assyrian Period (RINAP) Project, 2014. Lemmatized by Jamie Novotny, 2013. The annotated edition is released under the Creative Commons Attribution Share-Alike license 3.0. Please cite this page as http://oracc.org/rinap/Q003997/.",
			"date_of_origin": "704-681",
			"designation": "Sennacherib 192",
			"display_name": "RINAP 3 192",
			"dynastic_seat": "Assyria",
			"exemplars": "VA Ass 01835 (Ass 16771a (+) Ass 16928)",
			"genre": "Royal Inscription",
			"id_composite": "Q003997",
			"language": "Akkadian",
			"material": "stone",
			"object_type": "water basin",
			"period": "Neo-Assyrian",
			"pleiades_id": "893945",
			"popular_name": "VA Ass 01835",
			"primary_publication": "Sennacherib 192",
			"provenience": "Qalat Sherqat (Assur)",
			"ruler": "Sennacherib",
			"script": "Neo-Assyrian",
			"script_remarks": "inscribed",
			"script_type": "Cuneiform",
			"subgenre": "Sennacherib",
			"supergenre": "LIT"
		},
		"geometry": {
			"type": "Point",
			"coordinates": [43.262037,35.458121]
		}
	}, {
		"type": "Feature",
		"properties": {
			"cdli_id": "P467208",
			"collection": "British Museum, London, UK",
			"credits": "Created by A. Kirk Grayson, Jamie Novotny, and the Royal Inscriptions of the Neo-Assyrian Period (RINAP) Project, 2014. Lemmatized by Jamie Novotny, 2013. The annotated edition is released under the Creative Commons Attribution Share-Alike license 3.0. Please cite this page as http://oracc.org/rinap/Q003998/.",
			"date_of_origin": "704-681",
			"designation": "Sennacherib 193",
			"display_name": "RINAP 3 193",
			"dynastic_seat": "Assyria",
			"exemplars": "BM 091157",
			"genre": "Royal Inscription",
			"id_composite": "Q003998",
			"language": "Akkadian",
			"material": "metal",
			"object_type": "plating",
			"period": "Neo-Assyrian",
			"pleiades_id": "893945",
			"popular_name": "BM 091157",
			"primary_publication": "Sennacherib 193",
			"provenience": "Qalat Sherqat (Assur)",
			"ruler": "Sennacherib",
			"script": "Neo-Assyrian",
			"script_remarks": "inscribed",
			"script_type": "Cuneiform",
			"subgenre": "Sennacherib",
			"supergenre": "LIT"
		},
		"geometry": {
			"type": "Point",
			"coordinates": [43.262037,35.458121]
		}
	}, {
		"type": "Feature",
		"properties": {
			"cdli_id": "P467209",
			"collection": "National Museum of Iraq, Baghdad, Iraq",
			"credits": "Created by A. Kirk Grayson, Jamie Novotny, and the Royal Inscriptions of the Neo-Assyrian Period (RINAP) Project, 2014. Lemmatized by Jamie Novotny, 2013. The annotated edition is released under the Creative Commons Attribution Share-Alike license 3.0. Please cite this page as http://oracc.org/rinap/Q003999/.",
			"date_of_origin": "704-681",
			"designation": "Sennacherib 194",
			"display_name": "RINAP 3 194",
			"dynastic_seat": "Assyria",
			"exemplars": "IM 062197",
			"genre": "Royal Inscription",
			"id_composite": "Q003999",
			"language": "Akkadian",
			"material": "metal",
			"object_type": "plating",
			"period": "Neo-Assyrian",
			"pleiades_id": "893945",
			"popular_name": "BM 062197",
			"primary_publication": "Sennacherib 194",
			"provenience": "Qalat Sherqat (Assur)",
			"ruler": "Sennacherib",
			"script": "Neo-Assyrian",
			"script_remarks": "inscribed",
			"script_type": "Cuneiform",
			"subgenre": "Sennacherib",
			"supergenre": "LIT"
		},
		"geometry": {
			"type": "Point",
			"coordinates": [43.262037,35.458121]
		}
	}, {
		"type": "Feature",
		"properties": {
			"cdli_id": "P467210",
			"collection": "Vorderasiatisches Museum, Berlin, Germany",
			"credits": "Created by A. Kirk Grayson, Jamie Novotny, and the Royal Inscriptions of the Neo-Assyrian Period (RINAP) Project, 2014. Lemmatized by Jamie Novotny, 2013. The annotated edition is released under the Creative Commons Attribution Share-Alike license 3.0. Please cite this page as http://oracc.org/rinap/Q004000/.",
			"date_of_origin": "704-681",
			"designation": "Sennacherib 195",
			"display_name": "RINAP 3 195",
			"dynastic_seat": "Assyria",
			"exemplars": "Ass 00910; Ass 00914; VA 08986; VA Ass 03279f (Ass 16627); VA Ass 03279g (Ass 17197)",
			"genre": "Royal Inscription",
			"id_composite": "Q004000",
			"language": "Akkadian",
			"material": "clay",
			"object_type": "brick",
			"period": "Neo-Assyrian",
			"pleiades_id": "893945",
			"popular_name": "Samītu Inscription",
			"primary_publication": "Sennacherib 195",
			"provenience": "Qalat Sherqat (Assur)",
			"ruler": "Sennacherib",
			"script": "Neo-Assyrian",
			"script_remarks": "inscribed, stamped",
			"script_type": "Cuneiform",
			"subgenre": "Sennacherib",
			"supergenre": "LIT"
		},
		"geometry": {
			"type": "Point",
			"coordinates": [43.262037,35.458121]
		}
	}, {
		"type": "Feature",
		"properties": {
			"cdli_id": "P467211",
			"collection": "Vorderasiatisches Museum, Berlin, Germany; Arkeoloji Müzerleri, Istanbul, Turkey",
			"credits": "Created by A. Kirk Grayson, Jamie Novotny, and the Royal Inscriptions of the Neo-Assyrian Period (RINAP) Project, 2014. Lemmatized by Jamie Novotny, 2013. The annotated edition is released under the Creative Commons Attribution Share-Alike license 3.0. Please cite this page as http://oracc.org/rinap/Q004001/.",
			"date_of_origin": "704-681",
			"designation": "Sennacherib 196",
			"display_name": "RINAP 3 196",
			"dynastic_seat": "Assyria",
			"exemplars": "VA Ass 03279h (Ass 00915); Ass 00916; Ass 00917; Ass 16240; VA Ass 03279i (Ass 16726); VA Ass 03279k (Ass 17077); VA Ass 03280a (Ass 17384); VA Ass 03280b; Ist EȘEM -; Ist EȘEM 06673",
			"genre": "Royal Inscription",
			"id_composite": "Q004001",
			"language": "Akkadian",
			"material": "clay",
			"object_type": "brick",
			"period": "Neo-Assyrian",
			"pleiades_id": "893945",
			"popular_name": "Bīt-tikāti Inscription",
			"primary_publication": "Sennacherib 196",
			"provenience": "Qalat Sherqat (Assur)",
			"ruler": "Sennacherib",
			"script": "Neo-Assyrian",
			"script_remarks": "inscribed",
			"script_type": "Cuneiform",
			"subgenre": "Sennacherib",
			"supergenre": "LIT"
		},
		"geometry": {
			"type": "Point",
			"coordinates": [43.262037,35.458121]
		}
	}, {
		"type": "Feature",
		"properties": {
			"cdli_id": "P467212",
			"collection": "Vorderasiatisches Museum, Berlin, Germany",
			"credits": "Created by A. Kirk Grayson, Jamie Novotny, and the Royal Inscriptions of the Neo-Assyrian Period (RINAP) Project, 2014. Lemmatized by Jamie Novotny, 2013. The annotated edition is released under the Creative Commons Attribution Share-Alike license 3.0. Please cite this page as http://oracc.org/rinap/Q004002/.",
			"date_of_origin": "704-681",
			"designation": "Sennacherib 197",
			"display_name": "RINAP 3 197",
			"dynastic_seat": "Assyria",
			"exemplars": "Ass 17171",
			"genre": "Royal Inscription",
			"id_composite": "Q004002",
			"language": "Akkadian",
			"material": "clay",
			"object_type": "brick",
			"period": "Neo-Assyrian",
			"pleiades_id": "893945",
			"popular_name": "Ass 17171",
			"primary_publication": "Sennacherib 197",
			"provenience": "Qalat Sherqat (Assur)",
			"ruler": "Sennacherib",
			"script": "Neo-Assyrian",
			"script_remarks": "inscribed",
			"script_type": "Cuneiform",
			"subgenre": "Sennacherib",
			"supergenre": "LIT"
		},
		"geometry": {
			"type": "Point",
			"coordinates": [43.262037,35.458121]
		}
	}, {
		"type": "Feature",
		"properties": {
			"cdli_id": "P467213",
			"collection": "Vorderasiatisches Museum, Berlin, Germany",
			"credits": "Created by A. Kirk Grayson, Jamie Novotny, and the Royal Inscriptions of the Neo-Assyrian Period (RINAP) Project, 2014. Lemmatized by Jamie Novotny, 2013. The annotated edition is released under the Creative Commons Attribution Share-Alike license 3.0. Please cite this page as http://oracc.org/rinap/Q004003/.",
			"date_of_origin": "704-681",
			"designation": "Sennacherib 198",
			"display_name": "RINAP 3 198",
			"dynastic_seat": "Assyria",
			"exemplars": "Ass 16409a; Ass 16409b; Ass 16409c; Ass 16409d; Ass ph 5634; Ass ph 5634; VA Ass 03282",
			"genre": "Royal Inscription",
			"id_composite": "Q004003",
			"language": "Akkadian",
			"material": "clay",
			"object_type": "brick",
			"period": "Neo-Assyrian",
			"pleiades_id": "893945",
			"popular_name": "Ass ph 5634",
			"primary_publication": "Sennacherib 198",
			"provenience": "Qalat Sherqat (Assur)",
			"ruler": "Sennacherib",
			"script": "Neo-Assyrian",
			"script_remarks": "inscribed",
			"script_type": "Cuneiform",
			"subgenre": "Sennacherib",
			"supergenre": "LIT"
		},
		"geometry": {
			"type": "Point",
			"coordinates": [43.262037,35.458121]
		}
	}, {
		"type": "Feature",
		"properties": {
			"cdli_id": "P467214",
			"collection": "Vorderasiatisches Museum, Berlin, Germany; Arkeoloji Müzerleri, Istanbul, Turkey",
			"credits": "Created by A. Kirk Grayson, Jamie Novotny, and the Royal Inscriptions of the Neo-Assyrian Period (RINAP) Project, 2014. Lemmatized by Jamie Novotny, 2013. The annotated edition is released under the Creative Commons Attribution Share-Alike license 3.0. Please cite this page as http://oracc.org/rinap/Q004004/.",
			"date_of_origin": "704-681",
			"designation": "Sennacherib 199",
			"display_name": "RINAP 3 199",
			"dynastic_seat": "Assyria",
			"exemplars": "VA Ass 03281a (Ass 01058); Ist EŞEM 09281",
			"genre": "Royal Inscription",
			"id_composite": "Q004004",
			"language": "Akkadian",
			"material": "clay",
			"object_type": "brick",
			"period": "Neo-Assyrian",
			"pleiades_id": "893945",
			"popular_name": "VA Ass 03281a",
			"primary_publication": "Sennacherib 199",
			"provenience": "Qalat Sherqat (Assur)",
			"ruler": "Sennacherib",
			"script": "Neo-Assyrian",
			"script_remarks": "inscribed",
			"script_type": "Cuneiform",
			"subgenre": "Sennacherib",
			"supergenre": "LIT"
		},
		"geometry": {
			"type": "Point",
			"coordinates": [43.262037,35.458121]
		}
	}, {
		"type": "Feature",
		"properties": {
			"cdli_id": "P467215",
			"collection": "Vorderasiatisches Museum, Berlin, Germany",
			"credits": "Created by A. Kirk Grayson, Jamie Novotny, and the Royal Inscriptions of the Neo-Assyrian Period (RINAP) Project, 2014. Lemmatized by Jamie Novotny, 2013. The annotated edition is released under the Creative Commons Attribution Share-Alike license 3.0. Please cite this page as http://oracc.org/rinap/Q004005/.",
			"date_of_origin": "704-681",
			"designation": "Sennacherib 200",
			"display_name": "RINAP 3 200",
			"dynastic_seat": "Assyria",
			"exemplars": "VA Ass 03280c (Ass 22350)",
			"genre": "Royal Inscription",
			"id_composite": "Q004005",
			"language": "Akkadian",
			"material": "clay",
			"object_type": "brick",
			"period": "Neo-Assyrian",
			"pleiades_id": "893945",
			"popular_name": "VA Ass 03280c",
			"primary_publication": "Sennacherib 200",
			"provenience": "Qalat Sherqat (Assur)",
			"ruler": "Sennacherib",
			"script": "Neo-Assyrian",
			"script_remarks": "inscribed",
			"script_type": "Cuneiform",
			"subgenre": "Sennacherib",
			"supergenre": "LIT"
		},
		"geometry": {
			"type": "Point",
			"coordinates": [43.262037,35.458121]
		}
	}, {
		"type": "Feature",
		"properties": {
			"cdli_id": "P467216",
			"collection": "Arkeoloji Müzerleri, Istanbul, Turkey",
			"credits": "Created by A. Kirk Grayson, Jamie Novotny, and the Royal Inscriptions of the Neo-Assyrian Period (RINAP) Project, 2014. Lemmatized by Jamie Novotny, 2013. The annotated edition is released under the Creative Commons Attribution Share-Alike license 3.0. Please cite this page as http://oracc.org/rinap/Q004006/.",
			"date_of_origin": "704-681",
			"designation": "Sennacherib 201",
			"display_name": "RINAP 3 201",
			"dynastic_seat": "Assyria",
			"exemplars": "Ist EŞEM 00539; Ist EŞEM 00538 (Ass 04195)",
			"genre": "Royal Inscription",
			"id_composite": "Q004006",
			"language": "Akkadian",
			"material": "clay",
			"object_type": "brick",
			"period": "Neo-Assyrian",
			"pleiades_id": "893945",
			"popular_name": "EŞ 00539",
			"primary_publication": "Sennacherib 201",
			"provenience": "Qalat Sherqat (Assur)",
			"ruler": "Sennacherib",
			"script": "Neo-Assyrian",
			"script_remarks": "inscribed",
			"script_type": "Cuneiform",
			"subgenre": "Sennacherib",
			"supergenre": "LIT"
		},
		"geometry": {
			"type": "Point",
			"coordinates": [43.262037,35.458121]
		}
	}, {
		"type": "Feature",
		"properties": {
			"cdli_id": "P467217",
			"collection": "Vorderasiatisches Museum, Berlin, Germany",
			"credits": "Created by A. Kirk Grayson, Jamie Novotny, and the Royal Inscriptions of the Neo-Assyrian Period (RINAP) Project, 2014. Lemmatized by Jamie Novotny, 2013. The annotated edition is released under the Creative Commons Attribution Share-Alike license 3.0. Please cite this page as http://oracc.org/rinap/Q004007/.",
			"date_of_origin": "704-681",
			"designation": "Sennacherib 202",
			"display_name": "RINAP 3 202",
			"dynastic_seat": "Assyria",
			"exemplars": "VA Ass 03279l (Ass 1270); VA Ass 03279m (Ass 19531)",
			"genre": "Royal Inscription",
			"id_composite": "Q004007",
			"language": "Akkadian",
			"material": "clay",
			"object_type": "brick",
			"period": "Neo-Assyrian",
			"pleiades_id": "893945",
			"popular_name": "VA Ass 03279l / VA Ass 03279m",
			"primary_publication": "Sennacherib 202",
			"provenience": "Qalat Sherqat (Assur)",
			"ruler": "Sennacherib",
			"script": "Neo-Assyrian",
			"script_remarks": "inscribed",
			"script_type": "Cuneiform",
			"subgenre": "Sennacherib",
			"supergenre": "LIT"
		},
		"geometry": {
			"type": "Point",
			"coordinates": [43.262037,35.458121]
		}
	}, {
		"type": "Feature",
		"properties": {
			"cdli_id": "P467218",
			"collection": "Vorderasiatisches Museum, Berlin, Germany; Arkeoloji Müzerleri, Istanbul, Turkey",
			"credits": "Created by A. Kirk Grayson, Jamie Novotny, and the Royal Inscriptions of the Neo-Assyrian Period (RINAP) Project, 2014. Lemmatized by Jamie Novotny, 2013. The annotated edition is released under the Creative Commons Attribution Share-Alike license 3.0. Please cite this page as http://oracc.org/rinap/Q004008/.",
			"date_of_origin": "704-681",
			"designation": "Sennacherib 203",
			"display_name": "RINAP 3 203",
			"dynastic_seat": "Assyria",
			"exemplars": "VA Ass 03277a (Ass 00081); Ass 00036; Ass 00272; VA Ass 03279a (Ass 00990); Ass 01443; Ass 02058; VA Ass 03279d (Ass 05249); VA Ass 03277b (Ass 05249a); Ass 05254; Ass 05329; VA Ass 03277c (Ass 09440); Ass 09494; Ist EŞEM 09144 + Ist EŞEM 09145 (Ass 10091); Ass 10092; VA Ass 03277d (Ass 10103); VA Ass 03277e (Ass 13323a-b); VA Ass 03277f (Ass 17572); VA Ass 03277g; VA Ass 03277h; VA Ass 03277i; Ist EŞEM 09345; Babylon ph 441",
			"genre": "Royal Inscription",
			"id_composite": "Q004008",
			"language": "Akkadian",
			"material": "clay",
			"object_type": "brick",
			"period": "Neo-Assyrian",
			"pleiades_id": "893945",
			"popular_name": "Messerschimdt, KAH 1 no. 46",
			"primary_publication": "Sennacherib 203",
			"provenience": "Qalat Sherqat (Assur)",
			"ruler": "Sennacherib",
			"script": "Neo-Assyrian",
			"script_remarks": "inscribed",
			"script_type": "Cuneiform",
			"subgenre": "Sennacherib",
			"supergenre": "LIT"
		},
		"geometry": {
			"type": "Point",
			"coordinates": [43.262037,35.458121]
		}
	}, {
		"type": "Feature",
		"properties": {
			"cdli_id": "P467219",
			"collection": "Vorderasiatisches Museum, Berlin, Germany; Arkeoloji Müzerleri, Istanbul, Turkey",
			"credits": "Created by A. Kirk Grayson, Jamie Novotny, and the Royal Inscriptions of the Neo-Assyrian Period (RINAP) Project, 2014. Lemmatized by Jamie Novotny, 2013. The annotated edition is released under the Creative Commons Attribution Share-Alike license 3.0. Please cite this page as http://oracc.org/rinap/Q004009/.",
			"date_of_origin": "704-681",
			"designation": "Sennacherib 204",
			"display_name": "RINAP 3 204",
			"dynastic_seat": "Assyria",
			"exemplars": "Ass 01780; VA Ass 03279b (Ass 01556); VA Ass 03279c (Ass 01698); VA Ass 03279e (Ass 11455); Ass 14343a-b; IstEŞEM 06678; Ass 22885 + Ass 22928; &quot;Ist EŞEM 7864 + Ist EŞEM 6671&quot;",
			"genre": "Royal Inscription",
			"id_composite": "Q004009",
			"language": "Akkadian",
			"material": "clay",
			"object_type": "brick",
			"period": "Neo-Assyrian",
			"pleiades_id": "893945",
			"popular_name": "Messerschimdt, KAH 1 no. 47",
			"primary_publication": "Sennacherib 204",
			"provenience": "Qalat Sherqat (Assur)",
			"ruler": "Sennacherib",
			"script": "Neo-Assyrian",
			"script_remarks": "inscribed",
			"script_type": "Cuneiform",
			"subgenre": "Sennacherib",
			"supergenre": "LIT"
		},
		"geometry": {
			"type": "Point",
			"coordinates": [43.262037,35.458121]
		}
	}, {
		"type": "Feature",
		"properties": {
			"cdli_id": "P467220",
			"collection": "Vorderasiatisches Museum, Berlin, Germany",
			"credits": "Created by A. Kirk Grayson, Jamie Novotny, and the Royal Inscriptions of the Neo-Assyrian Period (RINAP) Project, 2014. Lemmatized by Jamie Novotny, 2013. The annotated edition is released under the Creative Commons Attribution Share-Alike license 3.0. Please cite this page as http://oracc.org/rinap/Q004010/.",
			"date_of_origin": "704-681",
			"designation": "Sennacherib 205",
			"display_name": "RINAP 3 205",
			"dynastic_seat": "Assyria",
			"exemplars": "VA 06927 (Ass 01014)",
			"genre": "Royal Inscription",
			"id_composite": "Q004010",
			"language": "Akkadian",
			"material": "clay",
			"object_type": "brick",
			"period": "Neo-Assyrian",
			"pleiades_id": "893945",
			"popular_name": "Messerschimdt, KAH 1 no. 49",
			"primary_publication": "Sennacherib 205",
			"provenience": "Qalat Sherqat (Assur)",
			"ruler": "Sennacherib",
			"script": "Neo-Assyrian",
			"script_remarks": "inscribed",
			"script_type": "Cuneiform",
			"subgenre": "Sennacherib",
			"supergenre": "LIT"
		},
		"geometry": {
			"type": "Point",
			"coordinates": [43.262037,35.458121]
		}
	}, {
		"type": "Feature",
		"properties": {
			"credits": "Created by A. Kirk Grayson, Jamie Novotny, and the Royal Inscriptions of the Neo-Assyrian Period (RINAP) Project, 2014. Lemmatized by Jamie Novotny, 2013. The annotated edition is released under the Creative Commons Attribution Share-Alike license 3.0. Please cite this page as http://oracc.org/rinap/Q004011/.",
			"date_of_origin": "704-681",
			"designation": "Sennacherib 206",
			"display_name": "RINAP 3 206",
			"dynastic_seat": "Assyria",
			"genre": "Royal Inscription",
			"id_composite": "Q004011",
			"language": "Akkadian",
			"material": "clay",
			"object_type": "brick",
			"period": "Neo-Assyrian",
			"pleiades_id": "893945",
			"popular_name": "Ashur duplicates of text Sennacherib 99",
			"primary_publication": "Sennacherib 206",
			"provenience": "Qalat Sherqat (Assur)",
			"ruler": "Sennacherib",
			"script": "Neo-Assyrian",
			"script_remarks": "inscribed",
			"script_type": "Cuneiform",
			"subgenre": "Sennacherib",
			"supergenre": "LIT"
		},
		"geometry": {
			"type": "Point",
			"coordinates": [43.262037,35.458121]
		}
	}, {
		"type": "Feature",
		"properties": {
			"cdli_id": "P467221",
			"collection": "Vorderasiatisches Museum, Berlin, Germany",
			"credits": "Created by A. Kirk Grayson, Jamie Novotny, and the Royal Inscriptions of the Neo-Assyrian Period (RINAP) Project, 2014. Lemmatized by Jamie Novotny, 2013. The annotated edition is released under the Creative Commons Attribution Share-Alike license 3.0. Please cite this page as http://oracc.org/rinap/Q004012/.",
			"date_of_origin": "704-681",
			"designation": "Sennacherib 207",
			"display_name": "RINAP 3 207",
			"dynastic_seat": "Assyria",
			"exemplars": "Ass 00255; Ass 00313",
			"genre": "Royal Inscription",
			"id_composite": "Q004012",
			"language": "Akkadian",
			"material": "clay",
			"object_type": "brick",
			"period": "Neo-Assyrian",
			"pleiades_id": "893945",
			"popular_name": "Ass 00255 / Ass 00313",
			"primary_publication": "Sennacherib 207",
			"provenience": "Qalat Sherqat (Assur)",
			"ruler": "Sennacherib",
			"script": "Neo-Assyrian",
			"script_remarks": "inscribed",
			"script_type": "Cuneiform",
			"subgenre": "Sennacherib",
			"supergenre": "LIT"
		},
		"geometry": {
			"type": "Point",
			"coordinates": [43.262037,35.458121]
		}
	}, {
		"type": "Feature",
		"properties": {
			"cdli_id": "P467222",
			"collection": "Vorderasiatisches Museum, Berlin, Germany",
			"credits": "Created by A. Kirk Grayson, Jamie Novotny, and the Royal Inscriptions of the Neo-Assyrian Period (RINAP) Project, 2014. Lemmatized by Jamie Novotny, 2013. The annotated edition is released under the Creative Commons Attribution Share-Alike license 3.0. Please cite this page as http://oracc.org/rinap/Q004013/.",
			"date_of_origin": "704-681",
			"designation": "Sennacherib 208",
			"display_name": "RINAP 3 208",
			"dynastic_seat": "Assyria",
			"exemplars": "Ass 01502",
			"genre": "Royal Inscription",
			"id_composite": "Q004013",
			"language": "Akkadian",
			"material": "clay",
			"object_type": "brick",
			"period": "Neo-Assyrian",
			"pleiades_id": "893945",
			"popular_name": "Ass 01502",
			"primary_publication": "Sennacherib 208",
			"provenience": "Qalat Sherqat (Assur)",
			"ruler": "Sennacherib",
			"script": "Neo-Assyrian",
			"script_remarks": "inscribed",
			"script_type": "Cuneiform",
			"subgenre": "Sennacherib",
			"supergenre": "LIT"
		},
		"geometry": {
			"type": "Point",
			"coordinates": [43.262037,35.458121]
		}
	}, {
		"type": "Feature",
		"properties": {
			"cdli_id": "P467223",
			"collection": "Vorderasiatisches Museum, Berlin, Germany",
			"credits": "Created by A. Kirk Grayson, Jamie Novotny, and the Royal Inscriptions of the Neo-Assyrian Period (RINAP) Project, 2014. Lemmatized by Jamie Novotny, 2013. The annotated edition is released under the Creative Commons Attribution Share-Alike license 3.0. Please cite this page as http://oracc.org/rinap/Q004014/.",
			"date_of_origin": "704-681",
			"designation": "Sennacherib 209",
			"display_name": "RINAP 3 209",
			"dynastic_seat": "Assyria",
			"exemplars": "VAT 09831",
			"genre": "Royal Inscription",
			"id_composite": "Q004014",
			"language": "Akkadian",
			"material": "clay",
			"object_type": "tablet",
			"period": "Neo-Assyrian",
			"pleiades_id": "893945",
			"popular_name": "VAT 09831",
			"primary_publication": "Sennacherib 209",
			"provenience": "Qalat Sherqat (Assur)",
			"ruler": "Sennacherib",
			"script": "Neo-Assyrian",
			"script_remarks": "inscribed",
			"script_type": "Cuneiform",
			"subgenre": "Sennacherib",
			"supergenre": "LIT"
		},
		"geometry": {
			"type": "Point",
			"coordinates": [43.262037,35.458121]
		}
	}, {
		"type": "Feature",
		"properties": {
			"cdli_id": "P467224",
			"collection": "British Museum, London, UK",
			"credits": "Created by A. Kirk Grayson, Jamie Novotny, and the Royal Inscriptions of the Neo-Assyrian Period (RINAP) Project, 2014. Lemmatized by Jamie Novotny, 2013. The annotated edition is released under the Creative Commons Attribution Share-Alike license 3.0. Please cite this page as http://oracc.org/rinap/Q004015/.",
			"date_of_origin": "704-681",
			"designation": "Sennacherib 210",
			"display_name": "RINAP 3 210",
			"dynastic_seat": "Assyria",
			"exemplars": "BM 089159 (N 1139)",
			"genre": "Royal Inscription",
			"id_composite": "Q004015",
			"language": "Akkadian",
			"material": "stone",
			"object_type": "bead",
			"period": "Neo-Assyrian",
			"pleiades_id": "894019",
			"popular_name": "BM 089159",
			"primary_publication": "Sennacherib 210",
			"provenience": "Nimrud (Kalhu)",
			"ruler": "Sennacherib",
			"script": "Neo-Assyrian",
			"script_remarks": "inscribed",
			"script_type": "Cuneiform",
			"subgenre": "Sennacherib",
			"supergenre": "LIT"
		},
		"geometry": {
			"type": "Point",
			"coordinates": [43.3275,36.099167]
		}
	}, {
		"type": "Feature",
		"properties": {
			"cdli_id": "P467225",
			"collection": "British Museum, London, UK",
			"credits": "Created by A. Kirk Grayson, Jamie Novotny, and the Royal Inscriptions of the Neo-Assyrian Period (RINAP) Project, 2014. Lemmatized by Jamie Novotny, 2013. The annotated edition is released under the Creative Commons Attribution Share-Alike license 3.0. Please cite this page as http://oracc.org/rinap/Q004016/.",
			"date_of_origin": "704-681",
			"designation": "Sennacherib 211",
			"display_name": "RINAP 3 211",
			"dynastic_seat": "Assyria",
			"exemplars": "BM 091231 (1848-11-04, 0077)",
			"genre": "Royal Inscription",
			"id_composite": "Q004016",
			"language": "Akkadian, Aramaic",
			"material": "metal",
			"object_type": "lion weight",
			"period": "Neo-Assyrian",
			"pleiades_id": "894019",
			"popular_name": "BM 091231",
			"primary_publication": "Sennacherib 211",
			"provenience": "Nimrud (Kalhu)",
			"ruler": "Sennacherib",
			"script": "Neo-Assyrian, Aramaic",
			"script_remarks": "inscribed",
			"script_type": "Cuneiform, Alphabetic",
			"subgenre": "Sennacherib",
			"supergenre": "LIT"
		},
		"geometry": {
			"type": "Point",
			"coordinates": [43.3275,36.099167]
		}
	}, {
		"type": "Feature",
		"properties": {
			"cdli_id": "P467226",
			"collection": "British Museum, London, UK",
			"credits": "Created by A. Kirk Grayson, Jamie Novotny, and the Royal Inscriptions of the Neo-Assyrian Period (RINAP) Project, 2014. Lemmatized by Jamie Novotny, 2013. The annotated edition is released under the Creative Commons Attribution Share-Alike license 3.0. Please cite this page as http://oracc.org/rinap/Q004017/.",
			"date_of_origin": "704-681",
			"designation": "Sennacherib 212",
			"display_name": "RINAP 3 212",
			"dynastic_seat": "Assyria",
			"exemplars": "ND 04327; ND 04328A; ND 04328C; ND 04331; ND 04336; ND 04339; Wiseman, Treaties pl. V no. 1; Wiseman, Treaties pl. V no. 2; Wiseman, Treaties pl. V no. 3",
			"genre": "Royal Inscription",
			"id_composite": "Q004017",
			"language": "Akkadian",
			"material": "clay",
			"object_type": "tablet (with seal impressions)",
			"period": "Neo-Assyrian",
			"pleiades_id": "894019",
			"popular_name": "Seal A on Esarhaddon’s Succession TreatyNimrud, Ashur, and Tell Taynat",
			"primary_publication": "Sennacherib 212",
			"provenience": "Nimrud (Kalhu)",
			"ruler": "Sennacherib",
			"script": "Neo-Assyrian",
			"script_remarks": "inscribed",
			"script_type": "Cuneiform",
			"subgenre": "Sennacherib",
			"supergenre": "LIT"
		},
		"geometry": {
			"type": "Point",
			"coordinates": [43.3275,36.099167]
		}
	}, {
		"type": "Feature",
		"properties": {
			"cdli_id": "P467227",
			"collection": "National Museum of Iraq, Baghdad, Iraq",
			"credits": "Created by A. Kirk Grayson, Jamie Novotny, and the Royal Inscriptions of the Neo-Assyrian Period (RINAP) Project, 2014. Lemmatized by Jamie Novotny, 2013. The annotated edition is released under the Creative Commons Attribution Share-Alike license 3.0. Please cite this page as http://oracc.org/rinap/Q004018/.",
			"date_of_origin": "704-681",
			"designation": "Sennacherib 213",
			"display_name": "RINAP 3 213",
			"dynastic_seat": "Assyria",
			"exemplars": "Frahm, ISIMU 6 pp. 161-163 pls. 1-3; Frahm, ISIMU 6 pp. 134-141 T variants",
			"genre": "Royal Inscription",
			"id_composite": "Q004018",
			"language": "Akkadian",
			"material": "clay",
			"object_type": "cylinder",
			"period": "Neo-Assyrian",
			"pleiades_id": "30774368",
			"popular_name": "First Campaign Cylinder",
			"primary_publication": "Sennacherib 213",
			"provenience": "Tell Sherif Khan (Tarbisu)",
			"ruler": "Sennacherib",
			"script": "Neo-Assyrian",
			"script_remarks": "inscribed",
			"script_type": "Cuneiform",
			"subgenre": "Sennacherib",
			"supergenre": "LIT"
		},
		"geometry": {
			"type": "Point",
			"coordinates": [43.0773110,36.4087884]
		}
	}, {
		"type": "Feature",
		"properties": {
			"cdli_id": "P467228",
			"collection": "British Museum, London, UK",
			"credits": "Created by A. Kirk Grayson, Jamie Novotny, and the Royal Inscriptions of the Neo-Assyrian Period (RINAP) Project, 2014. Lemmatized by Jamie Novotny, 2013. The annotated edition is released under the Creative Commons Attribution Share-Alike license 3.0. Please cite this page as http://oracc.org/rinap/Q004019/.",
			"date_of_origin": "704-681",
			"designation": "Sennacherib 214",
			"display_name": "RINAP 3 214",
			"dynastic_seat": "Assyria",
			"exemplars": "1856-09-09, 0138; 1856-09-09, 0147 + 1856-09-09, 0149",
			"genre": "Royal Inscription",
			"id_composite": "Q004019",
			"language": "Akkadian",
			"material": "clay",
			"object_type": "cone",
			"period": "Neo-Assyrian",
			"pleiades_id": "30774368",
			"popular_name": "3 R pl. 3 no. 13",
			"primary_publication": "Sennacherib 214",
			"provenience": "Tell Sherif Khan (Tarbisu)",
			"ruler": "Sennacherib",
			"script": "Neo-Assyrian",
			"script_remarks": "inscribed",
			"script_type": "Cuneiform",
			"subgenre": "Sennacherib",
			"supergenre": "LIT"
		},
		"geometry": {
			"type": "Point",
			"coordinates": [43.0773110,36.4087884]
		}
	}, {
		"type": "Feature",
		"properties": {
			"cdli_id": "P467229",
			"credits": "Created by A. Kirk Grayson, Jamie Novotny, and the Royal Inscriptions of the Neo-Assyrian Period (RINAP) Project, 2014. Lemmatized by Jamie Novotny, 2013. The annotated edition is released under the Creative Commons Attribution Share-Alike license 3.0. Please cite this page as http://oracc.org/rinap/Q004020/.",
			"date_of_origin": "704-681",
			"designation": "Sennacherib 215",
			"display_name": "RINAP 3 215",
			"dynastic_seat": "Assyria",
			"exemplars": "1 R pl. 7 no. VIII D; 1 R pl. 7 no. VIII D variants; Sulaiman, Adab al-Rafidayn 2 pl. 4",
			"genre": "Royal Inscription",
			"id_composite": "Q004020",
			"language": "Akkadian",
			"material": "stone",
			"object_type": "slab",
			"period": "Neo-Assyrian",
			"pleiades_id": "30774368",
			"popular_name": "1 R pl. 7 VIII D",
			"primary_publication": "Sennacherib 215",
			"provenience": "Tell Sherif Khan (Tarbisu)",
			"ruler": "Sennacherib",
			"script": "Neo-Assyrian",
			"script_remarks": "inscribed",
			"script_type": "Cuneiform",
			"subgenre": "Sennacherib",
			"supergenre": "LIT"
		},
		"geometry": {
			"type": "Point",
			"coordinates": [43.0773110,36.4087884]
		}
	}, {
		"type": "Feature",
		"properties": {
			"cdli_id": "P467230",
			"collection": "British Museum, London, UK; Vorderasiatisches Museum, Berlin, Germany; private, Perk, H., Turkey",
			"credits": "Created by A. Kirk Grayson, Jamie Novotny, and the Royal Inscriptions of the Neo-Assyrian Period (RINAP) Project, 2014. Lemmatized by Jamie Novotny, 2013. The annotated edition is released under the Creative Commons Attribution Share-Alike license 3.0. Please cite this page as http://oracc.org/rinap/Q004021/.",
			"date_of_origin": "704-681",
			"designation": "Sennacherib 216",
			"display_name": "RINAP 3 216",
			"dynastic_seat": "Assyria",
			"exemplars": "BM 090217 (1979-12-20, 0129); BM 090218 (1979-12-20, 0130); BM 090219 (1979-12-20, 0131); BM 090370 + BM 090376 (1979-12-20, 0219); BM 090453 + BM 090455 + BM 090468 (1979-12-20, 0259); BM 090461 (1979-12-20, 0264); VA 03215; Sulaiman, Adab al-Rafidayn 2 pl. 8; Perk 3209; Layard, MS C fol. 78r no. 2",
			"genre": "Royal Inscription",
			"id_composite": "Q004021",
			"language": "Akkadian",
			"material": "clay",
			"object_type": "brick",
			"period": "Neo-Assyrian",
			"pleiades_id": "30774368",
			"popular_name": "Sennacherib [brick] N",
			"primary_publication": "Sennacherib 216",
			"provenience": "Tell Sherif Khan (Tarbisu)",
			"ruler": "Sennacherib",
			"script": "Neo-Assyrian",
			"script_remarks": "inscribed",
			"script_type": "Cuneiform",
			"subgenre": "Sennacherib",
			"supergenre": "LIT"
		},
		"geometry": {
			"type": "Point",
			"coordinates": [43.0773110,36.4087884]
		}
	}, {
		"type": "Feature",
		"properties": {
			"cdli_id": "P467231",
			"credits": "Created by A. Kirk Grayson, Jamie Novotny, and the Royal Inscriptions of the Neo-Assyrian Period (RINAP) Project, 2014. Lemmatized by Jamie Novotny, 2013. The annotated edition is released under the Creative Commons Attribution Share-Alike license 3.0. Please cite this page as http://oracc.org/rinap/Q004022/.",
			"date_of_origin": "704-681",
			"designation": "Sennacherib 217",
			"display_name": "RINAP 3 217",
			"dynastic_seat": "Assyria",
			"exemplars": "Sulaiman, Adab al-Rafidayn 2 p. 29",
			"genre": "Royal Inscription",
			"id_composite": "Q004022",
			"language": "Akkadian",
			"material": "clay",
			"object_type": "brick",
			"period": "Neo-Assyrian",
			"pleiades_id": "30774368",
			"popular_name": "Sulaiman, Adab al-Rafidayn",
			"primary_publication": "Sennacherib 217",
			"provenience": "Tell Sherif Khan (Tarbisu)",
			"ruler": "Sennacherib",
			"script": "Neo-Assyrian",
			"script_remarks": "inscribed",
			"script_type": "Cuneiform",
			"subgenre": "Sennacherib",
			"supergenre": "LIT"
		},
		"geometry": {
			"type": "Point",
			"coordinates": [43.0773110,36.4087884]
		}
	}, {
		"type": "Feature",
		"properties": {
			"cdli_id": "P467232",
			"credits": "Created by A. Kirk Grayson, Jamie Novotny, and the Royal Inscriptions of the Neo-Assyrian Period (RINAP) Project, 2014. Lemmatized by Jamie Novotny, 2013. The annotated edition is released under the Creative Commons Attribution Share-Alike license 3.0. Please cite this page as http://oracc.org/rinap/Q004023/.",
			"date_of_origin": "704-681",
			"designation": "Sennacherib 218",
			"display_name": "RINAP 3 218",
			"dynastic_seat": "Assyria",
			"exemplars": "Furlani, Rendiconti ANL 6/10 pp. 475-478",
			"genre": "Royal Inscription",
			"id_composite": "Q004023",
			"language": "Akkadian",
			"material": "stone",
			"object_type": "slab",
			"period": "Neo-Assyrian",
			"pleiades_id": "894027",
			"popular_name": "Furlani, Rendiconti ANL 6/10 pp. 475-478",
			"primary_publication": "Sennacherib 218",
			"provenience": "Qasr Shamamuk (Kilizu)",
			"ruler": "Sennacherib",
			"script": "Neo-Assyrian",
			"script_remarks": "inscribed",
			"script_type": "Cuneiform",
			"subgenre": "Sennacherib",
			"supergenre": "LIT"
		},
		"geometry": {
			"type": "Point",
			"coordinates": [43.751839,36.105774]
		}
	}, {
		"type": "Feature",
		"properties": {
			"cdli_id": "P467233",
			"collection": "British Museum, London, UK; Museo Archeologico Nazionale di Firenze, Florence, Italy; Arkeoloji Müzerleri, Istanbul, Turkey",
			"credits": "Created by A. Kirk Grayson, Jamie Novotny, and the Royal Inscriptions of the Neo-Assyrian Period (RINAP) Project, 2014. Lemmatized by Jamie Novotny, 2013. The annotated edition is released under the Creative Commons Attribution Share-Alike license 3.0. Please cite this page as http://oracc.org/rinap/Q004024/.",
			"date_of_origin": "704-681",
			"designation": "Sennacherib 219",
			"display_name": "RINAP 3 219",
			"dynastic_seat": "Assyria",
			"exemplars": "BM 090777 (1979-12-20, 0345); BM 090368 (1979-12-20, 0217); Lehmann-Haupt, Mat. p. 50 no. 26; MAF 94609; S. Smith, EHA pl. XXIII c; EŞ 8888; Layard, MS C fol. 6v no. 5; Masetti-Rouault, Mār Šiprim 2013/2 figs. 7-8; MAF 94608; MAF 57990; MAF 57991; MAF 57992; MAF 57993; MAF 57994; MAF 57996; MAF 57997",
			"genre": "Royal Inscription",
			"id_composite": "Q004024",
			"language": "Akkadian",
			"material": "clay",
			"object_type": "brick",
			"period": "Neo-Assyrian",
			"pleiades_id": "894027",
			"popular_name": "Sennacherib [brick] M",
			"primary_publication": "Sennacherib 219",
			"provenience": "Qasr Shamamuk (Kilizu)",
			"ruler": "Sennacherib",
			"script": "Neo-Assyrian",
			"script_remarks": "inscribed",
			"script_type": "Cuneiform",
			"subgenre": "Sennacherib",
			"supergenre": "LIT"
		},
		"geometry": {
			"type": "Point",
			"coordinates": [43.751839,36.105774]
		}
	}, {
		"type": "Feature",
		"properties": {
			"cdli_id": "P467234",
			"credits": "Created by A. Kirk Grayson, Jamie Novotny, and the Royal Inscriptions of the Neo-Assyrian Period (RINAP) Project, 2014. Lemmatized by Jamie Novotny, 2013. The annotated edition is released under the Creative Commons Attribution Share-Alike license 3.0. Please cite this page as http://oracc.org/rinap/Q004025/.",
			"date_of_origin": "704-681",
			"designation": "Sennacherib 220",
			"display_name": "RINAP 3 220",
			"dynastic_seat": "Assyria",
			"exemplars": "Speiser, BASOR 40 p. 12",
			"genre": "Royal Inscription",
			"id_composite": "Q004025",
			"language": "Akkadian",
			"material": "clay",
			"object_type": "brick",
			"period": "Neo-Assyrian",
			"pleiades_id": "237391811",
			"popular_name": "Speiser, BASOR 40 p. 12",
			"primary_publication": "Sennacherib 220",
			"provenience": "Tell Billa (Šibaniba)",
			"ruler": "Sennacherib",
			"script": "Neo-Assyrian",
			"script_remarks": "inscribed",
			"script_type": "Cuneiform",
			"subgenre": "Sennacherib",
			"supergenre": "LIT"
		},
		"geometry": {
			"type": "Point",
			"coordinates": [43.347545,36.4330610]
		}
	}, {
		"type": "Feature",
		"properties": {
			"cdli_id": "P467235",
			"credits": "Created by A. Kirk Grayson, Jamie Novotny, and the Royal Inscriptions of the Neo-Assyrian Period (RINAP) Project, 2014. Lemmatized by Jamie Novotny, 2013. The annotated edition is released under the Creative Commons Attribution Share-Alike license 3.0. Please cite this page as http://oracc.org/rinap/Q004026/.",
			"date_of_origin": "704-681",
			"designation": "Sennacherib 221",
			"display_name": "RINAP 3 221",
			"dynastic_seat": "Assyria",
			"exemplars": "Layard, Discoveries pp. 129-130",
			"genre": "Royal Inscription",
			"id_composite": "Q004026",
			"language": "Akkadian",
			"material": "clay",
			"object_type": "brick",
			"period": "Neo-Assyrian",
			"pleiades_id": "741318296",
			"popular_name": "Layard, Discoveries pp. 129-130",
			"primary_publication": "Sennacherib 221",
			"provenience": "Tulul al-Lak",
			"ruler": "Sennacherib",
			"script": "Neo-Assyrian",
			"script_remarks": "inscribed",
			"script_type": "Cuneiform",
			"subgenre": "Sennacherib",
			"supergenre": "LIT"
		},
		"geometry": {
			"type": "Point",
			"coordinates": [43.263445,36.298266]
		}
	}, {
		"type": "Feature",
		"properties": {
			"cdli_id": "P467236",
			"credits": "Created by A. Kirk Grayson, Jamie Novotny, and the Royal Inscriptions of the Neo-Assyrian Period (RINAP) Project, 2014. Lemmatized by Jamie Novotny, 2013. The annotated edition is released under the Creative Commons Attribution Share-Alike license 3.0. Please cite this page as http://oracc.org/rinap/Q004027/.",
			"date_of_origin": "704-681",
			"designation": "Sennacherib 222",
			"display_name": "RINAP 3 222",
			"dynastic_seat": "Assyria",
			"exemplars": "King, PSBA 35 pls. XIV-XX; King, PSBA 35 pls. XII-XIII; King, PSBA 35 pl. XXI; King, PSBA 35 pls. XXII-XXV; King, PSBA 35 pls. XXV-XXVI; King, PSBA 35 pp. 89-91",
			"genre": "Royal Inscription",
			"id_composite": "Q004027",
			"language": "Akkadian",
			"material": "stone",
			"object_type": "rock face",
			"period": "Neo-Assyrian",
			"pleiades_id": "471828778",
			"popular_name": "Judi Dagh Inscription",
			"primary_publication": "Sennacherib 222",
			"provenience": "Judi Dagh",
			"ruler": "Sennacherib",
			"script": "Neo-Assyrian",
			"script_remarks": "inscribed",
			"script_type": "Cuneiform",
			"subgenre": "Sennacherib",
			"supergenre": "LIT"
		},
		"geometry": {
			"type": "Point",
			"coordinates": [42.3288972,37.3923021]
		}
	}, {
		"type": "Feature",
		"properties": {
			"cdli_id": "P467237",
			"credits": "Created by A. Kirk Grayson, Jamie Novotny, and the Royal Inscriptions of the Neo-Assyrian Period (RINAP) Project, 2014. Lemmatized by Jamie Novotny, 2013. The annotated edition is released under the Creative Commons Attribution Share-Alike license 3.0. Please cite this page as http://oracc.org/rinap/Q004028/.",
			"date_of_origin": "704-681",
			"designation": "Sennacherib 223",
			"display_name": "RINAP 3 223",
			"dynastic_seat": "Assyria",
			"exemplars": "Layard, MS C fol. 2r and fol. 3r (Layard, MS C fol. 87r; Layard, MS D p. 16; King, Bavian copies &quot;Central Panel&quot;); MS C fol. 1r-1v (King, Bavian copies &quot;Upper Panel&quot;); Layard, MS C fol. 82r-82v (King, Bavian copies &quot;Lower Panel&quot;)",
			"genre": "Royal Inscription",
			"id_composite": "Q004028",
			"language": "Akkadian",
			"material": "stone",
			"object_type": "rock face",
			"period": "Neo-Assyrian",
			"pleiades_id": "359792983",
			"popular_name": "Bavian Inscription",
			"primary_publication": "Sennacherib 223",
			"provenience": "Bavian",
			"ruler": "Sennacherib",
			"script": "Neo-Assyrian",
			"script_remarks": "inscribed",
			"script_type": "Cuneiform",
			"subgenre": "Sennacherib",
			"supergenre": "LIT"
		},
		"geometry": {
			"type": "Point",
			"coordinates": [43.420619,36.76194]
		}
	}, {
		"type": "Feature",
		"properties": {
			"cdli_id": "P467238",
			"credits": "Created by A. Kirk Grayson, Jamie Novotny, and the Royal Inscriptions of the Neo-Assyrian Period (RINAP) Project, 2014. Lemmatized by Jamie Novotny, 2013. The annotated edition is released under the Creative Commons Attribution Share-Alike license 3.0. Please cite this page as http://oracc.org/rinap/Q004029/.",
			"date_of_origin": "704-681",
			"designation": "Sennacherib 224",
			"display_name": "RINAP 3 224",
			"dynastic_seat": "Assyria",
			"exemplars": "Jacobsen and Lloyd, OIP 24 p. 19 and pls. XV and XVII Inscription A",
			"genre": "Royal Inscription",
			"id_composite": "Q004029",
			"language": "Akkadian",
			"material": "stone",
			"object_type": "block",
			"period": "Neo-Assyrian",
			"pleiades_id": "10280471",
			"popular_name": "[Jerwan] Inscription A",
			"primary_publication": "Sennacherib 224",
			"provenience": "Jerwan Aqueduct",
			"ruler": "Sennacherib",
			"script": "Neo-Assyrian",
			"script_remarks": "inscribed",
			"script_type": "Cuneiform",
			"subgenre": "Sennacherib",
			"supergenre": "LIT"
		},
		"geometry": {
			"type": "Point",
			"coordinates": [43.393475,36.669779]
		}
	}, {
		"type": "Feature",
		"properties": {
			"cdli_id": "P467239",
			"credits": "Created by A. Kirk Grayson, Jamie Novotny, and the Royal Inscriptions of the Neo-Assyrian Period (RINAP) Project, 2014. Lemmatized by Jamie Novotny, 2013. The annotated edition is released under the Creative Commons Attribution Share-Alike license 3.0. Please cite this page as http://oracc.org/rinap/Q004030/.",
			"date_of_origin": "704-681",
			"designation": "Sennacherib 225",
			"display_name": "RINAP 3 225",
			"dynastic_seat": "Assyria",
			"exemplars": "Jacobsen and Lloyd, OIP 24 p. 19 and pls. XV and XVII Inscription A",
			"genre": "Royal Inscription",
			"id_composite": "Q004030",
			"language": "Akkadian",
			"material": "stone",
			"object_type": "block",
			"period": "Neo-Assyrian",
			"pleiades_id": "10280471",
			"popular_name": "[Jerwan] Inscription A",
			"primary_publication": "Sennacherib 225",
			"provenience": "Jerwan Aqueduct",
			"ruler": "Sennacherib",
			"script": "Neo-Assyrian",
			"script_remarks": "inscribed",
			"script_type": "Cuneiform",
			"subgenre": "Sennacherib",
			"supergenre": "LIT"
		},
		"geometry": {
			"type": "Point",
			"coordinates": [43.393475,36.669779]
		}
	}, {
		"type": "Feature",
		"properties": {
			"cdli_id": "P467240",
			"credits": "Created by A. Kirk Grayson, Jamie Novotny, and the Royal Inscriptions of the Neo-Assyrian Period (RINAP) Project, 2014. Lemmatized by Jamie Novotny, 2013. The annotated edition is released under the Creative Commons Attribution Share-Alike license 3.0. Please cite this page as http://oracc.org/rinap/Q004031/.",
			"date_of_origin": "704-681",
			"designation": "Sennacherib 226",
			"display_name": "RINAP 3 226",
			"dynastic_seat": "Assyria",
			"exemplars": "Jacobsen and Lloyd, OIP 24 pp. 19-22 and pls. XV-XVIII Inscription B",
			"genre": "Royal Inscription",
			"id_composite": "Q004031",
			"language": "Akkadian",
			"material": "stone",
			"object_type": "series of blocks",
			"period": "Neo-Assyrian",
			"pleiades_id": "10280471",
			"popular_name": "[Jerwan] Inscription B",
			"primary_publication": "Sennacherib 226",
			"provenience": "Jerwan Aqueduct",
			"ruler": "Sennacherib",
			"script": "Neo-Assyrian",
			"script_remarks": "inscribed",
			"script_type": "Cuneiform",
			"subgenre": "Sennacherib",
			"supergenre": "LIT"
		},
		"geometry": {
			"type": "Point",
			"coordinates": [43.393475,36.669779]
		}
	}, {
		"type": "Feature",
		"properties": {
			"cdli_id": "P467241",
			"credits": "Created by A. Kirk Grayson, Jamie Novotny, and the Royal Inscriptions of the Neo-Assyrian Period (RINAP) Project, 2014. Lemmatized by Jamie Novotny, 2013. The annotated edition is released under the Creative Commons Attribution Share-Alike license 3.0. Please cite this page as http://oracc.org/rinap/Q004032/.",
			"date_of_origin": "704-681",
			"designation": "Sennacherib 227",
			"display_name": "RINAP 3 227",
			"dynastic_seat": "Assyria",
			"exemplars": "Jacobsen and Lloyd, OIP 24 pp. 22-23 and pl. XVIII Inscription C",
			"genre": "Royal Inscription",
			"id_composite": "Q004032",
			"language": "Akkadian",
			"material": "stone",
			"object_type": "series of blocks",
			"period": "Neo-Assyrian",
			"pleiades_id": "10280471",
			"popular_name": "[Jerwan] Inscription C",
			"primary_publication": "Sennacherib 227",
			"provenience": "Jerwan Aqueduct",
			"ruler": "Sennacherib",
			"script": "Neo-Assyrian",
			"script_remarks": "inscribed",
			"script_type": "Cuneiform",
			"subgenre": "Sennacherib",
			"supergenre": "LIT"
		},
		"geometry": {
			"type": "Point",
			"coordinates": [43.393475,36.669779]
		}
	}, {
		"type": "Feature",
		"properties": {
			"cdli_id": "P467242",
			"credits": "Created by A. Kirk Grayson, Jamie Novotny, and the Royal Inscriptions of the Neo-Assyrian Period (RINAP) Project, 2014. Lemmatized by Jamie Novotny, 2013. The annotated edition is released under the Creative Commons Attribution Share-Alike license 3.0. Please cite this page as http://oracc.org/rinap/Q004033/.",
			"date_of_origin": "704-681",
			"designation": "Sennacherib 228",
			"display_name": "RINAP 3 228",
			"dynastic_seat": "Assyria",
			"exemplars": "Jacobsen and Lloyd, OIP 24 pp. 23-27 and pls. X and XIX-XXX Inscription D",
			"genre": "Royal Inscription",
			"id_composite": "Q004033",
			"language": "Akkadian",
			"material": "stone",
			"object_type": "series of blocks",
			"period": "Neo-Assyrian",
			"pleiades_id": "10280471",
			"popular_name": "[Jerwan] Inscription D",
			"primary_publication": "Sennacherib 228",
			"provenience": "Jerwan Aqueduct",
			"ruler": "Sennacherib",
			"script": "Neo-Assyrian",
			"script_remarks": "inscribed",
			"script_type": "Cuneiform",
			"subgenre": "Sennacherib",
			"supergenre": "LIT"
		},
		"geometry": {
			"type": "Point",
			"coordinates": [43.393475,36.669779]
		}
	}, {
		"type": "Feature",
		"properties": {
			"cdli_id": "P467243",
			"credits": "Created by A. Kirk Grayson, Jamie Novotny, and the Royal Inscriptions of the Neo-Assyrian Period (RINAP) Project, 2014. Lemmatized by Jamie Novotny, 2013. The annotated edition is released under the Creative Commons Attribution Share-Alike license 3.0. Please cite this page as http://oracc.org/rinap/Q004034/.",
			"date_of_origin": "704-681",
			"designation": "Sennacherib 229",
			"display_name": "RINAP 3 229",
			"dynastic_seat": "Assyria",
			"exemplars": "Safar and Basmaji, Sumer 2 pp. 50-52; Safar, Sumer 3 pl. 6, Arabic section",
			"genre": "Royal Inscription",
			"id_composite": "Q004034",
			"language": "Akkadian",
			"material": "stone",
			"object_type": "series of blocks",
			"period": "Neo-Assyrian",
			"pleiades_id": "359792984",
			"popular_name": "Safar, Sumer 2 pp. 50-52",
			"primary_publication": "Sennacherib 229",
			"provenience": "Wadi Bastura Tunnel",
			"ruler": "Sennacherib",
			"script": "Neo-Assyrian",
			"script_remarks": "inscribed",
			"script_type": "Cuneiform",
			"subgenre": "Sennacherib",
			"supergenre": "LIT"
		},
		"geometry": {
			"type": "Point",
			"coordinates": [44.1158443,36.3516938]
		}
	}, {
		"type": "Feature",
		"properties": {
			"cdli_id": "P467244",
			"collection": "Walters Art Museum, Baltimore, Maryland, USA; Semitics/ICOR Collections, Catholic University of America, Washington, DC, USA",
			"credits": "Created by A. Kirk Grayson, Jamie Novotny, and the Royal Inscriptions of the Neo-Assyrian Period (RINAP) Project, 2014. Lemmatized by Jamie Novotny, 2013. The annotated edition is released under the Creative Commons Attribution Share-Alike license 3.0. Please cite this page as http://oracc.org/rinap/Q004035/.",
			"date_of_origin": "704-681",
			"designation": "Sennacherib 230",
			"display_name": "RINAP 3 230",
			"dynastic_seat": "Assyria",
			"exemplars": "WAG 41.0109; CUA -",
			"genre": "Royal Inscription",
			"id_composite": "Q004035",
			"language": "Akkadian",
			"material": "stone",
			"object_type": "tablet",
			"period": "Neo-Assyrian",
			"pleiades_id": "894082",
			"popular_name": "Baltimore/Washington Inscription",
			"primary_publication": "Sennacherib 230",
			"provenience": "Samarra (Sur-marrati)",
			"ruler": "Sennacherib",
			"script": "Neo-Assyrian",
			"script_remarks": "inscribed",
			"script_type": "Cuneiform",
			"subgenre": "Sennacherib",
			"supergenre": "LIT"
		},
		"geometry": {
			"type": "Point",
			"coordinates": [43.876735,34.200116]
		}
	}, {
		"type": "Feature",
		"properties": {
			"cdli_id": "P467245",
			"collection": "National Museum of Iraq, Baghdad, Iraq",
			"credits": "Created by A. Kirk Grayson, Jamie Novotny, and the Royal Inscriptions of the Neo-Assyrian Period (RINAP) Project, 2014. Lemmatized by Jamie Novotny, 2013. The annotated edition is released under the Creative Commons Attribution Share-Alike license 3.0. Please cite this page as http://oracc.org/rinap/Q004036/.",
			"date_of_origin": "704-681",
			"designation": "Sennacherib 231",
			"display_name": "RINAP 3 231",
			"dynastic_seat": "Assyria",
			"exemplars": "IM 142115",
			"genre": "Royal Inscription",
			"id_composite": "Q004036",
			"language": "Akkadian",
			"material": "stone",
			"object_type": "tablet",
			"period": "Neo-Assyrian",
			"pleiades_id": "894099",
			"popular_name": "al-Mutawalli, Sumer 51 pp. 14-17",
			"primary_publication": "Sennacherib 231",
			"provenience": "Tikrit",
			"ruler": "Sennacherib",
			"script": "Neo-Assyrian",
			"script_remarks": "inscribed",
			"script_type": "Cuneiform",
			"subgenre": "Sennacherib",
			"supergenre": "LIT"
		},
		"geometry": {
			"type": "Point",
			"coordinates": [43.698871,34.581814]
		}
	}, {
		"type": "Feature",
		"properties": {
			"cdli_id": "P467246",
			"credits": "Created by A. Kirk Grayson, Jamie Novotny, and the Royal Inscriptions of the Neo-Assyrian Period (RINAP) Project, 2014. Lemmatized by Jamie Novotny, 2013. The annotated edition is released under the Creative Commons Attribution Share-Alike license 3.0. Please cite this page as http://oracc.org/rinap/Q004037/.",
			"date_of_origin": "704-681",
			"designation": "Sennacherib 232",
			"display_name": "RINAP 3 232",
			"dynastic_seat": "Assyria",
			"exemplars": "Koldewey, Pflastersteine pl. 4 v",
			"genre": "Royal Inscription",
			"id_composite": "Q004037",
			"language": "Akkadian",
			"material": "stone",
			"object_type": "block",
			"period": "Neo-Assyrian",
			"pleiades_id": "893951",
			"popular_name": "Koldewey, Pflastersteine pl. 4 v / Frame, RIMB 2 p. 154 B.6.23.1",
			"primary_publication": "Sennacherib 232",
			"provenience": "Babylon (Bābili)",
			"ruler": "Sennacherib",
			"script": "Neo-Assyrian",
			"script_remarks": "inscribed",
			"script_type": "Cuneiform",
			"subgenre": "Sennacherib",
			"supergenre": "LIT"
		},
		"geometry": {
			"type": "Point",
			"coordinates": [44.422236,32.543395]
		}
	}, {
		"type": "Feature",
		"properties": {
			"cdli_id": "P467247",
			"collection": "British Museum, London, UK",
			"credits": "Created by A. Kirk Grayson, Jamie Novotny, and the Royal Inscriptions of the Neo-Assyrian Period (RINAP) Project, 2014. Lemmatized by Jamie Novotny, 2013. The annotated edition is released under the Creative Commons Attribution Share-Alike license 3.0. Please cite this page as http://oracc.org/rinap/Q004038/.",
			"date_of_origin": "704-681",
			"designation": "Sennacherib 233",
			"display_name": "RINAP 3 233",
			"dynastic_seat": "Assyria",
			"exemplars": "BM 091678 (AH 1882-07-14, 4464 + 1882-09-18, - )",
			"genre": "Royal Inscription",
			"id_composite": "Q004038",
			"language": "Akkadian",
			"material": "stone",
			"object_type": "lion-head finial",
			"period": "Neo-Assyrian",
			"pleiades_id": "894089",
			"popular_name": "BM 091678 (gift to Esarhaddon)",
			"primary_publication": "Sennacherib 233",
			"provenience": "Tell Abu Habbah (Sippar-Yahrurum)",
			"ruler": "Sennacherib",
			"script": "Neo-Assyrian",
			"script_remarks": "inscribed",
			"script_type": "Cuneiform",
			"subgenre": "Sennacherib",
			"supergenre": "LIT"
		},
		"geometry": {
			"type": "Point",
			"coordinates": [44.253809,33.059195]
		}
	}, {
		"type": "Feature",
		"properties": {
			"cdli_id": "P467248",
			"credits": "Created by A. Kirk Grayson, Jamie Novotny, and the Royal Inscriptions of the Neo-Assyrian Period (RINAP) Project, 2014. Lemmatized by Jamie Novotny, 2013. The annotated edition is released under the Creative Commons Attribution Share-Alike license 3.0. Please cite this page as http://oracc.org/rinap/Q004057/.",
			"date_of_origin": "704-681",
			"designation": "Sennacherib 1001",
			"display_name": "RINAP 3 1001",
			"dynastic_seat": "Assyria",
			"exemplars": "Gadd, AnSt 1 pp. 108-110 and pl. 10 no. 3",
			"genre": "Royal Inscription",
			"id_composite": "Q004057",
			"language": "Akkadian",
			"material": "stone",
			"object_type": "stele",
			"period": "Neo-Assyrian",
			"pleiades_id": "658427",
			"popular_name": "Gadd, AnSt 1 pp. 108-110 and pl. 10 3",
			"primary_publication": "Sennacherib 1001",
			"provenience": "Harran (Harran)",
			"ruler": "Sennacherib",
			"script": "Neo-Assyrian",
			"script_remarks": "inscribed",
			"script_type": "Cuneiform",
			"subgenre": "Sennacherib",
			"supergenre": "LIT"
		},
		"geometry": {
			"type": "Point",
			"coordinates": [39.031184,36.864682]
		}
	}, {
		"type": "Feature",
		"properties": {
			"cdli_id": "P467249",
			"collection": "British Museum, London, UK",
			"credits": "Created by A. Kirk Grayson, Jamie Novotny, and the Royal Inscriptions of the Neo-Assyrian Period (RINAP) Project, 2014. Lemmatized by Jamie Novotny, 2013. The annotated edition is released under the Creative Commons Attribution Share-Alike license 3.0. Please cite this page as http://oracc.org/rinap/Q004058/.",
			"date_of_origin": "704-681",
			"designation": "Sennacherib 1002",
			"display_name": "RINAP 3 1002",
			"dynastic_seat": "Assyria",
			"exemplars": "Sm 2378",
			"genre": "Royal Inscription",
			"id_composite": "Q004058",
			"language": "Akkadian",
			"material": "stone",
			"object_type": "vessel",
			"period": "Neo-Assyrian",
			"pleiades_id": "874621",
			"popular_name": "Sm 2378",
			"primary_publication": "Sennacherib 1002",
			"provenience": "Kuyunjik (Nineveh)",
			"ruler": "Sennacherib",
			"script": "Neo-Assyrian",
			"script_remarks": "inscribed",
			"script_type": "Cuneiform",
			"subgenre": "Sennacherib",
			"supergenre": "LIT"
		},
		"geometry": {
			"type": "Point",
			"coordinates": [43.151937,36.358684]
		}
	}, {
		"type": "Feature",
		"properties": {
			"cdli_id": "P467250",
			"collection": "British Museum, London, UK",
			"credits": "Created by A. Kirk Grayson, Jamie Novotny, and the Royal Inscriptions of the Neo-Assyrian Period (RINAP) Project, 2014. Lemmatized by Jamie Novotny, 2013. The annotated edition is released under the Creative Commons Attribution Share-Alike license 3.0. Please cite this page as http://oracc.org/rinap/Q004059/.",
			"date_of_origin": "704-681",
			"designation": "Sennacherib 1003",
			"display_name": "RINAP 3 1003",
			"dynastic_seat": "Assyria",
			"exemplars": "1855-12-05, 0020",
			"genre": "Royal Inscription",
			"id_composite": "Q004059",
			"language": "Akkadian",
			"material": "stone",
			"object_type": "vessel",
			"period": "Neo-Assyrian",
			"pleiades_id": "874621",
			"popular_name": "1855-12-05, 0020",
			"primary_publication": "Sennacherib 1003",
			"provenience": "Kuyunjik (Nineveh)",
			"ruler": "Sennacherib",
			"script": "Neo-Assyrian",
			"script_remarks": "inscribed",
			"script_type": "Cuneiform",
			"subgenre": "Sennacherib",
			"supergenre": "LIT"
		},
		"geometry": {
			"type": "Point",
			"coordinates": [43.151937,36.358684]
		}
	}, {
		"type": "Feature",
		"properties": {
			"cdli_id": "P467251",
			"collection": "British Museum, London, UK",
			"credits": "Created by A. Kirk Grayson, Jamie Novotny, and the Royal Inscriptions of the Neo-Assyrian Period (RINAP) Project, 2014. Lemmatized by Jamie Novotny, 2013. The annotated edition is released under the Creative Commons Attribution Share-Alike license 3.0. Please cite this page as http://oracc.org/rinap/Q004060/.",
			"date_of_origin": "704-681",
			"designation": "Sennacherib 1004",
			"display_name": "RINAP 3 1004",
			"dynastic_seat": "Assyria",
			"exemplars": "1855-12-05, 0478",
			"genre": "Royal Inscription",
			"id_composite": "Q004060",
			"language": "Akkadian",
			"material": "stone",
			"object_type": "vessel",
			"period": "Neo-Assyrian",
			"pleiades_id": "874621",
			"popular_name": "1855-12-05, 0478",
			"primary_publication": "Sennacherib 1004",
			"provenience": "Kuyunjik (Nineveh)",
			"ruler": "Sennacherib",
			"script": "Neo-Assyrian",
			"script_remarks": "inscribed",
			"script_type": "Cuneiform",
			"subgenre": "Sennacherib",
			"supergenre": "LIT"
		},
		"geometry": {
			"type": "Point",
			"coordinates": [43.151937,36.358684]
		}
	}, {
		"type": "Feature",
		"properties": {
			"cdli_id": "P467252",
			"collection": "British Museum, London, UK",
			"credits": "Created by A. Kirk Grayson, Jamie Novotny, and the Royal Inscriptions of the Neo-Assyrian Period (RINAP) Project, 2014. Lemmatized by Jamie Novotny, 2013. The annotated edition is released under the Creative Commons Attribution Share-Alike license 3.0. Please cite this page as http://oracc.org/rinap/Q004061/.",
			"date_of_origin": "704-681",
			"designation": "Sennacherib 1005",
			"display_name": "RINAP 3 1005",
			"dynastic_seat": "Assyria",
			"exemplars": "1855-12-05, 0021",
			"genre": "Royal Inscription",
			"id_composite": "Q004061",
			"language": "Akkadian",
			"material": "stone",
			"object_type": "vessel",
			"period": "Neo-Assyrian",
			"pleiades_id": "874621",
			"popular_name": "1855-12-05, 0021",
			"primary_publication": "Sennacherib 1005",
			"provenience": "Kuyunjik (Nineveh)",
			"ruler": "Sennacherib",
			"script": "Neo-Assyrian",
			"script_remarks": "inscribed",
			"script_type": "Cuneiform",
			"subgenre": "Sennacherib",
			"supergenre": "LIT"
		},
		"geometry": {
			"type": "Point",
			"coordinates": [43.151937,36.358684]
		}
	}, {
		"type": "Feature",
		"properties": {
			"cdli_id": "P467253",
			"collection": "British Museum, London, UK",
			"credits": "Created by A. Kirk Grayson, Jamie Novotny, and the Royal Inscriptions of the Neo-Assyrian Period (RINAP) Project, 2014. Lemmatized by Jamie Novotny, 2013. The annotated edition is released under the Creative Commons Attribution Share-Alike license 3.0. Please cite this page as http://oracc.org/rinap/Q004062/.",
			"date_of_origin": "704-681",
			"designation": "Sennacherib 1006",
			"display_name": "RINAP 3 1006",
			"dynastic_seat": "Assyria",
			"exemplars": "Bu 1889-04-26, 0184",
			"genre": "Royal Inscription",
			"id_composite": "Q004062",
			"language": "Akkadian",
			"material": "stone",
			"object_type": "vessel",
			"period": "Neo-Assyrian",
			"pleiades_id": "874621",
			"popular_name": "Bu 1889-04-26, 0184",
			"primary_publication": "Sennacherib 1006",
			"provenience": "Kuyunjik (Nineveh)",
			"ruler": "Sennacherib",
			"script": "Neo-Assyrian",
			"script_remarks": "inscribed",
			"script_type": "Cuneiform",
			"subgenre": "Sennacherib",
			"supergenre": "LIT"
		},
		"geometry": {
			"type": "Point",
			"coordinates": [43.151937,36.358684]
		}
	}, {
		"type": "Feature",
		"properties": {
			"cdli_id": "P467254",
			"collection": "British Museum, London, UK",
			"credits": "Created by A. Kirk Grayson, Jamie Novotny, and the Royal Inscriptions of the Neo-Assyrian Period (RINAP) Project, 2014. Lemmatized by Jamie Novotny, 2013. The annotated edition is released under the Creative Commons Attribution Share-Alike license 3.0. Please cite this page as http://oracc.org/rinap/Q004063/.",
			"date_of_origin": "704-681",
			"designation": "Sennacherib 1007",
			"display_name": "RINAP 3 1007",
			"dynastic_seat": "Assyria",
			"exemplars": "1855-12-05, 0477",
			"genre": "Royal Inscription",
			"id_composite": "Q004063",
			"language": "Akkadian",
			"material": "stone",
			"object_type": "vessel",
			"period": "Neo-Assyrian",
			"pleiades_id": "874621",
			"popular_name": "1855-12-05, 0477",
			"primary_publication": "Sennacherib 1007",
			"provenience": "Kuyunjik (Nineveh)",
			"ruler": "Sennacherib",
			"script": "Neo-Assyrian",
			"script_remarks": "inscribed",
			"script_type": "Cuneiform",
			"subgenre": "Sennacherib",
			"supergenre": "LIT"
		},
		"geometry": {
			"type": "Point",
			"coordinates": [43.151937,36.358684]
		}
	}, {
		"type": "Feature",
		"properties": {
			"cdli_id": "P467255",
			"collection": "British Museum, London, UK",
			"credits": "Created by A. Kirk Grayson, Jamie Novotny, and the Royal Inscriptions of the Neo-Assyrian Period (RINAP) Project, 2014. Lemmatized by Jamie Novotny, 2013. The annotated edition is released under the Creative Commons Attribution Share-Alike license 3.0. Please cite this page as http://oracc.org/rinap/Q004064/.",
			"date_of_origin": "704-681",
			"designation": "Sennacherib 1008",
			"display_name": "RINAP 3 1008",
			"dynastic_seat": "Assyria",
			"exemplars": "BM 139629 (1983-01-01, 0093)",
			"genre": "Royal Inscription",
			"id_composite": "Q004064",
			"language": "Akkadian",
			"material": "stone",
			"object_type": "vessel",
			"period": "Neo-Assyrian",
			"pleiades_id": "874621",
			"popular_name": "BM 139629",
			"primary_publication": "Sennacherib 1008",
			"provenience": "Kuyunjik (Nineveh)",
			"ruler": "Sennacherib",
			"script": "Neo-Assyrian",
			"script_remarks": "inscribed",
			"script_type": "Cuneiform",
			"subgenre": "Sennacherib",
			"supergenre": "LIT"
		},
		"geometry": {
			"type": "Point",
			"coordinates": [43.151937,36.358684]
		}
	}, {
		"type": "Feature",
		"properties": {
			"cdli_id": "P467256",
			"collection": "British Museum, London, UK",
			"credits": "Created by A. Kirk Grayson, Jamie Novotny, and the Royal Inscriptions of the Neo-Assyrian Period (RINAP) Project, 2014. Lemmatized by Jamie Novotny, 2013. The annotated edition is released under the Creative Commons Attribution Share-Alike license 3.0. Please cite this page as http://oracc.org/rinap/Q004065/.",
			"date_of_origin": "704-681",
			"designation": "Sennacherib 1009",
			"display_name": "RINAP 3 1009",
			"dynastic_seat": "Assyria",
			"exemplars": "1994-11-05, 0340",
			"genre": "Royal Inscription",
			"id_composite": "Q004065",
			"language": "Akkadian",
			"material": "stone",
			"object_type": "vessel",
			"period": "Neo-Assyrian",
			"pleiades_id": "874621",
			"popular_name": "1994-11-05, 0340",
			"primary_publication": "Sennacherib 1009",
			"provenience": "Kuyunjik (Nineveh)",
			"ruler": "Sennacherib",
			"script": "Neo-Assyrian",
			"script_remarks": "inscribed",
			"script_type": "Cuneiform",
			"subgenre": "Sennacherib",
			"supergenre": "LIT"
		},
		"geometry": {
			"type": "Point",
			"coordinates": [43.151937,36.358684]
		}
	}, {
		"type": "Feature",
		"properties": {
			"cdli_id": "P467257",
			"collection": "British Museum, London, UK",
			"credits": "Created by A. Kirk Grayson, Jamie Novotny, and the Royal Inscriptions of the Neo-Assyrian Period (RINAP) Project, 2014. Lemmatized by Jamie Novotny, 2013. The annotated edition is released under the Creative Commons Attribution Share-Alike license 3.0. Please cite this page as http://oracc.org/rinap/Q004066/.",
			"date_of_origin": "704-681",
			"designation": "Sennacherib 1010",
			"display_name": "RINAP 3 1010",
			"dynastic_seat": "Assyria",
			"exemplars": "DT 502",
			"genre": "Royal Inscription",
			"id_composite": "Q004066",
			"language": "Akkadian",
			"material": "stone",
			"object_type": "vessel",
			"period": "Neo-Assyrian",
			"pleiades_id": "874621",
			"popular_name": "DT 502",
			"primary_publication": "Sennacherib 1010",
			"provenience": "Kuyunjik (Nineveh)",
			"ruler": "Sennacherib",
			"script": "Neo-Assyrian",
			"script_remarks": "inscribed",
			"script_type": "Cuneiform",
			"subgenre": "Sennacherib",
			"supergenre": "LIT"
		},
		"geometry": {
			"type": "Point",
			"coordinates": [43.151937,36.358684]
		}
	}, {
		"type": "Feature",
		"properties": {
			"cdli_id": "P467258",
			"collection": "British Museum, London, UK",
			"credits": "Created by A. Kirk Grayson, Jamie Novotny, and the Royal Inscriptions of the Neo-Assyrian Period (RINAP) Project, 2014. Lemmatized by Jamie Novotny, 2013. The annotated edition is released under the Creative Commons Attribution Share-Alike license 3.0. Please cite this page as http://oracc.org/rinap/Q004067/.",
			"date_of_origin": "704-681",
			"designation": "Sennacherib 1011",
			"display_name": "RINAP 3 1011",
			"dynastic_seat": "Assyria",
			"exemplars": "1855-12-05, 0159",
			"genre": "Royal Inscription",
			"id_composite": "Q004067",
			"language": "Akkadian",
			"material": "stone",
			"object_type": "bead",
			"period": "Neo-Assyrian",
			"pleiades_id": "874621",
			"popular_name": "1855-12-05, 0159",
			"primary_publication": "Sennacherib 1011",
			"provenience": "Kuyunjik (Nineveh)",
			"ruler": "Sennacherib",
			"script": "Neo-Assyrian",
			"script_remarks": "inscribed",
			"script_type": "Cuneiform",
			"subgenre": "Sennacherib",
			"supergenre": "LIT"
		},
		"geometry": {
			"type": "Point",
			"coordinates": [43.151937,36.358684]
		}
	}, {
		"type": "Feature",
		"properties": {
			"cdli_id": "P467259",
			"collection": "British Museum, London, UK",
			"credits": "Created by A. Kirk Grayson, Jamie Novotny, and the Royal Inscriptions of the Neo-Assyrian Period (RINAP) Project, 2014. Lemmatized by Jamie Novotny, 2013. The annotated edition is released under the Creative Commons Attribution Share-Alike license 3.0. Please cite this page as http://oracc.org/rinap/Q004068/.",
			"date_of_origin": "704-681",
			"designation": "Sennacherib 1012",
			"display_name": "RINAP 3 1012",
			"dynastic_seat": "Assyria",
			"exemplars": "1855-12-05, 0170",
			"genre": "Royal Inscription",
			"id_composite": "Q004068",
			"language": "Akkadian",
			"material": "stone",
			"object_type": "bead",
			"period": "Neo-Assyrian",
			"pleiades_id": "874621",
			"popular_name": "1855-12-05, 0170",
			"primary_publication": "Sennacherib 1012",
			"provenience": "Kuyunjik (Nineveh)",
			"ruler": "Sennacherib",
			"script": "Neo-Assyrian",
			"script_remarks": "inscribed",
			"script_type": "Cuneiform",
			"subgenre": "Sennacherib",
			"supergenre": "LIT"
		},
		"geometry": {
			"type": "Point",
			"coordinates": [43.151937,36.358684]
		}
	}, {
		"type": "Feature",
		"properties": {
			"cdli_id": "P467260",
			"collection": "British Museum, London, UK",
			"credits": "Created by A. Kirk Grayson, Jamie Novotny, and the Royal Inscriptions of the Neo-Assyrian Period (RINAP) Project, 2014. Lemmatized by Jamie Novotny, 2013. The annotated edition is released under the Creative Commons Attribution Share-Alike license 3.0. Please cite this page as http://oracc.org/rinap/Q004069/.",
			"date_of_origin": "704-681",
			"designation": "Sennacherib 1013",
			"display_name": "RINAP 3 1013",
			"dynastic_seat": "Assyria",
			"exemplars": "1855-12-05, 0172",
			"genre": "Royal Inscription",
			"id_composite": "Q004069",
			"language": "Akkadian",
			"material": "stone",
			"object_type": "bead",
			"period": "Neo-Assyrian",
			"pleiades_id": "874621",
			"popular_name": "1855-12-05, 0172",
			"primary_publication": "Sennacherib 1013",
			"provenience": "Kuyunjik (Nineveh)",
			"ruler": "Sennacherib",
			"script": "Neo-Assyrian",
			"script_remarks": "inscribed",
			"script_type": "Cuneiform",
			"subgenre": "Sennacherib",
			"supergenre": "LIT"
		},
		"geometry": {
			"type": "Point",
			"coordinates": [43.151937,36.358684]
		}
	}, {
		"type": "Feature",
		"properties": {
			"cdli_id": "P467261",
			"collection": "British Museum, London, UK",
			"credits": "Created by A. Kirk Grayson, Jamie Novotny, and the Royal Inscriptions of the Neo-Assyrian Period (RINAP) Project, 2014. Lemmatized by Jamie Novotny, 2013. The annotated edition is released under the Creative Commons Attribution Share-Alike license 3.0. Please cite this page as http://oracc.org/rinap/Q004070/.",
			"date_of_origin": "704-681",
			"designation": "Sennacherib 1014",
			"display_name": "RINAP 3 1014",
			"dynastic_seat": "Assyria",
			"exemplars": "1882-05-22, 0323",
			"genre": "Royal Inscription",
			"id_composite": "Q004070",
			"language": "Akkadian",
			"material": "stone",
			"object_type": "bead",
			"period": "Neo-Assyrian",
			"pleiades_id": "874621",
			"popular_name": "1882-05-22, 0323",
			"primary_publication": "Sennacherib 1014",
			"provenience": "Kuyunjik (Nineveh)",
			"ruler": "Sennacherib",
			"script": "Neo-Assyrian",
			"script_remarks": "inscribed",
			"script_type": "Cuneiform",
			"subgenre": "Sennacherib",
			"supergenre": "LIT"
		},
		"geometry": {
			"type": "Point",
			"coordinates": [43.151937,36.358684]
		}
	}, {
		"type": "Feature",
		"properties": {
			"cdli_id": "P467262",
			"collection": "British Museum, London, UK",
			"credits": "Created by A. Kirk Grayson, Jamie Novotny, and the Royal Inscriptions of the Neo-Assyrian Period (RINAP) Project, 2014. Lemmatized by Jamie Novotny, 2013. The annotated edition is released under the Creative Commons Attribution Share-Alike license 3.0. Please cite this page as http://oracc.org/rinap/Q004071/.",
			"date_of_origin": "704-681",
			"designation": "Sennacherib 1015",
			"display_name": "RINAP 3 1015",
			"dynastic_seat": "Assyria",
			"exemplars": "K 06205 + 1882-03-23, 0131",
			"genre": "Royal Inscription",
			"id_composite": "Q004071",
			"language": "Akkadian",
			"material": "clay",
			"object_type": "tablet",
			"period": "Neo-Assyrian",
			"pleiades_id": "874621",
			"popular_name": "Azekah Inscription",
			"primary_publication": "Sennacherib 1015",
			"provenience": "Kuyunjik (Nineveh)",
			"ruler": "Sennacherib",
			"script": "Neo-Assyrian",
			"script_remarks": "inscribed",
			"script_type": "Cuneiform",
			"subgenre": "Sennacherib",
			"supergenre": "LIT"
		},
		"geometry": {
			"type": "Point",
			"coordinates": [43.151937,36.358684]
		}
	}, {
		"type": "Feature",
		"properties": {
			"cdli_id": "P467263",
			"collection": "British Museum, London, UK",
			"credits": "Created by A. Kirk Grayson, Jamie Novotny, and the Royal Inscriptions of the Neo-Assyrian Period (RINAP) Project, 2014. Lemmatized by Jamie Novotny, 2013. The annotated edition is released under the Creative Commons Attribution Share-Alike license 3.0. Please cite this page as http://oracc.org/rinap/Q004072/.",
			"date_of_origin": "704-681",
			"designation": "Sennacherib 1016",
			"display_name": "RINAP 3 1016",
			"dynastic_seat": "Assyria",
			"exemplars": "K 02621 + 1881-02-04, 0328",
			"genre": "Royal Inscription",
			"id_composite": "Q004072",
			"language": "Akkadian",
			"material": "clay",
			"object_type": "tablet",
			"period": "Neo-Assyrian",
			"pleiades_id": "874621",
			"popular_name": "K 02621 + 1881-02-04, 0328",
			"primary_publication": "Sennacherib 1016",
			"provenience": "Kuyunjik (Nineveh)",
			"ruler": "Sennacherib",
			"script": "Neo-Assyrian",
			"script_remarks": "inscribed",
			"script_type": "Cuneiform",
			"subgenre": "Sennacherib",
			"supergenre": "LIT"
		},
		"geometry": {
			"type": "Point",
			"coordinates": [43.151937,36.358684]
		}
	}, {
		"type": "Feature",
		"properties": {
			"cdli_id": "P467264",
			"collection": "British Museum, London, UK",
			"credits": "Created by A. Kirk Grayson, Jamie Novotny, and the Royal Inscriptions of the Neo-Assyrian Period (RINAP) Project, 2014. Lemmatized by Jamie Novotny, 2013. The annotated edition is released under the Creative Commons Attribution Share-Alike license 3.0. Please cite this page as http://oracc.org/rinap/Q004073/.",
			"date_of_origin": "704-681",
			"designation": "Sennacherib 1017",
			"display_name": "RINAP 3 1017",
			"dynastic_seat": "Assyria",
			"exemplars": "K 15231",
			"genre": "Royal Inscription",
			"id_composite": "Q004073",
			"language": "Akkadian",
			"material": "clay",
			"object_type": "tablet",
			"period": "Neo-Assyrian",
			"pleiades_id": "874621",
			"popular_name": "K 15231",
			"primary_publication": "Sennacherib 1017",
			"provenience": "Kuyunjik (Nineveh)",
			"ruler": "Sennacherib",
			"script": "Neo-Assyrian",
			"script_remarks": "inscribed",
			"script_type": "Cuneiform",
			"subgenre": "Sennacherib",
			"supergenre": "LIT"
		},
		"geometry": {
			"type": "Point",
			"coordinates": [43.151937,36.358684]
		}
	}, {
		"type": "Feature",
		"properties": {
			"cdli_id": "P467265",
			"collection": "British Museum, London, UK",
			"credits": "Created by A. Kirk Grayson, Jamie Novotny, and the Royal Inscriptions of the Neo-Assyrian Period (RINAP) Project, 2014. Lemmatized by Jamie Novotny, 2013. The annotated edition is released under the Creative Commons Attribution Share-Alike license 3.0. Please cite this page as http://oracc.org/rinap/Q004074/.",
			"date_of_origin": "704-681",
			"designation": "Sennacherib 1018",
			"display_name": "RINAP 3 1018",
			"dynastic_seat": "Assyria",
			"exemplars": "K 14458",
			"genre": "Royal Inscription",
			"id_composite": "Q004074",
			"language": "Akkadian",
			"material": "clay",
			"object_type": "tablet",
			"period": "Neo-Assyrian",
			"pleiades_id": "874621",
			"popular_name": "K 14458",
			"primary_publication": "Sennacherib 1018",
			"provenience": "Kuyunjik (Nineveh)",
			"ruler": "Sennacherib",
			"script": "Neo-Assyrian",
			"script_remarks": "inscribed",
			"script_type": "Cuneiform",
			"subgenre": "Sennacherib",
			"supergenre": "LIT"
		},
		"geometry": {
			"type": "Point",
			"coordinates": [43.151937,36.358684]
		}
	}, {
		"type": "Feature",
		"properties": {
			"cdli_id": "P467266",
			"collection": "British Museum, London, UK",
			"credits": "Created by A. Kirk Grayson, Jamie Novotny, and the Royal Inscriptions of the Neo-Assyrian Period (RINAP) Project, 2014. Lemmatized by Jamie Novotny, 2013. The annotated edition is released under the Creative Commons Attribution Share-Alike license 3.0. Please cite this page as http://oracc.org/rinap/Q004075/.",
			"date_of_origin": "704-681",
			"designation": "Sennacherib 1019",
			"display_name": "RINAP 3 1019",
			"dynastic_seat": "Assyria",
			"exemplars": "K 04493",
			"genre": "Royal Inscription",
			"id_composite": "Q004075",
			"language": "Akkadian",
			"material": "clay",
			"object_type": "tablet",
			"period": "Neo-Assyrian",
			"pleiades_id": "874621",
			"popular_name": "K 04493",
			"primary_publication": "Sennacherib 1019",
			"provenience": "Kuyunjik (Nineveh)",
			"ruler": "Sennacherib",
			"script": "Neo-Assyrian",
			"script_remarks": "inscribed",
			"script_type": "Cuneiform",
			"subgenre": "Sennacherib",
			"supergenre": "LIT"
		},
		"geometry": {
			"type": "Point",
			"coordinates": [43.151937,36.358684]
		}
	}, {
		"type": "Feature",
		"properties": {
			"cdli_id": "P467267",
			"collection": "British Museum, London, UK",
			"credits": "Created by A. Kirk Grayson, Jamie Novotny, and the Royal Inscriptions of the Neo-Assyrian Period (RINAP) Project, 2014. Lemmatized by Jamie Novotny, 2013. The annotated edition is released under the Creative Commons Attribution Share-Alike license 3.0. Please cite this page as http://oracc.org/rinap/Q004076/.",
			"date_of_origin": "704-681",
			"designation": "Sennacherib 1020",
			"display_name": "RINAP 3 1020",
			"dynastic_seat": "Assyria",
			"exemplars": "K 13826",
			"genre": "Royal Inscription",
			"id_composite": "Q004076",
			"language": "Akkadian",
			"material": "clay",
			"object_type": "tablet",
			"period": "Neo-Assyrian",
			"pleiades_id": "874621",
			"popular_name": "K 13826",
			"primary_publication": "Sennacherib 1020",
			"provenience": "Kuyunjik (Nineveh)",
			"ruler": "Sennacherib",
			"script": "Neo-Assyrian",
			"script_remarks": "inscribed",
			"script_type": "Cuneiform",
			"subgenre": "Sennacherib",
			"supergenre": "LIT"
		},
		"geometry": {
			"type": "Point",
			"coordinates": [43.151937,36.358684]
		}
	}, {
		"type": "Feature",
		"properties": {
			"cdli_id": "P467268",
			"collection": "British Museum, London, UK",
			"credits": "Created by A. Kirk Grayson, Jamie Novotny, and the Royal Inscriptions of the Neo-Assyrian Period (RINAP) Project, 2014. Lemmatized by Jamie Novotny, 2013. The annotated edition is released under the Creative Commons Attribution Share-Alike license 3.0. Please cite this page as http://oracc.org/rinap/Q004077/.",
			"date_of_origin": "704-681",
			"designation": "Sennacherib 1021",
			"display_name": "RINAP 3 1021",
			"dynastic_seat": "Assyria",
			"exemplars": "K 19733",
			"genre": "Royal Inscription",
			"id_composite": "Q004077",
			"language": "Akkadian",
			"material": "clay",
			"object_type": "tablet",
			"period": "Neo-Assyrian",
			"pleiades_id": "874621",
			"popular_name": "K 19733",
			"primary_publication": "Sennacherib 1021",
			"provenience": "Kuyunjik (Nineveh)",
			"ruler": "Sennacherib",
			"script": "Neo-Assyrian",
			"script_remarks": "inscribed",
			"script_type": "Cuneiform",
			"subgenre": "Sennacherib",
			"supergenre": "LIT"
		},
		"geometry": {
			"type": "Point",
			"coordinates": [43.151937,36.358684]
		}
	}, {
		"type": "Feature",
		"properties": {
			"cdli_id": "P467269",
			"collection": "British Museum, London, UK",
			"credits": "Created by A. Kirk Grayson, Jamie Novotny, and the Royal Inscriptions of the Neo-Assyrian Period (RINAP) Project, 2014. Lemmatized by Jamie Novotny, 2013. The annotated edition is released under the Creative Commons Attribution Share-Alike license 3.0. Please cite this page as http://oracc.org/rinap/Q004078/.",
			"date_of_origin": "704-681",
			"designation": "Sennacherib 1022",
			"display_name": "RINAP 3 1022",
			"dynastic_seat": "Assyria",
			"exemplars": "Sm 2017",
			"genre": "Royal Inscription",
			"id_composite": "Q004078",
			"language": "Akkadian",
			"material": "clay",
			"object_type": "tablet",
			"period": "Neo-Assyrian",
			"pleiades_id": "874621",
			"popular_name": "Sm 2017",
			"primary_publication": "Sennacherib 1022",
			"provenience": "Kuyunjik (Nineveh)",
			"ruler": "Sennacherib",
			"script": "Neo-Assyrian",
			"script_remarks": "inscribed",
			"script_type": "Cuneiform",
			"subgenre": "Sennacherib",
			"supergenre": "LIT"
		},
		"geometry": {
			"type": "Point",
			"coordinates": [43.151937,36.358684]
		}
	}, {
		"type": "Feature",
		"properties": {
			"cdli_id": "P467270",
			"collection": "British Museum, London, UK",
			"credits": "Created by A. Kirk Grayson, Jamie Novotny, and the Royal Inscriptions of the Neo-Assyrian Period (RINAP) Project, 2014. Lemmatized by Jamie Novotny, 2013. The annotated edition is released under the Creative Commons Attribution Share-Alike license 3.0. Please cite this page as http://oracc.org/rinap/Q004079/.",
			"date_of_origin": "704-681",
			"designation": "Sennacherib 1023",
			"display_name": "RINAP 3 1023",
			"dynastic_seat": "Assyria",
			"exemplars": "1881-02-04, 0329",
			"genre": "Royal Inscription",
			"id_composite": "Q004079",
			"language": "Akkadian",
			"material": "clay",
			"object_type": "tablet",
			"period": "Neo-Assyrian",
			"pleiades_id": "874621",
			"popular_name": "1881-02-04, 0329",
			"primary_publication": "Sennacherib 1023",
			"provenience": "Kuyunjik (Nineveh)",
			"ruler": "Sennacherib",
			"script": "Neo-Assyrian",
			"script_remarks": "inscribed",
			"script_type": "Cuneiform",
			"subgenre": "Sennacherib",
			"supergenre": "LIT"
		},
		"geometry": {
			"type": "Point",
			"coordinates": [43.151937,36.358684]
		}
	}, {
		"type": "Feature",
		"properties": {
			"cdli_id": "P467271",
			"collection": "British Museum, London, UK",
			"credits": "Created by A. Kirk Grayson, Jamie Novotny, and the Royal Inscriptions of the Neo-Assyrian Period (RINAP) Project, 2014. Lemmatized by Jamie Novotny, 2013. The annotated edition is released under the Creative Commons Attribution Share-Alike license 3.0. Please cite this page as http://oracc.org/rinap/Q004080/.",
			"date_of_origin": "704-681",
			"designation": "Sennacherib 1024",
			"display_name": "RINAP 3 1024",
			"dynastic_seat": "Assyria",
			"exemplars": "1882-03-23, 0080",
			"genre": "Royal Inscription",
			"id_composite": "Q004080",
			"language": "Akkadian",
			"material": "clay",
			"object_type": "tablet or prism",
			"period": "Neo-Assyrian",
			"pleiades_id": "874621",
			"popular_name": "1882-03-23, 0080",
			"primary_publication": "Sennacherib 1024",
			"provenience": "Kuyunjik (Nineveh)",
			"ruler": "Sennacherib",
			"script": "Neo-Assyrian",
			"script_remarks": "inscribed",
			"script_type": "Cuneiform",
			"subgenre": "Sennacherib",
			"supergenre": "LIT"
		},
		"geometry": {
			"type": "Point",
			"coordinates": [43.151937,36.358684]
		}
	}, {
		"type": "Feature",
		"properties": {
			"cdli_id": "P467272",
			"collection": "British Museum, London, UK",
			"credits": "Created by A. Kirk Grayson, Jamie Novotny, and the Royal Inscriptions of the Neo-Assyrian Period (RINAP) Project, 2014. Lemmatized by Jamie Novotny, 2013. The annotated edition is released under the Creative Commons Attribution Share-Alike license 3.0. Please cite this page as http://oracc.org/rinap/Q004081/.",
			"date_of_origin": "704-681",
			"designation": "Sennacherib 1025",
			"display_name": "RINAP 3 1025",
			"dynastic_seat": "Assyria",
			"exemplars": "K 19861",
			"genre": "Royal Inscription",
			"id_composite": "Q004081",
			"language": "Akkadian",
			"material": "clay",
			"object_type": "tablet or prism",
			"period": "Neo-Assyrian",
			"pleiades_id": "874621",
			"popular_name": "K 19861",
			"primary_publication": "Sennacherib 1025",
			"provenience": "Kuyunjik (Nineveh)",
			"ruler": "Sennacherib",
			"script": "Neo-Assyrian",
			"script_remarks": "inscribed",
			"script_type": "Cuneiform",
			"subgenre": "Sennacherib",
			"supergenre": "LIT"
		},
		"geometry": {
			"type": "Point",
			"coordinates": [43.151937,36.358684]
		}
	}, {
		"type": "Feature",
		"properties": {
			"cdli_id": "P467273",
			"collection": "British Museum, London, UK",
			"credits": "Created by A. Kirk Grayson, Jamie Novotny, and the Royal Inscriptions of the Neo-Assyrian Period (RINAP) Project, 2014. Lemmatized by Jamie Novotny, 2013. The annotated edition is released under the Creative Commons Attribution Share-Alike license 3.0. Please cite this page as http://oracc.org/rinap/Q004082/.",
			"date_of_origin": "704-681",
			"designation": "Sennacherib 1026",
			"display_name": "RINAP 3 1026",
			"dynastic_seat": "Assyria",
			"exemplars": "K 21316",
			"genre": "Royal Inscription",
			"id_composite": "Q004082",
			"language": "Akkadian",
			"material": "clay",
			"object_type": "tablet or prism",
			"period": "Neo-Assyrian",
			"pleiades_id": "874621",
			"popular_name": "K 21316",
			"primary_publication": "Sennacherib 1026",
			"provenience": "Kuyunjik (Nineveh)",
			"ruler": "Sennacherib",
			"script": "Neo-Assyrian",
			"script_remarks": "inscribed",
			"script_type": "Cuneiform",
			"subgenre": "Sennacherib",
			"supergenre": "LIT"
		},
		"geometry": {
			"type": "Point",
			"coordinates": [43.151937,36.358684]
		}
	}, {
		"type": "Feature",
		"properties": {
			"cdli_id": "P467274",
			"collection": "Vorderasiatisches Museum, Berlin, Germany",
			"credits": "Created by A. Kirk Grayson, Jamie Novotny, and the Royal Inscriptions of the Neo-Assyrian Period (RINAP) Project, 2014. Lemmatized by Jamie Novotny, 2013. The annotated edition is released under the Creative Commons Attribution Share-Alike license 3.0. Please cite this page as http://oracc.org/rinap/Q004088/.",
			"date_of_origin": "704-681",
			"designation": "Sennacherib 2001",
			"display_name": "RINAP 3 2001",
			"dynastic_seat": "Assyria",
			"exemplars": "VA Ass 01203 (Ass 16043)",
			"genre": "Royal Inscription",
			"id_composite": "Q004088",
			"language": "Akkadian",
			"material": "stone",
			"object_type": "stele",
			"period": "Neo-Assyrian",
			"pleiades_id": "893945",
			"popular_name": "VA Ass 01208 (Raʾîmâ Stele)",
			"primary_publication": "Sennacherib 2001",
			"provenience": "Qalat Sherqat (Assur)",
			"ruler": "Sennacherib",
			"script": "Neo-Assyrian",
			"script_remarks": "inscribed",
			"script_type": "Cuneiform",
			"subgenre": "Sennacherib",
			"supergenre": "LIT"
		},
		"geometry": {
			"type": "Point",
			"coordinates": [43.262037,35.458121]
		}
	}, {
		"type": "Feature",
		"properties": {
			"cdli_id": "P467275",
			"collection": "Vorderasiatisches Museum, Berlin, Germany; Arkeoloji Müzerleri, Istanbul, Turkey",
			"credits": "Created by A. Kirk Grayson, Jamie Novotny, and the Royal Inscriptions of the Neo-Assyrian Period (RINAP) Project, 2014. Lemmatized by Jamie Novotny, 2013. The annotated edition is released under the Creative Commons Attribution Share-Alike license 3.0. Please cite this page as http://oracc.org/rinap/Q004089/.",
			"date_of_origin": "704-681",
			"designation": "Sennacherib 2002",
			"display_name": "RINAP 3 2002",
			"dynastic_seat": "Assyria",
			"exemplars": "VA Ass 02255 (Ass 00185); Ist EŞEM 04622 (Ass 00218 + Ass 00219)",
			"genre": "Royal Inscription",
			"id_composite": "Q004089",
			"language": "Akkadian",
			"material": "stone",
			"object_type": "vessel",
			"period": "Neo-Assyrian",
			"pleiades_id": "893945",
			"popular_name": "VA Ass 02255 / EŞ 04622 (Tašmētu-šarrat amphoras)",
			"primary_publication": "Sennacherib 2002",
			"provenience": "Qalat Sherqat (Assur)",
			"ruler": "Sennacherib",
			"script": "Neo-Assyrian",
			"script_remarks": "inscribed",
			"script_type": "Cuneiform",
			"subgenre": "Sennacherib",
			"supergenre": "LIT"
		},
		"geometry": {
			"type": "Point",
			"coordinates": [43.262037,35.458121]
		}
	}]
}
