{
	"type": "FeatureCollection",
	"features": [{
		"type": "Feature",
		"properties": {
			"project": "ctn1",
			"id_text": "P370847",
			"primary_publication": "CTN 1 01",
			"museum_no": "BM —",
			"provenience": "Nimrud (Kalhu)",
			"excavation_no": "ND 06229",
			"archive": "002 - Fort Shalmaneser, SW 6",
			"date": "[...]-[...]-12?",
			"long_date": "[....] 12th",
			"atae_attribution": "Adapted from J.V. Kinnier Wilson, The Nimrud Wine Lists (Cuneiform Texts from Nimrud 1), 1972, by Poppy Tushingham (2018–2020) and lemmatized and translated into English by Mikko Luukko (2021) for the Munich Open-access Cuneiform Corpus Initiative (MOCCI), which is funded by LMU Munich and the Alexander von Humboldt Foundation at the Historisches Seminar - Abteilung Alte Geschichte of Ludwig-Maximilians-Universität München. The annotated edition is released under the Creative Commons Attribution Share-Alike license 3.0.",
			"cite_as": "Please cite this page as http://oracc.org/atae/P370847/.",
			"collection": "British Museum, London, UK",
			"composite_witness": "witness",
			"credits": "Adapted from J.V. Kinnier Wilson, The Nimrud Wine Lists (Cuneiform Texts from Nimrud 1), 1972, by Poppy Tushingham (2018–2020) and lemmatized and translated into English by Mikko Luukko (2021) for the Munich Open-access Cuneiform Corpus Initiative (MOCCI), which is funded by LMU Munich and the Alexander von Humboldt Foundation at the Historisches Seminar - Abteilung Alte Geschichte of Ludwig-Maximilians-Universität München. The annotated edition is released under the Creative Commons Attribution Share-Alike license 3.0. Please cite this page as http://oracc.org/atae/P370847/.",
			"date_gen": "[...]-[...]-12",
			"date_of_origin": "00.000.00.12",
			"day": "12",
			"designation": "CTN 1 01",
			"dialect": "Neo-Assyrian",
			"findspot_square": "SW 6",
			"genre": "Administrative Record",
			"has_date": "yes, but date partially preserved",
			"language": "Akkadian",
			"last_mod_by": "Jamie Novotny",
			"last_modified": "31.10.2021",
			"list_name": "atae/ctn1:P370847",
			"long_date_gen": "... 12th, [eponymy of ...]",
			"material": "clay",
			"month": "[...]",
			"object_type": "tablet",
			"period": "Neo-Assyrian",
			"pleiades_id": "894019",
			"ruler": "Adad-nārārī III or Shalmaneser IV",
			"script": "Neo-Assyrian",
			"script_remarks": "inscribed",
			"script_type": "Cuneiform",
			"subgenre": "list (wine)",
			"year": "[...]",
			"ch_no": "01",
			"ch_name": "The Wine Lists",
			"ch_num_name": "01 (The Wine Lists)"
		},
		"geometry": {
			"type": "Point",
			"coordinates": [43.3275,36.099167]
		}
	}, {
		"type": "Feature",
		"properties": {
			"project": "ctn1",
			"id_text": "P224657",
			"primary_publication": "CTN 1 02",
			"museum_no": "IM 060593",
			"provenience": "Nimrud (Kalhu)",
			"excavation_no": "ND 06230",
			"archive": "002 - Fort Shalmaneser, SW 6",
			"date": "I-11",
			"long_date": "Nisannu 11th",
			"atae_attribution": "Adapted from J.V. Kinnier Wilson, The Nimrud Wine Lists (Cuneiform Texts from Nimrud 1), 1972, by Poppy Tushingham (2018–2020) and lemmatized and translated into English by Mikko Luukko (2021) for the Munich Open-access Cuneiform Corpus Initiative (MOCCI), which is funded by LMU Munich and the Alexander von Humboldt Foundation at the Historisches Seminar - Abteilung Alte Geschichte of Ludwig-Maximilians-Universität München. The annotated edition is released under the Creative Commons Attribution Share-Alike license 3.0.",
			"cite_as": "Please cite this page as http://oracc.org/atae/P224657/.",
			"collection": "National Museum of Iraq, Baghdad, Iraq",
			"composite_witness": "witness",
			"credits": "Adapted from J.V. Kinnier Wilson, The Nimrud Wine Lists (Cuneiform Texts from Nimrud 1), 1972, by Poppy Tushingham (2018–2020) and lemmatized and translated into English by Mikko Luukko (2021) for the Munich Open-access Cuneiform Corpus Initiative (MOCCI), which is funded by LMU Munich and the Alexander von Humboldt Foundation at the Historisches Seminar - Abteilung Alte Geschichte of Ludwig-Maximilians-Universität München. The annotated edition is released under the Creative Commons Attribution Share-Alike license 3.0. Please cite this page as http://oracc.org/atae/P224657/.",
			"date_gen": "I-11",
			"date_of_origin": "00.000.01.11",
			"day": "11",
			"designation": "CTN 1 02",
			"dialect": "Neo-Assyrian",
			"findspot_square": "SW 6",
			"genre": "Administrative Record",
			"has_date": "yes",
			"language": "Akkadian",
			"last_mod_by": "Jamie Novotny",
			"last_modified": "31.10.2021",
			"list_name": "atae/ctn1:P224657",
			"long_date_gen": "Nisannu 11th",
			"material": "clay",
			"month": "I",
			"object_type": "tablet",
			"period": "Neo-Assyrian",
			"pleiades_id": "894019",
			"ruler": "Adad-nārārī III or Shalmaneser IV",
			"script": "Neo-Assyrian",
			"script_remarks": "inscribed",
			"script_type": "Cuneiform",
			"subgenre": "list (wine)",
			"ch_no": "01",
			"ch_name": "The Wine Lists",
			"ch_num_name": "01 (The Wine Lists)"
		},
		"geometry": {
			"type": "Point",
			"coordinates": [43.3275,36.099167]
		}
	}, {
		"type": "Feature",
		"properties": {
			"project": "ctn1",
			"id_text": "P224656",
			"primary_publication": "CTN 1 03",
			"museum_no": "IM 060589",
			"provenience": "Nimrud (Kalhu)",
			"excavation_no": "ND 06218",
			"archive": "002 - Fort Shalmaneser, SW 6",
			"date": "784-XII₂-22",
			"long_date": "Intercalary Addaru 22nd, eponymy of Marduk-šarru-uṣur",
			"atae_attribution": "Adapted from J.V. Kinnier Wilson, The Nimrud Wine Lists (Cuneiform Texts from Nimrud 1), 1972, by Poppy Tushingham (2018–2020) and lemmatized and translated into English by Mikko Luukko (2021) for the Munich Open-access Cuneiform Corpus Initiative (MOCCI), which is funded by LMU Munich and the Alexander von Humboldt Foundation at the Historisches Seminar - Abteilung Alte Geschichte of Ludwig-Maximilians-Universität München. The annotated edition is released under the Creative Commons Attribution Share-Alike license 3.0.",
			"cite_as": "Please cite this page as http://oracc.org/atae/P224656/.",
			"collection": "National Museum of Iraq, Baghdad, Iraq",
			"composite_witness": "witness",
			"credits": "Adapted from J.V. Kinnier Wilson, The Nimrud Wine Lists (Cuneiform Texts from Nimrud 1), 1972, by Poppy Tushingham (2018–2020) and lemmatized and translated into English by Mikko Luukko (2021) for the Munich Open-access Cuneiform Corpus Initiative (MOCCI), which is funded by LMU Munich and the Alexander von Humboldt Foundation at the Historisches Seminar - Abteilung Alte Geschichte of Ludwig-Maximilians-Universität München. The annotated edition is released under the Creative Commons Attribution Share-Alike license 3.0. Please cite this page as http://oracc.org/atae/P224656/.",
			"date_gen": "784-XII₂-22",
			"date_of_origin": "00.limu Marduk-sharru-usur.12/2.22",
			"day": "22",
			"designation": "CTN 1 03",
			"dialect": "Neo-Assyrian",
			"eponym": "Marduk-šarru-uṣur",
			"findspot_square": "SW 6",
			"genre": "Administrative Record",
			"has_date": "yes",
			"language": "Akkadian",
			"last_mod_by": "Jamie Novotny",
			"last_modified": "31.10.2021",
			"list_name": "atae/ctn1:P224656",
			"long_date_gen": "Intercalary Addaru 22nd, eponymy of Marduk-šarru-uṣur",
			"material": "clay",
			"month": "XII₂",
			"object_type": "tablet",
			"period": "Neo-Assyrian",
			"pleiades_id": "894019",
			"ruler": "Adad-nārārī III or Shalmaneser IV",
			"script": "Neo-Assyrian",
			"script_remarks": "inscribed",
			"script_type": "Cuneiform",
			"subgenre": "list (wine)",
			"year": "784",
			"ch_no": "01",
			"ch_name": "The Wine Lists",
			"ch_num_name": "01 (The Wine Lists)"
		},
		"geometry": {
			"type": "Point",
			"coordinates": [43.3275,36.099167]
		}
	}, {
		"type": "Feature",
		"properties": {
			"project": "ctn1",
			"id_text": "P370848",
			"primary_publication": "CTN 1 04",
			"museum_no": "BM —",
			"provenience": "Nimrud (Kalhu)",
			"excavation_no": "ND 06212",
			"archive": "002 - Fort Shalmaneser, SW 6",
			"date": "(791–778)",
			"atae_attribution": "Adapted from J.V. Kinnier Wilson, The Nimrud Wine Lists (Cuneiform Texts from Nimrud 1), 1972, by Poppy Tushingham (2018–2020) and lemmatized and translated into English by Mikko Luukko (2021) for the Munich Open-access Cuneiform Corpus Initiative (MOCCI), which is funded by LMU Munich and the Alexander von Humboldt Foundation at the Historisches Seminar - Abteilung Alte Geschichte of Ludwig-Maximilians-Universität München. The annotated edition is released under the Creative Commons Attribution Share-Alike license 3.0.",
			"cite_as": "Please cite this page as http://oracc.org/atae/P370848/.",
			"collection": "British Museum, London, UK",
			"composite_witness": "witness",
			"credits": "Adapted from J.V. Kinnier Wilson, The Nimrud Wine Lists (Cuneiform Texts from Nimrud 1), 1972, by Poppy Tushingham (2018–2020) and lemmatized and translated into English by Mikko Luukko (2021) for the Munich Open-access Cuneiform Corpus Initiative (MOCCI), which is funded by LMU Munich and the Alexander von Humboldt Foundation at the Historisches Seminar - Abteilung Alte Geschichte of Ludwig-Maximilians-Universität München. The annotated edition is released under the Creative Commons Attribution Share-Alike license 3.0. Please cite this page as http://oracc.org/atae/P370848/.",
			"date_of_origin": "00.000.00.00",
			"designation": "CTN 1 04",
			"dialect": "Neo-Assyrian",
			"findspot_square": "SW 6",
			"genre": "Administrative Record",
			"has_date": "yes, but date completely destroyed",
			"language": "Akkadian",
			"last_mod_by": "Jamie Novotny",
			"last_modified": "31.10.2021",
			"list_name": "atae/ctn1:P370848",
			"material": "clay",
			"object_type": "tablet",
			"period": "Neo-Assyrian",
			"pleiades_id": "894019",
			"ruler": "Adad-nārārī III or Shalmaneser IV",
			"script": "Neo-Assyrian",
			"script_remarks": "inscribed",
			"script_type": "Cuneiform",
			"subgenre": "list (wine)",
			"ch_no": "01",
			"ch_name": "The Wine Lists",
			"ch_num_name": "01 (The Wine Lists)"
		},
		"geometry": {
			"type": "Point",
			"coordinates": [43.3275,36.099167]
		}
	}, {
		"type": "Feature",
		"properties": {
			"project": "ctn1",
			"id_text": "P224655",
			"primary_publication": "CTN 1 05",
			"museum_no": "IM 060588",
			"provenience": "Nimrud (Kalhu)",
			"excavation_no": "ND 06214",
			"archive": "002 - Fort Shalmaneser, SW 6",
			"date": "778-I-11",
			"long_date": "Nisannu 11th, eponymy of Bēl-lēšir",
			"atae_attribution": "Adapted from J.V. Kinnier Wilson, The Nimrud Wine Lists (Cuneiform Texts from Nimrud 1), 1972, by Poppy Tushingham (2018–2020) and lemmatized and translated into English by Mikko Luukko (2021) for the Munich Open-access Cuneiform Corpus Initiative (MOCCI), which is funded by LMU Munich and the Alexander von Humboldt Foundation at the Historisches Seminar - Abteilung Alte Geschichte of Ludwig-Maximilians-Universität München. The annotated edition is released under the Creative Commons Attribution Share-Alike license 3.0.",
			"cite_as": "Please cite this page as http://oracc.org/atae/P224655/.",
			"collection": "National Museum of Iraq, Baghdad, Iraq",
			"composite_witness": "witness",
			"credits": "Adapted from J.V. Kinnier Wilson, The Nimrud Wine Lists (Cuneiform Texts from Nimrud 1), 1972, by Poppy Tushingham (2018–2020) and lemmatized and translated into English by Mikko Luukko (2021) for the Munich Open-access Cuneiform Corpus Initiative (MOCCI), which is funded by LMU Munich and the Alexander von Humboldt Foundation at the Historisches Seminar - Abteilung Alte Geschichte of Ludwig-Maximilians-Universität München. The annotated edition is released under the Creative Commons Attribution Share-Alike license 3.0. Please cite this page as http://oracc.org/atae/P224655/.",
			"date_gen": "778-I-11",
			"date_of_origin": "Shalmaneser4.limu Bel-leshir.01.11",
			"day": "11",
			"designation": "CTN 1 05",
			"dialect": "Neo-Assyrian",
			"eponym": "Bēl-lēšir",
			"findspot_square": "SW 6",
			"genre": "Administrative Record",
			"has_date": "yes",
			"language": "Akkadian",
			"last_mod_by": "Jamie Novotny",
			"last_modified": "31.10.2021",
			"list_name": "atae/ctn1:P224655",
			"long_date_gen": "Nisannu 11th, eponymy of Bēl-lēšir",
			"material": "clay",
			"month": "I",
			"object_type": "tablet",
			"period": "Neo-Assyrian",
			"pleiades_id": "894019",
			"regnal_dates": "782–773 BC",
			"ruler": "Shalmaneser IV",
			"script": "Neo-Assyrian",
			"script_remarks": "inscribed",
			"script_type": "Cuneiform",
			"subgenre": "list (wine)",
			"year": "778",
			"ch_no": "01",
			"ch_name": "The Wine Lists",
			"ch_num_name": "01 (The Wine Lists)"
		},
		"geometry": {
			"type": "Point",
			"coordinates": [43.3275,36.099167]
		}
	}, {
		"type": "Feature",
		"properties": {
			"project": "ctn1",
			"id_text": "P370849",
			"primary_publication": "CTN 1 06",
			"museum_no": "BM —",
			"provenience": "Nimrud (Kalhu)",
			"excavation_no": "ND 06219",
			"archive": "002 - Fort Shalmaneser, SW 6",
			"date": "[...]-I-10+[x]",
			"long_date": "Nisannu 10+[x]th, [eponymy of ...]",
			"atae_attribution": "Adapted from J.V. Kinnier Wilson, The Nimrud Wine Lists (Cuneiform Texts from Nimrud 1), 1972, by Poppy Tushingham (2018–2020) and lemmatized and translated into English by Mikko Luukko (2021) for the Munich Open-access Cuneiform Corpus Initiative (MOCCI), which is funded by LMU Munich and the Alexander von Humboldt Foundation at the Historisches Seminar - Abteilung Alte Geschichte of Ludwig-Maximilians-Universität München. The annotated edition is released under the Creative Commons Attribution Share-Alike license 3.0.",
			"cite_as": "Please cite this page as http://oracc.org/atae/P370849/.",
			"collection": "British Museum, London, UK",
			"composite_witness": "witness",
			"credits": "Adapted from J.V. Kinnier Wilson, The Nimrud Wine Lists (Cuneiform Texts from Nimrud 1), 1972, by Poppy Tushingham (2018–2020) and lemmatized and translated into English by Mikko Luukko (2021) for the Munich Open-access Cuneiform Corpus Initiative (MOCCI), which is funded by LMU Munich and the Alexander von Humboldt Foundation at the Historisches Seminar - Abteilung Alte Geschichte of Ludwig-Maximilians-Universität München. The annotated edition is released under the Creative Commons Attribution Share-Alike license 3.0. Please cite this page as http://oracc.org/atae/P370849/.",
			"date_gen": "[...]-I-10+[x]",
			"date_of_origin": "00.000.01.10+[x]",
			"day": "10+[x]",
			"designation": "CTN 1 06",
			"dialect": "Neo-Assyrian",
			"findspot_square": "SW 6",
			"genre": "Administrative Record",
			"has_date": "yes, but date partially preserved",
			"language": "Akkadian",
			"last_mod_by": "Jamie Novotny",
			"last_modified": "31.10.2021",
			"list_name": "atae/ctn1:P370849",
			"long_date_gen": "Nisannu 10+[x]th, [eponymy of ...]",
			"material": "clay",
			"month": "I",
			"object_type": "tablet",
			"period": "Neo-Assyrian",
			"pleiades_id": "894019",
			"ruler": "Adad-nārārī III or Shalmaneser IV",
			"script": "Neo-Assyrian",
			"script_remarks": "inscribed",
			"script_type": "Cuneiform",
			"subgenre": "list (wine)",
			"year": "[...]",
			"ch_no": "01",
			"ch_name": "The Wine Lists",
			"ch_num_name": "01 (The Wine Lists)"
		},
		"geometry": {
			"type": "Point",
			"coordinates": [43.3275,36.099167]
		}
	}, {
		"type": "Feature",
		"properties": {
			"project": "ctn1",
			"id_text": "P224682",
			"primary_publication": "CTN 1 07",
			"museum_no": "IM lidars",
			"provenience": "Nimrud (Kalhu)",
			"excavation_no": "ND 10046/1",
			"archive": "001 -  Fort Shalmaneser, NE 47-50",
			"date": "(791–778)",
			"atae_attribution": "Adapted from J.V. Kinnier Wilson, The Nimrud Wine Lists (Cuneiform Texts from Nimrud 1), 1972, by Poppy Tushingham (2018–2020) and lemmatized and translated into English by Mikko Luukko (2021) for the Munich Open-access Cuneiform Corpus Initiative (MOCCI), which is funded by LMU Munich and the Alexander von Humboldt Foundation at the Historisches Seminar - Abteilung Alte Geschichte of Ludwig-Maximilians-Universität München. The annotated edition is released under the Creative Commons Attribution Share-Alike license 3.0.",
			"cite_as": "Please cite this page as http://oracc.org/atae/P224682/.",
			"collection": "National Museum of Iraq, Baghdad, Iraq",
			"composite_witness": "witness",
			"credits": "Adapted from J.V. Kinnier Wilson, The Nimrud Wine Lists (Cuneiform Texts from Nimrud 1), 1972, by Poppy Tushingham (2018–2020) and lemmatized and translated into English by Mikko Luukko (2021) for the Munich Open-access Cuneiform Corpus Initiative (MOCCI), which is funded by LMU Munich and the Alexander von Humboldt Foundation at the Historisches Seminar - Abteilung Alte Geschichte of Ludwig-Maximilians-Universität München. The annotated edition is released under the Creative Commons Attribution Share-Alike license 3.0. Please cite this page as http://oracc.org/atae/P224682/.",
			"date_of_origin": "00.000.00.00",
			"designation": "CTN 1 07",
			"dialect": "Neo-Assyrian",
			"findspot_square": "NE 48-49",
			"genre": "Administrative Record",
			"has_date": "yes, but date completely destroyed",
			"language": "Akkadian",
			"last_mod_by": "ARMEP",
			"last_modified": "27.01.2022",
			"list_name": "atae/ctn1:P224682",
			"material": "clay",
			"object_type": "tablet",
			"period": "Neo-Assyrian",
			"pleiades_id": "894019",
			"ruler": "Adad-nārārī III or Shalmaneser IV",
			"script": "Neo-Assyrian",
			"script_remarks": "inscribed",
			"script_type": "Cuneiform",
			"subgenre": "list (wine)",
			"ch_no": "01",
			"ch_name": "The Wine Lists",
			"ch_num_name": "01 (The Wine Lists)"
		},
		"geometry": {
			"type": "Point",
			"coordinates": [43.3275,36.099167]
		}
	}, {
		"type": "Feature",
		"properties": {
			"project": "ctn1",
			"id_text": "P224683",
			"primary_publication": "CTN 1 08",
			"museum_no": "BM — = IM lidars",
			"provenience": "Nimrud (Kalhu)",
			"excavation_no": "ND 10047",
			"archive": "001 -  Fort Shalmaneser, NE 47-50",
			"date": "791-XII-01",
			"long_date": "Addaru 1st, [epo]nymy of [Bēl]-iqīšanni",
			"atae_attribution": "Adapted from J.V. Kinnier Wilson, The Nimrud Wine Lists (Cuneiform Texts from Nimrud 1), 1972, by Poppy Tushingham (2018–2020) and lemmatized and translated into English by Mikko Luukko (2021) for the Munich Open-access Cuneiform Corpus Initiative (MOCCI), which is funded by LMU Munich and the Alexander von Humboldt Foundation at the Historisches Seminar - Abteilung Alte Geschichte of Ludwig-Maximilians-Universität München. The annotated edition is released under the Creative Commons Attribution Share-Alike license 3.0.",
			"cite_as": "Please cite this page as http://oracc.org/atae/P224683/.",
			"collection": "British Museum, London, UK; National Museum of Iraq, Baghdad, Iraq ?",
			"composite_witness": "witness",
			"credits": "Adapted from J.V. Kinnier Wilson, The Nimrud Wine Lists (Cuneiform Texts from Nimrud 1), 1972, by Poppy Tushingham (2018–2020) and lemmatized and translated into English by Mikko Luukko (2021) for the Munich Open-access Cuneiform Corpus Initiative (MOCCI), which is funded by LMU Munich and the Alexander von Humboldt Foundation at the Historisches Seminar - Abteilung Alte Geschichte of Ludwig-Maximilians-Universität München. The annotated edition is released under the Creative Commons Attribution Share-Alike license 3.0. Please cite this page as http://oracc.org/atae/P224683/.",
			"date_gen": "791-XII-01",
			"date_of_origin": "Adad-narari3.limu Bel-iqishanni.12.01",
			"day": "01",
			"designation": "CTN 1 08",
			"dialect": "Neo-Assyrian",
			"eponym": "Bēl-iqīšanni",
			"findspot_square": "NE 48-49",
			"genre": "Administrative Record",
			"has_date": "yes, but date partially preserved",
			"language": "Akkadian",
			"last_mod_by": "ARMEP",
			"last_modified": "27.01.2022",
			"list_name": "atae/ctn1:P224683",
			"long_date_gen": "Addaru 1st, eponymy of Bēl-iqīšanni",
			"material": "clay",
			"month": "XII",
			"object_type": "tablet",
			"period": "Neo-Assyrian",
			"pleiades_id": "894019",
			"regnal_dates": "810–783 BC",
			"ruler": "Adad-nārārī III",
			"script": "Neo-Assyrian",
			"script_remarks": "inscribed",
			"script_type": "Cuneiform",
			"subgenre": "list (wine)",
			"year": "791",
			"ch_no": "01",
			"ch_name": "The Wine Lists",
			"ch_num_name": "01 (The Wine Lists)"
		},
		"geometry": {
			"type": "Point",
			"coordinates": [43.3275,36.099167]
		}
	}, {
		"type": "Feature",
		"properties": {
			"project": "ctn1",
			"id_text": "P370850",
			"primary_publication": "CTN 1 09",
			"museum_no": "BM —",
			"provenience": "Nimrud (Kalhu)",
			"excavation_no": "ND 10048",
			"archive": "001 -  Fort Shalmaneser, NE 47-50",
			"date": "786-I-01",
			"long_date": "Nisannu 1st, epony[my of] Nabû-šarru-[uṣur]",
			"atae_attribution": "Adapted from J.V. Kinnier Wilson, The Nimrud Wine Lists (Cuneiform Texts from Nimrud 1), 1972, by Poppy Tushingham (2018–2020) and lemmatized and translated into English by Mikko Luukko (2021) for the Munich Open-access Cuneiform Corpus Initiative (MOCCI), which is funded by LMU Munich and the Alexander von Humboldt Foundation at the Historisches Seminar - Abteilung Alte Geschichte of Ludwig-Maximilians-Universität München. The annotated edition is released under the Creative Commons Attribution Share-Alike license 3.0.",
			"cite_as": "Please cite this page as http://oracc.org/atae/P370850/.",
			"collection": "British Museum, London, UK",
			"composite_witness": "witness",
			"credits": "Adapted from J.V. Kinnier Wilson, The Nimrud Wine Lists (Cuneiform Texts from Nimrud 1), 1972, by Poppy Tushingham (2018–2020) and lemmatized and translated into English by Mikko Luukko (2021) for the Munich Open-access Cuneiform Corpus Initiative (MOCCI), which is funded by LMU Munich and the Alexander von Humboldt Foundation at the Historisches Seminar - Abteilung Alte Geschichte of Ludwig-Maximilians-Universität München. The annotated edition is released under the Creative Commons Attribution Share-Alike license 3.0. Please cite this page as http://oracc.org/atae/P370850/.",
			"date_gen": "786-I-01",
			"date_of_origin": "Adad-narari3.limu Nabu-sharru-usur.01.01",
			"day": "01",
			"designation": "CTN 1 09",
			"dialect": "Neo-Assyrian",
			"eponym": "Nabû-šarru-uṣur",
			"findspot_square": "NE 48-49",
			"genre": "Administrative Record",
			"has_date": "yes, but date partially preserved",
			"language": "Akkadian",
			"last_mod_by": "ARMEP",
			"last_modified": "27.01.2022",
			"list_name": "atae/ctn1:P370850",
			"long_date_gen": "Nisannu 1st, eponymy of Nabû-šarru-uṣur",
			"material": "clay",
			"month": "I",
			"object_type": "tablet",
			"period": "Neo-Assyrian",
			"pleiades_id": "894019",
			"regnal_dates": "810–783 BC",
			"ruler": "Adad-nārārī III",
			"script": "Neo-Assyrian",
			"script_remarks": "inscribed",
			"script_type": "Cuneiform",
			"subgenre": "list (wine)",
			"year": "786",
			"ch_no": "01",
			"ch_name": "The Wine Lists",
			"ch_num_name": "01 (The Wine Lists)"
		},
		"geometry": {
			"type": "Point",
			"coordinates": [43.3275,36.099167]
		}
	}, {
		"type": "Feature",
		"properties": {
			"project": "ctn1",
			"id_text": "P370851",
			"primary_publication": "CTN 1 10",
			"museum_no": "BM —",
			"provenience": "Nimrud (Kalhu)",
			"excavation_no": "ND 10057",
			"archive": "001 -  Fort Shalmaneser, NE 47-50",
			"date": "(791–778)",
			"atae_attribution": "Adapted from J.V. Kinnier Wilson, The Nimrud Wine Lists (Cuneiform Texts from Nimrud 1), 1972, by Poppy Tushingham (2018–2020) and lemmatized and translated into English by Mikko Luukko (2021) for the Munich Open-access Cuneiform Corpus Initiative (MOCCI), which is funded by LMU Munich and the Alexander von Humboldt Foundation at the Historisches Seminar - Abteilung Alte Geschichte of Ludwig-Maximilians-Universität München. The annotated edition is released under the Creative Commons Attribution Share-Alike license 3.0.",
			"cite_as": "Please cite this page as http://oracc.org/atae/P370851/.",
			"collection": "British Museum, London, UK",
			"composite_witness": "witness",
			"credits": "Adapted from J.V. Kinnier Wilson, The Nimrud Wine Lists (Cuneiform Texts from Nimrud 1), 1972, by Poppy Tushingham (2018–2020) and lemmatized and translated into English by Mikko Luukko (2021) for the Munich Open-access Cuneiform Corpus Initiative (MOCCI), which is funded by LMU Munich and the Alexander von Humboldt Foundation at the Historisches Seminar - Abteilung Alte Geschichte of Ludwig-Maximilians-Universität München. The annotated edition is released under the Creative Commons Attribution Share-Alike license 3.0. Please cite this page as http://oracc.org/atae/P370851/.",
			"date_of_origin": "00.000.00.00",
			"designation": "CTN 1 10",
			"dialect": "Neo-Assyrian",
			"findspot_square": "NE 48-49",
			"genre": "Administrative Record",
			"has_date": "yes, but date completely destroyed",
			"language": "Akkadian",
			"last_mod_by": "ARMEP",
			"last_modified": "27.01.2022",
			"list_name": "atae/ctn1:P370851",
			"material": "clay",
			"object_type": "tablet",
			"period": "Neo-Assyrian",
			"pleiades_id": "894019",
			"ruler": "Adad-nārārī III or Shalmaneser IV",
			"script": "Neo-Assyrian",
			"script_remarks": "inscribed",
			"script_type": "Cuneiform",
			"subgenre": "list (wine)",
			"ch_no": "01",
			"ch_name": "The Wine Lists",
			"ch_num_name": "01 (The Wine Lists)"
		},
		"geometry": {
			"type": "Point",
			"coordinates": [43.3275,36.099167]
		}
	}, {
		"type": "Feature",
		"properties": {
			"project": "ctn1",
			"id_text": "P370852",
			"primary_publication": "CTN 1 11",
			"museum_no": "IM 064231",
			"provenience": "Nimrud (Kalhu)",
			"excavation_no": "ND 10049",
			"archive": "001 -  Fort Shalmaneser, NE 47-50",
			"date": "(791–778)",
			"atae_attribution": "Adapted from J.V. Kinnier Wilson, The Nimrud Wine Lists (Cuneiform Texts from Nimrud 1), 1972, by Poppy Tushingham (2018–2020) and lemmatized and translated into English by Mikko Luukko (2021) for the Munich Open-access Cuneiform Corpus Initiative (MOCCI), which is funded by LMU Munich and the Alexander von Humboldt Foundation at the Historisches Seminar - Abteilung Alte Geschichte of Ludwig-Maximilians-Universität München. The annotated edition is released under the Creative Commons Attribution Share-Alike license 3.0.",
			"cite_as": "Please cite this page as http://oracc.org/atae/P370852/.",
			"collection": "National Museum of Iraq, Baghdad, Iraq",
			"composite_witness": "witness",
			"credits": "Adapted from J.V. Kinnier Wilson, The Nimrud Wine Lists (Cuneiform Texts from Nimrud 1), 1972, by Poppy Tushingham (2018–2020) and lemmatized and translated into English by Mikko Luukko (2021) for the Munich Open-access Cuneiform Corpus Initiative (MOCCI), which is funded by LMU Munich and the Alexander von Humboldt Foundation at the Historisches Seminar - Abteilung Alte Geschichte of Ludwig-Maximilians-Universität München. The annotated edition is released under the Creative Commons Attribution Share-Alike license 3.0. Please cite this page as http://oracc.org/atae/P370852/.",
			"date_of_origin": "00.000.00.00",
			"designation": "CTN 1 11",
			"dialect": "Neo-Assyrian",
			"findspot_square": "NE 48-49",
			"genre": "Administrative Record",
			"has_date": "yes, but date completely destroyed",
			"language": "Akkadian",
			"last_mod_by": "ARMEP",
			"last_modified": "27.01.2022",
			"list_name": "atae/ctn1:P370852",
			"material": "clay",
			"object_type": "tablet",
			"period": "Neo-Assyrian",
			"pleiades_id": "894019",
			"ruler": "Adad-nārārī III or Shalmaneser IV",
			"script": "Neo-Assyrian",
			"script_remarks": "inscribed",
			"script_type": "Cuneiform",
			"subgenre": "list (wine)",
			"ch_no": "01",
			"ch_name": "The Wine Lists",
			"ch_num_name": "01 (The Wine Lists)"
		},
		"geometry": {
			"type": "Point",
			"coordinates": [43.3275,36.099167]
		}
	}, {
		"type": "Feature",
		"properties": {
			"project": "ctn1",
			"id_text": "P370853",
			"primary_publication": "CTN 1 12",
			"museum_no": "BM —",
			"provenience": "Nimrud (Kalhu)",
			"excavation_no": "ND 10055",
			"archive": "001 -  Fort Shalmaneser, NE 47-50",
			"date": "(791–778)",
			"atae_attribution": "Adapted from J.V. Kinnier Wilson, The Nimrud Wine Lists (Cuneiform Texts from Nimrud 1), 1972, by Poppy Tushingham (2018–2020) and lemmatized and translated into English by Mikko Luukko (2021) for the Munich Open-access Cuneiform Corpus Initiative (MOCCI), which is funded by LMU Munich and the Alexander von Humboldt Foundation at the Historisches Seminar - Abteilung Alte Geschichte of Ludwig-Maximilians-Universität München. The annotated edition is released under the Creative Commons Attribution Share-Alike license 3.0.",
			"cite_as": "Please cite this page as http://oracc.org/atae/P370853/.",
			"collection": "British Museum, London, UK",
			"composite_witness": "witness",
			"credits": "Adapted from J.V. Kinnier Wilson, The Nimrud Wine Lists (Cuneiform Texts from Nimrud 1), 1972, by Poppy Tushingham (2018–2020) and lemmatized and translated into English by Mikko Luukko (2021) for the Munich Open-access Cuneiform Corpus Initiative (MOCCI), which is funded by LMU Munich and the Alexander von Humboldt Foundation at the Historisches Seminar - Abteilung Alte Geschichte of Ludwig-Maximilians-Universität München. The annotated edition is released under the Creative Commons Attribution Share-Alike license 3.0. Please cite this page as http://oracc.org/atae/P370853/.",
			"date_of_origin": "00.000.00.00",
			"designation": "CTN 1 12",
			"dialect": "Neo-Assyrian",
			"findspot_square": "NE 48-49",
			"genre": "Administrative Record",
			"has_date": "yes, but date completely destroyed",
			"language": "Akkadian",
			"last_mod_by": "ARMEP",
			"last_modified": "27.01.2022",
			"list_name": "atae/ctn1:P370853",
			"material": "clay",
			"object_type": "tablet",
			"period": "Neo-Assyrian",
			"pleiades_id": "894019",
			"ruler": "Adad-nārārī III or Shalmaneser IV",
			"script": "Neo-Assyrian",
			"script_remarks": "inscribed",
			"script_type": "Cuneiform",
			"subgenre": "list (wine)",
			"ch_no": "01",
			"ch_name": "The Wine Lists",
			"ch_num_name": "01 (The Wine Lists)"
		},
		"geometry": {
			"type": "Point",
			"coordinates": [43.3275,36.099167]
		}
	}, {
		"type": "Feature",
		"properties": {
			"project": "ctn1",
			"id_text": "P224662",
			"primary_publication": "CTN 1 13",
			"museum_no": "IM 064225",
			"provenience": "Nimrud (Kalhu)",
			"excavation_no": "ND 10027 + ND 10028",
			"archive": "001 -  Fort Shalmaneser, NE 47-50",
			"date": "(791–778)",
			"atae_attribution": "Adapted from J.V. Kinnier Wilson, The Nimrud Wine Lists (Cuneiform Texts from Nimrud 1), 1972, by Poppy Tushingham (2018–2020) and lemmatized and translated into English by Mikko Luukko (2021) for the Munich Open-access Cuneiform Corpus Initiative (MOCCI), which is funded by LMU Munich and the Alexander von Humboldt Foundation at the Historisches Seminar - Abteilung Alte Geschichte of Ludwig-Maximilians-Universität München. The annotated edition is released under the Creative Commons Attribution Share-Alike license 3.0.",
			"cite_as": "Please cite this page as http://oracc.org/atae/P224662/.",
			"collection": "National Museum of Iraq, Baghdad, Iraq",
			"composite_witness": "witness",
			"credits": "Adapted from J.V. Kinnier Wilson, The Nimrud Wine Lists (Cuneiform Texts from Nimrud 1), 1972, by Poppy Tushingham (2018–2020) and lemmatized and translated into English by Mikko Luukko (2021) for the Munich Open-access Cuneiform Corpus Initiative (MOCCI), which is funded by LMU Munich and the Alexander von Humboldt Foundation at the Historisches Seminar - Abteilung Alte Geschichte of Ludwig-Maximilians-Universität München. The annotated edition is released under the Creative Commons Attribution Share-Alike license 3.0. Please cite this page as http://oracc.org/atae/P224662/.",
			"date_of_origin": "00.000.00.00",
			"designation": "CTN 1 13",
			"dialect": "Neo-Assyrian",
			"findspot_square": "NE 48-49",
			"genre": "Administrative Record",
			"has_date": "yes, but date completely destroyed",
			"language": "Akkadian",
			"last_mod_by": "ARMEP",
			"last_modified": "27.01.2022",
			"list_name": "atae/ctn1:P224662",
			"material": "clay",
			"object_type": "tablet",
			"period": "Neo-Assyrian",
			"pleiades_id": "894019",
			"ruler": "Adad-nārārī III or Shalmaneser IV",
			"script": "Neo-Assyrian",
			"script_remarks": "inscribed",
			"script_type": "Cuneiform",
			"subgenre": "list (wine)",
			"ch_no": "01",
			"ch_name": "The Wine Lists",
			"ch_num_name": "01 (The Wine Lists)"
		},
		"geometry": {
			"type": "Point",
			"coordinates": [43.3275,36.099167]
		}
	}, {
		"type": "Feature",
		"properties": {
			"project": "ctn1",
			"id_text": "P224665",
			"primary_publication": "CTN 1 14",
			"museum_no": "IM 064228",
			"provenience": "Nimrud (Kalhu)",
			"excavation_no": "ND 10031",
			"archive": "001 -  Fort Shalmaneser, NE 47-50",
			"date": "(791–778)",
			"atae_attribution": "Adapted from J.V. Kinnier Wilson, The Nimrud Wine Lists (Cuneiform Texts from Nimrud 1), 1972, by Poppy Tushingham (2018–2020) and lemmatized and translated into English by Mikko Luukko (2021) for the Munich Open-access Cuneiform Corpus Initiative (MOCCI), which is funded by LMU Munich and the Alexander von Humboldt Foundation at the Historisches Seminar - Abteilung Alte Geschichte of Ludwig-Maximilians-Universität München. The annotated edition is released under the Creative Commons Attribution Share-Alike license 3.0.",
			"cite_as": "Please cite this page as http://oracc.org/atae/P224665/.",
			"collection": "National Museum of Iraq, Baghdad, Iraq",
			"composite_witness": "witness",
			"credits": "Adapted from J.V. Kinnier Wilson, The Nimrud Wine Lists (Cuneiform Texts from Nimrud 1), 1972, by Poppy Tushingham (2018–2020) and lemmatized and translated into English by Mikko Luukko (2021) for the Munich Open-access Cuneiform Corpus Initiative (MOCCI), which is funded by LMU Munich and the Alexander von Humboldt Foundation at the Historisches Seminar - Abteilung Alte Geschichte of Ludwig-Maximilians-Universität München. The annotated edition is released under the Creative Commons Attribution Share-Alike license 3.0. Please cite this page as http://oracc.org/atae/P224665/.",
			"date_of_origin": "00.000.00.00",
			"designation": "CTN 1 14",
			"dialect": "Neo-Assyrian",
			"findspot_square": "NE 48-49",
			"genre": "Administrative Record",
			"has_date": "yes, but date completely destroyed",
			"language": "Akkadian",
			"last_mod_by": "ARMEP",
			"last_modified": "27.01.2022",
			"list_name": "atae/ctn1:P224665",
			"material": "clay",
			"object_type": "tablet",
			"period": "Neo-Assyrian",
			"pleiades_id": "894019",
			"ruler": "Adad-nārārī III or Shalmaneser IV",
			"script": "Neo-Assyrian",
			"script_remarks": "inscribed",
			"script_type": "Cuneiform",
			"subgenre": "list (wine)",
			"ch_no": "01",
			"ch_name": "The Wine Lists",
			"ch_num_name": "01 (The Wine Lists)"
		},
		"geometry": {
			"type": "Point",
			"coordinates": [43.3275,36.099167]
		}
	}, {
		"type": "Feature",
		"properties": {
			"project": "ctn1",
			"id_text": "P224671",
			"primary_publication": "CTN 1 15",
			"museum_no": "IM 064234",
			"provenience": "Nimrud (Kalhu)",
			"excavation_no": "ND 10056",
			"archive": "001 -  Fort Shalmaneser, NE 47-50",
			"date": "(791–778)",
			"atae_attribution": "Adapted from J.V. Kinnier Wilson, The Nimrud Wine Lists (Cuneiform Texts from Nimrud 1), 1972, by Poppy Tushingham (2018–2020) and lemmatized and translated into English by Mikko Luukko (2021) for the Munich Open-access Cuneiform Corpus Initiative (MOCCI), which is funded by LMU Munich and the Alexander von Humboldt Foundation at the Historisches Seminar - Abteilung Alte Geschichte of Ludwig-Maximilians-Universität München. The annotated edition is released under the Creative Commons Attribution Share-Alike license 3.0.",
			"cite_as": "Please cite this page as http://oracc.org/atae/P224671/.",
			"collection": "National Museum of Iraq, Baghdad, Iraq",
			"composite_witness": "witness",
			"credits": "Adapted from J.V. Kinnier Wilson, The Nimrud Wine Lists (Cuneiform Texts from Nimrud 1), 1972, by Poppy Tushingham (2018–2020) and lemmatized and translated into English by Mikko Luukko (2021) for the Munich Open-access Cuneiform Corpus Initiative (MOCCI), which is funded by LMU Munich and the Alexander von Humboldt Foundation at the Historisches Seminar - Abteilung Alte Geschichte of Ludwig-Maximilians-Universität München. The annotated edition is released under the Creative Commons Attribution Share-Alike license 3.0. Please cite this page as http://oracc.org/atae/P224671/.",
			"date_of_origin": "00.000.00.00",
			"designation": "CTN 1 15",
			"dialect": "Neo-Assyrian",
			"findspot_square": "NE 48-49",
			"genre": "Administrative Record",
			"has_date": "yes, but date completely destroyed",
			"language": "Akkadian",
			"last_mod_by": "ARMEP",
			"last_modified": "27.01.2022",
			"list_name": "atae/ctn1:P224671",
			"material": "clay",
			"object_type": "tablet",
			"period": "Neo-Assyrian",
			"pleiades_id": "894019",
			"ruler": "Adad-nārārī III or Shalmaneser IV",
			"script": "Neo-Assyrian",
			"script_remarks": "inscribed",
			"script_type": "Cuneiform",
			"subgenre": "list (wine)",
			"ch_no": "01",
			"ch_name": "The Wine Lists",
			"ch_num_name": "01 (The Wine Lists)"
		},
		"geometry": {
			"type": "Point",
			"coordinates": [43.3275,36.099167]
		}
	}, {
		"type": "Feature",
		"properties": {
			"project": "ctn1",
			"id_text": "P224666",
			"primary_publication": "CTN 1 16",
			"museum_no": "IM 064229 + IM 064232,a",
			"provenience": "Nimrud (Kalhu)",
			"excavation_no": "ND 10033 + ND 10050/1",
			"archive": "001 -  Fort Shalmaneser, NE 47-50",
			"date": "(791–778)",
			"atae_attribution": "Adapted from J.V. Kinnier Wilson, The Nimrud Wine Lists (Cuneiform Texts from Nimrud 1), 1972, by Poppy Tushingham (2018–2020) and lemmatized and translated into English by Mikko Luukko (2021) for the Munich Open-access Cuneiform Corpus Initiative (MOCCI), which is funded by LMU Munich and the Alexander von Humboldt Foundation at the Historisches Seminar - Abteilung Alte Geschichte of Ludwig-Maximilians-Universität München. The annotated edition is released under the Creative Commons Attribution Share-Alike license 3.0.",
			"cite_as": "Please cite this page as http://oracc.org/atae/P224666/.",
			"collection": "National Museum of Iraq, Baghdad, Iraq",
			"composite_witness": "witness",
			"credits": "Adapted from J.V. Kinnier Wilson, The Nimrud Wine Lists (Cuneiform Texts from Nimrud 1), 1972, by Poppy Tushingham (2018–2020) and lemmatized and translated into English by Mikko Luukko (2021) for the Munich Open-access Cuneiform Corpus Initiative (MOCCI), which is funded by LMU Munich and the Alexander von Humboldt Foundation at the Historisches Seminar - Abteilung Alte Geschichte of Ludwig-Maximilians-Universität München. The annotated edition is released under the Creative Commons Attribution Share-Alike license 3.0. Please cite this page as http://oracc.org/atae/P224666/.",
			"date_of_origin": "00.000.00.00",
			"designation": "CTN 1 16",
			"dialect": "Neo-Assyrian",
			"findspot_square": "NE 48-49",
			"genre": "Administrative Record",
			"has_date": "yes, but date completely destroyed",
			"language": "Akkadian",
			"last_mod_by": "ARMEP",
			"last_modified": "27.01.2022",
			"list_name": "atae/ctn1:P224666",
			"material": "clay",
			"object_type": "tablet",
			"period": "Neo-Assyrian",
			"pleiades_id": "894019",
			"ruler": "Adad-nārārī III or Shalmaneser IV",
			"script": "Neo-Assyrian",
			"script_remarks": "inscribed",
			"script_type": "Cuneiform",
			"subgenre": "list (wine)",
			"ch_no": "01",
			"ch_name": "The Wine Lists",
			"ch_num_name": "01 (The Wine Lists)"
		},
		"geometry": {
			"type": "Point",
			"coordinates": [43.3275,36.099167]
		}
	}, {
		"type": "Feature",
		"properties": {
			"project": "ctn1",
			"id_text": "P224688",
			"primary_publication": "CTN 1 17",
			"museum_no": "IM 064232,b",
			"provenience": "Nimrud (Kalhu)",
			"excavation_no": "ND 10050/2",
			"archive": "001 -  Fort Shalmaneser, NE 47-50",
			"date": "(791–778)",
			"atae_attribution": "Adapted from J.V. Kinnier Wilson, The Nimrud Wine Lists (Cuneiform Texts from Nimrud 1), 1972, by Poppy Tushingham (2018–2020) and lemmatized and translated into English by Mikko Luukko (2021) for the Munich Open-access Cuneiform Corpus Initiative (MOCCI), which is funded by LMU Munich and the Alexander von Humboldt Foundation at the Historisches Seminar - Abteilung Alte Geschichte of Ludwig-Maximilians-Universität München. The annotated edition is released under the Creative Commons Attribution Share-Alike license 3.0.",
			"cite_as": "Please cite this page as http://oracc.org/atae/P224688/.",
			"collection": "National Museum of Iraq, Baghdad, Iraq",
			"composite_witness": "witness",
			"credits": "Adapted from J.V. Kinnier Wilson, The Nimrud Wine Lists (Cuneiform Texts from Nimrud 1), 1972, by Poppy Tushingham (2018–2020) and lemmatized and translated into English by Mikko Luukko (2021) for the Munich Open-access Cuneiform Corpus Initiative (MOCCI), which is funded by LMU Munich and the Alexander von Humboldt Foundation at the Historisches Seminar - Abteilung Alte Geschichte of Ludwig-Maximilians-Universität München. The annotated edition is released under the Creative Commons Attribution Share-Alike license 3.0. Please cite this page as http://oracc.org/atae/P224688/.",
			"date_of_origin": "00.000.00.00",
			"designation": "CTN 1 17",
			"dialect": "Neo-Assyrian",
			"findspot_square": "NE 48-49",
			"genre": "Administrative Record",
			"has_date": "yes, but date completely destroyed",
			"language": "Akkadian",
			"last_mod_by": "ARMEP",
			"last_modified": "27.01.2022",
			"list_name": "atae/ctn1:P224688",
			"material": "clay",
			"object_type": "tablet",
			"period": "Neo-Assyrian",
			"pleiades_id": "894019",
			"ruler": "Adad-nārārī III or Shalmaneser IV",
			"script": "Neo-Assyrian",
			"script_remarks": "inscribed",
			"script_type": "Cuneiform",
			"subgenre": "list (wine)",
			"ch_no": "01",
			"ch_name": "The Wine Lists",
			"ch_num_name": "01 (The Wine Lists)"
		},
		"geometry": {
			"type": "Point",
			"coordinates": [43.3275,36.099167]
		}
	}, {
		"type": "Feature",
		"properties": {
			"project": "ctn1",
			"id_text": "P224670",
			"primary_publication": "CTN 1 18",
			"museum_no": "IM 064233",
			"provenience": "Nimrud (Kalhu)",
			"excavation_no": "ND 10052",
			"archive": "001 -  Fort Shalmaneser, NE 47-50",
			"date": "(791–778)",
			"atae_attribution": "Adapted from J.V. Kinnier Wilson, The Nimrud Wine Lists (Cuneiform Texts from Nimrud 1), 1972, by Poppy Tushingham (2018–2020) and lemmatized and translated into English by Mikko Luukko (2021) for the Munich Open-access Cuneiform Corpus Initiative (MOCCI), which is funded by LMU Munich and the Alexander von Humboldt Foundation at the Historisches Seminar - Abteilung Alte Geschichte of Ludwig-Maximilians-Universität München. The annotated edition is released under the Creative Commons Attribution Share-Alike license 3.0.",
			"cite_as": "Please cite this page as http://oracc.org/atae/P224670/.",
			"collection": "National Museum of Iraq, Baghdad, Iraq",
			"composite_witness": "witness",
			"credits": "Adapted from J.V. Kinnier Wilson, The Nimrud Wine Lists (Cuneiform Texts from Nimrud 1), 1972, by Poppy Tushingham (2018–2020) and lemmatized and translated into English by Mikko Luukko (2021) for the Munich Open-access Cuneiform Corpus Initiative (MOCCI), which is funded by LMU Munich and the Alexander von Humboldt Foundation at the Historisches Seminar - Abteilung Alte Geschichte of Ludwig-Maximilians-Universität München. The annotated edition is released under the Creative Commons Attribution Share-Alike license 3.0. Please cite this page as http://oracc.org/atae/P224670/.",
			"date_of_origin": "00.000.00.00",
			"designation": "CTN 1 18",
			"dialect": "Neo-Assyrian",
			"findspot_square": "NE 48-49",
			"genre": "Administrative Record",
			"has_date": "yes, but date completely destroyed",
			"language": "Akkadian",
			"last_mod_by": "ARMEP",
			"last_modified": "27.01.2022",
			"list_name": "atae/ctn1:P224670",
			"material": "clay",
			"object_type": "tablet",
			"period": "Neo-Assyrian",
			"pleiades_id": "894019",
			"ruler": "Adad-nārārī III or Shalmaneser IV",
			"script": "Neo-Assyrian",
			"script_remarks": "inscribed",
			"script_type": "Cuneiform",
			"subgenre": "list (wine)",
			"ch_no": "01",
			"ch_name": "The Wine Lists",
			"ch_num_name": "01 (The Wine Lists)"
		},
		"geometry": {
			"type": "Point",
			"coordinates": [43.3275,36.099167]
		}
	}, {
		"type": "Feature",
		"properties": {
			"project": "ctn1",
			"id_text": "P370856",
			"primary_publication": "CTN 1 19",
			"museum_no": "BM —",
			"provenience": "Nimrud (Kalhu)",
			"excavation_no": "ND 10051",
			"archive": "001 -  Fort Shalmaneser, NE 47-50",
			"date": "(791–778)",
			"atae_attribution": "Adapted from J.V. Kinnier Wilson, The Nimrud Wine Lists (Cuneiform Texts from Nimrud 1), 1972, by Poppy Tushingham (2018–2020) and lemmatized and translated into English by Mikko Luukko (2021) for the Munich Open-access Cuneiform Corpus Initiative (MOCCI), which is funded by LMU Munich and the Alexander von Humboldt Foundation at the Historisches Seminar - Abteilung Alte Geschichte of Ludwig-Maximilians-Universität München. The annotated edition is released under the Creative Commons Attribution Share-Alike license 3.0.",
			"cite_as": "Please cite this page as http://oracc.org/atae/P370856/.",
			"collection": "British Museum, London, UK",
			"composite_witness": "witness",
			"credits": "Adapted from J.V. Kinnier Wilson, The Nimrud Wine Lists (Cuneiform Texts from Nimrud 1), 1972, by Poppy Tushingham (2018–2020) and lemmatized and translated into English by Mikko Luukko (2021) for the Munich Open-access Cuneiform Corpus Initiative (MOCCI), which is funded by LMU Munich and the Alexander von Humboldt Foundation at the Historisches Seminar - Abteilung Alte Geschichte of Ludwig-Maximilians-Universität München. The annotated edition is released under the Creative Commons Attribution Share-Alike license 3.0. Please cite this page as http://oracc.org/atae/P370856/.",
			"date_of_origin": "00.000.00.00",
			"designation": "CTN 1 19",
			"dialect": "Neo-Assyrian",
			"findspot_square": "NE 48-49",
			"genre": "Administrative Record",
			"has_date": "yes, but date completely destroyed",
			"language": "Akkadian",
			"last_mod_by": "ARMEP",
			"last_modified": "27.01.2022",
			"list_name": "atae/ctn1:P370856",
			"material": "clay",
			"object_type": "tablet",
			"period": "Neo-Assyrian",
			"pleiades_id": "894019",
			"ruler": "Adad-nārārī III or Shalmaneser IV",
			"script": "Neo-Assyrian",
			"script_remarks": "inscribed",
			"script_type": "Cuneiform",
			"subgenre": "list (wine)",
			"ch_no": "01",
			"ch_name": "The Wine Lists",
			"ch_num_name": "01 (The Wine Lists)"
		},
		"geometry": {
			"type": "Point",
			"coordinates": [43.3275,36.099167]
		}
	}, {
		"type": "Feature",
		"properties": {
			"project": "ctn1",
			"id_text": "P370857",
			"primary_publication": "CTN 1 20",
			"museum_no": "BM —",
			"provenience": "Nimrud (Kalhu)",
			"excavation_no": "ND 10053",
			"archive": "001 -  Fort Shalmaneser, NE 47-50",
			"date": "(791–778)",
			"atae_attribution": "Adapted from J.V. Kinnier Wilson, The Nimrud Wine Lists (Cuneiform Texts from Nimrud 1), 1972, by Poppy Tushingham (2018–2020) and lemmatized and translated into English by Mikko Luukko (2021) for the Munich Open-access Cuneiform Corpus Initiative (MOCCI), which is funded by LMU Munich and the Alexander von Humboldt Foundation at the Historisches Seminar - Abteilung Alte Geschichte of Ludwig-Maximilians-Universität München. The annotated edition is released under the Creative Commons Attribution Share-Alike license 3.0.",
			"cite_as": "Please cite this page as http://oracc.org/atae/P370857/.",
			"collection": "British Museum, London, UK",
			"composite_witness": "witness",
			"credits": "Adapted from J.V. Kinnier Wilson, The Nimrud Wine Lists (Cuneiform Texts from Nimrud 1), 1972, by Poppy Tushingham (2018–2020) and lemmatized and translated into English by Mikko Luukko (2021) for the Munich Open-access Cuneiform Corpus Initiative (MOCCI), which is funded by LMU Munich and the Alexander von Humboldt Foundation at the Historisches Seminar - Abteilung Alte Geschichte of Ludwig-Maximilians-Universität München. The annotated edition is released under the Creative Commons Attribution Share-Alike license 3.0. Please cite this page as http://oracc.org/atae/P370857/.",
			"date_of_origin": "00.000.00.00",
			"designation": "CTN 1 20",
			"dialect": "Neo-Assyrian",
			"findspot_square": "NE 48-49",
			"genre": "Administrative Record",
			"has_date": "yes, but date completely destroyed",
			"language": "Akkadian",
			"last_mod_by": "ARMEP",
			"last_modified": "27.01.2022",
			"list_name": "atae/ctn1:P370857",
			"material": "clay",
			"object_type": "tablet",
			"period": "Neo-Assyrian",
			"pleiades_id": "894019",
			"ruler": "Adad-nārārī III or Shalmaneser IV",
			"script": "Neo-Assyrian",
			"script_remarks": "inscribed",
			"script_type": "Cuneiform",
			"subgenre": "list (wine)",
			"ch_no": "01",
			"ch_name": "The Wine Lists",
			"ch_num_name": "01 (The Wine Lists)"
		},
		"geometry": {
			"type": "Point",
			"coordinates": [43.3275,36.099167]
		}
	}, {
		"type": "Feature",
		"properties": {
			"project": "ctn1",
			"id_text": "P370858",
			"primary_publication": "CTN 1 21",
			"museum_no": "BM —",
			"provenience": "Nimrud (Kalhu)",
			"excavation_no": "ND 10054",
			"archive": "001 -  Fort Shalmaneser, NE 47-50",
			"date": "(791–778)",
			"atae_attribution": "Adapted from J.V. Kinnier Wilson, The Nimrud Wine Lists (Cuneiform Texts from Nimrud 1), 1972, by Poppy Tushingham (2018–2020) and lemmatized and translated into English by Mikko Luukko (2021) for the Munich Open-access Cuneiform Corpus Initiative (MOCCI), which is funded by LMU Munich and the Alexander von Humboldt Foundation at the Historisches Seminar - Abteilung Alte Geschichte of Ludwig-Maximilians-Universität München. The annotated edition is released under the Creative Commons Attribution Share-Alike license 3.0.",
			"cite_as": "Please cite this page as http://oracc.org/atae/P370858/.",
			"collection": "British Museum, London, UK",
			"composite_witness": "witness",
			"credits": "Adapted from J.V. Kinnier Wilson, The Nimrud Wine Lists (Cuneiform Texts from Nimrud 1), 1972, by Poppy Tushingham (2018–2020) and lemmatized and translated into English by Mikko Luukko (2021) for the Munich Open-access Cuneiform Corpus Initiative (MOCCI), which is funded by LMU Munich and the Alexander von Humboldt Foundation at the Historisches Seminar - Abteilung Alte Geschichte of Ludwig-Maximilians-Universität München. The annotated edition is released under the Creative Commons Attribution Share-Alike license 3.0. Please cite this page as http://oracc.org/atae/P370858/.",
			"date_of_origin": "00.000.00.00",
			"designation": "CTN 1 21",
			"dialect": "Neo-Assyrian",
			"findspot_square": "NE 48-49",
			"genre": "Administrative Record",
			"has_date": "yes, but date completely destroyed",
			"language": "Akkadian",
			"last_mod_by": "ARMEP",
			"last_modified": "27.01.2022",
			"list_name": "atae/ctn1:P370858",
			"material": "clay",
			"object_type": "tablet",
			"period": "Neo-Assyrian",
			"pleiades_id": "894019",
			"ruler": "Adad-nārārī III or Shalmaneser IV",
			"script": "Neo-Assyrian",
			"script_remarks": "inscribed",
			"script_type": "Cuneiform",
			"subgenre": "list (wine)",
			"ch_no": "01",
			"ch_name": "The Wine Lists",
			"ch_num_name": "01 (The Wine Lists)"
		},
		"geometry": {
			"type": "Point",
			"coordinates": [43.3275,36.099167]
		}
	}, {
		"type": "Feature",
		"properties": {
			"project": "ctn1",
			"id_text": "P224674",
			"primary_publication": "CTN 1 22",
			"museum_no": "IM 064236",
			"provenience": "Nimrud (Kalhu)",
			"excavation_no": "ND 10061",
			"archive": "001 -  Fort Shalmaneser, NE 47-50",
			"date": "(791–778)",
			"atae_attribution": "Adapted from J.V. Kinnier Wilson, The Nimrud Wine Lists (Cuneiform Texts from Nimrud 1), 1972, by Poppy Tushingham (2018–2020) and lemmatized and translated into English by Mikko Luukko (2021) for the Munich Open-access Cuneiform Corpus Initiative (MOCCI), which is funded by LMU Munich and the Alexander von Humboldt Foundation at the Historisches Seminar - Abteilung Alte Geschichte of Ludwig-Maximilians-Universität München. The annotated edition is released under the Creative Commons Attribution Share-Alike license 3.0.",
			"cite_as": "Please cite this page as http://oracc.org/atae/P224674/.",
			"collection": "National Museum of Iraq, Baghdad, Iraq",
			"composite_witness": "witness",
			"credits": "Adapted from J.V. Kinnier Wilson, The Nimrud Wine Lists (Cuneiform Texts from Nimrud 1), 1972, by Poppy Tushingham (2018–2020) and lemmatized and translated into English by Mikko Luukko (2021) for the Munich Open-access Cuneiform Corpus Initiative (MOCCI), which is funded by LMU Munich and the Alexander von Humboldt Foundation at the Historisches Seminar - Abteilung Alte Geschichte of Ludwig-Maximilians-Universität München. The annotated edition is released under the Creative Commons Attribution Share-Alike license 3.0. Please cite this page as http://oracc.org/atae/P224674/.",
			"date_of_origin": "00.000.00.00",
			"designation": "CTN 1 22",
			"dialect": "Neo-Assyrian",
			"findspot_square": "NE 48-49",
			"genre": "Administrative Record",
			"has_date": "yes, but date completely destroyed",
			"language": "Akkadian",
			"last_mod_by": "ARMEP",
			"last_modified": "27.01.2022",
			"list_name": "atae/ctn1:P224674",
			"material": "clay",
			"object_type": "tablet",
			"period": "Neo-Assyrian",
			"pleiades_id": "894019",
			"ruler": "Adad-nārārī III or Shalmaneser IV",
			"script": "Neo-Assyrian",
			"script_remarks": "inscribed",
			"script_type": "Cuneiform",
			"subgenre": "list (wine)",
			"ch_no": "01",
			"ch_name": "The Wine Lists",
			"ch_num_name": "01 (The Wine Lists)"
		},
		"geometry": {
			"type": "Point",
			"coordinates": [43.3275,36.099167]
		}
	}, {
		"type": "Feature",
		"properties": {
			"project": "ctn1",
			"id_text": "P224672",
			"primary_publication": "CTN 1 23",
			"museum_no": "IM 064235",
			"provenience": "Nimrud (Kalhu)",
			"excavation_no": "ND 10059",
			"archive": "001 -  Fort Shalmaneser, NE 47-50",
			"date": "(791–778)",
			"atae_attribution": "Adapted from J.V. Kinnier Wilson, The Nimrud Wine Lists (Cuneiform Texts from Nimrud 1), 1972, by Poppy Tushingham (2018–2020) and lemmatized and translated into English by Mikko Luukko (2021) for the Munich Open-access Cuneiform Corpus Initiative (MOCCI), which is funded by LMU Munich and the Alexander von Humboldt Foundation at the Historisches Seminar - Abteilung Alte Geschichte of Ludwig-Maximilians-Universität München. The annotated edition is released under the Creative Commons Attribution Share-Alike license 3.0.",
			"cite_as": "Please cite this page as http://oracc.org/atae/P224672/.",
			"collection": "National Museum of Iraq, Baghdad, Iraq",
			"composite_witness": "witness",
			"credits": "Adapted from J.V. Kinnier Wilson, The Nimrud Wine Lists (Cuneiform Texts from Nimrud 1), 1972, by Poppy Tushingham (2018–2020) and lemmatized and translated into English by Mikko Luukko (2021) for the Munich Open-access Cuneiform Corpus Initiative (MOCCI), which is funded by LMU Munich and the Alexander von Humboldt Foundation at the Historisches Seminar - Abteilung Alte Geschichte of Ludwig-Maximilians-Universität München. The annotated edition is released under the Creative Commons Attribution Share-Alike license 3.0. Please cite this page as http://oracc.org/atae/P224672/.",
			"date_of_origin": "00.000.00.00",
			"designation": "CTN 1 23",
			"dialect": "Neo-Assyrian",
			"findspot_square": "NE 48-49",
			"genre": "Administrative Record",
			"has_date": "yes, but date completely destroyed",
			"language": "Akkadian",
			"last_mod_by": "ARMEP",
			"last_modified": "27.01.2022",
			"list_name": "atae/ctn1:P224672",
			"material": "clay",
			"object_type": "tablet",
			"period": "Neo-Assyrian",
			"pleiades_id": "894019",
			"ruler": "Adad-nārārī III or Shalmaneser IV",
			"script": "Neo-Assyrian",
			"script_remarks": "inscribed",
			"script_type": "Cuneiform",
			"subgenre": "list (wine)",
			"ch_no": "01",
			"ch_name": "The Wine Lists",
			"ch_num_name": "01 (The Wine Lists)"
		},
		"geometry": {
			"type": "Point",
			"coordinates": [43.3275,36.099167]
		}
	}, {
		"type": "Feature",
		"properties": {
			"project": "ctn1",
			"id_text": "P224680",
			"primary_publication": "CTN 1 24",
			"museum_no": "IM lidars",
			"provenience": "Nimrud (Kalhu)",
			"excavation_no": "ND 10042/4",
			"archive": "001 -  Fort Shalmaneser, NE 47-50",
			"date": "(791–778)",
			"atae_attribution": "Adapted from J.V. Kinnier Wilson, The Nimrud Wine Lists (Cuneiform Texts from Nimrud 1), 1972, by Poppy Tushingham (2018–2020) and lemmatized and translated into English by Mikko Luukko (2021) for the Munich Open-access Cuneiform Corpus Initiative (MOCCI), which is funded by LMU Munich and the Alexander von Humboldt Foundation at the Historisches Seminar - Abteilung Alte Geschichte of Ludwig-Maximilians-Universität München. The annotated edition is released under the Creative Commons Attribution Share-Alike license 3.0.",
			"cite_as": "Please cite this page as http://oracc.org/atae/P224680/.",
			"collection": "National Museum of Iraq, Baghdad, Iraq",
			"composite_witness": "witness",
			"credits": "Adapted from J.V. Kinnier Wilson, The Nimrud Wine Lists (Cuneiform Texts from Nimrud 1), 1972, by Poppy Tushingham (2018–2020) and lemmatized and translated into English by Mikko Luukko (2021) for the Munich Open-access Cuneiform Corpus Initiative (MOCCI), which is funded by LMU Munich and the Alexander von Humboldt Foundation at the Historisches Seminar - Abteilung Alte Geschichte of Ludwig-Maximilians-Universität München. The annotated edition is released under the Creative Commons Attribution Share-Alike license 3.0. Please cite this page as http://oracc.org/atae/P224680/.",
			"date_of_origin": "00.000.00.00",
			"designation": "CTN 1 24",
			"dialect": "Neo-Assyrian",
			"findspot_square": "NE 48-49",
			"genre": "Administrative Record",
			"has_date": "yes, but date completely destroyed",
			"language": "Akkadian",
			"last_mod_by": "ARMEP",
			"last_modified": "27.01.2022",
			"list_name": "atae/ctn1:P224680",
			"material": "clay",
			"object_type": "tablet",
			"period": "Neo-Assyrian",
			"pleiades_id": "894019",
			"ruler": "Adad-nārārī III or Shalmaneser IV",
			"script": "Neo-Assyrian",
			"script_remarks": "inscribed",
			"script_type": "Cuneiform",
			"subgenre": "list (wine)",
			"ch_no": "01",
			"ch_name": "The Wine Lists",
			"ch_num_name": "01 (The Wine Lists)"
		},
		"geometry": {
			"type": "Point",
			"coordinates": [43.3275,36.099167]
		}
	}, {
		"type": "Feature",
		"properties": {
			"project": "ctn1",
			"id_text": "P225261",
			"primary_publication": "CTN 1 25",
			"museum_no": "BM — = IM 064327",
			"provenience": "Nimrud (Kalhu)",
			"excavation_no": "ND 10064",
			"archive": "001 -  Fort Shalmaneser, NE 47-50",
			"date": "(791–778)",
			"atae_attribution": "Adapted from J.V. Kinnier Wilson, The Nimrud Wine Lists (Cuneiform Texts from Nimrud 1), 1972, by Poppy Tushingham (2018–2020) and lemmatized and translated into English by Mikko Luukko (2021) for the Munich Open-access Cuneiform Corpus Initiative (MOCCI), which is funded by LMU Munich and the Alexander von Humboldt Foundation at the Historisches Seminar - Abteilung Alte Geschichte of Ludwig-Maximilians-Universität München. The annotated edition is released under the Creative Commons Attribution Share-Alike license 3.0.",
			"cite_as": "Please cite this page as http://oracc.org/atae/P225261/.",
			"collection": "British Museum, London, UK; National Museum of Iraq, Baghdad, Iraq ?",
			"composite_witness": "witness",
			"credits": "Adapted from J.V. Kinnier Wilson, The Nimrud Wine Lists (Cuneiform Texts from Nimrud 1), 1972, by Poppy Tushingham (2018–2020) and lemmatized and translated into English by Mikko Luukko (2021) for the Munich Open-access Cuneiform Corpus Initiative (MOCCI), which is funded by LMU Munich and the Alexander von Humboldt Foundation at the Historisches Seminar - Abteilung Alte Geschichte of Ludwig-Maximilians-Universität München. The annotated edition is released under the Creative Commons Attribution Share-Alike license 3.0. Please cite this page as http://oracc.org/atae/P225261/.",
			"date_of_origin": "00.000.00.00",
			"designation": "CTN 1 25",
			"dialect": "Neo-Assyrian",
			"findspot_square": "NE 48-49",
			"genre": "Administrative Record",
			"has_date": "yes, but date completely destroyed",
			"language": "Akkadian",
			"last_mod_by": "ARMEP",
			"last_modified": "27.01.2022",
			"list_name": "atae/ctn1:P225261",
			"material": "clay",
			"object_type": "tablet",
			"period": "Neo-Assyrian",
			"pleiades_id": "894019",
			"ruler": "Adad-nārārī III or Shalmaneser IV",
			"script": "Neo-Assyrian",
			"script_remarks": "inscribed",
			"script_type": "Cuneiform",
			"subgenre": "list (wine)",
			"ch_no": "01",
			"ch_name": "The Wine Lists",
			"ch_num_name": "01 (The Wine Lists)"
		},
		"geometry": {
			"type": "Point",
			"coordinates": [43.3275,36.099167]
		}
	}, {
		"type": "Feature",
		"properties": {
			"project": "ctn1",
			"id_text": "P370859",
			"primary_publication": "CTN 1 26",
			"museum_no": "BM —",
			"provenience": "Nimrud (Kalhu)",
			"excavation_no": "ND 10069",
			"archive": "001 -  Fort Shalmaneser, NE 47-50",
			"date": "(791–778)",
			"atae_attribution": "Adapted from J.V. Kinnier Wilson, The Nimrud Wine Lists (Cuneiform Texts from Nimrud 1), 1972, by Poppy Tushingham (2018–2020) and lemmatized and translated into English by Mikko Luukko (2021) for the Munich Open-access Cuneiform Corpus Initiative (MOCCI), which is funded by LMU Munich and the Alexander von Humboldt Foundation at the Historisches Seminar - Abteilung Alte Geschichte of Ludwig-Maximilians-Universität München. The annotated edition is released under the Creative Commons Attribution Share-Alike license 3.0.",
			"cite_as": "Please cite this page as http://oracc.org/atae/P370859/.",
			"collection": "British Museum, London, UK",
			"composite_witness": "witness",
			"credits": "Adapted from J.V. Kinnier Wilson, The Nimrud Wine Lists (Cuneiform Texts from Nimrud 1), 1972, by Poppy Tushingham (2018–2020) and lemmatized and translated into English by Mikko Luukko (2021) for the Munich Open-access Cuneiform Corpus Initiative (MOCCI), which is funded by LMU Munich and the Alexander von Humboldt Foundation at the Historisches Seminar - Abteilung Alte Geschichte of Ludwig-Maximilians-Universität München. The annotated edition is released under the Creative Commons Attribution Share-Alike license 3.0. Please cite this page as http://oracc.org/atae/P370859/.",
			"date_of_origin": "00.000.00.00",
			"designation": "CTN 1 26",
			"dialect": "Neo-Assyrian",
			"findspot_square": "NE 48-49",
			"genre": "Administrative Record",
			"has_date": "yes, but date completely destroyed",
			"language": "Akkadian",
			"last_mod_by": "ARMEP",
			"last_modified": "27.01.2022",
			"list_name": "atae/ctn1:P370859",
			"material": "clay",
			"object_type": "tablet",
			"period": "Neo-Assyrian",
			"pleiades_id": "894019",
			"ruler": "Adad-nārārī III or Shalmaneser IV",
			"script": "Neo-Assyrian",
			"script_remarks": "inscribed",
			"script_type": "Cuneiform",
			"subgenre": "list (wine)",
			"ch_no": "01",
			"ch_name": "The Wine Lists",
			"ch_num_name": "01 (The Wine Lists)"
		},
		"geometry": {
			"type": "Point",
			"coordinates": [43.3275,36.099167]
		}
	}, {
		"type": "Feature",
		"properties": {
			"project": "ctn1",
			"id_text": "P370878",
			"primary_publication": "CTN 1 27",
			"museum_no": "BM —",
			"provenience": "Nimrud (Kalhu)",
			"excavation_no": "ND —",
			"archive": "099 - Miscellaneous",
			"date": "(791–778)",
			"atae_attribution": "Adapted from J.V. Kinnier Wilson, The Nimrud Wine Lists (Cuneiform Texts from Nimrud 1), 1972, by Poppy Tushingham (2018–2020) and lemmatized and translated into English by Mikko Luukko (2021) for the Munich Open-access Cuneiform Corpus Initiative (MOCCI), which is funded by LMU Munich and the Alexander von Humboldt Foundation at the Historisches Seminar - Abteilung Alte Geschichte of Ludwig-Maximilians-Universität München. The annotated edition is released under the Creative Commons Attribution Share-Alike license 3.0.",
			"cite_as": "Please cite this page as http://oracc.org/atae/P370878/.",
			"collection": "British Museum, London, UK",
			"composite_witness": "witness",
			"credits": "Adapted from J.V. Kinnier Wilson, The Nimrud Wine Lists (Cuneiform Texts from Nimrud 1), 1972, by Poppy Tushingham (2018–2020) and lemmatized and translated into English by Mikko Luukko (2021) for the Munich Open-access Cuneiform Corpus Initiative (MOCCI), which is funded by LMU Munich and the Alexander von Humboldt Foundation at the Historisches Seminar - Abteilung Alte Geschichte of Ludwig-Maximilians-Universität München. The annotated edition is released under the Creative Commons Attribution Share-Alike license 3.0. Please cite this page as http://oracc.org/atae/P370878/.",
			"date_of_origin": "00.000.00.00",
			"designation": "CTN 1 27",
			"dialect": "Neo-Assyrian",
			"genre": "Administrative Record",
			"has_date": "yes, but date completely destroyed",
			"language": "Akkadian",
			"last_mod_by": "Jamie Novotny",
			"last_modified": "31.10.2021",
			"list_name": "atae/ctn1:P370878",
			"material": "clay",
			"object_type": "tablet",
			"period": "Neo-Assyrian",
			"pleiades_id": "894019",
			"ruler": "Adad-nārārī III or Shalmaneser IV",
			"script": "Neo-Assyrian",
			"script_remarks": "inscribed",
			"script_type": "Cuneiform",
			"subgenre": "list (wine)",
			"ch_no": "01",
			"ch_name": "The Wine Lists",
			"ch_num_name": "01 (The Wine Lists)"
		},
		"geometry": {
			"type": "Point",
			"coordinates": [43.3275,36.099167]
		}
	}, {
		"type": "Feature",
		"properties": {
			"project": "ctn1",
			"id_text": "P370860",
			"primary_publication": "CTN 1 28",
			"museum_no": "BM —",
			"provenience": "Nimrud (Kalhu)",
			"excavation_no": "ND 10071",
			"archive": "001 -  Fort Shalmaneser, NE 47-50",
			"date": "(791–778)",
			"atae_attribution": "Adapted from J.V. Kinnier Wilson, The Nimrud Wine Lists (Cuneiform Texts from Nimrud 1), 1972, by Poppy Tushingham (2018–2020) and lemmatized and translated into English by Mikko Luukko (2021) for the Munich Open-access Cuneiform Corpus Initiative (MOCCI), which is funded by LMU Munich and the Alexander von Humboldt Foundation at the Historisches Seminar - Abteilung Alte Geschichte of Ludwig-Maximilians-Universität München. The annotated edition is released under the Creative Commons Attribution Share-Alike license 3.0.",
			"cite_as": "Please cite this page as http://oracc.org/atae/P370860/.",
			"collection": "British Museum, London, UK",
			"composite_witness": "witness",
			"credits": "Adapted from J.V. Kinnier Wilson, The Nimrud Wine Lists (Cuneiform Texts from Nimrud 1), 1972, by Poppy Tushingham (2018–2020) and lemmatized and translated into English by Mikko Luukko (2021) for the Munich Open-access Cuneiform Corpus Initiative (MOCCI), which is funded by LMU Munich and the Alexander von Humboldt Foundation at the Historisches Seminar - Abteilung Alte Geschichte of Ludwig-Maximilians-Universität München. The annotated edition is released under the Creative Commons Attribution Share-Alike license 3.0. Please cite this page as http://oracc.org/atae/P370860/.",
			"date_of_origin": "00.000.00.00",
			"designation": "CTN 1 28",
			"dialect": "Neo-Assyrian",
			"findspot_square": "NE 48-49",
			"genre": "Administrative Record",
			"has_date": "yes, but date completely destroyed",
			"language": "Akkadian",
			"last_mod_by": "ARMEP",
			"last_modified": "27.01.2022",
			"list_name": "atae/ctn1:P370860",
			"material": "clay",
			"object_type": "tablet",
			"period": "Neo-Assyrian",
			"pleiades_id": "894019",
			"ruler": "Adad-nārārī III or Shalmaneser IV",
			"script": "Neo-Assyrian",
			"script_remarks": "inscribed",
			"script_type": "Cuneiform",
			"subgenre": "list (wine)",
			"ch_no": "01",
			"ch_name": "The Wine Lists",
			"ch_num_name": "01 (The Wine Lists)"
		},
		"geometry": {
			"type": "Point",
			"coordinates": [43.3275,36.099167]
		}
	}, {
		"type": "Feature",
		"properties": {
			"project": "ctn1",
			"id_text": "P224685",
			"primary_publication": "CTN 1 29",
			"museum_no": "IM 064326",
			"provenience": "Nimrud (Kalhu)",
			"excavation_no": "ND 10063",
			"archive": "001 -  Fort Shalmaneser, NE 47-50",
			"date": "(791–778)",
			"atae_attribution": "Adapted from J.V. Kinnier Wilson, The Nimrud Wine Lists (Cuneiform Texts from Nimrud 1), 1972, by Poppy Tushingham (2018–2020) and lemmatized and translated into English by Mikko Luukko (2021) for the Munich Open-access Cuneiform Corpus Initiative (MOCCI), which is funded by LMU Munich and the Alexander von Humboldt Foundation at the Historisches Seminar - Abteilung Alte Geschichte of Ludwig-Maximilians-Universität München. The annotated edition is released under the Creative Commons Attribution Share-Alike license 3.0.",
			"cite_as": "Please cite this page as http://oracc.org/atae/P224685/.",
			"collection": "National Museum of Iraq, Baghdad, Iraq",
			"composite_witness": "witness",
			"credits": "Adapted from J.V. Kinnier Wilson, The Nimrud Wine Lists (Cuneiform Texts from Nimrud 1), 1972, by Poppy Tushingham (2018–2020) and lemmatized and translated into English by Mikko Luukko (2021) for the Munich Open-access Cuneiform Corpus Initiative (MOCCI), which is funded by LMU Munich and the Alexander von Humboldt Foundation at the Historisches Seminar - Abteilung Alte Geschichte of Ludwig-Maximilians-Universität München. The annotated edition is released under the Creative Commons Attribution Share-Alike license 3.0. Please cite this page as http://oracc.org/atae/P224685/.",
			"date_of_origin": "00.000.00.00",
			"designation": "CTN 1 29",
			"dialect": "Neo-Assyrian",
			"findspot_square": "NE 48-49",
			"genre": "Administrative Record",
			"has_date": "yes, but date completely destroyed",
			"language": "Akkadian",
			"last_mod_by": "ARMEP",
			"last_modified": "27.01.2022",
			"list_name": "atae/ctn1:P224685",
			"material": "clay",
			"object_type": "tablet",
			"period": "Neo-Assyrian",
			"pleiades_id": "894019",
			"ruler": "Adad-nārārī III or Shalmaneser IV",
			"script": "Neo-Assyrian",
			"script_remarks": "inscribed",
			"script_type": "Cuneiform",
			"subgenre": "list (wine)",
			"ch_no": "01",
			"ch_name": "The Wine Lists",
			"ch_num_name": "01 (The Wine Lists)"
		},
		"geometry": {
			"type": "Point",
			"coordinates": [43.3275,36.099167]
		}
	}, {
		"type": "Feature",
		"properties": {
			"project": "ctn1",
			"id_text": "P370861",
			"primary_publication": "CTN 1 30",
			"museum_no": "BM —",
			"provenience": "Nimrud (Kalhu)",
			"excavation_no": "ND 10038",
			"archive": "001 -  Fort Shalmaneser, NE 47-50",
			"date": "(791–778)",
			"atae_attribution": "Adapted from J.V. Kinnier Wilson, The Nimrud Wine Lists (Cuneiform Texts from Nimrud 1), 1972, by Poppy Tushingham (2018–2020) and lemmatized and translated into English by Mikko Luukko (2021) for the Munich Open-access Cuneiform Corpus Initiative (MOCCI), which is funded by LMU Munich and the Alexander von Humboldt Foundation at the Historisches Seminar - Abteilung Alte Geschichte of Ludwig-Maximilians-Universität München. The annotated edition is released under the Creative Commons Attribution Share-Alike license 3.0.",
			"cite_as": "Please cite this page as http://oracc.org/atae/P370861/.",
			"collection": "British Museum, London, UK",
			"composite_witness": "witness",
			"credits": "Adapted from J.V. Kinnier Wilson, The Nimrud Wine Lists (Cuneiform Texts from Nimrud 1), 1972, by Poppy Tushingham (2018–2020) and lemmatized and translated into English by Mikko Luukko (2021) for the Munich Open-access Cuneiform Corpus Initiative (MOCCI), which is funded by LMU Munich and the Alexander von Humboldt Foundation at the Historisches Seminar - Abteilung Alte Geschichte of Ludwig-Maximilians-Universität München. The annotated edition is released under the Creative Commons Attribution Share-Alike license 3.0. Please cite this page as http://oracc.org/atae/P370861/.",
			"date_of_origin": "00.000.00.00",
			"designation": "CTN 1 30",
			"dialect": "Neo-Assyrian",
			"findspot_square": "NE 48-49",
			"genre": "Administrative Record",
			"has_date": "yes, but date completely destroyed",
			"language": "Akkadian",
			"last_mod_by": "ARMEP",
			"last_modified": "27.01.2022",
			"list_name": "atae/ctn1:P370861",
			"material": "clay",
			"object_type": "tablet",
			"period": "Neo-Assyrian",
			"pleiades_id": "894019",
			"ruler": "Adad-nārārī III or Shalmaneser IV",
			"script": "Neo-Assyrian",
			"script_remarks": "inscribed",
			"script_type": "Cuneiform",
			"subgenre": "list (wine)",
			"ch_no": "01",
			"ch_name": "The Wine Lists",
			"ch_num_name": "01 (The Wine Lists)"
		},
		"geometry": {
			"type": "Point",
			"coordinates": [43.3275,36.099167]
		}
	}, {
		"type": "Feature",
		"properties": {
			"project": "ctn1",
			"id_text": "P370862",
			"primary_publication": "CTN 1 31",
			"museum_no": "BM —",
			"provenience": "Nimrud (Kalhu)",
			"excavation_no": "ND 10042/3",
			"archive": "001 -  Fort Shalmaneser, NE 47-50",
			"date": "(791–778)",
			"atae_attribution": "Adapted from J.V. Kinnier Wilson, The Nimrud Wine Lists (Cuneiform Texts from Nimrud 1), 1972, by Poppy Tushingham (2018–2020) and lemmatized and translated into English by Mikko Luukko (2021) for the Munich Open-access Cuneiform Corpus Initiative (MOCCI), which is funded by LMU Munich and the Alexander von Humboldt Foundation at the Historisches Seminar - Abteilung Alte Geschichte of Ludwig-Maximilians-Universität München. The annotated edition is released under the Creative Commons Attribution Share-Alike license 3.0.",
			"cite_as": "Please cite this page as http://oracc.org/atae/P370862/.",
			"collection": "British Museum, London, UK",
			"composite_witness": "witness",
			"credits": "Adapted from J.V. Kinnier Wilson, The Nimrud Wine Lists (Cuneiform Texts from Nimrud 1), 1972, by Poppy Tushingham (2018–2020) and lemmatized and translated into English by Mikko Luukko (2021) for the Munich Open-access Cuneiform Corpus Initiative (MOCCI), which is funded by LMU Munich and the Alexander von Humboldt Foundation at the Historisches Seminar - Abteilung Alte Geschichte of Ludwig-Maximilians-Universität München. The annotated edition is released under the Creative Commons Attribution Share-Alike license 3.0. Please cite this page as http://oracc.org/atae/P370862/.",
			"date_of_origin": "00.000.00.00",
			"designation": "CTN 1 31",
			"dialect": "Neo-Assyrian",
			"findspot_square": "NE 48-49",
			"genre": "Administrative Record",
			"has_date": "yes, but date completely destroyed",
			"language": "Akkadian",
			"last_mod_by": "ARMEP",
			"last_modified": "27.01.2022",
			"list_name": "atae/ctn1:P370862",
			"material": "clay",
			"object_type": "tablet",
			"period": "Neo-Assyrian",
			"pleiades_id": "894019",
			"ruler": "Adad-nārārī III or Shalmaneser IV",
			"script": "Neo-Assyrian",
			"script_remarks": "inscribed",
			"script_type": "Cuneiform",
			"subgenre": "list (wine)",
			"ch_no": "01",
			"ch_name": "The Wine Lists",
			"ch_num_name": "01 (The Wine Lists)"
		},
		"geometry": {
			"type": "Point",
			"coordinates": [43.3275,36.099167]
		}
	}, {
		"type": "Feature",
		"properties": {
			"project": "ctn1",
			"id_text": "P370863",
			"primary_publication": "CTN 1 32",
			"museum_no": "BM —",
			"provenience": "Nimrud (Kalhu)",
			"excavation_no": "ND 10058",
			"archive": "001 -  Fort Shalmaneser, NE 47-50",
			"date": "(791–778)",
			"atae_attribution": "Adapted from J.V. Kinnier Wilson, The Nimrud Wine Lists (Cuneiform Texts from Nimrud 1), 1972, by Poppy Tushingham (2018–2020) and lemmatized and translated into English by Mikko Luukko (2021) for the Munich Open-access Cuneiform Corpus Initiative (MOCCI), which is funded by LMU Munich and the Alexander von Humboldt Foundation at the Historisches Seminar - Abteilung Alte Geschichte of Ludwig-Maximilians-Universität München. The annotated edition is released under the Creative Commons Attribution Share-Alike license 3.0.",
			"cite_as": "Please cite this page as http://oracc.org/atae/P370863/.",
			"collection": "British Museum, London, UK",
			"composite_witness": "witness",
			"credits": "Adapted from J.V. Kinnier Wilson, The Nimrud Wine Lists (Cuneiform Texts from Nimrud 1), 1972, by Poppy Tushingham (2018–2020) and lemmatized and translated into English by Mikko Luukko (2021) for the Munich Open-access Cuneiform Corpus Initiative (MOCCI), which is funded by LMU Munich and the Alexander von Humboldt Foundation at the Historisches Seminar - Abteilung Alte Geschichte of Ludwig-Maximilians-Universität München. The annotated edition is released under the Creative Commons Attribution Share-Alike license 3.0. Please cite this page as http://oracc.org/atae/P370863/.",
			"date_of_origin": "00.000.00.00",
			"designation": "CTN 1 32",
			"dialect": "Neo-Assyrian",
			"findspot_square": "NE 48-49",
			"genre": "Administrative Record",
			"has_date": "yes, but date completely destroyed",
			"language": "Akkadian",
			"last_mod_by": "ARMEP",
			"last_modified": "27.01.2022",
			"list_name": "atae/ctn1:P370863",
			"material": "clay",
			"object_type": "tablet",
			"period": "Neo-Assyrian",
			"pleiades_id": "894019",
			"ruler": "Adad-nārārī III or Shalmaneser IV",
			"script": "Neo-Assyrian",
			"script_remarks": "inscribed",
			"script_type": "Cuneiform",
			"subgenre": "list (wine)",
			"ch_no": "01",
			"ch_name": "The Wine Lists",
			"ch_num_name": "01 (The Wine Lists)"
		},
		"geometry": {
			"type": "Point",
			"coordinates": [43.3275,36.099167]
		}
	}, {
		"type": "Feature",
		"properties": {
			"project": "ctn1",
			"id_text": "P224654",
			"primary_publication": "CTN 1 33 ND 6213",
			"museum_no": "IM 060587",
			"provenience": "Nimrud (Kalhu)",
			"excavation_no": "ND 06213",
			"archive": "002 - Fort Shalmaneser, SW 6",
			"date": "XI-22",
			"long_date": "Šabāṭu 22nd",
			"atae_attribution": "Adapted from J.V. Kinnier Wilson, The Nimrud Wine Lists (Cuneiform Texts from Nimrud 1), 1972, by Poppy Tushingham (2018–2020) and lemmatized and translated into English by Mikko Luukko (2021) for the Munich Open-access Cuneiform Corpus Initiative (MOCCI), which is funded by LMU Munich and the Alexander von Humboldt Foundation at the Historisches Seminar - Abteilung Alte Geschichte of Ludwig-Maximilians-Universität München. The annotated edition is released under the Creative Commons Attribution Share-Alike license 3.0.",
			"cite_as": "Please cite this page as http://oracc.org/atae/P224654/.",
			"collection": "National Museum of Iraq, Baghdad, Iraq",
			"composite_witness": "witness",
			"credits": "Adapted from J.V. Kinnier Wilson, The Nimrud Wine Lists (Cuneiform Texts from Nimrud 1), 1972, by Poppy Tushingham (2018–2020) and lemmatized and translated into English by Mikko Luukko (2021) for the Munich Open-access Cuneiform Corpus Initiative (MOCCI), which is funded by LMU Munich and the Alexander von Humboldt Foundation at the Historisches Seminar - Abteilung Alte Geschichte of Ludwig-Maximilians-Universität München. The annotated edition is released under the Creative Commons Attribution Share-Alike license 3.0. Please cite this page as http://oracc.org/atae/P224654/.",
			"date_gen": "XI-22",
			"date_of_origin": "00.000.11.22",
			"day": "22",
			"designation": "CTN 1 33 ND 6213",
			"dialect": "Neo-Assyrian",
			"findspot_square": "SW 6",
			"genre": "Administrative Record",
			"has_date": "yes",
			"language": "Akkadian",
			"last_mod_by": "Jamie Novotny",
			"last_modified": "31.10.2021",
			"list_name": "atae/ctn1:P224654",
			"long_date_gen": "Šabāṭu 22nd",
			"material": "clay",
			"month": "XI",
			"object_type": "tablet",
			"period": "Neo-Assyrian",
			"pleiades_id": "894019",
			"ruler": "Adad-nārārī III or Shalmaneser IV",
			"script": "Neo-Assyrian",
			"script_remarks": "inscribed",
			"script_type": "Cuneiform",
			"subgenre": "list (wine)",
			"ch_no": "01",
			"ch_name": "The Wine Lists",
			"ch_num_name": "01 (The Wine Lists)"
		},
		"geometry": {
			"type": "Point",
			"coordinates": [43.3275,36.099167]
		}
	}, {
		"type": "Feature",
		"properties": {
			"project": "ctn1",
			"id_text": "P370864",
			"primary_publication": "CTN 1 33 ND 6227",
			"museum_no": "BM —",
			"provenience": "Nimrud (Kalhu)",
			"excavation_no": "ND 06227",
			"archive": "002 - Fort Shalmaneser, SW 6",
			"date": "XI-22",
			"long_date": "Šabāṭu 22nd",
			"atae_attribution": "Adapted from J.V. Kinnier Wilson, The Nimrud Wine Lists (Cuneiform Texts from Nimrud 1), 1972, by Poppy Tushingham (2018–2020) and lemmatized and translated into English by Mikko Luukko (2021) for the Munich Open-access Cuneiform Corpus Initiative (MOCCI), which is funded by LMU Munich and the Alexander von Humboldt Foundation at the Historisches Seminar - Abteilung Alte Geschichte of Ludwig-Maximilians-Universität München. The annotated edition is released under the Creative Commons Attribution Share-Alike license 3.0.",
			"cite_as": "Please cite this page as http://oracc.org/atae/P370864/.",
			"collection": "British Museum, London, UK",
			"composite_witness": "witness",
			"credits": "Adapted from J.V. Kinnier Wilson, The Nimrud Wine Lists (Cuneiform Texts from Nimrud 1), 1972, by Poppy Tushingham (2018–2020) and lemmatized and translated into English by Mikko Luukko (2021) for the Munich Open-access Cuneiform Corpus Initiative (MOCCI), which is funded by LMU Munich and the Alexander von Humboldt Foundation at the Historisches Seminar - Abteilung Alte Geschichte of Ludwig-Maximilians-Universität München. The annotated edition is released under the Creative Commons Attribution Share-Alike license 3.0. Please cite this page as http://oracc.org/atae/P370864/.",
			"date_gen": "XI-22",
			"date_of_origin": "00.000.11.22",
			"day": "22",
			"designation": "CTN 1 33 ND 6227",
			"dialect": "Neo-Assyrian",
			"findspot_square": "SW 6",
			"genre": "Administrative Record",
			"has_date": "yes",
			"language": "Akkadian",
			"last_mod_by": "Jamie Novotny",
			"last_modified": "31.10.2021",
			"list_name": "atae/ctn1:P370864",
			"long_date_gen": "Šabāṭu 22nd",
			"material": "clay",
			"month": "XI",
			"object_type": "tablet",
			"period": "Neo-Assyrian",
			"pleiades_id": "894019",
			"ruler": "Adad-nārārī III or Shalmaneser IV",
			"script": "Neo-Assyrian",
			"script_remarks": "inscribed",
			"script_type": "Cuneiform",
			"subgenre": "list (wine)",
			"ch_no": "01",
			"ch_name": "The Wine Lists",
			"ch_num_name": "01 (The Wine Lists)"
		},
		"geometry": {
			"type": "Point",
			"coordinates": [43.3275,36.099167]
		}
	}, {
		"type": "Feature",
		"properties": {
			"project": "ctn1",
			"id_text": "P370865",
			"primary_publication": "CTN 1 34",
			"museum_no": "BM —",
			"provenience": "Nimrud (Kalhu)",
			"excavation_no": "ND 02371",
			"archive": "006 - Northwest Palace, Room ZT 4",
			"date": "(791–778)",
			"atae_attribution": "Adapted from J.V. Kinnier Wilson, The Nimrud Wine Lists (Cuneiform Texts from Nimrud 1), 1972, by Poppy Tushingham (2018–2020) and lemmatized and translated into English by Mikko Luukko (2021) for the Munich Open-access Cuneiform Corpus Initiative (MOCCI), which is funded by LMU Munich and the Alexander von Humboldt Foundation at the Historisches Seminar - Abteilung Alte Geschichte of Ludwig-Maximilians-Universität München. The annotated edition is released under the Creative Commons Attribution Share-Alike license 3.0.",
			"cite_as": "Please cite this page as http://oracc.org/atae/P370865/.",
			"collection": "British Museum, London, UK",
			"composite_witness": "witness",
			"credits": "Adapted from J.V. Kinnier Wilson, The Nimrud Wine Lists (Cuneiform Texts from Nimrud 1), 1972, by Poppy Tushingham (2018–2020) and lemmatized and translated into English by Mikko Luukko (2021) for the Munich Open-access Cuneiform Corpus Initiative (MOCCI), which is funded by LMU Munich and the Alexander von Humboldt Foundation at the Historisches Seminar - Abteilung Alte Geschichte of Ludwig-Maximilians-Universität München. The annotated edition is released under the Creative Commons Attribution Share-Alike license 3.0. Please cite this page as http://oracc.org/atae/P370865/.",
			"date_of_origin": "00.000.00.00",
			"designation": "CTN 1 34",
			"dialect": "Neo-Assyrian",
			"findspot_square": "ZT 4",
			"genre": "Administrative Record",
			"has_date": "yes, but date completely destroyed",
			"language": "Akkadian",
			"last_mod_by": "Jamie Novotny",
			"last_modified": "29.01.2022",
			"list_name": "atae/ctn1:P370865",
			"material": "clay",
			"object_type": "tablet",
			"period": "Neo-Assyrian",
			"pleiades_id": "894019",
			"ruler": "Adad-nārārī III or Shalmaneser IV",
			"script": "Neo-Assyrian",
			"script_remarks": "inscribed",
			"script_type": "Cuneiform",
			"subgenre": "list (bread)",
			"ch_no": "01",
			"ch_name": "The Wine Lists",
			"ch_num_name": "01 (The Wine Lists)"
		},
		"geometry": {
			"type": "Point",
			"coordinates": [43.3275,36.099167]
		}
	}, {
		"type": "Feature",
		"properties": {
			"project": "ctn1",
			"id_text": "P224673",
			"primary_publication": "CTN 1 35",
			"museum_no": "IM 064063",
			"provenience": "Nimrud (Kalhu)",
			"excavation_no": "ND 02489",
			"archive": "006 - Northwest Palace, Room ZT 4",
			"date": "(791–778)",
			"atae_attribution": "Adapted from J.V. Kinnier Wilson, The Nimrud Wine Lists (Cuneiform Texts from Nimrud 1), 1972, by Poppy Tushingham (2018–2020) and lemmatized and translated into English by Mikko Luukko (2021) for the Munich Open-access Cuneiform Corpus Initiative (MOCCI), which is funded by LMU Munich and the Alexander von Humboldt Foundation at the Historisches Seminar - Abteilung Alte Geschichte of Ludwig-Maximilians-Universität München. The annotated edition is released under the Creative Commons Attribution Share-Alike license 3.0.",
			"cite_as": "Please cite this page as http://oracc.org/atae/P224673/.",
			"collection": "National Museum of Iraq, Baghdad, Iraq",
			"composite_witness": "witness",
			"credits": "Adapted from J.V. Kinnier Wilson, The Nimrud Wine Lists (Cuneiform Texts from Nimrud 1), 1972, by Poppy Tushingham (2018–2020) and lemmatized and translated into English by Mikko Luukko (2021) for the Munich Open-access Cuneiform Corpus Initiative (MOCCI), which is funded by LMU Munich and the Alexander von Humboldt Foundation at the Historisches Seminar - Abteilung Alte Geschichte of Ludwig-Maximilians-Universität München. The annotated edition is released under the Creative Commons Attribution Share-Alike license 3.0. Please cite this page as http://oracc.org/atae/P224673/.",
			"date_of_origin": "00.000.00.00",
			"designation": "CTN 1 35",
			"dialect": "Neo-Assyrian",
			"findspot_square": "ZT 4",
			"genre": "Administrative Record",
			"has_date": "yes, but date completely destroyed",
			"language": "Akkadian",
			"last_mod_by": "Jamie Novotny",
			"last_modified": "29.01.2022",
			"list_name": "atae/ctn1:P224673",
			"material": "clay",
			"object_type": "tablet",
			"period": "Neo-Assyrian",
			"pleiades_id": "894019",
			"ruler": "Adad-nārārī III or Shalmaneser IV",
			"script": "Neo-Assyrian",
			"script_remarks": "inscribed",
			"script_type": "Cuneiform",
			"subgenre": "list (bread)",
			"ch_no": "01",
			"ch_name": "The Wine Lists",
			"ch_num_name": "01 (The Wine Lists)"
		},
		"geometry": {
			"type": "Point",
			"coordinates": [43.3275,36.099167]
		}
	}, {
		"type": "Feature",
		"properties": {
			"project": "ctn1",
			"id_text": "P224668",
			"primary_publication": "CTN 1 ND 10062",
			"museum_no": "IM 064239",
			"provenience": "Nimrud (Kalhu)",
			"excavation_no": "ND 10062",
			"archive": "001 -  Fort Shalmaneser, NE 47-50",
			"date": "(791–778)",
			"atae_attribution": "Adapted from J.V. Kinnier Wilson, The Nimrud Wine Lists (Cuneiform Texts from Nimrud 1), 1972, by Poppy Tushingham (2018–2020) and lemmatized and translated into English by Mikko Luukko (2021) for the Munich Open-access Cuneiform Corpus Initiative (MOCCI), which is funded by LMU Munich and the Alexander von Humboldt Foundation at the Historisches Seminar - Abteilung Alte Geschichte of Ludwig-Maximilians-Universität München. The annotated edition is released under the Creative Commons Attribution Share-Alike license 3.0.",
			"cite_as": "Please cite this page as http://oracc.org/atae/P224668/.",
			"collection": "National Museum of Iraq, Baghdad, Iraq",
			"composite_witness": "witness",
			"credits": "Adapted from J.V. Kinnier Wilson, The Nimrud Wine Lists (Cuneiform Texts from Nimrud 1), 1972, by Poppy Tushingham (2018–2020) and lemmatized and translated into English by Mikko Luukko (2021) for the Munich Open-access Cuneiform Corpus Initiative (MOCCI), which is funded by LMU Munich and the Alexander von Humboldt Foundation at the Historisches Seminar - Abteilung Alte Geschichte of Ludwig-Maximilians-Universität München. The annotated edition is released under the Creative Commons Attribution Share-Alike license 3.0. Please cite this page as http://oracc.org/atae/P224668/.",
			"date_of_origin": "00.000.00.00",
			"designation": "CTN 1 ND 10062",
			"dialect": "Neo-Assyrian",
			"findspot_square": "NE 48-49",
			"genre": "Administrative Record",
			"has_date": "yes, but date completely destroyed",
			"language": "Akkadian",
			"last_mod_by": "ARMEP",
			"last_modified": "27.01.2022",
			"list_name": "atae/ctn1:P224668",
			"material": "clay",
			"object_type": "tablet",
			"period": "Neo-Assyrian",
			"pleiades_id": "894019",
			"ruler": "Adad-nārārī III or Shalmaneser IV",
			"script": "Neo-Assyrian",
			"script_remarks": "inscribed",
			"script_type": "Cuneiform",
			"subgenre": "list (wine)",
			"ch_no": "01",
			"ch_name": "The Wine Lists",
			"ch_num_name": "01 (The Wine Lists)"
		},
		"geometry": {
			"type": "Point",
			"coordinates": [43.3275,36.099167]
		}
	}, {
		"type": "Feature",
		"properties": {
			"project": "ctn1",
			"id_text": "P224663",
			"primary_publication": "CTN 1 p. 124, ND 10029",
			"museum_no": "IM 064226",
			"provenience": "Nimrud (Kalhu)",
			"excavation_no": "ND 10029",
			"archive": "001 -  Fort Shalmaneser, NE 47-50",
			"date": "(791–778)",
			"atae_attribution": "Adapted from J.V. Kinnier Wilson, The Nimrud Wine Lists (Cuneiform Texts from Nimrud 1), 1972, by Poppy Tushingham (2018–2020) and lemmatized and translated into English by Mikko Luukko (2021) for the Munich Open-access Cuneiform Corpus Initiative (MOCCI), which is funded by LMU Munich and the Alexander von Humboldt Foundation at the Historisches Seminar - Abteilung Alte Geschichte of Ludwig-Maximilians-Universität München. The annotated edition is released under the Creative Commons Attribution Share-Alike license 3.0.",
			"cite_as": "Please cite this page as http://oracc.org/atae/P224663/.",
			"collection": "National Museum of Iraq, Baghdad, Iraq",
			"composite_witness": "witness",
			"credits": "Adapted from J.V. Kinnier Wilson, The Nimrud Wine Lists (Cuneiform Texts from Nimrud 1), 1972, by Poppy Tushingham (2018–2020) and lemmatized and translated into English by Mikko Luukko (2021) for the Munich Open-access Cuneiform Corpus Initiative (MOCCI), which is funded by LMU Munich and the Alexander von Humboldt Foundation at the Historisches Seminar - Abteilung Alte Geschichte of Ludwig-Maximilians-Universität München. The annotated edition is released under the Creative Commons Attribution Share-Alike license 3.0. Please cite this page as http://oracc.org/atae/P224663/.",
			"date_of_origin": "00.000.00.00",
			"designation": "CTN 1 p. 124, ND 10029",
			"dialect": "Neo-Assyrian",
			"findspot_square": "NE 48-49",
			"genre": "Administrative Record",
			"has_date": "yes, but date completely destroyed",
			"language": "Akkadian",
			"last_mod_by": "ARMEP",
			"last_modified": "27.01.2022",
			"list_name": "atae/ctn1:P224663",
			"material": "clay",
			"object_type": "tablet",
			"period": "Neo-Assyrian",
			"pleiades_id": "894019",
			"ruler": "Adad-nārārī III or Shalmaneser IV",
			"script": "Neo-Assyrian",
			"script_remarks": "inscribed",
			"script_type": "Cuneiform",
			"subgenre": "list (wine)",
			"ch_no": "01",
			"ch_name": "The Wine Lists",
			"ch_num_name": "01 (The Wine Lists)"
		},
		"geometry": {
			"type": "Point",
			"coordinates": [43.3275,36.099167]
		}
	}, {
		"type": "Feature",
		"properties": {
			"project": "ctn1",
			"id_text": "P224664",
			"primary_publication": "CTN 1 p. 124, ND 10030",
			"museum_no": "IM 064227",
			"provenience": "Nimrud (Kalhu)",
			"excavation_no": "ND 10030",
			"archive": "001 -  Fort Shalmaneser, NE 47-50",
			"date": "(791–778)",
			"atae_attribution": "Adapted from J.V. Kinnier Wilson, The Nimrud Wine Lists (Cuneiform Texts from Nimrud 1), 1972, by Poppy Tushingham (2018–2020) and lemmatized and translated into English by Mikko Luukko (2021) for the Munich Open-access Cuneiform Corpus Initiative (MOCCI), which is funded by LMU Munich and the Alexander von Humboldt Foundation at the Historisches Seminar - Abteilung Alte Geschichte of Ludwig-Maximilians-Universität München. The annotated edition is released under the Creative Commons Attribution Share-Alike license 3.0.",
			"cite_as": "Please cite this page as http://oracc.org/atae/P224664/.",
			"collection": "National Museum of Iraq, Baghdad, Iraq",
			"composite_witness": "witness",
			"credits": "Adapted from J.V. Kinnier Wilson, The Nimrud Wine Lists (Cuneiform Texts from Nimrud 1), 1972, by Poppy Tushingham (2018–2020) and lemmatized and translated into English by Mikko Luukko (2021) for the Munich Open-access Cuneiform Corpus Initiative (MOCCI), which is funded by LMU Munich and the Alexander von Humboldt Foundation at the Historisches Seminar - Abteilung Alte Geschichte of Ludwig-Maximilians-Universität München. The annotated edition is released under the Creative Commons Attribution Share-Alike license 3.0. Please cite this page as http://oracc.org/atae/P224664/.",
			"date_of_origin": "00.000.00.00",
			"designation": "CTN 1 p. 124, ND 10030",
			"dialect": "Neo-Assyrian",
			"findspot_square": "NE 48-49",
			"genre": "Administrative Record",
			"has_date": "yes, but date completely destroyed",
			"language": "Akkadian",
			"last_mod_by": "ARMEP",
			"last_modified": "27.01.2022",
			"list_name": "atae/ctn1:P224664",
			"material": "clay",
			"object_type": "tablet",
			"period": "Neo-Assyrian",
			"pleiades_id": "894019",
			"ruler": "Adad-nārārī III or Shalmaneser IV",
			"script": "Neo-Assyrian",
			"script_remarks": "inscribed",
			"script_type": "Cuneiform",
			"subgenre": "list (wine)",
			"ch_no": "01",
			"ch_name": "The Wine Lists",
			"ch_num_name": "01 (The Wine Lists)"
		},
		"geometry": {
			"type": "Point",
			"coordinates": [43.3275,36.099167]
		}
	}, {
		"type": "Feature",
		"properties": {
			"project": "ctn1",
			"id_text": "P370866",
			"primary_publication": "CTN 1 p. 124, ND 10032",
			"museum_no": "BM —",
			"provenience": "Nimrud (Kalhu)",
			"excavation_no": "ND 10032",
			"archive": "001 -  Fort Shalmaneser, NE 47-50",
			"date": "(791–778)",
			"atae_attribution": "Adapted from J.V. Kinnier Wilson, The Nimrud Wine Lists (Cuneiform Texts from Nimrud 1), 1972, by Poppy Tushingham (2018–2020) and lemmatized and translated into English by Mikko Luukko (2021) for the Munich Open-access Cuneiform Corpus Initiative (MOCCI), which is funded by LMU Munich and the Alexander von Humboldt Foundation at the Historisches Seminar - Abteilung Alte Geschichte of Ludwig-Maximilians-Universität München. The annotated edition is released under the Creative Commons Attribution Share-Alike license 3.0.",
			"cite_as": "Please cite this page as http://oracc.org/atae/P370866/.",
			"collection": "British Museum, London, UK",
			"composite_witness": "witness",
			"credits": "Adapted from J.V. Kinnier Wilson, The Nimrud Wine Lists (Cuneiform Texts from Nimrud 1), 1972, by Poppy Tushingham (2018–2020) and lemmatized and translated into English by Mikko Luukko (2021) for the Munich Open-access Cuneiform Corpus Initiative (MOCCI), which is funded by LMU Munich and the Alexander von Humboldt Foundation at the Historisches Seminar - Abteilung Alte Geschichte of Ludwig-Maximilians-Universität München. The annotated edition is released under the Creative Commons Attribution Share-Alike license 3.0. Please cite this page as http://oracc.org/atae/P370866/.",
			"date_of_origin": "00.000.00.00",
			"designation": "CTN 1 p. 124, ND 10032",
			"dialect": "Neo-Assyrian",
			"findspot_square": "NE 48-49",
			"genre": "Administrative Record",
			"has_date": "yes, but date completely destroyed",
			"language": "Akkadian",
			"last_mod_by": "ARMEP",
			"last_modified": "27.01.2022",
			"list_name": "atae/ctn1:P370866",
			"material": "clay",
			"object_type": "tablet",
			"period": "Neo-Assyrian",
			"pleiades_id": "894019",
			"ruler": "Adad-nārārī III or Shalmaneser IV",
			"script": "Neo-Assyrian",
			"script_remarks": "inscribed",
			"script_type": "Cuneiform",
			"subgenre": "list (wine)",
			"ch_no": "01",
			"ch_name": "The Wine Lists",
			"ch_num_name": "01 (The Wine Lists)"
		},
		"geometry": {
			"type": "Point",
			"coordinates": [43.3275,36.099167]
		}
	}, {
		"type": "Feature",
		"properties": {
			"project": "ctn1",
			"id_text": "P224667",
			"primary_publication": "CTN 1 p. 124, ND 10034",
			"museum_no": "IM 064230",
			"provenience": "Nimrud (Kalhu)",
			"excavation_no": "ND 10034",
			"archive": "001 -  Fort Shalmaneser, NE 47-50",
			"date": "(791–778)",
			"atae_attribution": "Adapted from J.V. Kinnier Wilson, The Nimrud Wine Lists (Cuneiform Texts from Nimrud 1), 1972, by Poppy Tushingham (2018–2020) and lemmatized and translated into English by Mikko Luukko (2021) for the Munich Open-access Cuneiform Corpus Initiative (MOCCI), which is funded by LMU Munich and the Alexander von Humboldt Foundation at the Historisches Seminar - Abteilung Alte Geschichte of Ludwig-Maximilians-Universität München. The annotated edition is released under the Creative Commons Attribution Share-Alike license 3.0.",
			"cite_as": "Please cite this page as http://oracc.org/atae/P224667/.",
			"collection": "National Museum of Iraq, Baghdad, Iraq",
			"composite_witness": "witness",
			"credits": "Adapted from J.V. Kinnier Wilson, The Nimrud Wine Lists (Cuneiform Texts from Nimrud 1), 1972, by Poppy Tushingham (2018–2020) and lemmatized and translated into English by Mikko Luukko (2021) for the Munich Open-access Cuneiform Corpus Initiative (MOCCI), which is funded by LMU Munich and the Alexander von Humboldt Foundation at the Historisches Seminar - Abteilung Alte Geschichte of Ludwig-Maximilians-Universität München. The annotated edition is released under the Creative Commons Attribution Share-Alike license 3.0. Please cite this page as http://oracc.org/atae/P224667/.",
			"date_of_origin": "00.000.00.00",
			"designation": "CTN 1 p. 124, ND 10034",
			"dialect": "Neo-Assyrian",
			"findspot_square": "NE 48-49",
			"genre": "Administrative Record",
			"has_date": "yes, but date completely destroyed",
			"language": "Akkadian",
			"last_mod_by": "ARMEP",
			"last_modified": "27.01.2022",
			"list_name": "atae/ctn1:P224667",
			"material": "clay",
			"object_type": "tablet",
			"period": "Neo-Assyrian",
			"pleiades_id": "894019",
			"ruler": "Adad-nārārī III or Shalmaneser IV",
			"script": "Neo-Assyrian",
			"script_remarks": "inscribed",
			"script_type": "Cuneiform",
			"subgenre": "list (wine)",
			"ch_no": "01",
			"ch_name": "The Wine Lists",
			"ch_num_name": "01 (The Wine Lists)"
		},
		"geometry": {
			"type": "Point",
			"coordinates": [43.3275,36.099167]
		}
	}, {
		"type": "Feature",
		"properties": {
			"project": "ctn1",
			"id_text": "P224677",
			"primary_publication": "CTN 1 p. 124, ND 10037",
			"museum_no": "IM lidars",
			"provenience": "Nimrud (Kalhu)",
			"excavation_no": "ND 10037",
			"archive": "001 -  Fort Shalmaneser, NE 47-50",
			"date": "(791–778)",
			"atae_attribution": "Adapted from J.V. Kinnier Wilson, The Nimrud Wine Lists (Cuneiform Texts from Nimrud 1), 1972, by Poppy Tushingham (2018–2020) and lemmatized and translated into English by Mikko Luukko (2021) for the Munich Open-access Cuneiform Corpus Initiative (MOCCI), which is funded by LMU Munich and the Alexander von Humboldt Foundation at the Historisches Seminar - Abteilung Alte Geschichte of Ludwig-Maximilians-Universität München. The annotated edition is released under the Creative Commons Attribution Share-Alike license 3.0.",
			"cite_as": "Please cite this page as http://oracc.org/atae/P224677/.",
			"collection": "National Museum of Iraq, Baghdad, Iraq",
			"composite_witness": "witness",
			"credits": "Adapted from J.V. Kinnier Wilson, The Nimrud Wine Lists (Cuneiform Texts from Nimrud 1), 1972, by Poppy Tushingham (2018–2020) and lemmatized and translated into English by Mikko Luukko (2021) for the Munich Open-access Cuneiform Corpus Initiative (MOCCI), which is funded by LMU Munich and the Alexander von Humboldt Foundation at the Historisches Seminar - Abteilung Alte Geschichte of Ludwig-Maximilians-Universität München. The annotated edition is released under the Creative Commons Attribution Share-Alike license 3.0. Please cite this page as http://oracc.org/atae/P224677/.",
			"date_of_origin": "00.000.00.00",
			"designation": "CTN 1 p. 124, ND 10037",
			"dialect": "Neo-Assyrian",
			"findspot_square": "NE 48-49",
			"genre": "Administrative Record",
			"has_date": "yes, but date completely destroyed",
			"language": "Akkadian",
			"last_mod_by": "ARMEP",
			"last_modified": "27.01.2022",
			"list_name": "atae/ctn1:P224677",
			"material": "clay",
			"object_type": "tablet",
			"period": "Neo-Assyrian",
			"pleiades_id": "894019",
			"ruler": "Adad-nārārī III or Shalmaneser IV",
			"script": "Neo-Assyrian",
			"script_remarks": "inscribed",
			"script_type": "Cuneiform",
			"subgenre": "list (wine)",
			"ch_no": "01",
			"ch_name": "The Wine Lists",
			"ch_num_name": "01 (The Wine Lists)"
		},
		"geometry": {
			"type": "Point",
			"coordinates": [43.3275,36.099167]
		}
	}, {
		"type": "Feature",
		"properties": {
			"project": "ctn1",
			"id_text": "P224678",
			"primary_publication": "CTN 1 p. 124, ND 10040",
			"museum_no": "IM lidars",
			"provenience": "Nimrud (Kalhu)",
			"excavation_no": "ND 10040",
			"archive": "001 -  Fort Shalmaneser, NE 47-50",
			"date": "(791–778)",
			"atae_attribution": "Adapted from J.V. Kinnier Wilson, The Nimrud Wine Lists (Cuneiform Texts from Nimrud 1), 1972, by Poppy Tushingham (2018–2020) and lemmatized and translated into English by Mikko Luukko (2021) for the Munich Open-access Cuneiform Corpus Initiative (MOCCI), which is funded by LMU Munich and the Alexander von Humboldt Foundation at the Historisches Seminar - Abteilung Alte Geschichte of Ludwig-Maximilians-Universität München. The annotated edition is released under the Creative Commons Attribution Share-Alike license 3.0.",
			"cite_as": "Please cite this page as http://oracc.org/atae/P224678/.",
			"collection": "National Museum of Iraq, Baghdad, Iraq",
			"composite_witness": "witness",
			"credits": "Adapted from J.V. Kinnier Wilson, The Nimrud Wine Lists (Cuneiform Texts from Nimrud 1), 1972, by Poppy Tushingham (2018–2020) and lemmatized and translated into English by Mikko Luukko (2021) for the Munich Open-access Cuneiform Corpus Initiative (MOCCI), which is funded by LMU Munich and the Alexander von Humboldt Foundation at the Historisches Seminar - Abteilung Alte Geschichte of Ludwig-Maximilians-Universität München. The annotated edition is released under the Creative Commons Attribution Share-Alike license 3.0. Please cite this page as http://oracc.org/atae/P224678/.",
			"date_of_origin": "00.000.00.00",
			"designation": "CTN 1 p. 124, ND 10040",
			"dialect": "Neo-Assyrian",
			"findspot_square": "NE 48-49",
			"genre": "Administrative Record",
			"has_date": "yes, but date completely destroyed",
			"language": "Akkadian",
			"last_mod_by": "ARMEP",
			"last_modified": "27.01.2022",
			"list_name": "atae/ctn1:P224678",
			"material": "clay",
			"object_type": "tablet",
			"period": "Neo-Assyrian",
			"pleiades_id": "894019",
			"ruler": "Adad-nārārī III or Shalmaneser IV",
			"script": "Neo-Assyrian",
			"script_remarks": "inscribed",
			"script_type": "Cuneiform",
			"subgenre": "list (wine)",
			"ch_no": "01",
			"ch_name": "The Wine Lists",
			"ch_num_name": "01 (The Wine Lists)"
		},
		"geometry": {
			"type": "Point",
			"coordinates": [43.3275,36.099167]
		}
	}, {
		"type": "Feature",
		"properties": {
			"project": "ctn1",
			"id_text": "P370845",
			"primary_publication": "CTN 1 p. 124, ND 10041",
			"museum_no": "IM lidars",
			"provenience": "Nimrud (Kalhu)",
			"excavation_no": "ND 10041",
			"archive": "001 -  Fort Shalmaneser, NE 47-50",
			"date": "(791–778)",
			"atae_attribution": "Adapted from J.V. Kinnier Wilson, The Nimrud Wine Lists (Cuneiform Texts from Nimrud 1), 1972, by Poppy Tushingham (2018–2020) and lemmatized and translated into English by Mikko Luukko (2021) for the Munich Open-access Cuneiform Corpus Initiative (MOCCI), which is funded by LMU Munich and the Alexander von Humboldt Foundation at the Historisches Seminar - Abteilung Alte Geschichte of Ludwig-Maximilians-Universität München. The annotated edition is released under the Creative Commons Attribution Share-Alike license 3.0.",
			"cite_as": "Please cite this page as http://oracc.org/atae/P370845/.",
			"collection": "National Museum of Iraq, Baghdad, Iraq",
			"composite_witness": "witness",
			"credits": "Adapted from J.V. Kinnier Wilson, The Nimrud Wine Lists (Cuneiform Texts from Nimrud 1), 1972, by Poppy Tushingham (2018–2020) and lemmatized and translated into English by Mikko Luukko (2021) for the Munich Open-access Cuneiform Corpus Initiative (MOCCI), which is funded by LMU Munich and the Alexander von Humboldt Foundation at the Historisches Seminar - Abteilung Alte Geschichte of Ludwig-Maximilians-Universität München. The annotated edition is released under the Creative Commons Attribution Share-Alike license 3.0. Please cite this page as http://oracc.org/atae/P370845/.",
			"date_of_origin": "00.000.00.00",
			"designation": "CTN 1 p. 124, ND 10041",
			"dialect": "Neo-Assyrian",
			"findspot_square": "NE 48-49",
			"genre": "Administrative Record",
			"has_date": "yes, but date completely destroyed",
			"language": "Akkadian",
			"last_mod_by": "ARMEP",
			"last_modified": "27.01.2022",
			"list_name": "atae/ctn1:P370845",
			"material": "clay",
			"object_type": "tablet",
			"period": "Neo-Assyrian",
			"pleiades_id": "894019",
			"ruler": "Adad-nārārī III or Shalmaneser IV",
			"script": "Neo-Assyrian",
			"script_remarks": "inscribed",
			"script_type": "Cuneiform",
			"subgenre": "list (wine)",
			"ch_no": "01",
			"ch_name": "The Wine Lists",
			"ch_num_name": "01 (The Wine Lists)"
		},
		"geometry": {
			"type": "Point",
			"coordinates": [43.3275,36.099167]
		}
	}, {
		"type": "Feature",
		"properties": {
			"project": "ctn1",
			"id_text": "P224679",
			"primary_publication": "CTN 1 p. 125, ND 10042/1",
			"museum_no": "IM lidars",
			"provenience": "Nimrud (Kalhu)",
			"excavation_no": "ND 10042/1",
			"archive": "001 -  Fort Shalmaneser, NE 47-50",
			"date": "(791–778)",
			"atae_attribution": "Adapted from J.V. Kinnier Wilson, The Nimrud Wine Lists (Cuneiform Texts from Nimrud 1), 1972, by Poppy Tushingham (2018–2020) and lemmatized and translated into English by Mikko Luukko (2021) for the Munich Open-access Cuneiform Corpus Initiative (MOCCI), which is funded by LMU Munich and the Alexander von Humboldt Foundation at the Historisches Seminar - Abteilung Alte Geschichte of Ludwig-Maximilians-Universität München. The annotated edition is released under the Creative Commons Attribution Share-Alike license 3.0.",
			"cite_as": "Please cite this page as http://oracc.org/atae/P224679/.",
			"collection": "National Museum of Iraq, Baghdad, Iraq",
			"composite_witness": "witness",
			"credits": "Adapted from J.V. Kinnier Wilson, The Nimrud Wine Lists (Cuneiform Texts from Nimrud 1), 1972, by Poppy Tushingham (2018–2020) and lemmatized and translated into English by Mikko Luukko (2021) for the Munich Open-access Cuneiform Corpus Initiative (MOCCI), which is funded by LMU Munich and the Alexander von Humboldt Foundation at the Historisches Seminar - Abteilung Alte Geschichte of Ludwig-Maximilians-Universität München. The annotated edition is released under the Creative Commons Attribution Share-Alike license 3.0. Please cite this page as http://oracc.org/atae/P224679/.",
			"date_of_origin": "00.000.00.00",
			"designation": "CTN 1 p. 125, ND 10042/1",
			"dialect": "Neo-Assyrian",
			"findspot_square": "NE 48-49",
			"genre": "Administrative Record",
			"has_date": "yes, but date completely destroyed",
			"language": "Akkadian",
			"last_mod_by": "ARMEP",
			"last_modified": "27.01.2022",
			"list_name": "atae/ctn1:P224679",
			"material": "clay",
			"object_type": "tablet",
			"period": "Neo-Assyrian",
			"pleiades_id": "894019",
			"ruler": "Adad-nārārī III or Shalmaneser IV",
			"script": "Neo-Assyrian",
			"script_remarks": "inscribed",
			"script_type": "Cuneiform",
			"subgenre": "list (wine)",
			"ch_no": "01",
			"ch_name": "The Wine Lists",
			"ch_num_name": "01 (The Wine Lists)"
		},
		"geometry": {
			"type": "Point",
			"coordinates": [43.3275,36.099167]
		}
	}, {
		"type": "Feature",
		"properties": {
			"project": "ctn1",
			"id_text": "P370846",
			"primary_publication": "CTN 1 p. 125, ND 10042/2",
			"museum_no": "BM —",
			"provenience": "Nimrud (Kalhu)",
			"excavation_no": "ND 10042/2",
			"archive": "001 -  Fort Shalmaneser, NE 47-50",
			"date": "(791–778)",
			"atae_attribution": "Adapted from J.V. Kinnier Wilson, The Nimrud Wine Lists (Cuneiform Texts from Nimrud 1), 1972, by Poppy Tushingham (2018–2020) and lemmatized and translated into English by Mikko Luukko (2021) for the Munich Open-access Cuneiform Corpus Initiative (MOCCI), which is funded by LMU Munich and the Alexander von Humboldt Foundation at the Historisches Seminar - Abteilung Alte Geschichte of Ludwig-Maximilians-Universität München. The annotated edition is released under the Creative Commons Attribution Share-Alike license 3.0.",
			"cite_as": "Please cite this page as http://oracc.org/atae/P370846/.",
			"collection": "British Museum, London, UK",
			"composite_witness": "witness",
			"credits": "Adapted from J.V. Kinnier Wilson, The Nimrud Wine Lists (Cuneiform Texts from Nimrud 1), 1972, by Poppy Tushingham (2018–2020) and lemmatized and translated into English by Mikko Luukko (2021) for the Munich Open-access Cuneiform Corpus Initiative (MOCCI), which is funded by LMU Munich and the Alexander von Humboldt Foundation at the Historisches Seminar - Abteilung Alte Geschichte of Ludwig-Maximilians-Universität München. The annotated edition is released under the Creative Commons Attribution Share-Alike license 3.0. Please cite this page as http://oracc.org/atae/P370846/.",
			"date_of_origin": "00.000.00.00",
			"designation": "CTN 1 p. 125, ND 10042/2",
			"dialect": "Neo-Assyrian",
			"findspot_square": "NE 48-49",
			"genre": "Administrative Record",
			"has_date": "yes, but date completely destroyed",
			"language": "Akkadian",
			"last_mod_by": "ARMEP",
			"last_modified": "27.01.2022",
			"list_name": "atae/ctn1:P370846",
			"material": "clay",
			"object_type": "tablet",
			"period": "Neo-Assyrian",
			"pleiades_id": "894019",
			"ruler": "Adad-nārārī III or Shalmaneser IV",
			"script": "Neo-Assyrian",
			"script_remarks": "inscribed",
			"script_type": "Cuneiform",
			"subgenre": "list (wine)",
			"ch_no": "01",
			"ch_name": "The Wine Lists",
			"ch_num_name": "01 (The Wine Lists)"
		},
		"geometry": {
			"type": "Point",
			"coordinates": [43.3275,36.099167]
		}
	}, {
		"type": "Feature",
		"properties": {
			"project": "ctn1",
			"id_text": "P224681",
			"primary_publication": "CTN 1 p. 125, ND 10043",
			"museum_no": "IM lidars",
			"provenience": "Nimrud (Kalhu)",
			"excavation_no": "ND 10043",
			"archive": "001 -  Fort Shalmaneser, NE 47-50",
			"date": "(791–778)",
			"atae_attribution": "Adapted from J.V. Kinnier Wilson, The Nimrud Wine Lists (Cuneiform Texts from Nimrud 1), 1972, by Poppy Tushingham (2018–2020) and lemmatized and translated into English by Mikko Luukko (2021) for the Munich Open-access Cuneiform Corpus Initiative (MOCCI), which is funded by LMU Munich and the Alexander von Humboldt Foundation at the Historisches Seminar - Abteilung Alte Geschichte of Ludwig-Maximilians-Universität München. The annotated edition is released under the Creative Commons Attribution Share-Alike license 3.0.",
			"cite_as": "Please cite this page as http://oracc.org/atae/P224681/.",
			"collection": "National Museum of Iraq, Baghdad, Iraq",
			"composite_witness": "witness",
			"credits": "Adapted from J.V. Kinnier Wilson, The Nimrud Wine Lists (Cuneiform Texts from Nimrud 1), 1972, by Poppy Tushingham (2018–2020) and lemmatized and translated into English by Mikko Luukko (2021) for the Munich Open-access Cuneiform Corpus Initiative (MOCCI), which is funded by LMU Munich and the Alexander von Humboldt Foundation at the Historisches Seminar - Abteilung Alte Geschichte of Ludwig-Maximilians-Universität München. The annotated edition is released under the Creative Commons Attribution Share-Alike license 3.0. Please cite this page as http://oracc.org/atae/P224681/.",
			"date_of_origin": "00.000.00.00",
			"designation": "CTN 1 p. 125, ND 10043",
			"dialect": "Neo-Assyrian",
			"findspot_square": "NE 48-49",
			"genre": "Administrative Record",
			"has_date": "yes, but date completely destroyed",
			"language": "Akkadian",
			"last_mod_by": "ARMEP",
			"last_modified": "27.01.2022",
			"list_name": "atae/ctn1:P224681",
			"material": "clay",
			"object_type": "tablet",
			"period": "Neo-Assyrian",
			"pleiades_id": "894019",
			"ruler": "Adad-nārārī III or Shalmaneser IV",
			"script": "Neo-Assyrian",
			"script_remarks": "inscribed",
			"script_type": "Cuneiform",
			"subgenre": "list (wine)",
			"ch_no": "01",
			"ch_name": "The Wine Lists",
			"ch_num_name": "01 (The Wine Lists)"
		},
		"geometry": {
			"type": "Point",
			"coordinates": [43.3275,36.099167]
		}
	}, {
		"type": "Feature",
		"properties": {
			"project": "ctn1",
			"id_text": "P370868",
			"primary_publication": "CTN 1 p. 125, ND 10060",
			"museum_no": "BM —",
			"provenience": "Nimrud (Kalhu)",
			"excavation_no": "ND 10060",
			"archive": "001 -  Fort Shalmaneser, NE 47-50",
			"date": "(791–778)",
			"atae_attribution": "Adapted from J.V. Kinnier Wilson, The Nimrud Wine Lists (Cuneiform Texts from Nimrud 1), 1972, by Poppy Tushingham (2018–2020) and lemmatized and translated into English by Mikko Luukko (2021) for the Munich Open-access Cuneiform Corpus Initiative (MOCCI), which is funded by LMU Munich and the Alexander von Humboldt Foundation at the Historisches Seminar - Abteilung Alte Geschichte of Ludwig-Maximilians-Universität München. The annotated edition is released under the Creative Commons Attribution Share-Alike license 3.0.",
			"cite_as": "Please cite this page as http://oracc.org/atae/P370868/.",
			"collection": "British Museum, London, UK",
			"composite_witness": "witness",
			"credits": "Adapted from J.V. Kinnier Wilson, The Nimrud Wine Lists (Cuneiform Texts from Nimrud 1), 1972, by Poppy Tushingham (2018–2020) and lemmatized and translated into English by Mikko Luukko (2021) for the Munich Open-access Cuneiform Corpus Initiative (MOCCI), which is funded by LMU Munich and the Alexander von Humboldt Foundation at the Historisches Seminar - Abteilung Alte Geschichte of Ludwig-Maximilians-Universität München. The annotated edition is released under the Creative Commons Attribution Share-Alike license 3.0. Please cite this page as http://oracc.org/atae/P370868/.",
			"date_of_origin": "00.000.00.00",
			"designation": "CTN 1 p. 125, ND 10060",
			"dialect": "Neo-Assyrian",
			"findspot_square": "NE 48-49",
			"genre": "Administrative Record",
			"has_date": "yes, but date completely destroyed",
			"language": "Akkadian",
			"last_mod_by": "ARMEP",
			"last_modified": "27.01.2022",
			"list_name": "atae/ctn1:P370868",
			"material": "clay",
			"object_type": "tablet",
			"period": "Neo-Assyrian",
			"pleiades_id": "894019",
			"ruler": "Adad-nārārī III or Shalmaneser IV",
			"script": "Neo-Assyrian",
			"script_remarks": "inscribed",
			"script_type": "Cuneiform",
			"subgenre": "list (wine)",
			"ch_no": "01",
			"ch_name": "The Wine Lists",
			"ch_num_name": "01 (The Wine Lists)"
		},
		"geometry": {
			"type": "Point",
			"coordinates": [43.3275,36.099167]
		}
	}, {
		"type": "Feature",
		"properties": {
			"project": "ctn1",
			"id_text": "P224686",
			"primary_publication": "CTN 1 p. 125, ND 10065",
			"museum_no": "IM lidars",
			"provenience": "Nimrud (Kalhu)",
			"excavation_no": "ND 10065",
			"archive": "001 -  Fort Shalmaneser, NE 47-50",
			"date": "(791–778)",
			"atae_attribution": "Adapted from J.V. Kinnier Wilson, The Nimrud Wine Lists (Cuneiform Texts from Nimrud 1), 1972, by Poppy Tushingham (2018–2020) and lemmatized and translated into English by Mikko Luukko (2021) for the Munich Open-access Cuneiform Corpus Initiative (MOCCI), which is funded by LMU Munich and the Alexander von Humboldt Foundation at the Historisches Seminar - Abteilung Alte Geschichte of Ludwig-Maximilians-Universität München. The annotated edition is released under the Creative Commons Attribution Share-Alike license 3.0.",
			"cite_as": "Please cite this page as http://oracc.org/atae/P224686/.",
			"collection": "National Museum of Iraq, Baghdad, Iraq",
			"composite_witness": "witness",
			"credits": "Adapted from J.V. Kinnier Wilson, The Nimrud Wine Lists (Cuneiform Texts from Nimrud 1), 1972, by Poppy Tushingham (2018–2020) and lemmatized and translated into English by Mikko Luukko (2021) for the Munich Open-access Cuneiform Corpus Initiative (MOCCI), which is funded by LMU Munich and the Alexander von Humboldt Foundation at the Historisches Seminar - Abteilung Alte Geschichte of Ludwig-Maximilians-Universität München. The annotated edition is released under the Creative Commons Attribution Share-Alike license 3.0. Please cite this page as http://oracc.org/atae/P224686/.",
			"date_of_origin": "00.000.00.00",
			"designation": "CTN 1 p. 125, ND 10065",
			"dialect": "Neo-Assyrian",
			"findspot_square": "NE 48-49",
			"genre": "Administrative Record",
			"has_date": "yes, but date completely destroyed",
			"language": "Akkadian",
			"last_mod_by": "ARMEP",
			"last_modified": "27.01.2022",
			"list_name": "atae/ctn1:P224686",
			"material": "clay",
			"object_type": "tablet",
			"period": "Neo-Assyrian",
			"pleiades_id": "894019",
			"ruler": "Adad-nārārī III or Shalmaneser IV",
			"script": "Neo-Assyrian",
			"script_remarks": "inscribed",
			"script_type": "Cuneiform",
			"subgenre": "list (wine)",
			"ch_no": "01",
			"ch_name": "The Wine Lists",
			"ch_num_name": "01 (The Wine Lists)"
		},
		"geometry": {
			"type": "Point",
			"coordinates": [43.3275,36.099167]
		}
	}, {
		"type": "Feature",
		"properties": {
			"project": "ctn1",
			"id_text": "P370869",
			"primary_publication": "CTN 1 p. 125, ND 10066",
			"museum_no": "BM —",
			"provenience": "Nimrud (Kalhu)",
			"excavation_no": "ND 10066",
			"archive": "001 -  Fort Shalmaneser, NE 47-50",
			"date": "(791–778)",
			"atae_attribution": "Adapted from J.V. Kinnier Wilson, The Nimrud Wine Lists (Cuneiform Texts from Nimrud 1), 1972, by Poppy Tushingham (2018–2020) and lemmatized and translated into English by Mikko Luukko (2021) for the Munich Open-access Cuneiform Corpus Initiative (MOCCI), which is funded by LMU Munich and the Alexander von Humboldt Foundation at the Historisches Seminar - Abteilung Alte Geschichte of Ludwig-Maximilians-Universität München. The annotated edition is released under the Creative Commons Attribution Share-Alike license 3.0.",
			"cite_as": "Please cite this page as http://oracc.org/atae/P370869/.",
			"collection": "British Museum, London, UK",
			"composite_witness": "witness",
			"credits": "Adapted from J.V. Kinnier Wilson, The Nimrud Wine Lists (Cuneiform Texts from Nimrud 1), 1972, by Poppy Tushingham (2018–2020) and lemmatized and translated into English by Mikko Luukko (2021) for the Munich Open-access Cuneiform Corpus Initiative (MOCCI), which is funded by LMU Munich and the Alexander von Humboldt Foundation at the Historisches Seminar - Abteilung Alte Geschichte of Ludwig-Maximilians-Universität München. The annotated edition is released under the Creative Commons Attribution Share-Alike license 3.0. Please cite this page as http://oracc.org/atae/P370869/.",
			"date_of_origin": "00.000.00.00",
			"designation": "CTN 1 p. 125, ND 10066",
			"dialect": "Neo-Assyrian",
			"findspot_square": "NE 48-49",
			"genre": "Administrative Record",
			"has_date": "yes, but date completely destroyed",
			"language": "Akkadian",
			"last_mod_by": "ARMEP",
			"last_modified": "27.01.2022",
			"list_name": "atae/ctn1:P370869",
			"material": "clay",
			"object_type": "tablet",
			"period": "Neo-Assyrian",
			"pleiades_id": "894019",
			"ruler": "Adad-nārārī III or Shalmaneser IV",
			"script": "Neo-Assyrian",
			"script_remarks": "inscribed",
			"script_type": "Cuneiform",
			"subgenre": "list (wine)",
			"ch_no": "01",
			"ch_name": "The Wine Lists",
			"ch_num_name": "01 (The Wine Lists)"
		},
		"geometry": {
			"type": "Point",
			"coordinates": [43.3275,36.099167]
		}
	}, {
		"type": "Feature",
		"properties": {
			"project": "ctn1",
			"id_text": "P370870",
			"primary_publication": "CTN 1 p. 125, ND 10067",
			"museum_no": "BM —",
			"provenience": "Nimrud (Kalhu)",
			"excavation_no": "ND 10067",
			"archive": "001 -  Fort Shalmaneser, NE 47-50",
			"date": "(791–778)",
			"atae_attribution": "Adapted from J.V. Kinnier Wilson, The Nimrud Wine Lists (Cuneiform Texts from Nimrud 1), 1972, by Poppy Tushingham (2018–2020) and lemmatized and translated into English by Mikko Luukko (2021) for the Munich Open-access Cuneiform Corpus Initiative (MOCCI), which is funded by LMU Munich and the Alexander von Humboldt Foundation at the Historisches Seminar - Abteilung Alte Geschichte of Ludwig-Maximilians-Universität München. The annotated edition is released under the Creative Commons Attribution Share-Alike license 3.0.",
			"cite_as": "Please cite this page as http://oracc.org/atae/P370870/.",
			"collection": "British Museum, London, UK",
			"composite_witness": "witness",
			"credits": "Adapted from J.V. Kinnier Wilson, The Nimrud Wine Lists (Cuneiform Texts from Nimrud 1), 1972, by Poppy Tushingham (2018–2020) and lemmatized and translated into English by Mikko Luukko (2021) for the Munich Open-access Cuneiform Corpus Initiative (MOCCI), which is funded by LMU Munich and the Alexander von Humboldt Foundation at the Historisches Seminar - Abteilung Alte Geschichte of Ludwig-Maximilians-Universität München. The annotated edition is released under the Creative Commons Attribution Share-Alike license 3.0. Please cite this page as http://oracc.org/atae/P370870/.",
			"date_of_origin": "00.000.00.00",
			"designation": "CTN 1 p. 125, ND 10067",
			"dialect": "Neo-Assyrian",
			"findspot_square": "NE 48-49",
			"genre": "Administrative Record",
			"has_date": "yes, but date completely destroyed",
			"language": "Akkadian",
			"last_mod_by": "ARMEP",
			"last_modified": "27.01.2022",
			"list_name": "atae/ctn1:P370870",
			"material": "clay",
			"object_type": "tablet",
			"period": "Neo-Assyrian",
			"pleiades_id": "894019",
			"ruler": "Adad-nārārī III or Shalmaneser IV",
			"script": "Neo-Assyrian",
			"script_remarks": "inscribed",
			"script_type": "Cuneiform",
			"subgenre": "list (wine)",
			"ch_no": "01",
			"ch_name": "The Wine Lists",
			"ch_num_name": "01 (The Wine Lists)"
		},
		"geometry": {
			"type": "Point",
			"coordinates": [43.3275,36.099167]
		}
	}, {
		"type": "Feature",
		"properties": {
			"project": "ctn1",
			"id_text": "P370871",
			"primary_publication": "CTN 1 pl. 40, ND 10025",
			"museum_no": "BM —",
			"provenience": "Nimrud (Kalhu)",
			"excavation_no": "ND 10025",
			"archive": "001 -  Fort Shalmaneser, NE 47-50",
			"date": "(791–778)",
			"atae_attribution": "Adapted from J.V. Kinnier Wilson, The Nimrud Wine Lists (Cuneiform Texts from Nimrud 1), 1972, by Poppy Tushingham (2018–2020) and lemmatized and translated into English by Mikko Luukko (2021) for the Munich Open-access Cuneiform Corpus Initiative (MOCCI), which is funded by LMU Munich and the Alexander von Humboldt Foundation at the Historisches Seminar - Abteilung Alte Geschichte of Ludwig-Maximilians-Universität München. The annotated edition is released under the Creative Commons Attribution Share-Alike license 3.0.",
			"cite_as": "Please cite this page as http://oracc.org/atae/P370871/.",
			"collection": "British Museum, London, UK",
			"composite_witness": "witness",
			"credits": "Adapted from J.V. Kinnier Wilson, The Nimrud Wine Lists (Cuneiform Texts from Nimrud 1), 1972, by Poppy Tushingham (2018–2020) and lemmatized and translated into English by Mikko Luukko (2021) for the Munich Open-access Cuneiform Corpus Initiative (MOCCI), which is funded by LMU Munich and the Alexander von Humboldt Foundation at the Historisches Seminar - Abteilung Alte Geschichte of Ludwig-Maximilians-Universität München. The annotated edition is released under the Creative Commons Attribution Share-Alike license 3.0. Please cite this page as http://oracc.org/atae/P370871/.",
			"date_of_origin": "00.000.00.00",
			"designation": "CTN 1 pl. 40, ND 10025",
			"dialect": "Neo-Assyrian",
			"findspot_square": "NE 50",
			"genre": "Administrative Record",
			"has_date": "yes, but date completely destroyed",
			"language": "Akkadian",
			"last_mod_by": "ARMEP",
			"last_modified": "27.01.2022",
			"list_name": "atae/ctn1:P370871",
			"material": "clay",
			"object_type": "tablet",
			"period": "Neo-Assyrian",
			"pleiades_id": "894019",
			"ruler": "Adad-nārārī III or Shalmaneser IV",
			"script": "Neo-Assyrian",
			"script_remarks": "inscribed",
			"script_type": "Cuneiform",
			"ch_no": "01",
			"ch_name": "The Wine Lists",
			"ch_num_name": "01 (The Wine Lists)"
		},
		"geometry": {
			"type": "Point",
			"coordinates": [43.3275,36.099167]
		}
	}, {
		"type": "Feature",
		"properties": {
			"project": "ctn1",
			"id_text": "P370872",
			"primary_publication": "CTN 1 pl. 43, ND 10010",
			"museum_no": "BM —",
			"provenience": "Nimrud (Kalhu)",
			"excavation_no": "ND 10010",
			"archive": "001 -  Fort Shalmaneser, NE 47-50",
			"date": "(791–778)",
			"atae_attribution": "Adapted from J.V. Kinnier Wilson, The Nimrud Wine Lists (Cuneiform Texts from Nimrud 1), 1972, by Poppy Tushingham (2018–2020) and lemmatized and translated into English by Mikko Luukko (2021) for the Munich Open-access Cuneiform Corpus Initiative (MOCCI), which is funded by LMU Munich and the Alexander von Humboldt Foundation at the Historisches Seminar - Abteilung Alte Geschichte of Ludwig-Maximilians-Universität München. The annotated edition is released under the Creative Commons Attribution Share-Alike license 3.0.",
			"cite_as": "Please cite this page as http://oracc.org/atae/P370872/.",
			"collection": "British Museum, London, UK",
			"composite_witness": "witness",
			"credits": "Adapted from J.V. Kinnier Wilson, The Nimrud Wine Lists (Cuneiform Texts from Nimrud 1), 1972, by Poppy Tushingham (2018–2020) and lemmatized and translated into English by Mikko Luukko (2021) for the Munich Open-access Cuneiform Corpus Initiative (MOCCI), which is funded by LMU Munich and the Alexander von Humboldt Foundation at the Historisches Seminar - Abteilung Alte Geschichte of Ludwig-Maximilians-Universität München. The annotated edition is released under the Creative Commons Attribution Share-Alike license 3.0. Please cite this page as http://oracc.org/atae/P370872/.",
			"date_of_origin": "00.000.00.00",
			"designation": "CTN 1 pl. 43, ND 10010",
			"dialect": "Neo-Assyrian",
			"findspot_square": "NE 50",
			"genre": "Administrative Record",
			"has_date": "yes, but date completely destroyed",
			"language": "Akkadian",
			"last_mod_by": "ARMEP",
			"last_modified": "27.01.2022",
			"list_name": "atae/ctn1:P370872",
			"material": "clay",
			"object_type": "tablet",
			"period": "Neo-Assyrian",
			"pleiades_id": "894019",
			"ruler": "Adad-nārārī III or Shalmaneser IV",
			"script": "Neo-Assyrian",
			"script_remarks": "inscribed",
			"script_type": "Cuneiform",
			"ch_no": "01",
			"ch_name": "The Wine Lists",
			"ch_num_name": "01 (The Wine Lists)"
		},
		"geometry": {
			"type": "Point",
			"coordinates": [43.3275,36.099167]
		}
	}, {
		"type": "Feature",
		"properties": {
			"project": "ctn1",
			"id_text": "P224653",
			"primary_publication": "CTN 1 pl. 44, ND 06210",
			"museum_no": "IM 060586",
			"provenience": "Nimrud (Kalhu)",
			"excavation_no": "ND 06210",
			"archive": "002 - Fort Shalmaneser, SW 6",
			"date": "(791–778)",
			"atae_attribution": "Adapted from J.V. Kinnier Wilson, The Nimrud Wine Lists (Cuneiform Texts from Nimrud 1), 1972, by Poppy Tushingham (2018–2020) and lemmatized and translated into English by Mikko Luukko (2021) for the Munich Open-access Cuneiform Corpus Initiative (MOCCI), which is funded by LMU Munich and the Alexander von Humboldt Foundation at the Historisches Seminar - Abteilung Alte Geschichte of Ludwig-Maximilians-Universität München. The annotated edition is released under the Creative Commons Attribution Share-Alike license 3.0.",
			"cite_as": "Please cite this page as http://oracc.org/atae/P224653/.",
			"collection": "National Museum of Iraq, Baghdad, Iraq",
			"composite_witness": "witness",
			"credits": "Adapted from J.V. Kinnier Wilson, The Nimrud Wine Lists (Cuneiform Texts from Nimrud 1), 1972, by Poppy Tushingham (2018–2020) and lemmatized and translated into English by Mikko Luukko (2021) for the Munich Open-access Cuneiform Corpus Initiative (MOCCI), which is funded by LMU Munich and the Alexander von Humboldt Foundation at the Historisches Seminar - Abteilung Alte Geschichte of Ludwig-Maximilians-Universität München. The annotated edition is released under the Creative Commons Attribution Share-Alike license 3.0. Please cite this page as http://oracc.org/atae/P224653/.",
			"date_of_origin": "00.000.00.00",
			"designation": "CTN 1 pl. 44, ND 06210",
			"dialect": "Neo-Assyrian",
			"findspot_square": "SW 6",
			"genre": "Administrative Record",
			"has_date": "yes, but date completely destroyed",
			"language": "Akkadian",
			"last_mod_by": "Jamie Novotny",
			"last_modified": "31.10.2021",
			"list_name": "atae/ctn1:P224653",
			"material": "clay",
			"object_type": "tablet",
			"period": "Neo-Assyrian",
			"pleiades_id": "894019",
			"ruler": "Adad-nārārī III or Shalmaneser IV",
			"script": "Neo-Assyrian",
			"script_remarks": "inscribed",
			"script_type": "Cuneiform",
			"ch_no": "01",
			"ch_name": "The Wine Lists",
			"ch_num_name": "01 (The Wine Lists)"
		},
		"geometry": {
			"type": "Point",
			"coordinates": [43.3275,36.099167]
		}
	}, {
		"type": "Feature",
		"properties": {
			"project": "ctn1",
			"id_text": "P224675",
			"primary_publication": "CTN 1 pl. 44, ND 06211",
			"museum_no": "BM — = IM lidars",
			"provenience": "Nimrud (Kalhu)",
			"excavation_no": "ND 06211",
			"archive": "002 - Fort Shalmaneser, SW 6",
			"date": "(791–778)",
			"atae_attribution": "Adapted from J.V. Kinnier Wilson, The Nimrud Wine Lists (Cuneiform Texts from Nimrud 1), 1972, by Poppy Tushingham (2018–2020) and lemmatized and translated into English by Mikko Luukko (2021) for the Munich Open-access Cuneiform Corpus Initiative (MOCCI), which is funded by LMU Munich and the Alexander von Humboldt Foundation at the Historisches Seminar - Abteilung Alte Geschichte of Ludwig-Maximilians-Universität München. The annotated edition is released under the Creative Commons Attribution Share-Alike license 3.0.",
			"cite_as": "Please cite this page as http://oracc.org/atae/P224675/.",
			"collection": "British Museum, London, UK; National Museum of Iraq, Baghdad, Iraq ?",
			"composite_witness": "witness",
			"credits": "Adapted from J.V. Kinnier Wilson, The Nimrud Wine Lists (Cuneiform Texts from Nimrud 1), 1972, by Poppy Tushingham (2018–2020) and lemmatized and translated into English by Mikko Luukko (2021) for the Munich Open-access Cuneiform Corpus Initiative (MOCCI), which is funded by LMU Munich and the Alexander von Humboldt Foundation at the Historisches Seminar - Abteilung Alte Geschichte of Ludwig-Maximilians-Universität München. The annotated edition is released under the Creative Commons Attribution Share-Alike license 3.0. Please cite this page as http://oracc.org/atae/P224675/.",
			"date_of_origin": "00.000.00.00",
			"designation": "CTN 1 pl. 44, ND 06211",
			"dialect": "Neo-Assyrian",
			"findspot_square": "SW 6",
			"genre": "Administrative Record",
			"has_date": "yes, but date completely destroyed",
			"language": "Akkadian",
			"last_mod_by": "Jamie Novotny",
			"last_modified": "31.10.2021",
			"list_name": "atae/ctn1:P224675",
			"material": "clay",
			"object_type": "tablet",
			"period": "Neo-Assyrian",
			"pleiades_id": "894019",
			"ruler": "Adad-nārārī III or Shalmaneser IV",
			"script": "Neo-Assyrian",
			"script_remarks": "inscribed",
			"script_type": "Cuneiform",
			"ch_no": "01",
			"ch_name": "The Wine Lists",
			"ch_num_name": "01 (The Wine Lists)"
		},
		"geometry": {
			"type": "Point",
			"coordinates": [43.3275,36.099167]
		}
	}, {
		"type": "Feature",
		"properties": {
			"project": "ctn1",
			"id_text": "P224676",
			"primary_publication": "CTN 1 pl. 44, ND 06223",
			"museum_no": "BM — = IM lidars",
			"provenience": "Nimrud (Kalhu)",
			"excavation_no": "ND 06223",
			"archive": "002 - Fort Shalmaneser, SW 6",
			"date": "(791–778)",
			"atae_attribution": "Adapted from J.V. Kinnier Wilson, The Nimrud Wine Lists (Cuneiform Texts from Nimrud 1), 1972, by Poppy Tushingham (2018–2020) and lemmatized and translated into English by Mikko Luukko (2021) for the Munich Open-access Cuneiform Corpus Initiative (MOCCI), which is funded by LMU Munich and the Alexander von Humboldt Foundation at the Historisches Seminar - Abteilung Alte Geschichte of Ludwig-Maximilians-Universität München. The annotated edition is released under the Creative Commons Attribution Share-Alike license 3.0.",
			"cite_as": "Please cite this page as http://oracc.org/atae/P224676/.",
			"collection": "British Museum, London, UK; National Museum of Iraq, Baghdad, Iraq ?",
			"composite_witness": "witness",
			"credits": "Adapted from J.V. Kinnier Wilson, The Nimrud Wine Lists (Cuneiform Texts from Nimrud 1), 1972, by Poppy Tushingham (2018–2020) and lemmatized and translated into English by Mikko Luukko (2021) for the Munich Open-access Cuneiform Corpus Initiative (MOCCI), which is funded by LMU Munich and the Alexander von Humboldt Foundation at the Historisches Seminar - Abteilung Alte Geschichte of Ludwig-Maximilians-Universität München. The annotated edition is released under the Creative Commons Attribution Share-Alike license 3.0. Please cite this page as http://oracc.org/atae/P224676/.",
			"date_of_origin": "00.000.00.00",
			"designation": "CTN 1 pl. 44, ND 06223",
			"dialect": "Neo-Assyrian",
			"findspot_square": "SW 6",
			"genre": "Administrative Record",
			"has_date": "yes, but date completely destroyed",
			"language": "Akkadian",
			"last_mod_by": "Jamie Novotny",
			"last_modified": "31.10.2021",
			"list_name": "atae/ctn1:P224676",
			"material": "clay",
			"object_type": "tablet",
			"period": "Neo-Assyrian",
			"pleiades_id": "894019",
			"ruler": "Adad-nārārī III or Shalmaneser IV",
			"script": "Neo-Assyrian",
			"script_remarks": "inscribed",
			"script_type": "Cuneiform",
			"ch_no": "01",
			"ch_name": "The Wine Lists",
			"ch_num_name": "01 (The Wine Lists)"
		},
		"geometry": {
			"type": "Point",
			"coordinates": [43.3275,36.099167]
		}
	}, {
		"type": "Feature",
		"properties": {
			"project": "ctn1",
			"id_text": "P370873",
			"primary_publication": "CTN 1 pl. 44, ND 10035",
			"museum_no": "BM —",
			"provenience": "Nimrud (Kalhu)",
			"excavation_no": "ND 10035",
			"archive": "001 -  Fort Shalmaneser, NE 47-50",
			"date": "(791–778)",
			"atae_attribution": "Adapted from J.V. Kinnier Wilson, The Nimrud Wine Lists (Cuneiform Texts from Nimrud 1), 1972, by Poppy Tushingham (2018–2020) and lemmatized and translated into English by Mikko Luukko (2021) for the Munich Open-access Cuneiform Corpus Initiative (MOCCI), which is funded by LMU Munich and the Alexander von Humboldt Foundation at the Historisches Seminar - Abteilung Alte Geschichte of Ludwig-Maximilians-Universität München. The annotated edition is released under the Creative Commons Attribution Share-Alike license 3.0.",
			"cite_as": "Please cite this page as http://oracc.org/atae/P370873/.",
			"collection": "British Museum, London, UK",
			"composite_witness": "witness",
			"credits": "Adapted from J.V. Kinnier Wilson, The Nimrud Wine Lists (Cuneiform Texts from Nimrud 1), 1972, by Poppy Tushingham (2018–2020) and lemmatized and translated into English by Mikko Luukko (2021) for the Munich Open-access Cuneiform Corpus Initiative (MOCCI), which is funded by LMU Munich and the Alexander von Humboldt Foundation at the Historisches Seminar - Abteilung Alte Geschichte of Ludwig-Maximilians-Universität München. The annotated edition is released under the Creative Commons Attribution Share-Alike license 3.0. Please cite this page as http://oracc.org/atae/P370873/.",
			"date_of_origin": "00.000.00.00",
			"designation": "CTN 1 pl. 44, ND 10035",
			"dialect": "Neo-Assyrian",
			"findspot_square": "NE 50",
			"genre": "Administrative Record",
			"has_date": "yes, but date completely destroyed",
			"language": "Akkadian",
			"last_mod_by": "ARMEP",
			"last_modified": "27.01.2022",
			"list_name": "atae/ctn1:P370873",
			"material": "clay",
			"object_type": "tablet",
			"period": "Neo-Assyrian",
			"pleiades_id": "894019",
			"ruler": "Adad-nārārī III or Shalmaneser IV",
			"script": "Neo-Assyrian",
			"script_remarks": "inscribed",
			"script_type": "Cuneiform",
			"ch_no": "01",
			"ch_name": "The Wine Lists",
			"ch_num_name": "01 (The Wine Lists)"
		},
		"geometry": {
			"type": "Point",
			"coordinates": [43.3275,36.099167]
		}
	}, {
		"type": "Feature",
		"properties": {
			"project": "ctn1",
			"id_text": "P370874",
			"primary_publication": "CTN 1 pl. 45, ND 10026",
			"museum_no": "BM —",
			"provenience": "Nimrud (Kalhu)",
			"excavation_no": "ND 10026",
			"archive": "001 -  Fort Shalmaneser, NE 47-50",
			"date": "(791–778)",
			"atae_attribution": "Adapted from J.V. Kinnier Wilson, The Nimrud Wine Lists (Cuneiform Texts from Nimrud 1), 1972, by Poppy Tushingham (2018–2020) and lemmatized and translated into English by Mikko Luukko (2021) for the Munich Open-access Cuneiform Corpus Initiative (MOCCI), which is funded by LMU Munich and the Alexander von Humboldt Foundation at the Historisches Seminar - Abteilung Alte Geschichte of Ludwig-Maximilians-Universität München. The annotated edition is released under the Creative Commons Attribution Share-Alike license 3.0.",
			"cite_as": "Please cite this page as http://oracc.org/atae/P370874/.",
			"collection": "British Museum, London, UK",
			"composite_witness": "witness",
			"credits": "Adapted from J.V. Kinnier Wilson, The Nimrud Wine Lists (Cuneiform Texts from Nimrud 1), 1972, by Poppy Tushingham (2018–2020) and lemmatized and translated into English by Mikko Luukko (2021) for the Munich Open-access Cuneiform Corpus Initiative (MOCCI), which is funded by LMU Munich and the Alexander von Humboldt Foundation at the Historisches Seminar - Abteilung Alte Geschichte of Ludwig-Maximilians-Universität München. The annotated edition is released under the Creative Commons Attribution Share-Alike license 3.0. Please cite this page as http://oracc.org/atae/P370874/.",
			"date_of_origin": "00.000.00.00",
			"designation": "CTN 1 pl. 45, ND 10026",
			"dialect": "Neo-Assyrian",
			"findspot_square": "NE 48-49",
			"genre": "Administrative Record",
			"has_date": "yes, but date completely destroyed",
			"language": "Akkadian",
			"last_mod_by": "ARMEP",
			"last_modified": "27.01.2022",
			"list_name": "atae/ctn1:P370874",
			"material": "clay",
			"object_type": "tablet",
			"period": "Neo-Assyrian",
			"pleiades_id": "894019",
			"ruler": "Adad-nārārī III or Shalmaneser IV",
			"script": "Neo-Assyrian",
			"script_remarks": "inscribed",
			"script_type": "Cuneiform",
			"ch_no": "01",
			"ch_name": "The Wine Lists",
			"ch_num_name": "01 (The Wine Lists)"
		},
		"geometry": {
			"type": "Point",
			"coordinates": [43.3275,36.099167]
		}
	}, {
		"type": "Feature",
		"properties": {
			"project": "ctn1",
			"id_text": "P370875",
			"primary_publication": "CTN 1 pl. 46-48, ND 10009",
			"museum_no": "BM —",
			"provenience": "Nimrud (Kalhu)",
			"excavation_no": "ND 10009",
			"archive": "001 -  Fort Shalmaneser, NE 47-50",
			"date": "(791–778)",
			"atae_attribution": "Adapted from J.V. Kinnier Wilson, The Nimrud Wine Lists (Cuneiform Texts from Nimrud 1), 1972, by Poppy Tushingham (2018–2020) and lemmatized and translated into English by Mikko Luukko (2021) for the Munich Open-access Cuneiform Corpus Initiative (MOCCI), which is funded by LMU Munich and the Alexander von Humboldt Foundation at the Historisches Seminar - Abteilung Alte Geschichte of Ludwig-Maximilians-Universität München. The annotated edition is released under the Creative Commons Attribution Share-Alike license 3.0.",
			"cite_as": "Please cite this page as http://oracc.org/atae/P370875/.",
			"collection": "British Museum, London, UK",
			"composite_witness": "witness",
			"credits": "Adapted from J.V. Kinnier Wilson, The Nimrud Wine Lists (Cuneiform Texts from Nimrud 1), 1972, by Poppy Tushingham (2018–2020) and lemmatized and translated into English by Mikko Luukko (2021) for the Munich Open-access Cuneiform Corpus Initiative (MOCCI), which is funded by LMU Munich and the Alexander von Humboldt Foundation at the Historisches Seminar - Abteilung Alte Geschichte of Ludwig-Maximilians-Universität München. The annotated edition is released under the Creative Commons Attribution Share-Alike license 3.0. Please cite this page as http://oracc.org/atae/P370875/.",
			"date_of_origin": "00.000.00.00",
			"designation": "CTN 1 pl. 46-48, ND 10009",
			"dialect": "Neo-Assyrian",
			"findspot_square": "NE 50",
			"genre": "Administrative Record",
			"has_date": "yes, but date completely destroyed",
			"language": "Akkadian",
			"last_mod_by": "ARMEP",
			"last_modified": "27.01.2022",
			"list_name": "atae/ctn1:P370875",
			"material": "clay",
			"object_type": "tablet",
			"period": "Neo-Assyrian",
			"pleiades_id": "894019",
			"ruler": "Adad-nārārī III or Shalmaneser IV",
			"script": "Neo-Assyrian",
			"script_remarks": "inscribed",
			"script_type": "Cuneiform",
			"ch_no": "01",
			"ch_name": "The Wine Lists",
			"ch_num_name": "01 (The Wine Lists)"
		},
		"geometry": {
			"type": "Point",
			"coordinates": [43.3275,36.099167]
		}
	}, {
		"type": "Feature",
		"properties": {
			"project": "ctn1",
			"id_text": "P224660",
			"primary_publication": "CTN 1 pl. 49-50, ND 10013",
			"museum_no": "IM 064217",
			"provenience": "Nimrud (Kalhu)",
			"excavation_no": "ND 10013",
			"archive": "001 -  Fort Shalmaneser, NE 47-50",
			"date": "(791–778)",
			"atae_attribution": "Adapted from J.V. Kinnier Wilson, The Nimrud Wine Lists (Cuneiform Texts from Nimrud 1), 1972, by Poppy Tushingham (2018–2020) and lemmatized and translated into English by Mikko Luukko (2021) for the Munich Open-access Cuneiform Corpus Initiative (MOCCI), which is funded by LMU Munich and the Alexander von Humboldt Foundation at the Historisches Seminar - Abteilung Alte Geschichte of Ludwig-Maximilians-Universität München. The annotated edition is released under the Creative Commons Attribution Share-Alike license 3.0.",
			"cite_as": "Please cite this page as http://oracc.org/atae/P224660/.",
			"collection": "National Museum of Iraq, Baghdad, Iraq",
			"composite_witness": "witness",
			"credits": "Adapted from J.V. Kinnier Wilson, The Nimrud Wine Lists (Cuneiform Texts from Nimrud 1), 1972, by Poppy Tushingham (2018–2020) and lemmatized and translated into English by Mikko Luukko (2021) for the Munich Open-access Cuneiform Corpus Initiative (MOCCI), which is funded by LMU Munich and the Alexander von Humboldt Foundation at the Historisches Seminar - Abteilung Alte Geschichte of Ludwig-Maximilians-Universität München. The annotated edition is released under the Creative Commons Attribution Share-Alike license 3.0. Please cite this page as http://oracc.org/atae/P224660/.",
			"date_of_origin": "00.000.00.00",
			"designation": "CTN 1 pl. 49-50, ND 10013",
			"dialect": "Neo-Assyrian",
			"findspot_square": "NE 50",
			"genre": "Administrative Record",
			"has_date": "yes, but date completely destroyed",
			"language": "Akkadian",
			"last_mod_by": "ARMEP",
			"last_modified": "27.01.2022",
			"list_name": "atae/ctn1:P224660",
			"material": "clay",
			"object_type": "tablet",
			"period": "Neo-Assyrian",
			"pleiades_id": "894019",
			"ruler": "Adad-nārārī III or Shalmaneser IV",
			"script": "Neo-Assyrian",
			"script_remarks": "inscribed",
			"script_type": "Cuneiform",
			"ch_no": "01",
			"ch_name": "The Wine Lists",
			"ch_num_name": "01 (The Wine Lists)"
		},
		"geometry": {
			"type": "Point",
			"coordinates": [43.3275,36.099167]
		}
	}, {
		"type": "Feature",
		"properties": {
			"project": "ctn1",
			"id_text": "P224659",
			"primary_publication": "CTN 1 pl. 50, ND 10012",
			"museum_no": "IM 064216",
			"provenience": "Nimrud (Kalhu)",
			"excavation_no": "ND 10012",
			"archive": "001 -  Fort Shalmaneser, NE 47-50",
			"date": "(791–778)",
			"atae_attribution": "Adapted from J.V. Kinnier Wilson, The Nimrud Wine Lists (Cuneiform Texts from Nimrud 1), 1972, by Poppy Tushingham (2018–2020) and lemmatized and translated into English by Mikko Luukko (2021) for the Munich Open-access Cuneiform Corpus Initiative (MOCCI), which is funded by LMU Munich and the Alexander von Humboldt Foundation at the Historisches Seminar - Abteilung Alte Geschichte of Ludwig-Maximilians-Universität München. The annotated edition is released under the Creative Commons Attribution Share-Alike license 3.0.",
			"cite_as": "Please cite this page as http://oracc.org/atae/P224659/.",
			"collection": "National Museum of Iraq, Baghdad, Iraq",
			"composite_witness": "witness",
			"credits": "Adapted from J.V. Kinnier Wilson, The Nimrud Wine Lists (Cuneiform Texts from Nimrud 1), 1972, by Poppy Tushingham (2018–2020) and lemmatized and translated into English by Mikko Luukko (2021) for the Munich Open-access Cuneiform Corpus Initiative (MOCCI), which is funded by LMU Munich and the Alexander von Humboldt Foundation at the Historisches Seminar - Abteilung Alte Geschichte of Ludwig-Maximilians-Universität München. The annotated edition is released under the Creative Commons Attribution Share-Alike license 3.0. Please cite this page as http://oracc.org/atae/P224659/.",
			"date_of_origin": "00.000.00.00",
			"designation": "CTN 1 pl. 50, ND 10012",
			"dialect": "Neo-Assyrian",
			"findspot_square": "NE 50",
			"genre": "Administrative Record",
			"has_date": "yes, but date completely destroyed",
			"language": "Akkadian",
			"last_mod_by": "ARMEP",
			"last_modified": "27.01.2022",
			"list_name": "atae/ctn1:P224659",
			"material": "clay",
			"object_type": "tablet",
			"period": "Neo-Assyrian",
			"pleiades_id": "894019",
			"ruler": "Adad-nārārī III or Shalmaneser IV",
			"script": "Neo-Assyrian",
			"script_remarks": "inscribed",
			"script_type": "Cuneiform",
			"ch_no": "01",
			"ch_name": "The Wine Lists",
			"ch_num_name": "01 (The Wine Lists)"
		},
		"geometry": {
			"type": "Point",
			"coordinates": [43.3275,36.099167]
		}
	}, {
		"type": "Feature",
		"properties": {
			"project": "ctn1",
			"id_text": "P224658",
			"primary_publication": "CTN 1 pl. 51-52, ND 10005",
			"museum_no": "IM 064212",
			"provenience": "Nimrud (Kalhu)",
			"excavation_no": "ND 10005",
			"archive": "001 -  Fort Shalmaneser, NE 47-50",
			"date": "(791–778)",
			"atae_attribution": "Adapted from J.V. Kinnier Wilson, The Nimrud Wine Lists (Cuneiform Texts from Nimrud 1), 1972, by Poppy Tushingham (2018–2020) and lemmatized and translated into English by Mikko Luukko (2021) for the Munich Open-access Cuneiform Corpus Initiative (MOCCI), which is funded by LMU Munich and the Alexander von Humboldt Foundation at the Historisches Seminar - Abteilung Alte Geschichte of Ludwig-Maximilians-Universität München. The annotated edition is released under the Creative Commons Attribution Share-Alike license 3.0.",
			"cite_as": "Please cite this page as http://oracc.org/atae/P224658/.",
			"collection": "National Museum of Iraq, Baghdad, Iraq",
			"composite_witness": "witness",
			"credits": "Adapted from J.V. Kinnier Wilson, The Nimrud Wine Lists (Cuneiform Texts from Nimrud 1), 1972, by Poppy Tushingham (2018–2020) and lemmatized and translated into English by Mikko Luukko (2021) for the Munich Open-access Cuneiform Corpus Initiative (MOCCI), which is funded by LMU Munich and the Alexander von Humboldt Foundation at the Historisches Seminar - Abteilung Alte Geschichte of Ludwig-Maximilians-Universität München. The annotated edition is released under the Creative Commons Attribution Share-Alike license 3.0. Please cite this page as http://oracc.org/atae/P224658/.",
			"date_of_origin": "00.000.00.00",
			"designation": "CTN 1 pl. 51-52, ND 10005",
			"dialect": "Neo-Assyrian",
			"findspot_square": "NE 50",
			"genre": "Administrative Record",
			"has_date": "yes, but date completely destroyed",
			"language": "Akkadian",
			"last_mod_by": "ARMEP",
			"last_modified": "27.01.2022",
			"list_name": "atae/ctn1:P224658",
			"material": "clay",
			"object_type": "tablet",
			"period": "Neo-Assyrian",
			"pleiades_id": "894019",
			"ruler": "Adad-nārārī III or Shalmaneser IV",
			"script": "Neo-Assyrian",
			"script_remarks": "inscribed",
			"script_type": "Cuneiform",
			"ch_no": "01",
			"ch_name": "The Wine Lists",
			"ch_num_name": "01 (The Wine Lists)"
		},
		"geometry": {
			"type": "Point",
			"coordinates": [43.3275,36.099167]
		}
	}, {
		"type": "Feature",
		"properties": {
			"project": "ctn1",
			"id_text": "P224661",
			"primary_publication": "CTN 1 pl. 52, ND 10018/1",
			"museum_no": "IM 064221a",
			"provenience": "Nimrud (Kalhu)",
			"excavation_no": "ND 10018/1",
			"archive": "001 -  Fort Shalmaneser, NE 47-50",
			"date": "(791–778)",
			"atae_attribution": "Adapted from J.V. Kinnier Wilson, The Nimrud Wine Lists (Cuneiform Texts from Nimrud 1), 1972, by Poppy Tushingham (2018–2020) and lemmatized and translated into English by Mikko Luukko (2021) for the Munich Open-access Cuneiform Corpus Initiative (MOCCI), which is funded by LMU Munich and the Alexander von Humboldt Foundation at the Historisches Seminar - Abteilung Alte Geschichte of Ludwig-Maximilians-Universität München. The annotated edition is released under the Creative Commons Attribution Share-Alike license 3.0.",
			"cite_as": "Please cite this page as http://oracc.org/atae/P224661/.",
			"collection": "National Museum of Iraq, Baghdad, Iraq",
			"composite_witness": "witness",
			"credits": "Adapted from J.V. Kinnier Wilson, The Nimrud Wine Lists (Cuneiform Texts from Nimrud 1), 1972, by Poppy Tushingham (2018–2020) and lemmatized and translated into English by Mikko Luukko (2021) for the Munich Open-access Cuneiform Corpus Initiative (MOCCI), which is funded by LMU Munich and the Alexander von Humboldt Foundation at the Historisches Seminar - Abteilung Alte Geschichte of Ludwig-Maximilians-Universität München. The annotated edition is released under the Creative Commons Attribution Share-Alike license 3.0. Please cite this page as http://oracc.org/atae/P224661/.",
			"date_of_origin": "00.000.00.00",
			"designation": "CTN 1 pl. 52, ND 10018/1",
			"dialect": "Neo-Assyrian",
			"findspot_square": "NE 50",
			"genre": "Administrative Record",
			"has_date": "yes, but date completely destroyed",
			"language": "Akkadian",
			"last_mod_by": "ARMEP",
			"last_modified": "27.01.2022",
			"list_name": "atae/ctn1:P224661",
			"material": "clay",
			"object_type": "tablet",
			"period": "Neo-Assyrian",
			"pleiades_id": "894019",
			"ruler": "Adad-nārārī III or Shalmaneser IV",
			"script": "Neo-Assyrian",
			"script_remarks": "inscribed",
			"script_type": "Cuneiform",
			"ch_no": "01",
			"ch_name": "The Wine Lists",
			"ch_num_name": "01 (The Wine Lists)"
		},
		"geometry": {
			"type": "Point",
			"coordinates": [43.3275,36.099167]
		}
	}, {
		"type": "Feature",
		"properties": {
			"project": "ctn1",
			"id_text": "P370844",
			"primary_publication": "CTN 1 pl. 52, ND 10018/2",
			"museum_no": "IM 164221b",
			"provenience": "Nimrud (Kalhu)",
			"excavation_no": "ND 10018/2",
			"archive": "001 -  Fort Shalmaneser, NE 47-50",
			"date": "(791–778)",
			"atae_attribution": "Adapted from J.V. Kinnier Wilson, The Nimrud Wine Lists (Cuneiform Texts from Nimrud 1), 1972, by Poppy Tushingham (2018–2020) and lemmatized and translated into English by Mikko Luukko (2021) for the Munich Open-access Cuneiform Corpus Initiative (MOCCI), which is funded by LMU Munich and the Alexander von Humboldt Foundation at the Historisches Seminar - Abteilung Alte Geschichte of Ludwig-Maximilians-Universität München. The annotated edition is released under the Creative Commons Attribution Share-Alike license 3.0.",
			"cite_as": "Please cite this page as http://oracc.org/atae/P370844/.",
			"collection": "National Museum of Iraq, Baghdad, Iraq",
			"composite_witness": "witness",
			"credits": "Adapted from J.V. Kinnier Wilson, The Nimrud Wine Lists (Cuneiform Texts from Nimrud 1), 1972, by Poppy Tushingham (2018–2020) and lemmatized and translated into English by Mikko Luukko (2021) for the Munich Open-access Cuneiform Corpus Initiative (MOCCI), which is funded by LMU Munich and the Alexander von Humboldt Foundation at the Historisches Seminar - Abteilung Alte Geschichte of Ludwig-Maximilians-Universität München. The annotated edition is released under the Creative Commons Attribution Share-Alike license 3.0. Please cite this page as http://oracc.org/atae/P370844/.",
			"date_of_origin": "00.000.00.00",
			"designation": "CTN 1 pl. 52, ND 10018/2",
			"dialect": "Neo-Assyrian",
			"findspot_square": "NE 50",
			"genre": "Administrative Record",
			"has_date": "yes, but date completely destroyed",
			"language": "Akkadian",
			"last_mod_by": "ARMEP",
			"last_modified": "27.01.2022",
			"list_name": "atae/ctn1:P370844",
			"material": "clay",
			"object_type": "tablet",
			"period": "Neo-Assyrian",
			"pleiades_id": "894019",
			"ruler": "Adad-nārārī III or Shalmaneser IV",
			"script": "Neo-Assyrian",
			"script_remarks": "inscribed",
			"script_type": "Cuneiform",
			"ch_no": "01",
			"ch_name": "The Wine Lists",
			"ch_num_name": "01 (The Wine Lists)"
		},
		"geometry": {
			"type": "Point",
			"coordinates": [43.3275,36.099167]
		}
	}, {
		"type": "Feature",
		"properties": {
			"project": "ctn1",
			"id_text": "P370876",
			"primary_publication": "CTN 1 pl. 53, ND 10001",
			"museum_no": "BM —",
			"provenience": "Nimrud (Kalhu)",
			"excavation_no": "ND 10001",
			"archive": "001 -  Fort Shalmaneser, NE 47-50",
			"date": "(791–778)",
			"atae_attribution": "Adapted from J.V. Kinnier Wilson, The Nimrud Wine Lists (Cuneiform Texts from Nimrud 1), 1972, by Poppy Tushingham (2018–2020) and lemmatized and translated into English by Mikko Luukko (2021) for the Munich Open-access Cuneiform Corpus Initiative (MOCCI), which is funded by LMU Munich and the Alexander von Humboldt Foundation at the Historisches Seminar - Abteilung Alte Geschichte of Ludwig-Maximilians-Universität München. The annotated edition is released under the Creative Commons Attribution Share-Alike license 3.0.",
			"cite_as": "Please cite this page as http://oracc.org/atae/P370876/.",
			"collection": "British Museum, London, UK",
			"composite_witness": "witness",
			"credits": "Adapted from J.V. Kinnier Wilson, The Nimrud Wine Lists (Cuneiform Texts from Nimrud 1), 1972, by Poppy Tushingham (2018–2020) and lemmatized and translated into English by Mikko Luukko (2021) for the Munich Open-access Cuneiform Corpus Initiative (MOCCI), which is funded by LMU Munich and the Alexander von Humboldt Foundation at the Historisches Seminar - Abteilung Alte Geschichte of Ludwig-Maximilians-Universität München. The annotated edition is released under the Creative Commons Attribution Share-Alike license 3.0. Please cite this page as http://oracc.org/atae/P370876/.",
			"date_of_origin": "00.000.00.00",
			"designation": "CTN 1 pl. 53, ND 10001",
			"dialect": "Neo-Assyrian",
			"findspot_square": "NE 50",
			"genre": "Administrative Record",
			"has_date": "yes, but date completely destroyed",
			"language": "Akkadian",
			"last_mod_by": "ARMEP",
			"last_modified": "27.01.2022",
			"list_name": "atae/ctn1:P370876",
			"material": "clay",
			"object_type": "tablet",
			"period": "Neo-Assyrian",
			"pleiades_id": "894019",
			"ruler": "Adad-nārārī III or Shalmaneser IV",
			"script": "Neo-Assyrian",
			"script_remarks": "inscribed",
			"script_type": "Cuneiform",
			"ch_no": "01",
			"ch_name": "The Wine Lists",
			"ch_num_name": "01 (The Wine Lists)"
		},
		"geometry": {
			"type": "Point",
			"coordinates": [43.3275,36.099167]
		}
	}, {
		"type": "Feature",
		"properties": {
			"project": "ctn1",
			"id_text": "P370877",
			"primary_publication": "CTN 1 pl. 54, ND 10076",
			"museum_no": "BM —",
			"provenience": "Nimrud (Kalhu)",
			"excavation_no": "ND 10076",
			"archive": "001 -  Fort Shalmaneser, NE 47-50",
			"date": "(791–778)",
			"atae_attribution": "Adapted from J.V. Kinnier Wilson, The Nimrud Wine Lists (Cuneiform Texts from Nimrud 1), 1972, by Poppy Tushingham (2018–2020) and lemmatized and translated into English by Mikko Luukko (2021) for the Munich Open-access Cuneiform Corpus Initiative (MOCCI), which is funded by LMU Munich and the Alexander von Humboldt Foundation at the Historisches Seminar - Abteilung Alte Geschichte of Ludwig-Maximilians-Universität München. The annotated edition is released under the Creative Commons Attribution Share-Alike license 3.0.",
			"cite_as": "Please cite this page as http://oracc.org/atae/P370877/.",
			"collection": "British Museum, London, UK",
			"composite_witness": "witness",
			"credits": "Adapted from J.V. Kinnier Wilson, The Nimrud Wine Lists (Cuneiform Texts from Nimrud 1), 1972, by Poppy Tushingham (2018–2020) and lemmatized and translated into English by Mikko Luukko (2021) for the Munich Open-access Cuneiform Corpus Initiative (MOCCI), which is funded by LMU Munich and the Alexander von Humboldt Foundation at the Historisches Seminar - Abteilung Alte Geschichte of Ludwig-Maximilians-Universität München. The annotated edition is released under the Creative Commons Attribution Share-Alike license 3.0. Please cite this page as http://oracc.org/atae/P370877/.",
			"date_of_origin": "00.000.00.00",
			"designation": "CTN 1 pl. 54, ND 10076",
			"dialect": "Neo-Assyrian",
			"findspot_square": "NE 50",
			"genre": "Administrative Record",
			"has_date": "yes, but date completely destroyed",
			"language": "Akkadian",
			"last_mod_by": "ARMEP",
			"last_modified": "27.01.2022",
			"list_name": "atae/ctn1:P370877",
			"material": "clay",
			"object_type": "tablet",
			"period": "Neo-Assyrian",
			"pleiades_id": "894019",
			"ruler": "Adad-nārārī III or Shalmaneser IV",
			"script": "Neo-Assyrian",
			"script_remarks": "inscribed",
			"script_type": "Cuneiform",
			"ch_no": "01",
			"ch_name": "The Wine Lists",
			"ch_num_name": "01 (The Wine Lists)"
		},
		"geometry": {
			"type": "Point",
			"coordinates": [43.3275,36.099167]
		}
	}]
}
