{
	"type": "FeatureCollection",
	"features": [{
		"type": "Feature",
		"properties": {
			"project": "wvdog152",
			"id_text": "X152001",
			"primary_publication": "WVDOG 152 V 1 000",
			"museum_no": "VAT 08650",
			"provenience": "Qalat Sherqat (Assur)",
			"archive": "052a - Duri-Aššur Archive",
			"atae_attribution": "Based on Karen Radner, Die beiden neuassyrischen Privatarchive, in Peter A. Miglus, Karen Radner and Franciszek M. Stępniowski (eds.), Ausgrabungen in Assur: Wohnquartiere in der Weststadt Teil 1 (Wissenschaftliche Veröffentlichungen der Deutschen Orient-Gesellschaft 152), 2016. Adapted by Poppy Tushingham (2018-2020) for the Munich Open-access Cuneiform Corpus Initiative (MOCCI), which is funded by LMU Munich and the Alexander von Humboldt Foundation at the Historisches Seminar - Abteilung Alte Geschichte of Ludwig-Maximilians-Universität München. The annotated edition is released under the Creative Commons Attribution Share-Alike license 3.0.",
			"cite_as": "Please cite this page as http://oracc.org/atae/X152001/.",
			"collection": "Vorderasiatisches Museum, Berlin, Germany",
			"composite_witness": "witness",
			"credits": "Based on Karen Radner, Die beiden neuassyrischen Privatarchive, in Peter A. Miglus, Karen Radner and Franciszek M. Stępniowski (eds.), Ausgrabungen in Assur: Wohnquartiere in der Weststadt Teil 1 (Wissenschaftliche Veröffentlichungen der Deutschen Orient-Gesellschaft 152), 2016. Adapted by Poppy Tushingham (2018-2020) for the Munich Open-access Cuneiform Corpus Initiative (MOCCI), which is funded by LMU Munich and the Alexander von Humboldt Foundation at the Historisches Seminar - Abteilung Alte Geschichte of Ludwig-Maximilians-Universität München. The annotated edition is released under the Creative Commons Attribution Share-Alike license 3.0. Please cite this page as http://oracc.org/atae/X152001/.",
			"date_of_origin": "00.000.00.00",
			"designation": "WVDOG 152 V 1 000",
			"dialect": "Neo-Assyrian",
			"external_id": "X152001",
			"findspot_square": "Duri-Ashur",
			"genre": "Administrative Letter",
			"language": "Akkadian",
			"last_mod_by": "Tushingham",
			"last_modified": "02.11.2021",
			"list_name": "atae/wvdog152:X152001",
			"material": "clay",
			"object_type": "tablet",
			"period": "Neo-Assyrian",
			"pleiades_id": "893945",
			"script": "Neo-Assyrian",
			"script_remarks": "inscribed",
			"script_type": "Cuneiform",
			"temp_id": "X152001",
			"ch_no": "01",
			"ch_name": "Assur 52a: Das Archiv des Dūrī-Aššur",
			"ch_num_name": "01 (Assur 52a: Das Archiv des Dūrī-Aššur)"
		},
		"geometry": {
			"type": "Point",
			"coordinates": [43.262037,35.458121]
		}
	}, {
		"type": "Feature",
		"properties": {
			"project": "wvdog152",
			"id_text": "P514134",
			"primary_publication": "WVDOG 152 V 1 001",
			"museum_no": "IM 124714",
			"provenience": "Qalat Sherqat (Assur)",
			"excavation_no": "Ass 1990-100",
			"archive": "052a - Duri-Aššur Archive",
			"atae_attribution": "Based on Karen Radner, Die beiden neuassyrischen Privatarchive, in Peter A. Miglus, Karen Radner and Franciszek M. Stępniowski (eds.), Ausgrabungen in Assur: Wohnquartiere in der Weststadt Teil 1 (Wissenschaftliche Veröffentlichungen der Deutschen Orient-Gesellschaft 152), 2016. Adapted by Poppy Tushingham (2018-2020) for the Munich Open-access Cuneiform Corpus Initiative (MOCCI), which is funded by LMU Munich and the Alexander von Humboldt Foundation at the Historisches Seminar - Abteilung Alte Geschichte of Ludwig-Maximilians-Universität München. The annotated edition is released under the Creative Commons Attribution Share-Alike license 3.0.",
			"cite_as": "Please cite this page as http://oracc.org/atae/P514134/.",
			"collection": "National Museum of Iraq, Baghdad, Iraq",
			"composite_witness": "witness",
			"credits": "Based on Karen Radner, Die beiden neuassyrischen Privatarchive, in Peter A. Miglus, Karen Radner and Franciszek M. Stępniowski (eds.), Ausgrabungen in Assur: Wohnquartiere in der Weststadt Teil 1 (Wissenschaftliche Veröffentlichungen der Deutschen Orient-Gesellschaft 152), 2016. Adapted by Poppy Tushingham (2018-2020) for the Munich Open-access Cuneiform Corpus Initiative (MOCCI), which is funded by LMU Munich and the Alexander von Humboldt Foundation at the Historisches Seminar - Abteilung Alte Geschichte of Ludwig-Maximilians-Universität München. The annotated edition is released under the Creative Commons Attribution Share-Alike license 3.0. Please cite this page as http://oracc.org/atae/P514134/.",
			"date_of_origin": "00.000.00.00",
			"designation": "WVDOG 152 V 1 001",
			"dialect": "Neo-Assyrian",
			"findspot_square": "Duri-Ashur",
			"genre": "Administrative Letter",
			"language": "Akkadian",
			"last_mod_by": "Tushingham",
			"last_modified": "02.11.2021",
			"list_name": "atae/wvdog152:P514134",
			"material": "clay",
			"object_type": "tablet",
			"period": "Neo-Assyrian",
			"pleiades_id": "893945",
			"script": "Neo-Assyrian",
			"script_remarks": "inscribed",
			"script_type": "Cuneiform",
			"ch_no": "01",
			"ch_name": "Assur 52a: Das Archiv des Dūrī-Aššur",
			"ch_num_name": "01 (Assur 52a: Das Archiv des Dūrī-Aššur)"
		},
		"geometry": {
			"type": "Point",
			"coordinates": [43.262037,35.458121]
		}
	}, {
		"type": "Feature",
		"properties": {
			"project": "wvdog152",
			"id_text": "P514135",
			"primary_publication": "WVDOG 152 V 1 002",
			"museum_no": "IM 124717",
			"provenience": "Qalat Sherqat (Assur)",
			"excavation_no": "Ass 1990-103",
			"archive": "052a - Duri-Aššur Archive",
			"atae_attribution": "Based on Karen Radner, Die beiden neuassyrischen Privatarchive, in Peter A. Miglus, Karen Radner and Franciszek M. Stępniowski (eds.), Ausgrabungen in Assur: Wohnquartiere in der Weststadt Teil 1 (Wissenschaftliche Veröffentlichungen der Deutschen Orient-Gesellschaft 152), 2016. Adapted by Poppy Tushingham (2018-2020) for the Munich Open-access Cuneiform Corpus Initiative (MOCCI), which is funded by LMU Munich and the Alexander von Humboldt Foundation at the Historisches Seminar - Abteilung Alte Geschichte of Ludwig-Maximilians-Universität München. The annotated edition is released under the Creative Commons Attribution Share-Alike license 3.0.",
			"cite_as": "Please cite this page as http://oracc.org/atae/P514135/.",
			"collection": "National Museum of Iraq, Baghdad, Iraq",
			"composite_witness": "witness",
			"credits": "Based on Karen Radner, Die beiden neuassyrischen Privatarchive, in Peter A. Miglus, Karen Radner and Franciszek M. Stępniowski (eds.), Ausgrabungen in Assur: Wohnquartiere in der Weststadt Teil 1 (Wissenschaftliche Veröffentlichungen der Deutschen Orient-Gesellschaft 152), 2016. Adapted by Poppy Tushingham (2018-2020) for the Munich Open-access Cuneiform Corpus Initiative (MOCCI), which is funded by LMU Munich and the Alexander von Humboldt Foundation at the Historisches Seminar - Abteilung Alte Geschichte of Ludwig-Maximilians-Universität München. The annotated edition is released under the Creative Commons Attribution Share-Alike license 3.0. Please cite this page as http://oracc.org/atae/P514135/.",
			"date_of_origin": "00.000.00.00",
			"designation": "WVDOG 152 V 1 002",
			"dialect": "Neo-Assyrian",
			"findspot_square": "Duri-Ashur",
			"genre": "Administrative Letter",
			"language": "Akkadian",
			"last_mod_by": "Tushingham",
			"last_modified": "02.11.2021",
			"list_name": "atae/wvdog152:P514135",
			"material": "clay",
			"object_type": "tablet",
			"period": "Neo-Assyrian",
			"pleiades_id": "893945",
			"script": "Neo-Assyrian",
			"script_remarks": "inscribed",
			"script_type": "Cuneiform",
			"ch_no": "01",
			"ch_name": "Assur 52a: Das Archiv des Dūrī-Aššur",
			"ch_num_name": "01 (Assur 52a: Das Archiv des Dūrī-Aššur)"
		},
		"geometry": {
			"type": "Point",
			"coordinates": [43.262037,35.458121]
		}
	}, {
		"type": "Feature",
		"properties": {
			"project": "wvdog152",
			"id_text": "P514136",
			"primary_publication": "WVDOG 152 V 1 003",
			"museum_no": "IM 124709",
			"provenience": "Qalat Sherqat (Assur)",
			"excavation_no": "Ass 1990-67",
			"archive": "052a - Duri-Aššur Archive",
			"atae_attribution": "Based on Karen Radner, Die beiden neuassyrischen Privatarchive, in Peter A. Miglus, Karen Radner and Franciszek M. Stępniowski (eds.), Ausgrabungen in Assur: Wohnquartiere in der Weststadt Teil 1 (Wissenschaftliche Veröffentlichungen der Deutschen Orient-Gesellschaft 152), 2016. Adapted by Poppy Tushingham (2018-2020) for the Munich Open-access Cuneiform Corpus Initiative (MOCCI), which is funded by LMU Munich and the Alexander von Humboldt Foundation at the Historisches Seminar - Abteilung Alte Geschichte of Ludwig-Maximilians-Universität München. The annotated edition is released under the Creative Commons Attribution Share-Alike license 3.0.",
			"cite_as": "Please cite this page as http://oracc.org/atae/P514136/.",
			"collection": "National Museum of Iraq, Baghdad, Iraq",
			"composite_witness": "witness",
			"credits": "Based on Karen Radner, Die beiden neuassyrischen Privatarchive, in Peter A. Miglus, Karen Radner and Franciszek M. Stępniowski (eds.), Ausgrabungen in Assur: Wohnquartiere in der Weststadt Teil 1 (Wissenschaftliche Veröffentlichungen der Deutschen Orient-Gesellschaft 152), 2016. Adapted by Poppy Tushingham (2018-2020) for the Munich Open-access Cuneiform Corpus Initiative (MOCCI), which is funded by LMU Munich and the Alexander von Humboldt Foundation at the Historisches Seminar - Abteilung Alte Geschichte of Ludwig-Maximilians-Universität München. The annotated edition is released under the Creative Commons Attribution Share-Alike license 3.0. Please cite this page as http://oracc.org/atae/P514136/.",
			"date_of_origin": "00.000.00.00",
			"designation": "WVDOG 152 V 1 003",
			"dialect": "Neo-Assyrian",
			"findspot_square": "Duri-Ashur",
			"genre": "Administrative Letter",
			"language": "Akkadian",
			"last_mod_by": "Tushingham",
			"last_modified": "02.11.2021",
			"list_name": "atae/wvdog152:P514136",
			"material": "clay",
			"object_type": "tablet",
			"period": "Neo-Assyrian",
			"pleiades_id": "893945",
			"script": "Neo-Assyrian",
			"script_remarks": "inscribed",
			"script_type": "Cuneiform",
			"ch_no": "01",
			"ch_name": "Assur 52a: Das Archiv des Dūrī-Aššur",
			"ch_num_name": "01 (Assur 52a: Das Archiv des Dūrī-Aššur)"
		},
		"geometry": {
			"type": "Point",
			"coordinates": [43.262037,35.458121]
		}
	}, {
		"type": "Feature",
		"properties": {
			"project": "wvdog152",
			"id_text": "P514137",
			"primary_publication": "WVDOG 152 V 1 004",
			"museum_no": "IM 124703",
			"provenience": "Qalat Sherqat (Assur)",
			"excavation_no": "Ass 1990-51",
			"archive": "052a - Duri-Aššur Archive",
			"atae_attribution": "Based on Karen Radner, Die beiden neuassyrischen Privatarchive, in Peter A. Miglus, Karen Radner and Franciszek M. Stępniowski (eds.), Ausgrabungen in Assur: Wohnquartiere in der Weststadt Teil 1 (Wissenschaftliche Veröffentlichungen der Deutschen Orient-Gesellschaft 152), 2016. Adapted by Poppy Tushingham (2018-2020) for the Munich Open-access Cuneiform Corpus Initiative (MOCCI), which is funded by LMU Munich and the Alexander von Humboldt Foundation at the Historisches Seminar - Abteilung Alte Geschichte of Ludwig-Maximilians-Universität München. The annotated edition is released under the Creative Commons Attribution Share-Alike license 3.0.",
			"cite_as": "Please cite this page as http://oracc.org/atae/P514137/.",
			"collection": "National Museum of Iraq, Baghdad, Iraq",
			"composite_witness": "witness",
			"credits": "Based on Karen Radner, Die beiden neuassyrischen Privatarchive, in Peter A. Miglus, Karen Radner and Franciszek M. Stępniowski (eds.), Ausgrabungen in Assur: Wohnquartiere in der Weststadt Teil 1 (Wissenschaftliche Veröffentlichungen der Deutschen Orient-Gesellschaft 152), 2016. Adapted by Poppy Tushingham (2018-2020) for the Munich Open-access Cuneiform Corpus Initiative (MOCCI), which is funded by LMU Munich and the Alexander von Humboldt Foundation at the Historisches Seminar - Abteilung Alte Geschichte of Ludwig-Maximilians-Universität München. The annotated edition is released under the Creative Commons Attribution Share-Alike license 3.0. Please cite this page as http://oracc.org/atae/P514137/.",
			"date_of_origin": "00.000.00.00",
			"designation": "WVDOG 152 V 1 004",
			"dialect": "Neo-Assyrian",
			"findspot_square": "Duri-Ashur",
			"genre": "Administrative Letter",
			"language": "Akkadian",
			"last_mod_by": "Tushingham",
			"last_modified": "02.11.2021",
			"list_name": "atae/wvdog152:P514137",
			"material": "clay",
			"object_type": "tablet, envelope",
			"period": "Neo-Assyrian",
			"pleiades_id": "893945",
			"script": "Neo-Assyrian",
			"script_remarks": "inscribed",
			"script_type": "Cuneiform",
			"ch_no": "01",
			"ch_name": "Assur 52a: Das Archiv des Dūrī-Aššur",
			"ch_num_name": "01 (Assur 52a: Das Archiv des Dūrī-Aššur)"
		},
		"geometry": {
			"type": "Point",
			"coordinates": [43.262037,35.458121]
		}
	}, {
		"type": "Feature",
		"properties": {
			"project": "wvdog152",
			"id_text": "P514138",
			"primary_publication": "WVDOG 152 V 1 005",
			"museum_no": "IM 124705",
			"provenience": "Qalat Sherqat (Assur)",
			"excavation_no": "Ass 1990-63",
			"archive": "052a - Duri-Aššur Archive",
			"atae_attribution": "Based on Karen Radner, Die beiden neuassyrischen Privatarchive, in Peter A. Miglus, Karen Radner and Franciszek M. Stępniowski (eds.), Ausgrabungen in Assur: Wohnquartiere in der Weststadt Teil 1 (Wissenschaftliche Veröffentlichungen der Deutschen Orient-Gesellschaft 152), 2016. Adapted by Poppy Tushingham (2018-2020) for the Munich Open-access Cuneiform Corpus Initiative (MOCCI), which is funded by LMU Munich and the Alexander von Humboldt Foundation at the Historisches Seminar - Abteilung Alte Geschichte of Ludwig-Maximilians-Universität München. The annotated edition is released under the Creative Commons Attribution Share-Alike license 3.0.",
			"cite_as": "Please cite this page as http://oracc.org/atae/P514138/.",
			"collection": "National Museum of Iraq, Baghdad, Iraq",
			"composite_witness": "witness",
			"credits": "Based on Karen Radner, Die beiden neuassyrischen Privatarchive, in Peter A. Miglus, Karen Radner and Franciszek M. Stępniowski (eds.), Ausgrabungen in Assur: Wohnquartiere in der Weststadt Teil 1 (Wissenschaftliche Veröffentlichungen der Deutschen Orient-Gesellschaft 152), 2016. Adapted by Poppy Tushingham (2018-2020) for the Munich Open-access Cuneiform Corpus Initiative (MOCCI), which is funded by LMU Munich and the Alexander von Humboldt Foundation at the Historisches Seminar - Abteilung Alte Geschichte of Ludwig-Maximilians-Universität München. The annotated edition is released under the Creative Commons Attribution Share-Alike license 3.0. Please cite this page as http://oracc.org/atae/P514138/.",
			"date_of_origin": "00.000.00.00",
			"designation": "WVDOG 152 V 1 005",
			"dialect": "Neo-Assyrian",
			"findspot_square": "Duri-Ashur",
			"genre": "Administrative Letter",
			"language": "Akkadian",
			"last_mod_by": "Tushingham",
			"last_modified": "02.11.2021",
			"list_name": "atae/wvdog152:P514138",
			"material": "clay",
			"object_type": "tablet, envelope",
			"period": "Neo-Assyrian",
			"pleiades_id": "893945",
			"script": "Neo-Assyrian",
			"script_remarks": "inscribed",
			"script_type": "Cuneiform",
			"ch_no": "01",
			"ch_name": "Assur 52a: Das Archiv des Dūrī-Aššur",
			"ch_num_name": "01 (Assur 52a: Das Archiv des Dūrī-Aššur)"
		},
		"geometry": {
			"type": "Point",
			"coordinates": [43.262037,35.458121]
		}
	}, {
		"type": "Feature",
		"properties": {
			"project": "wvdog152",
			"id_text": "P514139",
			"primary_publication": "WVDOG 152 V 1 006",
			"museum_no": "IM 124686",
			"provenience": "Qalat Sherqat (Assur)",
			"excavation_no": "Ass 1990-23",
			"archive": "052a - Duri-Aššur Archive",
			"atae_attribution": "Based on Karen Radner, Die beiden neuassyrischen Privatarchive, in Peter A. Miglus, Karen Radner and Franciszek M. Stępniowski (eds.), Ausgrabungen in Assur: Wohnquartiere in der Weststadt Teil 1 (Wissenschaftliche Veröffentlichungen der Deutschen Orient-Gesellschaft 152), 2016. Adapted by Poppy Tushingham (2018-2020) for the Munich Open-access Cuneiform Corpus Initiative (MOCCI), which is funded by LMU Munich and the Alexander von Humboldt Foundation at the Historisches Seminar - Abteilung Alte Geschichte of Ludwig-Maximilians-Universität München. The annotated edition is released under the Creative Commons Attribution Share-Alike license 3.0.",
			"cite_as": "Please cite this page as http://oracc.org/atae/P514139/.",
			"collection": "National Museum of Iraq, Baghdad, Iraq",
			"composite_witness": "witness",
			"credits": "Based on Karen Radner, Die beiden neuassyrischen Privatarchive, in Peter A. Miglus, Karen Radner and Franciszek M. Stępniowski (eds.), Ausgrabungen in Assur: Wohnquartiere in der Weststadt Teil 1 (Wissenschaftliche Veröffentlichungen der Deutschen Orient-Gesellschaft 152), 2016. Adapted by Poppy Tushingham (2018-2020) for the Munich Open-access Cuneiform Corpus Initiative (MOCCI), which is funded by LMU Munich and the Alexander von Humboldt Foundation at the Historisches Seminar - Abteilung Alte Geschichte of Ludwig-Maximilians-Universität München. The annotated edition is released under the Creative Commons Attribution Share-Alike license 3.0. Please cite this page as http://oracc.org/atae/P514139/.",
			"date_of_origin": "00.000.00.00",
			"designation": "WVDOG 152 V 1 006",
			"dialect": "Neo-Assyrian",
			"findspot_square": "Duri-Ashur",
			"genre": "Administrative Letter",
			"language": "Akkadian",
			"last_mod_by": "Tushingham",
			"last_modified": "02.11.2021",
			"list_name": "atae/wvdog152:P514139",
			"material": "clay",
			"object_type": "tablet",
			"period": "Neo-Assyrian",
			"pleiades_id": "893945",
			"script": "Neo-Assyrian",
			"script_remarks": "inscribed",
			"script_type": "Cuneiform",
			"ch_no": "01",
			"ch_name": "Assur 52a: Das Archiv des Dūrī-Aššur",
			"ch_num_name": "01 (Assur 52a: Das Archiv des Dūrī-Aššur)"
		},
		"geometry": {
			"type": "Point",
			"coordinates": [43.262037,35.458121]
		}
	}, {
		"type": "Feature",
		"properties": {
			"project": "wvdog152",
			"id_text": "P514140",
			"primary_publication": "WVDOG 152 V 1 007",
			"museum_no": "IM —",
			"provenience": "Qalat Sherqat (Assur)",
			"excavation_no": "Ass 2001.D-377",
			"archive": "052a - Duri-Aššur Archive",
			"atae_attribution": "Based on Karen Radner, Die beiden neuassyrischen Privatarchive, in Peter A. Miglus, Karen Radner and Franciszek M. Stępniowski (eds.), Ausgrabungen in Assur: Wohnquartiere in der Weststadt Teil 1 (Wissenschaftliche Veröffentlichungen der Deutschen Orient-Gesellschaft 152), 2016. Adapted by Poppy Tushingham (2018-2020) for the Munich Open-access Cuneiform Corpus Initiative (MOCCI), which is funded by LMU Munich and the Alexander von Humboldt Foundation at the Historisches Seminar - Abteilung Alte Geschichte of Ludwig-Maximilians-Universität München. The annotated edition is released under the Creative Commons Attribution Share-Alike license 3.0.",
			"cite_as": "Please cite this page as http://oracc.org/atae/P514140/.",
			"collection": "National Museum of Iraq, Baghdad, Iraq",
			"composite_witness": "witness",
			"credits": "Based on Karen Radner, Die beiden neuassyrischen Privatarchive, in Peter A. Miglus, Karen Radner and Franciszek M. Stępniowski (eds.), Ausgrabungen in Assur: Wohnquartiere in der Weststadt Teil 1 (Wissenschaftliche Veröffentlichungen der Deutschen Orient-Gesellschaft 152), 2016. Adapted by Poppy Tushingham (2018-2020) for the Munich Open-access Cuneiform Corpus Initiative (MOCCI), which is funded by LMU Munich and the Alexander von Humboldt Foundation at the Historisches Seminar - Abteilung Alte Geschichte of Ludwig-Maximilians-Universität München. The annotated edition is released under the Creative Commons Attribution Share-Alike license 3.0. Please cite this page as http://oracc.org/atae/P514140/.",
			"date_of_origin": "00.000.00.00",
			"designation": "WVDOG 152 V 1 007",
			"dialect": "Neo-Assyrian",
			"findspot_square": "Duri-Ashur",
			"genre": "Administrative Letter",
			"language": "Akkadian",
			"last_mod_by": "Tushingham",
			"last_modified": "02.11.2021",
			"list_name": "atae/wvdog152:P514140",
			"material": "clay",
			"object_type": "tablet",
			"period": "Neo-Assyrian",
			"pleiades_id": "893945",
			"script": "Neo-Assyrian",
			"script_remarks": "inscribed",
			"script_type": "Cuneiform",
			"ch_no": "01",
			"ch_name": "Assur 52a: Das Archiv des Dūrī-Aššur",
			"ch_num_name": "01 (Assur 52a: Das Archiv des Dūrī-Aššur)"
		},
		"geometry": {
			"type": "Point",
			"coordinates": [43.262037,35.458121]
		}
	}, {
		"type": "Feature",
		"properties": {
			"project": "wvdog152",
			"id_text": "P514141",
			"primary_publication": "WVDOG 152 V 1 008",
			"museum_no": "IM 124710",
			"provenience": "Qalat Sherqat (Assur)",
			"excavation_no": "Ass 1990-068",
			"archive": "052a - Duri-Aššur Archive",
			"date": "675-02-14",
			"atae_attribution": "Based on Karen Radner, Die beiden neuassyrischen Privatarchive, in Peter A. Miglus, Karen Radner and Franciszek M. Stępniowski (eds.), Ausgrabungen in Assur: Wohnquartiere in der Weststadt Teil 1 (Wissenschaftliche Veröffentlichungen der Deutschen Orient-Gesellschaft 152), 2016. Adapted by Poppy Tushingham (2018-2020) for the Munich Open-access Cuneiform Corpus Initiative (MOCCI), which is funded by LMU Munich and the Alexander von Humboldt Foundation at the Historisches Seminar - Abteilung Alte Geschichte of Ludwig-Maximilians-Universität München. The annotated edition is released under the Creative Commons Attribution Share-Alike license 3.0.",
			"cite_as": "Please cite this page as http://oracc.org/atae/P514141/.",
			"collection": "National Museum of Iraq, Baghdad, Iraq",
			"composite_witness": "witness",
			"credits": "Based on Karen Radner, Die beiden neuassyrischen Privatarchive, in Peter A. Miglus, Karen Radner and Franciszek M. Stępniowski (eds.), Ausgrabungen in Assur: Wohnquartiere in der Weststadt Teil 1 (Wissenschaftliche Veröffentlichungen der Deutschen Orient-Gesellschaft 152), 2016. Adapted by Poppy Tushingham (2018-2020) for the Munich Open-access Cuneiform Corpus Initiative (MOCCI), which is funded by LMU Munich and the Alexander von Humboldt Foundation at the Historisches Seminar - Abteilung Alte Geschichte of Ludwig-Maximilians-Universität München. The annotated edition is released under the Creative Commons Attribution Share-Alike license 3.0. Please cite this page as http://oracc.org/atae/P514141/.",
			"date_gen": "675-II-14",
			"date_of_origin": "Esarhaddon.limu Nabu-ahhe-iddina.02.14",
			"day": "14",
			"designation": "WVDOG 152 V 1 008",
			"dialect": "Neo-Assyrian",
			"eponym": "Nabû-ahhē-iddina",
			"findspot_square": "Duri-Ashur",
			"genre": "Legal Transaction",
			"language": "Akkadian",
			"last_mod_by": "Tushingham",
			"last_modified": "02.11.2021",
			"list_name": "atae/wvdog152:P514141",
			"long_date_gen": "Ayyāru 14th, eponymy of Nabû-ahhē-iddina",
			"material": "clay",
			"month": "II",
			"object_type": "tablet",
			"period": "Neo-Assyrian",
			"pleiades_id": "893945",
			"regnal_dates": "680–669 BC",
			"ruler": "Esarhaddon",
			"script": "Neo-Assyrian",
			"script_remarks": "inscribed",
			"script_type": "Cuneiform",
			"subgenre": "sales document (house)",
			"year": "675",
			"ch_no": "01",
			"ch_name": "Assur 52a: Das Archiv des Dūrī-Aššur",
			"ch_num_name": "01 (Assur 52a: Das Archiv des Dūrī-Aššur)"
		},
		"geometry": {
			"type": "Point",
			"coordinates": [43.262037,35.458121]
		}
	}, {
		"type": "Feature",
		"properties": {
			"project": "wvdog152",
			"id_text": "P514142",
			"primary_publication": "WVDOG 152 V 1 009",
			"museum_no": "IM 124721",
			"provenience": "Qalat Sherqat (Assur)",
			"excavation_no": "Ass 1990-107",
			"archive": "052a - Duri-Aššur Archive",
			"date": "654-02-11",
			"atae_attribution": "Based on Karen Radner, Die beiden neuassyrischen Privatarchive, in Peter A. Miglus, Karen Radner and Franciszek M. Stępniowski (eds.), Ausgrabungen in Assur: Wohnquartiere in der Weststadt Teil 1 (Wissenschaftliche Veröffentlichungen der Deutschen Orient-Gesellschaft 152), 2016. Adapted by Poppy Tushingham (2018-2020) for the Munich Open-access Cuneiform Corpus Initiative (MOCCI), which is funded by LMU Munich and the Alexander von Humboldt Foundation at the Historisches Seminar - Abteilung Alte Geschichte of Ludwig-Maximilians-Universität München. The annotated edition is released under the Creative Commons Attribution Share-Alike license 3.0.",
			"cite_as": "Please cite this page as http://oracc.org/atae/P514142/.",
			"collection": "National Museum of Iraq, Baghdad, Iraq",
			"composite_witness": "witness",
			"credits": "Based on Karen Radner, Die beiden neuassyrischen Privatarchive, in Peter A. Miglus, Karen Radner and Franciszek M. Stępniowski (eds.), Ausgrabungen in Assur: Wohnquartiere in der Weststadt Teil 1 (Wissenschaftliche Veröffentlichungen der Deutschen Orient-Gesellschaft 152), 2016. Adapted by Poppy Tushingham (2018-2020) for the Munich Open-access Cuneiform Corpus Initiative (MOCCI), which is funded by LMU Munich and the Alexander von Humboldt Foundation at the Historisches Seminar - Abteilung Alte Geschichte of Ludwig-Maximilians-Universität München. The annotated edition is released under the Creative Commons Attribution Share-Alike license 3.0. Please cite this page as http://oracc.org/atae/P514142/.",
			"date_gen": "654-II-11",
			"date_of_origin": "Assurbanipal.limu Assur-nasir.02.11",
			"day": "11",
			"designation": "WVDOG 152 V 1 009",
			"dialect": "Neo-Assyrian",
			"eponym": "Aššur-nāṣir",
			"findspot_square": "Duri-Ashur",
			"genre": "Legal Transaction",
			"language": "Akkadian",
			"last_mod_by": "Tushingham",
			"last_modified": "02.11.2021",
			"list_name": "atae/wvdog152:P514142",
			"long_date_gen": "Ayyāru 11th, eponymy of Aššur-nāṣir",
			"material": "clay",
			"month": "II",
			"object_type": "tablet",
			"period": "Neo-Assyrian",
			"pleiades_id": "893945",
			"regnal_dates": "668–ca. 631 BC",
			"ruler": "Ashurbanipal",
			"script": "Neo-Assyrian",
			"script_remarks": "inscribed",
			"script_type": "Cuneiform",
			"subgenre": "inheritance document",
			"year": "654",
			"ch_no": "01",
			"ch_name": "Assur 52a: Das Archiv des Dūrī-Aššur",
			"ch_num_name": "01 (Assur 52a: Das Archiv des Dūrī-Aššur)"
		},
		"geometry": {
			"type": "Point",
			"coordinates": [43.262037,35.458121]
		}
	}, {
		"type": "Feature",
		"properties": {
			"project": "wvdog152",
			"id_text": "P514143",
			"primary_publication": "WVDOG 152 V 1 010",
			"museum_no": "IM 124712",
			"provenience": "Qalat Sherqat (Assur)",
			"excavation_no": "Ass 1990-070",
			"archive": "052a - Duri-Aššur Archive",
			"date": "651-09-05",
			"atae_attribution": "Based on Karen Radner, Die beiden neuassyrischen Privatarchive, in Peter A. Miglus, Karen Radner and Franciszek M. Stępniowski (eds.), Ausgrabungen in Assur: Wohnquartiere in der Weststadt Teil 1 (Wissenschaftliche Veröffentlichungen der Deutschen Orient-Gesellschaft 152), 2016. Adapted by Poppy Tushingham (2018-2020) for the Munich Open-access Cuneiform Corpus Initiative (MOCCI), which is funded by LMU Munich and the Alexander von Humboldt Foundation at the Historisches Seminar - Abteilung Alte Geschichte of Ludwig-Maximilians-Universität München. The annotated edition is released under the Creative Commons Attribution Share-Alike license 3.0.",
			"cite_as": "Please cite this page as http://oracc.org/atae/P514143/.",
			"collection": "National Museum of Iraq, Baghdad, Iraq",
			"composite_witness": "witness",
			"credits": "Based on Karen Radner, Die beiden neuassyrischen Privatarchive, in Peter A. Miglus, Karen Radner and Franciszek M. Stępniowski (eds.), Ausgrabungen in Assur: Wohnquartiere in der Weststadt Teil 1 (Wissenschaftliche Veröffentlichungen der Deutschen Orient-Gesellschaft 152), 2016. Adapted by Poppy Tushingham (2018-2020) for the Munich Open-access Cuneiform Corpus Initiative (MOCCI), which is funded by LMU Munich and the Alexander von Humboldt Foundation at the Historisches Seminar - Abteilung Alte Geschichte of Ludwig-Maximilians-Universität München. The annotated edition is released under the Creative Commons Attribution Share-Alike license 3.0. Please cite this page as http://oracc.org/atae/P514143/.",
			"date_gen": "651-IX-05",
			"date_of_origin": "Assurbanipal.limu Sagabbu.09.05",
			"day": "05",
			"designation": "WVDOG 152 V 1 010",
			"dialect": "Neo-Assyrian",
			"eponym": "Sagabbu",
			"findspot_square": "Duri-Ashur",
			"genre": "Legal Transaction",
			"language": "Akkadian",
			"last_mod_by": "Tushingham",
			"last_modified": "02.11.2021",
			"list_name": "atae/wvdog152:P514143",
			"long_date_gen": "Kislīmu 5th, eponymy of Sagabbu",
			"material": "clay",
			"month": "IX",
			"object_type": "tablet, envelope",
			"period": "Neo-Assyrian",
			"pleiades_id": "893945",
			"regnal_dates": "668–ca. 631 BC",
			"ruler": "Ashurbanipal",
			"script": "Neo-Assyrian",
			"script_remarks": "inscribed",
			"script_type": "Cuneiform",
			"subgenre": "debt note (grain)",
			"year": "651",
			"ch_no": "01",
			"ch_name": "Assur 52a: Das Archiv des Dūrī-Aššur",
			"ch_num_name": "01 (Assur 52a: Das Archiv des Dūrī-Aššur)"
		},
		"geometry": {
			"type": "Point",
			"coordinates": [43.262037,35.458121]
		}
	}, {
		"type": "Feature",
		"properties": {
			"project": "wvdog152",
			"id_text": "P514144",
			"primary_publication": "WVDOG 152 V 1 011",
			"museum_no": "IM —",
			"provenience": "Qalat Sherqat (Assur)",
			"excavation_no": "Ass 2001.D-378",
			"archive": "052a - Duri-Aššur Archive",
			"date": "651-11-06",
			"atae_attribution": "Based on Karen Radner, Die beiden neuassyrischen Privatarchive, in Peter A. Miglus, Karen Radner and Franciszek M. Stępniowski (eds.), Ausgrabungen in Assur: Wohnquartiere in der Weststadt Teil 1 (Wissenschaftliche Veröffentlichungen der Deutschen Orient-Gesellschaft 152), 2016. Adapted by Poppy Tushingham (2018-2020) for the Munich Open-access Cuneiform Corpus Initiative (MOCCI), which is funded by LMU Munich and the Alexander von Humboldt Foundation at the Historisches Seminar - Abteilung Alte Geschichte of Ludwig-Maximilians-Universität München. The annotated edition is released under the Creative Commons Attribution Share-Alike license 3.0.",
			"cite_as": "Please cite this page as http://oracc.org/atae/P514144/.",
			"collection": "National Museum of Iraq, Baghdad, Iraq",
			"composite_witness": "witness",
			"credits": "Based on Karen Radner, Die beiden neuassyrischen Privatarchive, in Peter A. Miglus, Karen Radner and Franciszek M. Stępniowski (eds.), Ausgrabungen in Assur: Wohnquartiere in der Weststadt Teil 1 (Wissenschaftliche Veröffentlichungen der Deutschen Orient-Gesellschaft 152), 2016. Adapted by Poppy Tushingham (2018-2020) for the Munich Open-access Cuneiform Corpus Initiative (MOCCI), which is funded by LMU Munich and the Alexander von Humboldt Foundation at the Historisches Seminar - Abteilung Alte Geschichte of Ludwig-Maximilians-Universität München. The annotated edition is released under the Creative Commons Attribution Share-Alike license 3.0. Please cite this page as http://oracc.org/atae/P514144/.",
			"date_gen": "651-XI-06",
			"date_of_origin": "Assurbanipal.limu Sagabbu.11.06",
			"day": "06",
			"designation": "WVDOG 152 V 1 011",
			"dialect": "Neo-Assyrian",
			"eponym": "Sagabbu",
			"findspot_square": "Duri-Ashur",
			"genre": "Legal Transaction",
			"language": "Akkadian",
			"last_mod_by": "Tushingham",
			"last_modified": "02.11.2021",
			"list_name": "atae/wvdog152:P514144",
			"long_date_gen": "Šabāṭu 6th, eponymy of Sagabbu",
			"material": "clay",
			"month": "XI",
			"object_type": "tablet",
			"period": "Neo-Assyrian",
			"pleiades_id": "893945",
			"regnal_dates": "668–ca. 631 BC",
			"ruler": "Ashurbanipal",
			"script": "Neo-Assyrian",
			"script_remarks": "inscribed",
			"script_type": "Cuneiform",
			"subgenre": "debt note (grain)",
			"year": "651",
			"ch_no": "01",
			"ch_name": "Assur 52a: Das Archiv des Dūrī-Aššur",
			"ch_num_name": "01 (Assur 52a: Das Archiv des Dūrī-Aššur)"
		},
		"geometry": {
			"type": "Point",
			"coordinates": [43.262037,35.458121]
		}
	}, {
		"type": "Feature",
		"properties": {
			"project": "wvdog152",
			"id_text": "P514145",
			"primary_publication": "WVDOG 152 V 1 012",
			"museum_no": "IM 124720",
			"provenience": "Qalat Sherqat (Assur)",
			"excavation_no": "Ass 1990-106",
			"archive": "052a - Duri-Aššur Archive",
			"date": "647*-X-20",
			"atae_attribution": "Based on Karen Radner, Die beiden neuassyrischen Privatarchive, in Peter A. Miglus, Karen Radner and Franciszek M. Stępniowski (eds.), Ausgrabungen in Assur: Wohnquartiere in der Weststadt Teil 1 (Wissenschaftliche Veröffentlichungen der Deutschen Orient-Gesellschaft 152), 2016. Adapted by Poppy Tushingham (2018-2020) for the Munich Open-access Cuneiform Corpus Initiative (MOCCI), which is funded by LMU Munich and the Alexander von Humboldt Foundation at the Historisches Seminar - Abteilung Alte Geschichte of Ludwig-Maximilians-Universität München. The annotated edition is released under the Creative Commons Attribution Share-Alike license 3.0.",
			"cite_as": "Please cite this page as http://oracc.org/atae/P514145/.",
			"collection": "National Museum of Iraq, Baghdad, Iraq",
			"composite_witness": "witness",
			"credits": "Based on Karen Radner, Die beiden neuassyrischen Privatarchive, in Peter A. Miglus, Karen Radner and Franciszek M. Stępniowski (eds.), Ausgrabungen in Assur: Wohnquartiere in der Weststadt Teil 1 (Wissenschaftliche Veröffentlichungen der Deutschen Orient-Gesellschaft 152), 2016. Adapted by Poppy Tushingham (2018-2020) for the Munich Open-access Cuneiform Corpus Initiative (MOCCI), which is funded by LMU Munich and the Alexander von Humboldt Foundation at the Historisches Seminar - Abteilung Alte Geschichte of Ludwig-Maximilians-Universität München. The annotated edition is released under the Creative Commons Attribution Share-Alike license 3.0. Please cite this page as http://oracc.org/atae/P514145/.",
			"date_gen": "647*-X-20",
			"date_of_origin": "Assurbanipal.limu Nabu-nadin-ahi.10.20",
			"day": "20",
			"designation": "WVDOG 152 V 1 012",
			"dialect": "Neo-Assyrian",
			"eponym": "Nabû-nādin-ahi",
			"findspot_square": "Duri-Ashur",
			"genre": "Legal Transaction",
			"language": "Akkadian",
			"last_mod_by": "Tushingham",
			"last_modified": "02.11.2021",
			"list_name": "atae/wvdog152:P514145",
			"long_date_gen": "Kanūnu 20th, eponymy of Nabû-nādin-ahi",
			"material": "clay",
			"month": "X",
			"object_type": "tablet",
			"period": "Neo-Assyrian",
			"pleiades_id": "893945",
			"regnal_dates": "668–ca. 631 BC",
			"ruler": "Ashurbanipal",
			"script": "Neo-Assyrian",
			"script_remarks": "inscribed",
			"script_type": "Cuneiform",
			"subgenre": "debt note (textiles)",
			"year": "647*",
			"ch_no": "01",
			"ch_name": "Assur 52a: Das Archiv des Dūrī-Aššur",
			"ch_num_name": "01 (Assur 52a: Das Archiv des Dūrī-Aššur)"
		},
		"geometry": {
			"type": "Point",
			"coordinates": [43.262037,35.458121]
		}
	}, {
		"type": "Feature",
		"properties": {
			"project": "wvdog152",
			"id_text": "P514146",
			"primary_publication": "WVDOG 152 V 1 013",
			"museum_no": "IM —",
			"provenience": "Qalat Sherqat (Assur)",
			"excavation_no": "Ass 2000.D-136",
			"archive": "052a - Duri-Aššur Archive",
			"date": "642*-XI-20+[x]",
			"atae_attribution": "Based on Karen Radner, Die beiden neuassyrischen Privatarchive, in Peter A. Miglus, Karen Radner and Franciszek M. Stępniowski (eds.), Ausgrabungen in Assur: Wohnquartiere in der Weststadt Teil 1 (Wissenschaftliche Veröffentlichungen der Deutschen Orient-Gesellschaft 152), 2016. Adapted by Poppy Tushingham (2018-2020) for the Munich Open-access Cuneiform Corpus Initiative (MOCCI), which is funded by LMU Munich and the Alexander von Humboldt Foundation at the Historisches Seminar - Abteilung Alte Geschichte of Ludwig-Maximilians-Universität München. The annotated edition is released under the Creative Commons Attribution Share-Alike license 3.0.",
			"cite_as": "Please cite this page as http://oracc.org/atae/P514146/.",
			"collection": "National Museum of Iraq, Baghdad, Iraq",
			"composite_witness": "witness",
			"credits": "Based on Karen Radner, Die beiden neuassyrischen Privatarchive, in Peter A. Miglus, Karen Radner and Franciszek M. Stępniowski (eds.), Ausgrabungen in Assur: Wohnquartiere in der Weststadt Teil 1 (Wissenschaftliche Veröffentlichungen der Deutschen Orient-Gesellschaft 152), 2016. Adapted by Poppy Tushingham (2018-2020) for the Munich Open-access Cuneiform Corpus Initiative (MOCCI), which is funded by LMU Munich and the Alexander von Humboldt Foundation at the Historisches Seminar - Abteilung Alte Geschichte of Ludwig-Maximilians-Universität München. The annotated edition is released under the Creative Commons Attribution Share-Alike license 3.0. Please cite this page as http://oracc.org/atae/P514146/.",
			"date_gen": "642*-XI-20+[x]",
			"date_of_origin": "Assurbanipal.limu Nabu-da’’inanni.11.20+[x]",
			"day": "20+[x]",
			"designation": "WVDOG 152 V 1 013",
			"dialect": "Neo-Assyrian",
			"eponym": "Nabû-da’’inanni",
			"findspot_square": "Duri-Ashur",
			"genre": "Legal Transaction",
			"language": "Akkadian",
			"last_mod_by": "Tushingham",
			"last_modified": "02.11.2021",
			"list_name": "atae/wvdog152:P514146",
			"long_date_gen": "Šabāṭu 20+[x]th, eponymy of Nabû-da’’inanni",
			"material": "clay",
			"month": "XI",
			"object_type": "envelope",
			"period": "Neo-Assyrian",
			"pleiades_id": "893945",
			"regnal_dates": "668–ca. 631 BC",
			"ruler": "Ashurbanipal",
			"script": "Neo-Assyrian",
			"script_remarks": "inscribed",
			"script_type": "Cuneiform",
			"subgenre": "contract (work)",
			"year": "642*",
			"ch_no": "01",
			"ch_name": "Assur 52a: Das Archiv des Dūrī-Aššur",
			"ch_num_name": "01 (Assur 52a: Das Archiv des Dūrī-Aššur)"
		},
		"geometry": {
			"type": "Point",
			"coordinates": [43.262037,35.458121]
		}
	}, {
		"type": "Feature",
		"properties": {
			"project": "wvdog152",
			"id_text": "P514147",
			"primary_publication": "WVDOG 152 V 1 014",
			"museum_no": "IM —",
			"provenience": "Qalat Sherqat (Assur)",
			"excavation_no": "Ass 2000.D-120",
			"archive": "052a - Duri-Aššur Archive",
			"date": "639*-XII-11",
			"atae_attribution": "Based on Karen Radner, Die beiden neuassyrischen Privatarchive, in Peter A. Miglus, Karen Radner and Franciszek M. Stępniowski (eds.), Ausgrabungen in Assur: Wohnquartiere in der Weststadt Teil 1 (Wissenschaftliche Veröffentlichungen der Deutschen Orient-Gesellschaft 152), 2016. Adapted by Poppy Tushingham (2018-2020) for the Munich Open-access Cuneiform Corpus Initiative (MOCCI), which is funded by LMU Munich and the Alexander von Humboldt Foundation at the Historisches Seminar - Abteilung Alte Geschichte of Ludwig-Maximilians-Universität München. The annotated edition is released under the Creative Commons Attribution Share-Alike license 3.0.",
			"cite_as": "Please cite this page as http://oracc.org/atae/P514147/.",
			"collection": "National Museum of Iraq, Baghdad, Iraq",
			"composite_witness": "witness",
			"credits": "Based on Karen Radner, Die beiden neuassyrischen Privatarchive, in Peter A. Miglus, Karen Radner and Franciszek M. Stępniowski (eds.), Ausgrabungen in Assur: Wohnquartiere in der Weststadt Teil 1 (Wissenschaftliche Veröffentlichungen der Deutschen Orient-Gesellschaft 152), 2016. Adapted by Poppy Tushingham (2018-2020) for the Munich Open-access Cuneiform Corpus Initiative (MOCCI), which is funded by LMU Munich and the Alexander von Humboldt Foundation at the Historisches Seminar - Abteilung Alte Geschichte of Ludwig-Maximilians-Universität München. The annotated edition is released under the Creative Commons Attribution Share-Alike license 3.0. Please cite this page as http://oracc.org/atae/P514147/.",
			"date_gen": "639*-XII-11",
			"date_of_origin": "Assurbanipal.limu Mushallim-Assur.12.11",
			"day": "11",
			"designation": "WVDOG 152 V 1 014",
			"dialect": "Neo-Assyrian",
			"eponym": "Mušallim-Aššur",
			"findspot_square": "Duri-Ashur",
			"genre": "Legal Transaction",
			"language": "Akkadian",
			"last_mod_by": "Tushingham",
			"last_modified": "02.11.2021",
			"list_name": "atae/wvdog152:P514147",
			"long_date_gen": "Addaru 11th, eponymy of Mušallim-Aššur",
			"material": "clay",
			"month": "XII",
			"object_type": "envelope",
			"period": "Neo-Assyrian",
			"pleiades_id": "893945",
			"regnal_dates": "668–ca. 631 BC",
			"ruler": "Ashurbanipal",
			"script": "Neo-Assyrian",
			"script_remarks": "inscribed",
			"script_type": "Cuneiform",
			"subgenre": "receipt (settlement)",
			"year": "639*",
			"ch_no": "01",
			"ch_name": "Assur 52a: Das Archiv des Dūrī-Aššur",
			"ch_num_name": "01 (Assur 52a: Das Archiv des Dūrī-Aššur)"
		},
		"geometry": {
			"type": "Point",
			"coordinates": [43.262037,35.458121]
		}
	}, {
		"type": "Feature",
		"properties": {
			"project": "wvdog152",
			"id_text": "P514148",
			"primary_publication": "WVDOG 152 V 1 015",
			"museum_no": "IM —",
			"provenience": "Qalat Sherqat (Assur)",
			"excavation_no": "Ass 2000.D-080",
			"archive": "052a - Duri-Aššur Archive",
			"date": "638*-II-14",
			"atae_attribution": "Based on Karen Radner, Die beiden neuassyrischen Privatarchive, in Peter A. Miglus, Karen Radner and Franciszek M. Stępniowski (eds.), Ausgrabungen in Assur: Wohnquartiere in der Weststadt Teil 1 (Wissenschaftliche Veröffentlichungen der Deutschen Orient-Gesellschaft 152), 2016. Adapted by Poppy Tushingham (2018-2020) for the Munich Open-access Cuneiform Corpus Initiative (MOCCI), which is funded by LMU Munich and the Alexander von Humboldt Foundation at the Historisches Seminar - Abteilung Alte Geschichte of Ludwig-Maximilians-Universität München. The annotated edition is released under the Creative Commons Attribution Share-Alike license 3.0.",
			"cite_as": "Please cite this page as http://oracc.org/atae/P514148/.",
			"collection": "National Museum of Iraq, Baghdad, Iraq",
			"composite_witness": "witness",
			"credits": "Based on Karen Radner, Die beiden neuassyrischen Privatarchive, in Peter A. Miglus, Karen Radner and Franciszek M. Stępniowski (eds.), Ausgrabungen in Assur: Wohnquartiere in der Weststadt Teil 1 (Wissenschaftliche Veröffentlichungen der Deutschen Orient-Gesellschaft 152), 2016. Adapted by Poppy Tushingham (2018-2020) for the Munich Open-access Cuneiform Corpus Initiative (MOCCI), which is funded by LMU Munich and the Alexander von Humboldt Foundation at the Historisches Seminar - Abteilung Alte Geschichte of Ludwig-Maximilians-Universität München. The annotated edition is released under the Creative Commons Attribution Share-Alike license 3.0. Please cite this page as http://oracc.org/atae/P514148/.",
			"date_gen": "638*-II-14",
			"date_of_origin": "Assurbanipal.limu Assur-gimilli-tere.02.14",
			"day": "14",
			"designation": "WVDOG 152 V 1 015",
			"dialect": "Neo-Assyrian",
			"eponym": "Aššur-gimilli-tēre",
			"findspot_square": "Duri-Ashur",
			"genre": "Legal Transaction",
			"language": "Akkadian",
			"last_mod_by": "Tushingham",
			"last_modified": "02.11.2021",
			"list_name": "atae/wvdog152:P514148",
			"long_date_gen": "Ayyāru 14th, eponymy of Aššur-gimilli-tēre",
			"material": "clay",
			"month": "II",
			"object_type": "tablet, envelope",
			"period": "Neo-Assyrian",
			"pleiades_id": "893945",
			"regnal_dates": "668–ca. 631 BC",
			"ruler": "Ashurbanipal",
			"script": "Neo-Assyrian",
			"script_remarks": "inscribed",
			"script_type": "Cuneiform",
			"subgenre": "debt note (commercial partnership)",
			"year": "638*",
			"ch_no": "01",
			"ch_name": "Assur 52a: Das Archiv des Dūrī-Aššur",
			"ch_num_name": "01 (Assur 52a: Das Archiv des Dūrī-Aššur)"
		},
		"geometry": {
			"type": "Point",
			"coordinates": [43.262037,35.458121]
		}
	}, {
		"type": "Feature",
		"properties": {
			"project": "wvdog152",
			"id_text": "P514149",
			"primary_publication": "WVDOG 152 V 1 016",
			"museum_no": "IM 124725",
			"provenience": "Qalat Sherqat (Assur)",
			"excavation_no": "Ass 1990-111",
			"archive": "052a - Duri-Aššur Archive",
			"date": "636*-[...]-05",
			"atae_attribution": "Based on Karen Radner, Die beiden neuassyrischen Privatarchive, in Peter A. Miglus, Karen Radner and Franciszek M. Stępniowski (eds.), Ausgrabungen in Assur: Wohnquartiere in der Weststadt Teil 1 (Wissenschaftliche Veröffentlichungen der Deutschen Orient-Gesellschaft 152), 2016. Adapted by Poppy Tushingham (2018-2020) for the Munich Open-access Cuneiform Corpus Initiative (MOCCI), which is funded by LMU Munich and the Alexander von Humboldt Foundation at the Historisches Seminar - Abteilung Alte Geschichte of Ludwig-Maximilians-Universität München. The annotated edition is released under the Creative Commons Attribution Share-Alike license 3.0.",
			"cite_as": "Please cite this page as http://oracc.org/atae/P514149/.",
			"collection": "National Museum of Iraq, Baghdad, Iraq",
			"composite_witness": "witness",
			"credits": "Based on Karen Radner, Die beiden neuassyrischen Privatarchive, in Peter A. Miglus, Karen Radner and Franciszek M. Stępniowski (eds.), Ausgrabungen in Assur: Wohnquartiere in der Weststadt Teil 1 (Wissenschaftliche Veröffentlichungen der Deutschen Orient-Gesellschaft 152), 2016. Adapted by Poppy Tushingham (2018-2020) for the Munich Open-access Cuneiform Corpus Initiative (MOCCI), which is funded by LMU Munich and the Alexander von Humboldt Foundation at the Historisches Seminar - Abteilung Alte Geschichte of Ludwig-Maximilians-Universität München. The annotated edition is released under the Creative Commons Attribution Share-Alike license 3.0. Please cite this page as http://oracc.org/atae/P514149/.",
			"date_gen": "636* or 626*-[...]-05",
			"date_of_origin": "00.000.00.05",
			"day": "05",
			"designation": "WVDOG 152 V 1 016",
			"dialect": "Neo-Assyrian",
			"findspot_square": "Duri-Ashur",
			"genre": "Legal Transaction",
			"language": "Akkadian",
			"last_mod_by": "Tushingham",
			"last_modified": "02.11.2021",
			"list_name": "atae/wvdog152:P514149",
			"long_date_gen": "... 5th",
			"material": "clay",
			"month": "[...]",
			"object_type": "envelope",
			"period": "Neo-Assyrian",
			"pleiades_id": "893945",
			"ruler": "Ashurbanipal or Sîn-šarru-iškun",
			"script": "Neo-Assyrian",
			"script_remarks": "inscribed",
			"script_type": "Cuneiform",
			"subgenre": "receipt (silver)",
			"year": "636* or 626*",
			"ch_no": "01",
			"ch_name": "Assur 52a: Das Archiv des Dūrī-Aššur",
			"ch_num_name": "01 (Assur 52a: Das Archiv des Dūrī-Aššur)"
		},
		"geometry": {
			"type": "Point",
			"coordinates": [43.262037,35.458121]
		}
	}, {
		"type": "Feature",
		"properties": {
			"project": "wvdog152",
			"id_text": "P514150",
			"primary_publication": "WVDOG 152 V 1 017",
			"museum_no": "IM 124711",
			"provenience": "Qalat Sherqat (Assur)",
			"excavation_no": "Ass 1990-069",
			"archive": "052a - Duri-Aššur Archive",
			"date": "635*-X-[...]",
			"atae_attribution": "Based on Karen Radner, Die beiden neuassyrischen Privatarchive, in Peter A. Miglus, Karen Radner and Franciszek M. Stępniowski (eds.), Ausgrabungen in Assur: Wohnquartiere in der Weststadt Teil 1 (Wissenschaftliche Veröffentlichungen der Deutschen Orient-Gesellschaft 152), 2016. Adapted by Poppy Tushingham (2018-2020) for the Munich Open-access Cuneiform Corpus Initiative (MOCCI), which is funded by LMU Munich and the Alexander von Humboldt Foundation at the Historisches Seminar - Abteilung Alte Geschichte of Ludwig-Maximilians-Universität München. The annotated edition is released under the Creative Commons Attribution Share-Alike license 3.0.",
			"cite_as": "Please cite this page as http://oracc.org/atae/P514150/.",
			"collection": "National Museum of Iraq, Baghdad, Iraq",
			"composite_witness": "witness",
			"credits": "Based on Karen Radner, Die beiden neuassyrischen Privatarchive, in Peter A. Miglus, Karen Radner and Franciszek M. Stępniowski (eds.), Ausgrabungen in Assur: Wohnquartiere in der Weststadt Teil 1 (Wissenschaftliche Veröffentlichungen der Deutschen Orient-Gesellschaft 152), 2016. Adapted by Poppy Tushingham (2018-2020) for the Munich Open-access Cuneiform Corpus Initiative (MOCCI), which is funded by LMU Munich and the Alexander von Humboldt Foundation at the Historisches Seminar - Abteilung Alte Geschichte of Ludwig-Maximilians-Universität München. The annotated edition is released under the Creative Commons Attribution Share-Alike license 3.0. Please cite this page as http://oracc.org/atae/P514150/.",
			"date_gen": "635*-X-[...]",
			"date_of_origin": "Assurbanipal.limu Bel-lu-dari.10.00",
			"day": "[...]",
			"designation": "WVDOG 152 V 1 017",
			"dialect": "Neo-Assyrian",
			"eponym": "Bēl-lū-dāri",
			"findspot_square": "Duri-Ashur",
			"genre": "Legal Transaction",
			"language": "Akkadian",
			"last_mod_by": "Tushingham",
			"last_modified": "02.11.2021",
			"list_name": "atae/wvdog152:P514150",
			"long_date_gen": "Kanūnu ...th, eponymy of Bēl-lū-dāri",
			"material": "clay",
			"month": "X",
			"object_type": "envelope",
			"period": "Neo-Assyrian",
			"pleiades_id": "893945",
			"regnal_dates": "668–ca. 631 BC",
			"ruler": "Ashurbanipal",
			"script": "Neo-Assyrian",
			"script_remarks": "inscribed",
			"script_type": "Cuneiform",
			"subgenre": "exchange document (field)",
			"year": "635*",
			"ch_no": "01",
			"ch_name": "Assur 52a: Das Archiv des Dūrī-Aššur",
			"ch_num_name": "01 (Assur 52a: Das Archiv des Dūrī-Aššur)"
		},
		"geometry": {
			"type": "Point",
			"coordinates": [43.262037,35.458121]
		}
	}, {
		"type": "Feature",
		"properties": {
			"project": "wvdog152",
			"id_text": "P514151",
			"primary_publication": "WVDOG 152 V 1 018",
			"museum_no": "IM 124719",
			"provenience": "Qalat Sherqat (Assur)",
			"excavation_no": "Ass 1990-105",
			"archive": "052a - Duri-Aššur Archive",
			"date": "631*-VII-20",
			"atae_attribution": "Based on Karen Radner, Die beiden neuassyrischen Privatarchive, in Peter A. Miglus, Karen Radner and Franciszek M. Stępniowski (eds.), Ausgrabungen in Assur: Wohnquartiere in der Weststadt Teil 1 (Wissenschaftliche Veröffentlichungen der Deutschen Orient-Gesellschaft 152), 2016. Adapted by Poppy Tushingham (2018-2020) for the Munich Open-access Cuneiform Corpus Initiative (MOCCI), which is funded by LMU Munich and the Alexander von Humboldt Foundation at the Historisches Seminar - Abteilung Alte Geschichte of Ludwig-Maximilians-Universität München. The annotated edition is released under the Creative Commons Attribution Share-Alike license 3.0.",
			"cite_as": "Please cite this page as http://oracc.org/atae/P514151/.",
			"collection": "National Museum of Iraq, Baghdad, Iraq",
			"composite_witness": "witness",
			"credits": "Based on Karen Radner, Die beiden neuassyrischen Privatarchive, in Peter A. Miglus, Karen Radner and Franciszek M. Stępniowski (eds.), Ausgrabungen in Assur: Wohnquartiere in der Weststadt Teil 1 (Wissenschaftliche Veröffentlichungen der Deutschen Orient-Gesellschaft 152), 2016. Adapted by Poppy Tushingham (2018-2020) for the Munich Open-access Cuneiform Corpus Initiative (MOCCI), which is funded by LMU Munich and the Alexander von Humboldt Foundation at the Historisches Seminar - Abteilung Alte Geschichte of Ludwig-Maximilians-Universität München. The annotated edition is released under the Creative Commons Attribution Share-Alike license 3.0. Please cite this page as http://oracc.org/atae/P514151/.",
			"date_gen": "631*-VII-20",
			"date_of_origin": "Assur-etel-ilani.limu Adad-remanni.07.20",
			"day": "20",
			"designation": "WVDOG 152 V 1 018",
			"dialect": "Neo-Assyrian",
			"eponym": "Adad-rēmanni",
			"findspot_square": "Duri-Ashur",
			"genre": "Legal Transaction",
			"language": "Akkadian",
			"last_mod_by": "Tushingham",
			"last_modified": "02.11.2021",
			"list_name": "atae/wvdog152:P514151",
			"long_date_gen": "Tašrītu 20th, eponymy of Adad-rēmanni",
			"material": "clay",
			"month": "VII",
			"object_type": "tablet, envelope",
			"period": "Neo-Assyrian",
			"pleiades_id": "893945",
			"regnal_dates": "ca. 630–627 BC",
			"ruler": "Aššur-etel-ilāni",
			"script": "Neo-Assyrian",
			"script_remarks": "inscribed",
			"script_type": "Cuneiform",
			"subgenre": "contract (harvest)",
			"year": "631*",
			"ch_no": "01",
			"ch_name": "Assur 52a: Das Archiv des Dūrī-Aššur",
			"ch_num_name": "01 (Assur 52a: Das Archiv des Dūrī-Aššur)"
		},
		"geometry": {
			"type": "Point",
			"coordinates": [43.262037,35.458121]
		}
	}, {
		"type": "Feature",
		"properties": {
			"project": "wvdog152",
			"id_text": "P514152",
			"primary_publication": "WVDOG 152 V 1 019",
			"museum_no": "IM 124726",
			"provenience": "Qalat Sherqat (Assur)",
			"excavation_no": "Ass 1990-112",
			"archive": "052a - Duri-Aššur Archive",
			"date": "627*-IX-18",
			"atae_attribution": "Based on Karen Radner, Die beiden neuassyrischen Privatarchive, in Peter A. Miglus, Karen Radner and Franciszek M. Stępniowski (eds.), Ausgrabungen in Assur: Wohnquartiere in der Weststadt Teil 1 (Wissenschaftliche Veröffentlichungen der Deutschen Orient-Gesellschaft 152), 2016. Adapted by Poppy Tushingham (2018-2020) for the Munich Open-access Cuneiform Corpus Initiative (MOCCI), which is funded by LMU Munich and the Alexander von Humboldt Foundation at the Historisches Seminar - Abteilung Alte Geschichte of Ludwig-Maximilians-Universität München. The annotated edition is released under the Creative Commons Attribution Share-Alike license 3.0.",
			"cite_as": "Please cite this page as http://oracc.org/atae/P514152/.",
			"collection": "National Museum of Iraq, Baghdad, Iraq",
			"composite_witness": "witness",
			"credits": "Based on Karen Radner, Die beiden neuassyrischen Privatarchive, in Peter A. Miglus, Karen Radner and Franciszek M. Stępniowski (eds.), Ausgrabungen in Assur: Wohnquartiere in der Weststadt Teil 1 (Wissenschaftliche Veröffentlichungen der Deutschen Orient-Gesellschaft 152), 2016. Adapted by Poppy Tushingham (2018-2020) for the Munich Open-access Cuneiform Corpus Initiative (MOCCI), which is funded by LMU Munich and the Alexander von Humboldt Foundation at the Historisches Seminar - Abteilung Alte Geschichte of Ludwig-Maximilians-Universität München. The annotated edition is released under the Creative Commons Attribution Share-Alike license 3.0. Please cite this page as http://oracc.org/atae/P514152/.",
			"date_gen": "627*-IX-18",
			"date_of_origin": "Assur-etel-ilani.limu Marduk-sharru-usur.09.18",
			"day": "18",
			"designation": "WVDOG 152 V 1 019",
			"dialect": "Neo-Assyrian",
			"eponym": "Marduk-šarru-uṣur",
			"findspot_square": "Duri-Ashur",
			"genre": "Legal Transaction",
			"language": "Akkadian",
			"last_mod_by": "Tushingham",
			"last_modified": "02.11.2021",
			"list_name": "atae/wvdog152:P514152",
			"long_date_gen": "Kislīmu 18th, eponymy of Marduk-šarru-uṣur",
			"material": "clay",
			"month": "IX",
			"object_type": "tablet",
			"period": "Neo-Assyrian",
			"pleiades_id": "893945",
			"regnal_dates": "ca. 630–627 BC",
			"ruler": "Aššur-etel-ilani",
			"script": "Neo-Assyrian",
			"script_remarks": "inscribed",
			"script_type": "Cuneiform",
			"subgenre": "debt note (silver)",
			"year": "627*",
			"ch_no": "01",
			"ch_name": "Assur 52a: Das Archiv des Dūrī-Aššur",
			"ch_num_name": "01 (Assur 52a: Das Archiv des Dūrī-Aššur)"
		},
		"geometry": {
			"type": "Point",
			"coordinates": [43.262037,35.458121]
		}
	}, {
		"type": "Feature",
		"properties": {
			"project": "wvdog152",
			"id_text": "P514153",
			"primary_publication": "WVDOG 152 V 1 020",
			"museum_no": "IM 124704",
			"provenience": "Qalat Sherqat (Assur)",
			"excavation_no": "Ass 1990-062",
			"archive": "052a - Duri-Aššur Archive",
			"date": "618*-X-29",
			"atae_attribution": "Based on Karen Radner, Die beiden neuassyrischen Privatarchive, in Peter A. Miglus, Karen Radner and Franciszek M. Stępniowski (eds.), Ausgrabungen in Assur: Wohnquartiere in der Weststadt Teil 1 (Wissenschaftliche Veröffentlichungen der Deutschen Orient-Gesellschaft 152), 2016. Adapted by Poppy Tushingham (2018-2020) for the Munich Open-access Cuneiform Corpus Initiative (MOCCI), which is funded by LMU Munich and the Alexander von Humboldt Foundation at the Historisches Seminar - Abteilung Alte Geschichte of Ludwig-Maximilians-Universität München. The annotated edition is released under the Creative Commons Attribution Share-Alike license 3.0.",
			"cite_as": "Please cite this page as http://oracc.org/atae/P514153/.",
			"collection": "National Museum of Iraq, Baghdad, Iraq",
			"composite_witness": "witness",
			"credits": "Based on Karen Radner, Die beiden neuassyrischen Privatarchive, in Peter A. Miglus, Karen Radner and Franciszek M. Stępniowski (eds.), Ausgrabungen in Assur: Wohnquartiere in der Weststadt Teil 1 (Wissenschaftliche Veröffentlichungen der Deutschen Orient-Gesellschaft 152), 2016. Adapted by Poppy Tushingham (2018-2020) for the Munich Open-access Cuneiform Corpus Initiative (MOCCI), which is funded by LMU Munich and the Alexander von Humboldt Foundation at the Historisches Seminar - Abteilung Alte Geschichte of Ludwig-Maximilians-Universität München. The annotated edition is released under the Creative Commons Attribution Share-Alike license 3.0. Please cite this page as http://oracc.org/atae/P514153/.",
			"date_gen": "618*-X-29",
			"date_of_origin": "Sin-sharru-ishkun.limu Nabu-sagibi.10.29",
			"day": "29",
			"designation": "WVDOG 152 V 1 020",
			"dialect": "Neo-Assyrian",
			"eponym": "Nabû-sagībi",
			"findspot_square": "Duri-Ashur",
			"genre": "Legal Transaction",
			"language": "Akkadian",
			"last_mod_by": "Tushingham",
			"last_modified": "02.11.2021",
			"list_name": "atae/wvdog152:P514153",
			"long_date_gen": "Kanūnu 29th, eponymy of Nabû-sagībi",
			"material": "clay",
			"month": "X",
			"object_type": "tablet",
			"period": "Neo-Assyrian",
			"pleiades_id": "893945",
			"regnal_dates": "ca. 626–612 BC",
			"ruler": "Sîn-šarru-iškun",
			"script": "Neo-Assyrian",
			"script_remarks": "inscribed",
			"script_type": "Cuneiform",
			"subgenre": "sales document (person)",
			"year": "618*",
			"ch_no": "01",
			"ch_name": "Assur 52a: Das Archiv des Dūrī-Aššur",
			"ch_num_name": "01 (Assur 52a: Das Archiv des Dūrī-Aššur)"
		},
		"geometry": {
			"type": "Point",
			"coordinates": [43.262037,35.458121]
		}
	}, {
		"type": "Feature",
		"properties": {
			"project": "wvdog152",
			"id_text": "P514154",
			"primary_publication": "WVDOG 152 V 1 021",
			"museum_no": "IM 124715",
			"provenience": "Qalat Sherqat (Assur)",
			"excavation_no": "Ass 1990-101",
			"archive": "052a - Duri-Aššur Archive",
			"date": "617*-VI-18",
			"atae_attribution": "Based on Karen Radner, Die beiden neuassyrischen Privatarchive, in Peter A. Miglus, Karen Radner and Franciszek M. Stępniowski (eds.), Ausgrabungen in Assur: Wohnquartiere in der Weststadt Teil 1 (Wissenschaftliche Veröffentlichungen der Deutschen Orient-Gesellschaft 152), 2016. Adapted by Poppy Tushingham (2018-2020) for the Munich Open-access Cuneiform Corpus Initiative (MOCCI), which is funded by LMU Munich and the Alexander von Humboldt Foundation at the Historisches Seminar - Abteilung Alte Geschichte of Ludwig-Maximilians-Universität München. The annotated edition is released under the Creative Commons Attribution Share-Alike license 3.0.",
			"cite_as": "Please cite this page as http://oracc.org/atae/P514154/.",
			"collection": "National Museum of Iraq, Baghdad, Iraq",
			"composite_witness": "witness",
			"credits": "Based on Karen Radner, Die beiden neuassyrischen Privatarchive, in Peter A. Miglus, Karen Radner and Franciszek M. Stępniowski (eds.), Ausgrabungen in Assur: Wohnquartiere in der Weststadt Teil 1 (Wissenschaftliche Veröffentlichungen der Deutschen Orient-Gesellschaft 152), 2016. Adapted by Poppy Tushingham (2018-2020) for the Munich Open-access Cuneiform Corpus Initiative (MOCCI), which is funded by LMU Munich and the Alexander von Humboldt Foundation at the Historisches Seminar - Abteilung Alte Geschichte of Ludwig-Maximilians-Universität München. The annotated edition is released under the Creative Commons Attribution Share-Alike license 3.0. Please cite this page as http://oracc.org/atae/P514154/.",
			"date_gen": "617*-VI-18",
			"date_of_origin": "Sin-sharru-ishkun.limu Assur-remanni.06.18",
			"day": "18",
			"designation": "WVDOG 152 V 1 021",
			"dialect": "Neo-Assyrian",
			"eponym": "Aššur-rēmanni",
			"findspot_square": "Duri-Ashur",
			"genre": "Legal Transaction",
			"language": "Akkadian",
			"last_mod_by": "Tushingham",
			"last_modified": "02.11.2021",
			"list_name": "atae/wvdog152:P514154",
			"long_date_gen": "Ulūlu 18th, eponymy of Aššur-rēmanni",
			"material": "clay",
			"month": "VI",
			"object_type": "tablet, envelope",
			"period": "Neo-Assyrian",
			"pleiades_id": "893945",
			"regnal_dates": "ca. 626–612 BC",
			"ruler": "Sîn-šarru-iškun",
			"script": "Neo-Assyrian",
			"script_remarks": "inscribed",
			"script_type": "Cuneiform",
			"subgenre": "sales document (leather)",
			"year": "617*",
			"ch_no": "01",
			"ch_name": "Assur 52a: Das Archiv des Dūrī-Aššur",
			"ch_num_name": "01 (Assur 52a: Das Archiv des Dūrī-Aššur)"
		},
		"geometry": {
			"type": "Point",
			"coordinates": [43.262037,35.458121]
		}
	}, {
		"type": "Feature",
		"properties": {
			"project": "wvdog152",
			"id_text": "P514155",
			"primary_publication": "WVDOG 152 V 1 022",
			"museum_no": "IM 124671",
			"provenience": "Qalat Sherqat (Assur)",
			"excavation_no": "Ass 1990-008",
			"archive": "052a - Duri-Aššur Archive",
			"date": "615*-XII-05",
			"atae_attribution": "Based on Karen Radner, Die beiden neuassyrischen Privatarchive, in Peter A. Miglus, Karen Radner and Franciszek M. Stępniowski (eds.), Ausgrabungen in Assur: Wohnquartiere in der Weststadt Teil 1 (Wissenschaftliche Veröffentlichungen der Deutschen Orient-Gesellschaft 152), 2016. Adapted by Poppy Tushingham (2018-2020) for the Munich Open-access Cuneiform Corpus Initiative (MOCCI), which is funded by LMU Munich and the Alexander von Humboldt Foundation at the Historisches Seminar - Abteilung Alte Geschichte of Ludwig-Maximilians-Universität München. The annotated edition is released under the Creative Commons Attribution Share-Alike license 3.0.",
			"cite_as": "Please cite this page as http://oracc.org/atae/P514155/.",
			"collection": "National Museum of Iraq, Baghdad, Iraq",
			"composite_witness": "witness",
			"credits": "Based on Karen Radner, Die beiden neuassyrischen Privatarchive, in Peter A. Miglus, Karen Radner and Franciszek M. Stępniowski (eds.), Ausgrabungen in Assur: Wohnquartiere in der Weststadt Teil 1 (Wissenschaftliche Veröffentlichungen der Deutschen Orient-Gesellschaft 152), 2016. Adapted by Poppy Tushingham (2018-2020) for the Munich Open-access Cuneiform Corpus Initiative (MOCCI), which is funded by LMU Munich and the Alexander von Humboldt Foundation at the Historisches Seminar - Abteilung Alte Geschichte of Ludwig-Maximilians-Universität München. The annotated edition is released under the Creative Commons Attribution Share-Alike license 3.0. Please cite this page as http://oracc.org/atae/P514155/.",
			"date_gen": "615*-XII-05",
			"date_of_origin": "Sin-sharru-ishkun.limu Sin-alik-pani.12.05",
			"day": "05",
			"designation": "WVDOG 152 V 1 022",
			"dialect": "Neo-Assyrian",
			"eponym": "Sîn-ālik-pāni",
			"findspot_square": "Duri-Ashur",
			"genre": "Legal Transaction",
			"language": "Akkadian",
			"last_mod_by": "Tushingham",
			"last_modified": "02.11.2021",
			"list_name": "atae/wvdog152:P514155",
			"long_date_gen": "Addaru 5th, eponymy of Sîn-ālik-pāni",
			"material": "clay",
			"month": "XII",
			"object_type": "tablet",
			"period": "Neo-Assyrian",
			"pleiades_id": "893945",
			"regnal_dates": "ca. 626–612 BC",
			"ruler": "Sîn-šarru-iškun",
			"script": "Neo-Assyrian",
			"script_remarks": "inscribed",
			"script_type": "Cuneiform",
			"subgenre": "judicial document",
			"year": "615*",
			"ch_no": "01",
			"ch_name": "Assur 52a: Das Archiv des Dūrī-Aššur",
			"ch_num_name": "01 (Assur 52a: Das Archiv des Dūrī-Aššur)"
		},
		"geometry": {
			"type": "Point",
			"coordinates": [43.262037,35.458121]
		}
	}, {
		"type": "Feature",
		"properties": {
			"project": "wvdog152",
			"id_text": "P514156",
			"primary_publication": "WVDOG 152 V 1 023",
			"museum_no": "IM —",
			"provenience": "Qalat Sherqat (Assur)",
			"excavation_no": "Ass 2000.D-26",
			"archive": "052a - Duri-Aššur Archive",
			"date": "614*-VI-22",
			"atae_attribution": "Based on Karen Radner, Die beiden neuassyrischen Privatarchive, in Peter A. Miglus, Karen Radner and Franciszek M. Stępniowski (eds.), Ausgrabungen in Assur: Wohnquartiere in der Weststadt Teil 1 (Wissenschaftliche Veröffentlichungen der Deutschen Orient-Gesellschaft 152), 2016. Adapted by Poppy Tushingham (2018-2020) for the Munich Open-access Cuneiform Corpus Initiative (MOCCI), which is funded by LMU Munich and the Alexander von Humboldt Foundation at the Historisches Seminar - Abteilung Alte Geschichte of Ludwig-Maximilians-Universität München. The annotated edition is released under the Creative Commons Attribution Share-Alike license 3.0.",
			"cite_as": "Please cite this page as http://oracc.org/atae/P514156/.",
			"collection": "National Museum of Iraq, Baghdad, Iraq",
			"composite_witness": "witness",
			"credits": "Based on Karen Radner, Die beiden neuassyrischen Privatarchive, in Peter A. Miglus, Karen Radner and Franciszek M. Stępniowski (eds.), Ausgrabungen in Assur: Wohnquartiere in der Weststadt Teil 1 (Wissenschaftliche Veröffentlichungen der Deutschen Orient-Gesellschaft 152), 2016. Adapted by Poppy Tushingham (2018-2020) for the Munich Open-access Cuneiform Corpus Initiative (MOCCI), which is funded by LMU Munich and the Alexander von Humboldt Foundation at the Historisches Seminar - Abteilung Alte Geschichte of Ludwig-Maximilians-Universität München. The annotated edition is released under the Creative Commons Attribution Share-Alike license 3.0. Please cite this page as http://oracc.org/atae/P514156/.",
			"date_gen": "614*-VI-22",
			"date_of_origin": "Sin-sharru-ishkun.limu Pashi.06.22",
			"day": "22",
			"designation": "WVDOG 152 V 1 023",
			"dialect": "Neo-Assyrian",
			"eponym": "Pašî",
			"findspot_square": "Duri-Ashur",
			"genre": "Legal Transaction",
			"language": "Akkadian",
			"last_mod_by": "Tushingham",
			"last_modified": "02.11.2021",
			"list_name": "atae/wvdog152:P514156",
			"long_date_gen": "Ulūlu 22nd, eponymy of Pašî",
			"material": "clay",
			"month": "VI",
			"object_type": "tablet",
			"period": "Neo-Assyrian",
			"pleiades_id": "893945",
			"regnal_dates": "ca. 626–612 BC",
			"ruler": "Sîn-šarru-iškun",
			"script": "Neo-Assyrian",
			"script_remarks": "inscribed",
			"script_type": "Cuneiform",
			"subgenre": "debt note (silver, grain)",
			"year": "614*",
			"ch_no": "01",
			"ch_name": "Assur 52a: Das Archiv des Dūrī-Aššur",
			"ch_num_name": "01 (Assur 52a: Das Archiv des Dūrī-Aššur)"
		},
		"geometry": {
			"type": "Point",
			"coordinates": [43.262037,35.458121]
		}
	}, {
		"type": "Feature",
		"properties": {
			"project": "wvdog152",
			"id_text": "P514157",
			"primary_publication": "WVDOG 152 V 1 024",
			"museum_no": "IM 124723",
			"provenience": "Qalat Sherqat (Assur)",
			"excavation_no": "Ass 1990-109",
			"archive": "052a - Duri-Aššur Archive",
			"date": "[...]-[...]-20",
			"atae_attribution": "Based on Karen Radner, Die beiden neuassyrischen Privatarchive, in Peter A. Miglus, Karen Radner and Franciszek M. Stępniowski (eds.), Ausgrabungen in Assur: Wohnquartiere in der Weststadt Teil 1 (Wissenschaftliche Veröffentlichungen der Deutschen Orient-Gesellschaft 152), 2016. Adapted by Poppy Tushingham (2018-2020) for the Munich Open-access Cuneiform Corpus Initiative (MOCCI), which is funded by LMU Munich and the Alexander von Humboldt Foundation at the Historisches Seminar - Abteilung Alte Geschichte of Ludwig-Maximilians-Universität München. The annotated edition is released under the Creative Commons Attribution Share-Alike license 3.0.",
			"cite_as": "Please cite this page as http://oracc.org/atae/P514157/.",
			"collection": "National Museum of Iraq, Baghdad, Iraq",
			"composite_witness": "witness",
			"credits": "Based on Karen Radner, Die beiden neuassyrischen Privatarchive, in Peter A. Miglus, Karen Radner and Franciszek M. Stępniowski (eds.), Ausgrabungen in Assur: Wohnquartiere in der Weststadt Teil 1 (Wissenschaftliche Veröffentlichungen der Deutschen Orient-Gesellschaft 152), 2016. Adapted by Poppy Tushingham (2018-2020) for the Munich Open-access Cuneiform Corpus Initiative (MOCCI), which is funded by LMU Munich and the Alexander von Humboldt Foundation at the Historisches Seminar - Abteilung Alte Geschichte of Ludwig-Maximilians-Universität München. The annotated edition is released under the Creative Commons Attribution Share-Alike license 3.0. Please cite this page as http://oracc.org/atae/P514157/.",
			"date_gen": "[...]-[...]-20",
			"date_of_origin": "00.000.00.20",
			"day": "20",
			"designation": "WVDOG 152 V 1 024",
			"dialect": "Neo-Assyrian",
			"findspot_square": "Duri-Ashur",
			"genre": "Legal Transaction",
			"language": "Akkadian",
			"last_mod_by": "Tushingham",
			"last_modified": "02.11.2021",
			"list_name": "atae/wvdog152:P514157",
			"long_date_gen": "... 20th, [eponymy of ...]",
			"material": "clay",
			"month": "[...]",
			"object_type": "envelope",
			"period": "Neo-Assyrian",
			"pleiades_id": "893945",
			"script": "Neo-Assyrian",
			"script_remarks": "inscribed",
			"script_type": "Cuneiform",
			"subgenre": "debt note (silver)",
			"year": "[...]",
			"ch_no": "01",
			"ch_name": "Assur 52a: Das Archiv des Dūrī-Aššur",
			"ch_num_name": "01 (Assur 52a: Das Archiv des Dūrī-Aššur)"
		},
		"geometry": {
			"type": "Point",
			"coordinates": [43.262037,35.458121]
		}
	}, {
		"type": "Feature",
		"properties": {
			"project": "wvdog152",
			"id_text": "P514158",
			"primary_publication": "WVDOG 152 V 1 025",
			"museum_no": "IM 124699",
			"provenience": "Qalat Sherqat (Assur)",
			"excavation_no": "Ass 1990-041",
			"archive": "052a - Duri-Aššur Archive",
			"atae_attribution": "Based on Karen Radner, Die beiden neuassyrischen Privatarchive, in Peter A. Miglus, Karen Radner and Franciszek M. Stępniowski (eds.), Ausgrabungen in Assur: Wohnquartiere in der Weststadt Teil 1 (Wissenschaftliche Veröffentlichungen der Deutschen Orient-Gesellschaft 152), 2016. Adapted by Poppy Tushingham (2018-2020) for the Munich Open-access Cuneiform Corpus Initiative (MOCCI), which is funded by LMU Munich and the Alexander von Humboldt Foundation at the Historisches Seminar - Abteilung Alte Geschichte of Ludwig-Maximilians-Universität München. The annotated edition is released under the Creative Commons Attribution Share-Alike license 3.0.",
			"cite_as": "Please cite this page as http://oracc.org/atae/P514158/.",
			"collection": "National Museum of Iraq, Baghdad, Iraq",
			"composite_witness": "witness",
			"credits": "Based on Karen Radner, Die beiden neuassyrischen Privatarchive, in Peter A. Miglus, Karen Radner and Franciszek M. Stępniowski (eds.), Ausgrabungen in Assur: Wohnquartiere in der Weststadt Teil 1 (Wissenschaftliche Veröffentlichungen der Deutschen Orient-Gesellschaft 152), 2016. Adapted by Poppy Tushingham (2018-2020) for the Munich Open-access Cuneiform Corpus Initiative (MOCCI), which is funded by LMU Munich and the Alexander von Humboldt Foundation at the Historisches Seminar - Abteilung Alte Geschichte of Ludwig-Maximilians-Universität München. The annotated edition is released under the Creative Commons Attribution Share-Alike license 3.0. Please cite this page as http://oracc.org/atae/P514158/.",
			"date_of_origin": "00.000.00.00",
			"designation": "WVDOG 152 V 1 025",
			"dialect": "Neo-Assyrian",
			"findspot_square": "Duri-Ashur",
			"genre": "Legal Transaction",
			"language": "Akkadian",
			"last_mod_by": "Tushingham",
			"last_modified": "02.11.2021",
			"list_name": "atae/wvdog152:P514158",
			"material": "clay",
			"object_type": "tablet",
			"period": "Neo-Assyrian",
			"pleiades_id": "893945",
			"script": "Neo-Assyrian",
			"script_remarks": "inscribed",
			"script_type": "Cuneiform",
			"subgenre": "sales document (person)",
			"ch_no": "01",
			"ch_name": "Assur 52a: Das Archiv des Dūrī-Aššur",
			"ch_num_name": "01 (Assur 52a: Das Archiv des Dūrī-Aššur)"
		},
		"geometry": {
			"type": "Point",
			"coordinates": [43.262037,35.458121]
		}
	}, {
		"type": "Feature",
		"properties": {
			"project": "wvdog152",
			"id_text": "P514159",
			"primary_publication": "WVDOG 152 V 1 026",
			"museum_no": "IM 124716",
			"provenience": "Qalat Sherqat (Assur)",
			"excavation_no": "Ass 1990-102",
			"archive": "052a - Duri-Aššur Archive",
			"atae_attribution": "Based on Karen Radner, Die beiden neuassyrischen Privatarchive, in Peter A. Miglus, Karen Radner and Franciszek M. Stępniowski (eds.), Ausgrabungen in Assur: Wohnquartiere in der Weststadt Teil 1 (Wissenschaftliche Veröffentlichungen der Deutschen Orient-Gesellschaft 152), 2016. Adapted by Poppy Tushingham (2018-2020) for the Munich Open-access Cuneiform Corpus Initiative (MOCCI), which is funded by LMU Munich and the Alexander von Humboldt Foundation at the Historisches Seminar - Abteilung Alte Geschichte of Ludwig-Maximilians-Universität München. The annotated edition is released under the Creative Commons Attribution Share-Alike license 3.0.",
			"cite_as": "Please cite this page as http://oracc.org/atae/P514159/.",
			"collection": "National Museum of Iraq, Baghdad, Iraq",
			"composite_witness": "witness",
			"credits": "Based on Karen Radner, Die beiden neuassyrischen Privatarchive, in Peter A. Miglus, Karen Radner and Franciszek M. Stępniowski (eds.), Ausgrabungen in Assur: Wohnquartiere in der Weststadt Teil 1 (Wissenschaftliche Veröffentlichungen der Deutschen Orient-Gesellschaft 152), 2016. Adapted by Poppy Tushingham (2018-2020) for the Munich Open-access Cuneiform Corpus Initiative (MOCCI), which is funded by LMU Munich and the Alexander von Humboldt Foundation at the Historisches Seminar - Abteilung Alte Geschichte of Ludwig-Maximilians-Universität München. The annotated edition is released under the Creative Commons Attribution Share-Alike license 3.0. Please cite this page as http://oracc.org/atae/P514159/.",
			"date_of_origin": "00.000.00.00",
			"designation": "WVDOG 152 V 1 026",
			"dialect": "Neo-Assyrian",
			"findspot_square": "Duri-Ashur",
			"genre": "Legal Transaction",
			"language": "Akkadian",
			"last_mod_by": "Tushingham",
			"last_modified": "02.11.2021",
			"list_name": "atae/wvdog152:P514159",
			"material": "clay",
			"object_type": "tablet",
			"period": "Neo-Assyrian",
			"pleiades_id": "893945",
			"script": "Neo-Assyrian",
			"script_remarks": "inscribed",
			"script_type": "Cuneiform",
			"subgenre": "sales document (house)",
			"ch_no": "01",
			"ch_name": "Assur 52a: Das Archiv des Dūrī-Aššur",
			"ch_num_name": "01 (Assur 52a: Das Archiv des Dūrī-Aššur)"
		},
		"geometry": {
			"type": "Point",
			"coordinates": [43.262037,35.458121]
		}
	}, {
		"type": "Feature",
		"properties": {
			"project": "wvdog152",
			"id_text": "P514160",
			"primary_publication": "WVDOG 152 V 1 027",
			"museum_no": "IM —",
			"provenience": "Qalat Sherqat (Assur)",
			"excavation_no": "Ass 2001.D-502",
			"archive": "052a - Duri-Aššur Archive",
			"atae_attribution": "Based on Karen Radner, Die beiden neuassyrischen Privatarchive, in Peter A. Miglus, Karen Radner and Franciszek M. Stępniowski (eds.), Ausgrabungen in Assur: Wohnquartiere in der Weststadt Teil 1 (Wissenschaftliche Veröffentlichungen der Deutschen Orient-Gesellschaft 152), 2016. Adapted by Poppy Tushingham (2018-2020) for the Munich Open-access Cuneiform Corpus Initiative (MOCCI), which is funded by LMU Munich and the Alexander von Humboldt Foundation at the Historisches Seminar - Abteilung Alte Geschichte of Ludwig-Maximilians-Universität München. The annotated edition is released under the Creative Commons Attribution Share-Alike license 3.0.",
			"cite_as": "Please cite this page as http://oracc.org/atae/P514160/.",
			"collection": "National Museum of Iraq, Baghdad, Iraq",
			"composite_witness": "witness",
			"credits": "Based on Karen Radner, Die beiden neuassyrischen Privatarchive, in Peter A. Miglus, Karen Radner and Franciszek M. Stępniowski (eds.), Ausgrabungen in Assur: Wohnquartiere in der Weststadt Teil 1 (Wissenschaftliche Veröffentlichungen der Deutschen Orient-Gesellschaft 152), 2016. Adapted by Poppy Tushingham (2018-2020) for the Munich Open-access Cuneiform Corpus Initiative (MOCCI), which is funded by LMU Munich and the Alexander von Humboldt Foundation at the Historisches Seminar - Abteilung Alte Geschichte of Ludwig-Maximilians-Universität München. The annotated edition is released under the Creative Commons Attribution Share-Alike license 3.0. Please cite this page as http://oracc.org/atae/P514160/.",
			"date_of_origin": "00.000.00.00",
			"designation": "WVDOG 152 V 1 027",
			"dialect": "Neo-Assyrian",
			"findspot_square": "Duri-Ashur",
			"genre": "Legal Transaction",
			"language": "Akkadian",
			"last_mod_by": "Tushingham",
			"last_modified": "02.11.2021",
			"list_name": "atae/wvdog152:P514160",
			"material": "clay",
			"object_type": "tablet",
			"period": "Neo-Assyrian",
			"pleiades_id": "893945",
			"script": "Neo-Assyrian",
			"script_remarks": "inscribed",
			"script_type": "Cuneiform",
			"subgenre": "debt note (copper)",
			"ch_no": "01",
			"ch_name": "Assur 52a: Das Archiv des Dūrī-Aššur",
			"ch_num_name": "01 (Assur 52a: Das Archiv des Dūrī-Aššur)"
		},
		"geometry": {
			"type": "Point",
			"coordinates": [43.262037,35.458121]
		}
	}, {
		"type": "Feature",
		"properties": {
			"project": "wvdog152",
			"id_text": "P514161",
			"primary_publication": "WVDOG 152 V 1 028",
			"museum_no": "IM —",
			"provenience": "Qalat Sherqat (Assur)",
			"excavation_no": "Ass 2000.D-100",
			"archive": "052a - Duri-Aššur Archive",
			"atae_attribution": "Based on Karen Radner, Die beiden neuassyrischen Privatarchive, in Peter A. Miglus, Karen Radner and Franciszek M. Stępniowski (eds.), Ausgrabungen in Assur: Wohnquartiere in der Weststadt Teil 1 (Wissenschaftliche Veröffentlichungen der Deutschen Orient-Gesellschaft 152), 2016. Adapted by Poppy Tushingham (2018-2020) for the Munich Open-access Cuneiform Corpus Initiative (MOCCI), which is funded by LMU Munich and the Alexander von Humboldt Foundation at the Historisches Seminar - Abteilung Alte Geschichte of Ludwig-Maximilians-Universität München. The annotated edition is released under the Creative Commons Attribution Share-Alike license 3.0.",
			"cite_as": "Please cite this page as http://oracc.org/atae/P514161/.",
			"collection": "National Museum of Iraq, Baghdad, Iraq",
			"composite_witness": "witness",
			"credits": "Based on Karen Radner, Die beiden neuassyrischen Privatarchive, in Peter A. Miglus, Karen Radner and Franciszek M. Stępniowski (eds.), Ausgrabungen in Assur: Wohnquartiere in der Weststadt Teil 1 (Wissenschaftliche Veröffentlichungen der Deutschen Orient-Gesellschaft 152), 2016. Adapted by Poppy Tushingham (2018-2020) for the Munich Open-access Cuneiform Corpus Initiative (MOCCI), which is funded by LMU Munich and the Alexander von Humboldt Foundation at the Historisches Seminar - Abteilung Alte Geschichte of Ludwig-Maximilians-Universität München. The annotated edition is released under the Creative Commons Attribution Share-Alike license 3.0. Please cite this page as http://oracc.org/atae/P514161/.",
			"date_of_origin": "00.000.00.00",
			"designation": "WVDOG 152 V 1 028",
			"dialect": "Neo-Assyrian",
			"findspot_square": "Duri-Ashur",
			"genre": "Legal Transaction",
			"language": "Akkadian",
			"last_mod_by": "Tushingham",
			"last_modified": "02.11.2021",
			"list_name": "atae/wvdog152:P514161",
			"material": "clay",
			"object_type": "tablet",
			"period": "Neo-Assyrian",
			"pleiades_id": "893945",
			"script": "Neo-Assyrian",
			"script_remarks": "inscribed",
			"script_type": "Cuneiform",
			"subgenre": "sales document",
			"ch_no": "01",
			"ch_name": "Assur 52a: Das Archiv des Dūrī-Aššur",
			"ch_num_name": "01 (Assur 52a: Das Archiv des Dūrī-Aššur)"
		},
		"geometry": {
			"type": "Point",
			"coordinates": [43.262037,35.458121]
		}
	}, {
		"type": "Feature",
		"properties": {
			"project": "wvdog152",
			"id_text": "P514162",
			"primary_publication": "WVDOG 152 V 1 029",
			"museum_no": "IM 124713",
			"provenience": "Qalat Sherqat (Assur)",
			"excavation_no": "Ass 1990-071",
			"archive": "052a - Duri-Aššur Archive",
			"atae_attribution": "Based on Karen Radner, Die beiden neuassyrischen Privatarchive, in Peter A. Miglus, Karen Radner and Franciszek M. Stępniowski (eds.), Ausgrabungen in Assur: Wohnquartiere in der Weststadt Teil 1 (Wissenschaftliche Veröffentlichungen der Deutschen Orient-Gesellschaft 152), 2016. Adapted by Poppy Tushingham (2018-2020) for the Munich Open-access Cuneiform Corpus Initiative (MOCCI), which is funded by LMU Munich and the Alexander von Humboldt Foundation at the Historisches Seminar - Abteilung Alte Geschichte of Ludwig-Maximilians-Universität München. The annotated edition is released under the Creative Commons Attribution Share-Alike license 3.0.",
			"cite_as": "Please cite this page as http://oracc.org/atae/P514162/.",
			"collection": "National Museum of Iraq, Baghdad, Iraq",
			"composite_witness": "witness",
			"credits": "Based on Karen Radner, Die beiden neuassyrischen Privatarchive, in Peter A. Miglus, Karen Radner and Franciszek M. Stępniowski (eds.), Ausgrabungen in Assur: Wohnquartiere in der Weststadt Teil 1 (Wissenschaftliche Veröffentlichungen der Deutschen Orient-Gesellschaft 152), 2016. Adapted by Poppy Tushingham (2018-2020) for the Munich Open-access Cuneiform Corpus Initiative (MOCCI), which is funded by LMU Munich and the Alexander von Humboldt Foundation at the Historisches Seminar - Abteilung Alte Geschichte of Ludwig-Maximilians-Universität München. The annotated edition is released under the Creative Commons Attribution Share-Alike license 3.0. Please cite this page as http://oracc.org/atae/P514162/.",
			"date_of_origin": "00.000.00.00",
			"designation": "WVDOG 152 V 1 029",
			"dialect": "Neo-Assyrian",
			"findspot_square": "Duri-Ashur",
			"genre": "Legal Transaction",
			"language": "Akkadian",
			"last_mod_by": "Tushingham",
			"last_modified": "02.11.2021",
			"list_name": "atae/wvdog152:P514162",
			"material": "clay",
			"object_type": "tablet",
			"period": "Neo-Assyrian",
			"pleiades_id": "893945",
			"script": "Neo-Assyrian",
			"script_remarks": "inscribed",
			"script_type": "Cuneiform",
			"ch_no": "01",
			"ch_name": "Assur 52a: Das Archiv des Dūrī-Aššur",
			"ch_num_name": "01 (Assur 52a: Das Archiv des Dūrī-Aššur)"
		},
		"geometry": {
			"type": "Point",
			"coordinates": [43.262037,35.458121]
		}
	}, {
		"type": "Feature",
		"properties": {
			"project": "wvdog152",
			"id_text": "P514163",
			"primary_publication": "WVDOG 152 V 1 030",
			"museum_no": "IM 124724",
			"provenience": "Qalat Sherqat (Assur)",
			"excavation_no": "Ass 1990-110",
			"archive": "052a - Duri-Aššur Archive",
			"atae_attribution": "Based on Karen Radner, Die beiden neuassyrischen Privatarchive, in Peter A. Miglus, Karen Radner and Franciszek M. Stępniowski (eds.), Ausgrabungen in Assur: Wohnquartiere in der Weststadt Teil 1 (Wissenschaftliche Veröffentlichungen der Deutschen Orient-Gesellschaft 152), 2016. Adapted by Poppy Tushingham (2018-2020) for the Munich Open-access Cuneiform Corpus Initiative (MOCCI), which is funded by LMU Munich and the Alexander von Humboldt Foundation at the Historisches Seminar - Abteilung Alte Geschichte of Ludwig-Maximilians-Universität München. The annotated edition is released under the Creative Commons Attribution Share-Alike license 3.0.",
			"cite_as": "Please cite this page as http://oracc.org/atae/P514163/.",
			"collection": "National Museum of Iraq, Baghdad, Iraq",
			"composite_witness": "witness",
			"credits": "Based on Karen Radner, Die beiden neuassyrischen Privatarchive, in Peter A. Miglus, Karen Radner and Franciszek M. Stępniowski (eds.), Ausgrabungen in Assur: Wohnquartiere in der Weststadt Teil 1 (Wissenschaftliche Veröffentlichungen der Deutschen Orient-Gesellschaft 152), 2016. Adapted by Poppy Tushingham (2018-2020) for the Munich Open-access Cuneiform Corpus Initiative (MOCCI), which is funded by LMU Munich and the Alexander von Humboldt Foundation at the Historisches Seminar - Abteilung Alte Geschichte of Ludwig-Maximilians-Universität München. The annotated edition is released under the Creative Commons Attribution Share-Alike license 3.0. Please cite this page as http://oracc.org/atae/P514163/.",
			"date_of_origin": "00.000.00.00",
			"designation": "WVDOG 152 V 1 030",
			"dialect": "Neo-Assyrian",
			"findspot_square": "Duri-Ashur",
			"genre": "Legal Transaction",
			"language": "Akkadian",
			"last_mod_by": "Tushingham",
			"last_modified": "02.11.2021",
			"list_name": "atae/wvdog152:P514163",
			"material": "clay",
			"object_type": "tablet",
			"period": "Neo-Assyrian",
			"pleiades_id": "893945",
			"script": "Neo-Assyrian",
			"script_remarks": "inscribed",
			"script_type": "Cuneiform",
			"ch_no": "01",
			"ch_name": "Assur 52a: Das Archiv des Dūrī-Aššur",
			"ch_num_name": "01 (Assur 52a: Das Archiv des Dūrī-Aššur)"
		},
		"geometry": {
			"type": "Point",
			"coordinates": [43.262037,35.458121]
		}
	}, {
		"type": "Feature",
		"properties": {
			"project": "wvdog152",
			"id_text": "P514164",
			"primary_publication": "WVDOG 152 V 1 031",
			"museum_no": "IM —",
			"provenience": "Qalat Sherqat (Assur)",
			"excavation_no": "Ass 2000.D-183",
			"archive": "052a - Duri-Aššur Archive",
			"date": "[...]-[...]-14",
			"atae_attribution": "Based on Karen Radner, Die beiden neuassyrischen Privatarchive, in Peter A. Miglus, Karen Radner and Franciszek M. Stępniowski (eds.), Ausgrabungen in Assur: Wohnquartiere in der Weststadt Teil 1 (Wissenschaftliche Veröffentlichungen der Deutschen Orient-Gesellschaft 152), 2016. Adapted by Poppy Tushingham (2018-2020) for the Munich Open-access Cuneiform Corpus Initiative (MOCCI), which is funded by LMU Munich and the Alexander von Humboldt Foundation at the Historisches Seminar - Abteilung Alte Geschichte of Ludwig-Maximilians-Universität München. The annotated edition is released under the Creative Commons Attribution Share-Alike license 3.0.",
			"cite_as": "Please cite this page as http://oracc.org/atae/P514164/.",
			"collection": "National Museum of Iraq, Baghdad, Iraq",
			"composite_witness": "witness",
			"credits": "Based on Karen Radner, Die beiden neuassyrischen Privatarchive, in Peter A. Miglus, Karen Radner and Franciszek M. Stępniowski (eds.), Ausgrabungen in Assur: Wohnquartiere in der Weststadt Teil 1 (Wissenschaftliche Veröffentlichungen der Deutschen Orient-Gesellschaft 152), 2016. Adapted by Poppy Tushingham (2018-2020) for the Munich Open-access Cuneiform Corpus Initiative (MOCCI), which is funded by LMU Munich and the Alexander von Humboldt Foundation at the Historisches Seminar - Abteilung Alte Geschichte of Ludwig-Maximilians-Universität München. The annotated edition is released under the Creative Commons Attribution Share-Alike license 3.0. Please cite this page as http://oracc.org/atae/P514164/.",
			"date_gen": "[...]-[...]-14",
			"date_of_origin": "00.000.00.14",
			"day": "14",
			"designation": "WVDOG 152 V 1 031",
			"dialect": "Neo-Assyrian",
			"findspot_square": "Duri-Ashur",
			"genre": "Legal Transaction",
			"language": "Akkadian",
			"last_mod_by": "Tushingham",
			"last_modified": "02.11.2021",
			"list_name": "atae/wvdog152:P514164",
			"long_date_gen": "... 14th, [eponymy of ...]",
			"material": "clay",
			"month": "[...]",
			"object_type": "tablet",
			"period": "Neo-Assyrian",
			"pleiades_id": "893945",
			"script": "Neo-Assyrian",
			"script_remarks": "inscribed",
			"script_type": "Cuneiform",
			"year": "[...]",
			"ch_no": "01",
			"ch_name": "Assur 52a: Das Archiv des Dūrī-Aššur",
			"ch_num_name": "01 (Assur 52a: Das Archiv des Dūrī-Aššur)"
		},
		"geometry": {
			"type": "Point",
			"coordinates": [43.262037,35.458121]
		}
	}, {
		"type": "Feature",
		"properties": {
			"project": "wvdog152",
			"id_text": "P514165",
			"primary_publication": "WVDOG 152 V 1 032",
			"museum_no": "IM —",
			"provenience": "Qalat Sherqat (Assur)",
			"excavation_no": "Ass 2000.D-184",
			"archive": "052a - Duri-Aššur Archive",
			"atae_attribution": "Based on Karen Radner, Die beiden neuassyrischen Privatarchive, in Peter A. Miglus, Karen Radner and Franciszek M. Stępniowski (eds.), Ausgrabungen in Assur: Wohnquartiere in der Weststadt Teil 1 (Wissenschaftliche Veröffentlichungen der Deutschen Orient-Gesellschaft 152), 2016. Adapted by Poppy Tushingham (2018-2020) for the Munich Open-access Cuneiform Corpus Initiative (MOCCI), which is funded by LMU Munich and the Alexander von Humboldt Foundation at the Historisches Seminar - Abteilung Alte Geschichte of Ludwig-Maximilians-Universität München. The annotated edition is released under the Creative Commons Attribution Share-Alike license 3.0.",
			"cite_as": "Please cite this page as http://oracc.org/atae/P514165/.",
			"collection": "National Museum of Iraq, Baghdad, Iraq",
			"composite_witness": "witness",
			"credits": "Based on Karen Radner, Die beiden neuassyrischen Privatarchive, in Peter A. Miglus, Karen Radner and Franciszek M. Stępniowski (eds.), Ausgrabungen in Assur: Wohnquartiere in der Weststadt Teil 1 (Wissenschaftliche Veröffentlichungen der Deutschen Orient-Gesellschaft 152), 2016. Adapted by Poppy Tushingham (2018-2020) for the Munich Open-access Cuneiform Corpus Initiative (MOCCI), which is funded by LMU Munich and the Alexander von Humboldt Foundation at the Historisches Seminar - Abteilung Alte Geschichte of Ludwig-Maximilians-Universität München. The annotated edition is released under the Creative Commons Attribution Share-Alike license 3.0. Please cite this page as http://oracc.org/atae/P514165/.",
			"date_of_origin": "00.000.00.00",
			"designation": "WVDOG 152 V 1 032",
			"dialect": "Neo-Assyrian",
			"findspot_square": "Duri-Ashur",
			"genre": "Legal Transaction",
			"language": "Akkadian",
			"last_mod_by": "Tushingham",
			"last_modified": "02.11.2021",
			"list_name": "atae/wvdog152:P514165",
			"material": "clay",
			"object_type": "tablet",
			"period": "Neo-Assyrian",
			"pleiades_id": "893945",
			"script": "Neo-Assyrian",
			"script_remarks": "inscribed",
			"script_type": "Cuneiform",
			"ch_no": "01",
			"ch_name": "Assur 52a: Das Archiv des Dūrī-Aššur",
			"ch_num_name": "01 (Assur 52a: Das Archiv des Dūrī-Aššur)"
		},
		"geometry": {
			"type": "Point",
			"coordinates": [43.262037,35.458121]
		}
	}, {
		"type": "Feature",
		"properties": {
			"project": "wvdog152",
			"id_text": "P514166",
			"primary_publication": "WVDOG 152 V 1 033",
			"museum_no": "IM 124673",
			"provenience": "Qalat Sherqat (Assur)",
			"excavation_no": "Ass 1990-10",
			"archive": "052a - Duri-Aššur Archive",
			"atae_attribution": "Based on Karen Radner, Die beiden neuassyrischen Privatarchive, in Peter A. Miglus, Karen Radner and Franciszek M. Stępniowski (eds.), Ausgrabungen in Assur: Wohnquartiere in der Weststadt Teil 1 (Wissenschaftliche Veröffentlichungen der Deutschen Orient-Gesellschaft 152), 2016. Adapted by Poppy Tushingham (2018-2020) for the Munich Open-access Cuneiform Corpus Initiative (MOCCI), which is funded by LMU Munich and the Alexander von Humboldt Foundation at the Historisches Seminar - Abteilung Alte Geschichte of Ludwig-Maximilians-Universität München. The annotated edition is released under the Creative Commons Attribution Share-Alike license 3.0.",
			"cite_as": "Please cite this page as http://oracc.org/atae/P514166/.",
			"collection": "National Museum of Iraq, Baghdad, Iraq",
			"composite_witness": "witness",
			"credits": "Based on Karen Radner, Die beiden neuassyrischen Privatarchive, in Peter A. Miglus, Karen Radner and Franciszek M. Stępniowski (eds.), Ausgrabungen in Assur: Wohnquartiere in der Weststadt Teil 1 (Wissenschaftliche Veröffentlichungen der Deutschen Orient-Gesellschaft 152), 2016. Adapted by Poppy Tushingham (2018-2020) for the Munich Open-access Cuneiform Corpus Initiative (MOCCI), which is funded by LMU Munich and the Alexander von Humboldt Foundation at the Historisches Seminar - Abteilung Alte Geschichte of Ludwig-Maximilians-Universität München. The annotated edition is released under the Creative Commons Attribution Share-Alike license 3.0. Please cite this page as http://oracc.org/atae/P514166/.",
			"date_of_origin": "00.000.00.00",
			"designation": "WVDOG 152 V 1 033",
			"dialect": "Neo-Assyrian",
			"findspot_square": "Duri-Ashur",
			"genre": "Administrative Record",
			"language": "Akkadian",
			"last_mod_by": "Tushingham",
			"last_modified": "02.11.2021",
			"list_name": "atae/wvdog152:P514166",
			"material": "clay",
			"object_type": "tablet",
			"period": "Neo-Assyrian",
			"pleiades_id": "893945",
			"script": "Neo-Assyrian",
			"script_remarks": "inscribed",
			"script_type": "Cuneiform",
			"subgenre": "list  (commercial journey)",
			"ch_no": "01",
			"ch_name": "Assur 52a: Das Archiv des Dūrī-Aššur",
			"ch_num_name": "01 (Assur 52a: Das Archiv des Dūrī-Aššur)"
		},
		"geometry": {
			"type": "Point",
			"coordinates": [43.262037,35.458121]
		}
	}, {
		"type": "Feature",
		"properties": {
			"project": "wvdog152",
			"id_text": "P514167",
			"primary_publication": "WVDOG 152 V 1 034",
			"museum_no": "IM 124696a",
			"provenience": "Qalat Sherqat (Assur)",
			"excavation_no": "Ass 1990-32a",
			"archive": "052a - Duri-Aššur Archive",
			"atae_attribution": "Based on Karen Radner, Die beiden neuassyrischen Privatarchive, in Peter A. Miglus, Karen Radner and Franciszek M. Stępniowski (eds.), Ausgrabungen in Assur: Wohnquartiere in der Weststadt Teil 1 (Wissenschaftliche Veröffentlichungen der Deutschen Orient-Gesellschaft 152), 2016. Adapted by Poppy Tushingham (2018-2020) for the Munich Open-access Cuneiform Corpus Initiative (MOCCI), which is funded by LMU Munich and the Alexander von Humboldt Foundation at the Historisches Seminar - Abteilung Alte Geschichte of Ludwig-Maximilians-Universität München. The annotated edition is released under the Creative Commons Attribution Share-Alike license 3.0.",
			"cite_as": "Please cite this page as http://oracc.org/atae/P514167/.",
			"collection": "National Museum of Iraq, Baghdad, Iraq",
			"composite_witness": "witness",
			"credits": "Based on Karen Radner, Die beiden neuassyrischen Privatarchive, in Peter A. Miglus, Karen Radner and Franciszek M. Stępniowski (eds.), Ausgrabungen in Assur: Wohnquartiere in der Weststadt Teil 1 (Wissenschaftliche Veröffentlichungen der Deutschen Orient-Gesellschaft 152), 2016. Adapted by Poppy Tushingham (2018-2020) for the Munich Open-access Cuneiform Corpus Initiative (MOCCI), which is funded by LMU Munich and the Alexander von Humboldt Foundation at the Historisches Seminar - Abteilung Alte Geschichte of Ludwig-Maximilians-Universität München. The annotated edition is released under the Creative Commons Attribution Share-Alike license 3.0. Please cite this page as http://oracc.org/atae/P514167/.",
			"date_of_origin": "00.000.00.00",
			"designation": "WVDOG 152 V 1 034",
			"dialect": "Neo-Assyrian",
			"findspot_square": "Duri-Ashur",
			"genre": "Administrative Record",
			"language": "Akkadian",
			"last_mod_by": "Tushingham",
			"last_modified": "02.11.2021",
			"list_name": "atae/wvdog152:P514167",
			"material": "clay",
			"object_type": "tablet",
			"period": "Neo-Assyrian",
			"pleiades_id": "893945",
			"script": "Neo-Assyrian",
			"script_remarks": "inscribed",
			"script_type": "Cuneiform",
			"subgenre": "list  (commercial journey)",
			"ch_no": "01",
			"ch_name": "Assur 52a: Das Archiv des Dūrī-Aššur",
			"ch_num_name": "01 (Assur 52a: Das Archiv des Dūrī-Aššur)"
		},
		"geometry": {
			"type": "Point",
			"coordinates": [43.262037,35.458121]
		}
	}, {
		"type": "Feature",
		"properties": {
			"project": "wvdog152",
			"id_text": "P514168",
			"primary_publication": "WVDOG 152 V 1 035",
			"museum_no": "IM 124681",
			"provenience": "Qalat Sherqat (Assur)",
			"excavation_no": "Ass 1990-18",
			"archive": "052a - Duri-Aššur Archive",
			"atae_attribution": "Based on Karen Radner, Die beiden neuassyrischen Privatarchive, in Peter A. Miglus, Karen Radner and Franciszek M. Stępniowski (eds.), Ausgrabungen in Assur: Wohnquartiere in der Weststadt Teil 1 (Wissenschaftliche Veröffentlichungen der Deutschen Orient-Gesellschaft 152), 2016. Adapted by Poppy Tushingham (2018-2020) for the Munich Open-access Cuneiform Corpus Initiative (MOCCI), which is funded by LMU Munich and the Alexander von Humboldt Foundation at the Historisches Seminar - Abteilung Alte Geschichte of Ludwig-Maximilians-Universität München. The annotated edition is released under the Creative Commons Attribution Share-Alike license 3.0.",
			"cite_as": "Please cite this page as http://oracc.org/atae/P514168/.",
			"collection": "National Museum of Iraq, Baghdad, Iraq",
			"composite_witness": "witness",
			"credits": "Based on Karen Radner, Die beiden neuassyrischen Privatarchive, in Peter A. Miglus, Karen Radner and Franciszek M. Stępniowski (eds.), Ausgrabungen in Assur: Wohnquartiere in der Weststadt Teil 1 (Wissenschaftliche Veröffentlichungen der Deutschen Orient-Gesellschaft 152), 2016. Adapted by Poppy Tushingham (2018-2020) for the Munich Open-access Cuneiform Corpus Initiative (MOCCI), which is funded by LMU Munich and the Alexander von Humboldt Foundation at the Historisches Seminar - Abteilung Alte Geschichte of Ludwig-Maximilians-Universität München. The annotated edition is released under the Creative Commons Attribution Share-Alike license 3.0. Please cite this page as http://oracc.org/atae/P514168/.",
			"date_of_origin": "00.000.00.00",
			"designation": "WVDOG 152 V 1 035",
			"dialect": "Neo-Assyrian",
			"findspot_square": "Duri-Ashur",
			"genre": "Administrative Record",
			"language": "Akkadian",
			"last_mod_by": "Tushingham",
			"last_modified": "02.11.2021",
			"list_name": "atae/wvdog152:P514168",
			"material": "clay",
			"object_type": "tablet",
			"period": "Neo-Assyrian",
			"pleiades_id": "893945",
			"script": "Neo-Assyrian",
			"script_remarks": "inscribed",
			"script_type": "Cuneiform",
			"subgenre": "list  (commercial journey)",
			"ch_no": "01",
			"ch_name": "Assur 52a: Das Archiv des Dūrī-Aššur",
			"ch_num_name": "01 (Assur 52a: Das Archiv des Dūrī-Aššur)"
		},
		"geometry": {
			"type": "Point",
			"coordinates": [43.262037,35.458121]
		}
	}, {
		"type": "Feature",
		"properties": {
			"project": "wvdog152",
			"id_text": "P514169",
			"primary_publication": "WVDOG 152 V 1 036",
			"museum_no": "IM 124687",
			"provenience": "Qalat Sherqat (Assur)",
			"excavation_no": "Ass 1990-24",
			"archive": "052a - Duri-Aššur Archive",
			"atae_attribution": "Based on Karen Radner, Die beiden neuassyrischen Privatarchive, in Peter A. Miglus, Karen Radner and Franciszek M. Stępniowski (eds.), Ausgrabungen in Assur: Wohnquartiere in der Weststadt Teil 1 (Wissenschaftliche Veröffentlichungen der Deutschen Orient-Gesellschaft 152), 2016. Adapted by Poppy Tushingham (2018-2020) for the Munich Open-access Cuneiform Corpus Initiative (MOCCI), which is funded by LMU Munich and the Alexander von Humboldt Foundation at the Historisches Seminar - Abteilung Alte Geschichte of Ludwig-Maximilians-Universität München. The annotated edition is released under the Creative Commons Attribution Share-Alike license 3.0.",
			"cite_as": "Please cite this page as http://oracc.org/atae/P514169/.",
			"collection": "National Museum of Iraq, Baghdad, Iraq",
			"composite_witness": "witness",
			"credits": "Based on Karen Radner, Die beiden neuassyrischen Privatarchive, in Peter A. Miglus, Karen Radner and Franciszek M. Stępniowski (eds.), Ausgrabungen in Assur: Wohnquartiere in der Weststadt Teil 1 (Wissenschaftliche Veröffentlichungen der Deutschen Orient-Gesellschaft 152), 2016. Adapted by Poppy Tushingham (2018-2020) for the Munich Open-access Cuneiform Corpus Initiative (MOCCI), which is funded by LMU Munich and the Alexander von Humboldt Foundation at the Historisches Seminar - Abteilung Alte Geschichte of Ludwig-Maximilians-Universität München. The annotated edition is released under the Creative Commons Attribution Share-Alike license 3.0. Please cite this page as http://oracc.org/atae/P514169/.",
			"date_of_origin": "00.000.00.00",
			"designation": "WVDOG 152 V 1 036",
			"dialect": "Neo-Assyrian",
			"findspot_square": "Duri-Ashur",
			"genre": "Administrative Record",
			"language": "Akkadian",
			"last_mod_by": "Tushingham",
			"last_modified": "02.11.2021",
			"list_name": "atae/wvdog152:P514169",
			"material": "clay",
			"object_type": "tablet",
			"period": "Neo-Assyrian",
			"pleiades_id": "893945",
			"script": "Neo-Assyrian",
			"script_remarks": "inscribed",
			"script_type": "Cuneiform",
			"subgenre": "list  (commercial journey)",
			"ch_no": "01",
			"ch_name": "Assur 52a: Das Archiv des Dūrī-Aššur",
			"ch_num_name": "01 (Assur 52a: Das Archiv des Dūrī-Aššur)"
		},
		"geometry": {
			"type": "Point",
			"coordinates": [43.262037,35.458121]
		}
	}, {
		"type": "Feature",
		"properties": {
			"project": "wvdog152",
			"id_text": "P514170",
			"primary_publication": "WVDOG 152 V 1 037",
			"museum_no": "IM 124683",
			"provenience": "Qalat Sherqat (Assur)",
			"excavation_no": "Ass 1990-20",
			"archive": "052a - Duri-Aššur Archive",
			"atae_attribution": "Based on Karen Radner, Die beiden neuassyrischen Privatarchive, in Peter A. Miglus, Karen Radner and Franciszek M. Stępniowski (eds.), Ausgrabungen in Assur: Wohnquartiere in der Weststadt Teil 1 (Wissenschaftliche Veröffentlichungen der Deutschen Orient-Gesellschaft 152), 2016. Adapted by Poppy Tushingham (2018-2020) for the Munich Open-access Cuneiform Corpus Initiative (MOCCI), which is funded by LMU Munich and the Alexander von Humboldt Foundation at the Historisches Seminar - Abteilung Alte Geschichte of Ludwig-Maximilians-Universität München. The annotated edition is released under the Creative Commons Attribution Share-Alike license 3.0.",
			"cite_as": "Please cite this page as http://oracc.org/atae/P514170/.",
			"collection": "National Museum of Iraq, Baghdad, Iraq",
			"composite_witness": "witness",
			"credits": "Based on Karen Radner, Die beiden neuassyrischen Privatarchive, in Peter A. Miglus, Karen Radner and Franciszek M. Stępniowski (eds.), Ausgrabungen in Assur: Wohnquartiere in der Weststadt Teil 1 (Wissenschaftliche Veröffentlichungen der Deutschen Orient-Gesellschaft 152), 2016. Adapted by Poppy Tushingham (2018-2020) for the Munich Open-access Cuneiform Corpus Initiative (MOCCI), which is funded by LMU Munich and the Alexander von Humboldt Foundation at the Historisches Seminar - Abteilung Alte Geschichte of Ludwig-Maximilians-Universität München. The annotated edition is released under the Creative Commons Attribution Share-Alike license 3.0. Please cite this page as http://oracc.org/atae/P514170/.",
			"date_of_origin": "00.000.00.00",
			"designation": "WVDOG 152 V 1 037",
			"dialect": "Neo-Assyrian",
			"findspot_square": "Duri-Ashur",
			"genre": "Administrative Record",
			"language": "Akkadian",
			"last_mod_by": "Tushingham",
			"last_modified": "02.11.2021",
			"list_name": "atae/wvdog152:P514170",
			"material": "clay",
			"object_type": "tablet",
			"period": "Neo-Assyrian",
			"pleiades_id": "893945",
			"script": "Neo-Assyrian",
			"script_remarks": "inscribed",
			"script_type": "Cuneiform",
			"subgenre": "list  (commercial journey)",
			"ch_no": "01",
			"ch_name": "Assur 52a: Das Archiv des Dūrī-Aššur",
			"ch_num_name": "01 (Assur 52a: Das Archiv des Dūrī-Aššur)"
		},
		"geometry": {
			"type": "Point",
			"coordinates": [43.262037,35.458121]
		}
	}, {
		"type": "Feature",
		"properties": {
			"project": "wvdog152",
			"id_text": "P514171",
			"primary_publication": "WVDOG 152 V 1 038",
			"museum_no": "IM 124693",
			"provenience": "Qalat Sherqat (Assur)",
			"excavation_no": "Ass 1990-30",
			"archive": "052a - Duri-Aššur Archive",
			"atae_attribution": "Based on Karen Radner, Die beiden neuassyrischen Privatarchive, in Peter A. Miglus, Karen Radner and Franciszek M. Stępniowski (eds.), Ausgrabungen in Assur: Wohnquartiere in der Weststadt Teil 1 (Wissenschaftliche Veröffentlichungen der Deutschen Orient-Gesellschaft 152), 2016. Adapted by Poppy Tushingham (2018-2020) for the Munich Open-access Cuneiform Corpus Initiative (MOCCI), which is funded by LMU Munich and the Alexander von Humboldt Foundation at the Historisches Seminar - Abteilung Alte Geschichte of Ludwig-Maximilians-Universität München. The annotated edition is released under the Creative Commons Attribution Share-Alike license 3.0.",
			"cite_as": "Please cite this page as http://oracc.org/atae/P514171/.",
			"collection": "National Museum of Iraq, Baghdad, Iraq",
			"composite_witness": "witness",
			"credits": "Based on Karen Radner, Die beiden neuassyrischen Privatarchive, in Peter A. Miglus, Karen Radner and Franciszek M. Stępniowski (eds.), Ausgrabungen in Assur: Wohnquartiere in der Weststadt Teil 1 (Wissenschaftliche Veröffentlichungen der Deutschen Orient-Gesellschaft 152), 2016. Adapted by Poppy Tushingham (2018-2020) for the Munich Open-access Cuneiform Corpus Initiative (MOCCI), which is funded by LMU Munich and the Alexander von Humboldt Foundation at the Historisches Seminar - Abteilung Alte Geschichte of Ludwig-Maximilians-Universität München. The annotated edition is released under the Creative Commons Attribution Share-Alike license 3.0. Please cite this page as http://oracc.org/atae/P514171/.",
			"date_of_origin": "00.000.00.00",
			"designation": "WVDOG 152 V 1 038",
			"dialect": "Neo-Assyrian",
			"findspot_square": "Duri-Ashur",
			"genre": "Administrative Record",
			"language": "Akkadian",
			"last_mod_by": "Tushingham",
			"last_modified": "02.11.2021",
			"list_name": "atae/wvdog152:P514171",
			"material": "clay",
			"object_type": "tablet",
			"period": "Neo-Assyrian",
			"pleiades_id": "893945",
			"script": "Neo-Assyrian",
			"script_remarks": "inscribed",
			"script_type": "Cuneiform",
			"subgenre": "list  (commercial journey)",
			"ch_no": "01",
			"ch_name": "Assur 52a: Das Archiv des Dūrī-Aššur",
			"ch_num_name": "01 (Assur 52a: Das Archiv des Dūrī-Aššur)"
		},
		"geometry": {
			"type": "Point",
			"coordinates": [43.262037,35.458121]
		}
	}, {
		"type": "Feature",
		"properties": {
			"project": "wvdog152",
			"id_text": "P514172",
			"primary_publication": "WVDOG 152 V 1 039",
			"museum_no": "IM 124675",
			"provenience": "Qalat Sherqat (Assur)",
			"excavation_no": "Ass 1990-12",
			"archive": "052a - Duri-Aššur Archive",
			"atae_attribution": "Based on Karen Radner, Die beiden neuassyrischen Privatarchive, in Peter A. Miglus, Karen Radner and Franciszek M. Stępniowski (eds.), Ausgrabungen in Assur: Wohnquartiere in der Weststadt Teil 1 (Wissenschaftliche Veröffentlichungen der Deutschen Orient-Gesellschaft 152), 2016. Adapted by Poppy Tushingham (2018-2020) for the Munich Open-access Cuneiform Corpus Initiative (MOCCI), which is funded by LMU Munich and the Alexander von Humboldt Foundation at the Historisches Seminar - Abteilung Alte Geschichte of Ludwig-Maximilians-Universität München. The annotated edition is released under the Creative Commons Attribution Share-Alike license 3.0.",
			"cite_as": "Please cite this page as http://oracc.org/atae/P514172/.",
			"collection": "National Museum of Iraq, Baghdad, Iraq",
			"composite_witness": "witness",
			"credits": "Based on Karen Radner, Die beiden neuassyrischen Privatarchive, in Peter A. Miglus, Karen Radner and Franciszek M. Stępniowski (eds.), Ausgrabungen in Assur: Wohnquartiere in der Weststadt Teil 1 (Wissenschaftliche Veröffentlichungen der Deutschen Orient-Gesellschaft 152), 2016. Adapted by Poppy Tushingham (2018-2020) for the Munich Open-access Cuneiform Corpus Initiative (MOCCI), which is funded by LMU Munich and the Alexander von Humboldt Foundation at the Historisches Seminar - Abteilung Alte Geschichte of Ludwig-Maximilians-Universität München. The annotated edition is released under the Creative Commons Attribution Share-Alike license 3.0. Please cite this page as http://oracc.org/atae/P514172/.",
			"date_of_origin": "00.000.00.00",
			"designation": "WVDOG 152 V 1 039",
			"dialect": "Neo-Assyrian",
			"findspot_square": "Duri-Ashur",
			"genre": "Administrative Record",
			"language": "Akkadian",
			"last_mod_by": "Tushingham",
			"last_modified": "02.11.2021",
			"list_name": "atae/wvdog152:P514172",
			"material": "clay",
			"object_type": "tablet",
			"period": "Neo-Assyrian",
			"pleiades_id": "893945",
			"script": "Neo-Assyrian",
			"script_remarks": "inscribed",
			"script_type": "Cuneiform",
			"subgenre": "list  (commercial journey)",
			"ch_no": "01",
			"ch_name": "Assur 52a: Das Archiv des Dūrī-Aššur",
			"ch_num_name": "01 (Assur 52a: Das Archiv des Dūrī-Aššur)"
		},
		"geometry": {
			"type": "Point",
			"coordinates": [43.262037,35.458121]
		}
	}, {
		"type": "Feature",
		"properties": {
			"project": "wvdog152",
			"id_text": "P514173",
			"primary_publication": "WVDOG 152 V 1 040",
			"museum_no": "IM 124695b",
			"provenience": "Qalat Sherqat (Assur)",
			"excavation_no": "Ass 1990-31c",
			"archive": "052a - Duri-Aššur Archive",
			"atae_attribution": "Based on Karen Radner, Die beiden neuassyrischen Privatarchive, in Peter A. Miglus, Karen Radner and Franciszek M. Stępniowski (eds.), Ausgrabungen in Assur: Wohnquartiere in der Weststadt Teil 1 (Wissenschaftliche Veröffentlichungen der Deutschen Orient-Gesellschaft 152), 2016. Adapted by Poppy Tushingham (2018-2020) for the Munich Open-access Cuneiform Corpus Initiative (MOCCI), which is funded by LMU Munich and the Alexander von Humboldt Foundation at the Historisches Seminar - Abteilung Alte Geschichte of Ludwig-Maximilians-Universität München. The annotated edition is released under the Creative Commons Attribution Share-Alike license 3.0.",
			"cite_as": "Please cite this page as http://oracc.org/atae/P514173/.",
			"collection": "National Museum of Iraq, Baghdad, Iraq",
			"composite_witness": "witness",
			"credits": "Based on Karen Radner, Die beiden neuassyrischen Privatarchive, in Peter A. Miglus, Karen Radner and Franciszek M. Stępniowski (eds.), Ausgrabungen in Assur: Wohnquartiere in der Weststadt Teil 1 (Wissenschaftliche Veröffentlichungen der Deutschen Orient-Gesellschaft 152), 2016. Adapted by Poppy Tushingham (2018-2020) for the Munich Open-access Cuneiform Corpus Initiative (MOCCI), which is funded by LMU Munich and the Alexander von Humboldt Foundation at the Historisches Seminar - Abteilung Alte Geschichte of Ludwig-Maximilians-Universität München. The annotated edition is released under the Creative Commons Attribution Share-Alike license 3.0. Please cite this page as http://oracc.org/atae/P514173/.",
			"date_of_origin": "00.000.00.00",
			"designation": "WVDOG 152 V 1 040",
			"dialect": "Neo-Assyrian",
			"findspot_square": "Duri-Ashur",
			"genre": "Administrative Record",
			"language": "Akkadian",
			"last_mod_by": "Tushingham",
			"last_modified": "02.11.2021",
			"list_name": "atae/wvdog152:P514173",
			"material": "clay",
			"object_type": "tablet",
			"period": "Neo-Assyrian",
			"pleiades_id": "893945",
			"script": "Neo-Assyrian",
			"script_remarks": "inscribed",
			"script_type": "Cuneiform",
			"subgenre": "list  (commercial journey)",
			"ch_no": "01",
			"ch_name": "Assur 52a: Das Archiv des Dūrī-Aššur",
			"ch_num_name": "01 (Assur 52a: Das Archiv des Dūrī-Aššur)"
		},
		"geometry": {
			"type": "Point",
			"coordinates": [43.262037,35.458121]
		}
	}, {
		"type": "Feature",
		"properties": {
			"project": "wvdog152",
			"id_text": "P514174",
			"primary_publication": "WVDOG 152 V 1 041",
			"museum_no": "IM 124682",
			"provenience": "Qalat Sherqat (Assur)",
			"excavation_no": "Ass 1990-19",
			"archive": "052a - Duri-Aššur Archive",
			"atae_attribution": "Based on Karen Radner, Die beiden neuassyrischen Privatarchive, in Peter A. Miglus, Karen Radner and Franciszek M. Stępniowski (eds.), Ausgrabungen in Assur: Wohnquartiere in der Weststadt Teil 1 (Wissenschaftliche Veröffentlichungen der Deutschen Orient-Gesellschaft 152), 2016. Adapted by Poppy Tushingham (2018-2020) for the Munich Open-access Cuneiform Corpus Initiative (MOCCI), which is funded by LMU Munich and the Alexander von Humboldt Foundation at the Historisches Seminar - Abteilung Alte Geschichte of Ludwig-Maximilians-Universität München. The annotated edition is released under the Creative Commons Attribution Share-Alike license 3.0.",
			"cite_as": "Please cite this page as http://oracc.org/atae/P514174/.",
			"collection": "National Museum of Iraq, Baghdad, Iraq",
			"composite_witness": "witness",
			"credits": "Based on Karen Radner, Die beiden neuassyrischen Privatarchive, in Peter A. Miglus, Karen Radner and Franciszek M. Stępniowski (eds.), Ausgrabungen in Assur: Wohnquartiere in der Weststadt Teil 1 (Wissenschaftliche Veröffentlichungen der Deutschen Orient-Gesellschaft 152), 2016. Adapted by Poppy Tushingham (2018-2020) for the Munich Open-access Cuneiform Corpus Initiative (MOCCI), which is funded by LMU Munich and the Alexander von Humboldt Foundation at the Historisches Seminar - Abteilung Alte Geschichte of Ludwig-Maximilians-Universität München. The annotated edition is released under the Creative Commons Attribution Share-Alike license 3.0. Please cite this page as http://oracc.org/atae/P514174/.",
			"date_of_origin": "00.000.00.00",
			"designation": "WVDOG 152 V 1 041",
			"dialect": "Neo-Assyrian",
			"findspot_square": "Duri-Ashur",
			"genre": "Administrative Record",
			"language": "Akkadian",
			"last_mod_by": "Tushingham",
			"last_modified": "02.11.2021",
			"list_name": "atae/wvdog152:P514174",
			"material": "clay",
			"object_type": "tablet",
			"period": "Neo-Assyrian",
			"pleiades_id": "893945",
			"script": "Neo-Assyrian",
			"script_remarks": "inscribed",
			"script_type": "Cuneiform",
			"subgenre": "list  (commercial journey)",
			"ch_no": "01",
			"ch_name": "Assur 52a: Das Archiv des Dūrī-Aššur",
			"ch_num_name": "01 (Assur 52a: Das Archiv des Dūrī-Aššur)"
		},
		"geometry": {
			"type": "Point",
			"coordinates": [43.262037,35.458121]
		}
	}, {
		"type": "Feature",
		"properties": {
			"project": "wvdog152",
			"id_text": "P514175",
			"primary_publication": "WVDOG 152 V 1 042",
			"museum_no": "IM 124684",
			"provenience": "Qalat Sherqat (Assur)",
			"excavation_no": "Ass 1990-21",
			"archive": "052a - Duri-Aššur Archive",
			"atae_attribution": "Based on Karen Radner, Die beiden neuassyrischen Privatarchive, in Peter A. Miglus, Karen Radner and Franciszek M. Stępniowski (eds.), Ausgrabungen in Assur: Wohnquartiere in der Weststadt Teil 1 (Wissenschaftliche Veröffentlichungen der Deutschen Orient-Gesellschaft 152), 2016. Adapted by Poppy Tushingham (2018-2020) for the Munich Open-access Cuneiform Corpus Initiative (MOCCI), which is funded by LMU Munich and the Alexander von Humboldt Foundation at the Historisches Seminar - Abteilung Alte Geschichte of Ludwig-Maximilians-Universität München. The annotated edition is released under the Creative Commons Attribution Share-Alike license 3.0.",
			"cite_as": "Please cite this page as http://oracc.org/atae/P514175/.",
			"collection": "National Museum of Iraq, Baghdad, Iraq",
			"composite_witness": "witness",
			"credits": "Based on Karen Radner, Die beiden neuassyrischen Privatarchive, in Peter A. Miglus, Karen Radner and Franciszek M. Stępniowski (eds.), Ausgrabungen in Assur: Wohnquartiere in der Weststadt Teil 1 (Wissenschaftliche Veröffentlichungen der Deutschen Orient-Gesellschaft 152), 2016. Adapted by Poppy Tushingham (2018-2020) for the Munich Open-access Cuneiform Corpus Initiative (MOCCI), which is funded by LMU Munich and the Alexander von Humboldt Foundation at the Historisches Seminar - Abteilung Alte Geschichte of Ludwig-Maximilians-Universität München. The annotated edition is released under the Creative Commons Attribution Share-Alike license 3.0. Please cite this page as http://oracc.org/atae/P514175/.",
			"date_of_origin": "00.000.00.00",
			"designation": "WVDOG 152 V 1 042",
			"dialect": "Neo-Assyrian",
			"findspot_square": "Duri-Ashur",
			"genre": "Administrative Record",
			"language": "Akkadian",
			"last_mod_by": "Tushingham",
			"last_modified": "02.11.2021",
			"list_name": "atae/wvdog152:P514175",
			"material": "clay",
			"object_type": "tablet",
			"period": "Neo-Assyrian",
			"pleiades_id": "893945",
			"script": "Neo-Assyrian",
			"script_remarks": "inscribed",
			"script_type": "Cuneiform",
			"subgenre": "list  (commercial journey)",
			"ch_no": "01",
			"ch_name": "Assur 52a: Das Archiv des Dūrī-Aššur",
			"ch_num_name": "01 (Assur 52a: Das Archiv des Dūrī-Aššur)"
		},
		"geometry": {
			"type": "Point",
			"coordinates": [43.262037,35.458121]
		}
	}, {
		"type": "Feature",
		"properties": {
			"project": "wvdog152",
			"id_text": "P514176",
			"primary_publication": "WVDOG 152 V 1 043",
			"museum_no": "IM 124680",
			"provenience": "Qalat Sherqat (Assur)",
			"excavation_no": "Ass 1990-17a",
			"archive": "052a - Duri-Aššur Archive",
			"atae_attribution": "Based on Karen Radner, Die beiden neuassyrischen Privatarchive, in Peter A. Miglus, Karen Radner and Franciszek M. Stępniowski (eds.), Ausgrabungen in Assur: Wohnquartiere in der Weststadt Teil 1 (Wissenschaftliche Veröffentlichungen der Deutschen Orient-Gesellschaft 152), 2016. Adapted by Poppy Tushingham (2018-2020) for the Munich Open-access Cuneiform Corpus Initiative (MOCCI), which is funded by LMU Munich and the Alexander von Humboldt Foundation at the Historisches Seminar - Abteilung Alte Geschichte of Ludwig-Maximilians-Universität München. The annotated edition is released under the Creative Commons Attribution Share-Alike license 3.0.",
			"cite_as": "Please cite this page as http://oracc.org/atae/P514176/.",
			"collection": "National Museum of Iraq, Baghdad, Iraq",
			"composite_witness": "witness",
			"credits": "Based on Karen Radner, Die beiden neuassyrischen Privatarchive, in Peter A. Miglus, Karen Radner and Franciszek M. Stępniowski (eds.), Ausgrabungen in Assur: Wohnquartiere in der Weststadt Teil 1 (Wissenschaftliche Veröffentlichungen der Deutschen Orient-Gesellschaft 152), 2016. Adapted by Poppy Tushingham (2018-2020) for the Munich Open-access Cuneiform Corpus Initiative (MOCCI), which is funded by LMU Munich and the Alexander von Humboldt Foundation at the Historisches Seminar - Abteilung Alte Geschichte of Ludwig-Maximilians-Universität München. The annotated edition is released under the Creative Commons Attribution Share-Alike license 3.0. Please cite this page as http://oracc.org/atae/P514176/.",
			"date_of_origin": "00.000.00.00",
			"designation": "WVDOG 152 V 1 043",
			"dialect": "Neo-Assyrian",
			"findspot_square": "Duri-Ashur",
			"genre": "Administrative Record",
			"language": "Akkadian",
			"last_mod_by": "Tushingham",
			"last_modified": "02.11.2021",
			"list_name": "atae/wvdog152:P514176",
			"material": "clay",
			"object_type": "tablet",
			"period": "Neo-Assyrian",
			"pleiades_id": "893945",
			"script": "Neo-Assyrian",
			"script_remarks": "inscribed",
			"script_type": "Cuneiform",
			"subgenre": "list  (commercial journey)",
			"ch_no": "01",
			"ch_name": "Assur 52a: Das Archiv des Dūrī-Aššur",
			"ch_num_name": "01 (Assur 52a: Das Archiv des Dūrī-Aššur)"
		},
		"geometry": {
			"type": "Point",
			"coordinates": [43.262037,35.458121]
		}
	}, {
		"type": "Feature",
		"properties": {
			"project": "wvdog152",
			"id_text": "P514177",
			"primary_publication": "WVDOG 152 V 1 044",
			"museum_no": "IM 124695a",
			"provenience": "Qalat Sherqat (Assur)",
			"excavation_no": "Ass 1990-31a",
			"archive": "052a - Duri-Aššur Archive",
			"atae_attribution": "Based on Karen Radner, Die beiden neuassyrischen Privatarchive, in Peter A. Miglus, Karen Radner and Franciszek M. Stępniowski (eds.), Ausgrabungen in Assur: Wohnquartiere in der Weststadt Teil 1 (Wissenschaftliche Veröffentlichungen der Deutschen Orient-Gesellschaft 152), 2016. Adapted by Poppy Tushingham (2018-2020) for the Munich Open-access Cuneiform Corpus Initiative (MOCCI), which is funded by LMU Munich and the Alexander von Humboldt Foundation at the Historisches Seminar - Abteilung Alte Geschichte of Ludwig-Maximilians-Universität München. The annotated edition is released under the Creative Commons Attribution Share-Alike license 3.0.",
			"cite_as": "Please cite this page as http://oracc.org/atae/P514177/.",
			"collection": "National Museum of Iraq, Baghdad, Iraq",
			"composite_witness": "witness",
			"credits": "Based on Karen Radner, Die beiden neuassyrischen Privatarchive, in Peter A. Miglus, Karen Radner and Franciszek M. Stępniowski (eds.), Ausgrabungen in Assur: Wohnquartiere in der Weststadt Teil 1 (Wissenschaftliche Veröffentlichungen der Deutschen Orient-Gesellschaft 152), 2016. Adapted by Poppy Tushingham (2018-2020) for the Munich Open-access Cuneiform Corpus Initiative (MOCCI), which is funded by LMU Munich and the Alexander von Humboldt Foundation at the Historisches Seminar - Abteilung Alte Geschichte of Ludwig-Maximilians-Universität München. The annotated edition is released under the Creative Commons Attribution Share-Alike license 3.0. Please cite this page as http://oracc.org/atae/P514177/.",
			"date_of_origin": "00.000.00.00",
			"designation": "WVDOG 152 V 1 044",
			"dialect": "Neo-Assyrian",
			"findspot_square": "Duri-Ashur",
			"genre": "Administrative Record",
			"language": "Akkadian",
			"last_mod_by": "Tushingham",
			"last_modified": "02.11.2021",
			"list_name": "atae/wvdog152:P514177",
			"material": "clay",
			"object_type": "tablet",
			"period": "Neo-Assyrian",
			"pleiades_id": "893945",
			"script": "Neo-Assyrian",
			"script_remarks": "inscribed",
			"script_type": "Cuneiform",
			"subgenre": "list  (commercial journey)",
			"ch_no": "01",
			"ch_name": "Assur 52a: Das Archiv des Dūrī-Aššur",
			"ch_num_name": "01 (Assur 52a: Das Archiv des Dūrī-Aššur)"
		},
		"geometry": {
			"type": "Point",
			"coordinates": [43.262037,35.458121]
		}
	}, {
		"type": "Feature",
		"properties": {
			"project": "wvdog152",
			"id_text": "P514178",
			"primary_publication": "WVDOG 152 V 1 045",
			"museum_no": "IM 124722",
			"provenience": "Qalat Sherqat (Assur)",
			"excavation_no": "Ass 1990-108",
			"archive": "052a - Duri-Aššur Archive",
			"atae_attribution": "Based on Karen Radner, Die beiden neuassyrischen Privatarchive, in Peter A. Miglus, Karen Radner and Franciszek M. Stępniowski (eds.), Ausgrabungen in Assur: Wohnquartiere in der Weststadt Teil 1 (Wissenschaftliche Veröffentlichungen der Deutschen Orient-Gesellschaft 152), 2016. Adapted by Poppy Tushingham (2018-2020) for the Munich Open-access Cuneiform Corpus Initiative (MOCCI), which is funded by LMU Munich and the Alexander von Humboldt Foundation at the Historisches Seminar - Abteilung Alte Geschichte of Ludwig-Maximilians-Universität München. The annotated edition is released under the Creative Commons Attribution Share-Alike license 3.0.",
			"cite_as": "Please cite this page as http://oracc.org/atae/P514178/.",
			"collection": "National Museum of Iraq, Baghdad, Iraq",
			"composite_witness": "witness",
			"credits": "Based on Karen Radner, Die beiden neuassyrischen Privatarchive, in Peter A. Miglus, Karen Radner and Franciszek M. Stępniowski (eds.), Ausgrabungen in Assur: Wohnquartiere in der Weststadt Teil 1 (Wissenschaftliche Veröffentlichungen der Deutschen Orient-Gesellschaft 152), 2016. Adapted by Poppy Tushingham (2018-2020) for the Munich Open-access Cuneiform Corpus Initiative (MOCCI), which is funded by LMU Munich and the Alexander von Humboldt Foundation at the Historisches Seminar - Abteilung Alte Geschichte of Ludwig-Maximilians-Universität München. The annotated edition is released under the Creative Commons Attribution Share-Alike license 3.0. Please cite this page as http://oracc.org/atae/P514178/.",
			"date_of_origin": "00.000.00.00",
			"designation": "WVDOG 152 V 1 045",
			"dialect": "Neo-Assyrian",
			"findspot_square": "Duri-Ashur",
			"genre": "Administrative Record",
			"language": "Akkadian",
			"last_mod_by": "Tushingham",
			"last_modified": "02.11.2021",
			"list_name": "atae/wvdog152:P514178",
			"material": "clay",
			"object_type": "tablet",
			"period": "Neo-Assyrian",
			"pleiades_id": "893945",
			"script": "Neo-Assyrian",
			"script_remarks": "inscribed",
			"script_type": "Cuneiform",
			"subgenre": "account (commercial journey)",
			"ch_no": "01",
			"ch_name": "Assur 52a: Das Archiv des Dūrī-Aššur",
			"ch_num_name": "01 (Assur 52a: Das Archiv des Dūrī-Aššur)"
		},
		"geometry": {
			"type": "Point",
			"coordinates": [43.262037,35.458121]
		}
	}, {
		"type": "Feature",
		"properties": {
			"project": "wvdog152",
			"id_text": "P514179",
			"primary_publication": "WVDOG 152 V 1 046",
			"museum_no": "IM 124706",
			"provenience": "Qalat Sherqat (Assur)",
			"excavation_no": "Ass 1990-64",
			"archive": "052a - Duri-Aššur Archive",
			"atae_attribution": "Based on Karen Radner, Die beiden neuassyrischen Privatarchive, in Peter A. Miglus, Karen Radner and Franciszek M. Stępniowski (eds.), Ausgrabungen in Assur: Wohnquartiere in der Weststadt Teil 1 (Wissenschaftliche Veröffentlichungen der Deutschen Orient-Gesellschaft 152), 2016. Adapted by Poppy Tushingham (2018-2020) for the Munich Open-access Cuneiform Corpus Initiative (MOCCI), which is funded by LMU Munich and the Alexander von Humboldt Foundation at the Historisches Seminar - Abteilung Alte Geschichte of Ludwig-Maximilians-Universität München. The annotated edition is released under the Creative Commons Attribution Share-Alike license 3.0.",
			"cite_as": "Please cite this page as http://oracc.org/atae/P514179/.",
			"collection": "National Museum of Iraq, Baghdad, Iraq",
			"composite_witness": "witness",
			"credits": "Based on Karen Radner, Die beiden neuassyrischen Privatarchive, in Peter A. Miglus, Karen Radner and Franciszek M. Stępniowski (eds.), Ausgrabungen in Assur: Wohnquartiere in der Weststadt Teil 1 (Wissenschaftliche Veröffentlichungen der Deutschen Orient-Gesellschaft 152), 2016. Adapted by Poppy Tushingham (2018-2020) for the Munich Open-access Cuneiform Corpus Initiative (MOCCI), which is funded by LMU Munich and the Alexander von Humboldt Foundation at the Historisches Seminar - Abteilung Alte Geschichte of Ludwig-Maximilians-Universität München. The annotated edition is released under the Creative Commons Attribution Share-Alike license 3.0. Please cite this page as http://oracc.org/atae/P514179/.",
			"date_of_origin": "00.000.00.00",
			"designation": "WVDOG 152 V 1 046",
			"dialect": "Neo-Assyrian",
			"findspot_square": "Duri-Ashur",
			"genre": "Administrative Record",
			"language": "Akkadian",
			"last_mod_by": "Tushingham",
			"last_modified": "02.11.2021",
			"list_name": "atae/wvdog152:P514179",
			"material": "clay",
			"object_type": "tablet",
			"period": "Neo-Assyrian",
			"pleiades_id": "893945",
			"script": "Neo-Assyrian",
			"script_remarks": "inscribed",
			"script_type": "Cuneiform",
			"subgenre": "account (commercial journey)",
			"ch_no": "01",
			"ch_name": "Assur 52a: Das Archiv des Dūrī-Aššur",
			"ch_num_name": "01 (Assur 52a: Das Archiv des Dūrī-Aššur)"
		},
		"geometry": {
			"type": "Point",
			"coordinates": [43.262037,35.458121]
		}
	}, {
		"type": "Feature",
		"properties": {
			"project": "wvdog152",
			"id_text": "P514180",
			"primary_publication": "WVDOG 152 V 1 047",
			"museum_no": "IM 124674",
			"provenience": "Qalat Sherqat (Assur)",
			"excavation_no": "Ass 1990-11",
			"archive": "052a - Duri-Aššur Archive",
			"atae_attribution": "Based on Karen Radner, Die beiden neuassyrischen Privatarchive, in Peter A. Miglus, Karen Radner and Franciszek M. Stępniowski (eds.), Ausgrabungen in Assur: Wohnquartiere in der Weststadt Teil 1 (Wissenschaftliche Veröffentlichungen der Deutschen Orient-Gesellschaft 152), 2016. Adapted by Poppy Tushingham (2018-2020) for the Munich Open-access Cuneiform Corpus Initiative (MOCCI), which is funded by LMU Munich and the Alexander von Humboldt Foundation at the Historisches Seminar - Abteilung Alte Geschichte of Ludwig-Maximilians-Universität München. The annotated edition is released under the Creative Commons Attribution Share-Alike license 3.0.",
			"cite_as": "Please cite this page as http://oracc.org/atae/P514180/.",
			"collection": "National Museum of Iraq, Baghdad, Iraq",
			"composite_witness": "witness",
			"credits": "Based on Karen Radner, Die beiden neuassyrischen Privatarchive, in Peter A. Miglus, Karen Radner and Franciszek M. Stępniowski (eds.), Ausgrabungen in Assur: Wohnquartiere in der Weststadt Teil 1 (Wissenschaftliche Veröffentlichungen der Deutschen Orient-Gesellschaft 152), 2016. Adapted by Poppy Tushingham (2018-2020) for the Munich Open-access Cuneiform Corpus Initiative (MOCCI), which is funded by LMU Munich and the Alexander von Humboldt Foundation at the Historisches Seminar - Abteilung Alte Geschichte of Ludwig-Maximilians-Universität München. The annotated edition is released under the Creative Commons Attribution Share-Alike license 3.0. Please cite this page as http://oracc.org/atae/P514180/.",
			"date_of_origin": "00.000.00.00",
			"designation": "WVDOG 152 V 1 047",
			"dialect": "Neo-Assyrian",
			"findspot_square": "Duri-Ashur",
			"genre": "Administrative Record",
			"language": "Akkadian",
			"last_mod_by": "Tushingham",
			"last_modified": "02.11.2021",
			"list_name": "atae/wvdog152:P514180",
			"material": "clay",
			"object_type": "tablet",
			"period": "Neo-Assyrian",
			"pleiades_id": "893945",
			"script": "Neo-Assyrian",
			"script_remarks": "inscribed",
			"script_type": "Cuneiform",
			"subgenre": "statement of income",
			"ch_no": "01",
			"ch_name": "Assur 52a: Das Archiv des Dūrī-Aššur",
			"ch_num_name": "01 (Assur 52a: Das Archiv des Dūrī-Aššur)"
		},
		"geometry": {
			"type": "Point",
			"coordinates": [43.262037,35.458121]
		}
	}, {
		"type": "Feature",
		"properties": {
			"project": "wvdog152",
			"id_text": "P514181",
			"primary_publication": "WVDOG 152 V 1 048",
			"museum_no": "IM 124707",
			"provenience": "Qalat Sherqat (Assur)",
			"excavation_no": "Ass 1990-65",
			"archive": "052a - Duri-Aššur Archive",
			"atae_attribution": "Based on Karen Radner, Die beiden neuassyrischen Privatarchive, in Peter A. Miglus, Karen Radner and Franciszek M. Stępniowski (eds.), Ausgrabungen in Assur: Wohnquartiere in der Weststadt Teil 1 (Wissenschaftliche Veröffentlichungen der Deutschen Orient-Gesellschaft 152), 2016. Adapted by Poppy Tushingham (2018-2020) for the Munich Open-access Cuneiform Corpus Initiative (MOCCI), which is funded by LMU Munich and the Alexander von Humboldt Foundation at the Historisches Seminar - Abteilung Alte Geschichte of Ludwig-Maximilians-Universität München. The annotated edition is released under the Creative Commons Attribution Share-Alike license 3.0.",
			"cite_as": "Please cite this page as http://oracc.org/atae/P514181/.",
			"collection": "National Museum of Iraq, Baghdad, Iraq",
			"composite_witness": "witness",
			"credits": "Based on Karen Radner, Die beiden neuassyrischen Privatarchive, in Peter A. Miglus, Karen Radner and Franciszek M. Stępniowski (eds.), Ausgrabungen in Assur: Wohnquartiere in der Weststadt Teil 1 (Wissenschaftliche Veröffentlichungen der Deutschen Orient-Gesellschaft 152), 2016. Adapted by Poppy Tushingham (2018-2020) for the Munich Open-access Cuneiform Corpus Initiative (MOCCI), which is funded by LMU Munich and the Alexander von Humboldt Foundation at the Historisches Seminar - Abteilung Alte Geschichte of Ludwig-Maximilians-Universität München. The annotated edition is released under the Creative Commons Attribution Share-Alike license 3.0. Please cite this page as http://oracc.org/atae/P514181/.",
			"date_of_origin": "00.000.00.00",
			"designation": "WVDOG 152 V 1 048",
			"dialect": "Neo-Assyrian",
			"findspot_square": "Duri-Ashur",
			"genre": "Administrative Record",
			"language": "Akkadian",
			"last_mod_by": "Tushingham",
			"last_modified": "02.11.2021",
			"list_name": "atae/wvdog152:P514181",
			"material": "clay",
			"object_type": "tablet",
			"period": "Neo-Assyrian",
			"pleiades_id": "893945",
			"script": "Neo-Assyrian",
			"script_remarks": "inscribed",
			"script_type": "Cuneiform",
			"subgenre": "statement of income",
			"ch_no": "01",
			"ch_name": "Assur 52a: Das Archiv des Dūrī-Aššur",
			"ch_num_name": "01 (Assur 52a: Das Archiv des Dūrī-Aššur)"
		},
		"geometry": {
			"type": "Point",
			"coordinates": [43.262037,35.458121]
		}
	}, {
		"type": "Feature",
		"properties": {
			"project": "wvdog152",
			"id_text": "P514182",
			"primary_publication": "WVDOG 152 V 1 049",
			"museum_no": "IM 124677",
			"provenience": "Qalat Sherqat (Assur)",
			"excavation_no": "Ass 1990-14",
			"archive": "052a - Duri-Aššur Archive",
			"atae_attribution": "Based on Karen Radner, Die beiden neuassyrischen Privatarchive, in Peter A. Miglus, Karen Radner and Franciszek M. Stępniowski (eds.), Ausgrabungen in Assur: Wohnquartiere in der Weststadt Teil 1 (Wissenschaftliche Veröffentlichungen der Deutschen Orient-Gesellschaft 152), 2016. Adapted by Poppy Tushingham (2018-2020) for the Munich Open-access Cuneiform Corpus Initiative (MOCCI), which is funded by LMU Munich and the Alexander von Humboldt Foundation at the Historisches Seminar - Abteilung Alte Geschichte of Ludwig-Maximilians-Universität München. The annotated edition is released under the Creative Commons Attribution Share-Alike license 3.0.",
			"cite_as": "Please cite this page as http://oracc.org/atae/P514182/.",
			"collection": "National Museum of Iraq, Baghdad, Iraq",
			"composite_witness": "witness",
			"credits": "Based on Karen Radner, Die beiden neuassyrischen Privatarchive, in Peter A. Miglus, Karen Radner and Franciszek M. Stępniowski (eds.), Ausgrabungen in Assur: Wohnquartiere in der Weststadt Teil 1 (Wissenschaftliche Veröffentlichungen der Deutschen Orient-Gesellschaft 152), 2016. Adapted by Poppy Tushingham (2018-2020) for the Munich Open-access Cuneiform Corpus Initiative (MOCCI), which is funded by LMU Munich and the Alexander von Humboldt Foundation at the Historisches Seminar - Abteilung Alte Geschichte of Ludwig-Maximilians-Universität München. The annotated edition is released under the Creative Commons Attribution Share-Alike license 3.0. Please cite this page as http://oracc.org/atae/P514182/.",
			"date_of_origin": "00.000.00.00",
			"designation": "WVDOG 152 V 1 049",
			"dialect": "Neo-Assyrian",
			"findspot_square": "Duri-Ashur",
			"genre": "Administrative Record",
			"language": "Akkadian",
			"last_mod_by": "Tushingham",
			"last_modified": "02.11.2021",
			"list_name": "atae/wvdog152:P514182",
			"material": "clay",
			"object_type": "tablet",
			"period": "Neo-Assyrian",
			"pleiades_id": "893945",
			"script": "Neo-Assyrian",
			"script_remarks": "inscribed",
			"script_type": "Cuneiform",
			"subgenre": "statement of income",
			"ch_no": "01",
			"ch_name": "Assur 52a: Das Archiv des Dūrī-Aššur",
			"ch_num_name": "01 (Assur 52a: Das Archiv des Dūrī-Aššur)"
		},
		"geometry": {
			"type": "Point",
			"coordinates": [43.262037,35.458121]
		}
	}, {
		"type": "Feature",
		"properties": {
			"project": "wvdog152",
			"id_text": "P514183",
			"primary_publication": "WVDOG 152 V 1 050",
			"museum_no": "IM 124688",
			"provenience": "Qalat Sherqat (Assur)",
			"excavation_no": "Ass 1990-25",
			"archive": "052a - Duri-Aššur Archive",
			"atae_attribution": "Based on Karen Radner, Die beiden neuassyrischen Privatarchive, in Peter A. Miglus, Karen Radner and Franciszek M. Stępniowski (eds.), Ausgrabungen in Assur: Wohnquartiere in der Weststadt Teil 1 (Wissenschaftliche Veröffentlichungen der Deutschen Orient-Gesellschaft 152), 2016. Adapted by Poppy Tushingham (2018-2020) for the Munich Open-access Cuneiform Corpus Initiative (MOCCI), which is funded by LMU Munich and the Alexander von Humboldt Foundation at the Historisches Seminar - Abteilung Alte Geschichte of Ludwig-Maximilians-Universität München. The annotated edition is released under the Creative Commons Attribution Share-Alike license 3.0.",
			"cite_as": "Please cite this page as http://oracc.org/atae/P514183/.",
			"collection": "National Museum of Iraq, Baghdad, Iraq",
			"composite_witness": "witness",
			"credits": "Based on Karen Radner, Die beiden neuassyrischen Privatarchive, in Peter A. Miglus, Karen Radner and Franciszek M. Stępniowski (eds.), Ausgrabungen in Assur: Wohnquartiere in der Weststadt Teil 1 (Wissenschaftliche Veröffentlichungen der Deutschen Orient-Gesellschaft 152), 2016. Adapted by Poppy Tushingham (2018-2020) for the Munich Open-access Cuneiform Corpus Initiative (MOCCI), which is funded by LMU Munich and the Alexander von Humboldt Foundation at the Historisches Seminar - Abteilung Alte Geschichte of Ludwig-Maximilians-Universität München. The annotated edition is released under the Creative Commons Attribution Share-Alike license 3.0. Please cite this page as http://oracc.org/atae/P514183/.",
			"date_of_origin": "00.000.00.00",
			"designation": "WVDOG 152 V 1 050",
			"dialect": "Neo-Assyrian",
			"findspot_square": "Duri-Ashur",
			"genre": "Administrative Record",
			"language": "Akkadian",
			"last_mod_by": "Tushingham",
			"last_modified": "02.11.2021",
			"list_name": "atae/wvdog152:P514183",
			"material": "clay",
			"object_type": "tablet",
			"period": "Neo-Assyrian",
			"pleiades_id": "893945",
			"script": "Neo-Assyrian",
			"script_remarks": "inscribed",
			"script_type": "Cuneiform",
			"subgenre": "statement of income",
			"ch_no": "01",
			"ch_name": "Assur 52a: Das Archiv des Dūrī-Aššur",
			"ch_num_name": "01 (Assur 52a: Das Archiv des Dūrī-Aššur)"
		},
		"geometry": {
			"type": "Point",
			"coordinates": [43.262037,35.458121]
		}
	}, {
		"type": "Feature",
		"properties": {
			"project": "wvdog152",
			"id_text": "P514184",
			"primary_publication": "WVDOG 152 V 1 051",
			"museum_no": "IM 124696b",
			"provenience": "Qalat Sherqat (Assur)",
			"excavation_no": "Ass 1990-32b",
			"archive": "052a - Duri-Aššur Archive",
			"atae_attribution": "Based on Karen Radner, Die beiden neuassyrischen Privatarchive, in Peter A. Miglus, Karen Radner and Franciszek M. Stępniowski (eds.), Ausgrabungen in Assur: Wohnquartiere in der Weststadt Teil 1 (Wissenschaftliche Veröffentlichungen der Deutschen Orient-Gesellschaft 152), 2016. Adapted by Poppy Tushingham (2018-2020) for the Munich Open-access Cuneiform Corpus Initiative (MOCCI), which is funded by LMU Munich and the Alexander von Humboldt Foundation at the Historisches Seminar - Abteilung Alte Geschichte of Ludwig-Maximilians-Universität München. The annotated edition is released under the Creative Commons Attribution Share-Alike license 3.0.",
			"cite_as": "Please cite this page as http://oracc.org/atae/P514184/.",
			"collection": "National Museum of Iraq, Baghdad, Iraq",
			"composite_witness": "witness",
			"credits": "Based on Karen Radner, Die beiden neuassyrischen Privatarchive, in Peter A. Miglus, Karen Radner and Franciszek M. Stępniowski (eds.), Ausgrabungen in Assur: Wohnquartiere in der Weststadt Teil 1 (Wissenschaftliche Veröffentlichungen der Deutschen Orient-Gesellschaft 152), 2016. Adapted by Poppy Tushingham (2018-2020) for the Munich Open-access Cuneiform Corpus Initiative (MOCCI), which is funded by LMU Munich and the Alexander von Humboldt Foundation at the Historisches Seminar - Abteilung Alte Geschichte of Ludwig-Maximilians-Universität München. The annotated edition is released under the Creative Commons Attribution Share-Alike license 3.0. Please cite this page as http://oracc.org/atae/P514184/.",
			"date_of_origin": "00.000.00.00",
			"designation": "WVDOG 152 V 1 051",
			"dialect": "Neo-Assyrian",
			"findspot_square": "Duri-Ashur",
			"genre": "Administrative Record",
			"language": "Akkadian",
			"last_mod_by": "Tushingham",
			"last_modified": "02.11.2021",
			"list_name": "atae/wvdog152:P514184",
			"material": "clay",
			"object_type": "tablet",
			"period": "Neo-Assyrian",
			"pleiades_id": "893945",
			"script": "Neo-Assyrian",
			"script_remarks": "inscribed",
			"script_type": "Cuneiform",
			"subgenre": "statement of income",
			"ch_no": "01",
			"ch_name": "Assur 52a: Das Archiv des Dūrī-Aššur",
			"ch_num_name": "01 (Assur 52a: Das Archiv des Dūrī-Aššur)"
		},
		"geometry": {
			"type": "Point",
			"coordinates": [43.262037,35.458121]
		}
	}, {
		"type": "Feature",
		"properties": {
			"project": "wvdog152",
			"id_text": "P514185",
			"primary_publication": "WVDOG 152 V 1 052",
			"museum_no": "IM 124685",
			"provenience": "Qalat Sherqat (Assur)",
			"excavation_no": "Ass 1990-22",
			"archive": "052a - Duri-Aššur Archive",
			"atae_attribution": "Based on Karen Radner, Die beiden neuassyrischen Privatarchive, in Peter A. Miglus, Karen Radner and Franciszek M. Stępniowski (eds.), Ausgrabungen in Assur: Wohnquartiere in der Weststadt Teil 1 (Wissenschaftliche Veröffentlichungen der Deutschen Orient-Gesellschaft 152), 2016. Adapted by Poppy Tushingham (2018-2020) for the Munich Open-access Cuneiform Corpus Initiative (MOCCI), which is funded by LMU Munich and the Alexander von Humboldt Foundation at the Historisches Seminar - Abteilung Alte Geschichte of Ludwig-Maximilians-Universität München. The annotated edition is released under the Creative Commons Attribution Share-Alike license 3.0.",
			"cite_as": "Please cite this page as http://oracc.org/atae/P514185/.",
			"collection": "National Museum of Iraq, Baghdad, Iraq",
			"composite_witness": "witness",
			"credits": "Based on Karen Radner, Die beiden neuassyrischen Privatarchive, in Peter A. Miglus, Karen Radner and Franciszek M. Stępniowski (eds.), Ausgrabungen in Assur: Wohnquartiere in der Weststadt Teil 1 (Wissenschaftliche Veröffentlichungen der Deutschen Orient-Gesellschaft 152), 2016. Adapted by Poppy Tushingham (2018-2020) for the Munich Open-access Cuneiform Corpus Initiative (MOCCI), which is funded by LMU Munich and the Alexander von Humboldt Foundation at the Historisches Seminar - Abteilung Alte Geschichte of Ludwig-Maximilians-Universität München. The annotated edition is released under the Creative Commons Attribution Share-Alike license 3.0. Please cite this page as http://oracc.org/atae/P514185/.",
			"date_of_origin": "00.000.00.00",
			"designation": "WVDOG 152 V 1 052",
			"dialect": "Neo-Assyrian",
			"findspot_square": "Duri-Ashur",
			"genre": "Administrative Record",
			"language": "Akkadian",
			"last_mod_by": "Tushingham",
			"last_modified": "02.11.2021",
			"list_name": "atae/wvdog152:P514185",
			"material": "clay",
			"object_type": "tablet",
			"period": "Neo-Assyrian",
			"pleiades_id": "893945",
			"script": "Neo-Assyrian",
			"script_remarks": "inscribed",
			"script_type": "Cuneiform",
			"subgenre": "statement of income",
			"ch_no": "01",
			"ch_name": "Assur 52a: Das Archiv des Dūrī-Aššur",
			"ch_num_name": "01 (Assur 52a: Das Archiv des Dūrī-Aššur)"
		},
		"geometry": {
			"type": "Point",
			"coordinates": [43.262037,35.458121]
		}
	}, {
		"type": "Feature",
		"properties": {
			"project": "wvdog152",
			"id_text": "P514186",
			"primary_publication": "WVDOG 152 V 1 053",
			"museum_no": "IM 124672",
			"provenience": "Qalat Sherqat (Assur)",
			"excavation_no": "Ass 1990-9",
			"archive": "052a - Duri-Aššur Archive",
			"atae_attribution": "Based on Karen Radner, Die beiden neuassyrischen Privatarchive, in Peter A. Miglus, Karen Radner and Franciszek M. Stępniowski (eds.), Ausgrabungen in Assur: Wohnquartiere in der Weststadt Teil 1 (Wissenschaftliche Veröffentlichungen der Deutschen Orient-Gesellschaft 152), 2016. Adapted by Poppy Tushingham (2018-2020) for the Munich Open-access Cuneiform Corpus Initiative (MOCCI), which is funded by LMU Munich and the Alexander von Humboldt Foundation at the Historisches Seminar - Abteilung Alte Geschichte of Ludwig-Maximilians-Universität München. The annotated edition is released under the Creative Commons Attribution Share-Alike license 3.0.",
			"cite_as": "Please cite this page as http://oracc.org/atae/P514186/.",
			"collection": "National Museum of Iraq, Baghdad, Iraq",
			"composite_witness": "witness",
			"credits": "Based on Karen Radner, Die beiden neuassyrischen Privatarchive, in Peter A. Miglus, Karen Radner and Franciszek M. Stępniowski (eds.), Ausgrabungen in Assur: Wohnquartiere in der Weststadt Teil 1 (Wissenschaftliche Veröffentlichungen der Deutschen Orient-Gesellschaft 152), 2016. Adapted by Poppy Tushingham (2018-2020) for the Munich Open-access Cuneiform Corpus Initiative (MOCCI), which is funded by LMU Munich and the Alexander von Humboldt Foundation at the Historisches Seminar - Abteilung Alte Geschichte of Ludwig-Maximilians-Universität München. The annotated edition is released under the Creative Commons Attribution Share-Alike license 3.0. Please cite this page as http://oracc.org/atae/P514186/.",
			"date_of_origin": "00.000.00.00",
			"designation": "WVDOG 152 V 1 053",
			"dialect": "Neo-Assyrian",
			"findspot_square": "Duri-Ashur",
			"genre": "Administrative Record",
			"language": "Akkadian",
			"last_mod_by": "Tushingham",
			"last_modified": "02.11.2021",
			"list_name": "atae/wvdog152:P514186",
			"material": "clay",
			"object_type": "tablet",
			"period": "Neo-Assyrian",
			"pleiades_id": "893945",
			"script": "Neo-Assyrian",
			"script_remarks": "inscribed",
			"script_type": "Cuneiform",
			"subgenre": "note",
			"ch_no": "01",
			"ch_name": "Assur 52a: Das Archiv des Dūrī-Aššur",
			"ch_num_name": "01 (Assur 52a: Das Archiv des Dūrī-Aššur)"
		},
		"geometry": {
			"type": "Point",
			"coordinates": [43.262037,35.458121]
		}
	}, {
		"type": "Feature",
		"properties": {
			"project": "wvdog152",
			"id_text": "P514187",
			"primary_publication": "WVDOG 152 V 1 054",
			"museum_no": "IM 124718",
			"provenience": "Qalat Sherqat (Assur)",
			"excavation_no": "Ass 1990-104",
			"archive": "052a - Duri-Aššur Archive",
			"atae_attribution": "Based on Karen Radner, Die beiden neuassyrischen Privatarchive, in Peter A. Miglus, Karen Radner and Franciszek M. Stępniowski (eds.), Ausgrabungen in Assur: Wohnquartiere in der Weststadt Teil 1 (Wissenschaftliche Veröffentlichungen der Deutschen Orient-Gesellschaft 152), 2016. Adapted by Poppy Tushingham (2018-2020) for the Munich Open-access Cuneiform Corpus Initiative (MOCCI), which is funded by LMU Munich and the Alexander von Humboldt Foundation at the Historisches Seminar - Abteilung Alte Geschichte of Ludwig-Maximilians-Universität München. The annotated edition is released under the Creative Commons Attribution Share-Alike license 3.0.",
			"cite_as": "Please cite this page as http://oracc.org/atae/P514187/.",
			"collection": "National Museum of Iraq, Baghdad, Iraq",
			"composite_witness": "witness",
			"credits": "Based on Karen Radner, Die beiden neuassyrischen Privatarchive, in Peter A. Miglus, Karen Radner and Franciszek M. Stępniowski (eds.), Ausgrabungen in Assur: Wohnquartiere in der Weststadt Teil 1 (Wissenschaftliche Veröffentlichungen der Deutschen Orient-Gesellschaft 152), 2016. Adapted by Poppy Tushingham (2018-2020) for the Munich Open-access Cuneiform Corpus Initiative (MOCCI), which is funded by LMU Munich and the Alexander von Humboldt Foundation at the Historisches Seminar - Abteilung Alte Geschichte of Ludwig-Maximilians-Universität München. The annotated edition is released under the Creative Commons Attribution Share-Alike license 3.0. Please cite this page as http://oracc.org/atae/P514187/.",
			"date_of_origin": "00.000.00.00",
			"designation": "WVDOG 152 V 1 054",
			"dialect": "Neo-Assyrian",
			"findspot_square": "Duri-Ashur",
			"genre": "Administrative Record",
			"language": "Akkadian",
			"last_mod_by": "Tushingham",
			"last_modified": "02.11.2021",
			"list_name": "atae/wvdog152:P514187",
			"material": "clay",
			"object_type": "tablet",
			"period": "Neo-Assyrian",
			"pleiades_id": "893945",
			"script": "Neo-Assyrian",
			"script_remarks": "inscribed",
			"script_type": "Cuneiform",
			"subgenre": "note",
			"ch_no": "01",
			"ch_name": "Assur 52a: Das Archiv des Dūrī-Aššur",
			"ch_num_name": "01 (Assur 52a: Das Archiv des Dūrī-Aššur)"
		},
		"geometry": {
			"type": "Point",
			"coordinates": [43.262037,35.458121]
		}
	}, {
		"type": "Feature",
		"properties": {
			"project": "wvdog152",
			"id_text": "P514188",
			"primary_publication": "WVDOG 152 V 1 055",
			"museum_no": "IM —",
			"provenience": "Qalat Sherqat (Assur)",
			"excavation_no": "Ass 2000.D-182",
			"archive": "052a - Duri-Aššur Archive",
			"atae_attribution": "Based on Karen Radner, Die beiden neuassyrischen Privatarchive, in Peter A. Miglus, Karen Radner and Franciszek M. Stępniowski (eds.), Ausgrabungen in Assur: Wohnquartiere in der Weststadt Teil 1 (Wissenschaftliche Veröffentlichungen der Deutschen Orient-Gesellschaft 152), 2016. Adapted by Poppy Tushingham (2018-2020) for the Munich Open-access Cuneiform Corpus Initiative (MOCCI), which is funded by LMU Munich and the Alexander von Humboldt Foundation at the Historisches Seminar - Abteilung Alte Geschichte of Ludwig-Maximilians-Universität München. The annotated edition is released under the Creative Commons Attribution Share-Alike license 3.0.",
			"cite_as": "Please cite this page as http://oracc.org/atae/P514188/.",
			"collection": "National Museum of Iraq, Baghdad, Iraq",
			"composite_witness": "witness",
			"credits": "Based on Karen Radner, Die beiden neuassyrischen Privatarchive, in Peter A. Miglus, Karen Radner and Franciszek M. Stępniowski (eds.), Ausgrabungen in Assur: Wohnquartiere in der Weststadt Teil 1 (Wissenschaftliche Veröffentlichungen der Deutschen Orient-Gesellschaft 152), 2016. Adapted by Poppy Tushingham (2018-2020) for the Munich Open-access Cuneiform Corpus Initiative (MOCCI), which is funded by LMU Munich and the Alexander von Humboldt Foundation at the Historisches Seminar - Abteilung Alte Geschichte of Ludwig-Maximilians-Universität München. The annotated edition is released under the Creative Commons Attribution Share-Alike license 3.0. Please cite this page as http://oracc.org/atae/P514188/.",
			"date_of_origin": "00.000.00.00",
			"designation": "WVDOG 152 V 1 055",
			"dialect": "Neo-Assyrian",
			"findspot_square": "Duri-Ashur",
			"genre": "Administrative Record",
			"language": "Akkadian",
			"last_mod_by": "Tushingham",
			"last_modified": "02.11.2021",
			"list_name": "atae/wvdog152:P514188",
			"material": "clay",
			"object_type": "tablet",
			"period": "Neo-Assyrian",
			"pleiades_id": "893945",
			"script": "Neo-Assyrian",
			"script_remarks": "inscribed",
			"script_type": "Cuneiform",
			"subgenre": "note",
			"ch_no": "01",
			"ch_name": "Assur 52a: Das Archiv des Dūrī-Aššur",
			"ch_num_name": "01 (Assur 52a: Das Archiv des Dūrī-Aššur)"
		},
		"geometry": {
			"type": "Point",
			"coordinates": [43.262037,35.458121]
		}
	}, {
		"type": "Feature",
		"properties": {
			"project": "wvdog152",
			"id_text": "P514189",
			"primary_publication": "WVDOG 152 V 1 056",
			"museum_no": "IM 124708",
			"provenience": "Qalat Sherqat (Assur)",
			"excavation_no": "Ass 1990-66",
			"archive": "052a - Duri-Aššur Archive",
			"atae_attribution": "Based on Karen Radner, Die beiden neuassyrischen Privatarchive, in Peter A. Miglus, Karen Radner and Franciszek M. Stępniowski (eds.), Ausgrabungen in Assur: Wohnquartiere in der Weststadt Teil 1 (Wissenschaftliche Veröffentlichungen der Deutschen Orient-Gesellschaft 152), 2016. Adapted by Poppy Tushingham (2018-2020) for the Munich Open-access Cuneiform Corpus Initiative (MOCCI), which is funded by LMU Munich and the Alexander von Humboldt Foundation at the Historisches Seminar - Abteilung Alte Geschichte of Ludwig-Maximilians-Universität München. The annotated edition is released under the Creative Commons Attribution Share-Alike license 3.0.",
			"cite_as": "Please cite this page as http://oracc.org/atae/P514189/.",
			"collection": "National Museum of Iraq, Baghdad, Iraq",
			"composite_witness": "witness",
			"credits": "Based on Karen Radner, Die beiden neuassyrischen Privatarchive, in Peter A. Miglus, Karen Radner and Franciszek M. Stępniowski (eds.), Ausgrabungen in Assur: Wohnquartiere in der Weststadt Teil 1 (Wissenschaftliche Veröffentlichungen der Deutschen Orient-Gesellschaft 152), 2016. Adapted by Poppy Tushingham (2018-2020) for the Munich Open-access Cuneiform Corpus Initiative (MOCCI), which is funded by LMU Munich and the Alexander von Humboldt Foundation at the Historisches Seminar - Abteilung Alte Geschichte of Ludwig-Maximilians-Universität München. The annotated edition is released under the Creative Commons Attribution Share-Alike license 3.0. Please cite this page as http://oracc.org/atae/P514189/.",
			"date_of_origin": "00.000.00.00",
			"designation": "WVDOG 152 V 1 056",
			"dialect": "Neo-Assyrian",
			"findspot_square": "Duri-Ashur",
			"genre": "Administrative Record",
			"language": "Akkadian",
			"last_mod_by": "Tushingham",
			"last_modified": "02.11.2021",
			"list_name": "atae/wvdog152:P514189",
			"material": "clay",
			"object_type": "tablet",
			"period": "Neo-Assyrian",
			"pleiades_id": "893945",
			"script": "Neo-Assyrian",
			"script_remarks": "inscribed",
			"script_type": "Cuneiform",
			"subgenre": "financial statement",
			"ch_no": "01",
			"ch_name": "Assur 52a: Das Archiv des Dūrī-Aššur",
			"ch_num_name": "01 (Assur 52a: Das Archiv des Dūrī-Aššur)"
		},
		"geometry": {
			"type": "Point",
			"coordinates": [43.262037,35.458121]
		}
	}, {
		"type": "Feature",
		"properties": {
			"project": "wvdog152",
			"id_text": "P514190",
			"primary_publication": "WVDOG 152 V 1 057",
			"museum_no": "IM 124698",
			"provenience": "Qalat Sherqat (Assur)",
			"excavation_no": "Ass 1990-36",
			"archive": "052a - Duri-Aššur Archive",
			"atae_attribution": "Based on Karen Radner, Die beiden neuassyrischen Privatarchive, in Peter A. Miglus, Karen Radner and Franciszek M. Stępniowski (eds.), Ausgrabungen in Assur: Wohnquartiere in der Weststadt Teil 1 (Wissenschaftliche Veröffentlichungen der Deutschen Orient-Gesellschaft 152), 2016. Adapted by Poppy Tushingham (2018-2020) for the Munich Open-access Cuneiform Corpus Initiative (MOCCI), which is funded by LMU Munich and the Alexander von Humboldt Foundation at the Historisches Seminar - Abteilung Alte Geschichte of Ludwig-Maximilians-Universität München. The annotated edition is released under the Creative Commons Attribution Share-Alike license 3.0.",
			"cite_as": "Please cite this page as http://oracc.org/atae/P514190/.",
			"collection": "National Museum of Iraq, Baghdad, Iraq",
			"composite_witness": "witness",
			"credits": "Based on Karen Radner, Die beiden neuassyrischen Privatarchive, in Peter A. Miglus, Karen Radner and Franciszek M. Stępniowski (eds.), Ausgrabungen in Assur: Wohnquartiere in der Weststadt Teil 1 (Wissenschaftliche Veröffentlichungen der Deutschen Orient-Gesellschaft 152), 2016. Adapted by Poppy Tushingham (2018-2020) for the Munich Open-access Cuneiform Corpus Initiative (MOCCI), which is funded by LMU Munich and the Alexander von Humboldt Foundation at the Historisches Seminar - Abteilung Alte Geschichte of Ludwig-Maximilians-Universität München. The annotated edition is released under the Creative Commons Attribution Share-Alike license 3.0. Please cite this page as http://oracc.org/atae/P514190/.",
			"date_of_origin": "00.000.00.00",
			"designation": "WVDOG 152 V 1 057",
			"dialect": "Neo-Assyrian",
			"findspot_square": "Duri-Ashur",
			"genre": "Administrative Record",
			"language": "Akkadian",
			"last_mod_by": "Tushingham",
			"last_modified": "02.11.2021",
			"list_name": "atae/wvdog152:P514190",
			"material": "clay",
			"object_type": "tablet",
			"period": "Neo-Assyrian",
			"pleiades_id": "893945",
			"script": "Neo-Assyrian",
			"script_remarks": "inscribed",
			"script_type": "Cuneiform",
			"subgenre": "financial statement",
			"ch_no": "01",
			"ch_name": "Assur 52a: Das Archiv des Dūrī-Aššur",
			"ch_num_name": "01 (Assur 52a: Das Archiv des Dūrī-Aššur)"
		},
		"geometry": {
			"type": "Point",
			"coordinates": [43.262037,35.458121]
		}
	}, {
		"type": "Feature",
		"properties": {
			"project": "wvdog152",
			"id_text": "P514191",
			"primary_publication": "WVDOG 152 V 1 058",
			"museum_no": "IM 124697",
			"provenience": "Qalat Sherqat (Assur)",
			"excavation_no": "Ass 1990-33",
			"archive": "052a - Duri-Aššur Archive",
			"atae_attribution": "Based on Karen Radner, Die beiden neuassyrischen Privatarchive, in Peter A. Miglus, Karen Radner and Franciszek M. Stępniowski (eds.), Ausgrabungen in Assur: Wohnquartiere in der Weststadt Teil 1 (Wissenschaftliche Veröffentlichungen der Deutschen Orient-Gesellschaft 152), 2016. Adapted by Poppy Tushingham (2018-2020) for the Munich Open-access Cuneiform Corpus Initiative (MOCCI), which is funded by LMU Munich and the Alexander von Humboldt Foundation at the Historisches Seminar - Abteilung Alte Geschichte of Ludwig-Maximilians-Universität München. The annotated edition is released under the Creative Commons Attribution Share-Alike license 3.0.",
			"cite_as": "Please cite this page as http://oracc.org/atae/P514191/.",
			"collection": "National Museum of Iraq, Baghdad, Iraq",
			"composite_witness": "witness",
			"credits": "Based on Karen Radner, Die beiden neuassyrischen Privatarchive, in Peter A. Miglus, Karen Radner and Franciszek M. Stępniowski (eds.), Ausgrabungen in Assur: Wohnquartiere in der Weststadt Teil 1 (Wissenschaftliche Veröffentlichungen der Deutschen Orient-Gesellschaft 152), 2016. Adapted by Poppy Tushingham (2018-2020) for the Munich Open-access Cuneiform Corpus Initiative (MOCCI), which is funded by LMU Munich and the Alexander von Humboldt Foundation at the Historisches Seminar - Abteilung Alte Geschichte of Ludwig-Maximilians-Universität München. The annotated edition is released under the Creative Commons Attribution Share-Alike license 3.0. Please cite this page as http://oracc.org/atae/P514191/.",
			"date_of_origin": "00.000.00.00",
			"designation": "WVDOG 152 V 1 058",
			"dialect": "Neo-Assyrian",
			"findspot_square": "Duri-Ashur",
			"genre": "Administrative Record",
			"language": "Akkadian",
			"last_mod_by": "Tushingham",
			"last_modified": "02.11.2021",
			"list_name": "atae/wvdog152:P514191",
			"material": "clay",
			"object_type": "tablet",
			"period": "Neo-Assyrian",
			"pleiades_id": "893945",
			"script": "Neo-Assyrian",
			"script_remarks": "inscribed",
			"script_type": "Cuneiform",
			"subgenre": "financial statement",
			"ch_no": "01",
			"ch_name": "Assur 52a: Das Archiv des Dūrī-Aššur",
			"ch_num_name": "01 (Assur 52a: Das Archiv des Dūrī-Aššur)"
		},
		"geometry": {
			"type": "Point",
			"coordinates": [43.262037,35.458121]
		}
	}, {
		"type": "Feature",
		"properties": {
			"project": "wvdog152",
			"id_text": "P514192",
			"primary_publication": "WVDOG 152 V 1 059",
			"museum_no": "IM 124694",
			"provenience": "Qalat Sherqat (Assur)",
			"excavation_no": "Ass 1990-17b+31b",
			"archive": "052a - Duri-Aššur Archive",
			"atae_attribution": "Based on Karen Radner, Die beiden neuassyrischen Privatarchive, in Peter A. Miglus, Karen Radner and Franciszek M. Stępniowski (eds.), Ausgrabungen in Assur: Wohnquartiere in der Weststadt Teil 1 (Wissenschaftliche Veröffentlichungen der Deutschen Orient-Gesellschaft 152), 2016. Adapted by Poppy Tushingham (2018-2020) for the Munich Open-access Cuneiform Corpus Initiative (MOCCI), which is funded by LMU Munich and the Alexander von Humboldt Foundation at the Historisches Seminar - Abteilung Alte Geschichte of Ludwig-Maximilians-Universität München. The annotated edition is released under the Creative Commons Attribution Share-Alike license 3.0.",
			"cite_as": "Please cite this page as http://oracc.org/atae/P514192/.",
			"collection": "National Museum of Iraq, Baghdad, Iraq",
			"composite_witness": "witness",
			"credits": "Based on Karen Radner, Die beiden neuassyrischen Privatarchive, in Peter A. Miglus, Karen Radner and Franciszek M. Stępniowski (eds.), Ausgrabungen in Assur: Wohnquartiere in der Weststadt Teil 1 (Wissenschaftliche Veröffentlichungen der Deutschen Orient-Gesellschaft 152), 2016. Adapted by Poppy Tushingham (2018-2020) for the Munich Open-access Cuneiform Corpus Initiative (MOCCI), which is funded by LMU Munich and the Alexander von Humboldt Foundation at the Historisches Seminar - Abteilung Alte Geschichte of Ludwig-Maximilians-Universität München. The annotated edition is released under the Creative Commons Attribution Share-Alike license 3.0. Please cite this page as http://oracc.org/atae/P514192/.",
			"date_of_origin": "00.000.00.00",
			"designation": "WVDOG 152 V 1 059",
			"dialect": "Neo-Assyrian",
			"findspot_square": "Duri-Ashur",
			"genre": "Administrative Record",
			"language": "Akkadian",
			"last_mod_by": "Tushingham",
			"last_modified": "02.11.2021",
			"list_name": "atae/wvdog152:P514192",
			"material": "clay",
			"object_type": "tablet",
			"period": "Neo-Assyrian",
			"pleiades_id": "893945",
			"script": "Neo-Assyrian",
			"script_remarks": "inscribed",
			"script_type": "Cuneiform",
			"subgenre": "financial statement",
			"ch_no": "01",
			"ch_name": "Assur 52a: Das Archiv des Dūrī-Aššur",
			"ch_num_name": "01 (Assur 52a: Das Archiv des Dūrī-Aššur)"
		},
		"geometry": {
			"type": "Point",
			"coordinates": [43.262037,35.458121]
		}
	}, {
		"type": "Feature",
		"properties": {
			"project": "wvdog152",
			"id_text": "P514193",
			"primary_publication": "WVDOG 152 V 1 060",
			"museum_no": "IM —",
			"provenience": "Qalat Sherqat (Assur)",
			"excavation_no": "Ass 2000.D-181",
			"archive": "052a - Duri-Aššur Archive",
			"atae_attribution": "Based on Karen Radner, Die beiden neuassyrischen Privatarchive, in Peter A. Miglus, Karen Radner and Franciszek M. Stępniowski (eds.), Ausgrabungen in Assur: Wohnquartiere in der Weststadt Teil 1 (Wissenschaftliche Veröffentlichungen der Deutschen Orient-Gesellschaft 152), 2016. Adapted by Poppy Tushingham (2018-2020) for the Munich Open-access Cuneiform Corpus Initiative (MOCCI), which is funded by LMU Munich and the Alexander von Humboldt Foundation at the Historisches Seminar - Abteilung Alte Geschichte of Ludwig-Maximilians-Universität München. The annotated edition is released under the Creative Commons Attribution Share-Alike license 3.0.",
			"cite_as": "Please cite this page as http://oracc.org/atae/P514193/.",
			"collection": "National Museum of Iraq, Baghdad, Iraq",
			"composite_witness": "witness",
			"credits": "Based on Karen Radner, Die beiden neuassyrischen Privatarchive, in Peter A. Miglus, Karen Radner and Franciszek M. Stępniowski (eds.), Ausgrabungen in Assur: Wohnquartiere in der Weststadt Teil 1 (Wissenschaftliche Veröffentlichungen der Deutschen Orient-Gesellschaft 152), 2016. Adapted by Poppy Tushingham (2018-2020) for the Munich Open-access Cuneiform Corpus Initiative (MOCCI), which is funded by LMU Munich and the Alexander von Humboldt Foundation at the Historisches Seminar - Abteilung Alte Geschichte of Ludwig-Maximilians-Universität München. The annotated edition is released under the Creative Commons Attribution Share-Alike license 3.0. Please cite this page as http://oracc.org/atae/P514193/.",
			"date_of_origin": "00.000.00.00",
			"designation": "WVDOG 152 V 1 060",
			"dialect": "Neo-Assyrian",
			"findspot_square": "Duri-Ashur",
			"genre": "Administrative Record",
			"language": "Akkadian",
			"last_mod_by": "Tushingham",
			"last_modified": "02.11.2021",
			"list_name": "atae/wvdog152:P514193",
			"material": "clay",
			"object_type": "tablet",
			"period": "Neo-Assyrian",
			"pleiades_id": "893945",
			"script": "Neo-Assyrian",
			"script_remarks": "inscribed",
			"script_type": "Cuneiform",
			"subgenre": "financial statement",
			"ch_no": "01",
			"ch_name": "Assur 52a: Das Archiv des Dūrī-Aššur",
			"ch_num_name": "01 (Assur 52a: Das Archiv des Dūrī-Aššur)"
		},
		"geometry": {
			"type": "Point",
			"coordinates": [43.262037,35.458121]
		}
	}, {
		"type": "Feature",
		"properties": {
			"project": "wvdog152",
			"id_text": "P514194",
			"primary_publication": "WVDOG 152 V 1 061",
			"museum_no": "IM 124696c",
			"provenience": "Qalat Sherqat (Assur)",
			"excavation_no": "Ass 1990-32c",
			"archive": "052a - Duri-Aššur Archive",
			"atae_attribution": "Based on Karen Radner, Die beiden neuassyrischen Privatarchive, in Peter A. Miglus, Karen Radner and Franciszek M. Stępniowski (eds.), Ausgrabungen in Assur: Wohnquartiere in der Weststadt Teil 1 (Wissenschaftliche Veröffentlichungen der Deutschen Orient-Gesellschaft 152), 2016. Adapted by Poppy Tushingham (2018-2020) for the Munich Open-access Cuneiform Corpus Initiative (MOCCI), which is funded by LMU Munich and the Alexander von Humboldt Foundation at the Historisches Seminar - Abteilung Alte Geschichte of Ludwig-Maximilians-Universität München. The annotated edition is released under the Creative Commons Attribution Share-Alike license 3.0.",
			"cite_as": "Please cite this page as http://oracc.org/atae/P514194/.",
			"collection": "National Museum of Iraq, Baghdad, Iraq",
			"composite_witness": "witness",
			"credits": "Based on Karen Radner, Die beiden neuassyrischen Privatarchive, in Peter A. Miglus, Karen Radner and Franciszek M. Stępniowski (eds.), Ausgrabungen in Assur: Wohnquartiere in der Weststadt Teil 1 (Wissenschaftliche Veröffentlichungen der Deutschen Orient-Gesellschaft 152), 2016. Adapted by Poppy Tushingham (2018-2020) for the Munich Open-access Cuneiform Corpus Initiative (MOCCI), which is funded by LMU Munich and the Alexander von Humboldt Foundation at the Historisches Seminar - Abteilung Alte Geschichte of Ludwig-Maximilians-Universität München. The annotated edition is released under the Creative Commons Attribution Share-Alike license 3.0. Please cite this page as http://oracc.org/atae/P514194/.",
			"date_of_origin": "00.000.00.00",
			"designation": "WVDOG 152 V 1 061",
			"dialect": "Neo-Assyrian",
			"findspot_square": "Duri-Ashur",
			"genre": "Administrative Record",
			"language": "Akkadian",
			"last_mod_by": "Tushingham",
			"last_modified": "02.11.2021",
			"list_name": "atae/wvdog152:P514194",
			"material": "clay",
			"object_type": "tablet",
			"period": "Neo-Assyrian",
			"pleiades_id": "893945",
			"script": "Neo-Assyrian",
			"script_remarks": "inscribed",
			"script_type": "Cuneiform",
			"subgenre": "financial statement",
			"ch_no": "01",
			"ch_name": "Assur 52a: Das Archiv des Dūrī-Aššur",
			"ch_num_name": "01 (Assur 52a: Das Archiv des Dūrī-Aššur)"
		},
		"geometry": {
			"type": "Point",
			"coordinates": [43.262037,35.458121]
		}
	}, {
		"type": "Feature",
		"properties": {
			"project": "wvdog152",
			"id_text": "P514195",
			"primary_publication": "WVDOG 152 V 1 062",
			"museum_no": "IM 124678",
			"provenience": "Qalat Sherqat (Assur)",
			"excavation_no": "Ass 1990-15",
			"archive": "052a - Duri-Aššur Archive",
			"atae_attribution": "Based on Karen Radner, Die beiden neuassyrischen Privatarchive, in Peter A. Miglus, Karen Radner and Franciszek M. Stępniowski (eds.), Ausgrabungen in Assur: Wohnquartiere in der Weststadt Teil 1 (Wissenschaftliche Veröffentlichungen der Deutschen Orient-Gesellschaft 152), 2016. Adapted by Poppy Tushingham (2018-2020) for the Munich Open-access Cuneiform Corpus Initiative (MOCCI), which is funded by LMU Munich and the Alexander von Humboldt Foundation at the Historisches Seminar - Abteilung Alte Geschichte of Ludwig-Maximilians-Universität München. The annotated edition is released under the Creative Commons Attribution Share-Alike license 3.0.",
			"cite_as": "Please cite this page as http://oracc.org/atae/P514195/.",
			"collection": "National Museum of Iraq, Baghdad, Iraq",
			"composite_witness": "witness",
			"credits": "Based on Karen Radner, Die beiden neuassyrischen Privatarchive, in Peter A. Miglus, Karen Radner and Franciszek M. Stępniowski (eds.), Ausgrabungen in Assur: Wohnquartiere in der Weststadt Teil 1 (Wissenschaftliche Veröffentlichungen der Deutschen Orient-Gesellschaft 152), 2016. Adapted by Poppy Tushingham (2018-2020) for the Munich Open-access Cuneiform Corpus Initiative (MOCCI), which is funded by LMU Munich and the Alexander von Humboldt Foundation at the Historisches Seminar - Abteilung Alte Geschichte of Ludwig-Maximilians-Universität München. The annotated edition is released under the Creative Commons Attribution Share-Alike license 3.0. Please cite this page as http://oracc.org/atae/P514195/.",
			"date_of_origin": "00.000.00.00",
			"designation": "WVDOG 152 V 1 062",
			"dialect": "Neo-Assyrian",
			"findspot_square": "Duri-Ashur",
			"genre": "Administrative Record",
			"language": "Akkadian",
			"last_mod_by": "Tushingham",
			"last_modified": "02.11.2021",
			"list_name": "atae/wvdog152:P514195",
			"material": "clay",
			"object_type": "tablet",
			"period": "Neo-Assyrian",
			"pleiades_id": "893945",
			"script": "Neo-Assyrian",
			"script_remarks": "inscribed",
			"script_type": "Cuneiform",
			"subgenre": "note",
			"ch_no": "01",
			"ch_name": "Assur 52a: Das Archiv des Dūrī-Aššur",
			"ch_num_name": "01 (Assur 52a: Das Archiv des Dūrī-Aššur)"
		},
		"geometry": {
			"type": "Point",
			"coordinates": [43.262037,35.458121]
		}
	}, {
		"type": "Feature",
		"properties": {
			"project": "wvdog152",
			"id_text": "P514196",
			"primary_publication": "WVDOG 152 V 1 063",
			"museum_no": "IM 124679",
			"provenience": "Qalat Sherqat (Assur)",
			"excavation_no": "Ass 1990-16",
			"archive": "052a - Duri-Aššur Archive",
			"atae_attribution": "Based on Karen Radner, Die beiden neuassyrischen Privatarchive, in Peter A. Miglus, Karen Radner and Franciszek M. Stępniowski (eds.), Ausgrabungen in Assur: Wohnquartiere in der Weststadt Teil 1 (Wissenschaftliche Veröffentlichungen der Deutschen Orient-Gesellschaft 152), 2016. Adapted by Poppy Tushingham (2018-2020) for the Munich Open-access Cuneiform Corpus Initiative (MOCCI), which is funded by LMU Munich and the Alexander von Humboldt Foundation at the Historisches Seminar - Abteilung Alte Geschichte of Ludwig-Maximilians-Universität München. The annotated edition is released under the Creative Commons Attribution Share-Alike license 3.0.",
			"cite_as": "Please cite this page as http://oracc.org/atae/P514196/.",
			"collection": "National Museum of Iraq, Baghdad, Iraq",
			"composite_witness": "witness",
			"credits": "Based on Karen Radner, Die beiden neuassyrischen Privatarchive, in Peter A. Miglus, Karen Radner and Franciszek M. Stępniowski (eds.), Ausgrabungen in Assur: Wohnquartiere in der Weststadt Teil 1 (Wissenschaftliche Veröffentlichungen der Deutschen Orient-Gesellschaft 152), 2016. Adapted by Poppy Tushingham (2018-2020) for the Munich Open-access Cuneiform Corpus Initiative (MOCCI), which is funded by LMU Munich and the Alexander von Humboldt Foundation at the Historisches Seminar - Abteilung Alte Geschichte of Ludwig-Maximilians-Universität München. The annotated edition is released under the Creative Commons Attribution Share-Alike license 3.0. Please cite this page as http://oracc.org/atae/P514196/.",
			"date_of_origin": "00.000.00.00",
			"designation": "WVDOG 152 V 1 063",
			"dialect": "Neo-Assyrian",
			"findspot_square": "Duri-Ashur",
			"genre": "Administrative Record",
			"language": "Akkadian",
			"last_mod_by": "Tushingham",
			"last_modified": "02.11.2021",
			"list_name": "atae/wvdog152:P514196",
			"material": "clay",
			"object_type": "tablet",
			"period": "Neo-Assyrian",
			"pleiades_id": "893945",
			"script": "Neo-Assyrian",
			"script_remarks": "inscribed",
			"script_type": "Cuneiform",
			"subgenre": "note",
			"ch_no": "01",
			"ch_name": "Assur 52a: Das Archiv des Dūrī-Aššur",
			"ch_num_name": "01 (Assur 52a: Das Archiv des Dūrī-Aššur)"
		},
		"geometry": {
			"type": "Point",
			"coordinates": [43.262037,35.458121]
		}
	}, {
		"type": "Feature",
		"properties": {
			"project": "wvdog152",
			"id_text": "P514197",
			"primary_publication": "WVDOG 152 V 1 064",
			"museum_no": "IM 124691",
			"provenience": "Qalat Sherqat (Assur)",
			"excavation_no": "Ass 1990-28",
			"archive": "052a - Duri-Aššur Archive",
			"atae_attribution": "Based on Karen Radner, Die beiden neuassyrischen Privatarchive, in Peter A. Miglus, Karen Radner and Franciszek M. Stępniowski (eds.), Ausgrabungen in Assur: Wohnquartiere in der Weststadt Teil 1 (Wissenschaftliche Veröffentlichungen der Deutschen Orient-Gesellschaft 152), 2016. Adapted by Poppy Tushingham (2018-2020) for the Munich Open-access Cuneiform Corpus Initiative (MOCCI), which is funded by LMU Munich and the Alexander von Humboldt Foundation at the Historisches Seminar - Abteilung Alte Geschichte of Ludwig-Maximilians-Universität München. The annotated edition is released under the Creative Commons Attribution Share-Alike license 3.0.",
			"cite_as": "Please cite this page as http://oracc.org/atae/P514197/.",
			"collection": "National Museum of Iraq, Baghdad, Iraq",
			"composite_witness": "witness",
			"credits": "Based on Karen Radner, Die beiden neuassyrischen Privatarchive, in Peter A. Miglus, Karen Radner and Franciszek M. Stępniowski (eds.), Ausgrabungen in Assur: Wohnquartiere in der Weststadt Teil 1 (Wissenschaftliche Veröffentlichungen der Deutschen Orient-Gesellschaft 152), 2016. Adapted by Poppy Tushingham (2018-2020) for the Munich Open-access Cuneiform Corpus Initiative (MOCCI), which is funded by LMU Munich and the Alexander von Humboldt Foundation at the Historisches Seminar - Abteilung Alte Geschichte of Ludwig-Maximilians-Universität München. The annotated edition is released under the Creative Commons Attribution Share-Alike license 3.0. Please cite this page as http://oracc.org/atae/P514197/.",
			"date_of_origin": "00.000.00.00",
			"designation": "WVDOG 152 V 1 064",
			"dialect": "Neo-Assyrian",
			"findspot_square": "Duri-Ashur",
			"genre": "Administrative Record",
			"language": "Akkadian",
			"last_mod_by": "Tushingham",
			"last_modified": "02.11.2021",
			"list_name": "atae/wvdog152:P514197",
			"material": "clay",
			"object_type": "tablet",
			"period": "Neo-Assyrian",
			"pleiades_id": "893945",
			"script": "Neo-Assyrian",
			"script_remarks": "inscribed",
			"script_type": "Cuneiform",
			"subgenre": "note",
			"ch_no": "01",
			"ch_name": "Assur 52a: Das Archiv des Dūrī-Aššur",
			"ch_num_name": "01 (Assur 52a: Das Archiv des Dūrī-Aššur)"
		},
		"geometry": {
			"type": "Point",
			"coordinates": [43.262037,35.458121]
		}
	}, {
		"type": "Feature",
		"properties": {
			"project": "wvdog152",
			"id_text": "P514198",
			"primary_publication": "WVDOG 152 V 1 065",
			"museum_no": "IM 124689",
			"provenience": "Qalat Sherqat (Assur)",
			"excavation_no": "Ass 1990-26",
			"archive": "052a - Duri-Aššur Archive",
			"atae_attribution": "Based on Karen Radner, Die beiden neuassyrischen Privatarchive, in Peter A. Miglus, Karen Radner and Franciszek M. Stępniowski (eds.), Ausgrabungen in Assur: Wohnquartiere in der Weststadt Teil 1 (Wissenschaftliche Veröffentlichungen der Deutschen Orient-Gesellschaft 152), 2016. Adapted by Poppy Tushingham (2018-2020) for the Munich Open-access Cuneiform Corpus Initiative (MOCCI), which is funded by LMU Munich and the Alexander von Humboldt Foundation at the Historisches Seminar - Abteilung Alte Geschichte of Ludwig-Maximilians-Universität München. The annotated edition is released under the Creative Commons Attribution Share-Alike license 3.0.",
			"cite_as": "Please cite this page as http://oracc.org/atae/P514198/.",
			"collection": "National Museum of Iraq, Baghdad, Iraq",
			"composite_witness": "witness",
			"credits": "Based on Karen Radner, Die beiden neuassyrischen Privatarchive, in Peter A. Miglus, Karen Radner and Franciszek M. Stępniowski (eds.), Ausgrabungen in Assur: Wohnquartiere in der Weststadt Teil 1 (Wissenschaftliche Veröffentlichungen der Deutschen Orient-Gesellschaft 152), 2016. Adapted by Poppy Tushingham (2018-2020) for the Munich Open-access Cuneiform Corpus Initiative (MOCCI), which is funded by LMU Munich and the Alexander von Humboldt Foundation at the Historisches Seminar - Abteilung Alte Geschichte of Ludwig-Maximilians-Universität München. The annotated edition is released under the Creative Commons Attribution Share-Alike license 3.0. Please cite this page as http://oracc.org/atae/P514198/.",
			"date_of_origin": "00.000.00.00",
			"designation": "WVDOG 152 V 1 065",
			"dialect": "Neo-Assyrian",
			"findspot_square": "Duri-Ashur",
			"genre": "Administrative Record",
			"language": "Akkadian",
			"last_mod_by": "Tushingham",
			"last_modified": "02.11.2021",
			"list_name": "atae/wvdog152:P514198",
			"material": "clay",
			"object_type": "tablet",
			"period": "Neo-Assyrian",
			"pleiades_id": "893945",
			"script": "Neo-Assyrian",
			"script_remarks": "inscribed",
			"script_type": "Cuneiform",
			"subgenre": "note",
			"ch_no": "01",
			"ch_name": "Assur 52a: Das Archiv des Dūrī-Aššur",
			"ch_num_name": "01 (Assur 52a: Das Archiv des Dūrī-Aššur)"
		},
		"geometry": {
			"type": "Point",
			"coordinates": [43.262037,35.458121]
		}
	}, {
		"type": "Feature",
		"properties": {
			"project": "wvdog152",
			"id_text": "P514199",
			"primary_publication": "WVDOG 152 V 1 066",
			"museum_no": "IM 124692",
			"provenience": "Qalat Sherqat (Assur)",
			"excavation_no": "Ass 1990-29",
			"archive": "052a - Duri-Aššur Archive",
			"atae_attribution": "Based on Karen Radner, Die beiden neuassyrischen Privatarchive, in Peter A. Miglus, Karen Radner and Franciszek M. Stępniowski (eds.), Ausgrabungen in Assur: Wohnquartiere in der Weststadt Teil 1 (Wissenschaftliche Veröffentlichungen der Deutschen Orient-Gesellschaft 152), 2016. Adapted by Poppy Tushingham (2018-2020) for the Munich Open-access Cuneiform Corpus Initiative (MOCCI), which is funded by LMU Munich and the Alexander von Humboldt Foundation at the Historisches Seminar - Abteilung Alte Geschichte of Ludwig-Maximilians-Universität München. The annotated edition is released under the Creative Commons Attribution Share-Alike license 3.0.",
			"cite_as": "Please cite this page as http://oracc.org/atae/P514199/.",
			"collection": "National Museum of Iraq, Baghdad, Iraq",
			"composite_witness": "witness",
			"credits": "Based on Karen Radner, Die beiden neuassyrischen Privatarchive, in Peter A. Miglus, Karen Radner and Franciszek M. Stępniowski (eds.), Ausgrabungen in Assur: Wohnquartiere in der Weststadt Teil 1 (Wissenschaftliche Veröffentlichungen der Deutschen Orient-Gesellschaft 152), 2016. Adapted by Poppy Tushingham (2018-2020) for the Munich Open-access Cuneiform Corpus Initiative (MOCCI), which is funded by LMU Munich and the Alexander von Humboldt Foundation at the Historisches Seminar - Abteilung Alte Geschichte of Ludwig-Maximilians-Universität München. The annotated edition is released under the Creative Commons Attribution Share-Alike license 3.0. Please cite this page as http://oracc.org/atae/P514199/.",
			"date_of_origin": "00.000.00.00",
			"designation": "WVDOG 152 V 1 066",
			"dialect": "Neo-Assyrian",
			"findspot_square": "Duri-Ashur",
			"genre": "Administrative Record",
			"language": "Akkadian",
			"last_mod_by": "Tushingham",
			"last_modified": "02.11.2021",
			"list_name": "atae/wvdog152:P514199",
			"material": "clay",
			"object_type": "tablet",
			"period": "Neo-Assyrian",
			"pleiades_id": "893945",
			"script": "Neo-Assyrian",
			"script_remarks": "inscribed",
			"script_type": "Cuneiform",
			"subgenre": "note",
			"ch_no": "01",
			"ch_name": "Assur 52a: Das Archiv des Dūrī-Aššur",
			"ch_num_name": "01 (Assur 52a: Das Archiv des Dūrī-Aššur)"
		},
		"geometry": {
			"type": "Point",
			"coordinates": [43.262037,35.458121]
		}
	}, {
		"type": "Feature",
		"properties": {
			"project": "wvdog152",
			"id_text": "P514200",
			"primary_publication": "WVDOG 152 V 1 067",
			"museum_no": "IM —",
			"provenience": "Qalat Sherqat (Assur)",
			"excavation_no": "Ass 2000.D-135",
			"archive": "052a - Duri-Aššur Archive",
			"atae_attribution": "Based on Karen Radner, Die beiden neuassyrischen Privatarchive, in Peter A. Miglus, Karen Radner and Franciszek M. Stępniowski (eds.), Ausgrabungen in Assur: Wohnquartiere in der Weststadt Teil 1 (Wissenschaftliche Veröffentlichungen der Deutschen Orient-Gesellschaft 152), 2016. Adapted by Poppy Tushingham (2018-2020) for the Munich Open-access Cuneiform Corpus Initiative (MOCCI), which is funded by LMU Munich and the Alexander von Humboldt Foundation at the Historisches Seminar - Abteilung Alte Geschichte of Ludwig-Maximilians-Universität München. The annotated edition is released under the Creative Commons Attribution Share-Alike license 3.0.",
			"cite_as": "Please cite this page as http://oracc.org/atae/P514200/.",
			"collection": "National Museum of Iraq, Baghdad, Iraq",
			"composite_witness": "witness",
			"credits": "Based on Karen Radner, Die beiden neuassyrischen Privatarchive, in Peter A. Miglus, Karen Radner and Franciszek M. Stępniowski (eds.), Ausgrabungen in Assur: Wohnquartiere in der Weststadt Teil 1 (Wissenschaftliche Veröffentlichungen der Deutschen Orient-Gesellschaft 152), 2016. Adapted by Poppy Tushingham (2018-2020) for the Munich Open-access Cuneiform Corpus Initiative (MOCCI), which is funded by LMU Munich and the Alexander von Humboldt Foundation at the Historisches Seminar - Abteilung Alte Geschichte of Ludwig-Maximilians-Universität München. The annotated edition is released under the Creative Commons Attribution Share-Alike license 3.0. Please cite this page as http://oracc.org/atae/P514200/.",
			"date_of_origin": "00.000.00.00",
			"designation": "WVDOG 152 V 1 067",
			"dialect": "Neo-Assyrian",
			"findspot_square": "Duri-Ashur",
			"genre": "Administrative Record",
			"language": "Akkadian",
			"last_mod_by": "Tushingham",
			"last_modified": "02.11.2021",
			"list_name": "atae/wvdog152:P514200",
			"material": "clay",
			"object_type": "tablet",
			"period": "Neo-Assyrian",
			"pleiades_id": "893945",
			"script": "Neo-Assyrian",
			"script_remarks": "inscribed",
			"script_type": "Cuneiform",
			"subgenre": "note",
			"ch_no": "01",
			"ch_name": "Assur 52a: Das Archiv des Dūrī-Aššur",
			"ch_num_name": "01 (Assur 52a: Das Archiv des Dūrī-Aššur)"
		},
		"geometry": {
			"type": "Point",
			"coordinates": [43.262037,35.458121]
		}
	}, {
		"type": "Feature",
		"properties": {
			"project": "wvdog152",
			"id_text": "P514201",
			"primary_publication": "WVDOG 152 V 1 068",
			"museum_no": "VAT 10403",
			"provenience": "Qalat Sherqat (Assur)",
			"archive": "052a - Duri-Aššur Archive",
			"atae_attribution": "Based on Karen Radner, Die beiden neuassyrischen Privatarchive, in Peter A. Miglus, Karen Radner and Franciszek M. Stępniowski (eds.), Ausgrabungen in Assur: Wohnquartiere in der Weststadt Teil 1 (Wissenschaftliche Veröffentlichungen der Deutschen Orient-Gesellschaft 152), 2016. Adapted by Poppy Tushingham (2018-2020) for the Munich Open-access Cuneiform Corpus Initiative (MOCCI), which is funded by LMU Munich and the Alexander von Humboldt Foundation at the Historisches Seminar - Abteilung Alte Geschichte of Ludwig-Maximilians-Universität München. The annotated edition is released under the Creative Commons Attribution Share-Alike license 3.0.",
			"cite_as": "Please cite this page as http://oracc.org/atae/P514201/.",
			"collection": "Vorderasiatisches Museum, Berlin, Germany",
			"composite_witness": "witness",
			"credits": "Based on Karen Radner, Die beiden neuassyrischen Privatarchive, in Peter A. Miglus, Karen Radner and Franciszek M. Stępniowski (eds.), Ausgrabungen in Assur: Wohnquartiere in der Weststadt Teil 1 (Wissenschaftliche Veröffentlichungen der Deutschen Orient-Gesellschaft 152), 2016. Adapted by Poppy Tushingham (2018-2020) for the Munich Open-access Cuneiform Corpus Initiative (MOCCI), which is funded by LMU Munich and the Alexander von Humboldt Foundation at the Historisches Seminar - Abteilung Alte Geschichte of Ludwig-Maximilians-Universität München. The annotated edition is released under the Creative Commons Attribution Share-Alike license 3.0. Please cite this page as http://oracc.org/atae/P514201/.",
			"date_of_origin": "00.000.00.00",
			"designation": "WVDOG 152 V 1 068",
			"dialect": "Neo-Assyrian",
			"findspot_square": "Duri-Ashur",
			"genre": "Administrative Record",
			"language": "Akkadian",
			"last_mod_by": "Tushingham",
			"last_modified": "02.11.2021",
			"list_name": "atae/wvdog152:P514201",
			"material": "clay",
			"object_type": "tablet",
			"period": "Neo-Assyrian",
			"pleiades_id": "893945",
			"script": "Neo-Assyrian",
			"script_remarks": "inscribed",
			"script_type": "Cuneiform",
			"subgenre": "financial statement",
			"ch_no": "01",
			"ch_name": "Assur 52a: Das Archiv des Dūrī-Aššur",
			"ch_num_name": "01 (Assur 52a: Das Archiv des Dūrī-Aššur)"
		},
		"geometry": {
			"type": "Point",
			"coordinates": [43.262037,35.458121]
		}
	}, {
		"type": "Feature",
		"properties": {
			"project": "wvdog152",
			"id_text": "P514202",
			"primary_publication": "WVDOG 152 V 1 069",
			"museum_no": "IM 124690",
			"provenience": "Qalat Sherqat (Assur)",
			"excavation_no": "Ass 1990-27",
			"archive": "052a - Duri-Aššur Archive",
			"atae_attribution": "Based on Karen Radner, Die beiden neuassyrischen Privatarchive, in Peter A. Miglus, Karen Radner and Franciszek M. Stępniowski (eds.), Ausgrabungen in Assur: Wohnquartiere in der Weststadt Teil 1 (Wissenschaftliche Veröffentlichungen der Deutschen Orient-Gesellschaft 152), 2016. Adapted by Poppy Tushingham (2018-2020) for the Munich Open-access Cuneiform Corpus Initiative (MOCCI), which is funded by LMU Munich and the Alexander von Humboldt Foundation at the Historisches Seminar - Abteilung Alte Geschichte of Ludwig-Maximilians-Universität München. The annotated edition is released under the Creative Commons Attribution Share-Alike license 3.0.",
			"cite_as": "Please cite this page as http://oracc.org/atae/P514202/.",
			"collection": "National Museum of Iraq, Baghdad, Iraq",
			"composite_witness": "witness",
			"credits": "Based on Karen Radner, Die beiden neuassyrischen Privatarchive, in Peter A. Miglus, Karen Radner and Franciszek M. Stępniowski (eds.), Ausgrabungen in Assur: Wohnquartiere in der Weststadt Teil 1 (Wissenschaftliche Veröffentlichungen der Deutschen Orient-Gesellschaft 152), 2016. Adapted by Poppy Tushingham (2018-2020) for the Munich Open-access Cuneiform Corpus Initiative (MOCCI), which is funded by LMU Munich and the Alexander von Humboldt Foundation at the Historisches Seminar - Abteilung Alte Geschichte of Ludwig-Maximilians-Universität München. The annotated edition is released under the Creative Commons Attribution Share-Alike license 3.0. Please cite this page as http://oracc.org/atae/P514202/.",
			"date_of_origin": "00.000.00.00",
			"designation": "WVDOG 152 V 1 069",
			"dialect": "Neo-Assyrian",
			"findspot_square": "Duri-Ashur",
			"genre": "Lexical Text",
			"language": "Akkadian",
			"last_mod_by": "Tushingham",
			"last_modified": "02.11.2021",
			"list_name": "atae/wvdog152:P514202",
			"material": "clay",
			"object_type": "tablet",
			"period": "Neo-Assyrian",
			"pleiades_id": "893945",
			"script": "Neo-Assyrian",
			"script_remarks": "inscribed",
			"script_type": "Cuneiform",
			"subgenre": "list (stones)",
			"ch_no": "01",
			"ch_name": "Assur 52a: Das Archiv des Dūrī-Aššur",
			"ch_num_name": "01 (Assur 52a: Das Archiv des Dūrī-Aššur)"
		},
		"geometry": {
			"type": "Point",
			"coordinates": [43.262037,35.458121]
		}
	}, {
		"type": "Feature",
		"properties": {
			"project": "wvdog152",
			"id_text": "P514203",
			"primary_publication": "WVDOG 152 V 1 070",
			"museum_no": "IM 124676",
			"provenience": "Qalat Sherqat (Assur)",
			"excavation_no": "Ass 1990-13",
			"archive": "052a - Duri-Aššur Archive",
			"atae_attribution": "Based on Karen Radner, Die beiden neuassyrischen Privatarchive, in Peter A. Miglus, Karen Radner and Franciszek M. Stępniowski (eds.), Ausgrabungen in Assur: Wohnquartiere in der Weststadt Teil 1 (Wissenschaftliche Veröffentlichungen der Deutschen Orient-Gesellschaft 152), 2016. Adapted by Poppy Tushingham (2018-2020) for the Munich Open-access Cuneiform Corpus Initiative (MOCCI), which is funded by LMU Munich and the Alexander von Humboldt Foundation at the Historisches Seminar - Abteilung Alte Geschichte of Ludwig-Maximilians-Universität München. The annotated edition is released under the Creative Commons Attribution Share-Alike license 3.0.",
			"cite_as": "Please cite this page as http://oracc.org/atae/P514203/.",
			"collection": "National Museum of Iraq, Baghdad, Iraq",
			"composite_witness": "witness",
			"credits": "Based on Karen Radner, Die beiden neuassyrischen Privatarchive, in Peter A. Miglus, Karen Radner and Franciszek M. Stępniowski (eds.), Ausgrabungen in Assur: Wohnquartiere in der Weststadt Teil 1 (Wissenschaftliche Veröffentlichungen der Deutschen Orient-Gesellschaft 152), 2016. Adapted by Poppy Tushingham (2018-2020) for the Munich Open-access Cuneiform Corpus Initiative (MOCCI), which is funded by LMU Munich and the Alexander von Humboldt Foundation at the Historisches Seminar - Abteilung Alte Geschichte of Ludwig-Maximilians-Universität München. The annotated edition is released under the Creative Commons Attribution Share-Alike license 3.0. Please cite this page as http://oracc.org/atae/P514203/.",
			"date_of_origin": "00.000.00.00",
			"designation": "WVDOG 152 V 1 070",
			"dialect": "Neo-Assyrian",
			"findspot_square": "Duri-Ashur",
			"genre": "Lexical Text",
			"language": "Akkadian",
			"last_mod_by": "Tushingham",
			"last_modified": "02.11.2021",
			"list_name": "atae/wvdog152:P514203",
			"material": "clay",
			"object_type": "tablet",
			"period": "Neo-Assyrian",
			"pleiades_id": "893945",
			"script": "Neo-Assyrian",
			"script_remarks": "inscribed",
			"script_type": "Cuneiform",
			"subgenre": "list (stones)",
			"ch_no": "01",
			"ch_name": "Assur 52a: Das Archiv des Dūrī-Aššur",
			"ch_num_name": "01 (Assur 52a: Das Archiv des Dūrī-Aššur)"
		},
		"geometry": {
			"type": "Point",
			"coordinates": [43.262037,35.458121]
		}
	}, {
		"type": "Feature",
		"properties": {
			"project": "wvdog152",
			"id_text": "P514204",
			"primary_publication": "WVDOG 152 V 1 071",
			"museum_no": "IM —",
			"provenience": "Qalat Sherqat (Assur)",
			"excavation_no": "Ass 2000-D.234(+)235",
			"archive": "052a - Duri-Aššur Archive",
			"atae_attribution": "Based on Karen Radner, Die beiden neuassyrischen Privatarchive, in Peter A. Miglus, Karen Radner and Franciszek M. Stępniowski (eds.), Ausgrabungen in Assur: Wohnquartiere in der Weststadt Teil 1 (Wissenschaftliche Veröffentlichungen der Deutschen Orient-Gesellschaft 152), 2016. Adapted by Poppy Tushingham (2018-2020) for the Munich Open-access Cuneiform Corpus Initiative (MOCCI), which is funded by LMU Munich and the Alexander von Humboldt Foundation at the Historisches Seminar - Abteilung Alte Geschichte of Ludwig-Maximilians-Universität München. The annotated edition is released under the Creative Commons Attribution Share-Alike license 3.0.",
			"cite_as": "Please cite this page as http://oracc.org/atae/P514204/.",
			"collection": "National Museum of Iraq, Baghdad, Iraq",
			"composite_witness": "witness",
			"credits": "Based on Karen Radner, Die beiden neuassyrischen Privatarchive, in Peter A. Miglus, Karen Radner and Franciszek M. Stępniowski (eds.), Ausgrabungen in Assur: Wohnquartiere in der Weststadt Teil 1 (Wissenschaftliche Veröffentlichungen der Deutschen Orient-Gesellschaft 152), 2016. Adapted by Poppy Tushingham (2018-2020) for the Munich Open-access Cuneiform Corpus Initiative (MOCCI), which is funded by LMU Munich and the Alexander von Humboldt Foundation at the Historisches Seminar - Abteilung Alte Geschichte of Ludwig-Maximilians-Universität München. The annotated edition is released under the Creative Commons Attribution Share-Alike license 3.0. Please cite this page as http://oracc.org/atae/P514204/.",
			"date_of_origin": "00.000.00.00",
			"designation": "WVDOG 152 V 1 071",
			"dialect": "Neo-Assyrian",
			"findspot_square": "Duri-Ashur",
			"genre": "Uncertain",
			"language": "Akkadian",
			"last_mod_by": "Tushingham",
			"last_modified": "02.11.2021",
			"list_name": "atae/wvdog152:P514204",
			"material": "clay",
			"object_type": "tablet",
			"period": "Neo-Assyrian",
			"pleiades_id": "893945",
			"script": "Neo-Assyrian",
			"script_remarks": "inscribed",
			"script_type": "Cuneiform",
			"ch_no": "01",
			"ch_name": "Assur 52a: Das Archiv des Dūrī-Aššur",
			"ch_num_name": "01 (Assur 52a: Das Archiv des Dūrī-Aššur)"
		},
		"geometry": {
			"type": "Point",
			"coordinates": [43.262037,35.458121]
		}
	}, {
		"type": "Feature",
		"properties": {
			"project": "wvdog152",
			"id_text": "P514205",
			"primary_publication": "WVDOG 152 V 1 072",
			"museum_no": "IM —",
			"provenience": "Qalat Sherqat (Assur)",
			"excavation_no": "Ass 2000-D.238(+)239",
			"archive": "052a - Duri-Aššur Archive",
			"atae_attribution": "Based on Karen Radner, Die beiden neuassyrischen Privatarchive, in Peter A. Miglus, Karen Radner and Franciszek M. Stępniowski (eds.), Ausgrabungen in Assur: Wohnquartiere in der Weststadt Teil 1 (Wissenschaftliche Veröffentlichungen der Deutschen Orient-Gesellschaft 152), 2016. Adapted by Poppy Tushingham (2018-2020) for the Munich Open-access Cuneiform Corpus Initiative (MOCCI), which is funded by LMU Munich and the Alexander von Humboldt Foundation at the Historisches Seminar - Abteilung Alte Geschichte of Ludwig-Maximilians-Universität München. The annotated edition is released under the Creative Commons Attribution Share-Alike license 3.0.",
			"cite_as": "Please cite this page as http://oracc.org/atae/P514205/.",
			"collection": "National Museum of Iraq, Baghdad, Iraq",
			"composite_witness": "witness",
			"credits": "Based on Karen Radner, Die beiden neuassyrischen Privatarchive, in Peter A. Miglus, Karen Radner and Franciszek M. Stępniowski (eds.), Ausgrabungen in Assur: Wohnquartiere in der Weststadt Teil 1 (Wissenschaftliche Veröffentlichungen der Deutschen Orient-Gesellschaft 152), 2016. Adapted by Poppy Tushingham (2018-2020) for the Munich Open-access Cuneiform Corpus Initiative (MOCCI), which is funded by LMU Munich and the Alexander von Humboldt Foundation at the Historisches Seminar - Abteilung Alte Geschichte of Ludwig-Maximilians-Universität München. The annotated edition is released under the Creative Commons Attribution Share-Alike license 3.0. Please cite this page as http://oracc.org/atae/P514205/.",
			"date_of_origin": "00.000.00.00",
			"designation": "WVDOG 152 V 1 072",
			"dialect": "Neo-Assyrian",
			"findspot_square": "Duri-Ashur",
			"genre": "Uncertain",
			"language": "Akkadian",
			"last_mod_by": "Tushingham",
			"last_modified": "02.11.2021",
			"list_name": "atae/wvdog152:P514205",
			"material": "clay",
			"object_type": "tablet",
			"period": "Neo-Assyrian",
			"pleiades_id": "893945",
			"script": "Neo-Assyrian",
			"script_remarks": "inscribed",
			"script_type": "Cuneiform",
			"ch_no": "01",
			"ch_name": "Assur 52a: Das Archiv des Dūrī-Aššur",
			"ch_num_name": "01 (Assur 52a: Das Archiv des Dūrī-Aššur)"
		},
		"geometry": {
			"type": "Point",
			"coordinates": [43.262037,35.458121]
		}
	}, {
		"type": "Feature",
		"properties": {
			"project": "wvdog152",
			"id_text": "P514206",
			"primary_publication": "WVDOG 152 V 2 001",
			"museum_no": "IM 124740",
			"provenience": "Qalat Sherqat (Assur)",
			"excavation_no": "Ass 1990-126",
			"archive": "052b - Egyptian Archive",
			"date": "658-08-27",
			"atae_attribution": "Based on Karen Radner, Die beiden neuassyrischen Privatarchive, in Peter A. Miglus, Karen Radner and Franciszek M. Stępniowski (eds.), Ausgrabungen in Assur: Wohnquartiere in der Weststadt Teil 1 (Wissenschaftliche Veröffentlichungen der Deutschen Orient-Gesellschaft 152), 2016. Adapted by Poppy Tushingham (2018-2020) for the Munich Open-access Cuneiform Corpus Initiative (MOCCI), which is funded by LMU Munich and the Alexander von Humboldt Foundation at the Historisches Seminar - Abteilung Alte Geschichte of Ludwig-Maximilians-Universität München. The annotated edition is released under the Creative Commons Attribution Share-Alike license 3.0.",
			"cite_as": "Please cite this page as http://oracc.org/atae/P514206/.",
			"collection": "National Museum of Iraq, Baghdad, Iraq",
			"composite_witness": "witness",
			"credits": "Based on Karen Radner, Die beiden neuassyrischen Privatarchive, in Peter A. Miglus, Karen Radner and Franciszek M. Stępniowski (eds.), Ausgrabungen in Assur: Wohnquartiere in der Weststadt Teil 1 (Wissenschaftliche Veröffentlichungen der Deutschen Orient-Gesellschaft 152), 2016. Adapted by Poppy Tushingham (2018-2020) for the Munich Open-access Cuneiform Corpus Initiative (MOCCI), which is funded by LMU Munich and the Alexander von Humboldt Foundation at the Historisches Seminar - Abteilung Alte Geschichte of Ludwig-Maximilians-Universität München. The annotated edition is released under the Creative Commons Attribution Share-Alike license 3.0. Please cite this page as http://oracc.org/atae/P514206/.",
			"date_gen": "658-VIII-27",
			"date_of_origin": "Assurbanipal.limu Sha-Nabu-shu.08.27",
			"day": "27",
			"designation": "WVDOG 152 V 2 001",
			"dialect": "Neo-Assyrian",
			"eponym": "Ša-Nabû-šû",
			"findspot_square": "Egyptians",
			"genre": "Legal Transaction",
			"language": "Akkadian",
			"last_mod_by": "Tushingham",
			"last_modified": "02.11.2021",
			"list_name": "atae/wvdog152:P514206",
			"long_date_gen": "Arahsamna 27th, eponymy of Ša-Nabû-šû",
			"material": "clay",
			"month": "VIII",
			"object_type": "envelope",
			"period": "Neo-Assyrian",
			"pleiades_id": "893945",
			"regnal_dates": "668–ca. 631 BC",
			"ruler": "Ashurbanipal",
			"script": "Neo-Assyrian",
			"script_remarks": "inscribed",
			"script_type": "Cuneiform",
			"subgenre": "debt note (silver)",
			"year": "658",
			"ch_no": "02",
			"ch_name": "Assur 52b: Das Archiv einer Gruppe von Ägyptern",
			"ch_num_name": "02 (Assur 52b: Das Archiv einer Gruppe von Ägyptern)"
		},
		"geometry": {
			"type": "Point",
			"coordinates": [43.262037,35.458121]
		}
	}, {
		"type": "Feature",
		"properties": {
			"project": "wvdog152",
			"id_text": "P514207",
			"primary_publication": "WVDOG 152 V 2 002",
			"museum_no": "IM 124736",
			"provenience": "Qalat Sherqat (Assur)",
			"excavation_no": "Ass 1990-122",
			"archive": "052b - Egyptian Archive",
			"date": "647*-IX-04",
			"atae_attribution": "Based on Karen Radner, Die beiden neuassyrischen Privatarchive, in Peter A. Miglus, Karen Radner and Franciszek M. Stępniowski (eds.), Ausgrabungen in Assur: Wohnquartiere in der Weststadt Teil 1 (Wissenschaftliche Veröffentlichungen der Deutschen Orient-Gesellschaft 152), 2016. Adapted by Poppy Tushingham (2018-2020) for the Munich Open-access Cuneiform Corpus Initiative (MOCCI), which is funded by LMU Munich and the Alexander von Humboldt Foundation at the Historisches Seminar - Abteilung Alte Geschichte of Ludwig-Maximilians-Universität München. The annotated edition is released under the Creative Commons Attribution Share-Alike license 3.0.",
			"cite_as": "Please cite this page as http://oracc.org/atae/P514207/.",
			"collection": "National Museum of Iraq, Baghdad, Iraq",
			"composite_witness": "witness",
			"credits": "Based on Karen Radner, Die beiden neuassyrischen Privatarchive, in Peter A. Miglus, Karen Radner and Franciszek M. Stępniowski (eds.), Ausgrabungen in Assur: Wohnquartiere in der Weststadt Teil 1 (Wissenschaftliche Veröffentlichungen der Deutschen Orient-Gesellschaft 152), 2016. Adapted by Poppy Tushingham (2018-2020) for the Munich Open-access Cuneiform Corpus Initiative (MOCCI), which is funded by LMU Munich and the Alexander von Humboldt Foundation at the Historisches Seminar - Abteilung Alte Geschichte of Ludwig-Maximilians-Universität München. The annotated edition is released under the Creative Commons Attribution Share-Alike license 3.0. Please cite this page as http://oracc.org/atae/P514207/.",
			"date_gen": "647*-IX-04",
			"date_of_origin": "Assurbanipal.limu Nabu-nadin-ahi.09.04",
			"day": "04",
			"designation": "WVDOG 152 V 2 002",
			"dialect": "Neo-Assyrian",
			"eponym": "Nabû-nādin-ahi",
			"findspot_square": "Egyptians",
			"genre": "Legal Transaction",
			"language": "Akkadian",
			"last_mod_by": "Tushingham",
			"last_modified": "02.11.2021",
			"list_name": "atae/wvdog152:P514207",
			"long_date_gen": "Kislīmu 4th, eponymy of Nabû-nādin-ahi",
			"material": "clay",
			"month": "IX",
			"object_type": "tablet",
			"period": "Neo-Assyrian",
			"pleiades_id": "893945",
			"regnal_dates": "668–ca. 631 BC",
			"ruler": "Ashurbanipal",
			"script": "Neo-Assyrian",
			"script_remarks": "inscribed",
			"script_type": "Cuneiform",
			"subgenre": "debt note (silver)",
			"year": "647*",
			"ch_no": "02",
			"ch_name": "Assur 52b: Das Archiv einer Gruppe von Ägyptern",
			"ch_num_name": "02 (Assur 52b: Das Archiv einer Gruppe von Ägyptern)"
		},
		"geometry": {
			"type": "Point",
			"coordinates": [43.262037,35.458121]
		}
	}, {
		"type": "Feature",
		"properties": {
			"project": "wvdog152",
			"id_text": "P514208",
			"primary_publication": "WVDOG 152 V 2 003",
			"museum_no": "IM 124737",
			"provenience": "Qalat Sherqat (Assur)",
			"excavation_no": "Ass 1990-123",
			"archive": "052b - Egyptian Archive",
			"date": "640*-XII-13",
			"atae_attribution": "Based on Karen Radner, Die beiden neuassyrischen Privatarchive, in Peter A. Miglus, Karen Radner and Franciszek M. Stępniowski (eds.), Ausgrabungen in Assur: Wohnquartiere in der Weststadt Teil 1 (Wissenschaftliche Veröffentlichungen der Deutschen Orient-Gesellschaft 152), 2016. Adapted by Poppy Tushingham (2018-2020) for the Munich Open-access Cuneiform Corpus Initiative (MOCCI), which is funded by LMU Munich and the Alexander von Humboldt Foundation at the Historisches Seminar - Abteilung Alte Geschichte of Ludwig-Maximilians-Universität München. The annotated edition is released under the Creative Commons Attribution Share-Alike license 3.0.",
			"cite_as": "Please cite this page as http://oracc.org/atae/P514208/.",
			"collection": "National Museum of Iraq, Baghdad, Iraq",
			"composite_witness": "witness",
			"credits": "Based on Karen Radner, Die beiden neuassyrischen Privatarchive, in Peter A. Miglus, Karen Radner and Franciszek M. Stępniowski (eds.), Ausgrabungen in Assur: Wohnquartiere in der Weststadt Teil 1 (Wissenschaftliche Veröffentlichungen der Deutschen Orient-Gesellschaft 152), 2016. Adapted by Poppy Tushingham (2018-2020) for the Munich Open-access Cuneiform Corpus Initiative (MOCCI), which is funded by LMU Munich and the Alexander von Humboldt Foundation at the Historisches Seminar - Abteilung Alte Geschichte of Ludwig-Maximilians-Universität München. The annotated edition is released under the Creative Commons Attribution Share-Alike license 3.0. Please cite this page as http://oracc.org/atae/P514208/.",
			"date_gen": "640*-XII-13",
			"date_of_origin": "Assurbanipal.limu Shamash-metu-uballit.12.13",
			"day": "13",
			"designation": "WVDOG 152 V 2 003",
			"dialect": "Neo-Assyrian",
			"eponym": "Šamaš-mētu-uballiṭ",
			"findspot_square": "Egyptians",
			"genre": "Legal Transaction",
			"language": "Akkadian",
			"last_mod_by": "Tushingham",
			"last_modified": "02.11.2021",
			"list_name": "atae/wvdog152:P514208",
			"long_date_gen": "Addaru 13th, eponymy of Šamaš-mētu-uballiṭ",
			"material": "clay",
			"month": "XII",
			"object_type": "tablet, envelope",
			"period": "Neo-Assyrian",
			"pleiades_id": "893945",
			"regnal_dates": "668–ca. 631 BC",
			"ruler": "Ashurbanipal",
			"script": "Neo-Assyrian",
			"script_remarks": "inscribed",
			"script_type": "Cuneiform",
			"subgenre": "debt note (silver)",
			"year": "640*",
			"ch_no": "02",
			"ch_name": "Assur 52b: Das Archiv einer Gruppe von Ägyptern",
			"ch_num_name": "02 (Assur 52b: Das Archiv einer Gruppe von Ägyptern)"
		},
		"geometry": {
			"type": "Point",
			"coordinates": [43.262037,35.458121]
		}
	}, {
		"type": "Feature",
		"properties": {
			"project": "wvdog152",
			"id_text": "P514209",
			"primary_publication": "WVDOG 152 V 2 004",
			"museum_no": "IM 124739",
			"provenience": "Qalat Sherqat (Assur)",
			"excavation_no": "Ass 1990-125",
			"archive": "052b - Egyptian Archive",
			"date": "634*-XI-27",
			"atae_attribution": "Based on Karen Radner, Die beiden neuassyrischen Privatarchive, in Peter A. Miglus, Karen Radner and Franciszek M. Stępniowski (eds.), Ausgrabungen in Assur: Wohnquartiere in der Weststadt Teil 1 (Wissenschaftliche Veröffentlichungen der Deutschen Orient-Gesellschaft 152), 2016. Adapted by Poppy Tushingham (2018-2020) for the Munich Open-access Cuneiform Corpus Initiative (MOCCI), which is funded by LMU Munich and the Alexander von Humboldt Foundation at the Historisches Seminar - Abteilung Alte Geschichte of Ludwig-Maximilians-Universität München. The annotated edition is released under the Creative Commons Attribution Share-Alike license 3.0.",
			"cite_as": "Please cite this page as http://oracc.org/atae/P514209/.",
			"collection": "National Museum of Iraq, Baghdad, Iraq",
			"composite_witness": "witness",
			"credits": "Based on Karen Radner, Die beiden neuassyrischen Privatarchive, in Peter A. Miglus, Karen Radner and Franciszek M. Stępniowski (eds.), Ausgrabungen in Assur: Wohnquartiere in der Weststadt Teil 1 (Wissenschaftliche Veröffentlichungen der Deutschen Orient-Gesellschaft 152), 2016. Adapted by Poppy Tushingham (2018-2020) for the Munich Open-access Cuneiform Corpus Initiative (MOCCI), which is funded by LMU Munich and the Alexander von Humboldt Foundation at the Historisches Seminar - Abteilung Alte Geschichte of Ludwig-Maximilians-Universität München. The annotated edition is released under the Creative Commons Attribution Share-Alike license 3.0. Please cite this page as http://oracc.org/atae/P514209/.",
			"date_gen": "634*-XI-27",
			"date_of_origin": "Assurbanipal.limu Bullutu.11.27",
			"day": "27",
			"designation": "WVDOG 152 V 2 004",
			"dialect": "Neo-Assyrian",
			"eponym": "Bulluṭu",
			"findspot_square": "Egyptians",
			"genre": "Legal Transaction",
			"language": "Akkadian",
			"last_mod_by": "Tushingham",
			"last_modified": "02.11.2021",
			"list_name": "atae/wvdog152:P514209",
			"long_date_gen": "Šabāṭu 27th, eponymy of Bulluṭu",
			"material": "clay",
			"month": "XI",
			"object_type": "tablet",
			"period": "Neo-Assyrian",
			"pleiades_id": "893945",
			"regnal_dates": "668–ca. 631 BC",
			"ruler": "Ashurbanipal",
			"script": "Neo-Assyrian",
			"script_remarks": "inscribed",
			"script_type": "Cuneiform",
			"subgenre": "judicial document",
			"year": "634*",
			"ch_no": "02",
			"ch_name": "Assur 52b: Das Archiv einer Gruppe von Ägyptern",
			"ch_num_name": "02 (Assur 52b: Das Archiv einer Gruppe von Ägyptern)"
		},
		"geometry": {
			"type": "Point",
			"coordinates": [43.262037,35.458121]
		}
	}, {
		"type": "Feature",
		"properties": {
			"project": "wvdog152",
			"id_text": "P514210",
			"primary_publication": "WVDOG 152 V 2 005",
			"museum_no": "IM 124741",
			"provenience": "Qalat Sherqat (Assur)",
			"excavation_no": "Ass 1990-127",
			"archive": "052b - Egyptian Archive",
			"date": "632*",
			"atae_attribution": "Based on Karen Radner, Die beiden neuassyrischen Privatarchive, in Peter A. Miglus, Karen Radner and Franciszek M. Stępniowski (eds.), Ausgrabungen in Assur: Wohnquartiere in der Weststadt Teil 1 (Wissenschaftliche Veröffentlichungen der Deutschen Orient-Gesellschaft 152), 2016. Adapted by Poppy Tushingham (2018-2020) for the Munich Open-access Cuneiform Corpus Initiative (MOCCI), which is funded by LMU Munich and the Alexander von Humboldt Foundation at the Historisches Seminar - Abteilung Alte Geschichte of Ludwig-Maximilians-Universität München. The annotated edition is released under the Creative Commons Attribution Share-Alike license 3.0.",
			"cite_as": "Please cite this page as http://oracc.org/atae/P514210/.",
			"collection": "National Museum of Iraq, Baghdad, Iraq",
			"composite_witness": "witness",
			"credits": "Based on Karen Radner, Die beiden neuassyrischen Privatarchive, in Peter A. Miglus, Karen Radner and Franciszek M. Stępniowski (eds.), Ausgrabungen in Assur: Wohnquartiere in der Weststadt Teil 1 (Wissenschaftliche Veröffentlichungen der Deutschen Orient-Gesellschaft 152), 2016. Adapted by Poppy Tushingham (2018-2020) for the Munich Open-access Cuneiform Corpus Initiative (MOCCI), which is funded by LMU Munich and the Alexander von Humboldt Foundation at the Historisches Seminar - Abteilung Alte Geschichte of Ludwig-Maximilians-Universität München. The annotated edition is released under the Creative Commons Attribution Share-Alike license 3.0. Please cite this page as http://oracc.org/atae/P514210/.",
			"date_gen": "632*",
			"date_of_origin": "Assurbanipal.Tab-sil-Sin.00.00",
			"designation": "WVDOG 152 V 2 005",
			"dialect": "Neo-Assyrian",
			"eponym": "Ṭāb-ṣil-Sîn",
			"findspot_square": "Egyptians",
			"genre": "Legal Transaction",
			"language": "Akkadian",
			"last_mod_by": "Tushingham",
			"last_modified": "02.11.2021",
			"list_name": "atae/wvdog152:P514210",
			"long_date_gen": ", eponymy of Ṭāb-ṣil-Sîn",
			"material": "clay",
			"object_type": "tablet",
			"period": "Neo-Assyrian",
			"pleiades_id": "893945",
			"regnal_dates": "668–ca. 631 BC",
			"ruler": "Ashurbanipal",
			"script": "Neo-Assyrian",
			"script_remarks": "inscribed",
			"script_type": "Cuneiform",
			"subgenre": "obligation to reimburse (grain, sacrifice)",
			"year": "632*",
			"ch_no": "02",
			"ch_name": "Assur 52b: Das Archiv einer Gruppe von Ägyptern",
			"ch_num_name": "02 (Assur 52b: Das Archiv einer Gruppe von Ägyptern)"
		},
		"geometry": {
			"type": "Point",
			"coordinates": [43.262037,35.458121]
		}
	}, {
		"type": "Feature",
		"properties": {
			"project": "wvdog152",
			"id_text": "P514211",
			"primary_publication": "WVDOG 152 V 2 006",
			"museum_no": "IM 124728",
			"provenience": "Qalat Sherqat (Assur)",
			"excavation_no": "Ass 1990-114",
			"archive": "052b - Egyptian Archive",
			"atae_attribution": "Based on Karen Radner, Die beiden neuassyrischen Privatarchive, in Peter A. Miglus, Karen Radner and Franciszek M. Stępniowski (eds.), Ausgrabungen in Assur: Wohnquartiere in der Weststadt Teil 1 (Wissenschaftliche Veröffentlichungen der Deutschen Orient-Gesellschaft 152), 2016. Adapted by Poppy Tushingham (2018-2020) for the Munich Open-access Cuneiform Corpus Initiative (MOCCI), which is funded by LMU Munich and the Alexander von Humboldt Foundation at the Historisches Seminar - Abteilung Alte Geschichte of Ludwig-Maximilians-Universität München. The annotated edition is released under the Creative Commons Attribution Share-Alike license 3.0.",
			"cite_as": "Please cite this page as http://oracc.org/atae/P514211/.",
			"collection": "National Museum of Iraq, Baghdad, Iraq",
			"composite_witness": "witness",
			"credits": "Based on Karen Radner, Die beiden neuassyrischen Privatarchive, in Peter A. Miglus, Karen Radner and Franciszek M. Stępniowski (eds.), Ausgrabungen in Assur: Wohnquartiere in der Weststadt Teil 1 (Wissenschaftliche Veröffentlichungen der Deutschen Orient-Gesellschaft 152), 2016. Adapted by Poppy Tushingham (2018-2020) for the Munich Open-access Cuneiform Corpus Initiative (MOCCI), which is funded by LMU Munich and the Alexander von Humboldt Foundation at the Historisches Seminar - Abteilung Alte Geschichte of Ludwig-Maximilians-Universität München. The annotated edition is released under the Creative Commons Attribution Share-Alike license 3.0. Please cite this page as http://oracc.org/atae/P514211/.",
			"date_of_origin": "00.000.00.00",
			"designation": "WVDOG 152 V 2 006",
			"dialect": "Neo-Assyrian",
			"findspot_square": "Egyptians",
			"genre": "Legal Transaction",
			"language": "Akkadian",
			"last_mod_by": "Tushingham",
			"last_modified": "02.11.2021",
			"list_name": "atae/wvdog152:P514211",
			"material": "clay",
			"object_type": "tablet",
			"period": "Neo-Assyrian",
			"pleiades_id": "893945",
			"script": "Neo-Assyrian",
			"script_remarks": "inscribed",
			"script_type": "Cuneiform",
			"subgenre": "sales document (person)",
			"ch_no": "02",
			"ch_name": "Assur 52b: Das Archiv einer Gruppe von Ägyptern",
			"ch_num_name": "02 (Assur 52b: Das Archiv einer Gruppe von Ägyptern)"
		},
		"geometry": {
			"type": "Point",
			"coordinates": [43.262037,35.458121]
		}
	}, {
		"type": "Feature",
		"properties": {
			"project": "wvdog152",
			"id_text": "P514212",
			"primary_publication": "WVDOG 152 V 2 007",
			"museum_no": "IM 124735",
			"provenience": "Qalat Sherqat (Assur)",
			"excavation_no": "Ass 1990-121",
			"archive": "052b - Egyptian Archive",
			"atae_attribution": "Based on Karen Radner, Die beiden neuassyrischen Privatarchive, in Peter A. Miglus, Karen Radner and Franciszek M. Stępniowski (eds.), Ausgrabungen in Assur: Wohnquartiere in der Weststadt Teil 1 (Wissenschaftliche Veröffentlichungen der Deutschen Orient-Gesellschaft 152), 2016. Adapted by Poppy Tushingham (2018-2020) for the Munich Open-access Cuneiform Corpus Initiative (MOCCI), which is funded by LMU Munich and the Alexander von Humboldt Foundation at the Historisches Seminar - Abteilung Alte Geschichte of Ludwig-Maximilians-Universität München. The annotated edition is released under the Creative Commons Attribution Share-Alike license 3.0.",
			"cite_as": "Please cite this page as http://oracc.org/atae/P514212/.",
			"collection": "National Museum of Iraq, Baghdad, Iraq",
			"composite_witness": "witness",
			"credits": "Based on Karen Radner, Die beiden neuassyrischen Privatarchive, in Peter A. Miglus, Karen Radner and Franciszek M. Stępniowski (eds.), Ausgrabungen in Assur: Wohnquartiere in der Weststadt Teil 1 (Wissenschaftliche Veröffentlichungen der Deutschen Orient-Gesellschaft 152), 2016. Adapted by Poppy Tushingham (2018-2020) for the Munich Open-access Cuneiform Corpus Initiative (MOCCI), which is funded by LMU Munich and the Alexander von Humboldt Foundation at the Historisches Seminar - Abteilung Alte Geschichte of Ludwig-Maximilians-Universität München. The annotated edition is released under the Creative Commons Attribution Share-Alike license 3.0. Please cite this page as http://oracc.org/atae/P514212/.",
			"date_of_origin": "00.000.00.00",
			"designation": "WVDOG 152 V 2 007",
			"dialect": "Neo-Assyrian",
			"findspot_square": "Egyptians",
			"genre": "Legal Transaction",
			"language": "Akkadian",
			"last_mod_by": "Tushingham",
			"last_modified": "02.11.2021",
			"list_name": "atae/wvdog152:P514212",
			"material": "clay",
			"object_type": "tablet, envelope",
			"period": "Neo-Assyrian",
			"pleiades_id": "893945",
			"script": "Neo-Assyrian",
			"script_remarks": "inscribed",
			"script_type": "Cuneiform",
			"subgenre": "debt note (silver)",
			"ch_no": "02",
			"ch_name": "Assur 52b: Das Archiv einer Gruppe von Ägyptern",
			"ch_num_name": "02 (Assur 52b: Das Archiv einer Gruppe von Ägyptern)"
		},
		"geometry": {
			"type": "Point",
			"coordinates": [43.262037,35.458121]
		}
	}, {
		"type": "Feature",
		"properties": {
			"project": "wvdog152",
			"id_text": "P514213",
			"primary_publication": "WVDOG 152 V 2 008",
			"museum_no": "IM 124738",
			"provenience": "Qalat Sherqat (Assur)",
			"excavation_no": "Ass 1990-124",
			"archive": "052b - Egyptian Archive",
			"atae_attribution": "Based on Karen Radner, Die beiden neuassyrischen Privatarchive, in Peter A. Miglus, Karen Radner and Franciszek M. Stępniowski (eds.), Ausgrabungen in Assur: Wohnquartiere in der Weststadt Teil 1 (Wissenschaftliche Veröffentlichungen der Deutschen Orient-Gesellschaft 152), 2016. Adapted by Poppy Tushingham (2018-2020) for the Munich Open-access Cuneiform Corpus Initiative (MOCCI), which is funded by LMU Munich and the Alexander von Humboldt Foundation at the Historisches Seminar - Abteilung Alte Geschichte of Ludwig-Maximilians-Universität München. The annotated edition is released under the Creative Commons Attribution Share-Alike license 3.0.",
			"cite_as": "Please cite this page as http://oracc.org/atae/P514213/.",
			"collection": "National Museum of Iraq, Baghdad, Iraq",
			"composite_witness": "witness",
			"credits": "Based on Karen Radner, Die beiden neuassyrischen Privatarchive, in Peter A. Miglus, Karen Radner and Franciszek M. Stępniowski (eds.), Ausgrabungen in Assur: Wohnquartiere in der Weststadt Teil 1 (Wissenschaftliche Veröffentlichungen der Deutschen Orient-Gesellschaft 152), 2016. Adapted by Poppy Tushingham (2018-2020) for the Munich Open-access Cuneiform Corpus Initiative (MOCCI), which is funded by LMU Munich and the Alexander von Humboldt Foundation at the Historisches Seminar - Abteilung Alte Geschichte of Ludwig-Maximilians-Universität München. The annotated edition is released under the Creative Commons Attribution Share-Alike license 3.0. Please cite this page as http://oracc.org/atae/P514213/.",
			"date_of_origin": "00.000.00.00",
			"designation": "WVDOG 152 V 2 008",
			"dialect": "Neo-Assyrian",
			"findspot_square": "Egyptians",
			"genre": "Legal Transaction",
			"language": "Akkadian",
			"last_mod_by": "Tushingham",
			"last_modified": "02.11.2021",
			"list_name": "atae/wvdog152:P514213",
			"material": "clay",
			"object_type": "tablet",
			"period": "Neo-Assyrian",
			"pleiades_id": "893945",
			"script": "Neo-Assyrian",
			"script_remarks": "inscribed",
			"script_type": "Cuneiform",
			"subgenre": "debt note (silver)",
			"ch_no": "02",
			"ch_name": "Assur 52b: Das Archiv einer Gruppe von Ägyptern",
			"ch_num_name": "02 (Assur 52b: Das Archiv einer Gruppe von Ägyptern)"
		},
		"geometry": {
			"type": "Point",
			"coordinates": [43.262037,35.458121]
		}
	}, {
		"type": "Feature",
		"properties": {
			"project": "wvdog152",
			"id_text": "P514214",
			"primary_publication": "WVDOG 152 V 2 009",
			"museum_no": "IM 124734",
			"provenience": "Qalat Sherqat (Assur)",
			"excavation_no": "Ass 1990-120",
			"archive": "052b - Egyptian Archive",
			"atae_attribution": "Based on Karen Radner, Die beiden neuassyrischen Privatarchive, in Peter A. Miglus, Karen Radner and Franciszek M. Stępniowski (eds.), Ausgrabungen in Assur: Wohnquartiere in der Weststadt Teil 1 (Wissenschaftliche Veröffentlichungen der Deutschen Orient-Gesellschaft 152), 2016. Adapted by Poppy Tushingham (2018-2020) for the Munich Open-access Cuneiform Corpus Initiative (MOCCI), which is funded by LMU Munich and the Alexander von Humboldt Foundation at the Historisches Seminar - Abteilung Alte Geschichte of Ludwig-Maximilians-Universität München. The annotated edition is released under the Creative Commons Attribution Share-Alike license 3.0.",
			"cite_as": "Please cite this page as http://oracc.org/atae/P514214/.",
			"collection": "National Museum of Iraq, Baghdad, Iraq",
			"composite_witness": "witness",
			"credits": "Based on Karen Radner, Die beiden neuassyrischen Privatarchive, in Peter A. Miglus, Karen Radner and Franciszek M. Stępniowski (eds.), Ausgrabungen in Assur: Wohnquartiere in der Weststadt Teil 1 (Wissenschaftliche Veröffentlichungen der Deutschen Orient-Gesellschaft 152), 2016. Adapted by Poppy Tushingham (2018-2020) for the Munich Open-access Cuneiform Corpus Initiative (MOCCI), which is funded by LMU Munich and the Alexander von Humboldt Foundation at the Historisches Seminar - Abteilung Alte Geschichte of Ludwig-Maximilians-Universität München. The annotated edition is released under the Creative Commons Attribution Share-Alike license 3.0. Please cite this page as http://oracc.org/atae/P514214/.",
			"date_of_origin": "00.000.00.00",
			"designation": "WVDOG 152 V 2 009",
			"dialect": "Neo-Assyrian",
			"findspot_square": "Egyptians",
			"genre": "Legal Transaction",
			"language": "Akkadian",
			"last_mod_by": "Tushingham",
			"last_modified": "02.11.2021",
			"list_name": "atae/wvdog152:P514214",
			"material": "clay",
			"object_type": "tablet",
			"period": "Neo-Assyrian",
			"pleiades_id": "893945",
			"script": "Neo-Assyrian",
			"script_remarks": "inscribed",
			"script_type": "Cuneiform",
			"subgenre": "debt note (silver)",
			"ch_no": "02",
			"ch_name": "Assur 52b: Das Archiv einer Gruppe von Ägyptern",
			"ch_num_name": "02 (Assur 52b: Das Archiv einer Gruppe von Ägyptern)"
		},
		"geometry": {
			"type": "Point",
			"coordinates": [43.262037,35.458121]
		}
	}, {
		"type": "Feature",
		"properties": {
			"project": "wvdog152",
			"id_text": "P514215",
			"primary_publication": "WVDOG 152 V 2 010",
			"museum_no": "IM 124727",
			"provenience": "Qalat Sherqat (Assur)",
			"excavation_no": "Ass 1990-113",
			"archive": "052b - Egyptian Archive",
			"atae_attribution": "Based on Karen Radner, Die beiden neuassyrischen Privatarchive, in Peter A. Miglus, Karen Radner and Franciszek M. Stępniowski (eds.), Ausgrabungen in Assur: Wohnquartiere in der Weststadt Teil 1 (Wissenschaftliche Veröffentlichungen der Deutschen Orient-Gesellschaft 152), 2016. Adapted by Poppy Tushingham (2018-2020) for the Munich Open-access Cuneiform Corpus Initiative (MOCCI), which is funded by LMU Munich and the Alexander von Humboldt Foundation at the Historisches Seminar - Abteilung Alte Geschichte of Ludwig-Maximilians-Universität München. The annotated edition is released under the Creative Commons Attribution Share-Alike license 3.0.",
			"cite_as": "Please cite this page as http://oracc.org/atae/P514215/.",
			"collection": "National Museum of Iraq, Baghdad, Iraq",
			"composite_witness": "witness",
			"credits": "Based on Karen Radner, Die beiden neuassyrischen Privatarchive, in Peter A. Miglus, Karen Radner and Franciszek M. Stępniowski (eds.), Ausgrabungen in Assur: Wohnquartiere in der Weststadt Teil 1 (Wissenschaftliche Veröffentlichungen der Deutschen Orient-Gesellschaft 152), 2016. Adapted by Poppy Tushingham (2018-2020) for the Munich Open-access Cuneiform Corpus Initiative (MOCCI), which is funded by LMU Munich and the Alexander von Humboldt Foundation at the Historisches Seminar - Abteilung Alte Geschichte of Ludwig-Maximilians-Universität München. The annotated edition is released under the Creative Commons Attribution Share-Alike license 3.0. Please cite this page as http://oracc.org/atae/P514215/.",
			"date_of_origin": "00.000.00.00",
			"designation": "WVDOG 152 V 2 010",
			"dialect": "Neo-Assyrian",
			"findspot_square": "Egyptians",
			"genre": "Legal Transaction",
			"language": "Akkadian",
			"last_mod_by": "Tushingham",
			"last_modified": "02.11.2021",
			"list_name": "atae/wvdog152:P514215",
			"material": "clay",
			"object_type": "tablet",
			"period": "Neo-Assyrian",
			"pleiades_id": "893945",
			"script": "Neo-Assyrian",
			"script_remarks": "inscribed",
			"script_type": "Cuneiform",
			"subgenre": "judicial document",
			"ch_no": "02",
			"ch_name": "Assur 52b: Das Archiv einer Gruppe von Ägyptern",
			"ch_num_name": "02 (Assur 52b: Das Archiv einer Gruppe von Ägyptern)"
		},
		"geometry": {
			"type": "Point",
			"coordinates": [43.262037,35.458121]
		}
	}, {
		"type": "Feature",
		"properties": {
			"project": "wvdog152",
			"id_text": "P514216",
			"primary_publication": "WVDOG 152 V 2 011",
			"museum_no": "IM 124729",
			"provenience": "Qalat Sherqat (Assur)",
			"excavation_no": "Ass 1990-115",
			"archive": "052b - Egyptian Archive",
			"atae_attribution": "Based on Karen Radner, Die beiden neuassyrischen Privatarchive, in Peter A. Miglus, Karen Radner and Franciszek M. Stępniowski (eds.), Ausgrabungen in Assur: Wohnquartiere in der Weststadt Teil 1 (Wissenschaftliche Veröffentlichungen der Deutschen Orient-Gesellschaft 152), 2016. Adapted by Poppy Tushingham (2018-2020) for the Munich Open-access Cuneiform Corpus Initiative (MOCCI), which is funded by LMU Munich and the Alexander von Humboldt Foundation at the Historisches Seminar - Abteilung Alte Geschichte of Ludwig-Maximilians-Universität München. The annotated edition is released under the Creative Commons Attribution Share-Alike license 3.0.",
			"cite_as": "Please cite this page as http://oracc.org/atae/P514216/.",
			"collection": "National Museum of Iraq, Baghdad, Iraq",
			"composite_witness": "witness",
			"credits": "Based on Karen Radner, Die beiden neuassyrischen Privatarchive, in Peter A. Miglus, Karen Radner and Franciszek M. Stępniowski (eds.), Ausgrabungen in Assur: Wohnquartiere in der Weststadt Teil 1 (Wissenschaftliche Veröffentlichungen der Deutschen Orient-Gesellschaft 152), 2016. Adapted by Poppy Tushingham (2018-2020) for the Munich Open-access Cuneiform Corpus Initiative (MOCCI), which is funded by LMU Munich and the Alexander von Humboldt Foundation at the Historisches Seminar - Abteilung Alte Geschichte of Ludwig-Maximilians-Universität München. The annotated edition is released under the Creative Commons Attribution Share-Alike license 3.0. Please cite this page as http://oracc.org/atae/P514216/.",
			"date_of_origin": "00.000.00.00",
			"designation": "WVDOG 152 V 2 011",
			"dialect": "Neo-Assyrian",
			"findspot_square": "Egyptians",
			"genre": "Legal Transaction",
			"language": "Akkadian",
			"last_mod_by": "Tushingham",
			"last_modified": "02.11.2021",
			"list_name": "atae/wvdog152:P514216",
			"material": "clay",
			"object_type": "tablet",
			"period": "Neo-Assyrian",
			"pleiades_id": "893945",
			"script": "Neo-Assyrian",
			"script_remarks": "inscribed",
			"script_type": "Cuneiform",
			"subgenre": "marriage record",
			"ch_no": "02",
			"ch_name": "Assur 52b: Das Archiv einer Gruppe von Ägyptern",
			"ch_num_name": "02 (Assur 52b: Das Archiv einer Gruppe von Ägyptern)"
		},
		"geometry": {
			"type": "Point",
			"coordinates": [43.262037,35.458121]
		}
	}, {
		"type": "Feature",
		"properties": {
			"project": "wvdog152",
			"id_text": "P514217",
			"primary_publication": "WVDOG 152 V 2 012",
			"museum_no": "IM 124733",
			"provenience": "Qalat Sherqat (Assur)",
			"excavation_no": "Ass 1990-119",
			"archive": "052b - Egyptian Archive",
			"atae_attribution": "Based on Karen Radner, Die beiden neuassyrischen Privatarchive, in Peter A. Miglus, Karen Radner and Franciszek M. Stępniowski (eds.), Ausgrabungen in Assur: Wohnquartiere in der Weststadt Teil 1 (Wissenschaftliche Veröffentlichungen der Deutschen Orient-Gesellschaft 152), 2016. Adapted by Poppy Tushingham (2018-2020) for the Munich Open-access Cuneiform Corpus Initiative (MOCCI), which is funded by LMU Munich and the Alexander von Humboldt Foundation at the Historisches Seminar - Abteilung Alte Geschichte of Ludwig-Maximilians-Universität München. The annotated edition is released under the Creative Commons Attribution Share-Alike license 3.0.",
			"cite_as": "Please cite this page as http://oracc.org/atae/P514217/.",
			"collection": "National Museum of Iraq, Baghdad, Iraq",
			"composite_witness": "witness",
			"credits": "Based on Karen Radner, Die beiden neuassyrischen Privatarchive, in Peter A. Miglus, Karen Radner and Franciszek M. Stępniowski (eds.), Ausgrabungen in Assur: Wohnquartiere in der Weststadt Teil 1 (Wissenschaftliche Veröffentlichungen der Deutschen Orient-Gesellschaft 152), 2016. Adapted by Poppy Tushingham (2018-2020) for the Munich Open-access Cuneiform Corpus Initiative (MOCCI), which is funded by LMU Munich and the Alexander von Humboldt Foundation at the Historisches Seminar - Abteilung Alte Geschichte of Ludwig-Maximilians-Universität München. The annotated edition is released under the Creative Commons Attribution Share-Alike license 3.0. Please cite this page as http://oracc.org/atae/P514217/.",
			"date_of_origin": "00.000.00.00",
			"designation": "WVDOG 152 V 2 012",
			"dialect": "Neo-Assyrian",
			"findspot_square": "Egyptians",
			"genre": "Legal Transaction",
			"language": "Akkadian",
			"last_mod_by": "Tushingham",
			"last_modified": "02.11.2021",
			"list_name": "atae/wvdog152:P514217",
			"material": "clay",
			"object_type": "tablet",
			"period": "Neo-Assyrian",
			"pleiades_id": "893945",
			"script": "Neo-Assyrian",
			"script_remarks": "inscribed",
			"script_type": "Cuneiform",
			"ch_no": "02",
			"ch_name": "Assur 52b: Das Archiv einer Gruppe von Ägyptern",
			"ch_num_name": "02 (Assur 52b: Das Archiv einer Gruppe von Ägyptern)"
		},
		"geometry": {
			"type": "Point",
			"coordinates": [43.262037,35.458121]
		}
	}, {
		"type": "Feature",
		"properties": {
			"project": "wvdog152",
			"id_text": "P514218",
			"primary_publication": "WVDOG 152 V 2 013",
			"museum_no": "IM 124731",
			"provenience": "Qalat Sherqat (Assur)",
			"excavation_no": "Ass 1990-117",
			"archive": "052b - Egyptian Archive",
			"atae_attribution": "Based on Karen Radner, Die beiden neuassyrischen Privatarchive, in Peter A. Miglus, Karen Radner and Franciszek M. Stępniowski (eds.), Ausgrabungen in Assur: Wohnquartiere in der Weststadt Teil 1 (Wissenschaftliche Veröffentlichungen der Deutschen Orient-Gesellschaft 152), 2016. Adapted by Poppy Tushingham (2018-2020) for the Munich Open-access Cuneiform Corpus Initiative (MOCCI), which is funded by LMU Munich and the Alexander von Humboldt Foundation at the Historisches Seminar - Abteilung Alte Geschichte of Ludwig-Maximilians-Universität München. The annotated edition is released under the Creative Commons Attribution Share-Alike license 3.0.",
			"cite_as": "Please cite this page as http://oracc.org/atae/P514218/.",
			"collection": "National Museum of Iraq, Baghdad, Iraq",
			"composite_witness": "witness",
			"credits": "Based on Karen Radner, Die beiden neuassyrischen Privatarchive, in Peter A. Miglus, Karen Radner and Franciszek M. Stępniowski (eds.), Ausgrabungen in Assur: Wohnquartiere in der Weststadt Teil 1 (Wissenschaftliche Veröffentlichungen der Deutschen Orient-Gesellschaft 152), 2016. Adapted by Poppy Tushingham (2018-2020) for the Munich Open-access Cuneiform Corpus Initiative (MOCCI), which is funded by LMU Munich and the Alexander von Humboldt Foundation at the Historisches Seminar - Abteilung Alte Geschichte of Ludwig-Maximilians-Universität München. The annotated edition is released under the Creative Commons Attribution Share-Alike license 3.0. Please cite this page as http://oracc.org/atae/P514218/.",
			"date_of_origin": "00.000.00.00",
			"designation": "WVDOG 152 V 2 013",
			"dialect": "Neo-Assyrian",
			"findspot_square": "Egyptians",
			"genre": "Legal Transaction",
			"language": "Akkadian",
			"last_mod_by": "Tushingham",
			"last_modified": "02.11.2021",
			"list_name": "atae/wvdog152:P514218",
			"material": "clay",
			"object_type": "tablet",
			"period": "Neo-Assyrian",
			"pleiades_id": "893945",
			"script": "Neo-Assyrian",
			"script_remarks": "inscribed",
			"script_type": "Cuneiform",
			"ch_no": "02",
			"ch_name": "Assur 52b: Das Archiv einer Gruppe von Ägyptern",
			"ch_num_name": "02 (Assur 52b: Das Archiv einer Gruppe von Ägyptern)"
		},
		"geometry": {
			"type": "Point",
			"coordinates": [43.262037,35.458121]
		}
	}, {
		"type": "Feature",
		"properties": {
			"project": "wvdog152",
			"id_text": "P514219",
			"primary_publication": "WVDOG 152 V 2 014",
			"museum_no": "IM 124732",
			"provenience": "Qalat Sherqat (Assur)",
			"excavation_no": "Ass 1990-118",
			"archive": "052b - Egyptian Archive",
			"atae_attribution": "Based on Karen Radner, Die beiden neuassyrischen Privatarchive, in Peter A. Miglus, Karen Radner and Franciszek M. Stępniowski (eds.), Ausgrabungen in Assur: Wohnquartiere in der Weststadt Teil 1 (Wissenschaftliche Veröffentlichungen der Deutschen Orient-Gesellschaft 152), 2016. Adapted by Poppy Tushingham (2018-2020) for the Munich Open-access Cuneiform Corpus Initiative (MOCCI), which is funded by LMU Munich and the Alexander von Humboldt Foundation at the Historisches Seminar - Abteilung Alte Geschichte of Ludwig-Maximilians-Universität München. The annotated edition is released under the Creative Commons Attribution Share-Alike license 3.0.",
			"cite_as": "Please cite this page as http://oracc.org/atae/P514219/.",
			"collection": "National Museum of Iraq, Baghdad, Iraq",
			"composite_witness": "witness",
			"credits": "Based on Karen Radner, Die beiden neuassyrischen Privatarchive, in Peter A. Miglus, Karen Radner and Franciszek M. Stępniowski (eds.), Ausgrabungen in Assur: Wohnquartiere in der Weststadt Teil 1 (Wissenschaftliche Veröffentlichungen der Deutschen Orient-Gesellschaft 152), 2016. Adapted by Poppy Tushingham (2018-2020) for the Munich Open-access Cuneiform Corpus Initiative (MOCCI), which is funded by LMU Munich and the Alexander von Humboldt Foundation at the Historisches Seminar - Abteilung Alte Geschichte of Ludwig-Maximilians-Universität München. The annotated edition is released under the Creative Commons Attribution Share-Alike license 3.0. Please cite this page as http://oracc.org/atae/P514219/.",
			"date_of_origin": "00.000.00.00",
			"designation": "WVDOG 152 V 2 014",
			"dialect": "Neo-Assyrian",
			"findspot_square": "Egyptians",
			"genre": "Legal Transaction",
			"language": "Akkadian",
			"last_mod_by": "Tushingham",
			"last_modified": "02.11.2021",
			"list_name": "atae/wvdog152:P514219",
			"material": "clay",
			"object_type": "tablet",
			"period": "Neo-Assyrian",
			"pleiades_id": "893945",
			"script": "Neo-Assyrian",
			"script_remarks": "inscribed",
			"script_type": "Cuneiform",
			"ch_no": "02",
			"ch_name": "Assur 52b: Das Archiv einer Gruppe von Ägyptern",
			"ch_num_name": "02 (Assur 52b: Das Archiv einer Gruppe von Ägyptern)"
		},
		"geometry": {
			"type": "Point",
			"coordinates": [43.262037,35.458121]
		}
	}, {
		"type": "Feature",
		"properties": {
			"project": "wvdog152",
			"id_text": "P514220",
			"primary_publication": "WVDOG 152 V 2 015",
			"museum_no": "IM 124730",
			"provenience": "Qalat Sherqat (Assur)",
			"excavation_no": "Ass 1990-116",
			"archive": "052b - Egyptian Archive",
			"atae_attribution": "Based on Karen Radner, Die beiden neuassyrischen Privatarchive, in Peter A. Miglus, Karen Radner and Franciszek M. Stępniowski (eds.), Ausgrabungen in Assur: Wohnquartiere in der Weststadt Teil 1 (Wissenschaftliche Veröffentlichungen der Deutschen Orient-Gesellschaft 152), 2016. Adapted by Poppy Tushingham (2018-2020) for the Munich Open-access Cuneiform Corpus Initiative (MOCCI), which is funded by LMU Munich and the Alexander von Humboldt Foundation at the Historisches Seminar - Abteilung Alte Geschichte of Ludwig-Maximilians-Universität München. The annotated edition is released under the Creative Commons Attribution Share-Alike license 3.0.",
			"cite_as": "Please cite this page as http://oracc.org/atae/P514220/.",
			"collection": "National Museum of Iraq, Baghdad, Iraq",
			"composite_witness": "witness",
			"credits": "Based on Karen Radner, Die beiden neuassyrischen Privatarchive, in Peter A. Miglus, Karen Radner and Franciszek M. Stępniowski (eds.), Ausgrabungen in Assur: Wohnquartiere in der Weststadt Teil 1 (Wissenschaftliche Veröffentlichungen der Deutschen Orient-Gesellschaft 152), 2016. Adapted by Poppy Tushingham (2018-2020) for the Munich Open-access Cuneiform Corpus Initiative (MOCCI), which is funded by LMU Munich and the Alexander von Humboldt Foundation at the Historisches Seminar - Abteilung Alte Geschichte of Ludwig-Maximilians-Universität München. The annotated edition is released under the Creative Commons Attribution Share-Alike license 3.0. Please cite this page as http://oracc.org/atae/P514220/.",
			"date_of_origin": "00.000.00.00",
			"designation": "WVDOG 152 V 2 015",
			"dialect": "Neo-Assyrian",
			"findspot_square": "Egyptians",
			"genre": "Legal Transaction",
			"language": "Akkadian",
			"last_mod_by": "Tushingham",
			"last_modified": "02.11.2021",
			"list_name": "atae/wvdog152:P514220",
			"material": "clay",
			"object_type": "tablet",
			"period": "Neo-Assyrian",
			"pleiades_id": "893945",
			"script": "Neo-Assyrian",
			"script_remarks": "inscribed",
			"script_type": "Cuneiform",
			"ch_no": "02",
			"ch_name": "Assur 52b: Das Archiv einer Gruppe von Ägyptern",
			"ch_num_name": "02 (Assur 52b: Das Archiv einer Gruppe von Ägyptern)"
		},
		"geometry": {
			"type": "Point",
			"coordinates": [43.262037,35.458121]
		}
	}]
}
