{
	"type": "FeatureCollection",
	"features": [{
		"type": "Feature",
		"properties": {
			"cite_as": "Please cite this page as http://oracc.org/riao/Q004455/.",
			"credits": "Based on A. Kirk Grayson, Assyrian Rulers of the Early First Millennium BC I (1114-859 BC) (RIMA 2), Toronto,  1991. Adapted by Jamie Novotny (2015-16) and lemmatized and updated by Nathan Morello (2016-17) for the Alexander von Humboldt Foundation-funded OIMEA Project at the Historisches Seminar - Abteilung Alte Geschichte of Ludwig-Maximilians-Universität München. The annotated edition is released under the Creative Commons Attribution Share-Alike license 3.0. Please cite this page as http://oracc.org/riao/Q004455/.",
			"designation": "Ashurnasirpal II 001",
			"display_name": "RINAP Ashurnasirpal II 001",
			"genre": "Royal Inscription",
			"id_composite": "Q004455",
			"language": "Akkadian",
			"period": "Neo-Assyrian",
			"pleiades_id": "894019",
			"popular_name": "RIMA 2 A.0.101.1 / M 27.1–2 / Text 01",
			"primary_publication": "Ashurnasirpal II 001",
			"project": "riao",
			"provenience": "Nimrud (Kalhu)",
			"Q_designation": "Ashurnasirpal II 001",
			"riao_attribution": "Based on A. Kirk Grayson, Assyrian Rulers of the Early First Millennium BC I (1114-859 BC) (RIMA 2), Toronto,  1991. Adapted by Jamie Novotny (2015-16) and lemmatized and updated by Nathan Morello (2016-17) for the Alexander von Humboldt Foundation-funded OIMEA Project at the Historisches Seminar - Abteilung Alte Geschichte of Ludwig-Maximilians-Universität München. The annotated edition is released under the Creative Commons Attribution Share-Alike license 3.0.",
			"ruler": "Ashurnasirpal II",
			"subgenre": "Ashurnasirpal II",
			"subproject": "ria4",
			"supergenre": "LIT"
		},
		"geometry": {
			"type": "Point",
			"coordinates": [43.3275,36.099167]
		}
	}, {
		"type": "Feature",
		"properties": {
			"cdli_id": "P405822; P423504; P424447; P426611; P426613; P426897; P427425; P427427",
			"cite_as": "Please cite this page as http://oracc.org/riao/Q004456/.",
			"collection": "Harvard Museum of the Ancient Near East, Harvard University, Cambridge, Massachusetts, USA; Metropolitan Museum of Art, New York, New York, USA (a); Mosul Museum, Mosul, Iraq; British Museum, London, UK (a)",
			"credits": "Based on A. Kirk Grayson, Assyrian Rulers of the Early First Millennium BC I (1114-859 BC) (RIMA 2), Toronto,  1991. Adapted by Jamie Novotny (2015-16) and lemmatized and updated by Nathan Morello (2016-17) for the Alexander von Humboldt Foundation-funded OIMEA Project at the Historisches Seminar - Abteilung Alte Geschichte of Ludwig-Maximilians-Universität München. The annotated edition is released under the Creative Commons Attribution Share-Alike license 3.0. Please cite this page as http://oracc.org/riao/Q004456/.",
			"designation": "Ashurnasirpal II 002",
			"display_name": "RINAP Ashurnasirpal II 002",
			"exemplar_number": "8",
			"exemplars": "SM 1897.01.001 (— (SM catalogue: 0322)); MMA 1932.143.02 (a) (not in metonline ?); IMM 001 (ND 01122); BM 118801 (a); BM 118802 (a); BM 118873 (a) (1850-12-28, 0001 (a)); BM 118872 (a) (1850-12-28, 0002 (a)); MMA 1932.143.01 (a) (not in metonline ?)",
			"findspots": "uncertain; Nimrud (Kalhu)",
			"genre": "Royal Inscription",
			"id_composite": "Q004456",
			"language": "Akkadian",
			"material": "stone: limestone",
			"object_type": "wall slab (with reliefs); lion colossus; human-headed bull colossus",
			"period": "Neo-Assyrian",
			"pleiades_id": "894019",
			"popular_name": "RIMA 2 A.0.101.2",
			"primary_publication": "Ashurnasirpal II 002",
			"project": "riao",
			"provenience": "Nimrud (Kalhu)",
			"Q_designation": "Ashurnasirpal II 002",
			"riao_attribution": "Based on A. Kirk Grayson, Assyrian Rulers of the Early First Millennium BC I (1114-859 BC) (RIMA 2), Toronto,  1991. Adapted by Jamie Novotny (2015-16) and lemmatized and updated by Nathan Morello (2016-17) for the Alexander von Humboldt Foundation-funded OIMEA Project at the Historisches Seminar - Abteilung Alte Geschichte of Ludwig-Maximilians-Universität München. The annotated edition is released under the Creative Commons Attribution Share-Alike license 3.0.",
			"ruler": "Ashurnasirpal II",
			"subgenre": "Ashurnasirpal II",
			"subproject": "ria4",
			"supergenre": "LIT"
		},
		"geometry": {
			"type": "Point",
			"coordinates": [43.3275,36.099167]
		}
	}, {
		"type": "Feature",
		"properties": {
			"cite_as": "Please cite this page as http://oracc.org/riao/Q004457/.",
			"credits": "Based on A. Kirk Grayson, Assyrian Rulers of the Early First Millennium BC I (1114-859 BC) (RIMA 2), Toronto,  1991. Adapted by Jamie Novotny (2015-16) and lemmatized and updated by Nathan Morello (2016-17) for the Alexander von Humboldt Foundation-funded OIMEA Project at the Historisches Seminar - Abteilung Alte Geschichte of Ludwig-Maximilians-Universität München. The annotated edition is released under the Creative Commons Attribution Share-Alike license 3.0. Please cite this page as http://oracc.org/riao/Q004457/.",
			"designation": "Ashurnasirpal II 003",
			"display_name": "RINAP Ashurnasirpal II 003",
			"genre": "Royal Inscription",
			"id_composite": "Q004457",
			"language": "Akkadian",
			"period": "Neo-Assyrian",
			"pleiades_id": "894019",
			"popular_name": "RIMA 2 A.0.101.3",
			"primary_publication": "Ashurnasirpal II 003",
			"project": "riao",
			"provenience": "Nimrud (Kalhu)",
			"Q_designation": "Ashurnasirpal II 003",
			"riao_attribution": "Based on A. Kirk Grayson, Assyrian Rulers of the Early First Millennium BC I (1114-859 BC) (RIMA 2), Toronto,  1991. Adapted by Jamie Novotny (2015-16) and lemmatized and updated by Nathan Morello (2016-17) for the Alexander von Humboldt Foundation-funded OIMEA Project at the Historisches Seminar - Abteilung Alte Geschichte of Ludwig-Maximilians-Universität München. The annotated edition is released under the Creative Commons Attribution Share-Alike license 3.0.",
			"ruler": "Ashurnasirpal II",
			"subgenre": "Ashurnasirpal II",
			"subproject": "ria4",
			"supergenre": "LIT"
		},
		"geometry": {
			"type": "Point",
			"coordinates": [43.3275,36.099167]
		}
	}, {
		"type": "Feature",
		"properties": {
			"cite_as": "Please cite this page as http://oracc.org/riao/Q004458/.",
			"credits": "Based on A. Kirk Grayson, Assyrian Rulers of the Early First Millennium BC I (1114-859 BC) (RIMA 2), Toronto,  1991. Adapted by Jamie Novotny (2015-16) and lemmatized and updated by Nathan Morello (2016-17) for the Alexander von Humboldt Foundation-funded OIMEA Project at the Historisches Seminar - Abteilung Alte Geschichte of Ludwig-Maximilians-Universität München. The annotated edition is released under the Creative Commons Attribution Share-Alike license 3.0. Please cite this page as http://oracc.org/riao/Q004458/.",
			"designation": "Ashurnasirpal II 004",
			"display_name": "RINAP Ashurnasirpal II 004",
			"genre": "Royal Inscription",
			"id_composite": "Q004458",
			"language": "Akkadian",
			"period": "Neo-Assyrian",
			"pleiades_id": "894019",
			"popular_name": "RIMA 2 A.0.101.4",
			"primary_publication": "Ashurnasirpal II 004",
			"project": "riao",
			"provenience": "Nimrud (Kalhu)",
			"Q_designation": "Ashurnasirpal II 004",
			"riao_attribution": "Based on A. Kirk Grayson, Assyrian Rulers of the Early First Millennium BC I (1114-859 BC) (RIMA 2), Toronto,  1991. Adapted by Jamie Novotny (2015-16) and lemmatized and updated by Nathan Morello (2016-17) for the Alexander von Humboldt Foundation-funded OIMEA Project at the Historisches Seminar - Abteilung Alte Geschichte of Ludwig-Maximilians-Universität München. The annotated edition is released under the Creative Commons Attribution Share-Alike license 3.0.",
			"ruler": "Ashurnasirpal II",
			"subgenre": "Ashurnasirpal II",
			"subproject": "ria4",
			"supergenre": "LIT"
		},
		"geometry": {
			"type": "Point",
			"coordinates": [43.3275,36.099167]
		}
	}, {
		"type": "Feature",
		"properties": {
			"cite_as": "Please cite this page as http://oracc.org/riao/Q004459/.",
			"credits": "Based on A. Kirk Grayson, Assyrian Rulers of the Early First Millennium BC I (1114-859 BC) (RIMA 2), Toronto,  1991. Adapted by Jamie Novotny (2015-16) and lemmatized and updated by Nathan Morello (2016-17) for the Alexander von Humboldt Foundation-funded OIMEA Project at the Historisches Seminar - Abteilung Alte Geschichte of Ludwig-Maximilians-Universität München. The annotated edition is released under the Creative Commons Attribution Share-Alike license 3.0. Please cite this page as http://oracc.org/riao/Q004459/.",
			"designation": "Ashurnasirpal II 005",
			"display_name": "RINAP Ashurnasirpal II 005",
			"genre": "Royal Inscription",
			"id_composite": "Q004459",
			"language": "Akkadian",
			"period": "Neo-Assyrian",
			"pleiades_id": "894019",
			"popular_name": "RIMA 2 A.0.101.5",
			"primary_publication": "Ashurnasirpal II 005",
			"project": "riao",
			"provenience": "Nimrud (Kalhu)",
			"Q_designation": "Ashurnasirpal II 005",
			"riao_attribution": "Based on A. Kirk Grayson, Assyrian Rulers of the Early First Millennium BC I (1114-859 BC) (RIMA 2), Toronto,  1991. Adapted by Jamie Novotny (2015-16) and lemmatized and updated by Nathan Morello (2016-17) for the Alexander von Humboldt Foundation-funded OIMEA Project at the Historisches Seminar - Abteilung Alte Geschichte of Ludwig-Maximilians-Universität München. The annotated edition is released under the Creative Commons Attribution Share-Alike license 3.0.",
			"ruler": "Ashurnasirpal II",
			"subgenre": "Ashurnasirpal II",
			"subproject": "ria4",
			"supergenre": "LIT"
		},
		"geometry": {
			"type": "Point",
			"coordinates": [43.3275,36.099167]
		}
	}, {
		"type": "Feature",
		"properties": {
			"cdli_id": "P464398",
			"cite_as": "Please cite this page as http://oracc.org/riao/Q004460/.",
			"collection": "British Museum, London, UK",
			"credits": "Based on A. Kirk Grayson, Assyrian Rulers of the Early First Millennium BC I (1114-859 BC) (RIMA 2), Toronto,  1991. Adapted by Jamie Novotny (2015-16) and lemmatized and updated by Nathan Morello (2016-17) for the Alexander von Humboldt Foundation-funded OIMEA Project at the Historisches Seminar - Abteilung Alte Geschichte of Ludwig-Maximilians-Universität München. The annotated edition is released under the Creative Commons Attribution Share-Alike license 3.0. Please cite this page as http://oracc.org/riao/Q004460/.",
			"designation": "Ashurnasirpal II 006",
			"display_name": "RINAP Ashurnasirpal II 006",
			"exemplar_number": "1",
			"exemplars": "BM 124572 (1851-09-02, 0502)",
			"findspots": "Nimrud (Kalhu)",
			"genre": "Royal Inscription",
			"id_composite": "Q004460",
			"language": "Akkadian",
			"material": "stone",
			"object_type": "slab",
			"period": "Neo-Assyrian",
			"pleiades_id": "894019",
			"popular_name": "RIMA 2 A.0.101.6",
			"primary_publication": "Ashurnasirpal II 006",
			"project": "riao",
			"provenience": "Nimrud (Kalhu)",
			"Q_designation": "Ashurnasirpal II 006",
			"riao_attribution": "Based on A. Kirk Grayson, Assyrian Rulers of the Early First Millennium BC I (1114-859 BC) (RIMA 2), Toronto,  1991. Adapted by Jamie Novotny (2015-16) and lemmatized and updated by Nathan Morello (2016-17) for the Alexander von Humboldt Foundation-funded OIMEA Project at the Historisches Seminar - Abteilung Alte Geschichte of Ludwig-Maximilians-Universität München. The annotated edition is released under the Creative Commons Attribution Share-Alike license 3.0.",
			"ruler": "Ashurnasirpal II",
			"subgenre": "Ashurnasirpal II",
			"subproject": "ria4",
			"supergenre": "LIT"
		},
		"geometry": {
			"type": "Point",
			"coordinates": [43.3275,36.099167]
		}
	}, {
		"type": "Feature",
		"properties": {
			"cite_as": "Please cite this page as http://oracc.org/riao/Q004461/.",
			"credits": "Based on A. Kirk Grayson, Assyrian Rulers of the Early First Millennium BC I (1114-859 BC) (RIMA 2), Toronto,  1991. Adapted by Jamie Novotny (2015-16) and lemmatized and updated by Nathan Morello (2016-17) for the Alexander von Humboldt Foundation-funded OIMEA Project at the Historisches Seminar - Abteilung Alte Geschichte of Ludwig-Maximilians-Universität München. The annotated edition is released under the Creative Commons Attribution Share-Alike license 3.0. Please cite this page as http://oracc.org/riao/Q004461/.",
			"designation": "Ashurnasirpal II 007",
			"display_name": "RINAP Ashurnasirpal II 007",
			"genre": "Royal Inscription",
			"id_composite": "Q004461",
			"language": "Akkadian",
			"period": "Neo-Assyrian",
			"pleiades_id": "894019",
			"popular_name": "RIMA 2 A.0.101.7",
			"primary_publication": "Ashurnasirpal II 007",
			"project": "riao",
			"provenience": "Nimrud (Kalhu)",
			"Q_designation": "Ashurnasirpal II 007",
			"riao_attribution": "Based on A. Kirk Grayson, Assyrian Rulers of the Early First Millennium BC I (1114-859 BC) (RIMA 2), Toronto,  1991. Adapted by Jamie Novotny (2015-16) and lemmatized and updated by Nathan Morello (2016-17) for the Alexander von Humboldt Foundation-funded OIMEA Project at the Historisches Seminar - Abteilung Alte Geschichte of Ludwig-Maximilians-Universität München. The annotated edition is released under the Creative Commons Attribution Share-Alike license 3.0.",
			"ruler": "Ashurnasirpal II",
			"subgenre": "Ashurnasirpal II",
			"subproject": "ria4",
			"supergenre": "LIT"
		},
		"geometry": {
			"type": "Point",
			"coordinates": [43.3275,36.099167]
		}
	}, {
		"type": "Feature",
		"properties": {
			"cdli_id": "P224577",
			"cite_as": "Please cite this page as http://oracc.org/riao/Q004462/.",
			"collection": "National Museum of Iraq, Baghdad, Iraq",
			"credits": "Based on A. Kirk Grayson, Assyrian Rulers of the Early First Millennium BC I (1114-859 BC) (RIMA 2), Toronto,  1991. Adapted by Jamie Novotny (2015-16) and lemmatized and updated by Nathan Morello (2016-17) for the Alexander von Humboldt Foundation-funded OIMEA Project at the Historisches Seminar - Abteilung Alte Geschichte of Ludwig-Maximilians-Universität München. The annotated edition is released under the Creative Commons Attribution Share-Alike license 3.0. Please cite this page as http://oracc.org/riao/Q004462/.",
			"designation": "Ashurnasirpal II 008",
			"display_name": "RINAP Ashurnasirpal II 008",
			"exemplar_number": "1",
			"exemplars": "IM 055744 (ND 00811)",
			"findspots": "Nimrud (Kalhu)",
			"genre": "Royal Inscription",
			"id_composite": "Q004462",
			"language": "Akkadian",
			"material": "clay",
			"object_type": "tablet",
			"period": "Neo-Assyrian",
			"pleiades_id": "894019",
			"popular_name": "RIMA 2 A.0.101.8",
			"primary_publication": "Ashurnasirpal II 008",
			"project": "riao",
			"provenience": "Nimrud (Kalhu)",
			"Q_designation": "Ashurnasirpal II 008",
			"riao_attribution": "Based on A. Kirk Grayson, Assyrian Rulers of the Early First Millennium BC I (1114-859 BC) (RIMA 2), Toronto,  1991. Adapted by Jamie Novotny (2015-16) and lemmatized and updated by Nathan Morello (2016-17) for the Alexander von Humboldt Foundation-funded OIMEA Project at the Historisches Seminar - Abteilung Alte Geschichte of Ludwig-Maximilians-Universität München. The annotated edition is released under the Creative Commons Attribution Share-Alike license 3.0.",
			"ruler": "Ashurnasirpal II",
			"subgenre": "Ashurnasirpal II",
			"subproject": "ria4",
			"supergenre": "LIT"
		},
		"geometry": {
			"type": "Point",
			"coordinates": [43.3275,36.099167]
		}
	}, {
		"type": "Feature",
		"properties": {
			"cite_as": "Please cite this page as http://oracc.org/riao/Q004463/.",
			"credits": "Based on A. Kirk Grayson, Assyrian Rulers of the Early First Millennium BC I (1114-859 BC) (RIMA 2), Toronto,  1991. Adapted by Jamie Novotny (2015-16) and lemmatized and updated by Nathan Morello (2016-17) for the Alexander von Humboldt Foundation-funded OIMEA Project at the Historisches Seminar - Abteilung Alte Geschichte of Ludwig-Maximilians-Universität München. The annotated edition is released under the Creative Commons Attribution Share-Alike license 3.0. Please cite this page as http://oracc.org/riao/Q004463/.",
			"designation": "Ashurnasirpal II 009",
			"display_name": "RINAP Ashurnasirpal II 009",
			"genre": "Royal Inscription",
			"id_composite": "Q004463",
			"language": "Akkadian",
			"period": "Neo-Assyrian",
			"pleiades_id": "894019",
			"popular_name": "RIMA 2 A.0.101.9",
			"primary_publication": "Ashurnasirpal II 009",
			"project": "riao",
			"provenience": "Nimrud (Kalhu)",
			"Q_designation": "Ashurnasirpal II 009",
			"riao_attribution": "Based on A. Kirk Grayson, Assyrian Rulers of the Early First Millennium BC I (1114-859 BC) (RIMA 2), Toronto,  1991. Adapted by Jamie Novotny (2015-16) and lemmatized and updated by Nathan Morello (2016-17) for the Alexander von Humboldt Foundation-funded OIMEA Project at the Historisches Seminar - Abteilung Alte Geschichte of Ludwig-Maximilians-Universität München. The annotated edition is released under the Creative Commons Attribution Share-Alike license 3.0.",
			"ruler": "Ashurnasirpal II",
			"subgenre": "Ashurnasirpal II",
			"subproject": "ria4",
			"supergenre": "LIT"
		},
		"geometry": {
			"type": "Point",
			"coordinates": [43.3275,36.099167]
		}
	}, {
		"type": "Feature",
		"properties": {
			"cite_as": "Please cite this page as http://oracc.org/riao/Q004464/.",
			"credits": "Based on A. Kirk Grayson, Assyrian Rulers of the Early First Millennium BC I (1114-859 BC) (RIMA 2), Toronto,  1991. Adapted by Jamie Novotny (2015-16) and lemmatized and updated by Nathan Morello (2016-17) for the Alexander von Humboldt Foundation-funded OIMEA Project at the Historisches Seminar - Abteilung Alte Geschichte of Ludwig-Maximilians-Universität München. The annotated edition is released under the Creative Commons Attribution Share-Alike license 3.0. Please cite this page as http://oracc.org/riao/Q004464/.",
			"designation": "Ashurnasirpal II 010",
			"display_name": "RINAP Ashurnasirpal II 010",
			"genre": "Royal Inscription",
			"id_composite": "Q004464",
			"language": "Akkadian",
			"period": "Neo-Assyrian",
			"pleiades_id": "894019",
			"popular_name": "RIMA 2 A.0.101.10",
			"primary_publication": "Ashurnasirpal II 010",
			"project": "riao",
			"provenience": "Nimrud (Kalhu)",
			"Q_designation": "Ashurnasirpal II 010",
			"riao_attribution": "Based on A. Kirk Grayson, Assyrian Rulers of the Early First Millennium BC I (1114-859 BC) (RIMA 2), Toronto,  1991. Adapted by Jamie Novotny (2015-16) and lemmatized and updated by Nathan Morello (2016-17) for the Alexander von Humboldt Foundation-funded OIMEA Project at the Historisches Seminar - Abteilung Alte Geschichte of Ludwig-Maximilians-Universität München. The annotated edition is released under the Creative Commons Attribution Share-Alike license 3.0.",
			"ruler": "Ashurnasirpal II",
			"subgenre": "Ashurnasirpal II",
			"subproject": "ria4",
			"supergenre": "LIT"
		},
		"geometry": {
			"type": "Point",
			"coordinates": [43.3275,36.099167]
		}
	}, {
		"type": "Feature",
		"properties": {
			"cite_as": "Please cite this page as http://oracc.org/riao/Q004465/.",
			"credits": "Based on A. Kirk Grayson, Assyrian Rulers of the Early First Millennium BC I (1114-859 BC) (RIMA 2), Toronto,  1991. Adapted by Jamie Novotny (2015-16) and lemmatized and updated by Nathan Morello (2016-17) for the Alexander von Humboldt Foundation-funded OIMEA Project at the Historisches Seminar - Abteilung Alte Geschichte of Ludwig-Maximilians-Universität München. The annotated edition is released under the Creative Commons Attribution Share-Alike license 3.0. Please cite this page as http://oracc.org/riao/Q004465/.",
			"designation": "Ashurnasirpal II 011",
			"display_name": "RINAP Ashurnasirpal II 011",
			"genre": "Royal Inscription",
			"id_composite": "Q004465",
			"language": "Akkadian",
			"period": "Neo-Assyrian",
			"pleiades_id": "894019",
			"popular_name": "RIMA 2 A.0.101.11",
			"primary_publication": "Ashurnasirpal II 011",
			"project": "riao",
			"provenience": "Nimrud (Kalhu)",
			"Q_designation": "Ashurnasirpal II 011",
			"riao_attribution": "Based on A. Kirk Grayson, Assyrian Rulers of the Early First Millennium BC I (1114-859 BC) (RIMA 2), Toronto,  1991. Adapted by Jamie Novotny (2015-16) and lemmatized and updated by Nathan Morello (2016-17) for the Alexander von Humboldt Foundation-funded OIMEA Project at the Historisches Seminar - Abteilung Alte Geschichte of Ludwig-Maximilians-Universität München. The annotated edition is released under the Creative Commons Attribution Share-Alike license 3.0.",
			"ruler": "Ashurnasirpal II",
			"subgenre": "Ashurnasirpal II",
			"subproject": "ria4",
			"supergenre": "LIT"
		},
		"geometry": {
			"type": "Point",
			"coordinates": [43.3275,36.099167]
		}
	}, {
		"type": "Feature",
		"properties": {
			"cdli_id": "P464401",
			"cite_as": "Please cite this page as http://oracc.org/riao/Q004466/.",
			"collection": "British Museum, London, UK",
			"credits": "Based on A. Kirk Grayson, Assyrian Rulers of the Early First Millennium BC I (1114-859 BC) (RIMA 2), Toronto,  1991. Adapted by Jamie Novotny (2015-16) and lemmatized and updated by Nathan Morello (2016-17) for the Alexander von Humboldt Foundation-funded OIMEA Project at the Historisches Seminar - Abteilung Alte Geschichte of Ludwig-Maximilians-Universität München. The annotated edition is released under the Creative Commons Attribution Share-Alike license 3.0. Please cite this page as http://oracc.org/riao/Q004466/.",
			"designation": "Ashurnasirpal II 012",
			"display_name": "RINAP Ashurnasirpal II 012",
			"exemplar_number": "1",
			"exemplars": "BM — (Rm 2, 609 + Rm 2, 610 + Rm 2, 611 + Rm 2, 612 + Rm 2, 613)",
			"findspots": "Nimrud (Kalhu)",
			"genre": "Royal Inscription",
			"id_composite": "Q004466",
			"language": "Akkadian",
			"material": "stone",
			"object_type": "wall slab (with reliefs)",
			"period": "Neo-Assyrian",
			"pleiades_id": "894019",
			"popular_name": "RIMA 2 A.0.101.12",
			"primary_publication": "Ashurnasirpal II 012",
			"project": "riao",
			"provenience": "Nimrud (Kalhu)",
			"Q_designation": "Ashurnasirpal II 012",
			"riao_attribution": "Based on A. Kirk Grayson, Assyrian Rulers of the Early First Millennium BC I (1114-859 BC) (RIMA 2), Toronto,  1991. Adapted by Jamie Novotny (2015-16) and lemmatized and updated by Nathan Morello (2016-17) for the Alexander von Humboldt Foundation-funded OIMEA Project at the Historisches Seminar - Abteilung Alte Geschichte of Ludwig-Maximilians-Universität München. The annotated edition is released under the Creative Commons Attribution Share-Alike license 3.0.",
			"ruler": "Ashurnasirpal II",
			"subgenre": "Ashurnasirpal II",
			"subproject": "ria4",
			"supergenre": "LIT"
		},
		"geometry": {
			"type": "Point",
			"coordinates": [43.3275,36.099167]
		}
	}, {
		"type": "Feature",
		"properties": {
			"cdli_id": "P291290",
			"cite_as": "Please cite this page as http://oracc.org/riao/Q004467/.",
			"collection": "Yale Babylonian Collection, New Haven, Connecticut, USA",
			"credits": "Based on A. Kirk Grayson, Assyrian Rulers of the Early First Millennium BC I (1114-859 BC) (RIMA 2), Toronto,  1991. Adapted by Jamie Novotny (2015-16) and lemmatized and updated by Nathan Morello (2016-17) for the Alexander von Humboldt Foundation-funded OIMEA Project at the Historisches Seminar - Abteilung Alte Geschichte of Ludwig-Maximilians-Universität München. The annotated edition is released under the Creative Commons Attribution Share-Alike license 3.0. Please cite this page as http://oracc.org/riao/Q004467/.",
			"designation": "Ashurnasirpal II 013",
			"display_name": "RINAP Ashurnasirpal II 013",
			"exemplar_number": "1",
			"exemplars": "YBC 02313",
			"findspots": "Nimrud (Kalhu)",
			"genre": "Royal Inscription",
			"id_composite": "Q004467",
			"language": "Akkadian",
			"material": "gypsum: plaster",
			"object_type": "wall slab (with reliefs)",
			"period": "Neo-Assyrian",
			"pleiades_id": "894019",
			"popular_name": "RIMA 2 A.0.101.13",
			"primary_publication": "Ashurnasirpal II 013",
			"project": "riao",
			"provenience": "Nimrud (Kalhu)",
			"Q_designation": "Ashurnasirpal II 013",
			"riao_attribution": "Based on A. Kirk Grayson, Assyrian Rulers of the Early First Millennium BC I (1114-859 BC) (RIMA 2), Toronto,  1991. Adapted by Jamie Novotny (2015-16) and lemmatized and updated by Nathan Morello (2016-17) for the Alexander von Humboldt Foundation-funded OIMEA Project at the Historisches Seminar - Abteilung Alte Geschichte of Ludwig-Maximilians-Universität München. The annotated edition is released under the Creative Commons Attribution Share-Alike license 3.0.",
			"ruler": "Ashurnasirpal II",
			"subgenre": "Ashurnasirpal II",
			"subproject": "ria4",
			"supergenre": "LIT"
		},
		"geometry": {
			"type": "Point",
			"coordinates": [43.3275,36.099167]
		}
	}, {
		"type": "Feature",
		"properties": {
			"cdli_id": "P464402",
			"cite_as": "Please cite this page as http://oracc.org/riao/Q004468/.",
			"collection": "British Museum, London, UK",
			"credits": "Based on A. Kirk Grayson, Assyrian Rulers of the Early First Millennium BC I (1114-859 BC) (RIMA 2), Toronto,  1991. Adapted by Jamie Novotny (2015-16) and lemmatized and updated by Nathan Morello (2016-17) for the Alexander von Humboldt Foundation-funded OIMEA Project at the Historisches Seminar - Abteilung Alte Geschichte of Ludwig-Maximilians-Universität München. The annotated edition is released under the Creative Commons Attribution Share-Alike license 3.0. Please cite this page as http://oracc.org/riao/Q004468/.",
			"designation": "Ashurnasirpal II 014",
			"display_name": "RINAP Ashurnasirpal II 014",
			"exemplar_number": "1",
			"exemplars": "BM 118924 (1851-09-02, 0037)",
			"findspots": "Nimrud (Kalhu)",
			"genre": "Royal Inscription",
			"id_composite": "Q004468",
			"language": "Akkadian",
			"material": "clay",
			"object_type": "wall slab (with reliefs)",
			"period": "Neo-Assyrian",
			"pleiades_id": "894019",
			"popular_name": "RIMA 2 A.0.101.14",
			"primary_publication": "Ashurnasirpal II 014",
			"project": "riao",
			"provenience": "Nimrud (Kalhu)",
			"Q_designation": "Ashurnasirpal II 014",
			"riao_attribution": "Based on A. Kirk Grayson, Assyrian Rulers of the Early First Millennium BC I (1114-859 BC) (RIMA 2), Toronto,  1991. Adapted by Jamie Novotny (2015-16) and lemmatized and updated by Nathan Morello (2016-17) for the Alexander von Humboldt Foundation-funded OIMEA Project at the Historisches Seminar - Abteilung Alte Geschichte of Ludwig-Maximilians-Universität München. The annotated edition is released under the Creative Commons Attribution Share-Alike license 3.0.",
			"ruler": "Ashurnasirpal II",
			"subgenre": "Ashurnasirpal II",
			"subproject": "ria4",
			"supergenre": "LIT"
		},
		"geometry": {
			"type": "Point",
			"coordinates": [43.3275,36.099167]
		}
	}, {
		"type": "Feature",
		"properties": {
			"cdli_id": "P464403; P464404; P464405; P464406",
			"cite_as": "Please cite this page as http://oracc.org/riao/Q004469/.",
			"collection": "unlocated; Birmingham Museums and Art Gallery, Birmingham, UK; British Museum, London, UK",
			"credits": "Based on A. Kirk Grayson, Assyrian Rulers of the Early First Millennium BC I (1114-859 BC) (RIMA 2), Toronto,  1991. Adapted by Jamie Novotny (2015-16) and lemmatized and updated by Nathan Morello (2016-17) for the Alexander von Humboldt Foundation-funded OIMEA Project at the Historisches Seminar - Abteilung Alte Geschichte of Ludwig-Maximilians-Universität München. The annotated edition is released under the Creative Commons Attribution Share-Alike license 3.0. Please cite this page as http://oracc.org/riao/Q004469/.",
			"designation": "Ashurnasirpal II 015",
			"display_name": "RINAP Ashurnasirpal II 015",
			"exemplar_number": "4",
			"exemplars": "unknown; BCM 0219-078; BM — (K 08545 + K 08547); BM — (K 08548)",
			"findspots": "Kuyunjik (Nineveh)",
			"genre": "Royal Inscription",
			"id_composite": "Q004469",
			"language": "Akkadian",
			"material": "clay",
			"object_type": "wall slab (with reliefs)",
			"period": "Neo-Assyrian",
			"pleiades_id": "894019",
			"popular_name": "RIMA 2 A.0.101.15",
			"primary_publication": "Ashurnasirpal II 015",
			"project": "riao",
			"provenience": "Nimrud (Kalhu)",
			"Q_designation": "Ashurnasirpal II 015",
			"riao_attribution": "Based on A. Kirk Grayson, Assyrian Rulers of the Early First Millennium BC I (1114-859 BC) (RIMA 2), Toronto,  1991. Adapted by Jamie Novotny (2015-16) and lemmatized and updated by Nathan Morello (2016-17) for the Alexander von Humboldt Foundation-funded OIMEA Project at the Historisches Seminar - Abteilung Alte Geschichte of Ludwig-Maximilians-Universität München. The annotated edition is released under the Creative Commons Attribution Share-Alike license 3.0.",
			"ruler": "Ashurnasirpal II",
			"subgenre": "Ashurnasirpal II",
			"subproject": "ria4",
			"supergenre": "LIT"
		},
		"geometry": {
			"type": "Point",
			"coordinates": [43.3275,36.099167]
		}
	}, {
		"type": "Feature",
		"properties": {
			"cdli_id": "P464408",
			"cite_as": "Please cite this page as http://oracc.org/riao/Q004470/.",
			"collection": "Vorderasiatisches Museum, Berlin, Germany",
			"credits": "Based on A. Kirk Grayson, Assyrian Rulers of the Early First Millennium BC I (1114-859 BC) (RIMA 2), Toronto,  1991. Adapted by Jamie Novotny (2015-16) and lemmatized and updated by Nathan Morello (2016-17) for the Alexander von Humboldt Foundation-funded OIMEA Project at the Historisches Seminar - Abteilung Alte Geschichte of Ludwig-Maximilians-Universität München. The annotated edition is released under the Creative Commons Attribution Share-Alike license 3.0. Please cite this page as http://oracc.org/riao/Q004470/.",
			"designation": "Ashurnasirpal II 016",
			"display_name": "RINAP Ashurnasirpal II 016",
			"exemplar_number": "1",
			"exemplars": "VAT 09638 + VAT 10359",
			"findspots": "Qalat Sherqat (Assur)",
			"genre": "Royal Inscription",
			"id_composite": "Q004470",
			"language": "Akkadian",
			"material": "clay",
			"object_type": "tablet",
			"period": "Neo-Assyrian",
			"pleiades_id": "893945",
			"popular_name": "RIMA 2 A.0.101.16",
			"primary_publication": "Ashurnasirpal II 016",
			"project": "riao",
			"provenience": "Qalat Sherqat (Assur)",
			"Q_designation": "Ashurnasirpal II 016",
			"riao_attribution": "Based on A. Kirk Grayson, Assyrian Rulers of the Early First Millennium BC I (1114-859 BC) (RIMA 2), Toronto,  1991. Adapted by Jamie Novotny (2015-16) and lemmatized and updated by Nathan Morello (2016-17) for the Alexander von Humboldt Foundation-funded OIMEA Project at the Historisches Seminar - Abteilung Alte Geschichte of Ludwig-Maximilians-Universität München. The annotated edition is released under the Creative Commons Attribution Share-Alike license 3.0.",
			"ruler": "Ashurnasirpal II",
			"subgenre": "Ashurnasirpal II",
			"subproject": "ria4",
			"supergenre": "LIT"
		},
		"geometry": {
			"type": "Point",
			"coordinates": [43.262037,35.458121]
		}
	}, {
		"type": "Feature",
		"properties": {
			"cite_as": "Please cite this page as http://oracc.org/riao/Q004471/.",
			"credits": "Based on A. Kirk Grayson, Assyrian Rulers of the Early First Millennium BC I (1114-859 BC) (RIMA 2), Toronto,  1991. Adapted by Jamie Novotny (2015-16) and lemmatized and updated by Nathan Morello (2016-17) for the Alexander von Humboldt Foundation-funded OIMEA Project at the Historisches Seminar - Abteilung Alte Geschichte of Ludwig-Maximilians-Universität München. The annotated edition is released under the Creative Commons Attribution Share-Alike license 3.0. Please cite this page as http://oracc.org/riao/Q004471/.",
			"designation": "Ashurnasirpal II 017",
			"display_name": "RINAP Ashurnasirpal II 017",
			"genre": "Royal Inscription",
			"id_composite": "Q004471",
			"language": "Akkadian",
			"period": "Neo-Assyrian",
			"pleiades_id": "894019",
			"popular_name": "RIMA 2 A.0.101.17",
			"primary_publication": "Ashurnasirpal II 017",
			"project": "riao",
			"provenience": "Nimrud (Kalhu)",
			"Q_designation": "Ashurnasirpal II 017",
			"riao_attribution": "Based on A. Kirk Grayson, Assyrian Rulers of the Early First Millennium BC I (1114-859 BC) (RIMA 2), Toronto,  1991. Adapted by Jamie Novotny (2015-16) and lemmatized and updated by Nathan Morello (2016-17) for the Alexander von Humboldt Foundation-funded OIMEA Project at the Historisches Seminar - Abteilung Alte Geschichte of Ludwig-Maximilians-Universität München. The annotated edition is released under the Creative Commons Attribution Share-Alike license 3.0.",
			"ruler": "Ashurnasirpal II",
			"subgenre": "Ashurnasirpal II",
			"subproject": "ria4",
			"supergenre": "LIT"
		},
		"geometry": {
			"type": "Point",
			"coordinates": [43.3275,36.099167]
		}
	}, {
		"type": "Feature",
		"properties": {
			"cdli_id": "P423553",
			"cite_as": "Please cite this page as http://oracc.org/riao/Q004472/.",
			"collection": "British Museum, London, UK",
			"credits": "Based on A. Kirk Grayson, Assyrian Rulers of the Early First Millennium BC I (1114-859 BC) (RIMA 2), Toronto,  1991. Adapted by Jamie Novotny (2015-16) and lemmatized and updated by Nathan Morello (2016-17) for the Alexander von Humboldt Foundation-funded OIMEA Project at the Historisches Seminar - Abteilung Alte Geschichte of Ludwig-Maximilians-Universität München. The annotated edition is released under the Creative Commons Attribution Share-Alike license 3.0. Please cite this page as http://oracc.org/riao/Q004472/.",
			"designation": "Ashurnasirpal II 018",
			"display_name": "RINAP Ashurnasirpal II 018",
			"exemplar_number": "1",
			"exemplars": "BM 118807 (1856-09-09, 0058)",
			"findspots": "Kuyunjik (Nineveh)",
			"genre": "Royal Inscription",
			"id_composite": "Q004472",
			"language": "Akkadian",
			"material": "stone",
			"object_type": "obelisk",
			"period": "Neo-Assyrian",
			"pleiades_id": "874621",
			"popular_name": "RIMA 2 A.0.101.18",
			"primary_publication": "Ashurnasirpal II 018",
			"project": "riao",
			"provenience": "Kuyunjik (Nineveh)",
			"Q_designation": "Ashurnasirpal II 018",
			"riao_attribution": "Based on A. Kirk Grayson, Assyrian Rulers of the Early First Millennium BC I (1114-859 BC) (RIMA 2), Toronto,  1991. Adapted by Jamie Novotny (2015-16) and lemmatized and updated by Nathan Morello (2016-17) for the Alexander von Humboldt Foundation-funded OIMEA Project at the Historisches Seminar - Abteilung Alte Geschichte of Ludwig-Maximilians-Universität München. The annotated edition is released under the Creative Commons Attribution Share-Alike license 3.0.",
			"ruler": "Ashurnasirpal II",
			"subgenre": "Ashurnasirpal II",
			"subproject": "ria4",
			"supergenre": "LIT"
		},
		"geometry": {
			"type": "Point",
			"coordinates": [43.151937,36.358684]
		}
	}, {
		"type": "Feature",
		"properties": {
			"cite_as": "Please cite this page as http://oracc.org/riao/Q004473/.",
			"credits": "Based on A. Kirk Grayson, Assyrian Rulers of the Early First Millennium BC I (1114-859 BC) (RIMA 2), Toronto,  1991. Adapted by Jamie Novotny (2015-16) and lemmatized and updated by Nathan Morello (2016-17) for the Alexander von Humboldt Foundation-funded OIMEA Project at the Historisches Seminar - Abteilung Alte Geschichte of Ludwig-Maximilians-Universität München. The annotated edition is released under the Creative Commons Attribution Share-Alike license 3.0. Please cite this page as http://oracc.org/riao/Q004473/.",
			"designation": "Ashurnasirpal II 019",
			"display_name": "RINAP Ashurnasirpal II 019",
			"genre": "Royal Inscription",
			"id_composite": "Q004473",
			"language": "Akkadian",
			"period": "Neo-Assyrian",
			"pleiades_id": "874418",
			"popular_name": "RIMA 2 A.0.101.19",
			"primary_publication": "Ashurnasirpal II 019",
			"project": "riao",
			"provenience": "Kurkh",
			"Q_designation": "Ashurnasirpal II 019",
			"riao_attribution": "Based on A. Kirk Grayson, Assyrian Rulers of the Early First Millennium BC I (1114-859 BC) (RIMA 2), Toronto,  1991. Adapted by Jamie Novotny (2015-16) and lemmatized and updated by Nathan Morello (2016-17) for the Alexander von Humboldt Foundation-funded OIMEA Project at the Historisches Seminar - Abteilung Alte Geschichte of Ludwig-Maximilians-Universität München. The annotated edition is released under the Creative Commons Attribution Share-Alike license 3.0.",
			"ruler": "Ashurnasirpal II",
			"subgenre": "Ashurnasirpal II",
			"subproject": "ria4",
			"supergenre": "LIT"
		},
		"geometry": {
			"type": "Point",
			"coordinates": [40.539708,37.825989]
		}
	}, {
		"type": "Feature",
		"properties": {
			"cdli_id": "P464411",
			"cite_as": "Please cite this page as http://oracc.org/riao/Q004474/.",
			"collection": "unlocated",
			"credits": "Based on A. Kirk Grayson, Assyrian Rulers of the Early First Millennium BC I (1114-859 BC) (RIMA 2), Toronto,  1991. Adapted by Jamie Novotny (2015-16) and lemmatized and updated by Nathan Morello (2016-17) for the Alexander von Humboldt Foundation-funded OIMEA Project at the Historisches Seminar - Abteilung Alte Geschichte of Ludwig-Maximilians-Universität München. The annotated edition is released under the Creative Commons Attribution Share-Alike license 3.0. Please cite this page as http://oracc.org/riao/Q004474/.",
			"designation": "Ashurnasirpal II 020",
			"display_name": "RINAP Ashurnasirpal II 020",
			"exemplar_number": "1",
			"exemplars": "unknown",
			"findspots": "Babil",
			"genre": "Royal Inscription",
			"id_composite": "Q004474",
			"language": "Akkadian",
			"material": "clay",
			"object_type": "wall slab (with reliefs)",
			"period": "Neo-Assyrian",
			"pleiades_id": "7082320",
			"popular_name": "RIMA 2 A.0.101.20",
			"primary_publication": "Ashurnasirpal II 020",
			"project": "riao",
			"provenience": "Babil",
			"Q_designation": "Ashurnasirpal II 020",
			"riao_attribution": "Based on A. Kirk Grayson, Assyrian Rulers of the Early First Millennium BC I (1114-859 BC) (RIMA 2), Toronto,  1991. Adapted by Jamie Novotny (2015-16) and lemmatized and updated by Nathan Morello (2016-17) for the Alexander von Humboldt Foundation-funded OIMEA Project at the Historisches Seminar - Abteilung Alte Geschichte of Ludwig-Maximilians-Universität München. The annotated edition is released under the Creative Commons Attribution Share-Alike license 3.0.",
			"ruler": "Ashurnasirpal II",
			"subgenre": "Ashurnasirpal II",
			"subproject": "ria4",
			"supergenre": "LIT"
		},
		"geometry": {
			"type": "Point",
			"coordinates": [42.027333,37.18775]
		}
	}, {
		"type": "Feature",
		"properties": {
			"cdli_id": "P464412",
			"cite_as": "Please cite this page as http://oracc.org/riao/Q004475/.",
			"collection": "Vorderasiatisches Museum, Berlin, Germany",
			"credits": "Based on A. Kirk Grayson, Assyrian Rulers of the Early First Millennium BC I (1114-859 BC) (RIMA 2), Toronto,  1991. Adapted by Jamie Novotny (2015-16) and lemmatized and updated by Nathan Morello (2016-17) for the Alexander von Humboldt Foundation-funded OIMEA Project at the Historisches Seminar - Abteilung Alte Geschichte of Ludwig-Maximilians-Universität München. The annotated edition is released under the Creative Commons Attribution Share-Alike license 3.0. Please cite this page as http://oracc.org/riao/Q004475/.",
			"designation": "Ashurnasirpal II 021",
			"display_name": "RINAP Ashurnasirpal II 021",
			"exemplar_number": "1",
			"exemplars": "VAT 09752 (Ass 02551)",
			"findspots": "Qalat Sherqat (Assur)",
			"genre": "Royal Inscription",
			"id_composite": "Q004475",
			"language": "Akkadian",
			"material": "clay",
			"object_type": "tablet",
			"period": "Neo-Assyrian",
			"pleiades_id": "893945",
			"popular_name": "RIMA 2 A.0.101.21",
			"primary_publication": "Ashurnasirpal II 021",
			"project": "riao",
			"provenience": "Qalat Sherqat (Assur)",
			"Q_designation": "Ashurnasirpal II 021",
			"riao_attribution": "Based on A. Kirk Grayson, Assyrian Rulers of the Early First Millennium BC I (1114-859 BC) (RIMA 2), Toronto,  1991. Adapted by Jamie Novotny (2015-16) and lemmatized and updated by Nathan Morello (2016-17) for the Alexander von Humboldt Foundation-funded OIMEA Project at the Historisches Seminar - Abteilung Alte Geschichte of Ludwig-Maximilians-Universität München. The annotated edition is released under the Creative Commons Attribution Share-Alike license 3.0.",
			"ruler": "Ashurnasirpal II",
			"subgenre": "Ashurnasirpal II",
			"subproject": "ria4",
			"supergenre": "LIT"
		},
		"geometry": {
			"type": "Point",
			"coordinates": [43.262037,35.458121]
		}
	}, {
		"type": "Feature",
		"properties": {
			"cite_as": "Please cite this page as http://oracc.org/riao/Q004476/.",
			"credits": "Based on A. Kirk Grayson, Assyrian Rulers of the Early First Millennium BC I (1114-859 BC) (RIMA 2), Toronto,  1991. Adapted by Jamie Novotny (2015-16) and lemmatized and updated by Nathan Morello (2016-17) for the Alexander von Humboldt Foundation-funded OIMEA Project at the Historisches Seminar - Abteilung Alte Geschichte of Ludwig-Maximilians-Universität München. The annotated edition is released under the Creative Commons Attribution Share-Alike license 3.0. Please cite this page as http://oracc.org/riao/Q004476/.",
			"designation": "Ashurnasirpal II 022",
			"display_name": "RINAP Ashurnasirpal II 022",
			"genre": "Royal Inscription",
			"id_composite": "Q004476",
			"language": "Akkadian",
			"period": "Neo-Assyrian",
			"pleiades_id": "893945",
			"popular_name": "RIMA 2 A.0.101.22",
			"primary_publication": "Ashurnasirpal II 022",
			"project": "riao",
			"provenience": "Qalat Sherqat (Assur)",
			"Q_designation": "Ashurnasirpal II 022",
			"riao_attribution": "Based on A. Kirk Grayson, Assyrian Rulers of the Early First Millennium BC I (1114-859 BC) (RIMA 2), Toronto,  1991. Adapted by Jamie Novotny (2015-16) and lemmatized and updated by Nathan Morello (2016-17) for the Alexander von Humboldt Foundation-funded OIMEA Project at the Historisches Seminar - Abteilung Alte Geschichte of Ludwig-Maximilians-Universität München. The annotated edition is released under the Creative Commons Attribution Share-Alike license 3.0.",
			"ruler": "Ashurnasirpal II",
			"subgenre": "Ashurnasirpal II",
			"subproject": "ria4",
			"supergenre": "LIT"
		},
		"geometry": {
			"type": "Point",
			"coordinates": [43.262037,35.458121]
		}
	}, {
		"type": "Feature",
		"properties": {
			"cdli_id": "P247872; P272829; P272830; P416484; P416487; P416896; P423364; P423467; P423468; P423469; P423470; P423498; P423501; P423506; P423509; P423536; P423537; P423538; P423540; P423541; P424430; P426487; P426489; P426492; P426496; P426501; P426505; P426513; P426517; P426521; P426525; P426530; P426535; P426540; P426544; P426548; P426553; P426555; P426559; P426563; P426567; P426571; P426576; P426580; P426582; P426586; P426589; P426590; P426595; P426598; P426601; P426603; P426606; P426609; P426615; P426619; P426621; P426623; P426625; P426628; P426630; P426632; P426635; P426638; P426641; P426649; P426652; P426657; P426660; P426662; P426664; P426669; P426672; P426674; P426676; P426678; P426680; P426682; P426684; P426687; P426689; P426692; P426695; P426697; P426699; P426701; P426708; P426710; P426712; P426715; P426718; P426722; P426726; P426733; P426736; P426743; P426746; P426751; P426753; P426755; P426758; P426760; P426762; P426764; P426766; P426769; P426772; P426774; P426776; P426778; P426780; P426782; P426784; P426790; P426798; P426801; P426803; P426805; P426807; P426817; P426819; P426821; P426823; P426825; P426827; P426829; P426831; P426835; P426838; P426840; P426842; P426846; P426851; P426857; P426860; P426862; P426864; P426866; P426872; P426875; P426877; P426880; P426882; P426884; P426886; P426888; P426890; P426893; P426899; P426903; P426905; P426908; P426910; P426912; P426914; P426916; P426918; P426920; P426922; P426924; P426926; P426930; P426932; P426934; P426936; P426938; P426940; P426942; P426944; P426946; P426950; P426953; P426955; P426957; P426959; P426960; P426963; P426965; P426967; P426969; P426971; P426973; P426975; P426978; P426981; P426983; P426985; P426988; P426990; P426993; P426997; P426999; P427001; P427004; P427007; P427012; P427016; P427018; P427020; P427026; P427030; P427035; P427040; P427046; P427047; P427050; P427052; P427054; P427056; P427059; P427061; P427063; P427065; P427067; P427071; P427076; P427080; P427084; P427091; P427095; P427100; P427105; P427111; P427119; P427121; P427129; P427137; P427142; P427144; P427147; P427148; P427152; P427154; P427156; P427159; P427161; P427163; P427165; P427169; P427172; P427175; P427179; P427181; P427185; P427187; P427189; P427192; P427195; P427198; P427200; P427203; P427206; P427210; P427212; P427214; P427216; P427218; P427220; P427222; P427224; P427226; P427228; P427230; P427232; P427234; P427236; P427239; P427244; P427246; P427248; P427250; P427254; P427256; P427258; P427261; P427263; P427268; P427271; P427273; P427275; P427277; P427279; P427281; P427283; P427284; P427287; P427289; P427291; P427293; P427295; P427297; P427299; P427303; P427306; P427310; P427312; P427314; P427317; P427320; P427322; P427326; P427331; P427337; P427339; P427341; P427343; P427345; P427348; P427351; P427353; P427357; P427360; P427362; P427364; P427366; P427372; P427381; P427383; P427386; P427389; P427398; P427406; P427407; P427409; P427411; P427414; P427417; P427419; P427421; P427423; P427429; P427432; P427436; P427441; P427443; P427445; P427447; P427449; P427453; P427455; P427459; P427461; P427467; P427470; P427474; P427477; P427480; P427483; P427486; P427489; P427491; P427494; P427497; P427499; P427503; P427505; P427507; P427512; P427515; P427518; P427521; P427524; P427527; P427530; P427533; P427536; P427539; P427541; P427544; P427547; P427552; P427560; P427563; P427566; P427568; P427570; P427572; P427575; P427577; P448683; P464886; P467623; P467624; P467625; P471655; P478978; P478979; P478980; P478982; P478983; P478984; P478985; P478986; P478987; P478988; P478989; P478990; P478991; P478992; P478993; P478994; P478995; P478996; P478997; P478998; P478999; P479000; P479001; P479002; P479003; P479004; P479005; P479006; P479007; P479008; P479009; P479010; P479011; P479012; P479013; P479014; P479015; P479016; P479017; P479018; P479019; P479020; P479021; P479022; P479023; P479024; P479025; P479026; P479027; P479028; P479029; P479030; P479031; P479032; P479033; P479034; P479035; P479036; P479037; P479038; P479039; P479040; P479041; P479042; P479043; P479044; P479045; P479046; P479047; P479048; P479049; P479050; P479051; P479052; P479053; P479054; P479055; P479056; P479057; P479058; P479059; P479060; P479061; P479062; P479063; P479064; P479065; P479066; P479067; P479068; P479069; P479070; P479071; P479072; P479073; P479074; P479075; P479076; P479077; P479078; P479079; P479080; P479081; P479082; P479083; P479084; P479085; P479086; P479087; P479088; P479089; P479090; P479091; P479092; P479093; P479094; P479095; P479096; P479097; P479098; P479099; P479100; P479101; P479102; P479103; P479104; P479105; P479106; P479107; P479108; P479109; P479110; P479111; P479112; P479113; P479114; P479115; P479116; P479117; P479118; P479119; P479120; P479121; P479122; P479123; P479124; P479125; P479126; P479127; P479128; P479129; P479130; P479131; P479132; P479133; P479134; P479135; P479136; P479137; P479138; P479139; P479140; P479141; P479142; P479143; P479144; P479145; P479146; P479147; P479148; P479149; P479150; P479151; P479152; P479153; P479154; P479155; P479156; P479157; P479158; P479159; P479160; P479161; P479162; P479163; P479164; P479165; P479166; P479167; P479168; P479169; P479170; P479171; P479172; P479173; P479174; P479175; P479176; P479177; P479178; P479179; P479180; P479181; P479182; P479183; P479184; P479185; P479186; P479187; P479188; P479189; P479190; P479191; P479192; P479193; P479194; P479195; P479196; P479197; P479198; P479199; P479200; P479201; P479237; P479239; P479304; P479305; P480679; P482032; P482033; P482034; P482035; P482036; P482037; P482038; P482039; P482040; P482041; P482042; P482043; P482044; P482045; P482046; P482047; P482048; P482049; P482051; P482052; P482053; P482054; P482055; P482056; P482063; P482064; P482065; P482066; P482067; P482068; P482069; P482070; P482071; P482072; P497316",
			"cite_as": "Please cite this page as http://oracc.org/riao/Q004477/.",
			"collection": "Hearst Museum of Anthropology, University of California at Berkeley, Berkeley, California, USA; Walters Art Museum, Baltimore, Maryland, USA (a); Walters Art Museum, Baltimore, Maryland, USA (a); Nimrud, Iraq (b); Peabody Essex Museum, Salem, Massachusetts, USA; Royal Ontario Museum of Archaeology, Toronto, Ontario, Canada; Nimrud, Iraq (a) &amp; (d); Musei Vaticani, Vatican CIty, Rome, Italy (b); Memorial Art Gallery, University of Rochester, Rochester, New York, USA (c); unlocated (e); Los Angeles County Museum of Art (LACMA), Los Angeles, California, USA (a); Los Angeles County Museum of Art (LACMA), Los Angeles, California, USA (a); Nimrud, Iraq (b); unlocated (c); British Museum, London, UK; Burrell Collection. Art Gallery and Museum, Glasgow  (a); Metropolitan Museum of Art, New York, New York, USA (b); Nimrud Collection, Nimrud, Iraq (c); unlocated (d); Metropolitan Museum of Art, New York, New York, USA (a); Fitzwilliam Museum, University of Cambridge, Cambridge, UK (a); Nimrud, Iraq (b); Metropolitan Museum of Art, New York, New York, USA (c); unlocated (d); Nimrud, Iraq (a) &amp; (d); Metropolitan Museum of Art, New York, New York, USA (b); State Hermitage Museum, St. Petersburg, Russian Federation (c); Muzeum Narodowe w Warszawie, Warsaw (e); State Hermitage Museum, St. Petersburg, Russian Federation (f); unloc; Metropolitan Museum of Art, New York, New York, USA (a); Hood Museum of Art, Dartmouth College, Hanover, New Hampshire, USA (b); Metropolitan Museum of Art, New York, New York, USA (a); Nimrud, Iraq (b); unlocated (c); Metropolitan Museum of Art, New York, New York, USA (a-b); Nimrud, Iraq (c); Nimrud, Iraq (a) &amp; (c); Metropolitan Museum of Art, New York, New York, USA (b); unlocated (d); Metropolitan Museum of Art, New York, New York, USA (a); Nimrud, Iraq (b); Williams College Museum of Art, Williamstown, Massachusetts, USA; British Museum, London, UK (a); Nimrud, Iraq (a); unlocated (b); British Museum, London, UK (a-b); unlocated (c); British Museum, London, UK (a-c); unlocated (d); British Museum, London, UK (a); Museo Civico di Archeologia Ligure, Genua, Italy (b); Musei Vaticani, Museo Gregoriano Egizio, Rome, Italy (c); British Museum, London, UK (d); Nimrud, Iraq (e); Collection Fred Elghanayan, New York, New York, USA (f); unlo; British Museum, London, UK (a-b); National Museum of Iraq, Baghdad, Iraq (c); unlocated (d); British Museum, London, UK (a-b); Nimrud, Iraq (c); unlocated (d); Nimrud, Iraq (a); Fitzwilliam Museum, University of Cambridge, Cambridge, UK (b); private: anonymous, unlocated (c); unlocated (d); Chhatrapati Shivaji Maharaj Vastu Sangrahalaya, Mumbai, India (formerly Prince of Wales Museum of Western India, Mumbai, India) (a); Nimrud, Iraq (b); unlocated (c); Nimrud, Iraq (a); Bowdoin College, Brunswick, Maine, USA (b); unlocated (c); National Museum of Iraq, Baghdad, Iraq (a); British Museum, London, UK (b); Nimrud, Iraq (c); unlocated (d); Skulpturensammlung, Dresden, Germany (a); Nimrud, Iraq (a-c); unlocated (d); Fogg Art Museum, Harvard University, Cambridge, Massachusetts, USA (a); Nimrud, Iraq (b); unlocated (c); Princeton University Art Museum, Princeton, New Jersey, USA (a); Nimrud, Iraq (b); unlocated (c); Vorderasiatisches Museum, Berlin, Germany (a); Nimrud, Iraq (b); unlocated (c); British Museum, London, UK (a); unlocated (b); unlocated; Fitzwilliam Museum, University of Cambridge, Cambridge, UK (a); British Museum, London, UK (b); Ashmolean Museum, Oxford, UK (a); British Museum, London, UK (a); National Museum of Iraq, Baghdad, Iraq (b); British Museum, London, UK (c); National Museum of Iraq, Baghdad, Iraq (a); unlocated: Layard, Monuments of Nineveh I, p. 381ff. (description) (a); unlocated: reconstructed analog to C-12; Meuszynski, BaF 2, p. 26. 28 (a); Louvre Museum, Paris, France (a); unlocated (b); Miho Museum, Kyoto, Japan (a); unlocated (b); Ny Carlsberg Glyptotek, Copenhagen, Denmark (a); Nimrud, Iraq (b-e); unlocated (f); Virginia Museum of Fine Arts, Richmond, Virginia, USA (a); National Museum of Iraq, Baghdad, Iraq (b); Nimrud, Iraq (c); unlocated (d); Arkeoloji Müzeleri, Istanbul, Turkey (a); unlocated (b); unlocated: reconstructed according to position mirrored by C-02 (a); Vorderasiatisches Museum, Berlin, Germany (a); unlocated: Layard, Monuments of Nineveh I, p. 384f. (description) (a); Nimrud, Iraq (a); National Museum of Iraq, Baghdad, Iraq (a); Nimrud, Iraq (b); unlocated (c); Vorderasiatisches Museum, Berlin, Germany (a); unlocated (b); Nimrud, Iraq (a-c); Williams College Museum of Art, Williamstown, Massachusetts, USA (d);  unlocated (e); Brooklyn Museum, Brooklyn, New York, USA (a); unlocated: reconstructed according to unlocated: Layard&apos;s description of the room (unlocated: Layard, Monuments of Nineveh I, p. 385f. (a); Mosul Museum, Mosul, Iraq (a); unlocated: reconstructed according to the placement of slabs in this room; cp. Paley/Sobolewski, BaF 10, p. 85 and pl. 6, 33 (a); Museum and Art Gallery, Bristol, UK (a); Nimrud, Iraq (a); Vorderasiatisches Museum, Berlin, Germany (b); unlocated (c); Nimrud, Iraq (a-h); unlocated (i); Hood Museum of Art, Dartmouth College, Hanover, New Hampshire, USA (a); Oriental Institute, University of Chicago, Chicago, Illinois, USA (a); British Museum, London, UK (b); Nimrud, Iraq (c); private: anonymous, New York, New York, USA (a); National Museum of Iraq, Baghdad, Iraq (b); Nimrud, Iraq (c); unlocated (d); Nimrud, Iraq (a-b, d); Musées royaux d’Art et d’Histoire, Brussels, Belgium (c); unlocated (e); British Museum, London, UK (a); Nimrud, Iraq (b-d); Kalamazoo Valley Museum, Kalamazoo, Michigan, USA (e); unlocated (f); National Museums Scotland, Edinburgh, Scotland, UK (a); State Hermitage Museum, St. Petersburg, Russian Federation (a); unlocated: Layard, Original Drawings III, N.W. XXXIX (a); unlocated: Layard, Monuments of Nineveh I, p. 385f. (description) (a); Arkeoloji Müzeleri, Istanbul, Turkey (a); unlocated: Layard, Monuments of Nineveh I, p. 386f. (description) (a); Staatliches Museum Ägyptischer Kunst, Munich, Germany (a); Nimrud, Iraq (b); unlocated (c); Louvre Museum, Paris, France (a); unlocated: reconstructed according to analog slabs H-11 and H-24 (a); unlocated: Layard, Original Drawings III, N.W. LXII (a); Fitzwilliam Museum, University of Cambridge, Cambridge, UK (a); Museum Calouste Gulbenkian, Lisbon, Portugal (a); Christ Church College, Oxford, UK (a); Nimrud, Iraq (b); unlocated (c); M.H. De Young Museum, San Francisco, California, USA (a); unlocated (b); unlocated: reconstructed according to unlocated: Layard&apos;s general description (Monuments of Nineveh I, 145. 386) of the room and analog to the opposite wall (a); Vorderasiatisches Museum, Berlin, Germany (now Dresden) (a); Bowdoin College, Brunswick, Maine, USA; Wadsworth Atheneum, Hartford, Connecticut, USA (a); Montreal Museum of Fine Arts, Montreal, Canada (b); Minneapolis Institute of Arts, Minneapolis, Minnesota, USA (a); Amherst College, Amherst, Masssachusetts, USA (b); Arkeoloji Müzeleri, Istanbul, Turkey (a); National Museum of Iraq, Baghdad, Iraq (b); Nimrud, Iraq (c); unlocated (d); Nimrud, Iraq (a-d); unlocated (e); Ny Carlsberg Glyptotek, Copenhagen, Denmark (a); Nimrud, Iraq (b); National Museum of Iraq, Baghdad, Iraq (a); Nimrud, Iraq (b); Fitzwilliam Museum, University of Cambridge, Cambridge, UK (c); unlocated (d); Weingreen Museum of Biblical Antiquities, Trinity College, Dublin, Ireland (a); British Museum, London, UK (b); British Museum, London, UK (c); unlocated (d); National Museum of Iraq, Baghdad, Iraq (a); Museo Barracco, Rome, Italy (b); Nimrud, Iraq (c); Musei Vaticani, Museo Gregoriano Egizio, Rome, Italy (d); unlocated (e); Los Angeles County Museum of Art (LACMA), Los Angeles, California, USA (a); Nimrud, Iraq (b) &amp; (c); unlocated (d); Nimrud, Iraq (a-b); unlocated (c); private: anonymous (a); Nimrud, Iraq (b); Idemitsu Museum of Arts, Tokyo, Japan (c); unlocated (d); Royal Ontario Museum of Archaeology, Toronto, Ontario, Canada (a); British Museum, London, UK (b); unlocated (c); Nationalmuseet, Copenhagen, Denmark (a); British Museum, London, UK (b); unlocated (c); National Museum of Iraq, Baghdad, Iraq (a); Nationalmuseet, Copenhagen, Denmark (b); Ashmolean Museum, Oxford, UK (c); Nimrud, Iraq (d); unlocated (e); Louvre Museum, Paris, France (a); Bhau Daji Lad Museum, Mumbai, India (formerly Victoria and Albert Museum) (b); unlocated (c); Arts &amp; Culture Centre, Memorial Univ., St. John&apos;s, Newfoundland, Canada (a); Nimrud, Iraq (b-c); Paisley Art Gallery and Museum, Renfrewshire, UK (d); British Museum, London, UK (a); Nimrud, Iraq (b); Museum of Fine Arts, Houston, Texas, USA (c); unlocated (d); Nimrud, Iraq (a); British Museum, London, UK (b); Louvre Museum, Paris, France (c); Nimrud, Iraq (d); Detroit Institute of Arts, Detroit, Michigan, USA (e); British Museum, London, UK; Louvre Museum, Paris, France (f); unlocated (g); Yale University, New Haven, Connecticut, USA (a-b, e); Magdalen College, Oxford, UK (c); Nimrud, Iraq (d); Amherst College, Amherst, Masssachusetts, USA (f); unlocated (g); Nimrud, Iraq (a); Arkeoloji Müzeleri, Istanbul, Turkey (b); Glencairn Museum, Bryn Athyn, Pennsylvania, USA (c); Nimrud, Iraq (d); British Museum, London, UK (e); unlocated (f); Nimrud, Iraq (a); Ashmolean Museum, Oxford, UK (b); Chhatrapati Shivaji Maharaj Vastu Sangrahalaya, Mumbai, India (formerly Prince of Wales Museum of Western India, Mumbai, India) (c); unlocated (d); unlocated: reconstructed based on composition of neighboring reliefs only; cp. Paley/Sobolewski, BaF 10, p. 33 (a); Chrysler Museum of Art, Norfolk, Virginia, USA (a); unlocated (b); Los Angeles County Museum of Art (LACMA), Los Angeles, California, USA; Glencairn Museum, Bryn Athyn, Pennsylvania, USA ? (a; =? L-14 (b)); Nimrud, Iraq (b); unlocated (c); Staatliches Museum Ägyptischer Kunst, Munich, Germany (a); unlocated (b); State Hermitage Museum, St. Petersburg, Russian Federation (a); Nimrud, Iraq (b); unlocated (c); Middlebury College, Middlebury, Vermont, USA; Nimrud, Iraq (a); Cincinnati Art Museum, Cincinnati, Ohio, USA (b); unlocated (c); Nelson-Atkins Museum of Art, Kansas City, Missouri, USA (a); Nimrud, Iraq (a); Kimbell Art Museum, Fort Worth, Texas, USA (b); Nimrud, Iraq (a); Glencairn Museum, Bryn Athyn, Pennsylvania, USA ? (b; =? L-03 (a)); unlocated (c); Nimrud, Iraq (a); British Museum, London, UK (b); Amherst College, Amherst, Masssachusetts, USA (a); unlocated (b); Nationalmuseet, Copenhagen, Denmark (a); Saint Louis Art Museum, St. Louis, Missouri, USA (b); unlocated (c); Archäologisches Institut und Archäologische Sammlung der Universität Zürich, Zurich, Switzerland (a); Nimrud, Iraq (b-c); unlocated (d); British Museum, London, UK (a); Nimrud, Iraq (b); unlocated (c); University of Pennsylvania Museum of Archaeology and Anthropology, Philadelphia, Pennsylvania, USA (a); Fleming Museum, University of Vermont, Burlington, Vermont, USA (a); Nimrud, Iraq (a); British Museum, London, UK (b); Nimrud, Iraq (c); unlocated (d); Nimrud, Iraq (a); Abegg Foundation, Bern, Switzerland (b); Museum of Fine Arts, Boston, Massacusetts, USA (a); unlocated: reconstructed based on symmetrical relief N-08; Meuszynski, BaF 2, p. 75 (a); Swedish National Museum, Stockholm, Sweden (a); Worcester Art Museum, Worcester, Massachusetts, USA (a); Arkeoloji Müzeleri, Istanbul, Turkey (a); Nimrud, Iraq (b); unlocated (c); Nimrud, Iraq (a); Ny Carlsberg Glyptotek, Copenhagen, Denmark (b); Yale University, New Haven, Connecticut, USA (a); Museum of Art, Cleveland, Ohio, USA (a); unlocated (b); Amherst College, Amherst, Masssachusetts, USA (a); Yale University, New Haven, Connecticut, USA (a); Nimrud, Iraq (b); unlocated (c); Nimrud, Iraq (a. c-e); The Art Institute of Chicago, Chicago, Illinois, USA (b); private: anonymous, unlocated (a); Bowdoin College, Brunswick, Maine, USA (a); Nimrud, Iraq (a); private: anonymous, unlocated (b); Nimrud, Iraq (c, e); Museum für Kunst und Gewerbe, Hamburg, Germany (d);; Nimrud, Iraq (a-b, d-g); private: Collection Merrin, New York, New York, USA ? (c); unlocated (h); Nimrud, Iraq (a); Manchester University, Museum, Manchester, UK (b); Nimrud, Iraq (a, c-h); Musées royaux d’Art et d’Histoire, Brussels, Belgium (b); Nimrud, Iraq (a), d-f; Chhatrapati Shivaji Maharaj Vastu Sangrahalaya, Mumbai, India (formerly Prince of Wales Museum of Western India, Mumbai, India) (b); unlocated (g); Tigris, Iraq; Archäologisches Institut und Archäologische Sammlung der Universität Zürich, Zurich, Switzerland (a); Skulpturensammlung, Dresden, Germany (b); Nimrud, Iraq (c); unlocated: reconstructed according to Layard&apos;s description (Layard, Monuments of Nineveh I, p.389) and the arrangement of neighboring reliefs (a); unlocated: reconstructed according to the available space and arrangement of reliefs in this entrance (a); unlocated (b); Nimrud, Iraq (a-c); unlocated: Layard, Monuments of Nineveh I, pl. 32; Original Drawings III, S.W. IV (a); Bowdoin College, Brunswick, Maine, USA (a); unlocated (c); unlocated: Layard, Original Drawings IV, Misc. I (a); unlocated: Layard, Monuments of Nineveh I, pl. 28 (a); unlocated: Layard, Original Drawings III, S.W. X (a); Mosul Museum, Mosul, Iraq (a); unlocated (b); Arts &amp; Culture Centre, Memorial Univ., St. John&apos;s, Newfoundland, Canada (a); unlocated (b); British Museum, London, UK (a); Oriental Institute, University of Chicago, Chicago, Illinois, USA (b); British Museum, London, UK (a); British Museum, London, UK (b); Staatliches Museum Ägyptischer Kunst, Munich, Germany (a); Nimrud, Iraq (a); unlocated: reconstructed as counterpart to Z-09 (b); Louvre Museum, Paris, France (a); Chhatrapati Shivaji Maharaj Vastu Sangrahalaya, Mumbai, India (formerly Prince of Wales Museum of Western India, Mumbai, India) (b); unlocated: Layard, Monuments of Nineveh I, pl. 35, possibly lost in the Tigris (a); unlocated: reconstructed parallel to Zb-02 (a); unlocated: reconstructed analog to other entrances (a); Tyndale House, University of Cambridge, Cambridge, UK; Museum of Fine Arts, Boston, Massacusetts, USA; Mount Holyoke College, South Hadley, Massachusetts, USA; National Car Museum of Iran, Tehran, Iran; Nimrud, Iraq; Los Angeles County Museum of Art (LACMA), Los Angeles, California, USA (a); unlocated (b); Archäologisches Institut und Archäologische Sammlung der Universität Zürich, Zurich, Switzerland; Detroit Institute of Arts, Detroit, Michigan, USA; missing",
			"credits": "Based on A. Kirk Grayson, Assyrian Rulers of the Early First Millennium BC I (1114-859 BC) (RIMA 2), Toronto,  1991. Adapted by Jamie Novotny (2015-16) and lemmatized and updated by Nathan Morello (2016-17) for the Alexander von Humboldt Foundation-funded OIMEA Project at the Historisches Seminar - Abteilung Alte Geschichte of Ludwig-Maximilians-Universität München. The annotated edition is released under the Creative Commons Attribution Share-Alike license 3.0. Please cite this page as http://oracc.org/riao/Q004477/.",
			"designation": "Ashurnasirpal II 023",
			"display_name": "RINAP Ashurnasirpal II 023",
			"exemplar_number": "648",
			"exemplars": "HMA 9-01762 + HMA 9-01763; WAM 21.0008 (a); WAM 21.0009 + (a); Nimrud (in situ) (b); E05608; E54113 ?; ROM 910.092.054 (D1110); Nimrud fragment no. 44 (a); MVat 14989 (b); MAG 44.010 (c); Nimrud (in situ) (d); unknown (e); M.66.004.03 (a); M.66.004.04 (a); Nimrud fragment no. 32 (b); unknown (c); M.66.004.05 (a); BM — (K 08887); AGM 1369 (28/35) (a); MMA 1932.143.11 (b); Nimrud fragment no. 29 (c); unknown (d) (not in metonline ?); MMA 1932.143.08 (a) (not in metonline ?); WAE 02.1908 (a); Nimrud (in situ) (b); MMA 1932.143.12 (c); unknown (d) (not in metonline ?); Nimrud fragment no. 53 (a); MMA 1932.143.14 (b); Erm. — (c); Nimrud (in situ) (d); MN 199335 (e); Erm. — (f); unknown (g) (not in metonline ?); MMA 1931.72.1 (a); Dartmouth — (b) (not in metonline ?); MMA 1917.190.2079 + (a); Nimrud (in situ) (b); unknown (c) (not in metonline ?); MMA 1917.190.2077 (a); MMA 1917.190.2078 (b); Nimrud (in situ) (c) (not in metonline ?); Nimrud fragment no. 72 (a); MMA 1984.11 (b); Nimrud (in situ) (c); unknown (d) (not in metonline ?); MMA 1917.190.2082 (a); Nimrud (in situ) (b) (not in metonline ?); WCMA 1851.1; BM 098064 (a) (1903-10-12, 0002 (a)); Nimrud fragment no. 23 (a); unknown (b); BM 124555 (a); BM 124556 (b); unknown (c) (1847-06-23, 0007 (b) + 1847-06-23, 0008 (a)); BM 124553 (a); BM 124554 (b); BM — (c); unknown (d) (1847-06-23, 0009 (a) + 1849-12-22, 0023 (b) + K 08543 (c)); BM 124551 (a); BM 124552 (b); unknown (c); BM 124550 (a); MCAL — (b); MVat 14998 (c); BM 135736 (d); Nimrud fragment no. 20 (e); CFE — (f); unknown (g) (1864-07-01, 0001 (d)); BM 124548 (a); BM 124549 (b); unknown (c); BM 124546 (a); BM 124547 (b); unknown (c); BM 124544 (a); BM 124545 (b); unknown (c); BM 124542 (a); BM 124543 (b); IM — (c); unknown (d); BM 124540 (a); BM 124541 (b); Nimrud (in situ) (c); unknown (d); Nimrud (in situ) (a); WAE 03.1942 (b); unknown (c); unknown (d); Mumbay — (a); Nimrud (in situ) (b); unknown (c); Nimrud (in situ) (a); Me.491.2 (b); unknown (c); IM — (a); BM 124582 (b); Nimrud (in situ) (c); unknown (d) (1848-11-04, 0021 (b)); Herrmann-Verzeichnis 21 (a); BM 124538 (a); BM 124539 (b); unknown (c); BM 124536 (a); BM 124537 (b); unknown (c); BM 124534 (a); BM 124535 (b); unknown (c); BM 124532 (a); BM 124533 (b); unknown (c); Nimrud fragment no. 22 (a); Nimrud fragment no. 21 (b); Nimrud (in situ) (c); unknown (d); 1940,13 (a); Nimrud (in situ) (b); unknown (c); BM 124531 (a); No. 207 (a); Nimrud (in situ) (b); unknown (c); Nimrud (in situ) (a); unknown (b); BM 124530 (a); VA 00938 (a); Nimrud fragment no. 24 (b); unknown (c); BM 124559 (a); unknown (b); unknown (a); WAE 44.1927 (a); BM 124560 (b); Nimrud fragment no. — (a); unknown (b); Ashm 1982-0224 (a); BM 118894 (a); IM 026472 (b); BM — (c) (1847-06-02, 0003 ? (c)); IM 026473 (a); BM 118929 (a); unknown (b); BM 098063 (a); AO 19846 (a); Anonymous 426632 (b); MMNK — (a); unknown (b); AE.I.N. 1723 (a); Nimrud fragment no. 26 (b); Nimrud fragment no. 27 (c); Nimrud fragment no. 25  (d); Nimrud fragment no. 28 (e); unknown (f); VMFA 56-22 (a); IM — (b); Nimrud (in situ) (c); unknown (d); Ist K — (a); unknown (b); VA 00943 (a); Nimrud (in situ) (a); AO 19851 (a); Anonymous 426684 (b); BM 124562 (a); BM 118930 (a); unknown (b); VA 08747 (a); Nimrud (in situ) (b); unknown (c); IM 028143 (a); Nimrud (in situ) (b); unknown (c); unknown; VA 00940 (a); unknown (b); Nimrud fragment no. 30 + 31 + 33 (a); Nimrud fragment no. 30 (b); Nimrud fragment no. 31 (c); WCMA 1851.2 (d); unknown (e); BM 124584 (a) (1851-09-02, 0499 (a)); BM 124585 (a) (1851-09-02, 0500 (a)); Brooklyn 55.156 (a); BM 118804 (a); Herrmann-Verzeichnis 22 (a); IMM — (a); H-0794 (a); Nimrud (in situ) (a); VA 00941 (b); unknown (c); BM 124564 (a); BM 124565 (a); BM 124566 (a); Nimrud (in situ) (a); Nimrud fragment no. 11-17 (b-h); unknown (i); BM 124567 (a); MMA 1932.143.06 (a) (not in metonline ?); MMA 1932.143.04 (a) (not in metonline ?); Dartmouth — (a); BM 124569 (a); Dartmouth S.856-3-2 (a); BM 124568 (a); A — (a) (was BM 118926); BM 118927 (b); Nimrud (in situ) (c); VA 00939a (a); unknown (b); VA 00939b (a); VA 00939c (a); Nimrud (in situ) (parts) (a); unknown (b); unknown (a); IM — (b); Nimrud (in situ) (c); unknown (d); Nimrud fragment no. 18 (a); Nimrud fragment no. 19  (b); MRAH O.0278 (c); Nimrud (in situ) (d); unknown (e); BM 118928 (a); Nimrud fragment no. 07-08 (b-c); Nimrud (in situ) (d); KVM 60.253; unknown (f); found in Room G, but not Nimrud (in situ) (a); unknown (b); BM 124577 (a) (1847-06-23, 0003); Nimrud fragment no. 09 (a); unknown (b); NMS A.1956.362 (a); Herrmann-Verzeichnis 19 (a); Erm 03938 (a); BM 124575 (a); IM 029053 + (a); Nimrud (in situ) (b); unknown (c); Ist Nimrud — (a); Ist Nimrud 4649 (a); BM 124576 (a); MMA 1932.143.07 (a) (not in metonline ?); BM 124586 (a) (1847-06-23, 0004 (a)); H-0796 (a); H-0795 (a); Gl. WAF 5 + 7 (a); Nimrud fragment no. 06 (b); unknown (c); Brooklyn 55.155 (a); Brooklyn 55.154 (a); AO 19847 (a); WAE 45.1927 (a); MCG 118 (a); CCC — (a); Nimrud (in situ)  (b); unknown (c); Nimrud fragment no. 02 ? (a); unknown (b); Brooklyn 55.153 (a); Nimrud (in situ), damaged (a); YMM 1995.47 (a); unknown (b); VA 00942 (a); Nimrud fragment no. 01 (a); unknown (b); VA 00951 (a); Haskell Coll. 1860.1; WAH 1917.083 (a); 64.E A.3 (b); unknown (c); AC S.1855.2 (b); MIA 41.9 (a); AC S.1855.2 (b); 3940 (a); AO 19845 (a); Ist Nimrud 7037 (a); IM 029059 (b); Nimrud (in situ) (c); unknown (d); IM — (a); Nimrud (in situ) (b); unknown (c); Nimrud fragment no. 05 (a); Nimrud fragment no. 03 (b); Nimrud fragment no. 04 (c); Nimrud (in situ) (d); unknown (e); I.N. 1789 (a); Nimrud (in situ), damaged (b); IM ? (a); Nimrud (in situ) (b); WAE 01.1908 (c); unknown (d); WM 1889 (a); BM 098062 (b); BM 102400 (c); unknown (d); IM ? (a); MBR — (b); Nimrud (in situ) (c); MVat 14990 (d); unknown (e); M.71.073.01a (a); Nimrud  (in situ) (b); Nimrud fragment no. 50 (c); unknown (d); VA 00949 + (a); VA 00950 + (a); Nimrud fragment no. 47 (a); Nimrud fragment no. 51 (b); unknown (c); unknown (a); Nimrud (in situ) (b); IAM — (c); unknown (d); ROM 939.011.002 (a); BM 124581 (b); unknown (c) (D1618 (a); 1849-12-22, 0020 (b)); AS 1 (a); BM 102487 + Copenhagen AS 01 (b); Anonymous 427080 (c); IM — (a); AS 2 (b); Lady Layard Coll. 1950-241 + (c); Nimrud (in situ) (d); unknown (e); AO 19868 (a); F8 (VAM 77) (b); Anonymous 427091 (c); ACC — (a); Nimrud fragment no. 52 (b); Nimrud (in situ) (c); unknown (d); BM 124580 + (a); Nimrud fragment no. 40 (b); 80.53 (c); unknown (d) (1849-12-22, 0019 (a)); F-10 (a); unknown (b); Nimrud fragment no. 49 (c); BM 118921 (d); unknown (e); Nimrud fragment no. 42 (a); BM 098061 (b); AO 22198 (c); Nimrud fragment no. 43 and 45 (d); DIA 47.181 (e)  (photo: DIA); AO 19849 (f); unknown (g) (1903-10-10, 0002 (b)); Brooklyn 55.146 + (a); YU 1854.5 (a); YU 1854.4 (b); MCO — (c); Nimrud fragment no. 41 (d); YU 1854.3 (e); AC S.1855.1 ? (f); unknown (g); Nimrud fragment no. 46 (a); Ist — (b); 09.SP.1549 (c); Nimrud (in situ) (d); BM 124583 (e); unknown (f) (1849-12-22, 0021 (e)); Nimrud fragment no. 48 (a); Ashm — (b); F-9 (c); unknown (d); MMA 1932.143.03 + (a) (not in metonline ?); CMA 56.49.I (a); unknown (b); M.66.004.01; M.66.004.02 (a); GMANC 09.SP.1550 (a?); Nimrud (in situ) (b); unknown (c); Gl. WAF 9 (a); unknown (b); 3939 (a); Nimrud fragment no. 37 (b); unknown (c); MCV 0.114; Nimrud (in situ) (a); CAM 1952.7 (b); unknown (c) (1952.007 (b)); WRNG — (a); Nimrud (in situ) (a); AP 81.4a (b); Nimrud (in situ) (a); AP 81.4b (b); Nimrud (in situ) (a); GMANC 09.SP.1550 (b?); unknown (c); Nimrud (in situ) (a); BM 108833 + (b); AC S.1855.6 (a); unknown (b); AS 3 (a); 186:1925 (b); Anonymous 427206 (c); BM 124578 + (a); ZhArchSlg 1910 (a); Nimrud fragment no. 36 (b); Nimrud fragment no. 35 (c); unknown (d); ZhArchSlg 1911 (a); Nimrud fragment no. 34 (b); Brooklyn 55.147 (a); Brooklyn 55.148 (a); BM 135157 (a); Nimrud (in situ)  (b); unknown (c); UM 29-21-001 (a); FMV — (a); Nimrud (in situ) (a); BM 135156 (b); Nimrud fragment no. 38 (c); unknown (d) (1895-04-10, 0001 (b)); Nimrud (in situ) (a); 12.2.63 (b); MFAB 1881.0056 (a); VA 00946 (a); VA 00947 (a); 856 (a); VA 00948a (a); VA 00948b (a); 1930.32 (a); Ist Nimrud 7036 + (a); Nimrud (in situ) (b); unknown (c); Nimrud (in situ) (a); AE.I.N. 1491 (b); BM 124563 (a); YU 1854.2.1 (a) &amp; 1854.2.2 + (b) + unknown (c); 43.246 + (a); unknown (b); AC S.1855.4 (a); YU 1854.1 + (a); Nimrud fragment no. 88 (b); unknown (c); Nimrud fragment no. 80 (a); Nimrud fragment no. 54 (b); Nimrud fragment no. 89a-d (c); unknown (d); Nimrud fragment no. 55 (reconstructed Nimrud (in situ)) (a); AI 1986.978 + (b); Nimrud fragment no. 56 (reconstructed Nimrud (in situ)) (c); Nimrud fragment no. 57 (reconstructed Nimrud (in situ)) (d); Nimrud (in situ) (e); MMA 1931.72.3 (a) (not in metonline ?); Brooklyn 55.149 + (a); Brooklyn 55.150 + (a); Va.1 (a); Gl. WAF 6 (a); unknown (b); Haskell Coll. 1860.2 (a); BM 102401 + (a); Nimrud (in situ) (b); unknown (c); Nimrud fragment no. 58 (a); unknown (b); Nimrud fragment no. 59a-b (c); 1965, 101 + (d); Nimrud (in situ) (e); Nimrud fragment no. 74 (a); Nimrud fragment no. 75 (b); unknown (c); Nimrud fragment no. 60 (d); Nimrud fragment no. 73 (e); Nimrud fragment no. 76 (f); Nimrud (in situ) (g); unknown (h); Nimrud (in situ) (reconstructed) (a); Nimrud fragment no. 61 (a); VII-A-8 + Nimrud 61 (b); Nimrud fragment no. 62 (a); unknown (b); Nimrud fragment no. 63 (a); MRAH O.1934 (b); Nimrud fragment no. 65  (c); Nimrud fragment no. 77 (d); Nimrud fragment no. 64  (e); Nimrud fragment no. 66  (f); Nimrud fragment no. 67  (g); Nimrud fragment no. 68  (h); Nimrud fragment no. 69 (a); head (b); Nimrud fragment no. 70 (c); Nimrud fragment no. 71 (d); Nimrud fragment no. 78 (e); Nimrud fragment no. 79 (f); unknown (g); MMA 1917.190.2080 (a); MMA 1917.190.2081 (b); Nimrud (in situ) (c) (not in metonline ?); VA 00944 (a); VA 00945 (a); Tigris 001; BM 118803 + (a); MMA 1931.72.2 (a) (not in metonline ?); ZhArchSlg 1912 (ex. 184) (a); Herrmann-Verzeichnis 20 (b); Nimrud (in situ) (c); Haskell Coll. 1860.4 (a); Brooklyn 55.151 + (a); Brooklyn 55.152 + (a); unknown (a); unknown (b); MFAB 1935.0731 (a); Dartmouth S. 856-3-3 (a); Brooklyn 55.145 (a); Nimrud fragment no. 81 (a); Nimrud fragment no. 82 (b); Nimrud (in situ) (WJ-01) (c); Nimrud fragment no. 85 (a); unknown (b); Nimrud fragment no. 83 (a); Nimrud fragment no. 84 (b); unknown (c); VA 00962 (a); unknown (b); VA 00964 (a); unknown (b); Nimrud fragment no. 86 (a); unknown (b); VA 00959 (a); unknown (b); BM 124579 (a); unknown (b); Haskell Coll. 1860.5 (a); unknown (c); Nimrud fragment no. 87 (a); unknown (b); BM 124557 (a); BM 124558 (b); unknown (c); BM 102077 (a); BM AOC 045 (b); BM 118906 (c); unknown (d); IMM — (a); unknown (b); IMM —‚ (a); unknown (b); BM 124917 (a); unknown (b); ACC — (a); unknown (b); BM 102076 (a); unknown (b); BM 135741 (a); unknown (b); BM 135742 (a); unknown (b); BM 118874 (a); A — (b) (1848-11-04, 0012 (a)); BM 118876 (a); BM 118877 (b); Gl. WAF 8 (a); AO 19848 (a); CSM — (b); CSM — (a); IM No. ? possibly IM 29052529 (?) (b); IM No. ? (c); IM No. ? (d); BM 124574 + (e); Nimrud (in situ) (f); unknown (g); Gl. WAF 3 (a); unknown (b); BM 124561 + (a); Gl. WAF 4 (a); unknown (b); Tyndale 22; MFAB 1935.0753; MHAM 0001.A(a).SV II; MHAM 0002.A(a).SV II; MHAM 0003.A(a).SV II; NCMI 004; Nimrud (in situ); M.71.073.01b (a); unknown (b); ZhArchSlg 1913; ZhArchSlg 1915; DIA 50.032",
			"findspots": "Qalat Sherqat (Assur); Nimrud (Kalhu); uncertain",
			"genre": "Royal Inscription",
			"id_composite": "Q004477",
			"language": "Akkadian",
			"material": "stone; stone: limestone; clay",
			"object_type": "stele; wall slab (with reliefs); relief; slab (unscupltured); multihybrid colossus",
			"period": "Neo-Assyrian",
			"pleiades_id": "894019",
			"popular_name": "RIMA 2 A.0.101.23",
			"primary_publication": "Ashurnasirpal II 023",
			"project": "riao",
			"provenience": "Nimrud (Kalhu)",
			"Q_designation": "Ashurnasirpal II 023",
			"riao_attribution": "Based on A. Kirk Grayson, Assyrian Rulers of the Early First Millennium BC I (1114-859 BC) (RIMA 2), Toronto,  1991. Adapted by Jamie Novotny (2015-16) and lemmatized and updated by Nathan Morello (2016-17) for the Alexander von Humboldt Foundation-funded OIMEA Project at the Historisches Seminar - Abteilung Alte Geschichte of Ludwig-Maximilians-Universität München. The annotated edition is released under the Creative Commons Attribution Share-Alike license 3.0.",
			"ruler": "Ashurnasirpal II",
			"subgenre": "Ashurnasirpal II",
			"subproject": "ria4",
			"supergenre": "LIT"
		},
		"geometry": {
			"type": "Point",
			"coordinates": [43.3275,36.099167]
		}
	}, {
		"type": "Feature",
		"properties": {
			"cite_as": "Please cite this page as http://oracc.org/riao/Q004478/.",
			"credits": "Based on A. Kirk Grayson, Assyrian Rulers of the Early First Millennium BC I (1114-859 BC) (RIMA 2), Toronto,  1991. Adapted by Jamie Novotny (2015-16) and lemmatized and updated by Nathan Morello (2016-17) for the Alexander von Humboldt Foundation-funded OIMEA Project at the Historisches Seminar - Abteilung Alte Geschichte of Ludwig-Maximilians-Universität München. The annotated edition is released under the Creative Commons Attribution Share-Alike license 3.0. Please cite this page as http://oracc.org/riao/Q004478/.",
			"designation": "Ashurnasirpal II 024",
			"display_name": "RINAP Ashurnasirpal II 024",
			"genre": "Royal Inscription",
			"id_composite": "Q004478",
			"language": "Akkadian",
			"period": "Neo-Assyrian",
			"pleiades_id": "894019",
			"popular_name": "RIMA 2 A.0.101.24",
			"primary_publication": "Ashurnasirpal II 024",
			"project": "riao",
			"provenience": "Nimrud (Kalhu)",
			"Q_designation": "Ashurnasirpal II 024",
			"riao_attribution": "Based on A. Kirk Grayson, Assyrian Rulers of the Early First Millennium BC I (1114-859 BC) (RIMA 2), Toronto,  1991. Adapted by Jamie Novotny (2015-16) and lemmatized and updated by Nathan Morello (2016-17) for the Alexander von Humboldt Foundation-funded OIMEA Project at the Historisches Seminar - Abteilung Alte Geschichte of Ludwig-Maximilians-Universität München. The annotated edition is released under the Creative Commons Attribution Share-Alike license 3.0.",
			"ruler": "Ashurnasirpal II",
			"subgenre": "Ashurnasirpal II",
			"subproject": "ria4",
			"supergenre": "LIT"
		},
		"geometry": {
			"type": "Point",
			"coordinates": [43.3275,36.099167]
		}
	}, {
		"type": "Feature",
		"properties": {
			"cite_as": "Please cite this page as http://oracc.org/riao/Q004479/.",
			"credits": "Based on A. Kirk Grayson, Assyrian Rulers of the Early First Millennium BC I (1114-859 BC) (RIMA 2), Toronto,  1991. Adapted by Jamie Novotny (2015-16) and lemmatized and updated by Nathan Morello (2016-17) for the Alexander von Humboldt Foundation-funded OIMEA Project at the Historisches Seminar - Abteilung Alte Geschichte of Ludwig-Maximilians-Universität München. The annotated edition is released under the Creative Commons Attribution Share-Alike license 3.0. Please cite this page as http://oracc.org/riao/Q004479/.",
			"designation": "Ashurnasirpal II 025",
			"display_name": "RINAP Ashurnasirpal II 025",
			"genre": "Royal Inscription",
			"id_composite": "Q004479",
			"language": "Akkadian",
			"period": "Neo-Assyrian",
			"pleiades_id": "894019",
			"popular_name": "RIMA 2 A.0.101.25",
			"primary_publication": "Ashurnasirpal II 025",
			"project": "riao",
			"provenience": "Nimrud (Kalhu)",
			"Q_designation": "Ashurnasirpal II 025",
			"riao_attribution": "Based on A. Kirk Grayson, Assyrian Rulers of the Early First Millennium BC I (1114-859 BC) (RIMA 2), Toronto,  1991. Adapted by Jamie Novotny (2015-16) and lemmatized and updated by Nathan Morello (2016-17) for the Alexander von Humboldt Foundation-funded OIMEA Project at the Historisches Seminar - Abteilung Alte Geschichte of Ludwig-Maximilians-Universität München. The annotated edition is released under the Creative Commons Attribution Share-Alike license 3.0.",
			"ruler": "Ashurnasirpal II",
			"subgenre": "Ashurnasirpal II",
			"subproject": "ria4",
			"supergenre": "LIT"
		},
		"geometry": {
			"type": "Point",
			"coordinates": [43.3275,36.099167]
		}
	}, {
		"type": "Feature",
		"properties": {
			"cdli_id": "P224540; P224580; P225245; P424449; P464416; P464417; P464418; P464419; P464420; P464421; P464422; P464423; P464424; P464425; P464426; P464427",
			"cite_as": "Please cite this page as http://oracc.org/riao/Q004480/.",
			"collection": "National Museum of Iraq, Baghdad, Iraq; Oriental Museum, University of Durham, Durham, UK; British Museum, London, UK; Ashmolean Museum, Oxford, UK; Australian Institute of Archaeology, Melbourne,Victoria, Australia; unlocated",
			"credits": "Based on A. Kirk Grayson, Assyrian Rulers of the Early First Millennium BC I (1114-859 BC) (RIMA 2), Toronto,  1991. Adapted by Jamie Novotny (2015-16) and lemmatized and updated by Nathan Morello (2016-17) for the Alexander von Humboldt Foundation-funded OIMEA Project at the Historisches Seminar - Abteilung Alte Geschichte of Ludwig-Maximilians-Universität München. The annotated edition is released under the Creative Commons Attribution Share-Alike license 3.0. Please cite this page as http://oracc.org/riao/Q004480/.",
			"designation": "Ashurnasirpal II 026",
			"display_name": "RINAP Ashurnasirpal II 026",
			"exemplar_number": "16",
			"exemplars": "IM lidars (ND 00201); IM 055745 (ND 00817); IM 060498 (ND 06232); DUROM N —; BM 090868; BM 090867; BM 090915; Ashm 1951-0061 (ND 00816); IA — (ND 01121); unknown (ND 06233); IM 060635 (ND 06234); unknown (ND 06235); unknown (ND 06236); BM — (Rm 1086 + Rm 1087 + Rm 1088 (+) Rm 1089); BM — (Rm 1090); BM 115631 (Rm 2, 607)",
			"findspots": "Nimrud (Kalhu)",
			"genre": "Royal Inscription",
			"id_composite": "Q004480",
			"language": "Akkadian",
			"material": "stone",
			"object_type": "tablet",
			"period": "Neo-Assyrian",
			"pleiades_id": "894019",
			"popular_name": "RIMA 2 A.0.101.26",
			"primary_publication": "Ashurnasirpal II 026",
			"project": "riao",
			"provenience": "Nimrud (Kalhu)",
			"Q_designation": "Ashurnasirpal II 026",
			"riao_attribution": "Based on A. Kirk Grayson, Assyrian Rulers of the Early First Millennium BC I (1114-859 BC) (RIMA 2), Toronto,  1991. Adapted by Jamie Novotny (2015-16) and lemmatized and updated by Nathan Morello (2016-17) for the Alexander von Humboldt Foundation-funded OIMEA Project at the Historisches Seminar - Abteilung Alte Geschichte of Ludwig-Maximilians-Universität München. The annotated edition is released under the Creative Commons Attribution Share-Alike license 3.0.",
			"ruler": "Ashurnasirpal II",
			"subgenre": "Ashurnasirpal II",
			"subproject": "ria4",
			"supergenre": "LIT"
		},
		"geometry": {
			"type": "Point",
			"coordinates": [43.3275,36.099167]
		}
	}, {
		"type": "Feature",
		"properties": {
			"cdli_id": "P464428; P464429",
			"cite_as": "Please cite this page as http://oracc.org/riao/Q004481/.",
			"collection": "British Museum, London, UK; Mosul Museum, Mosul, Iraq",
			"credits": "Based on A. Kirk Grayson, Assyrian Rulers of the Early First Millennium BC I (1114-859 BC) (RIMA 2), Toronto,  1991. Adapted by Jamie Novotny (2015-16) and lemmatized and updated by Nathan Morello (2016-17) for the Alexander von Humboldt Foundation-funded OIMEA Project at the Historisches Seminar - Abteilung Alte Geschichte of Ludwig-Maximilians-Universität München. The annotated edition is released under the Creative Commons Attribution Share-Alike license 3.0. Please cite this page as http://oracc.org/riao/Q004481/.",
			"designation": "Ashurnasirpal II 027",
			"display_name": "RINAP Ashurnasirpal II 027",
			"exemplar_number": "2",
			"exemplars": "BM 118895; IMM —",
			"findspots": "Nimrud (Kalhu)",
			"genre": "Royal Inscription",
			"id_composite": "Q004481",
			"language": "Akkadian",
			"material": "stone; clay",
			"object_type": "lion colossus",
			"period": "Neo-Assyrian",
			"pleiades_id": "894019",
			"popular_name": "RIMA 2 A.0.101.27",
			"primary_publication": "Ashurnasirpal II 027",
			"project": "riao",
			"provenience": "Nimrud (Kalhu)",
			"Q_designation": "Ashurnasirpal II 027",
			"riao_attribution": "Based on A. Kirk Grayson, Assyrian Rulers of the Early First Millennium BC I (1114-859 BC) (RIMA 2), Toronto,  1991. Adapted by Jamie Novotny (2015-16) and lemmatized and updated by Nathan Morello (2016-17) for the Alexander von Humboldt Foundation-funded OIMEA Project at the Historisches Seminar - Abteilung Alte Geschichte of Ludwig-Maximilians-Universität München. The annotated edition is released under the Creative Commons Attribution Share-Alike license 3.0.",
			"ruler": "Ashurnasirpal II",
			"subgenre": "Ashurnasirpal II",
			"subproject": "ria4",
			"supergenre": "LIT"
		},
		"geometry": {
			"type": "Point",
			"coordinates": [43.3275,36.099167]
		}
	}, {
		"type": "Feature",
		"properties": {
			"cdli_id": "P424450",
			"cite_as": "Please cite this page as http://oracc.org/riao/Q004482/.",
			"collection": "unlocated",
			"credits": "Based on A. Kirk Grayson, Assyrian Rulers of the Early First Millennium BC I (1114-859 BC) (RIMA 2), Toronto,  1991. Adapted by Jamie Novotny (2015-16) and lemmatized and updated by Nathan Morello (2016-17) for the Alexander von Humboldt Foundation-funded OIMEA Project at the Historisches Seminar - Abteilung Alte Geschichte of Ludwig-Maximilians-Universität München. The annotated edition is released under the Creative Commons Attribution Share-Alike license 3.0. Please cite this page as http://oracc.org/riao/Q004482/.",
			"designation": "Ashurnasirpal II 028",
			"display_name": "RINAP Ashurnasirpal II 028",
			"exemplar_number": "1",
			"exemplars": "unknown",
			"findspots": "Nimrud (Kalhu)",
			"genre": "Royal Inscription",
			"id_composite": "Q004482",
			"language": "Akkadian",
			"material": "stone",
			"object_type": "wall slab (with reliefs)",
			"period": "Neo-Assyrian",
			"pleiades_id": "894019",
			"popular_name": "RIMA 2 A.0.101.28",
			"primary_publication": "Ashurnasirpal II 028",
			"project": "riao",
			"provenience": "Nimrud (Kalhu)",
			"Q_designation": "Ashurnasirpal II 028",
			"riao_attribution": "Based on A. Kirk Grayson, Assyrian Rulers of the Early First Millennium BC I (1114-859 BC) (RIMA 2), Toronto,  1991. Adapted by Jamie Novotny (2015-16) and lemmatized and updated by Nathan Morello (2016-17) for the Alexander von Humboldt Foundation-funded OIMEA Project at the Historisches Seminar - Abteilung Alte Geschichte of Ludwig-Maximilians-Universität München. The annotated edition is released under the Creative Commons Attribution Share-Alike license 3.0.",
			"ruler": "Ashurnasirpal II",
			"subgenre": "Ashurnasirpal II",
			"subproject": "ria4",
			"supergenre": "LIT"
		},
		"geometry": {
			"type": "Point",
			"coordinates": [43.3275,36.099167]
		}
	}, {
		"type": "Feature",
		"properties": {
			"cite_as": "Please cite this page as http://oracc.org/riao/Q004483/.",
			"credits": "Based on A. Kirk Grayson, Assyrian Rulers of the Early First Millennium BC I (1114-859 BC) (RIMA 2), Toronto,  1991. Adapted by Jamie Novotny (2015-16) and lemmatized and updated by Nathan Morello (2016-17) for the Alexander von Humboldt Foundation-funded OIMEA Project at the Historisches Seminar - Abteilung Alte Geschichte of Ludwig-Maximilians-Universität München. The annotated edition is released under the Creative Commons Attribution Share-Alike license 3.0. Please cite this page as http://oracc.org/riao/Q004483/.",
			"designation": "Ashurnasirpal II 029",
			"display_name": "RINAP Ashurnasirpal II 029",
			"genre": "Royal Inscription",
			"id_composite": "Q004483",
			"language": "Akkadian",
			"period": "Neo-Assyrian",
			"pleiades_id": "894019",
			"popular_name": "RIMA 2 A.0.101.29",
			"primary_publication": "Ashurnasirpal II 029",
			"project": "riao",
			"provenience": "Nimrud (Kalhu)",
			"Q_designation": "Ashurnasirpal II 029",
			"riao_attribution": "Based on A. Kirk Grayson, Assyrian Rulers of the Early First Millennium BC I (1114-859 BC) (RIMA 2), Toronto,  1991. Adapted by Jamie Novotny (2015-16) and lemmatized and updated by Nathan Morello (2016-17) for the Alexander von Humboldt Foundation-funded OIMEA Project at the Historisches Seminar - Abteilung Alte Geschichte of Ludwig-Maximilians-Universität München. The annotated edition is released under the Creative Commons Attribution Share-Alike license 3.0.",
			"ruler": "Ashurnasirpal II",
			"subgenre": "Ashurnasirpal II",
			"subproject": "ria4",
			"supergenre": "LIT"
		},
		"geometry": {
			"type": "Point",
			"coordinates": [43.3275,36.099167]
		}
	}, {
		"type": "Feature",
		"properties": {
			"cdli_id": "P450159",
			"cite_as": "Please cite this page as http://oracc.org/riao/Q004484/.",
			"collection": "Mosul Museum, Mosul, Iraq",
			"credits": "Based on A. Kirk Grayson, Assyrian Rulers of the Early First Millennium BC I (1114-859 BC) (RIMA 2), Toronto,  1991. Adapted by Jamie Novotny (2015-16) and lemmatized and updated by Nathan Morello (2016-17) for the Alexander von Humboldt Foundation-funded OIMEA Project at the Historisches Seminar - Abteilung Alte Geschichte of Ludwig-Maximilians-Universität München. The annotated edition is released under the Creative Commons Attribution Share-Alike license 3.0. Please cite this page as http://oracc.org/riao/Q004484/.",
			"designation": "Ashurnasirpal II 030",
			"display_name": "RINAP Ashurnasirpal II 030",
			"exemplar_number": "1",
			"exemplars": "IMM — (ND 01104)",
			"findspots": "Nimrud (Kalhu)",
			"genre": "Royal Inscription",
			"id_composite": "Q004484",
			"language": "Akkadian",
			"material": "stone: sandstone",
			"object_type": "stele",
			"period": "Neo-Assyrian",
			"pleiades_id": "894019",
			"popular_name": "RIMA 2 A.0.101.30",
			"primary_publication": "Ashurnasirpal II 030",
			"project": "riao",
			"provenience": "Nimrud (Kalhu)",
			"Q_designation": "Ashurnasirpal II 030",
			"riao_attribution": "Based on A. Kirk Grayson, Assyrian Rulers of the Early First Millennium BC I (1114-859 BC) (RIMA 2), Toronto,  1991. Adapted by Jamie Novotny (2015-16) and lemmatized and updated by Nathan Morello (2016-17) for the Alexander von Humboldt Foundation-funded OIMEA Project at the Historisches Seminar - Abteilung Alte Geschichte of Ludwig-Maximilians-Universität München. The annotated edition is released under the Creative Commons Attribution Share-Alike license 3.0.",
			"ruler": "Ashurnasirpal II",
			"subgenre": "Ashurnasirpal II",
			"subproject": "ria4",
			"supergenre": "LIT"
		},
		"geometry": {
			"type": "Point",
			"coordinates": [43.3275,36.099167]
		}
	}, {
		"type": "Feature",
		"properties": {
			"cite_as": "Please cite this page as http://oracc.org/riao/Q004485/.",
			"credits": "Based on A. Kirk Grayson, Assyrian Rulers of the Early First Millennium BC I (1114-859 BC) (RIMA 2), Toronto,  1991. Adapted by Jamie Novotny (2015-16) and lemmatized and updated by Nathan Morello (2016-17) for the Alexander von Humboldt Foundation-funded OIMEA Project at the Historisches Seminar - Abteilung Alte Geschichte of Ludwig-Maximilians-Universität München. The annotated edition is released under the Creative Commons Attribution Share-Alike license 3.0. Please cite this page as http://oracc.org/riao/Q004485/.",
			"designation": "Ashurnasirpal II 031",
			"display_name": "RINAP Ashurnasirpal II 031",
			"genre": "Royal Inscription",
			"id_composite": "Q004485",
			"language": "Akkadian",
			"period": "Neo-Assyrian",
			"pleiades_id": "894019",
			"popular_name": "RIMA 2 A.0.101.31",
			"primary_publication": "Ashurnasirpal II 031",
			"project": "riao",
			"provenience": "Nimrud (Kalhu)",
			"Q_designation": "Ashurnasirpal II 031",
			"riao_attribution": "Based on A. Kirk Grayson, Assyrian Rulers of the Early First Millennium BC I (1114-859 BC) (RIMA 2), Toronto,  1991. Adapted by Jamie Novotny (2015-16) and lemmatized and updated by Nathan Morello (2016-17) for the Alexander von Humboldt Foundation-funded OIMEA Project at the Historisches Seminar - Abteilung Alte Geschichte of Ludwig-Maximilians-Universität München. The annotated edition is released under the Creative Commons Attribution Share-Alike license 3.0.",
			"ruler": "Ashurnasirpal II",
			"subgenre": "Ashurnasirpal II",
			"subproject": "ria4",
			"supergenre": "LIT"
		},
		"geometry": {
			"type": "Point",
			"coordinates": [43.3275,36.099167]
		}
	}, {
		"type": "Feature",
		"properties": {
			"cite_as": "Please cite this page as http://oracc.org/riao/Q004486/.",
			"credits": "Based on A. Kirk Grayson, Assyrian Rulers of the Early First Millennium BC I (1114-859 BC) (RIMA 2), Toronto,  1991. Adapted by Jamie Novotny (2015-16) and lemmatized and updated by Nathan Morello (2016-17) for the Alexander von Humboldt Foundation-funded OIMEA Project at the Historisches Seminar - Abteilung Alte Geschichte of Ludwig-Maximilians-Universität München. The annotated edition is released under the Creative Commons Attribution Share-Alike license 3.0. Please cite this page as http://oracc.org/riao/Q004486/.",
			"designation": "Ashurnasirpal II 032",
			"display_name": "RINAP Ashurnasirpal II 032",
			"genre": "Royal Inscription",
			"id_composite": "Q004486",
			"language": "Akkadian",
			"period": "Neo-Assyrian",
			"pleiades_id": "894019",
			"popular_name": "RIMA 2 A.0.101.32",
			"primary_publication": "Ashurnasirpal II 032",
			"project": "riao",
			"provenience": "Nimrud (Kalhu)",
			"Q_designation": "Ashurnasirpal II 032",
			"riao_attribution": "Based on A. Kirk Grayson, Assyrian Rulers of the Early First Millennium BC I (1114-859 BC) (RIMA 2), Toronto,  1991. Adapted by Jamie Novotny (2015-16) and lemmatized and updated by Nathan Morello (2016-17) for the Alexander von Humboldt Foundation-funded OIMEA Project at the Historisches Seminar - Abteilung Alte Geschichte of Ludwig-Maximilians-Universität München. The annotated edition is released under the Creative Commons Attribution Share-Alike license 3.0.",
			"ruler": "Ashurnasirpal II",
			"subgenre": "Ashurnasirpal II",
			"subproject": "ria4",
			"supergenre": "LIT"
		},
		"geometry": {
			"type": "Point",
			"coordinates": [43.3275,36.099167]
		}
	}, {
		"type": "Feature",
		"properties": {
			"cdli_id": "P395614",
			"cite_as": "Please cite this page as http://oracc.org/riao/Q004487/.",
			"collection": "British Museum, London, UK",
			"credits": "Based on A. Kirk Grayson, Assyrian Rulers of the Early First Millennium BC I (1114-859 BC) (RIMA 2), Toronto,  1991. Adapted by Jamie Novotny (2015-16) and lemmatized and updated by Nathan Morello (2016-17) for the Alexander von Humboldt Foundation-funded OIMEA Project at the Historisches Seminar - Abteilung Alte Geschichte of Ludwig-Maximilians-Universität München. The annotated edition is released under the Creative Commons Attribution Share-Alike license 3.0. Please cite this page as http://oracc.org/riao/Q004487/.",
			"designation": "Ashurnasirpal II 033",
			"display_name": "RINAP Ashurnasirpal II 033",
			"exemplar_number": "1",
			"exemplars": "BM — (K 04526 + 1882-05-22, 0499)",
			"findspots": "Kuyunjik (Nineveh)",
			"genre": "Royal Inscription",
			"id_composite": "Q004487",
			"language": "Akkadian",
			"material": "clay",
			"object_type": "tablet",
			"period": "Neo-Assyrian",
			"pleiades_id": "874621",
			"popular_name": "RIMA 2 A.0.101.33",
			"primary_publication": "Ashurnasirpal II 033",
			"project": "riao",
			"provenience": "Kuyunjik (Nineveh)",
			"Q_designation": "Ashurnasirpal II 033",
			"riao_attribution": "Based on A. Kirk Grayson, Assyrian Rulers of the Early First Millennium BC I (1114-859 BC) (RIMA 2), Toronto,  1991. Adapted by Jamie Novotny (2015-16) and lemmatized and updated by Nathan Morello (2016-17) for the Alexander von Humboldt Foundation-funded OIMEA Project at the Historisches Seminar - Abteilung Alte Geschichte of Ludwig-Maximilians-Universität München. The annotated edition is released under the Creative Commons Attribution Share-Alike license 3.0.",
			"ruler": "Ashurnasirpal II",
			"subgenre": "Ashurnasirpal II",
			"subproject": "ria4",
			"supergenre": "LIT"
		},
		"geometry": {
			"type": "Point",
			"coordinates": [43.151937,36.358684]
		}
	}, {
		"type": "Feature",
		"properties": {
			"cdli_id": "P387761; P412629; P464430; P464431; P464432; P464433; P464434",
			"cite_as": "Please cite this page as http://oracc.org/riao/Q004488/.",
			"collection": "Musées royaux d’Art et d’Histoire, Brussels, Belgium; Rosicrucian Egyptian Museum, San Jose, California, USA; British Museum, London, UK; private: anonymous, unlocated; University of King’s College, Halifax, Nova Scotia, Canada",
			"credits": "Based on A. Kirk Grayson, Assyrian Rulers of the Early First Millennium BC I (1114-859 BC) (RIMA 2), Toronto,  1991. Adapted by Jamie Novotny (2015-16) and lemmatized and updated by Nathan Morello (2016-17) for the Alexander von Humboldt Foundation-funded OIMEA Project at the Historisches Seminar - Abteilung Alte Geschichte of Ludwig-Maximilians-Universität München. The annotated edition is released under the Creative Commons Attribution Share-Alike license 3.0. Please cite this page as http://oracc.org/riao/Q004488/.",
			"designation": "Ashurnasirpal II 034",
			"display_name": "RINAP Ashurnasirpal II 034",
			"exemplar_number": "7",
			"exemplars": "MRAH O.0276; RC 1801; BM 090982 (was BM 012115); BM 090979 (was BM 012112); BM 092985 (Rm 1092); Anonymous 464433; KC —",
			"findspots": "Nimrud (Kalhu)",
			"genre": "Royal Inscription",
			"id_composite": "Q004488",
			"language": "Akkadian",
			"material": "stone; stone: chalcedony; clay",
			"object_type": "slab; wall slab (with reliefs)",
			"period": "Neo-Assyrian",
			"pleiades_id": "894019",
			"popular_name": "RIMA 2 A.0.101.34",
			"primary_publication": "Ashurnasirpal II 034",
			"project": "riao",
			"provenience": "Nimrud (Kalhu)",
			"Q_designation": "Ashurnasirpal II 034",
			"riao_attribution": "Based on A. Kirk Grayson, Assyrian Rulers of the Early First Millennium BC I (1114-859 BC) (RIMA 2), Toronto,  1991. Adapted by Jamie Novotny (2015-16) and lemmatized and updated by Nathan Morello (2016-17) for the Alexander von Humboldt Foundation-funded OIMEA Project at the Historisches Seminar - Abteilung Alte Geschichte of Ludwig-Maximilians-Universität München. The annotated edition is released under the Creative Commons Attribution Share-Alike license 3.0.",
			"ruler": "Ashurnasirpal II",
			"subgenre": "Ashurnasirpal II",
			"subproject": "ria4",
			"supergenre": "LIT"
		},
		"geometry": {
			"type": "Point",
			"coordinates": [43.3275,36.099167]
		}
	}, {
		"type": "Feature",
		"properties": {
			"cdli_id": "P250452; P430805; P464435; P464436; P464437; P464438; P464439; P464440; P464441; P464442",
			"cite_as": "Please cite this page as http://oracc.org/riao/Q004489/.",
			"collection": "Schøyen Collection, Oslo, Norway; private: anonymous, unlocated; British Museum, London, UK; Musée de la Castre, Cannes, France",
			"credits": "Based on A. Kirk Grayson, Assyrian Rulers of the Early First Millennium BC I (1114-859 BC) (RIMA 2), Toronto,  1991. Adapted by Jamie Novotny (2015-16) and lemmatized and updated by Nathan Morello (2016-17) for the Alexander von Humboldt Foundation-funded OIMEA Project at the Historisches Seminar - Abteilung Alte Geschichte of Ludwig-Maximilians-Universität München. The annotated edition is released under the Creative Commons Attribution Share-Alike license 3.0. Please cite this page as http://oracc.org/riao/Q004489/.",
			"designation": "Ashurnasirpal II 035",
			"display_name": "RINAP Ashurnasirpal II 035",
			"exemplar_number": "10",
			"exemplars": "MS 0711; Anonymous 430805; BM 098066 (1903-10-12, 0004); BM — (E 365); BM — (E 375); BM — (E 325); BM — (E 380); BM — (E 021); L 564; L 566",
			"findspots": "Nimrud (Kalhu)",
			"genre": "Royal Inscription",
			"id_composite": "Q004489",
			"language": "Akkadian",
			"material": "stone: basalt; stone; clay",
			"object_type": "slab",
			"period": "Neo-Assyrian",
			"pleiades_id": "894019",
			"popular_name": "RIMA 2 A.0.101.35",
			"primary_publication": "Ashurnasirpal II 035",
			"project": "riao",
			"provenience": "Nimrud (Kalhu)",
			"Q_designation": "Ashurnasirpal II 035",
			"riao_attribution": "Based on A. Kirk Grayson, Assyrian Rulers of the Early First Millennium BC I (1114-859 BC) (RIMA 2), Toronto,  1991. Adapted by Jamie Novotny (2015-16) and lemmatized and updated by Nathan Morello (2016-17) for the Alexander von Humboldt Foundation-funded OIMEA Project at the Historisches Seminar - Abteilung Alte Geschichte of Ludwig-Maximilians-Universität München. The annotated edition is released under the Creative Commons Attribution Share-Alike license 3.0.",
			"ruler": "Ashurnasirpal II",
			"subgenre": "Ashurnasirpal II",
			"subproject": "ria4",
			"supergenre": "LIT"
		},
		"geometry": {
			"type": "Point",
			"coordinates": [43.3275,36.099167]
		}
	}, {
		"type": "Feature",
		"properties": {
			"cdli_id": "P464443; P464444; P464445",
			"cite_as": "Please cite this page as http://oracc.org/riao/Q004490/.",
			"collection": "British Museum, London, UK",
			"credits": "Based on A. Kirk Grayson, Assyrian Rulers of the Early First Millennium BC I (1114-859 BC) (RIMA 2), Toronto,  1991. Adapted by Jamie Novotny (2015-16) and lemmatized and updated by Nathan Morello (2016-17) for the Alexander von Humboldt Foundation-funded OIMEA Project at the Historisches Seminar - Abteilung Alte Geschichte of Ludwig-Maximilians-Universität München. The annotated edition is released under the Creative Commons Attribution Share-Alike license 3.0. Please cite this page as http://oracc.org/riao/Q004490/.",
			"designation": "Ashurnasirpal II 036",
			"display_name": "RINAP Ashurnasirpal II 036",
			"exemplar_number": "3",
			"exemplars": "BM — (Rm 1085); BM — (Rm 1084); BM — (Rm 1096)",
			"findspots": "Nimrud (Kalhu)",
			"genre": "Royal Inscription",
			"id_composite": "Q004490",
			"language": "Akkadian",
			"material": "clay",
			"object_type": "slab",
			"period": "Neo-Assyrian",
			"pleiades_id": "894019",
			"popular_name": "RIMA 2 A.0.101.36",
			"primary_publication": "Ashurnasirpal II 036",
			"project": "riao",
			"provenience": "Nimrud (Kalhu)",
			"Q_designation": "Ashurnasirpal II 036",
			"riao_attribution": "Based on A. Kirk Grayson, Assyrian Rulers of the Early First Millennium BC I (1114-859 BC) (RIMA 2), Toronto,  1991. Adapted by Jamie Novotny (2015-16) and lemmatized and updated by Nathan Morello (2016-17) for the Alexander von Humboldt Foundation-funded OIMEA Project at the Historisches Seminar - Abteilung Alte Geschichte of Ludwig-Maximilians-Universität München. The annotated edition is released under the Creative Commons Attribution Share-Alike license 3.0.",
			"ruler": "Ashurnasirpal II",
			"subgenre": "Ashurnasirpal II",
			"subproject": "ria4",
			"supergenre": "LIT"
		},
		"geometry": {
			"type": "Point",
			"coordinates": [43.3275,36.099167]
		}
	}, {
		"type": "Feature",
		"properties": {
			"cite_as": "Please cite this page as http://oracc.org/riao/Q004491/.",
			"credits": "Based on A. Kirk Grayson, Assyrian Rulers of the Early First Millennium BC I (1114-859 BC) (RIMA 2), Toronto,  1991. Adapted by Jamie Novotny (2015-16) and lemmatized and updated by Nathan Morello (2016-17) for the Alexander von Humboldt Foundation-funded OIMEA Project at the Historisches Seminar - Abteilung Alte Geschichte of Ludwig-Maximilians-Universität München. The annotated edition is released under the Creative Commons Attribution Share-Alike license 3.0. Please cite this page as http://oracc.org/riao/Q004491/.",
			"designation": "Ashurnasirpal II 037",
			"display_name": "RINAP Ashurnasirpal II 037",
			"genre": "Royal Inscription",
			"id_composite": "Q004491",
			"language": "Akkadian",
			"period": "Neo-Assyrian",
			"pleiades_id": "894019",
			"popular_name": "RIMA 2 A.0.101.37",
			"primary_publication": "Ashurnasirpal II 037",
			"project": "riao",
			"provenience": "Nimrud (Kalhu)",
			"Q_designation": "Ashurnasirpal II 037",
			"riao_attribution": "Based on A. Kirk Grayson, Assyrian Rulers of the Early First Millennium BC I (1114-859 BC) (RIMA 2), Toronto,  1991. Adapted by Jamie Novotny (2015-16) and lemmatized and updated by Nathan Morello (2016-17) for the Alexander von Humboldt Foundation-funded OIMEA Project at the Historisches Seminar - Abteilung Alte Geschichte of Ludwig-Maximilians-Universität München. The annotated edition is released under the Creative Commons Attribution Share-Alike license 3.0.",
			"ruler": "Ashurnasirpal II",
			"subgenre": "Ashurnasirpal II",
			"subproject": "ria4",
			"supergenre": "LIT"
		},
		"geometry": {
			"type": "Point",
			"coordinates": [43.3275,36.099167]
		}
	}, {
		"type": "Feature",
		"properties": {
			"cdli_id": "P464446; P464447; P464448; P464449; P464450; P464451; P464452; P464453; P464454; P464455; P464456; P464457; P464458; P464459; P464460; P464461; P464462; P464463; P464464; P464465; P464466; P464467; P464468; P464469; P464470",
			"cite_as": "Please cite this page as http://oracc.org/riao/Q004492/.",
			"collection": "British Museum, London, UK",
			"credits": "Based on A. Kirk Grayson, Assyrian Rulers of the Early First Millennium BC I (1114-859 BC) (RIMA 2), Toronto,  1991. Adapted by Jamie Novotny (2015-16) and lemmatized and updated by Nathan Morello (2016-17) for the Alexander von Humboldt Foundation-funded OIMEA Project at the Historisches Seminar - Abteilung Alte Geschichte of Ludwig-Maximilians-Universität München. The annotated edition is released under the Creative Commons Attribution Share-Alike license 3.0. Please cite this page as http://oracc.org/riao/Q004492/.",
			"designation": "Ashurnasirpal II 038",
			"display_name": "RINAP Ashurnasirpal II 038",
			"exemplar_number": "25",
			"exemplars": "BM 092986 (Rm 0856); BM — (Rm 0857); BM — (Rm 0858); BM — (Rm 0859); BM — (Rm 0860); BM — (Rm 0861); BM — (Rm 0862); BM — (Rm 0865); BM — (Rm 0866); BM — (Rm 0867); BM — (Rm 0868); BM — (Rm 0869); BM — (Rm 0871); BM — (Rm 0873); BM — (Rm 0874 + Rm 0883); BM — (Rm 0875); BM — (Rm 0878); BM — (Rm 0888); BM — (Rm 0890); BM — (Rm 0892); BM — (Rm 0895); BM — (Rm 0896); BM — (Rm 0900); BM — (Rm 0901); BM — (Rm 2, 608)",
			"findspots": "Nimrud (Kalhu)",
			"genre": "Royal Inscription",
			"id_composite": "Q004492",
			"language": "Akkadian",
			"material": "stone",
			"object_type": "tablet",
			"period": "Neo-Assyrian",
			"pleiades_id": "894019",
			"popular_name": "RIMA 2 A.0.101.38",
			"primary_publication": "Ashurnasirpal II 038",
			"project": "riao",
			"provenience": "Nimrud (Kalhu)",
			"Q_designation": "Ashurnasirpal II 038",
			"riao_attribution": "Based on A. Kirk Grayson, Assyrian Rulers of the Early First Millennium BC I (1114-859 BC) (RIMA 2), Toronto,  1991. Adapted by Jamie Novotny (2015-16) and lemmatized and updated by Nathan Morello (2016-17) for the Alexander von Humboldt Foundation-funded OIMEA Project at the Historisches Seminar - Abteilung Alte Geschichte of Ludwig-Maximilians-Universität München. The annotated edition is released under the Creative Commons Attribution Share-Alike license 3.0.",
			"ruler": "Ashurnasirpal II",
			"subgenre": "Ashurnasirpal II",
			"subproject": "ria4",
			"supergenre": "LIT"
		},
		"geometry": {
			"type": "Point",
			"coordinates": [43.3275,36.099167]
		}
	}, {
		"type": "Feature",
		"properties": {
			"cdli_id": "P464471",
			"cite_as": "Please cite this page as http://oracc.org/riao/Q004493/.",
			"collection": "British Museum, London, UK",
			"credits": "Based on A. Kirk Grayson, Assyrian Rulers of the Early First Millennium BC I (1114-859 BC) (RIMA 2), Toronto,  1991. Adapted by Jamie Novotny (2015-16) and lemmatized and updated by Nathan Morello (2016-17) for the Alexander von Humboldt Foundation-funded OIMEA Project at the Historisches Seminar - Abteilung Alte Geschichte of Ludwig-Maximilians-Universität München. The annotated edition is released under the Creative Commons Attribution Share-Alike license 3.0. Please cite this page as http://oracc.org/riao/Q004493/.",
			"designation": "Ashurnasirpal II 039",
			"display_name": "RINAP Ashurnasirpal II 039",
			"exemplar_number": "1",
			"exemplars": "BM 118871",
			"findspots": "Nimrud (Kalhu)",
			"genre": "Royal Inscription",
			"id_composite": "Q004493",
			"language": "Akkadian",
			"material": "stone",
			"object_type": "statue",
			"period": "Neo-Assyrian",
			"pleiades_id": "894019",
			"popular_name": "RIMA 2 A.0.101.39",
			"primary_publication": "Ashurnasirpal II 039",
			"project": "riao",
			"provenience": "Nimrud (Kalhu)",
			"Q_designation": "Ashurnasirpal II 039",
			"riao_attribution": "Based on A. Kirk Grayson, Assyrian Rulers of the Early First Millennium BC I (1114-859 BC) (RIMA 2), Toronto,  1991. Adapted by Jamie Novotny (2015-16) and lemmatized and updated by Nathan Morello (2016-17) for the Alexander von Humboldt Foundation-funded OIMEA Project at the Historisches Seminar - Abteilung Alte Geschichte of Ludwig-Maximilians-Universität München. The annotated edition is released under the Creative Commons Attribution Share-Alike license 3.0.",
			"ruler": "Ashurnasirpal II",
			"subgenre": "Ashurnasirpal II",
			"subproject": "ria4",
			"supergenre": "LIT"
		},
		"geometry": {
			"type": "Point",
			"coordinates": [43.3275,36.099167]
		}
	}, {
		"type": "Feature",
		"properties": {
			"cdli_id": "P464472; P464473; P464474; P464475; P464476; P464477; P464478; P464479; P464480; P464481; P464482; P464483; P464484; P464485; P464486; P464487; P464488; P464489; P464490; P464491; P464492; P464493; P464494; P464495; P464496; P464497; P464498; P464499; P464500; P464501; P464502",
			"cite_as": "Please cite this page as http://oracc.org/riao/Q004494/.",
			"collection": "Birmingham Museums and Art Gallery, Birmingham, UK; unlocated; National Museum of Iraq, Baghdad, Iraq",
			"credits": "Based on A. Kirk Grayson, Assyrian Rulers of the Early First Millennium BC I (1114-859 BC) (RIMA 2), Toronto,  1991. Adapted by Jamie Novotny (2015-16) and lemmatized and updated by Nathan Morello (2016-17) for the Alexander von Humboldt Foundation-funded OIMEA Project at the Historisches Seminar - Abteilung Alte Geschichte of Ludwig-Maximilians-Universität München. The annotated edition is released under the Creative Commons Attribution Share-Alike license 3.0. Please cite this page as http://oracc.org/riao/Q004494/.",
			"designation": "Ashurnasirpal II 040",
			"display_name": "RINAP Ashurnasirpal II 040",
			"exemplar_number": "31",
			"exemplars": "A.0118_1932a; A.0118_1932b; A.0118_1932c; unknown; IM —; A.0222_0078; A.0224_0078; A.0370_0079 + A.0371_0079 + A.0893_0079; A.0223_0078",
			"findspots": "Kuyunjik (Nineveh)",
			"genre": "Royal Inscription",
			"id_composite": "Q004494",
			"language": "Akkadian",
			"material": "clay",
			"object_type": "wall slab (with reliefs)",
			"period": "Neo-Assyrian",
			"pleiades_id": "874621",
			"popular_name": "RIMA 2 A.0.101.40",
			"primary_publication": "Ashurnasirpal II 040",
			"project": "riao",
			"provenience": "Kuyunjik (Nineveh)",
			"Q_designation": "Ashurnasirpal II 040",
			"riao_attribution": "Based on A. Kirk Grayson, Assyrian Rulers of the Early First Millennium BC I (1114-859 BC) (RIMA 2), Toronto,  1991. Adapted by Jamie Novotny (2015-16) and lemmatized and updated by Nathan Morello (2016-17) for the Alexander von Humboldt Foundation-funded OIMEA Project at the Historisches Seminar - Abteilung Alte Geschichte of Ludwig-Maximilians-Universität München. The annotated edition is released under the Creative Commons Attribution Share-Alike license 3.0.",
			"ruler": "Ashurnasirpal II",
			"subgenre": "Ashurnasirpal II",
			"subproject": "ria4",
			"supergenre": "LIT"
		},
		"geometry": {
			"type": "Point",
			"coordinates": [43.151937,36.358684]
		}
	}, {
		"type": "Feature",
		"properties": {
			"cdli_id": "P464503; P464504; P464505; P464506; P464507",
			"cite_as": "Please cite this page as http://oracc.org/riao/Q004495/.",
			"collection": "unlocated",
			"credits": "Based on A. Kirk Grayson, Assyrian Rulers of the Early First Millennium BC I (1114-859 BC) (RIMA 2), Toronto,  1991. Adapted by Jamie Novotny (2015-16) and lemmatized and updated by Nathan Morello (2016-17) for the Alexander von Humboldt Foundation-funded OIMEA Project at the Historisches Seminar - Abteilung Alte Geschichte of Ludwig-Maximilians-Universität München. The annotated edition is released under the Creative Commons Attribution Share-Alike license 3.0. Please cite this page as http://oracc.org/riao/Q004495/.",
			"designation": "Ashurnasirpal II 041",
			"display_name": "RINAP Ashurnasirpal II 041",
			"exemplar_number": "5",
			"exemplars": "unknown",
			"findspots": "Kuyunjik (Nineveh)",
			"genre": "Royal Inscription",
			"id_composite": "Q004495",
			"language": "Akkadian",
			"material": "clay",
			"object_type": "wall slab (with reliefs)",
			"period": "Neo-Assyrian",
			"pleiades_id": "874621",
			"popular_name": "RIMA 2 A.0.101.41",
			"primary_publication": "Ashurnasirpal II 041",
			"project": "riao",
			"provenience": "Kuyunjik (Nineveh)",
			"Q_designation": "Ashurnasirpal II 041",
			"riao_attribution": "Based on A. Kirk Grayson, Assyrian Rulers of the Early First Millennium BC I (1114-859 BC) (RIMA 2), Toronto,  1991. Adapted by Jamie Novotny (2015-16) and lemmatized and updated by Nathan Morello (2016-17) for the Alexander von Humboldt Foundation-funded OIMEA Project at the Historisches Seminar - Abteilung Alte Geschichte of Ludwig-Maximilians-Universität München. The annotated edition is released under the Creative Commons Attribution Share-Alike license 3.0.",
			"ruler": "Ashurnasirpal II",
			"subgenre": "Ashurnasirpal II",
			"subproject": "ria4",
			"supergenre": "LIT"
		},
		"geometry": {
			"type": "Point",
			"coordinates": [43.151937,36.358684]
		}
	}, {
		"type": "Feature",
		"properties": {
			"cdli_id": "P464508; P464509",
			"cite_as": "Please cite this page as http://oracc.org/riao/Q004496/.",
			"collection": "Birmingham Museums and Art Gallery, Birmingham, UK",
			"credits": "Based on A. Kirk Grayson, Assyrian Rulers of the Early First Millennium BC I (1114-859 BC) (RIMA 2), Toronto,  1991. Adapted by Jamie Novotny (2015-16) and lemmatized and updated by Nathan Morello (2016-17) for the Alexander von Humboldt Foundation-funded OIMEA Project at the Historisches Seminar - Abteilung Alte Geschichte of Ludwig-Maximilians-Universität München. The annotated edition is released under the Creative Commons Attribution Share-Alike license 3.0. Please cite this page as http://oracc.org/riao/Q004496/.",
			"designation": "Ashurnasirpal II 042",
			"display_name": "RINAP Ashurnasirpal II 042",
			"exemplar_number": "2",
			"exemplars": "A.0229_0078; A.0228_0078",
			"findspots": "Kuyunjik (Nineveh)",
			"genre": "Royal Inscription",
			"id_composite": "Q004496",
			"language": "Akkadian",
			"material": "clay",
			"object_type": "wall slab (with reliefs)",
			"period": "Neo-Assyrian",
			"pleiades_id": "874621",
			"popular_name": "RIMA 2 A.0.101.42",
			"primary_publication": "Ashurnasirpal II 042",
			"project": "riao",
			"provenience": "Kuyunjik (Nineveh)",
			"Q_designation": "Ashurnasirpal II 042",
			"riao_attribution": "Based on A. Kirk Grayson, Assyrian Rulers of the Early First Millennium BC I (1114-859 BC) (RIMA 2), Toronto,  1991. Adapted by Jamie Novotny (2015-16) and lemmatized and updated by Nathan Morello (2016-17) for the Alexander von Humboldt Foundation-funded OIMEA Project at the Historisches Seminar - Abteilung Alte Geschichte of Ludwig-Maximilians-Universität München. The annotated edition is released under the Creative Commons Attribution Share-Alike license 3.0.",
			"ruler": "Ashurnasirpal II",
			"subgenre": "Ashurnasirpal II",
			"subproject": "ria4",
			"supergenre": "LIT"
		},
		"geometry": {
			"type": "Point",
			"coordinates": [43.151937,36.358684]
		}
	}, {
		"type": "Feature",
		"properties": {
			"cite_as": "Please cite this page as http://oracc.org/riao/Q004497/.",
			"credits": "Based on A. Kirk Grayson, Assyrian Rulers of the Early First Millennium BC I (1114-859 BC) (RIMA 2), Toronto,  1991. Adapted by Jamie Novotny (2015-16) and lemmatized and updated by Nathan Morello (2016-17) for the Alexander von Humboldt Foundation-funded OIMEA Project at the Historisches Seminar - Abteilung Alte Geschichte of Ludwig-Maximilians-Universität München. The annotated edition is released under the Creative Commons Attribution Share-Alike license 3.0. Please cite this page as http://oracc.org/riao/Q004497/.",
			"designation": "Ashurnasirpal II 043",
			"display_name": "RINAP Ashurnasirpal II 043",
			"genre": "Royal Inscription",
			"id_composite": "Q004497",
			"language": "Akkadian",
			"period": "Neo-Assyrian",
			"pleiades_id": "874621",
			"popular_name": "RIMA 2 A.0.101.43",
			"primary_publication": "Ashurnasirpal II 043",
			"project": "riao",
			"provenience": "Kuyunjik (Nineveh)",
			"Q_designation": "Ashurnasirpal II 043",
			"riao_attribution": "Based on A. Kirk Grayson, Assyrian Rulers of the Early First Millennium BC I (1114-859 BC) (RIMA 2), Toronto,  1991. Adapted by Jamie Novotny (2015-16) and lemmatized and updated by Nathan Morello (2016-17) for the Alexander von Humboldt Foundation-funded OIMEA Project at the Historisches Seminar - Abteilung Alte Geschichte of Ludwig-Maximilians-Universität München. The annotated edition is released under the Creative Commons Attribution Share-Alike license 3.0.",
			"ruler": "Ashurnasirpal II",
			"subgenre": "Ashurnasirpal II",
			"subproject": "ria4",
			"supergenre": "LIT"
		},
		"geometry": {
			"type": "Point",
			"coordinates": [43.151937,36.358684]
		}
	}, {
		"type": "Feature",
		"properties": {
			"cite_as": "Please cite this page as http://oracc.org/riao/Q004498/.",
			"credits": "Based on A. Kirk Grayson, Assyrian Rulers of the Early First Millennium BC I (1114-859 BC) (RIMA 2), Toronto,  1991. Adapted by Jamie Novotny (2015-16) and lemmatized and updated by Nathan Morello (2016-17) for the Alexander von Humboldt Foundation-funded OIMEA Project at the Historisches Seminar - Abteilung Alte Geschichte of Ludwig-Maximilians-Universität München. The annotated edition is released under the Creative Commons Attribution Share-Alike license 3.0. Please cite this page as http://oracc.org/riao/Q004498/.",
			"designation": "Ashurnasirpal II 044",
			"display_name": "RINAP Ashurnasirpal II 044",
			"genre": "Royal Inscription",
			"id_composite": "Q004498",
			"language": "Akkadian",
			"period": "Neo-Assyrian",
			"pleiades_id": "874621",
			"popular_name": "RIMA 2 A.0.101.44",
			"primary_publication": "Ashurnasirpal II 044",
			"project": "riao",
			"provenience": "Kuyunjik (Nineveh)",
			"Q_designation": "Ashurnasirpal II 044",
			"riao_attribution": "Based on A. Kirk Grayson, Assyrian Rulers of the Early First Millennium BC I (1114-859 BC) (RIMA 2), Toronto,  1991. Adapted by Jamie Novotny (2015-16) and lemmatized and updated by Nathan Morello (2016-17) for the Alexander von Humboldt Foundation-funded OIMEA Project at the Historisches Seminar - Abteilung Alte Geschichte of Ludwig-Maximilians-Universität München. The annotated edition is released under the Creative Commons Attribution Share-Alike license 3.0.",
			"ruler": "Ashurnasirpal II",
			"subgenre": "Ashurnasirpal II",
			"subproject": "ria4",
			"supergenre": "LIT"
		},
		"geometry": {
			"type": "Point",
			"coordinates": [43.151937,36.358684]
		}
	}, {
		"type": "Feature",
		"properties": {
			"cdli_id": "P464510; P464511; P464512; P464513; P464514",
			"cite_as": "Please cite this page as http://oracc.org/riao/Q004499/.",
			"collection": "unlocated; Birmingham Museums and Art Gallery, Birmingham, UK",
			"credits": "Based on A. Kirk Grayson, Assyrian Rulers of the Early First Millennium BC I (1114-859 BC) (RIMA 2), Toronto,  1991. Adapted by Jamie Novotny (2015-16) and lemmatized and updated by Nathan Morello (2016-17) for the Alexander von Humboldt Foundation-funded OIMEA Project at the Historisches Seminar - Abteilung Alte Geschichte of Ludwig-Maximilians-Universität München. The annotated edition is released under the Creative Commons Attribution Share-Alike license 3.0. Please cite this page as http://oracc.org/riao/Q004499/.",
			"designation": "Ashurnasirpal II 045",
			"display_name": "RINAP Ashurnasirpal II 045",
			"exemplar_number": "5",
			"exemplars": "unknown; A.0230_0078",
			"findspots": "Kuyunjik (Nineveh)",
			"genre": "Royal Inscription",
			"id_composite": "Q004499",
			"language": "Akkadian",
			"material": "clay",
			"object_type": "wall slab (with reliefs)",
			"period": "Neo-Assyrian",
			"pleiades_id": "874621",
			"popular_name": "RIMA 2 A.0.101.45",
			"primary_publication": "Ashurnasirpal II 045",
			"project": "riao",
			"provenience": "Kuyunjik (Nineveh)",
			"Q_designation": "Ashurnasirpal II 045",
			"riao_attribution": "Based on A. Kirk Grayson, Assyrian Rulers of the Early First Millennium BC I (1114-859 BC) (RIMA 2), Toronto,  1991. Adapted by Jamie Novotny (2015-16) and lemmatized and updated by Nathan Morello (2016-17) for the Alexander von Humboldt Foundation-funded OIMEA Project at the Historisches Seminar - Abteilung Alte Geschichte of Ludwig-Maximilians-Universität München. The annotated edition is released under the Creative Commons Attribution Share-Alike license 3.0.",
			"ruler": "Ashurnasirpal II",
			"subgenre": "Ashurnasirpal II",
			"subproject": "ria4",
			"supergenre": "LIT"
		},
		"geometry": {
			"type": "Point",
			"coordinates": [43.151937,36.358684]
		}
	}, {
		"type": "Feature",
		"properties": {
			"cite_as": "Please cite this page as http://oracc.org/riao/Q004500/.",
			"credits": "Based on A. Kirk Grayson, Assyrian Rulers of the Early First Millennium BC I (1114-859 BC) (RIMA 2), Toronto,  1991. Adapted by Jamie Novotny (2015-16) and lemmatized and updated by Nathan Morello (2016-17) for the Alexander von Humboldt Foundation-funded OIMEA Project at the Historisches Seminar - Abteilung Alte Geschichte of Ludwig-Maximilians-Universität München. The annotated edition is released under the Creative Commons Attribution Share-Alike license 3.0. Please cite this page as http://oracc.org/riao/Q004500/.",
			"designation": "Ashurnasirpal II 046",
			"display_name": "RINAP Ashurnasirpal II 046",
			"genre": "Royal Inscription",
			"id_composite": "Q004500",
			"language": "Akkadian",
			"period": "Neo-Assyrian",
			"pleiades_id": "874621",
			"popular_name": "RIMA 2 A.0.100.46",
			"primary_publication": "Ashurnasirpal II 046",
			"project": "riao",
			"provenience": "Kuyunjik (Nineveh)",
			"Q_designation": "Ashurnasirpal II 046",
			"riao_attribution": "Based on A. Kirk Grayson, Assyrian Rulers of the Early First Millennium BC I (1114-859 BC) (RIMA 2), Toronto,  1991. Adapted by Jamie Novotny (2015-16) and lemmatized and updated by Nathan Morello (2016-17) for the Alexander von Humboldt Foundation-funded OIMEA Project at the Historisches Seminar - Abteilung Alte Geschichte of Ludwig-Maximilians-Universität München. The annotated edition is released under the Creative Commons Attribution Share-Alike license 3.0.",
			"ruler": "Ashurnasirpal II",
			"subgenre": "Ashurnasirpal II",
			"subproject": "ria4",
			"supergenre": "LIT"
		},
		"geometry": {
			"type": "Point",
			"coordinates": [43.151937,36.358684]
		}
	}, {
		"type": "Feature",
		"properties": {
			"cdli_id": "P394660; P400494",
			"cite_as": "Please cite this page as http://oracc.org/riao/Q004501/.",
			"collection": "British Museum, London, UK",
			"credits": "Based on A. Kirk Grayson, Assyrian Rulers of the Early First Millennium BC I (1114-859 BC) (RIMA 2), Toronto,  1991. Adapted by Jamie Novotny (2015-16) and lemmatized and updated by Nathan Morello (2016-17) for the Alexander von Humboldt Foundation-funded OIMEA Project at the Historisches Seminar - Abteilung Alte Geschichte of Ludwig-Maximilians-Universität München. The annotated edition is released under the Creative Commons Attribution Share-Alike license 3.0. Please cite this page as http://oracc.org/riao/Q004501/.",
			"designation": "Ashurnasirpal II 047",
			"display_name": "RINAP Ashurnasirpal II 047",
			"exemplar_number": "2",
			"exemplars": "BM — (K 02763); BM — (K 13835)",
			"findspots": "Kuyunjik (Nineveh)",
			"genre": "Royal Inscription",
			"id_composite": "Q004501",
			"language": "Akkadian",
			"material": "clay",
			"object_type": "tablet",
			"period": "Neo-Assyrian",
			"pleiades_id": "874621",
			"popular_name": "RIMA 2 A.0.101.47",
			"primary_publication": "Ashurnasirpal II 047",
			"project": "riao",
			"provenience": "Kuyunjik (Nineveh)",
			"Q_designation": "Ashurnasirpal II 047",
			"riao_attribution": "Based on A. Kirk Grayson, Assyrian Rulers of the Early First Millennium BC I (1114-859 BC) (RIMA 2), Toronto,  1991. Adapted by Jamie Novotny (2015-16) and lemmatized and updated by Nathan Morello (2016-17) for the Alexander von Humboldt Foundation-funded OIMEA Project at the Historisches Seminar - Abteilung Alte Geschichte of Ludwig-Maximilians-Universität München. The annotated edition is released under the Creative Commons Attribution Share-Alike license 3.0.",
			"ruler": "Ashurnasirpal II",
			"subgenre": "Ashurnasirpal II",
			"subproject": "ria4",
			"supergenre": "LIT"
		},
		"geometry": {
			"type": "Point",
			"coordinates": [43.151937,36.358684]
		}
	}, {
		"type": "Feature",
		"properties": {
			"cdli_id": "P401281",
			"cite_as": "Please cite this page as http://oracc.org/riao/Q004502/.",
			"collection": "British Museum, London, UK",
			"credits": "Based on A. Kirk Grayson, Assyrian Rulers of the Early First Millennium BC I (1114-859 BC) (RIMA 2), Toronto,  1991. Adapted by Jamie Novotny (2015-16) and lemmatized and updated by Nathan Morello (2016-17) for the Alexander von Humboldt Foundation-funded OIMEA Project at the Historisches Seminar - Abteilung Alte Geschichte of Ludwig-Maximilians-Universität München. The annotated edition is released under the Creative Commons Attribution Share-Alike license 3.0. Please cite this page as http://oracc.org/riao/Q004502/.",
			"designation": "Ashurnasirpal II 048",
			"display_name": "RINAP Ashurnasirpal II 048",
			"exemplar_number": "1",
			"exemplars": "BM — (K 15273)",
			"findspots": "Kuyunjik (Nineveh)",
			"genre": "Royal Inscription",
			"id_composite": "Q004502",
			"language": "Akkadian",
			"material": "clay",
			"object_type": "tablet",
			"period": "Neo-Assyrian",
			"pleiades_id": "874621",
			"popular_name": "RIMA 2 A.0.101.48",
			"primary_publication": "Ashurnasirpal II 048",
			"project": "riao",
			"provenience": "Kuyunjik (Nineveh)",
			"Q_designation": "Ashurnasirpal II 048",
			"riao_attribution": "Based on A. Kirk Grayson, Assyrian Rulers of the Early First Millennium BC I (1114-859 BC) (RIMA 2), Toronto,  1991. Adapted by Jamie Novotny (2015-16) and lemmatized and updated by Nathan Morello (2016-17) for the Alexander von Humboldt Foundation-funded OIMEA Project at the Historisches Seminar - Abteilung Alte Geschichte of Ludwig-Maximilians-Universität München. The annotated edition is released under the Creative Commons Attribution Share-Alike license 3.0.",
			"ruler": "Ashurnasirpal II",
			"subgenre": "Ashurnasirpal II",
			"subproject": "ria4",
			"supergenre": "LIT"
		},
		"geometry": {
			"type": "Point",
			"coordinates": [43.151937,36.358684]
		}
	}, {
		"type": "Feature",
		"properties": {
			"cdli_id": "P371245",
			"cite_as": "Please cite this page as http://oracc.org/riao/Q004503/.",
			"collection": "Vorderasiatisches Museum, Berlin, Germany",
			"credits": "Based on A. Kirk Grayson, Assyrian Rulers of the Early First Millennium BC I (1114-859 BC) (RIMA 2), Toronto,  1991. Adapted by Jamie Novotny (2015-16) and lemmatized and updated by Nathan Morello (2016-17) for the Alexander von Humboldt Foundation-funded OIMEA Project at the Historisches Seminar - Abteilung Alte Geschichte of Ludwig-Maximilians-Universität München. The annotated edition is released under the Creative Commons Attribution Share-Alike license 3.0. Please cite this page as http://oracc.org/riao/Q004503/.",
			"designation": "Ashurnasirpal II 049",
			"display_name": "RINAP Ashurnasirpal II 049",
			"exemplar_number": "1",
			"exemplars": "VA 02889",
			"findspots": "Kuyunjik (Nineveh)",
			"genre": "Royal Inscription",
			"id_composite": "Q004503",
			"language": "Akkadian",
			"material": "stone",
			"object_type": "tablet",
			"period": "Neo-Assyrian",
			"pleiades_id": "874621",
			"popular_name": "RIMA 2 A.0.101.49",
			"primary_publication": "Ashurnasirpal II 049",
			"project": "riao",
			"provenience": "Kuyunjik (Nineveh)",
			"Q_designation": "Ashurnasirpal II 049",
			"riao_attribution": "Based on A. Kirk Grayson, Assyrian Rulers of the Early First Millennium BC I (1114-859 BC) (RIMA 2), Toronto,  1991. Adapted by Jamie Novotny (2015-16) and lemmatized and updated by Nathan Morello (2016-17) for the Alexander von Humboldt Foundation-funded OIMEA Project at the Historisches Seminar - Abteilung Alte Geschichte of Ludwig-Maximilians-Universität München. The annotated edition is released under the Creative Commons Attribution Share-Alike license 3.0.",
			"ruler": "Ashurnasirpal II",
			"subgenre": "Ashurnasirpal II",
			"subproject": "ria4",
			"supergenre": "LIT"
		},
		"geometry": {
			"type": "Point",
			"coordinates": [43.151937,36.358684]
		}
	}, {
		"type": "Feature",
		"properties": {
			"cdli_id": "P464515; P464516; P464517; P464518",
			"cite_as": "Please cite this page as http://oracc.org/riao/Q004504/.",
			"collection": "British Museum, London, UK; unlocated",
			"credits": "Based on A. Kirk Grayson, Assyrian Rulers of the Early First Millennium BC I (1114-859 BC) (RIMA 2), Toronto,  1991. Adapted by Jamie Novotny (2015-16) and lemmatized and updated by Nathan Morello (2016-17) for the Alexander von Humboldt Foundation-funded OIMEA Project at the Historisches Seminar - Abteilung Alte Geschichte of Ludwig-Maximilians-Universität München. The annotated edition is released under the Creative Commons Attribution Share-Alike license 3.0. Please cite this page as http://oracc.org/riao/Q004504/.",
			"designation": "Ashurnasirpal II 050",
			"display_name": "RINAP Ashurnasirpal II 050",
			"exemplar_number": "4",
			"exemplars": "BM 090980 (Rm 1082); BM 090981 (Rm 1083); BM 135121 (Rm 1081); unknown",
			"findspots": "Balawat (Imgur-Enlil)",
			"genre": "Royal Inscription",
			"id_composite": "Q004504",
			"language": "Akkadian",
			"material": "stone; clay",
			"object_type": "tablet",
			"period": "Neo-Assyrian",
			"pleiades_id": "90032637",
			"popular_name": "RIMA 2 A.0.101.50",
			"primary_publication": "Ashurnasirpal II 050",
			"project": "riao",
			"provenience": "Balawat (Imgur-Enlil)",
			"Q_designation": "Ashurnasirpal II 050",
			"riao_attribution": "Based on A. Kirk Grayson, Assyrian Rulers of the Early First Millennium BC I (1114-859 BC) (RIMA 2), Toronto,  1991. Adapted by Jamie Novotny (2015-16) and lemmatized and updated by Nathan Morello (2016-17) for the Alexander von Humboldt Foundation-funded OIMEA Project at the Historisches Seminar - Abteilung Alte Geschichte of Ludwig-Maximilians-Universität München. The annotated edition is released under the Creative Commons Attribution Share-Alike license 3.0.",
			"ruler": "Ashurnasirpal II",
			"subgenre": "Ashurnasirpal II",
			"subproject": "ria4",
			"supergenre": "LIT"
		},
		"geometry": {
			"type": "Point",
			"coordinates": [43.414221,36.221946]
		}
	}, {
		"type": "Feature",
		"properties": {
			"cdli_id": "P464519; P464520",
			"cite_as": "Please cite this page as http://oracc.org/riao/Q004505/.",
			"collection": "British Museum, London, UK",
			"credits": "Based on A. Kirk Grayson, Assyrian Rulers of the Early First Millennium BC I (1114-859 BC) (RIMA 2), Toronto,  1991. Adapted by Jamie Novotny (2015-16) and lemmatized and updated by Nathan Morello (2016-17) for the Alexander von Humboldt Foundation-funded OIMEA Project at the Historisches Seminar - Abteilung Alte Geschichte of Ludwig-Maximilians-Universität München. The annotated edition is released under the Creative Commons Attribution Share-Alike license 3.0. Please cite this page as http://oracc.org/riao/Q004505/.",
			"designation": "Ashurnasirpal II 051",
			"display_name": "RINAP Ashurnasirpal II 051",
			"exemplar_number": "2",
			"exemplars": "BM 124677 &amp; BM 124678 (Rm 1057 &amp; Rm 1058); BM 124676 (Rm 1056)",
			"findspots": "Balawat (Imgur-Enlil)",
			"genre": "Royal Inscription",
			"id_composite": "Q004505",
			"language": "Akkadian",
			"material": "metal: bronze",
			"object_type": "band",
			"period": "Neo-Assyrian",
			"pleiades_id": "90032637",
			"popular_name": "RIMA 2 A.0.101.51",
			"primary_publication": "Ashurnasirpal II 051",
			"project": "riao",
			"provenience": "Balawat (Imgur-Enlil)",
			"Q_designation": "Ashurnasirpal II 051",
			"riao_attribution": "Based on A. Kirk Grayson, Assyrian Rulers of the Early First Millennium BC I (1114-859 BC) (RIMA 2), Toronto,  1991. Adapted by Jamie Novotny (2015-16) and lemmatized and updated by Nathan Morello (2016-17) for the Alexander von Humboldt Foundation-funded OIMEA Project at the Historisches Seminar - Abteilung Alte Geschichte of Ludwig-Maximilians-Universität München. The annotated edition is released under the Creative Commons Attribution Share-Alike license 3.0.",
			"ruler": "Ashurnasirpal II",
			"subgenre": "Ashurnasirpal II",
			"subproject": "ria4",
			"supergenre": "LIT"
		},
		"geometry": {
			"type": "Point",
			"coordinates": [43.414221,36.221946]
		}
	}, {
		"type": "Feature",
		"properties": {
			"cdli_id": "P464521",
			"cite_as": "Please cite this page as http://oracc.org/riao/Q004506/.",
			"collection": "unlocated",
			"credits": "Based on A. Kirk Grayson, Assyrian Rulers of the Early First Millennium BC I (1114-859 BC) (RIMA 2), Toronto,  1991. Adapted by Jamie Novotny (2015-16) and lemmatized and updated by Nathan Morello (2016-17) for the Alexander von Humboldt Foundation-funded OIMEA Project at the Historisches Seminar - Abteilung Alte Geschichte of Ludwig-Maximilians-Universität München. The annotated edition is released under the Creative Commons Attribution Share-Alike license 3.0. Please cite this page as http://oracc.org/riao/Q004506/.",
			"designation": "Ashurnasirpal II 052",
			"display_name": "RINAP Ashurnasirpal II 052",
			"exemplar_number": "1",
			"exemplars": "unknown (Ass 20371)",
			"findspots": "Qalat Sherqat (Assur)",
			"genre": "Royal Inscription",
			"id_composite": "Q004506",
			"language": "Akkadian",
			"material": "stone",
			"object_type": "wall slab (with reliefs)",
			"period": "Neo-Assyrian",
			"pleiades_id": "893945",
			"popular_name": "RIMA 2 A.0.101.52",
			"primary_publication": "Ashurnasirpal II 052",
			"project": "riao",
			"provenience": "Qalat Sherqat (Assur)",
			"Q_designation": "Ashurnasirpal II 052",
			"riao_attribution": "Based on A. Kirk Grayson, Assyrian Rulers of the Early First Millennium BC I (1114-859 BC) (RIMA 2), Toronto,  1991. Adapted by Jamie Novotny (2015-16) and lemmatized and updated by Nathan Morello (2016-17) for the Alexander von Humboldt Foundation-funded OIMEA Project at the Historisches Seminar - Abteilung Alte Geschichte of Ludwig-Maximilians-Universität München. The annotated edition is released under the Creative Commons Attribution Share-Alike license 3.0.",
			"ruler": "Ashurnasirpal II",
			"subgenre": "Ashurnasirpal II",
			"subproject": "ria4",
			"supergenre": "LIT"
		},
		"geometry": {
			"type": "Point",
			"coordinates": [43.262037,35.458121]
		}
	}, {
		"type": "Feature",
		"properties": {
			"cdli_id": "P464522; P464523; P464524; P464525; P464526; P464527; P464528; P464529; P464530; P464531; P464532; P464533; P464534; P464535; P464536; P464537; P464538; P464539; P464540; P464541; P464542; P464543; P464544; P464545; P464546; P464547; P464548; P464549; P464550; P464551; P464552; P464553; P464554; P464555; P464556; P464557; P464558; P464560; P464561",
			"cite_as": "Please cite this page as http://oracc.org/riao/Q004507/.",
			"collection": "British Museum, London, UK",
			"credits": "Based on A. Kirk Grayson, Assyrian Rulers of the Early First Millennium BC I (1114-859 BC) (RIMA 2), Toronto,  1991. Adapted by Jamie Novotny (2015-16) and lemmatized and updated by Nathan Morello (2016-17) for the Alexander von Humboldt Foundation-funded OIMEA Project at the Historisches Seminar - Abteilung Alte Geschichte of Ludwig-Maximilians-Universität München. The annotated edition is released under the Creative Commons Attribution Share-Alike license 3.0. Please cite this page as http://oracc.org/riao/Q004507/.",
			"designation": "Ashurnasirpal II 053",
			"display_name": "RINAP Ashurnasirpal II 053",
			"exemplar_number": "39",
			"exemplars": "BM — (Ass 00251); BM — (Ass 00260); BM — (Ass 00267); BM — (Ass 00268); BM — (Ass 00281); BM — (Ass 00320); BM — (Ass 00326); BM — (Ass 00415); BM — (Ass 00461); BM — (Ass 00462); BM — (Ass 00463); BM — (Ass 00464); BM — (Ass 00465); BM — (Ass 00479); BM — (Ass 00494); BM — (Ass 00517); BM — (Ass 00531); BM — (Ass 00536); BM — (Ass 00563); BM — (Ass 00564); BM — (Ass 00565); BM — (Ass 00566); BM — (Ass 00567); BM — (Ass 00570); BM — (Ass 00571); BM — (Ass 00572); BM — (Ass 00606); BM — (Ass 00681); BM — (Ass 00703); BM — (Ass 00853); BM — (Ass 00957); BM — (Ass 02257); BM — (Ass 02311); BM — (Ass 04155); BM — (Ass 11108); BM — (Ass 12696); BM — (Ass 17823); BM — (Ass 00386); BM — (Ass 17427)",
			"findspots": "Qalat Sherqat (Assur)",
			"genre": "Royal Inscription",
			"id_composite": "Q004507",
			"language": "Akkadian",
			"material": "stone; clay",
			"object_type": "stone block",
			"period": "Neo-Assyrian",
			"pleiades_id": "893945",
			"popular_name": "RIMA 2 A.0.101.53",
			"primary_publication": "Ashurnasirpal II 053",
			"project": "riao",
			"provenience": "Qalat Sherqat (Assur)",
			"Q_designation": "Ashurnasirpal II 053",
			"riao_attribution": "Based on A. Kirk Grayson, Assyrian Rulers of the Early First Millennium BC I (1114-859 BC) (RIMA 2), Toronto,  1991. Adapted by Jamie Novotny (2015-16) and lemmatized and updated by Nathan Morello (2016-17) for the Alexander von Humboldt Foundation-funded OIMEA Project at the Historisches Seminar - Abteilung Alte Geschichte of Ludwig-Maximilians-Universität München. The annotated edition is released under the Creative Commons Attribution Share-Alike license 3.0.",
			"ruler": "Ashurnasirpal II",
			"subgenre": "Ashurnasirpal II",
			"subproject": "ria4",
			"supergenre": "LIT"
		},
		"geometry": {
			"type": "Point",
			"coordinates": [43.262037,35.458121]
		}
	}, {
		"type": "Feature",
		"properties": {
			"cdli_id": "P464559",
			"cite_as": "Please cite this page as http://oracc.org/riao/Q004508/.",
			"collection": "Harvard Museum of the Ancient Near East, Harvard University, Cambridge, Massachusetts, USA",
			"credits": "Based on A. Kirk Grayson, Assyrian Rulers of the Early First Millennium BC I (1114-859 BC) (RIMA 2), Toronto,  1991. Adapted by Jamie Novotny (2015-16) and lemmatized and updated by Nathan Morello (2016-17) for the Alexander von Humboldt Foundation-funded OIMEA Project at the Historisches Seminar - Abteilung Alte Geschichte of Ludwig-Maximilians-Universität München. The annotated edition is released under the Creative Commons Attribution Share-Alike license 3.0. Please cite this page as http://oracc.org/riao/Q004508/.",
			"designation": "Ashurnasirpal II 054",
			"display_name": "RINAP Ashurnasirpal II 054",
			"exemplar_number": "1",
			"exemplars": "SM —",
			"findspots": "Tell Abu Marya (Apqu-ša-Adad)",
			"genre": "Royal Inscription",
			"id_composite": "Q004508",
			"language": "Akkadian",
			"material": "stone",
			"object_type": "foundation box",
			"period": "Neo-Assyrian",
			"pleiades_id": "874723",
			"popular_name": "RIMA 2 A.0.101.54",
			"primary_publication": "Ashurnasirpal II 054",
			"project": "riao",
			"provenience": "Tell Abu Marya (Apqu-ša-Adad)",
			"Q_designation": "Ashurnasirpal II 054",
			"riao_attribution": "Based on A. Kirk Grayson, Assyrian Rulers of the Early First Millennium BC I (1114-859 BC) (RIMA 2), Toronto,  1991. Adapted by Jamie Novotny (2015-16) and lemmatized and updated by Nathan Morello (2016-17) for the Alexander von Humboldt Foundation-funded OIMEA Project at the Historisches Seminar - Abteilung Alte Geschichte of Ludwig-Maximilians-Universität München. The annotated edition is released under the Creative Commons Attribution Share-Alike license 3.0.",
			"ruler": "Ashurnasirpal II",
			"subgenre": "Ashurnasirpal II",
			"subproject": "ria4",
			"supergenre": "LIT"
		},
		"geometry": {
			"type": "Point",
			"coordinates": [42.597299,36.429708]
		}
	}, {
		"type": "Feature",
		"properties": {
			"cdli_id": "P425122",
			"cite_as": "Please cite this page as http://oracc.org/riao/Q004509/.",
			"collection": "British Museum, London, UK",
			"credits": "Based on A. Kirk Grayson, Assyrian Rulers of the Early First Millennium BC I (1114-859 BC) (RIMA 2), Toronto,  1991. Adapted by Jamie Novotny (2015-16) and lemmatized and updated by Nathan Morello (2016-17) for the Alexander von Humboldt Foundation-funded OIMEA Project at the Historisches Seminar - Abteilung Alte Geschichte of Ludwig-Maximilians-Universität München. The annotated edition is released under the Creative Commons Attribution Share-Alike license 3.0. Please cite this page as http://oracc.org/riao/Q004509/.",
			"designation": "Ashurnasirpal II 055",
			"display_name": "RINAP Ashurnasirpal II 055",
			"exemplar_number": "1",
			"exemplars": "BM — (Rm 2, 430)",
			"findspots": "Nimrud (Kalhu)",
			"genre": "Royal Inscription",
			"id_composite": "Q004509",
			"language": "Akkadian",
			"material": "clay",
			"object_type": "tablet",
			"period": "Neo-Assyrian",
			"pleiades_id": "894019",
			"popular_name": "RIMA 2 A.0.101.55",
			"primary_publication": "Ashurnasirpal II 055",
			"project": "riao",
			"provenience": "Nimrud (Kalhu)",
			"Q_designation": "Ashurnasirpal II 055",
			"riao_attribution": "Based on A. Kirk Grayson, Assyrian Rulers of the Early First Millennium BC I (1114-859 BC) (RIMA 2), Toronto,  1991. Adapted by Jamie Novotny (2015-16) and lemmatized and updated by Nathan Morello (2016-17) for the Alexander von Humboldt Foundation-funded OIMEA Project at the Historisches Seminar - Abteilung Alte Geschichte of Ludwig-Maximilians-Universität München. The annotated edition is released under the Creative Commons Attribution Share-Alike license 3.0.",
			"ruler": "Ashurnasirpal II",
			"subgenre": "Ashurnasirpal II",
			"subproject": "ria4",
			"supergenre": "LIT"
		},
		"geometry": {
			"type": "Point",
			"coordinates": [43.3275,36.099167]
		}
	}, {
		"type": "Feature",
		"properties": {
			"cdli_id": "P422530; P422545; P422555; P422572; P422908; P422909; P422912; P422917; P422922; P422934; P422946; P422958; P422959; P422963; P423101; P423130; P423139; P423732; P452127; P464562; P464563; P464564; P464565; P464566; P464567; P464580",
			"cite_as": "Please cite this page as http://oracc.org/riao/Q004510/.",
			"collection": "British Museum, London, UK",
			"credits": "Based on A. Kirk Grayson, Assyrian Rulers of the Early First Millennium BC I (1114-859 BC) (RIMA 2), Toronto,  1991. Adapted by Jamie Novotny (2015-16) and lemmatized and updated by Nathan Morello (2016-17) for the Alexander von Humboldt Foundation-funded OIMEA Project at the Historisches Seminar - Abteilung Alte Geschichte of Ludwig-Maximilians-Universität München. The annotated edition is released under the Creative Commons Attribution Share-Alike license 3.0. Please cite this page as http://oracc.org/riao/Q004510/.",
			"designation": "Ashurnasirpal II 056",
			"display_name": "RINAP Ashurnasirpal II 056",
			"exemplar_number": "26",
			"exemplars": "BM 123450 (1932-12-10, 0393); BM 123466 (1932-12-10, 0409); BM 123477 (1932-12-10, 0420); BM 123496 + BM 123499 (1932-12-10, 0439 + 1932-12-10, 0442); BM 128153 (1929-10-12, 0809); BM 128154 + BM 128155 + BM 128156 (1929-10-12, 0810 + 1929-10-12, 0811 + 1929-10-12, 0812); BM 128157 (1929-10-12, 0813); BM 128163 (1929-10-12, 0819); BM 128168 (1929-10-12, 0824); BM 128180 (1929-10-12, 0836); BM 128193 (1929-10-12, 0849); BM 128205 (1929-10-12, 0861); BM 128206 (1929-10-12, 0862); BM 128210 (1929-10-12, 0866); BM 128353 (1932-12-10, 0610); BM 128382 (1932-12-10, 0639); BM 128391 (1932-12-10, 0648); BM — (K 14927); BM — (1881-02-04, 0184); BM — (1856-09-09, 0160 + 1856-09-09, 0161); BM — (1856-09-09, 0176); BM — (1883-01-18, 0606); BM 098721 (1905-04-09, 0227); BM — (1856-09-09, 0139); BM — (1856-09-09, 0148); BM — (1856-09-09, 0150)",
			"findspots": "Kuyunjik (Nineveh)",
			"genre": "Royal Inscription",
			"id_composite": "Q004510",
			"language": "Akkadian",
			"material": "clay",
			"object_type": "cone; jar",
			"period": "Neo-Assyrian",
			"pleiades_id": "874621",
			"popular_name": "RIMA 2 A.0.101.56",
			"primary_publication": "Ashurnasirpal II 056",
			"project": "riao",
			"provenience": "Kuyunjik (Nineveh)",
			"Q_designation": "Ashurnasirpal II 056",
			"riao_attribution": "Based on A. Kirk Grayson, Assyrian Rulers of the Early First Millennium BC I (1114-859 BC) (RIMA 2), Toronto,  1991. Adapted by Jamie Novotny (2015-16) and lemmatized and updated by Nathan Morello (2016-17) for the Alexander von Humboldt Foundation-funded OIMEA Project at the Historisches Seminar - Abteilung Alte Geschichte of Ludwig-Maximilians-Universität München. The annotated edition is released under the Creative Commons Attribution Share-Alike license 3.0.",
			"ruler": "Ashurnasirpal II",
			"subgenre": "Ashurnasirpal II",
			"subproject": "ria4",
			"supergenre": "LIT"
		},
		"geometry": {
			"type": "Point",
			"coordinates": [43.151937,36.358684]
		}
	}, {
		"type": "Feature",
		"properties": {
			"cdli_id": "P422390; P422393; P422553; P422591; P423108; P423112; P423154; P464568; P464569; P464570; P464571; P464572; P464573; P464574; P464575; P464576; P464577; P464578; P464579",
			"cite_as": "Please cite this page as http://oracc.org/riao/Q004511/.",
			"collection": "British Museum, London, UK; unlocated",
			"credits": "Based on A. Kirk Grayson, Assyrian Rulers of the Early First Millennium BC I (1114-859 BC) (RIMA 2), Toronto,  1991. Adapted by Jamie Novotny (2015-16) and lemmatized and updated by Nathan Morello (2016-17) for the Alexander von Humboldt Foundation-funded OIMEA Project at the Historisches Seminar - Abteilung Alte Geschichte of Ludwig-Maximilians-Universität München. The annotated edition is released under the Creative Commons Attribution Share-Alike license 3.0. Please cite this page as http://oracc.org/riao/Q004511/.",
			"designation": "Ashurnasirpal II 057",
			"display_name": "RINAP Ashurnasirpal II 057",
			"exemplar_number": "19",
			"exemplars": "BM 121139 (1929-10-12, 0148); BM 121142 (1929-10-12, 0151); BM 123474 (1932-12-10, 0417); BM 123515 (1932-12-10, 0458); BM 128360 (1932-12-10, 0617); BM 128364 (1932-12-10, 0621); BM 128406 (1932-12-10, 0663); BM — (1856-09-09, 0152 + 1856-09-09, 0159); BM — (1856-09-09, 0156 + 1856-09-09, 0168 + 1856-09-09, 0191); BM — (1856-09-09, 0174); BM 088347 (1901-02-09, 0064); BM — (1856-09-09, 0155); BM — (1856-09-09, 0170); BM — (1856-09-09, 0128); BM — (1856-09-09, 0132); BM — (1856-09-09, 0145); BM 099323 (1904-10-09, 0356); unknown; BM 139285 (1932-12-10, 0739)",
			"findspots": "Kuyunjik (Nineveh)",
			"genre": "Royal Inscription",
			"id_composite": "Q004511",
			"language": "Akkadian",
			"material": "clay",
			"object_type": "cone; jar",
			"period": "Neo-Assyrian",
			"pleiades_id": "874621",
			"popular_name": "RIMA 2 A.0.101.57",
			"primary_publication": "Ashurnasirpal II 057",
			"project": "riao",
			"provenience": "Kuyunjik (Nineveh)",
			"Q_designation": "Ashurnasirpal II 057",
			"riao_attribution": "Based on A. Kirk Grayson, Assyrian Rulers of the Early First Millennium BC I (1114-859 BC) (RIMA 2), Toronto,  1991. Adapted by Jamie Novotny (2015-16) and lemmatized and updated by Nathan Morello (2016-17) for the Alexander von Humboldt Foundation-funded OIMEA Project at the Historisches Seminar - Abteilung Alte Geschichte of Ludwig-Maximilians-Universität München. The annotated edition is released under the Creative Commons Attribution Share-Alike license 3.0.",
			"ruler": "Ashurnasirpal II",
			"subgenre": "Ashurnasirpal II",
			"subproject": "ria4",
			"supergenre": "LIT"
		},
		"geometry": {
			"type": "Point",
			"coordinates": [43.151937,36.358684]
		}
	}, {
		"type": "Feature",
		"properties": {
			"cdli_id": "P422915",
			"cite_as": "Please cite this page as http://oracc.org/riao/Q004512/.",
			"collection": "British Museum, London, UK",
			"credits": "Based on A. Kirk Grayson, Assyrian Rulers of the Early First Millennium BC I (1114-859 BC) (RIMA 2), Toronto,  1991. Adapted by Jamie Novotny (2015-16) and lemmatized and updated by Nathan Morello (2016-17) for the Alexander von Humboldt Foundation-funded OIMEA Project at the Historisches Seminar - Abteilung Alte Geschichte of Ludwig-Maximilians-Universität München. The annotated edition is released under the Creative Commons Attribution Share-Alike license 3.0. Please cite this page as http://oracc.org/riao/Q004512/.",
			"designation": "Ashurnasirpal II 058",
			"display_name": "RINAP Ashurnasirpal II 058",
			"exemplar_number": "1",
			"exemplars": "BM 128160 (1929-10-12, 0816)",
			"findspots": "Kuyunjik (Nineveh)",
			"genre": "Royal Inscription",
			"id_composite": "Q004512",
			"language": "Akkadian",
			"material": "clay",
			"object_type": "cone",
			"period": "Neo-Assyrian",
			"pleiades_id": "874621",
			"popular_name": "RIMA 2 A.0.101.58",
			"primary_publication": "Ashurnasirpal II 058",
			"project": "riao",
			"provenience": "Kuyunjik (Nineveh)",
			"Q_designation": "Ashurnasirpal II 058",
			"riao_attribution": "Based on A. Kirk Grayson, Assyrian Rulers of the Early First Millennium BC I (1114-859 BC) (RIMA 2), Toronto,  1991. Adapted by Jamie Novotny (2015-16) and lemmatized and updated by Nathan Morello (2016-17) for the Alexander von Humboldt Foundation-funded OIMEA Project at the Historisches Seminar - Abteilung Alte Geschichte of Ludwig-Maximilians-Universität München. The annotated edition is released under the Creative Commons Attribution Share-Alike license 3.0.",
			"ruler": "Ashurnasirpal II",
			"subgenre": "Ashurnasirpal II",
			"subproject": "ria4",
			"supergenre": "LIT"
		},
		"geometry": {
			"type": "Point",
			"coordinates": [43.151937,36.358684]
		}
	}, {
		"type": "Feature",
		"properties": {
			"cdli_id": "P422433",
			"cite_as": "Please cite this page as http://oracc.org/riao/Q004513/.",
			"collection": "British Museum, London, UK",
			"credits": "Based on A. Kirk Grayson, Assyrian Rulers of the Early First Millennium BC I (1114-859 BC) (RIMA 2), Toronto,  1991. Adapted by Jamie Novotny (2015-16) and lemmatized and updated by Nathan Morello (2016-17) for the Alexander von Humboldt Foundation-funded OIMEA Project at the Historisches Seminar - Abteilung Alte Geschichte of Ludwig-Maximilians-Universität München. The annotated edition is released under the Creative Commons Attribution Share-Alike license 3.0. Please cite this page as http://oracc.org/riao/Q004513/.",
			"designation": "Ashurnasirpal II 059",
			"display_name": "RINAP Ashurnasirpal II 059",
			"exemplar_number": "1",
			"exemplars": "BM 122660 (1930-05-08, 0093)",
			"findspots": "Kuyunjik (Nineveh)",
			"genre": "Royal Inscription",
			"id_composite": "Q004513",
			"language": "Akkadian",
			"material": "clay",
			"object_type": "tablet",
			"period": "Neo-Assyrian",
			"pleiades_id": "874621",
			"popular_name": "RIMA 2 A.0.101.59",
			"primary_publication": "Ashurnasirpal II 059",
			"project": "riao",
			"provenience": "Kuyunjik (Nineveh)",
			"Q_designation": "Ashurnasirpal II 059",
			"riao_attribution": "Based on A. Kirk Grayson, Assyrian Rulers of the Early First Millennium BC I (1114-859 BC) (RIMA 2), Toronto,  1991. Adapted by Jamie Novotny (2015-16) and lemmatized and updated by Nathan Morello (2016-17) for the Alexander von Humboldt Foundation-funded OIMEA Project at the Historisches Seminar - Abteilung Alte Geschichte of Ludwig-Maximilians-Universität München. The annotated edition is released under the Creative Commons Attribution Share-Alike license 3.0.",
			"ruler": "Ashurnasirpal II",
			"subgenre": "Ashurnasirpal II",
			"subproject": "ria4",
			"supergenre": "LIT"
		},
		"geometry": {
			"type": "Point",
			"coordinates": [43.151937,36.358684]
		}
	}, {
		"type": "Feature",
		"properties": {
			"cdli_id": "P422453",
			"cite_as": "Please cite this page as http://oracc.org/riao/Q004514/.",
			"collection": "British Museum, London, UK",
			"credits": "Based on A. Kirk Grayson, Assyrian Rulers of the Early First Millennium BC I (1114-859 BC) (RIMA 2), Toronto,  1991. Adapted by Jamie Novotny (2015-16) and lemmatized and updated by Nathan Morello (2016-17) for the Alexander von Humboldt Foundation-funded OIMEA Project at the Historisches Seminar - Abteilung Alte Geschichte of Ludwig-Maximilians-Universität München. The annotated edition is released under the Creative Commons Attribution Share-Alike license 3.0. Please cite this page as http://oracc.org/riao/Q004514/.",
			"designation": "Ashurnasirpal II 060",
			"display_name": "RINAP Ashurnasirpal II 060",
			"exemplar_number": "1",
			"exemplars": "BM 122680 (1930-05-08, 0113)",
			"findspots": "Kuyunjik (Nineveh)",
			"genre": "Royal Inscription",
			"id_composite": "Q004514",
			"language": "Akkadian",
			"material": "clay",
			"object_type": "cone",
			"period": "Neo-Assyrian",
			"pleiades_id": "874621",
			"popular_name": "RIMA 2 A.0.101.60",
			"primary_publication": "Ashurnasirpal II 060",
			"project": "riao",
			"provenience": "Kuyunjik (Nineveh)",
			"Q_designation": "Ashurnasirpal II 060",
			"riao_attribution": "Based on A. Kirk Grayson, Assyrian Rulers of the Early First Millennium BC I (1114-859 BC) (RIMA 2), Toronto,  1991. Adapted by Jamie Novotny (2015-16) and lemmatized and updated by Nathan Morello (2016-17) for the Alexander von Humboldt Foundation-funded OIMEA Project at the Historisches Seminar - Abteilung Alte Geschichte of Ludwig-Maximilians-Universität München. The annotated edition is released under the Creative Commons Attribution Share-Alike license 3.0.",
			"ruler": "Ashurnasirpal II",
			"subgenre": "Ashurnasirpal II",
			"subproject": "ria4",
			"supergenre": "LIT"
		},
		"geometry": {
			"type": "Point",
			"coordinates": [43.151937,36.358684]
		}
	}, {
		"type": "Feature",
		"properties": {
			"cdli_id": "P422386",
			"cite_as": "Please cite this page as http://oracc.org/riao/Q004515/.",
			"collection": "British Museum, London, UK",
			"credits": "Based on A. Kirk Grayson, Assyrian Rulers of the Early First Millennium BC I (1114-859 BC) (RIMA 2), Toronto,  1991. Adapted by Jamie Novotny (2015-16) and lemmatized and updated by Nathan Morello (2016-17) for the Alexander von Humboldt Foundation-funded OIMEA Project at the Historisches Seminar - Abteilung Alte Geschichte of Ludwig-Maximilians-Universität München. The annotated edition is released under the Creative Commons Attribution Share-Alike license 3.0. Please cite this page as http://oracc.org/riao/Q004515/.",
			"designation": "Ashurnasirpal II 061",
			"display_name": "RINAP Ashurnasirpal II 061",
			"exemplar_number": "1",
			"exemplars": "BM 121135 (1929-10-12, 0144)",
			"findspots": "Kuyunjik (Nineveh)",
			"genre": "Royal Inscription",
			"id_composite": "Q004515",
			"language": "Akkadian",
			"material": "clay",
			"object_type": "cylinder",
			"period": "Neo-Assyrian",
			"pleiades_id": "874621",
			"popular_name": "RIMA 2 A.0.101.61",
			"primary_publication": "Ashurnasirpal II 061",
			"project": "riao",
			"provenience": "Kuyunjik (Nineveh)",
			"Q_designation": "Ashurnasirpal II 061",
			"riao_attribution": "Based on A. Kirk Grayson, Assyrian Rulers of the Early First Millennium BC I (1114-859 BC) (RIMA 2), Toronto,  1991. Adapted by Jamie Novotny (2015-16) and lemmatized and updated by Nathan Morello (2016-17) for the Alexander von Humboldt Foundation-funded OIMEA Project at the Historisches Seminar - Abteilung Alte Geschichte of Ludwig-Maximilians-Universität München. The annotated edition is released under the Creative Commons Attribution Share-Alike license 3.0.",
			"ruler": "Ashurnasirpal II",
			"subgenre": "Ashurnasirpal II",
			"subproject": "ria4",
			"supergenre": "LIT"
		},
		"geometry": {
			"type": "Point",
			"coordinates": [43.151937,36.358684]
		}
	}, {
		"type": "Feature",
		"properties": {
			"cdli_id": "P422924",
			"cite_as": "Please cite this page as http://oracc.org/riao/Q004516/.",
			"collection": "British Museum, London, UK",
			"credits": "Based on A. Kirk Grayson, Assyrian Rulers of the Early First Millennium BC I (1114-859 BC) (RIMA 2), Toronto,  1991. Adapted by Jamie Novotny (2015-16) and lemmatized and updated by Nathan Morello (2016-17) for the Alexander von Humboldt Foundation-funded OIMEA Project at the Historisches Seminar - Abteilung Alte Geschichte of Ludwig-Maximilians-Universität München. The annotated edition is released under the Creative Commons Attribution Share-Alike license 3.0. Please cite this page as http://oracc.org/riao/Q004516/.",
			"designation": "Ashurnasirpal II 062",
			"display_name": "RINAP Ashurnasirpal II 062",
			"exemplar_number": "1",
			"exemplars": "BM 128170 (1929-10-12, 0826)",
			"findspots": "Kuyunjik (Nineveh)",
			"genre": "Royal Inscription",
			"id_composite": "Q004516",
			"language": "Akkadian",
			"material": "clay",
			"object_type": "cone",
			"period": "Neo-Assyrian",
			"pleiades_id": "874621",
			"popular_name": "RIMA 2 A.0.101.62",
			"primary_publication": "Ashurnasirpal II 062",
			"project": "riao",
			"provenience": "Kuyunjik (Nineveh)",
			"Q_designation": "Ashurnasirpal II 062",
			"riao_attribution": "Based on A. Kirk Grayson, Assyrian Rulers of the Early First Millennium BC I (1114-859 BC) (RIMA 2), Toronto,  1991. Adapted by Jamie Novotny (2015-16) and lemmatized and updated by Nathan Morello (2016-17) for the Alexander von Humboldt Foundation-funded OIMEA Project at the Historisches Seminar - Abteilung Alte Geschichte of Ludwig-Maximilians-Universität München. The annotated edition is released under the Creative Commons Attribution Share-Alike license 3.0.",
			"ruler": "Ashurnasirpal II",
			"subgenre": "Ashurnasirpal II",
			"subproject": "ria4",
			"supergenre": "LIT"
		},
		"geometry": {
			"type": "Point",
			"coordinates": [43.151937,36.358684]
		}
	}, {
		"type": "Feature",
		"properties": {
			"cdli_id": "P423152",
			"cite_as": "Please cite this page as http://oracc.org/riao/Q004517/.",
			"collection": "British Museum, London, UK",
			"credits": "Based on A. Kirk Grayson, Assyrian Rulers of the Early First Millennium BC I (1114-859 BC) (RIMA 2), Toronto,  1991. Adapted by Jamie Novotny (2015-16) and lemmatized and updated by Nathan Morello (2016-17) for the Alexander von Humboldt Foundation-funded OIMEA Project at the Historisches Seminar - Abteilung Alte Geschichte of Ludwig-Maximilians-Universität München. The annotated edition is released under the Creative Commons Attribution Share-Alike license 3.0. Please cite this page as http://oracc.org/riao/Q004517/.",
			"designation": "Ashurnasirpal II 063",
			"display_name": "RINAP Ashurnasirpal II 063",
			"exemplar_number": "1",
			"exemplars": "BM 128404 (1932-12-10, 0661)",
			"findspots": "Kuyunjik (Nineveh)",
			"genre": "Royal Inscription",
			"id_composite": "Q004517",
			"language": "Akkadian",
			"material": "clay",
			"object_type": "jar",
			"period": "Neo-Assyrian",
			"pleiades_id": "874621",
			"popular_name": "RIMA 2 A.0.101.63",
			"primary_publication": "Ashurnasirpal II 063",
			"project": "riao",
			"provenience": "Kuyunjik (Nineveh)",
			"Q_designation": "Ashurnasirpal II 063",
			"riao_attribution": "Based on A. Kirk Grayson, Assyrian Rulers of the Early First Millennium BC I (1114-859 BC) (RIMA 2), Toronto,  1991. Adapted by Jamie Novotny (2015-16) and lemmatized and updated by Nathan Morello (2016-17) for the Alexander von Humboldt Foundation-funded OIMEA Project at the Historisches Seminar - Abteilung Alte Geschichte of Ludwig-Maximilians-Universität München. The annotated edition is released under the Creative Commons Attribution Share-Alike license 3.0.",
			"ruler": "Ashurnasirpal II",
			"subgenre": "Ashurnasirpal II",
			"subproject": "ria4",
			"supergenre": "LIT"
		},
		"geometry": {
			"type": "Point",
			"coordinates": [43.151937,36.358684]
		}
	}, {
		"type": "Feature",
		"properties": {
			"cdli_id": "P422935",
			"cite_as": "Please cite this page as http://oracc.org/riao/Q004518/.",
			"collection": "British Museum, London, UK",
			"credits": "Based on A. Kirk Grayson, Assyrian Rulers of the Early First Millennium BC I (1114-859 BC) (RIMA 2), Toronto,  1991. Adapted by Jamie Novotny (2015-16) and lemmatized and updated by Nathan Morello (2016-17) for the Alexander von Humboldt Foundation-funded OIMEA Project at the Historisches Seminar - Abteilung Alte Geschichte of Ludwig-Maximilians-Universität München. The annotated edition is released under the Creative Commons Attribution Share-Alike license 3.0. Please cite this page as http://oracc.org/riao/Q004518/.",
			"designation": "Ashurnasirpal II 064",
			"display_name": "RINAP Ashurnasirpal II 064",
			"exemplar_number": "1",
			"exemplars": "BM 128181 (1929-10-12, 0837)",
			"findspots": "Kuyunjik (Nineveh)",
			"genre": "Royal Inscription",
			"id_composite": "Q004518",
			"language": "Akkadian",
			"material": "clay",
			"object_type": "cone",
			"period": "Neo-Assyrian",
			"pleiades_id": "874621",
			"popular_name": "RIMA 2 A.0.101.64",
			"primary_publication": "Ashurnasirpal II 064",
			"project": "riao",
			"provenience": "Kuyunjik (Nineveh)",
			"Q_designation": "Ashurnasirpal II 064",
			"riao_attribution": "Based on A. Kirk Grayson, Assyrian Rulers of the Early First Millennium BC I (1114-859 BC) (RIMA 2), Toronto,  1991. Adapted by Jamie Novotny (2015-16) and lemmatized and updated by Nathan Morello (2016-17) for the Alexander von Humboldt Foundation-funded OIMEA Project at the Historisches Seminar - Abteilung Alte Geschichte of Ludwig-Maximilians-Universität München. The annotated edition is released under the Creative Commons Attribution Share-Alike license 3.0.",
			"ruler": "Ashurnasirpal II",
			"subgenre": "Ashurnasirpal II",
			"subproject": "ria4",
			"supergenre": "LIT"
		},
		"geometry": {
			"type": "Point",
			"coordinates": [43.151937,36.358684]
		}
	}, {
		"type": "Feature",
		"properties": {
			"cite_as": "Please cite this page as http://oracc.org/riao/Q004519/.",
			"credits": "Based on A. Kirk Grayson, Assyrian Rulers of the Early First Millennium BC I (1114-859 BC) (RIMA 2), Toronto,  1991. Adapted by Jamie Novotny (2015-16) and lemmatized and updated by Nathan Morello (2016-17) for the Alexander von Humboldt Foundation-funded OIMEA Project at the Historisches Seminar - Abteilung Alte Geschichte of Ludwig-Maximilians-Universität München. The annotated edition is released under the Creative Commons Attribution Share-Alike license 3.0. Please cite this page as http://oracc.org/riao/Q004519/.",
			"designation": "Ashurnasirpal II 065",
			"display_name": "RINAP Ashurnasirpal II 065",
			"genre": "Royal Inscription",
			"id_composite": "Q004519",
			"language": "Akkadian",
			"period": "Neo-Assyrian",
			"pleiades_id": "874621",
			"popular_name": "RIMA 2 A.0.101.65",
			"primary_publication": "Ashurnasirpal II 065",
			"project": "riao",
			"provenience": "Kuyunjik (Nineveh)",
			"Q_designation": "Ashurnasirpal II 065",
			"riao_attribution": "Based on A. Kirk Grayson, Assyrian Rulers of the Early First Millennium BC I (1114-859 BC) (RIMA 2), Toronto,  1991. Adapted by Jamie Novotny (2015-16) and lemmatized and updated by Nathan Morello (2016-17) for the Alexander von Humboldt Foundation-funded OIMEA Project at the Historisches Seminar - Abteilung Alte Geschichte of Ludwig-Maximilians-Universität München. The annotated edition is released under the Creative Commons Attribution Share-Alike license 3.0.",
			"ruler": "Ashurnasirpal II",
			"subgenre": "Ashurnasirpal II",
			"subproject": "ria4",
			"supergenre": "LIT"
		},
		"geometry": {
			"type": "Point",
			"coordinates": [43.151937,36.358684]
		}
	}, {
		"type": "Feature",
		"properties": {
			"cdli_id": "P366116; P422539; P422606; P422926; P422929; P422936; P422943; P423099; P423119; P423120; P423131; P423142; P423149; P423150; P464581; P464582; P464583",
			"cite_as": "Please cite this page as http://oracc.org/riao/Q004520/.",
			"collection": "British Museum, London, UK",
			"credits": "Based on A. Kirk Grayson, Assyrian Rulers of the Early First Millennium BC I (1114-859 BC) (RIMA 2), Toronto,  1991. Adapted by Jamie Novotny (2015-16) and lemmatized and updated by Nathan Morello (2016-17) for the Alexander von Humboldt Foundation-funded OIMEA Project at the Historisches Seminar - Abteilung Alte Geschichte of Ludwig-Maximilians-Universität München. The annotated edition is released under the Creative Commons Attribution Share-Alike license 3.0. Please cite this page as http://oracc.org/riao/Q004520/.",
			"designation": "Ashurnasirpal II 066",
			"display_name": "RINAP Ashurnasirpal II 066",
			"exemplar_number": "17",
			"exemplars": "BM — (Rm 0622); BM 123460 (1932-12-10, 0403); BM 123530 (1932-12-10, 0473); BM 128172 (1929-10-12, 0828); BM 128175 (1929-10-12, 0831); BM 128182 + BM 128186 (1929-10-12, 0838); BM 128190 (1929-10-12, 0846); BM 128351 (1932-12-10, 0608); BM 128371 (1932-12-10, 0628); BM 128372 (1932-12-10, 0629); BM 128383 (1932-12-10, 0640); BM 128394 (1932-12-10, 0651); BM 128401 (1932-12-10, 0658); BM 128402 (1932-12-10, 0659); BM 139325 (1930-05-08, 0238); BM 139284 (1932-12-10, 0738); BM 139283 (1932-12-10, 0737)",
			"findspots": "Kuyunjik (Nineveh)",
			"genre": "Royal Inscription",
			"id_composite": "Q004520",
			"language": "Akkadian",
			"material": "clay",
			"object_type": "cone; jar; cylinder",
			"period": "Neo-Assyrian",
			"pleiades_id": "874621",
			"popular_name": "RIMA 2 A.0.101.66",
			"primary_publication": "Ashurnasirpal II 066",
			"project": "riao",
			"provenience": "Kuyunjik (Nineveh)",
			"Q_designation": "Ashurnasirpal II 066",
			"riao_attribution": "Based on A. Kirk Grayson, Assyrian Rulers of the Early First Millennium BC I (1114-859 BC) (RIMA 2), Toronto,  1991. Adapted by Jamie Novotny (2015-16) and lemmatized and updated by Nathan Morello (2016-17) for the Alexander von Humboldt Foundation-funded OIMEA Project at the Historisches Seminar - Abteilung Alte Geschichte of Ludwig-Maximilians-Universität München. The annotated edition is released under the Creative Commons Attribution Share-Alike license 3.0.",
			"ruler": "Ashurnasirpal II",
			"subgenre": "Ashurnasirpal II",
			"subproject": "ria4",
			"supergenre": "LIT"
		},
		"geometry": {
			"type": "Point",
			"coordinates": [43.151937,36.358684]
		}
	}, {
		"type": "Feature",
		"properties": {
			"cdli_id": "P464584; P464585; P464586; P464587; P464588; P464589; P464590; P464591; P464592; P464593; P464594; P464595",
			"cite_as": "Please cite this page as http://oracc.org/riao/Q004521/.",
			"collection": "Vorderasiatisches Museum, Berlin, Germany; Arkeoloji Müzeleri, Istanbul, Turkey",
			"credits": "Based on A. Kirk Grayson, Assyrian Rulers of the Early First Millennium BC I (1114-859 BC) (RIMA 2), Toronto,  1991. Adapted by Jamie Novotny (2015-16) and lemmatized and updated by Nathan Morello (2016-17) for the Alexander von Humboldt Foundation-funded OIMEA Project at the Historisches Seminar - Abteilung Alte Geschichte of Ludwig-Maximilians-Universität München. The annotated edition is released under the Creative Commons Attribution Share-Alike license 3.0. Please cite this page as http://oracc.org/riao/Q004521/.",
			"designation": "Ashurnasirpal II 067",
			"display_name": "RINAP Ashurnasirpal II 067",
			"exemplar_number": "12",
			"exemplars": "VA Ass 02061 (Ass 22952a); VA Ass 02064 (Ass 22952d); VA Ass 02060 (Ass 22939b); VA Ass 02067 (Ass 22931); Ist A 03427 (Ass 05808); Ist A 03425 (Ass 05755); VA Ass 02065 (Ass 22952d); VA Ass 02062 (Ass 22952b); VA Ass 02069 (Ass 22971); VA Ass 02068 (Ass 21087); VA Ass 02063 (Ass 22952c); VA Ass 02098 (Ass 21095)",
			"findspots": "Qalat Sherqat (Assur)",
			"genre": "Royal Inscription",
			"id_composite": "Q004521",
			"language": "Akkadian",
			"material": "clay",
			"object_type": "cone",
			"period": "Neo-Assyrian",
			"pleiades_id": "893945",
			"popular_name": "RIMA 2 A.0.101.67",
			"primary_publication": "Ashurnasirpal II 067",
			"project": "riao",
			"provenience": "Qalat Sherqat (Assur)",
			"Q_designation": "Ashurnasirpal II 067",
			"riao_attribution": "Based on A. Kirk Grayson, Assyrian Rulers of the Early First Millennium BC I (1114-859 BC) (RIMA 2), Toronto,  1991. Adapted by Jamie Novotny (2015-16) and lemmatized and updated by Nathan Morello (2016-17) for the Alexander von Humboldt Foundation-funded OIMEA Project at the Historisches Seminar - Abteilung Alte Geschichte of Ludwig-Maximilians-Universität München. The annotated edition is released under the Creative Commons Attribution Share-Alike license 3.0.",
			"ruler": "Ashurnasirpal II",
			"subgenre": "Ashurnasirpal II",
			"subproject": "ria4",
			"supergenre": "LIT"
		},
		"geometry": {
			"type": "Point",
			"coordinates": [43.262037,35.458121]
		}
	}, {
		"type": "Feature",
		"properties": {
			"cdli_id": "P464596",
			"cite_as": "Please cite this page as http://oracc.org/riao/Q004522/.",
			"collection": "Arkeoloji Müzeleri, Istanbul, Turkey",
			"credits": "Based on A. Kirk Grayson, Assyrian Rulers of the Early First Millennium BC I (1114-859 BC) (RIMA 2), Toronto,  1991. Adapted by Jamie Novotny (2015-16) and lemmatized and updated by Nathan Morello (2016-17) for the Alexander von Humboldt Foundation-funded OIMEA Project at the Historisches Seminar - Abteilung Alte Geschichte of Ludwig-Maximilians-Universität München. The annotated edition is released under the Creative Commons Attribution Share-Alike license 3.0. Please cite this page as http://oracc.org/riao/Q004522/.",
			"designation": "Ashurnasirpal II 068",
			"display_name": "RINAP Ashurnasirpal II 068",
			"exemplar_number": "1",
			"exemplars": "Ist A 03590 (Ass 16696)",
			"findspots": "Qalat Sherqat (Assur)",
			"genre": "Royal Inscription",
			"id_composite": "Q004522",
			"language": "Akkadian",
			"material": "clay",
			"object_type": "cone",
			"period": "Neo-Assyrian",
			"pleiades_id": "893945",
			"popular_name": "RIMA 2 A.0.101.68",
			"primary_publication": "Ashurnasirpal II 068",
			"project": "riao",
			"provenience": "Qalat Sherqat (Assur)",
			"Q_designation": "Ashurnasirpal II 068",
			"riao_attribution": "Based on A. Kirk Grayson, Assyrian Rulers of the Early First Millennium BC I (1114-859 BC) (RIMA 2), Toronto,  1991. Adapted by Jamie Novotny (2015-16) and lemmatized and updated by Nathan Morello (2016-17) for the Alexander von Humboldt Foundation-funded OIMEA Project at the Historisches Seminar - Abteilung Alte Geschichte of Ludwig-Maximilians-Universität München. The annotated edition is released under the Creative Commons Attribution Share-Alike license 3.0.",
			"ruler": "Ashurnasirpal II",
			"subgenre": "Ashurnasirpal II",
			"subproject": "ria4",
			"supergenre": "LIT"
		},
		"geometry": {
			"type": "Point",
			"coordinates": [43.262037,35.458121]
		}
	}, {
		"type": "Feature",
		"properties": {
			"cdli_id": "P464597",
			"cite_as": "Please cite this page as http://oracc.org/riao/Q004523/.",
			"collection": "Arkeoloji Müzeleri, Istanbul, Turkey",
			"credits": "Based on A. Kirk Grayson, Assyrian Rulers of the Early First Millennium BC I (1114-859 BC) (RIMA 2), Toronto,  1991. Adapted by Jamie Novotny (2015-16) and lemmatized and updated by Nathan Morello (2016-17) for the Alexander von Humboldt Foundation-funded OIMEA Project at the Historisches Seminar - Abteilung Alte Geschichte of Ludwig-Maximilians-Universität München. The annotated edition is released under the Creative Commons Attribution Share-Alike license 3.0. Please cite this page as http://oracc.org/riao/Q004523/.",
			"designation": "Ashurnasirpal II 069",
			"display_name": "RINAP Ashurnasirpal II 069",
			"exemplar_number": "1",
			"exemplars": "Ist A 03473 (Ass 09517)",
			"findspots": "Qalat Sherqat (Assur)",
			"genre": "Royal Inscription",
			"id_composite": "Q004523",
			"language": "Akkadian",
			"material": "clay",
			"object_type": "cone",
			"period": "Neo-Assyrian",
			"pleiades_id": "893945",
			"popular_name": "RIMA 2 A.0.101.69",
			"primary_publication": "Ashurnasirpal II 069",
			"project": "riao",
			"provenience": "Qalat Sherqat (Assur)",
			"Q_designation": "Ashurnasirpal II 069",
			"riao_attribution": "Based on A. Kirk Grayson, Assyrian Rulers of the Early First Millennium BC I (1114-859 BC) (RIMA 2), Toronto,  1991. Adapted by Jamie Novotny (2015-16) and lemmatized and updated by Nathan Morello (2016-17) for the Alexander von Humboldt Foundation-funded OIMEA Project at the Historisches Seminar - Abteilung Alte Geschichte of Ludwig-Maximilians-Universität München. The annotated edition is released under the Creative Commons Attribution Share-Alike license 3.0.",
			"ruler": "Ashurnasirpal II",
			"subgenre": "Ashurnasirpal II",
			"subproject": "ria4",
			"supergenre": "LIT"
		},
		"geometry": {
			"type": "Point",
			"coordinates": [43.262037,35.458121]
		}
	}, {
		"type": "Feature",
		"properties": {
			"cdli_id": "P289807; P289808",
			"cite_as": "Please cite this page as http://oracc.org/riao/Q004524/.",
			"collection": "Yale Babylonian Collection, New Haven, Connecticut, USA",
			"credits": "Based on A. Kirk Grayson, Assyrian Rulers of the Early First Millennium BC I (1114-859 BC) (RIMA 2), Toronto,  1991. Adapted by Jamie Novotny (2015-16) and lemmatized and updated by Nathan Morello (2016-17) for the Alexander von Humboldt Foundation-funded OIMEA Project at the Historisches Seminar - Abteilung Alte Geschichte of Ludwig-Maximilians-Universität München. The annotated edition is released under the Creative Commons Attribution Share-Alike license 3.0. Please cite this page as http://oracc.org/riao/Q004524/.",
			"designation": "Ashurnasirpal II 070",
			"display_name": "RINAP Ashurnasirpal II 070",
			"exemplar_number": "2",
			"exemplars": "YBC 02398; YBC 02399",
			"findspots": "Tell Abu Marya (Apqu-ša-Adad)",
			"genre": "Royal Inscription",
			"id_composite": "Q004524",
			"language": "Akkadian",
			"material": "metal: gold; metal: silver",
			"object_type": "tablet",
			"period": "Neo-Assyrian",
			"pleiades_id": "874723",
			"popular_name": "RIMA 2 A.0.101.70",
			"primary_publication": "Ashurnasirpal II 070",
			"project": "riao",
			"provenience": "Tell Abu Marya (Apqu-ša-Adad)",
			"Q_designation": "Ashurnasirpal II 070",
			"riao_attribution": "Based on A. Kirk Grayson, Assyrian Rulers of the Early First Millennium BC I (1114-859 BC) (RIMA 2), Toronto,  1991. Adapted by Jamie Novotny (2015-16) and lemmatized and updated by Nathan Morello (2016-17) for the Alexander von Humboldt Foundation-funded OIMEA Project at the Historisches Seminar - Abteilung Alte Geschichte of Ludwig-Maximilians-Universität München. The annotated edition is released under the Creative Commons Attribution Share-Alike license 3.0.",
			"ruler": "Ashurnasirpal II",
			"subgenre": "Ashurnasirpal II",
			"subproject": "ria4",
			"supergenre": "LIT"
		},
		"geometry": {
			"type": "Point",
			"coordinates": [42.597299,36.429708]
		}
	}, {
		"type": "Feature",
		"properties": {
			"cite_as": "Please cite this page as http://oracc.org/riao/Q004525/.",
			"credits": "Based on A. Kirk Grayson, Assyrian Rulers of the Early First Millennium BC I (1114-859 BC) (RIMA 2), Toronto,  1991. Adapted by Jamie Novotny (2015-16) and lemmatized and updated by Nathan Morello (2016-17) for the Alexander von Humboldt Foundation-funded OIMEA Project at the Historisches Seminar - Abteilung Alte Geschichte of Ludwig-Maximilians-Universität München. The annotated edition is released under the Creative Commons Attribution Share-Alike license 3.0. Please cite this page as http://oracc.org/riao/Q004525/.",
			"designation": "Ashurnasirpal II 071",
			"display_name": "RINAP Ashurnasirpal II 071",
			"genre": "Royal Inscription",
			"id_composite": "Q004525",
			"language": "Akkadian",
			"period": "Neo-Assyrian",
			"pleiades_id": "894019",
			"popular_name": "RIMA 2 A.0.101.71",
			"primary_publication": "Ashurnasirpal II 071",
			"project": "riao",
			"provenience": "Nimrud (Kalhu)",
			"Q_designation": "Ashurnasirpal II 071",
			"riao_attribution": "Based on A. Kirk Grayson, Assyrian Rulers of the Early First Millennium BC I (1114-859 BC) (RIMA 2), Toronto,  1991. Adapted by Jamie Novotny (2015-16) and lemmatized and updated by Nathan Morello (2016-17) for the Alexander von Humboldt Foundation-funded OIMEA Project at the Historisches Seminar - Abteilung Alte Geschichte of Ludwig-Maximilians-Universität München. The annotated edition is released under the Creative Commons Attribution Share-Alike license 3.0.",
			"ruler": "Ashurnasirpal II",
			"subgenre": "Ashurnasirpal II",
			"subproject": "ria4",
			"supergenre": "LIT"
		},
		"geometry": {
			"type": "Point",
			"coordinates": [43.3275,36.099167]
		}
	}, {
		"type": "Feature",
		"properties": {
			"cite_as": "Please cite this page as http://oracc.org/riao/Q004526/.",
			"credits": "Based on A. Kirk Grayson, Assyrian Rulers of the Early First Millennium BC I (1114-859 BC) (RIMA 2), Toronto,  1991. Adapted by Jamie Novotny (2015-16) and lemmatized and updated by Nathan Morello (2016-17) for the Alexander von Humboldt Foundation-funded OIMEA Project at the Historisches Seminar - Abteilung Alte Geschichte of Ludwig-Maximilians-Universität München. The annotated edition is released under the Creative Commons Attribution Share-Alike license 3.0. Please cite this page as http://oracc.org/riao/Q004526/.",
			"designation": "Ashurnasirpal II 072",
			"display_name": "RINAP Ashurnasirpal II 072",
			"genre": "Royal Inscription",
			"id_composite": "Q004526",
			"language": "Akkadian",
			"period": "Neo-Assyrian",
			"pleiades_id": "894019",
			"popular_name": "RIMA 2 A.0.101.72",
			"primary_publication": "Ashurnasirpal II 072",
			"project": "riao",
			"provenience": "Nimrud (Kalhu)",
			"Q_designation": "Ashurnasirpal II 072",
			"riao_attribution": "Based on A. Kirk Grayson, Assyrian Rulers of the Early First Millennium BC I (1114-859 BC) (RIMA 2), Toronto,  1991. Adapted by Jamie Novotny (2015-16) and lemmatized and updated by Nathan Morello (2016-17) for the Alexander von Humboldt Foundation-funded OIMEA Project at the Historisches Seminar - Abteilung Alte Geschichte of Ludwig-Maximilians-Universität München. The annotated edition is released under the Creative Commons Attribution Share-Alike license 3.0.",
			"ruler": "Ashurnasirpal II",
			"subgenre": "Ashurnasirpal II",
			"subproject": "ria4",
			"supergenre": "LIT"
		},
		"geometry": {
			"type": "Point",
			"coordinates": [43.3275,36.099167]
		}
	}, {
		"type": "Feature",
		"properties": {
			"cite_as": "Please cite this page as http://oracc.org/riao/Q004527/.",
			"credits": "Based on A. Kirk Grayson, Assyrian Rulers of the Early First Millennium BC I (1114-859 BC) (RIMA 2), Toronto,  1991. Adapted by Jamie Novotny (2015-16) and lemmatized and updated by Nathan Morello (2016-17) for the Alexander von Humboldt Foundation-funded OIMEA Project at the Historisches Seminar - Abteilung Alte Geschichte of Ludwig-Maximilians-Universität München. The annotated edition is released under the Creative Commons Attribution Share-Alike license 3.0. Please cite this page as http://oracc.org/riao/Q004527/.",
			"designation": "Ashurnasirpal II 073",
			"display_name": "RINAP Ashurnasirpal II 073",
			"genre": "Royal Inscription",
			"id_composite": "Q004527",
			"language": "Akkadian",
			"period": "Neo-Assyrian",
			"pleiades_id": "894019",
			"popular_name": "RIMA 2 A.0.101.73",
			"primary_publication": "Ashurnasirpal II 073",
			"project": "riao",
			"provenience": "Nimrud (Kalhu)",
			"Q_designation": "Ashurnasirpal II 073",
			"riao_attribution": "Based on A. Kirk Grayson, Assyrian Rulers of the Early First Millennium BC I (1114-859 BC) (RIMA 2), Toronto,  1991. Adapted by Jamie Novotny (2015-16) and lemmatized and updated by Nathan Morello (2016-17) for the Alexander von Humboldt Foundation-funded OIMEA Project at the Historisches Seminar - Abteilung Alte Geschichte of Ludwig-Maximilians-Universität München. The annotated edition is released under the Creative Commons Attribution Share-Alike license 3.0.",
			"ruler": "Ashurnasirpal II",
			"subgenre": "Ashurnasirpal II",
			"subproject": "ria4",
			"supergenre": "LIT"
		},
		"geometry": {
			"type": "Point",
			"coordinates": [43.3275,36.099167]
		}
	}, {
		"type": "Feature",
		"properties": {
			"cite_as": "Please cite this page as http://oracc.org/riao/Q004528/.",
			"credits": "Based on A. Kirk Grayson, Assyrian Rulers of the Early First Millennium BC I (1114-859 BC) (RIMA 2), Toronto,  1991. Adapted by Jamie Novotny (2015-16) and lemmatized and updated by Nathan Morello (2016-17) for the Alexander von Humboldt Foundation-funded OIMEA Project at the Historisches Seminar - Abteilung Alte Geschichte of Ludwig-Maximilians-Universität München. The annotated edition is released under the Creative Commons Attribution Share-Alike license 3.0. Please cite this page as http://oracc.org/riao/Q004528/.",
			"designation": "Ashurnasirpal II 074",
			"display_name": "RINAP Ashurnasirpal II 074",
			"genre": "Royal Inscription",
			"id_composite": "Q004528",
			"language": "Akkadian",
			"period": "Neo-Assyrian",
			"pleiades_id": "894019",
			"popular_name": "RIMA 2 A.0.101.74",
			"primary_publication": "Ashurnasirpal II 074",
			"project": "riao",
			"provenience": "Nimrud (Kalhu)",
			"Q_designation": "Ashurnasirpal II 074",
			"riao_attribution": "Based on A. Kirk Grayson, Assyrian Rulers of the Early First Millennium BC I (1114-859 BC) (RIMA 2), Toronto,  1991. Adapted by Jamie Novotny (2015-16) and lemmatized and updated by Nathan Morello (2016-17) for the Alexander von Humboldt Foundation-funded OIMEA Project at the Historisches Seminar - Abteilung Alte Geschichte of Ludwig-Maximilians-Universität München. The annotated edition is released under the Creative Commons Attribution Share-Alike license 3.0.",
			"ruler": "Ashurnasirpal II",
			"subgenre": "Ashurnasirpal II",
			"subproject": "ria4",
			"supergenre": "LIT"
		},
		"geometry": {
			"type": "Point",
			"coordinates": [43.3275,36.099167]
		}
	}, {
		"type": "Feature",
		"properties": {
			"cite_as": "Please cite this page as http://oracc.org/riao/Q004529/.",
			"credits": "Based on A. Kirk Grayson, Assyrian Rulers of the Early First Millennium BC I (1114-859 BC) (RIMA 2), Toronto,  1991. Adapted by Jamie Novotny (2015-16) and lemmatized and updated by Nathan Morello (2016-17) for the Alexander von Humboldt Foundation-funded OIMEA Project at the Historisches Seminar - Abteilung Alte Geschichte of Ludwig-Maximilians-Universität München. The annotated edition is released under the Creative Commons Attribution Share-Alike license 3.0. Please cite this page as http://oracc.org/riao/Q004529/.",
			"designation": "Ashurnasirpal II 075",
			"display_name": "RINAP Ashurnasirpal II 075",
			"genre": "Royal Inscription",
			"id_composite": "Q004529",
			"language": "Akkadian",
			"period": "Neo-Assyrian",
			"pleiades_id": "894019",
			"popular_name": "RIMA 2 A.0.101.75",
			"primary_publication": "Ashurnasirpal II 075",
			"project": "riao",
			"provenience": "Nimrud (Kalhu)",
			"Q_designation": "Ashurnasirpal II 075",
			"riao_attribution": "Based on A. Kirk Grayson, Assyrian Rulers of the Early First Millennium BC I (1114-859 BC) (RIMA 2), Toronto,  1991. Adapted by Jamie Novotny (2015-16) and lemmatized and updated by Nathan Morello (2016-17) for the Alexander von Humboldt Foundation-funded OIMEA Project at the Historisches Seminar - Abteilung Alte Geschichte of Ludwig-Maximilians-Universität München. The annotated edition is released under the Creative Commons Attribution Share-Alike license 3.0.",
			"ruler": "Ashurnasirpal II",
			"subgenre": "Ashurnasirpal II",
			"subproject": "ria4",
			"supergenre": "LIT"
		},
		"geometry": {
			"type": "Point",
			"coordinates": [43.3275,36.099167]
		}
	}, {
		"type": "Feature",
		"properties": {
			"cite_as": "Please cite this page as http://oracc.org/riao/Q004530/.",
			"credits": "Based on A. Kirk Grayson, Assyrian Rulers of the Early First Millennium BC I (1114-859 BC) (RIMA 2), Toronto,  1991. Adapted by Jamie Novotny (2015-16) and lemmatized and updated by Nathan Morello (2016-17) for the Alexander von Humboldt Foundation-funded OIMEA Project at the Historisches Seminar - Abteilung Alte Geschichte of Ludwig-Maximilians-Universität München. The annotated edition is released under the Creative Commons Attribution Share-Alike license 3.0. Please cite this page as http://oracc.org/riao/Q004530/.",
			"designation": "Ashurnasirpal II 076",
			"display_name": "RINAP Ashurnasirpal II 076",
			"genre": "Royal Inscription",
			"id_composite": "Q004530",
			"language": "Akkadian",
			"period": "Neo-Assyrian",
			"pleiades_id": "894019",
			"popular_name": "RIMA 2 A.0.101.76",
			"primary_publication": "Ashurnasirpal II 076",
			"project": "riao",
			"provenience": "Nimrud (Kalhu)",
			"Q_designation": "Ashurnasirpal II 076",
			"riao_attribution": "Based on A. Kirk Grayson, Assyrian Rulers of the Early First Millennium BC I (1114-859 BC) (RIMA 2), Toronto,  1991. Adapted by Jamie Novotny (2015-16) and lemmatized and updated by Nathan Morello (2016-17) for the Alexander von Humboldt Foundation-funded OIMEA Project at the Historisches Seminar - Abteilung Alte Geschichte of Ludwig-Maximilians-Universität München. The annotated edition is released under the Creative Commons Attribution Share-Alike license 3.0.",
			"ruler": "Ashurnasirpal II",
			"subgenre": "Ashurnasirpal II",
			"subproject": "ria4",
			"supergenre": "LIT"
		},
		"geometry": {
			"type": "Point",
			"coordinates": [43.3275,36.099167]
		}
	}, {
		"type": "Feature",
		"properties": {
			"cite_as": "Please cite this page as http://oracc.org/riao/Q004531/.",
			"credits": "Based on A. Kirk Grayson, Assyrian Rulers of the Early First Millennium BC I (1114-859 BC) (RIMA 2), Toronto,  1991. Adapted by Jamie Novotny (2015-16) and lemmatized and updated by Nathan Morello (2016-17) for the Alexander von Humboldt Foundation-funded OIMEA Project at the Historisches Seminar - Abteilung Alte Geschichte of Ludwig-Maximilians-Universität München. The annotated edition is released under the Creative Commons Attribution Share-Alike license 3.0. Please cite this page as http://oracc.org/riao/Q004531/.",
			"designation": "Ashurnasirpal II 077",
			"display_name": "RINAP Ashurnasirpal II 077",
			"genre": "Royal Inscription",
			"id_composite": "Q004531",
			"language": "Akkadian",
			"period": "Neo-Assyrian",
			"pleiades_id": "894019",
			"popular_name": "RIMA 2 A.0.101.77",
			"primary_publication": "Ashurnasirpal II 077",
			"project": "riao",
			"provenience": "Nimrud (Kalhu)",
			"Q_designation": "Ashurnasirpal II 077",
			"riao_attribution": "Based on A. Kirk Grayson, Assyrian Rulers of the Early First Millennium BC I (1114-859 BC) (RIMA 2), Toronto,  1991. Adapted by Jamie Novotny (2015-16) and lemmatized and updated by Nathan Morello (2016-17) for the Alexander von Humboldt Foundation-funded OIMEA Project at the Historisches Seminar - Abteilung Alte Geschichte of Ludwig-Maximilians-Universität München. The annotated edition is released under the Creative Commons Attribution Share-Alike license 3.0.",
			"ruler": "Ashurnasirpal II",
			"subgenre": "Ashurnasirpal II",
			"subproject": "ria4",
			"supergenre": "LIT"
		},
		"geometry": {
			"type": "Point",
			"coordinates": [43.3275,36.099167]
		}
	}, {
		"type": "Feature",
		"properties": {
			"cite_as": "Please cite this page as http://oracc.org/riao/Q004532/.",
			"credits": "Based on A. Kirk Grayson, Assyrian Rulers of the Early First Millennium BC I (1114-859 BC) (RIMA 2), Toronto,  1991. Adapted by Jamie Novotny (2015-16) and lemmatized and updated by Nathan Morello (2016-17) for the Alexander von Humboldt Foundation-funded OIMEA Project at the Historisches Seminar - Abteilung Alte Geschichte of Ludwig-Maximilians-Universität München. The annotated edition is released under the Creative Commons Attribution Share-Alike license 3.0. Please cite this page as http://oracc.org/riao/Q004532/.",
			"designation": "Ashurnasirpal II 078",
			"display_name": "RINAP Ashurnasirpal II 078",
			"genre": "Royal Inscription",
			"id_composite": "Q004532",
			"language": "Akkadian",
			"period": "Neo-Assyrian",
			"pleiades_id": "894019",
			"popular_name": "RIMA 2 A.0.101.78",
			"primary_publication": "Ashurnasirpal II 078",
			"project": "riao",
			"provenience": "Nimrud (Kalhu)",
			"Q_designation": "Ashurnasirpal II 078",
			"riao_attribution": "Based on A. Kirk Grayson, Assyrian Rulers of the Early First Millennium BC I (1114-859 BC) (RIMA 2), Toronto,  1991. Adapted by Jamie Novotny (2015-16) and lemmatized and updated by Nathan Morello (2016-17) for the Alexander von Humboldt Foundation-funded OIMEA Project at the Historisches Seminar - Abteilung Alte Geschichte of Ludwig-Maximilians-Universität München. The annotated edition is released under the Creative Commons Attribution Share-Alike license 3.0.",
			"ruler": "Ashurnasirpal II",
			"subgenre": "Ashurnasirpal II",
			"subproject": "ria4",
			"supergenre": "LIT"
		},
		"geometry": {
			"type": "Point",
			"coordinates": [43.3275,36.099167]
		}
	}, {
		"type": "Feature",
		"properties": {
			"cdli_id": "P464598",
			"cite_as": "Please cite this page as http://oracc.org/riao/Q004533/.",
			"collection": "unlocated",
			"credits": "Based on A. Kirk Grayson, Assyrian Rulers of the Early First Millennium BC I (1114-859 BC) (RIMA 2), Toronto,  1991. Adapted by Jamie Novotny (2015-16) and lemmatized and updated by Nathan Morello (2016-17) for the Alexander von Humboldt Foundation-funded OIMEA Project at the Historisches Seminar - Abteilung Alte Geschichte of Ludwig-Maximilians-Universität München. The annotated edition is released under the Creative Commons Attribution Share-Alike license 3.0. Please cite this page as http://oracc.org/riao/Q004533/.",
			"designation": "Ashurnasirpal II 079",
			"display_name": "RINAP Ashurnasirpal II 079",
			"exemplar_number": "1",
			"exemplars": "unknown",
			"findspots": "Kuyunjik (Nineveh)",
			"genre": "Royal Inscription",
			"id_composite": "Q004533",
			"language": "Akkadian",
			"material": "stone",
			"object_type": "obelisk",
			"period": "Neo-Assyrian",
			"pleiades_id": "894019",
			"popular_name": "RIMA 2 A.0.101.79",
			"primary_publication": "Ashurnasirpal II 079",
			"project": "riao",
			"provenience": "Kuyunjik (Nineveh)",
			"Q_designation": "Ashurnasirpal II 079",
			"riao_attribution": "Based on A. Kirk Grayson, Assyrian Rulers of the Early First Millennium BC I (1114-859 BC) (RIMA 2), Toronto,  1991. Adapted by Jamie Novotny (2015-16) and lemmatized and updated by Nathan Morello (2016-17) for the Alexander von Humboldt Foundation-funded OIMEA Project at the Historisches Seminar - Abteilung Alte Geschichte of Ludwig-Maximilians-Universität München. The annotated edition is released under the Creative Commons Attribution Share-Alike license 3.0.",
			"ruler": "Ashurnasirpal II",
			"subgenre": "Ashurnasirpal II",
			"subproject": "ria4",
			"supergenre": "LIT"
		},
		"geometry": {
			"type": "Point",
			"coordinates": [43.151937,36.358684]
		}
	}, {
		"type": "Feature",
		"properties": {
			"cdli_id": "P464599",
			"cite_as": "Please cite this page as http://oracc.org/riao/Q004534/.",
			"collection": "British Museum, London, UK",
			"credits": "Based on A. Kirk Grayson, Assyrian Rulers of the Early First Millennium BC I (1114-859 BC) (RIMA 2), Toronto,  1991. Adapted by Jamie Novotny (2015-16) and lemmatized and updated by Nathan Morello (2016-17) for the Alexander von Humboldt Foundation-funded OIMEA Project at the Historisches Seminar - Abteilung Alte Geschichte of Ludwig-Maximilians-Universität München. The annotated edition is released under the Creative Commons Attribution Share-Alike license 3.0. Please cite this page as http://oracc.org/riao/Q004534/.",
			"designation": "Ashurnasirpal II 080",
			"display_name": "RINAP Ashurnasirpal II 080",
			"exemplar_number": "1",
			"exemplars": "BM 124685 (Rm 1065)",
			"findspots": "Balawat (Imgur-Enlil)",
			"genre": "Royal Inscription",
			"id_composite": "Q004534",
			"language": "Akkadian",
			"material": "metal: bronze",
			"object_type": "band",
			"period": "Neo-Assyrian",
			"pleiades_id": "90032637",
			"popular_name": "RIMA 2 A.0.101.80",
			"primary_publication": "Ashurnasirpal II 080",
			"project": "riao",
			"provenience": "Balawat (Imgur-Enlil)",
			"Q_designation": "Ashurnasirpal II 080",
			"riao_attribution": "Based on A. Kirk Grayson, Assyrian Rulers of the Early First Millennium BC I (1114-859 BC) (RIMA 2), Toronto,  1991. Adapted by Jamie Novotny (2015-16) and lemmatized and updated by Nathan Morello (2016-17) for the Alexander von Humboldt Foundation-funded OIMEA Project at the Historisches Seminar - Abteilung Alte Geschichte of Ludwig-Maximilians-Universität München. The annotated edition is released under the Creative Commons Attribution Share-Alike license 3.0.",
			"ruler": "Ashurnasirpal II",
			"subgenre": "Ashurnasirpal II",
			"subproject": "ria4",
			"supergenre": "LIT"
		},
		"geometry": {
			"type": "Point",
			"coordinates": [43.414221,36.221946]
		}
	}, {
		"type": "Feature",
		"properties": {
			"cdli_id": "P464600",
			"cite_as": "Please cite this page as http://oracc.org/riao/Q004535/.",
			"collection": "British Museum, London, UK",
			"credits": "Based on A. Kirk Grayson, Assyrian Rulers of the Early First Millennium BC I (1114-859 BC) (RIMA 2), Toronto,  1991. Adapted by Jamie Novotny (2015-16) and lemmatized and updated by Nathan Morello (2016-17) for the Alexander von Humboldt Foundation-funded OIMEA Project at the Historisches Seminar - Abteilung Alte Geschichte of Ludwig-Maximilians-Universität München. The annotated edition is released under the Creative Commons Attribution Share-Alike license 3.0. Please cite this page as http://oracc.org/riao/Q004535/.",
			"designation": "Ashurnasirpal II 081",
			"display_name": "RINAP Ashurnasirpal II 081",
			"exemplar_number": "1",
			"exemplars": "BM 124686 (Rm 1066)",
			"findspots": "Balawat (Imgur-Enlil)",
			"genre": "Royal Inscription",
			"id_composite": "Q004535",
			"language": "Akkadian",
			"material": "metal: bronze",
			"object_type": "band",
			"period": "Neo-Assyrian",
			"pleiades_id": "90032637",
			"popular_name": "RIMA 2 A.0.101.81",
			"primary_publication": "Ashurnasirpal II 081",
			"project": "riao",
			"provenience": "Balawat (Imgur-Enlil)",
			"Q_designation": "Ashurnasirpal II 081",
			"riao_attribution": "Based on A. Kirk Grayson, Assyrian Rulers of the Early First Millennium BC I (1114-859 BC) (RIMA 2), Toronto,  1991. Adapted by Jamie Novotny (2015-16) and lemmatized and updated by Nathan Morello (2016-17) for the Alexander von Humboldt Foundation-funded OIMEA Project at the Historisches Seminar - Abteilung Alte Geschichte of Ludwig-Maximilians-Universität München. The annotated edition is released under the Creative Commons Attribution Share-Alike license 3.0.",
			"ruler": "Ashurnasirpal II",
			"subgenre": "Ashurnasirpal II",
			"subproject": "ria4",
			"supergenre": "LIT"
		},
		"geometry": {
			"type": "Point",
			"coordinates": [43.414221,36.221946]
		}
	}, {
		"type": "Feature",
		"properties": {
			"cdli_id": "P464601",
			"cite_as": "Please cite this page as http://oracc.org/riao/Q004536/.",
			"collection": "British Museum, London, UK",
			"credits": "Based on A. Kirk Grayson, Assyrian Rulers of the Early First Millennium BC I (1114-859 BC) (RIMA 2), Toronto,  1991. Adapted by Jamie Novotny (2015-16) and lemmatized and updated by Nathan Morello (2016-17) for the Alexander von Humboldt Foundation-funded OIMEA Project at the Historisches Seminar - Abteilung Alte Geschichte of Ludwig-Maximilians-Universität München. The annotated edition is released under the Creative Commons Attribution Share-Alike license 3.0. Please cite this page as http://oracc.org/riao/Q004536/.",
			"designation": "Ashurnasirpal II 082",
			"display_name": "RINAP Ashurnasirpal II 082",
			"exemplar_number": "1",
			"exemplars": "BM 124687 (Rm 1067)",
			"findspots": "Balawat (Imgur-Enlil)",
			"genre": "Royal Inscription",
			"id_composite": "Q004536",
			"language": "Akkadian",
			"material": "metal: bronze",
			"object_type": "band",
			"period": "Neo-Assyrian",
			"pleiades_id": "90032637",
			"popular_name": "RIMA 2 A.0.101.82",
			"primary_publication": "Ashurnasirpal II 082",
			"project": "riao",
			"provenience": "Balawat (Imgur-Enlil)",
			"Q_designation": "Ashurnasirpal II 082",
			"riao_attribution": "Based on A. Kirk Grayson, Assyrian Rulers of the Early First Millennium BC I (1114-859 BC) (RIMA 2), Toronto,  1991. Adapted by Jamie Novotny (2015-16) and lemmatized and updated by Nathan Morello (2016-17) for the Alexander von Humboldt Foundation-funded OIMEA Project at the Historisches Seminar - Abteilung Alte Geschichte of Ludwig-Maximilians-Universität München. The annotated edition is released under the Creative Commons Attribution Share-Alike license 3.0.",
			"ruler": "Ashurnasirpal II",
			"subgenre": "Ashurnasirpal II",
			"subproject": "ria4",
			"supergenre": "LIT"
		},
		"geometry": {
			"type": "Point",
			"coordinates": [43.414221,36.221946]
		}
	}, {
		"type": "Feature",
		"properties": {
			"cdli_id": "P464602",
			"cite_as": "Please cite this page as http://oracc.org/riao/Q004537/.",
			"collection": "British Museum, London, UK",
			"credits": "Based on A. Kirk Grayson, Assyrian Rulers of the Early First Millennium BC I (1114-859 BC) (RIMA 2), Toronto,  1991. Adapted by Jamie Novotny (2015-16) and lemmatized and updated by Nathan Morello (2016-17) for the Alexander von Humboldt Foundation-funded OIMEA Project at the Historisches Seminar - Abteilung Alte Geschichte of Ludwig-Maximilians-Universität München. The annotated edition is released under the Creative Commons Attribution Share-Alike license 3.0. Please cite this page as http://oracc.org/riao/Q004537/.",
			"designation": "Ashurnasirpal II 083",
			"display_name": "RINAP Ashurnasirpal II 083",
			"exemplar_number": "1",
			"exemplars": "BM 124688 (Rm 1068)",
			"findspots": "Balawat (Imgur-Enlil)",
			"genre": "Royal Inscription",
			"id_composite": "Q004537",
			"language": "Akkadian",
			"material": "metal: bronze",
			"object_type": "band",
			"period": "Neo-Assyrian",
			"pleiades_id": "90032637",
			"popular_name": "RIMA 2 A.0.101.83",
			"primary_publication": "Ashurnasirpal II 083",
			"project": "riao",
			"provenience": "Balawat (Imgur-Enlil)",
			"Q_designation": "Ashurnasirpal II 083",
			"riao_attribution": "Based on A. Kirk Grayson, Assyrian Rulers of the Early First Millennium BC I (1114-859 BC) (RIMA 2), Toronto,  1991. Adapted by Jamie Novotny (2015-16) and lemmatized and updated by Nathan Morello (2016-17) for the Alexander von Humboldt Foundation-funded OIMEA Project at the Historisches Seminar - Abteilung Alte Geschichte of Ludwig-Maximilians-Universität München. The annotated edition is released under the Creative Commons Attribution Share-Alike license 3.0.",
			"ruler": "Ashurnasirpal II",
			"subgenre": "Ashurnasirpal II",
			"subproject": "ria4",
			"supergenre": "LIT"
		},
		"geometry": {
			"type": "Point",
			"coordinates": [43.414221,36.221946]
		}
	}, {
		"type": "Feature",
		"properties": {
			"cdli_id": "P464603",
			"cite_as": "Please cite this page as http://oracc.org/riao/Q004538/.",
			"collection": "British Museum, London, UK",
			"credits": "Based on A. Kirk Grayson, Assyrian Rulers of the Early First Millennium BC I (1114-859 BC) (RIMA 2), Toronto,  1991. Adapted by Jamie Novotny (2015-16) and lemmatized and updated by Nathan Morello (2016-17) for the Alexander von Humboldt Foundation-funded OIMEA Project at the Historisches Seminar - Abteilung Alte Geschichte of Ludwig-Maximilians-Universität München. The annotated edition is released under the Creative Commons Attribution Share-Alike license 3.0. Please cite this page as http://oracc.org/riao/Q004538/.",
			"designation": "Ashurnasirpal II 084",
			"display_name": "RINAP Ashurnasirpal II 084",
			"exemplar_number": "1",
			"exemplars": "BM 124689 (Rm 1069)",
			"findspots": "Balawat (Imgur-Enlil)",
			"genre": "Royal Inscription",
			"id_composite": "Q004538",
			"language": "Akkadian",
			"material": "metal: bronze",
			"object_type": "band",
			"period": "Neo-Assyrian",
			"pleiades_id": "90032637",
			"popular_name": "RIMA 2 A.0.101.84",
			"primary_publication": "Ashurnasirpal II 084",
			"project": "riao",
			"provenience": "Balawat (Imgur-Enlil)",
			"Q_designation": "Ashurnasirpal II 084",
			"riao_attribution": "Based on A. Kirk Grayson, Assyrian Rulers of the Early First Millennium BC I (1114-859 BC) (RIMA 2), Toronto,  1991. Adapted by Jamie Novotny (2015-16) and lemmatized and updated by Nathan Morello (2016-17) for the Alexander von Humboldt Foundation-funded OIMEA Project at the Historisches Seminar - Abteilung Alte Geschichte of Ludwig-Maximilians-Universität München. The annotated edition is released under the Creative Commons Attribution Share-Alike license 3.0.",
			"ruler": "Ashurnasirpal II",
			"subgenre": "Ashurnasirpal II",
			"subproject": "ria4",
			"supergenre": "LIT"
		},
		"geometry": {
			"type": "Point",
			"coordinates": [43.414221,36.221946]
		}
	}, {
		"type": "Feature",
		"properties": {
			"cdli_id": "P464604",
			"cite_as": "Please cite this page as http://oracc.org/riao/Q004539/.",
			"collection": "British Museum, London, UK",
			"credits": "Based on A. Kirk Grayson, Assyrian Rulers of the Early First Millennium BC I (1114-859 BC) (RIMA 2), Toronto,  1991. Adapted by Jamie Novotny (2015-16) and lemmatized and updated by Nathan Morello (2016-17) for the Alexander von Humboldt Foundation-funded OIMEA Project at the Historisches Seminar - Abteilung Alte Geschichte of Ludwig-Maximilians-Universität München. The annotated edition is released under the Creative Commons Attribution Share-Alike license 3.0. Please cite this page as http://oracc.org/riao/Q004539/.",
			"designation": "Ashurnasirpal II 085",
			"display_name": "RINAP Ashurnasirpal II 085",
			"exemplar_number": "1",
			"exemplars": "BM 124690 (Rm 1070)",
			"findspots": "Balawat (Imgur-Enlil)",
			"genre": "Royal Inscription",
			"id_composite": "Q004539",
			"language": "Akkadian",
			"material": "metal: bronze",
			"object_type": "band",
			"period": "Neo-Assyrian",
			"pleiades_id": "90032637",
			"popular_name": "RIMA 2 A.0.101.85",
			"primary_publication": "Ashurnasirpal II 085",
			"project": "riao",
			"provenience": "Balawat (Imgur-Enlil)",
			"Q_designation": "Ashurnasirpal II 085",
			"riao_attribution": "Based on A. Kirk Grayson, Assyrian Rulers of the Early First Millennium BC I (1114-859 BC) (RIMA 2), Toronto,  1991. Adapted by Jamie Novotny (2015-16) and lemmatized and updated by Nathan Morello (2016-17) for the Alexander von Humboldt Foundation-funded OIMEA Project at the Historisches Seminar - Abteilung Alte Geschichte of Ludwig-Maximilians-Universität München. The annotated edition is released under the Creative Commons Attribution Share-Alike license 3.0.",
			"ruler": "Ashurnasirpal II",
			"subgenre": "Ashurnasirpal II",
			"subproject": "ria4",
			"supergenre": "LIT"
		},
		"geometry": {
			"type": "Point",
			"coordinates": [43.414221,36.221946]
		}
	}, {
		"type": "Feature",
		"properties": {
			"cdli_id": "P464605",
			"cite_as": "Please cite this page as http://oracc.org/riao/Q004540/.",
			"collection": "British Museum, London, UK",
			"credits": "Based on A. Kirk Grayson, Assyrian Rulers of the Early First Millennium BC I (1114-859 BC) (RIMA 2), Toronto,  1991. Adapted by Jamie Novotny (2015-16) and lemmatized and updated by Nathan Morello (2016-17) for the Alexander von Humboldt Foundation-funded OIMEA Project at the Historisches Seminar - Abteilung Alte Geschichte of Ludwig-Maximilians-Universität München. The annotated edition is released under the Creative Commons Attribution Share-Alike license 3.0. Please cite this page as http://oracc.org/riao/Q004540/.",
			"designation": "Ashurnasirpal II 086",
			"display_name": "RINAP Ashurnasirpal II 086",
			"exemplar_number": "1",
			"exemplars": "BM 124691 (Rm 1071)",
			"findspots": "Balawat (Imgur-Enlil)",
			"genre": "Royal Inscription",
			"id_composite": "Q004540",
			"language": "Akkadian",
			"material": "metal: bronze",
			"object_type": "band",
			"period": "Neo-Assyrian",
			"pleiades_id": "90032637",
			"popular_name": "RIMA 2 A.0.101.86",
			"primary_publication": "Ashurnasirpal II 086",
			"project": "riao",
			"provenience": "Balawat (Imgur-Enlil)",
			"Q_designation": "Ashurnasirpal II 086",
			"riao_attribution": "Based on A. Kirk Grayson, Assyrian Rulers of the Early First Millennium BC I (1114-859 BC) (RIMA 2), Toronto,  1991. Adapted by Jamie Novotny (2015-16) and lemmatized and updated by Nathan Morello (2016-17) for the Alexander von Humboldt Foundation-funded OIMEA Project at the Historisches Seminar - Abteilung Alte Geschichte of Ludwig-Maximilians-Universität München. The annotated edition is released under the Creative Commons Attribution Share-Alike license 3.0.",
			"ruler": "Ashurnasirpal II",
			"subgenre": "Ashurnasirpal II",
			"subproject": "ria4",
			"supergenre": "LIT"
		},
		"geometry": {
			"type": "Point",
			"coordinates": [43.414221,36.221946]
		}
	}, {
		"type": "Feature",
		"properties": {
			"cdli_id": "P464606",
			"cite_as": "Please cite this page as http://oracc.org/riao/Q004541/.",
			"collection": "British Museum, London, UK",
			"credits": "Based on A. Kirk Grayson, Assyrian Rulers of the Early First Millennium BC I (1114-859 BC) (RIMA 2), Toronto,  1991. Adapted by Jamie Novotny (2015-16) and lemmatized and updated by Nathan Morello (2016-17) for the Alexander von Humboldt Foundation-funded OIMEA Project at the Historisches Seminar - Abteilung Alte Geschichte of Ludwig-Maximilians-Universität München. The annotated edition is released under the Creative Commons Attribution Share-Alike license 3.0. Please cite this page as http://oracc.org/riao/Q004541/.",
			"designation": "Ashurnasirpal II 087",
			"display_name": "RINAP Ashurnasirpal II 087",
			"exemplar_number": "1",
			"exemplars": "BM 124692 (Rm 1072)",
			"findspots": "Balawat (Imgur-Enlil)",
			"genre": "Royal Inscription",
			"id_composite": "Q004541",
			"language": "Akkadian",
			"material": "metal: bronze",
			"object_type": "band",
			"period": "Neo-Assyrian",
			"pleiades_id": "90032637",
			"popular_name": "RIMA 2 A.0.101.87",
			"primary_publication": "Ashurnasirpal II 087",
			"project": "riao",
			"provenience": "Balawat (Imgur-Enlil)",
			"Q_designation": "Ashurnasirpal II 087",
			"riao_attribution": "Based on A. Kirk Grayson, Assyrian Rulers of the Early First Millennium BC I (1114-859 BC) (RIMA 2), Toronto,  1991. Adapted by Jamie Novotny (2015-16) and lemmatized and updated by Nathan Morello (2016-17) for the Alexander von Humboldt Foundation-funded OIMEA Project at the Historisches Seminar - Abteilung Alte Geschichte of Ludwig-Maximilians-Universität München. The annotated edition is released under the Creative Commons Attribution Share-Alike license 3.0.",
			"ruler": "Ashurnasirpal II",
			"subgenre": "Ashurnasirpal II",
			"subproject": "ria4",
			"supergenre": "LIT"
		},
		"geometry": {
			"type": "Point",
			"coordinates": [43.414221,36.221946]
		}
	}, {
		"type": "Feature",
		"properties": {
			"cdli_id": "P464607; P464608",
			"cite_as": "Please cite this page as http://oracc.org/riao/Q004542/.",
			"collection": "British Museum, London, UK",
			"credits": "Based on A. Kirk Grayson, Assyrian Rulers of the Early First Millennium BC I (1114-859 BC) (RIMA 2), Toronto,  1991. Adapted by Jamie Novotny (2015-16) and lemmatized and updated by Nathan Morello (2016-17) for the Alexander von Humboldt Foundation-funded OIMEA Project at the Historisches Seminar - Abteilung Alte Geschichte of Ludwig-Maximilians-Universität München. The annotated edition is released under the Creative Commons Attribution Share-Alike license 3.0. Please cite this page as http://oracc.org/riao/Q004542/.",
			"designation": "Ashurnasirpal II 088",
			"display_name": "RINAP Ashurnasirpal II 088",
			"exemplar_number": "2",
			"exemplars": "BM 124693 (Rm 1073); BM 124694 (Rm 1074)",
			"findspots": "Balawat (Imgur-Enlil)",
			"genre": "Royal Inscription",
			"id_composite": "Q004542",
			"language": "Akkadian",
			"material": "metal: bronze",
			"object_type": "band",
			"period": "Neo-Assyrian",
			"pleiades_id": "90032637",
			"popular_name": "RIMA 2 A.0.101.88",
			"primary_publication": "Ashurnasirpal II 088",
			"project": "riao",
			"provenience": "Balawat (Imgur-Enlil)",
			"Q_designation": "Ashurnasirpal II 088",
			"riao_attribution": "Based on A. Kirk Grayson, Assyrian Rulers of the Early First Millennium BC I (1114-859 BC) (RIMA 2), Toronto,  1991. Adapted by Jamie Novotny (2015-16) and lemmatized and updated by Nathan Morello (2016-17) for the Alexander von Humboldt Foundation-funded OIMEA Project at the Historisches Seminar - Abteilung Alte Geschichte of Ludwig-Maximilians-Universität München. The annotated edition is released under the Creative Commons Attribution Share-Alike license 3.0.",
			"ruler": "Ashurnasirpal II",
			"subgenre": "Ashurnasirpal II",
			"subproject": "ria4",
			"supergenre": "LIT"
		},
		"geometry": {
			"type": "Point",
			"coordinates": [43.414221,36.221946]
		}
	}, {
		"type": "Feature",
		"properties": {
			"cite_as": "Please cite this page as http://oracc.org/riao/Q004543/.",
			"credits": "Based on A. Kirk Grayson, Assyrian Rulers of the Early First Millennium BC I (1114-859 BC) (RIMA 2), Toronto,  1991. Adapted by Jamie Novotny (2015-16) and lemmatized and updated by Nathan Morello (2016-17) for the Alexander von Humboldt Foundation-funded OIMEA Project at the Historisches Seminar - Abteilung Alte Geschichte of Ludwig-Maximilians-Universität München. The annotated edition is released under the Creative Commons Attribution Share-Alike license 3.0. Please cite this page as http://oracc.org/riao/Q004543/.",
			"designation": "Ashurnasirpal II 089",
			"display_name": "RINAP Ashurnasirpal II 089",
			"genre": "Royal Inscription",
			"id_composite": "Q004543",
			"language": "Akkadian",
			"period": "Neo-Assyrian",
			"pleiades_id": "90032637",
			"popular_name": "RIMA 2 A.0.101.89",
			"primary_publication": "Ashurnasirpal II 089",
			"project": "riao",
			"provenience": "Balawat (Imgur-Enlil)",
			"Q_designation": "Ashurnasirpal II 089",
			"riao_attribution": "Based on A. Kirk Grayson, Assyrian Rulers of the Early First Millennium BC I (1114-859 BC) (RIMA 2), Toronto,  1991. Adapted by Jamie Novotny (2015-16) and lemmatized and updated by Nathan Morello (2016-17) for the Alexander von Humboldt Foundation-funded OIMEA Project at the Historisches Seminar - Abteilung Alte Geschichte of Ludwig-Maximilians-Universität München. The annotated edition is released under the Creative Commons Attribution Share-Alike license 3.0.",
			"ruler": "Ashurnasirpal II",
			"subgenre": "Ashurnasirpal II",
			"subproject": "ria4",
			"supergenre": "LIT"
		},
		"geometry": {
			"type": "Point",
			"coordinates": [43.414221,36.221946]
		}
	}, {
		"type": "Feature",
		"properties": {
			"cdli_id": "P464609",
			"cite_as": "Please cite this page as http://oracc.org/riao/Q004544/.",
			"collection": "British Museum, London, UK",
			"credits": "Based on A. Kirk Grayson, Assyrian Rulers of the Early First Millennium BC I (1114-859 BC) (RIMA 2), Toronto,  1991. Adapted by Jamie Novotny (2015-16) and lemmatized and updated by Nathan Morello (2016-17) for the Alexander von Humboldt Foundation-funded OIMEA Project at the Historisches Seminar - Abteilung Alte Geschichte of Ludwig-Maximilians-Universität München. The annotated edition is released under the Creative Commons Attribution Share-Alike license 3.0. Please cite this page as http://oracc.org/riao/Q004544/.",
			"designation": "Ashurnasirpal II 090",
			"display_name": "RINAP Ashurnasirpal II 090",
			"exemplar_number": "1",
			"exemplars": "BM 124695 (Rm 1075)",
			"findspots": "Balawat (Imgur-Enlil)",
			"genre": "Royal Inscription",
			"id_composite": "Q004544",
			"language": "Akkadian",
			"material": "metal: bronze",
			"object_type": "band",
			"period": "Neo-Assyrian",
			"pleiades_id": "90032637",
			"popular_name": "RIMA 2 A.0.101.90",
			"primary_publication": "Ashurnasirpal II 090",
			"project": "riao",
			"provenience": "Balawat (Imgur-Enlil)",
			"Q_designation": "Ashurnasirpal II 090",
			"riao_attribution": "Based on A. Kirk Grayson, Assyrian Rulers of the Early First Millennium BC I (1114-859 BC) (RIMA 2), Toronto,  1991. Adapted by Jamie Novotny (2015-16) and lemmatized and updated by Nathan Morello (2016-17) for the Alexander von Humboldt Foundation-funded OIMEA Project at the Historisches Seminar - Abteilung Alte Geschichte of Ludwig-Maximilians-Universität München. The annotated edition is released under the Creative Commons Attribution Share-Alike license 3.0.",
			"ruler": "Ashurnasirpal II",
			"subgenre": "Ashurnasirpal II",
			"subproject": "ria4",
			"supergenre": "LIT"
		},
		"geometry": {
			"type": "Point",
			"coordinates": [43.414221,36.221946]
		}
	}, {
		"type": "Feature",
		"properties": {
			"cdli_id": "P464610",
			"cite_as": "Please cite this page as http://oracc.org/riao/Q004545/.",
			"collection": "British Museum, London, UK",
			"credits": "Based on A. Kirk Grayson, Assyrian Rulers of the Early First Millennium BC I (1114-859 BC) (RIMA 2), Toronto,  1991. Adapted by Jamie Novotny (2015-16) and lemmatized and updated by Nathan Morello (2016-17) for the Alexander von Humboldt Foundation-funded OIMEA Project at the Historisches Seminar - Abteilung Alte Geschichte of Ludwig-Maximilians-Universität München. The annotated edition is released under the Creative Commons Attribution Share-Alike license 3.0. Please cite this page as http://oracc.org/riao/Q004545/.",
			"designation": "Ashurnasirpal II 091",
			"display_name": "RINAP Ashurnasirpal II 091",
			"exemplar_number": "1",
			"exemplars": "BM 124696 (Rm 1076)",
			"findspots": "Balawat (Imgur-Enlil)",
			"genre": "Royal Inscription",
			"id_composite": "Q004545",
			"language": "Akkadian",
			"material": "metal: bronze",
			"object_type": "band",
			"period": "Neo-Assyrian",
			"pleiades_id": "90032637",
			"popular_name": "RIMA 2 A.0.101.91",
			"primary_publication": "Ashurnasirpal II 091",
			"project": "riao",
			"provenience": "Balawat (Imgur-Enlil)",
			"Q_designation": "Ashurnasirpal II 091",
			"riao_attribution": "Based on A. Kirk Grayson, Assyrian Rulers of the Early First Millennium BC I (1114-859 BC) (RIMA 2), Toronto,  1991. Adapted by Jamie Novotny (2015-16) and lemmatized and updated by Nathan Morello (2016-17) for the Alexander von Humboldt Foundation-funded OIMEA Project at the Historisches Seminar - Abteilung Alte Geschichte of Ludwig-Maximilians-Universität München. The annotated edition is released under the Creative Commons Attribution Share-Alike license 3.0.",
			"ruler": "Ashurnasirpal II",
			"subgenre": "Ashurnasirpal II",
			"subproject": "ria4",
			"supergenre": "LIT"
		},
		"geometry": {
			"type": "Point",
			"coordinates": [43.414221,36.221946]
		}
	}, {
		"type": "Feature",
		"properties": {
			"cdli_id": "P464611",
			"cite_as": "Please cite this page as http://oracc.org/riao/Q004546/.",
			"collection": "British Museum, London, UK",
			"credits": "Based on A. Kirk Grayson, Assyrian Rulers of the Early First Millennium BC I (1114-859 BC) (RIMA 2), Toronto,  1991. Adapted by Jamie Novotny (2015-16) and lemmatized and updated by Nathan Morello (2016-17) for the Alexander von Humboldt Foundation-funded OIMEA Project at the Historisches Seminar - Abteilung Alte Geschichte of Ludwig-Maximilians-Universität München. The annotated edition is released under the Creative Commons Attribution Share-Alike license 3.0. Please cite this page as http://oracc.org/riao/Q004546/.",
			"designation": "Ashurnasirpal II 092",
			"display_name": "RINAP Ashurnasirpal II 092",
			"exemplar_number": "1",
			"exemplars": "BM 124697 (Rm 1077)",
			"findspots": "Balawat (Imgur-Enlil)",
			"genre": "Royal Inscription",
			"id_composite": "Q004546",
			"language": "Akkadian",
			"material": "metal: bronze",
			"object_type": "band",
			"period": "Neo-Assyrian",
			"pleiades_id": "90032637",
			"popular_name": "RIMA 2 A.0.101.92",
			"primary_publication": "Ashurnasirpal II 092",
			"project": "riao",
			"provenience": "Balawat (Imgur-Enlil)",
			"Q_designation": "Ashurnasirpal II 092",
			"riao_attribution": "Based on A. Kirk Grayson, Assyrian Rulers of the Early First Millennium BC I (1114-859 BC) (RIMA 2), Toronto,  1991. Adapted by Jamie Novotny (2015-16) and lemmatized and updated by Nathan Morello (2016-17) for the Alexander von Humboldt Foundation-funded OIMEA Project at the Historisches Seminar - Abteilung Alte Geschichte of Ludwig-Maximilians-Universität München. The annotated edition is released under the Creative Commons Attribution Share-Alike license 3.0.",
			"ruler": "Ashurnasirpal II",
			"subgenre": "Ashurnasirpal II",
			"subproject": "ria4",
			"supergenre": "LIT"
		},
		"geometry": {
			"type": "Point",
			"coordinates": [43.414221,36.221946]
		}
	}, {
		"type": "Feature",
		"properties": {
			"cdli_id": "P464612",
			"cite_as": "Please cite this page as http://oracc.org/riao/Q004547/.",
			"collection": "British Museum, London, UK",
			"credits": "Based on A. Kirk Grayson, Assyrian Rulers of the Early First Millennium BC I (1114-859 BC) (RIMA 2), Toronto,  1991. Adapted by Jamie Novotny (2015-16) and lemmatized and updated by Nathan Morello (2016-17) for the Alexander von Humboldt Foundation-funded OIMEA Project at the Historisches Seminar - Abteilung Alte Geschichte of Ludwig-Maximilians-Universität München. The annotated edition is released under the Creative Commons Attribution Share-Alike license 3.0. Please cite this page as http://oracc.org/riao/Q004547/.",
			"designation": "Ashurnasirpal II 093",
			"display_name": "RINAP Ashurnasirpal II 093",
			"exemplar_number": "1",
			"exemplars": "BM 124698 (Rm 1078)",
			"findspots": "Balawat (Imgur-Enlil)",
			"genre": "Royal Inscription",
			"id_composite": "Q004547",
			"language": "Akkadian",
			"material": "metal: bronze",
			"object_type": "band",
			"period": "Neo-Assyrian",
			"pleiades_id": "90032637",
			"popular_name": "RIMA 2 A.0.101.93",
			"primary_publication": "Ashurnasirpal II 093",
			"project": "riao",
			"provenience": "Balawat (Imgur-Enlil)",
			"Q_designation": "Ashurnasirpal II 093",
			"riao_attribution": "Based on A. Kirk Grayson, Assyrian Rulers of the Early First Millennium BC I (1114-859 BC) (RIMA 2), Toronto,  1991. Adapted by Jamie Novotny (2015-16) and lemmatized and updated by Nathan Morello (2016-17) for the Alexander von Humboldt Foundation-funded OIMEA Project at the Historisches Seminar - Abteilung Alte Geschichte of Ludwig-Maximilians-Universität München. The annotated edition is released under the Creative Commons Attribution Share-Alike license 3.0.",
			"ruler": "Ashurnasirpal II",
			"subgenre": "Ashurnasirpal II",
			"subproject": "ria4",
			"supergenre": "LIT"
		},
		"geometry": {
			"type": "Point",
			"coordinates": [43.414221,36.221946]
		}
	}, {
		"type": "Feature",
		"properties": {
			"cdli_id": "P464613",
			"cite_as": "Please cite this page as http://oracc.org/riao/Q004548/.",
			"collection": "British Museum, London, UK",
			"credits": "Based on A. Kirk Grayson, Assyrian Rulers of the Early First Millennium BC I (1114-859 BC) (RIMA 2), Toronto,  1991. Adapted by Jamie Novotny (2015-16) and lemmatized and updated by Nathan Morello (2016-17) for the Alexander von Humboldt Foundation-funded OIMEA Project at the Historisches Seminar - Abteilung Alte Geschichte of Ludwig-Maximilians-Universität München. The annotated edition is released under the Creative Commons Attribution Share-Alike license 3.0. Please cite this page as http://oracc.org/riao/Q004548/.",
			"designation": "Ashurnasirpal II 094",
			"display_name": "RINAP Ashurnasirpal II 094",
			"exemplar_number": "1",
			"exemplars": "BM 124699 (Rm 1079)",
			"findspots": "Balawat (Imgur-Enlil)",
			"genre": "Royal Inscription",
			"id_composite": "Q004548",
			"language": "Akkadian",
			"material": "metal: bronze",
			"object_type": "band",
			"period": "Neo-Assyrian",
			"pleiades_id": "90032637",
			"popular_name": "RIMA 2 A.0.101.94",
			"primary_publication": "Ashurnasirpal II 094",
			"project": "riao",
			"provenience": "Balawat (Imgur-Enlil)",
			"Q_designation": "Ashurnasirpal II 094",
			"riao_attribution": "Based on A. Kirk Grayson, Assyrian Rulers of the Early First Millennium BC I (1114-859 BC) (RIMA 2), Toronto,  1991. Adapted by Jamie Novotny (2015-16) and lemmatized and updated by Nathan Morello (2016-17) for the Alexander von Humboldt Foundation-funded OIMEA Project at the Historisches Seminar - Abteilung Alte Geschichte of Ludwig-Maximilians-Universität München. The annotated edition is released under the Creative Commons Attribution Share-Alike license 3.0.",
			"ruler": "Ashurnasirpal II",
			"subgenre": "Ashurnasirpal II",
			"subproject": "ria4",
			"supergenre": "LIT"
		},
		"geometry": {
			"type": "Point",
			"coordinates": [43.414221,36.221946]
		}
	}, {
		"type": "Feature",
		"properties": {
			"cdli_id": "P464614",
			"cite_as": "Please cite this page as http://oracc.org/riao/Q004549/.",
			"collection": "British Museum, London, UK",
			"credits": "Based on A. Kirk Grayson, Assyrian Rulers of the Early First Millennium BC I (1114-859 BC) (RIMA 2), Toronto,  1991. Adapted by Jamie Novotny (2015-16) and lemmatized and updated by Nathan Morello (2016-17) for the Alexander von Humboldt Foundation-funded OIMEA Project at the Historisches Seminar - Abteilung Alte Geschichte of Ludwig-Maximilians-Universität München. The annotated edition is released under the Creative Commons Attribution Share-Alike license 3.0. Please cite this page as http://oracc.org/riao/Q004549/.",
			"designation": "Ashurnasirpal II 095",
			"display_name": "RINAP Ashurnasirpal II 095",
			"exemplar_number": "1",
			"exemplars": "BM 124700 (Rm 1080)",
			"findspots": "Balawat (Imgur-Enlil)",
			"genre": "Royal Inscription",
			"id_composite": "Q004549",
			"language": "Akkadian",
			"material": "metal: bronze",
			"object_type": "band",
			"period": "Neo-Assyrian",
			"pleiades_id": "90032637",
			"popular_name": "RIMA 2 A.0.101.95",
			"primary_publication": "Ashurnasirpal II 095",
			"project": "riao",
			"provenience": "Balawat (Imgur-Enlil)",
			"Q_designation": "Ashurnasirpal II 095",
			"riao_attribution": "Based on A. Kirk Grayson, Assyrian Rulers of the Early First Millennium BC I (1114-859 BC) (RIMA 2), Toronto,  1991. Adapted by Jamie Novotny (2015-16) and lemmatized and updated by Nathan Morello (2016-17) for the Alexander von Humboldt Foundation-funded OIMEA Project at the Historisches Seminar - Abteilung Alte Geschichte of Ludwig-Maximilians-Universität München. The annotated edition is released under the Creative Commons Attribution Share-Alike license 3.0.",
			"ruler": "Ashurnasirpal II",
			"subgenre": "Ashurnasirpal II",
			"subproject": "ria4",
			"supergenre": "LIT"
		},
		"geometry": {
			"type": "Point",
			"coordinates": [43.414221,36.221946]
		}
	}, {
		"type": "Feature",
		"properties": {
			"cdli_id": "P464615",
			"cite_as": "Please cite this page as http://oracc.org/riao/Q004550/.",
			"collection": "British Museum, London, UK",
			"credits": "Based on A. Kirk Grayson, Assyrian Rulers of the Early First Millennium BC I (1114-859 BC) (RIMA 2), Toronto,  1991. Adapted by Jamie Novotny (2015-16) and lemmatized and updated by Nathan Morello (2016-17) for the Alexander von Humboldt Foundation-funded OIMEA Project at the Historisches Seminar - Abteilung Alte Geschichte of Ludwig-Maximilians-Universität München. The annotated edition is released under the Creative Commons Attribution Share-Alike license 3.0. Please cite this page as http://oracc.org/riao/Q004550/.",
			"designation": "Ashurnasirpal II 096",
			"display_name": "RINAP Ashurnasirpal II 096",
			"exemplar_number": "1",
			"exemplars": "BM —",
			"findspots": "Balawat (Imgur-Enlil)",
			"genre": "Royal Inscription",
			"id_composite": "Q004550",
			"language": "Akkadian",
			"material": "metal: bronze",
			"object_type": "band",
			"period": "Neo-Assyrian",
			"pleiades_id": "90032637",
			"popular_name": "RIMA 2 A.0.101.96",
			"primary_publication": "Ashurnasirpal II 096",
			"project": "riao",
			"provenience": "Balawat (Imgur-Enlil)",
			"Q_designation": "Ashurnasirpal II 096",
			"riao_attribution": "Based on A. Kirk Grayson, Assyrian Rulers of the Early First Millennium BC I (1114-859 BC) (RIMA 2), Toronto,  1991. Adapted by Jamie Novotny (2015-16) and lemmatized and updated by Nathan Morello (2016-17) for the Alexander von Humboldt Foundation-funded OIMEA Project at the Historisches Seminar - Abteilung Alte Geschichte of Ludwig-Maximilians-Universität München. The annotated edition is released under the Creative Commons Attribution Share-Alike license 3.0.",
			"ruler": "Ashurnasirpal II",
			"subgenre": "Ashurnasirpal II",
			"subproject": "ria4",
			"supergenre": "LIT"
		},
		"geometry": {
			"type": "Point",
			"coordinates": [43.414221,36.221946]
		}
	}, {
		"type": "Feature",
		"properties": {
			"cdli_id": "P464616",
			"cite_as": "Please cite this page as http://oracc.org/riao/Q004551/.",
			"collection": "British Museum, London, UK",
			"credits": "Based on A. Kirk Grayson, Assyrian Rulers of the Early First Millennium BC I (1114-859 BC) (RIMA 2), Toronto,  1991. Adapted by Jamie Novotny (2015-16) and lemmatized and updated by Nathan Morello (2016-17) for the Alexander von Humboldt Foundation-funded OIMEA Project at the Historisches Seminar - Abteilung Alte Geschichte of Ludwig-Maximilians-Universität München. The annotated edition is released under the Creative Commons Attribution Share-Alike license 3.0. Please cite this page as http://oracc.org/riao/Q004551/.",
			"designation": "Ashurnasirpal II 097",
			"display_name": "RINAP Ashurnasirpal II 097",
			"exemplar_number": "1",
			"exemplars": "BM —",
			"findspots": "Balawat (Imgur-Enlil)",
			"genre": "Royal Inscription",
			"id_composite": "Q004551",
			"language": "Akkadian",
			"material": "metal: bronze",
			"object_type": "band",
			"period": "Neo-Assyrian",
			"pleiades_id": "90032637",
			"popular_name": "RIMA 2 A.0.101.97",
			"primary_publication": "Ashurnasirpal II 097",
			"project": "riao",
			"provenience": "Balawat (Imgur-Enlil)",
			"Q_designation": "Ashurnasirpal II 097",
			"riao_attribution": "Based on A. Kirk Grayson, Assyrian Rulers of the Early First Millennium BC I (1114-859 BC) (RIMA 2), Toronto,  1991. Adapted by Jamie Novotny (2015-16) and lemmatized and updated by Nathan Morello (2016-17) for the Alexander von Humboldt Foundation-funded OIMEA Project at the Historisches Seminar - Abteilung Alte Geschichte of Ludwig-Maximilians-Universität München. The annotated edition is released under the Creative Commons Attribution Share-Alike license 3.0.",
			"ruler": "Ashurnasirpal II",
			"subgenre": "Ashurnasirpal II",
			"subproject": "ria4",
			"supergenre": "LIT"
		},
		"geometry": {
			"type": "Point",
			"coordinates": [43.414221,36.221946]
		}
	}, {
		"type": "Feature",
		"properties": {
			"cdli_id": "P464617",
			"cite_as": "Please cite this page as http://oracc.org/riao/Q004552/.",
			"collection": "British Museum, London, UK",
			"credits": "Based on A. Kirk Grayson, Assyrian Rulers of the Early First Millennium BC I (1114-859 BC) (RIMA 2), Toronto,  1991. Adapted by Jamie Novotny (2015-16) and lemmatized and updated by Nathan Morello (2016-17) for the Alexander von Humboldt Foundation-funded OIMEA Project at the Historisches Seminar - Abteilung Alte Geschichte of Ludwig-Maximilians-Universität München. The annotated edition is released under the Creative Commons Attribution Share-Alike license 3.0. Please cite this page as http://oracc.org/riao/Q004552/.",
			"designation": "Ashurnasirpal II 098",
			"display_name": "RINAP Ashurnasirpal II 098",
			"exemplar_number": "1",
			"exemplars": "BM 118870",
			"findspots": "Nimrud (Kalhu)",
			"genre": "Royal Inscription",
			"id_composite": "Q004552",
			"language": "Akkadian",
			"material": "stone",
			"object_type": "altar",
			"period": "Neo-Assyrian",
			"pleiades_id": "894019",
			"popular_name": "RIMA 2 A.0.101.98",
			"primary_publication": "Ashurnasirpal II 098",
			"project": "riao",
			"provenience": "Nimrud (Kalhu)",
			"Q_designation": "Ashurnasirpal II 098",
			"riao_attribution": "Based on A. Kirk Grayson, Assyrian Rulers of the Early First Millennium BC I (1114-859 BC) (RIMA 2), Toronto,  1991. Adapted by Jamie Novotny (2015-16) and lemmatized and updated by Nathan Morello (2016-17) for the Alexander von Humboldt Foundation-funded OIMEA Project at the Historisches Seminar - Abteilung Alte Geschichte of Ludwig-Maximilians-Universität München. The annotated edition is released under the Creative Commons Attribution Share-Alike license 3.0.",
			"ruler": "Ashurnasirpal II",
			"subgenre": "Ashurnasirpal II",
			"subproject": "ria4",
			"supergenre": "LIT"
		},
		"geometry": {
			"type": "Point",
			"coordinates": [43.3275,36.099167]
		}
	}, {
		"type": "Feature",
		"properties": {
			"cdli_id": "P464618; P464619",
			"cite_as": "Please cite this page as http://oracc.org/riao/Q004553/.",
			"collection": "British Museum, London, UK",
			"credits": "Based on A. Kirk Grayson, Assyrian Rulers of the Early First Millennium BC I (1114-859 BC) (RIMA 2), Toronto,  1991. Adapted by Jamie Novotny (2015-16) and lemmatized and updated by Nathan Morello (2016-17) for the Alexander von Humboldt Foundation-funded OIMEA Project at the Historisches Seminar - Abteilung Alte Geschichte of Ludwig-Maximilians-Universität München. The annotated edition is released under the Creative Commons Attribution Share-Alike license 3.0. Please cite this page as http://oracc.org/riao/Q004553/.",
			"designation": "Ashurnasirpal II 099",
			"display_name": "RINAP Ashurnasirpal II 099",
			"exemplar_number": "2",
			"exemplars": "BM 104411; BM 118771 (Rm 0893)",
			"findspots": "Nimrud (Kalhu)",
			"genre": "Royal Inscription",
			"id_composite": "Q004553",
			"language": "Akkadian",
			"material": "stone",
			"object_type": "mace head",
			"period": "Neo-Assyrian",
			"pleiades_id": "894019",
			"popular_name": "RIMA 2 A.0.101.99",
			"primary_publication": "Ashurnasirpal II 099",
			"project": "riao",
			"provenience": "Nimrud (Kalhu)",
			"Q_designation": "Ashurnasirpal II 099",
			"riao_attribution": "Based on A. Kirk Grayson, Assyrian Rulers of the Early First Millennium BC I (1114-859 BC) (RIMA 2), Toronto,  1991. Adapted by Jamie Novotny (2015-16) and lemmatized and updated by Nathan Morello (2016-17) for the Alexander von Humboldt Foundation-funded OIMEA Project at the Historisches Seminar - Abteilung Alte Geschichte of Ludwig-Maximilians-Universität München. The annotated edition is released under the Creative Commons Attribution Share-Alike license 3.0.",
			"ruler": "Ashurnasirpal II",
			"subgenre": "Ashurnasirpal II",
			"subproject": "ria4",
			"supergenre": "LIT"
		},
		"geometry": {
			"type": "Point",
			"coordinates": [43.3275,36.099167]
		}
	}, {
		"type": "Feature",
		"properties": {
			"cdli_id": "P423563",
			"cite_as": "Please cite this page as http://oracc.org/riao/Q004554/.",
			"collection": "British Museum, London, UK",
			"credits": "Based on A. Kirk Grayson, Assyrian Rulers of the Early First Millennium BC I (1114-859 BC) (RIMA 2), Toronto,  1991. Adapted by Jamie Novotny (2015-16) and lemmatized and updated by Nathan Morello (2016-17) for the Alexander von Humboldt Foundation-funded OIMEA Project at the Historisches Seminar - Abteilung Alte Geschichte of Ludwig-Maximilians-Universität München. The annotated edition is released under the Creative Commons Attribution Share-Alike license 3.0. Please cite this page as http://oracc.org/riao/Q004554/.",
			"designation": "Ashurnasirpal II 100",
			"display_name": "RINAP Ashurnasirpal II 100",
			"exemplar_number": "1",
			"exemplars": "BM 091452 (N 0788A (+) N 0788B)",
			"findspots": "Nimrud (Kalhu)",
			"genre": "Royal Inscription",
			"id_composite": "Q004554",
			"language": "Akkadian",
			"material": "stone: lapis lazuli",
			"object_type": "made head",
			"period": "Neo-Assyrian",
			"pleiades_id": "894019",
			"popular_name": "RIMA 2 A.0.101.100",
			"primary_publication": "Ashurnasirpal II 100",
			"project": "riao",
			"provenience": "Nimrud (Kalhu)",
			"Q_designation": "Ashurnasirpal II 100",
			"riao_attribution": "Based on A. Kirk Grayson, Assyrian Rulers of the Early First Millennium BC I (1114-859 BC) (RIMA 2), Toronto,  1991. Adapted by Jamie Novotny (2015-16) and lemmatized and updated by Nathan Morello (2016-17) for the Alexander von Humboldt Foundation-funded OIMEA Project at the Historisches Seminar - Abteilung Alte Geschichte of Ludwig-Maximilians-Universität München. The annotated edition is released under the Creative Commons Attribution Share-Alike license 3.0.",
			"ruler": "Ashurnasirpal II",
			"subgenre": "Ashurnasirpal II",
			"subproject": "ria4",
			"supergenre": "LIT"
		},
		"geometry": {
			"type": "Point",
			"coordinates": [43.3275,36.099167]
		}
	}, {
		"type": "Feature",
		"properties": {
			"cdli_id": "P464620",
			"cite_as": "Please cite this page as http://oracc.org/riao/Q004555/.",
			"collection": "British Museum, London, UK; Metropolitan Museum of Art, New York, New York, USA",
			"credits": "Based on A. Kirk Grayson, Assyrian Rulers of the Early First Millennium BC I (1114-859 BC) (RIMA 2), Toronto,  1991. Adapted by Jamie Novotny (2015-16) and lemmatized and updated by Nathan Morello (2016-17) for the Alexander von Humboldt Foundation-funded OIMEA Project at the Historisches Seminar - Abteilung Alte Geschichte of Ludwig-Maximilians-Universität München. The annotated edition is released under the Creative Commons Attribution Share-Alike license 3.0. Please cite this page as http://oracc.org/riao/Q004555/.",
			"designation": "Ashurnasirpal II 101",
			"display_name": "RINAP Ashurnasirpal II 101",
			"exemplar_number": "1",
			"exemplars": "BM 091582 (+) BM 091590 (+) MMA 57.27.07 (K 08555 (+) N 0760; not in metonline ?; ND 05335 (= MMA 57.27.07))",
			"findspots": "Nimrud (Kalhu)",
			"genre": "Royal Inscription",
			"id_composite": "Q004555",
			"language": "Akkadian",
			"material": "stone: alabaster",
			"object_type": "vase",
			"period": "Neo-Assyrian",
			"pleiades_id": "894019",
			"popular_name": "RIMA 2 A.0.101.101",
			"primary_publication": "Ashurnasirpal II 101",
			"project": "riao",
			"provenience": "Nimrud (Kalhu)",
			"Q_designation": "Ashurnasirpal II 101",
			"riao_attribution": "Based on A. Kirk Grayson, Assyrian Rulers of the Early First Millennium BC I (1114-859 BC) (RIMA 2), Toronto,  1991. Adapted by Jamie Novotny (2015-16) and lemmatized and updated by Nathan Morello (2016-17) for the Alexander von Humboldt Foundation-funded OIMEA Project at the Historisches Seminar - Abteilung Alte Geschichte of Ludwig-Maximilians-Universität München. The annotated edition is released under the Creative Commons Attribution Share-Alike license 3.0.",
			"ruler": "Ashurnasirpal II",
			"subgenre": "Ashurnasirpal II",
			"subproject": "ria4",
			"supergenre": "LIT"
		},
		"geometry": {
			"type": "Point",
			"coordinates": [43.3275,36.099167]
		}
	}, {
		"type": "Feature",
		"properties": {
			"cdli_id": "P464622; P464623; P464624; P464625; P464626; P464627",
			"cite_as": "Please cite this page as http://oracc.org/riao/Q004556/.",
			"collection": "unlocated",
			"credits": "Based on A. Kirk Grayson, Assyrian Rulers of the Early First Millennium BC I (1114-859 BC) (RIMA 2), Toronto,  1991. Adapted by Jamie Novotny (2015-16) and lemmatized and updated by Nathan Morello (2016-17) for the Alexander von Humboldt Foundation-funded OIMEA Project at the Historisches Seminar - Abteilung Alte Geschichte of Ludwig-Maximilians-Universität München. The annotated edition is released under the Creative Commons Attribution Share-Alike license 3.0. Please cite this page as http://oracc.org/riao/Q004556/.",
			"designation": "Ashurnasirpal II 102",
			"display_name": "RINAP Ashurnasirpal II 102",
			"exemplar_number": "6",
			"exemplars": "unknown",
			"findspots": "Nimrud (Kalhu)",
			"genre": "Royal Inscription",
			"id_composite": "Q004556",
			"language": "Akkadian",
			"material": "stone; clay",
			"object_type": "slab",
			"period": "Neo-Assyrian",
			"pleiades_id": "894019",
			"popular_name": "RIMA 2 A.0.101.102",
			"primary_publication": "Ashurnasirpal II 102",
			"project": "riao",
			"provenience": "Nimrud (Kalhu)",
			"Q_designation": "Ashurnasirpal II 102",
			"riao_attribution": "Based on A. Kirk Grayson, Assyrian Rulers of the Early First Millennium BC I (1114-859 BC) (RIMA 2), Toronto,  1991. Adapted by Jamie Novotny (2015-16) and lemmatized and updated by Nathan Morello (2016-17) for the Alexander von Humboldt Foundation-funded OIMEA Project at the Historisches Seminar - Abteilung Alte Geschichte of Ludwig-Maximilians-Universität München. The annotated edition is released under the Creative Commons Attribution Share-Alike license 3.0.",
			"ruler": "Ashurnasirpal II",
			"subgenre": "Ashurnasirpal II",
			"subproject": "ria4",
			"supergenre": "LIT"
		},
		"geometry": {
			"type": "Point",
			"coordinates": [43.3275,36.099167]
		}
	}, {
		"type": "Feature",
		"properties": {
			"cite_as": "Please cite this page as http://oracc.org/riao/Q004557/.",
			"credits": "Based on A. Kirk Grayson, Assyrian Rulers of the Early First Millennium BC I (1114-859 BC) (RIMA 2), Toronto,  1991. Adapted by Jamie Novotny (2015-16) and lemmatized and updated by Nathan Morello (2016-17) for the Alexander von Humboldt Foundation-funded OIMEA Project at the Historisches Seminar - Abteilung Alte Geschichte of Ludwig-Maximilians-Universität München. The annotated edition is released under the Creative Commons Attribution Share-Alike license 3.0. Please cite this page as http://oracc.org/riao/Q004557/.",
			"designation": "Ashurnasirpal II 103",
			"display_name": "RINAP Ashurnasirpal II 103",
			"genre": "Royal Inscription",
			"id_composite": "Q004557",
			"language": "Akkadian",
			"period": "Neo-Assyrian",
			"pleiades_id": "894019",
			"popular_name": "RIMA 2 A.0.101.103",
			"primary_publication": "Ashurnasirpal II 103",
			"project": "riao",
			"provenience": "Nimrud (Kalhu)",
			"Q_designation": "Ashurnasirpal II 103",
			"riao_attribution": "Based on A. Kirk Grayson, Assyrian Rulers of the Early First Millennium BC I (1114-859 BC) (RIMA 2), Toronto,  1991. Adapted by Jamie Novotny (2015-16) and lemmatized and updated by Nathan Morello (2016-17) for the Alexander von Humboldt Foundation-funded OIMEA Project at the Historisches Seminar - Abteilung Alte Geschichte of Ludwig-Maximilians-Universität München. The annotated edition is released under the Creative Commons Attribution Share-Alike license 3.0.",
			"ruler": "Ashurnasirpal II",
			"subgenre": "Ashurnasirpal II",
			"subproject": "ria4",
			"supergenre": "LIT"
		},
		"geometry": {
			"type": "Point",
			"coordinates": [43.3275,36.099167]
		}
	}, {
		"type": "Feature",
		"properties": {
			"cite_as": "Please cite this page as http://oracc.org/riao/Q004558/.",
			"credits": "Based on A. Kirk Grayson, Assyrian Rulers of the Early First Millennium BC I (1114-859 BC) (RIMA 2), Toronto,  1991. Adapted by Jamie Novotny (2015-16) and lemmatized and updated by Nathan Morello (2016-17) for the Alexander von Humboldt Foundation-funded OIMEA Project at the Historisches Seminar - Abteilung Alte Geschichte of Ludwig-Maximilians-Universität München. The annotated edition is released under the Creative Commons Attribution Share-Alike license 3.0. Please cite this page as http://oracc.org/riao/Q004558/.",
			"designation": "Ashurnasirpal II 104",
			"display_name": "RINAP Ashurnasirpal II 104",
			"genre": "Royal Inscription",
			"id_composite": "Q004558",
			"language": "Akkadian",
			"period": "Neo-Assyrian",
			"pleiades_id": "894019",
			"popular_name": "RIMA 2 A.0.101.104",
			"primary_publication": "Ashurnasirpal II 104",
			"project": "riao",
			"provenience": "Nimrud (Kalhu)",
			"Q_designation": "Ashurnasirpal II 104",
			"riao_attribution": "Based on A. Kirk Grayson, Assyrian Rulers of the Early First Millennium BC I (1114-859 BC) (RIMA 2), Toronto,  1991. Adapted by Jamie Novotny (2015-16) and lemmatized and updated by Nathan Morello (2016-17) for the Alexander von Humboldt Foundation-funded OIMEA Project at the Historisches Seminar - Abteilung Alte Geschichte of Ludwig-Maximilians-Universität München. The annotated edition is released under the Creative Commons Attribution Share-Alike license 3.0.",
			"ruler": "Ashurnasirpal II",
			"subgenre": "Ashurnasirpal II",
			"subproject": "ria4",
			"supergenre": "LIT"
		},
		"geometry": {
			"type": "Point",
			"coordinates": [43.3275,36.099167]
		}
	}, {
		"type": "Feature",
		"properties": {
			"cdli_id": "P464629",
			"cite_as": "Please cite this page as http://oracc.org/riao/Q004559/.",
			"collection": "unlocated",
			"credits": "Based on A. Kirk Grayson, Assyrian Rulers of the Early First Millennium BC I (1114-859 BC) (RIMA 2), Toronto,  1991. Adapted by Jamie Novotny (2015-16) and lemmatized and updated by Nathan Morello (2016-17) for the Alexander von Humboldt Foundation-funded OIMEA Project at the Historisches Seminar - Abteilung Alte Geschichte of Ludwig-Maximilians-Universität München. The annotated edition is released under the Creative Commons Attribution Share-Alike license 3.0. Please cite this page as http://oracc.org/riao/Q004559/.",
			"designation": "Ashurnasirpal II 105",
			"display_name": "RINAP Ashurnasirpal II 105",
			"exemplar_number": "1",
			"exemplars": "unknown",
			"findspots": "Nimrud (Kalhu)",
			"genre": "Royal Inscription",
			"id_composite": "Q004559",
			"language": "Akkadian",
			"material": "clay",
			"object_type": "slab",
			"period": "Neo-Assyrian",
			"pleiades_id": "894019",
			"popular_name": "RIMA 2 A.0.101.105",
			"primary_publication": "Ashurnasirpal II 105",
			"project": "riao",
			"provenience": "Nimrud (Kalhu)",
			"Q_designation": "Ashurnasirpal II 105",
			"riao_attribution": "Based on A. Kirk Grayson, Assyrian Rulers of the Early First Millennium BC I (1114-859 BC) (RIMA 2), Toronto,  1991. Adapted by Jamie Novotny (2015-16) and lemmatized and updated by Nathan Morello (2016-17) for the Alexander von Humboldt Foundation-funded OIMEA Project at the Historisches Seminar - Abteilung Alte Geschichte of Ludwig-Maximilians-Universität München. The annotated edition is released under the Creative Commons Attribution Share-Alike license 3.0.",
			"ruler": "Ashurnasirpal II",
			"subgenre": "Ashurnasirpal II",
			"subproject": "ria4",
			"supergenre": "LIT"
		},
		"geometry": {
			"type": "Point",
			"coordinates": [43.3275,36.099167]
		}
	}, {
		"type": "Feature",
		"properties": {
			"cdli_id": "P464630",
			"cite_as": "Please cite this page as http://oracc.org/riao/Q004560/.",
			"collection": "unlocated",
			"credits": "Based on A. Kirk Grayson, Assyrian Rulers of the Early First Millennium BC I (1114-859 BC) (RIMA 2), Toronto,  1991. Adapted by Jamie Novotny (2015-16) and lemmatized and updated by Nathan Morello (2016-17) for the Alexander von Humboldt Foundation-funded OIMEA Project at the Historisches Seminar - Abteilung Alte Geschichte of Ludwig-Maximilians-Universität München. The annotated edition is released under the Creative Commons Attribution Share-Alike license 3.0. Please cite this page as http://oracc.org/riao/Q004560/.",
			"designation": "Ashurnasirpal II 106",
			"display_name": "RINAP Ashurnasirpal II 106",
			"exemplar_number": "1",
			"exemplars": "unknown",
			"findspots": "Nimrud (Kalhu)",
			"genre": "Royal Inscription",
			"id_composite": "Q004560",
			"language": "Akkadian",
			"material": "clay",
			"object_type": "slab",
			"period": "Neo-Assyrian",
			"pleiades_id": "894019",
			"popular_name": "RIMA 2 A.0.101.106",
			"primary_publication": "Ashurnasirpal II 106",
			"project": "riao",
			"provenience": "Nimrud (Kalhu)",
			"Q_designation": "Ashurnasirpal II 106",
			"riao_attribution": "Based on A. Kirk Grayson, Assyrian Rulers of the Early First Millennium BC I (1114-859 BC) (RIMA 2), Toronto,  1991. Adapted by Jamie Novotny (2015-16) and lemmatized and updated by Nathan Morello (2016-17) for the Alexander von Humboldt Foundation-funded OIMEA Project at the Historisches Seminar - Abteilung Alte Geschichte of Ludwig-Maximilians-Universität München. The annotated edition is released under the Creative Commons Attribution Share-Alike license 3.0.",
			"ruler": "Ashurnasirpal II",
			"subgenre": "Ashurnasirpal II",
			"subproject": "ria4",
			"supergenre": "LIT"
		},
		"geometry": {
			"type": "Point",
			"coordinates": [43.3275,36.099167]
		}
	}, {
		"type": "Feature",
		"properties": {
			"cdli_id": "P464631; P464632",
			"cite_as": "Please cite this page as http://oracc.org/riao/Q004561/.",
			"collection": "National Museum of Iraq, Baghdad, Iraq; Vorderasiatisches Museum, Berlin, Germany",
			"credits": "Based on A. Kirk Grayson, Assyrian Rulers of the Early First Millennium BC I (1114-859 BC) (RIMA 2), Toronto,  1991. Adapted by Jamie Novotny (2015-16) and lemmatized and updated by Nathan Morello (2016-17) for the Alexander von Humboldt Foundation-funded OIMEA Project at the Historisches Seminar - Abteilung Alte Geschichte of Ludwig-Maximilians-Universität München. The annotated edition is released under the Creative Commons Attribution Share-Alike license 3.0. Please cite this page as http://oracc.org/riao/Q004561/.",
			"designation": "Ashurnasirpal II 107",
			"display_name": "RINAP Ashurnasirpal II 107",
			"exemplar_number": "2",
			"exemplars": "IM — (ND 02505); VA Ass 01199 (Ass 15714)",
			"findspots": "Nimrud (Kalhu); Qalat Sherqat (Assur)",
			"genre": "Royal Inscription",
			"id_composite": "Q004561",
			"language": "Akkadian",
			"material": "stone",
			"object_type": "weight (duck); stele",
			"period": "Neo-Assyrian",
			"pleiades_id": "894019",
			"popular_name": "RIMA 2 A.0.101.107",
			"primary_publication": "Ashurnasirpal II 107",
			"project": "riao",
			"provenience": "Nimrud (Kalhu)",
			"Q_designation": "Ashurnasirpal II 107",
			"riao_attribution": "Based on A. Kirk Grayson, Assyrian Rulers of the Early First Millennium BC I (1114-859 BC) (RIMA 2), Toronto,  1991. Adapted by Jamie Novotny (2015-16) and lemmatized and updated by Nathan Morello (2016-17) for the Alexander von Humboldt Foundation-funded OIMEA Project at the Historisches Seminar - Abteilung Alte Geschichte of Ludwig-Maximilians-Universität München. The annotated edition is released under the Creative Commons Attribution Share-Alike license 3.0.",
			"ruler": "Ashurnasirpal II",
			"subgenre": "Ashurnasirpal II",
			"subproject": "ria4",
			"supergenre": "LIT"
		},
		"geometry": {
			"type": "Point",
			"coordinates": [43.3275,36.099167]
		}
	}, {
		"type": "Feature",
		"properties": {
			"cite_as": "Please cite this page as http://oracc.org/riao/Q004562/.",
			"credits": "Based on A. Kirk Grayson, Assyrian Rulers of the Early First Millennium BC I (1114-859 BC) (RIMA 2), Toronto,  1991. Adapted by Jamie Novotny (2015-16) and lemmatized and updated by Nathan Morello (2016-17) for the Alexander von Humboldt Foundation-funded OIMEA Project at the Historisches Seminar - Abteilung Alte Geschichte of Ludwig-Maximilians-Universität München. The annotated edition is released under the Creative Commons Attribution Share-Alike license 3.0. Please cite this page as http://oracc.org/riao/Q004562/.",
			"designation": "Ashurnasirpal II 108",
			"display_name": "RINAP Ashurnasirpal II 108",
			"genre": "Royal Inscription",
			"id_composite": "Q004562",
			"language": "Akkadian",
			"period": "Neo-Assyrian",
			"pleiades_id": "893945",
			"popular_name": "RIMA 2 A.0.101.108",
			"primary_publication": "Ashurnasirpal II 108",
			"project": "riao",
			"provenience": "Qalat Sherqat (Assur)",
			"Q_designation": "Ashurnasirpal II 108",
			"riao_attribution": "Based on A. Kirk Grayson, Assyrian Rulers of the Early First Millennium BC I (1114-859 BC) (RIMA 2), Toronto,  1991. Adapted by Jamie Novotny (2015-16) and lemmatized and updated by Nathan Morello (2016-17) for the Alexander von Humboldt Foundation-funded OIMEA Project at the Historisches Seminar - Abteilung Alte Geschichte of Ludwig-Maximilians-Universität München. The annotated edition is released under the Creative Commons Attribution Share-Alike license 3.0.",
			"ruler": "Ashurnasirpal II",
			"subgenre": "Ashurnasirpal II",
			"subproject": "ria4",
			"supergenre": "LIT"
		},
		"geometry": {
			"type": "Point",
			"coordinates": [43.262037,35.458121]
		}
	}, {
		"type": "Feature",
		"properties": {
			"cdli_id": "P371242; P424863; P424864; P424865; P424866; P448242; P464633",
			"cite_as": "Please cite this page as http://oracc.org/riao/Q004563/.",
			"collection": "Vorderasiatisches Museum, Berlin, Germany; British Museum, London, UK",
			"credits": "Based on A. Kirk Grayson, Assyrian Rulers of the Early First Millennium BC I (1114-859 BC) (RIMA 2), Toronto,  1991. Adapted by Jamie Novotny (2015-16) and lemmatized and updated by Nathan Morello (2016-17) for the Alexander von Humboldt Foundation-funded OIMEA Project at the Historisches Seminar - Abteilung Alte Geschichte of Ludwig-Maximilians-Universität München. The annotated edition is released under the Creative Commons Attribution Share-Alike license 3.0. Please cite this page as http://oracc.org/riao/Q004563/.",
			"designation": "Ashurnasirpal II 109",
			"display_name": "RINAP Ashurnasirpal II 109",
			"exemplar_number": "7",
			"exemplars": "VA 02278; BM — (Rm 0623); BM — (Rm 0624); BM — (Rm 0625); BM — (Rm 0648); BM — (Rm 2, 605); BM 091687 (1891-07-02, 0002)",
			"findspots": "Nimrud (Kalhu)",
			"genre": "Royal Inscription",
			"id_composite": "Q004563",
			"language": "Akkadian",
			"material": "clay",
			"object_type": "cone",
			"period": "Neo-Assyrian",
			"pleiades_id": "894019",
			"popular_name": "RIMA 2 A.0.101.109",
			"primary_publication": "Ashurnasirpal II 109",
			"project": "riao",
			"provenience": "Nimrud (Kalhu)",
			"Q_designation": "Ashurnasirpal II 109",
			"riao_attribution": "Based on A. Kirk Grayson, Assyrian Rulers of the Early First Millennium BC I (1114-859 BC) (RIMA 2), Toronto,  1991. Adapted by Jamie Novotny (2015-16) and lemmatized and updated by Nathan Morello (2016-17) for the Alexander von Humboldt Foundation-funded OIMEA Project at the Historisches Seminar - Abteilung Alte Geschichte of Ludwig-Maximilians-Universität München. The annotated edition is released under the Creative Commons Attribution Share-Alike license 3.0.",
			"ruler": "Ashurnasirpal II",
			"subgenre": "Ashurnasirpal II",
			"subproject": "ria4",
			"supergenre": "LIT"
		},
		"geometry": {
			"type": "Point",
			"coordinates": [43.3275,36.099167]
		}
	}, {
		"type": "Feature",
		"properties": {
			"cdli_id": "P464634",
			"cite_as": "Please cite this page as http://oracc.org/riao/Q004564/.",
			"collection": "unlocated",
			"credits": "Based on A. Kirk Grayson, Assyrian Rulers of the Early First Millennium BC I (1114-859 BC) (RIMA 2), Toronto,  1991. Adapted by Jamie Novotny (2015-16) and lemmatized and updated by Nathan Morello (2016-17) for the Alexander von Humboldt Foundation-funded OIMEA Project at the Historisches Seminar - Abteilung Alte Geschichte of Ludwig-Maximilians-Universität München. The annotated edition is released under the Creative Commons Attribution Share-Alike license 3.0. Please cite this page as http://oracc.org/riao/Q004564/.",
			"designation": "Ashurnasirpal II 110",
			"display_name": "RINAP Ashurnasirpal II 110",
			"exemplar_number": "1",
			"exemplars": "unknown",
			"findspots": "Nimrud (Kalhu)",
			"genre": "Royal Inscription",
			"id_composite": "Q004564",
			"language": "Akkadian",
			"material": "clay",
			"object_type": "cone",
			"period": "Neo-Assyrian",
			"pleiades_id": "874621",
			"popular_name": "RIMA 2 A.0.101.110",
			"primary_publication": "Ashurnasirpal II 110",
			"project": "riao",
			"provenience": "Nimrud (Kalhu)",
			"Q_designation": "Ashurnasirpal II 110",
			"riao_attribution": "Based on A. Kirk Grayson, Assyrian Rulers of the Early First Millennium BC I (1114-859 BC) (RIMA 2), Toronto,  1991. Adapted by Jamie Novotny (2015-16) and lemmatized and updated by Nathan Morello (2016-17) for the Alexander von Humboldt Foundation-funded OIMEA Project at the Historisches Seminar - Abteilung Alte Geschichte of Ludwig-Maximilians-Universität München. The annotated edition is released under the Creative Commons Attribution Share-Alike license 3.0.",
			"ruler": "Ashurnasirpal II",
			"subgenre": "Ashurnasirpal II",
			"subproject": "ria4",
			"supergenre": "LIT"
		},
		"geometry": {
			"type": "Point",
			"coordinates": [43.3275,36.099167]
		}
	}, {
		"type": "Feature",
		"properties": {
			"cdli_id": "P422389; P422435; P422441; P422445; P422449; P422455; P422541; P422557; P422558; P422567; P422568; P422577; P422579; P422582; P422589; P422595; P422599; P422949; P422950; P423088; P423128; P423143; P423155; P464635; P464636; P464637; P464638; P464639; P464640; P464641; P464642; P464643; P464644; P464645; P464646; P464647; P464648; P464649; P464650; P464651; P464652; P464653; P464654",
			"cite_as": "Please cite this page as http://oracc.org/riao/Q004565/.",
			"collection": "British Museum, London, UK; National Museum of Iraq, Baghdad, Iraq; unlocated",
			"credits": "Based on A. Kirk Grayson, Assyrian Rulers of the Early First Millennium BC I (1114-859 BC) (RIMA 2), Toronto,  1991. Adapted by Jamie Novotny (2015-16) and lemmatized and updated by Nathan Morello (2016-17) for the Alexander von Humboldt Foundation-funded OIMEA Project at the Historisches Seminar - Abteilung Alte Geschichte of Ludwig-Maximilians-Universität München. The annotated edition is released under the Creative Commons Attribution Share-Alike license 3.0. Please cite this page as http://oracc.org/riao/Q004565/.",
			"designation": "Ashurnasirpal II 111",
			"display_name": "RINAP Ashurnasirpal II 111",
			"exemplar_number": "43",
			"exemplars": "BM 121138 + BM 123521 (1929-10-12, 0147 + 1932-12-10, 0464); BM 122662 + BM 128356 (1930-05-08, 0095 + 1932-12-10, 0613); BM 122668 (1930-05-08, 0101); BM 122672 (1930-05-08, 0105); BM 122676 (1930-05-08, 0109); BM 122682 (1930-05-08, 0115); BM 123462 (1932-12-10, 0405); BM 123479 (1932-12-10, 0422); BM 123480 (1932-12-10, 0423); BM 123491 (1932-12-10, 0434); BM 123492 + BM 128390 (1932-12-10, 0435 + 1932-12-10, 0647); BM 123501 (1932-12-10, 0444); BM 123503 (1932-12-10, 0446); BM 123506 (1932-12-10, 0449); BM 123513 (1932-12-10, 0456); BM 123519 (1932-12-10, 0462); BM 123523 (1932-12-10, 0466); BM 128196 (1929-10-12, 0852); BM 128197 (1929-10-12, 0853); BM 128340 (1932-12-10, 0597); BM 128380 (1932-12-10, 0637); BM 128395 (1932-12-10, 0652); BM 128407 (1932-12-10, 0664); BM — (1856-09-09, 0133); BM — (1856-09-09, 0135); BM — (1856-09-09, 0140); BM 139288 (1932-12-10, 0742); BM 139281 (1932-12-10, 0735); BM 139246 (1932-12-10, 0700); BM 139263 (1932-12-10, 0717); BM 139267 (1932-12-10, 0721); BM 139270 ? (1932-12-10, 0724); BM 139271 (1932-12-10, 0725); BM 139273 (1932-12-10, 0727); BM 139278 (1932-12-10, 0732); BM 139279 (1932-12-10, 0733); BM 139280 (1932-12-10, 0734); IM —; BM 098554 (1905-04-09, 0060); unknown; BM 098555 (1905-04-09, 0061); BM — (1856-09-09, 0141); BM — (Sm 2025 ?)",
			"findspots": "Kuyunjik (Nineveh)",
			"genre": "Royal Inscription",
			"id_composite": "Q004565",
			"language": "Akkadian",
			"material": "clay",
			"object_type": "cone; jar",
			"period": "Neo-Assyrian",
			"pleiades_id": "874621",
			"popular_name": "RIMA 2 A.0.101.111",
			"primary_publication": "Ashurnasirpal II 111",
			"project": "riao",
			"provenience": "Kuyunjik (Nineveh)",
			"Q_designation": "Ashurnasirpal II 111",
			"riao_attribution": "Based on A. Kirk Grayson, Assyrian Rulers of the Early First Millennium BC I (1114-859 BC) (RIMA 2), Toronto,  1991. Adapted by Jamie Novotny (2015-16) and lemmatized and updated by Nathan Morello (2016-17) for the Alexander von Humboldt Foundation-funded OIMEA Project at the Historisches Seminar - Abteilung Alte Geschichte of Ludwig-Maximilians-Universität München. The annotated edition is released under the Creative Commons Attribution Share-Alike license 3.0.",
			"ruler": "Ashurnasirpal II",
			"subgenre": "Ashurnasirpal II",
			"subproject": "ria4",
			"supergenre": "LIT"
		},
		"geometry": {
			"type": "Point",
			"coordinates": [43.151937,36.358684]
		}
	}, {
		"type": "Feature",
		"properties": {
			"cdli_id": "P423087; P423091; P423137; P464655; P464656",
			"cite_as": "Please cite this page as http://oracc.org/riao/Q004566/.",
			"collection": "British Museum, London, UK",
			"credits": "Based on A. Kirk Grayson, Assyrian Rulers of the Early First Millennium BC I (1114-859 BC) (RIMA 2), Toronto,  1991. Adapted by Jamie Novotny (2015-16) and lemmatized and updated by Nathan Morello (2016-17) for the Alexander von Humboldt Foundation-funded OIMEA Project at the Historisches Seminar - Abteilung Alte Geschichte of Ludwig-Maximilians-Universität München. The annotated edition is released under the Creative Commons Attribution Share-Alike license 3.0. Please cite this page as http://oracc.org/riao/Q004566/.",
			"designation": "Ashurnasirpal II 112",
			"display_name": "RINAP Ashurnasirpal II 112",
			"exemplar_number": "5",
			"exemplars": "BM 128339 (1932-12-10, 0596); BM 128343 (1932-12-10, 0600); BM 128389 (1932-12-10, 0646); BM 139247 (1932-12-10, 0701); BM 139252 (1932-12-10, 0706)",
			"findspots": "Kuyunjik (Nineveh)",
			"genre": "Royal Inscription",
			"id_composite": "Q004566",
			"language": "Akkadian",
			"material": "clay",
			"object_type": "cone; jar",
			"period": "Neo-Assyrian",
			"pleiades_id": "874621",
			"popular_name": "RIMA 2 A.0.101.112",
			"primary_publication": "Ashurnasirpal II 112",
			"project": "riao",
			"provenience": "Kuyunjik (Nineveh)",
			"Q_designation": "Ashurnasirpal II 112",
			"riao_attribution": "Based on A. Kirk Grayson, Assyrian Rulers of the Early First Millennium BC I (1114-859 BC) (RIMA 2), Toronto,  1991. Adapted by Jamie Novotny (2015-16) and lemmatized and updated by Nathan Morello (2016-17) for the Alexander von Humboldt Foundation-funded OIMEA Project at the Historisches Seminar - Abteilung Alte Geschichte of Ludwig-Maximilians-Universität München. The annotated edition is released under the Creative Commons Attribution Share-Alike license 3.0.",
			"ruler": "Ashurnasirpal II",
			"subgenre": "Ashurnasirpal II",
			"subproject": "ria4",
			"supergenre": "LIT"
		},
		"geometry": {
			"type": "Point",
			"coordinates": [43.151937,36.358684]
		}
	}, {
		"type": "Feature",
		"properties": {
			"cdli_id": "P422383; P422391; P422392; P422395; P422396; P422451; P422454; P422456; P422527; P422554; P422569; P422580; P422581; P422588; P422590; P422593; P422594; P422596; P422913; P422930; P423092; P423095; P423096; P423109; P423110; P423114; P423125; P423126; P423238; P464657; P464658; P464659; P464660; P464661; P464662; P464663; P464664; P464665; P464666; P464667; P464668; P464669; P464670; P464671; P464672; P464673; P464674; P464675; P464676; P464677; P464678; P464679; P464680; P464681; P464682; P464683; P464684; P464685; P464686; P464687; P464688; P464689; P464690; P464691; P464692; P464693",
			"cite_as": "Please cite this page as http://oracc.org/riao/Q004567/.",
			"collection": "British Museum, London, UK; National Museum of Iraq, Baghdad, Iraq; unlocated; Birmingham Museums and Art Gallery, Birmingham, UK",
			"credits": "Based on A. Kirk Grayson, Assyrian Rulers of the Early First Millennium BC I (1114-859 BC) (RIMA 2), Toronto,  1991. Adapted by Jamie Novotny (2015-16) and lemmatized and updated by Nathan Morello (2016-17) for the Alexander von Humboldt Foundation-funded OIMEA Project at the Historisches Seminar - Abteilung Alte Geschichte of Ludwig-Maximilians-Universität München. The annotated edition is released under the Creative Commons Attribution Share-Alike license 3.0. Please cite this page as http://oracc.org/riao/Q004567/.",
			"designation": "Ashurnasirpal II 113",
			"display_name": "RINAP Ashurnasirpal II 113",
			"exemplar_number": "66",
			"exemplars": "BM 121132 (1929-10-12, 0141); BM 121140 (1929-10-12, 0149); BM 121141 (1929-10-12, 0150); BM 121144 (1929-10-12, 0153); BM 121145 (1929-10-12, 0154); BM 122678 (1930-05-08, 0111); BM 122681 (1930-05-08, 0114); BM 122683 (1930-05-08, 0116); BM 123447 (1932-12-10, 0390); BM 123476 (1932-12-10, 0419); BM 123493 (1932-12-10, 0436); BM 123504 (1932-12-10, 0447); BM 123505 (1932-12-10, 0448); BM 123512 (1932-12-10, 0455); BM 123514 (1932-12-10, 0457); BM 123517 (1932-12-10, 0460); BM 123518 (1932-12-10, 0461); BM 123520 (1932-12-10, 0463); BM 128158 (1929-10-12, 0814); BM 128176 (1929-10-12, 0832); BM 128344 (1932-12-10, 0601); BM 128347 (1932-12-10, 0604); BM 128348 (1932-12-10, 0605); BM 128361 (1932-12-10, 0618); BM 128362 (1932-12-10, 0619); BM 128366 (1932-12-10, 0623); BM 128377 (1932-12-10, 0634); BM 128378 (1932-12-10, 0635); BM 134511 (1932-12-12, 0506); BM 139286 (1932-12-10, 0740); BM 139253 (1932-12-10, 0707); BM 139254 (1932-12-10, 0708); BM 139255 (1932-12-10, 0709); BM 139256 (1932-12-10, 0710); BM 139257 (1932-12-10, 0711); BM 139258 (1932-12-10, 0712); BM 139260 (1932-12-10, 0714); BM 139261 (1932-12-10, 0715); BM 139262 (1932-12-10, 0716); BM 139264 (1932-12-10, 0718); BM 1392565 (1932-12-10, 0719); BM 139266 (1932-12-10, 0720); BM 139268 (1932-12-10, 0722); BM 139272 ? (1932-12-10, 0726); BM 139277 (1932-12-10, 0731); BM 139282 (1932-12-10, 0736); BM 139294 (1932-12-10, 0748); BM 139322 (1930-05-08, 0235); BM 139323 (1930-05-08, 0236); BM 139324 (1930-05-08, 0237); BM 139326 (1930-05-08, 0239); BM 139330 (1930-05-08, 0243); BM 139331 (1930-05-08, 0244); IM —; unknown; BM — (1856-09-09, 0146); BM — (1856-09-09, 0163); BM — (ND 05446); BM — (1856-09-09, 0129); BM — (1856-09-09, 0130); BM — (1856-09-09, 0131); BCM —",
			"findspots": "Kuyunjik (Nineveh); Nimrud (Kalhu)",
			"genre": "Royal Inscription",
			"id_composite": "Q004567",
			"language": "Akkadian",
			"material": "clay",
			"object_type": "jar; cylinder; cone",
			"period": "Neo-Assyrian",
			"pleiades_id": "874621",
			"popular_name": "RIMA 2 A.0.101.113",
			"primary_publication": "Ashurnasirpal II 113",
			"project": "riao",
			"provenience": "Kuyunjik (Nineveh)",
			"Q_designation": "Ashurnasirpal II 113",
			"riao_attribution": "Based on A. Kirk Grayson, Assyrian Rulers of the Early First Millennium BC I (1114-859 BC) (RIMA 2), Toronto,  1991. Adapted by Jamie Novotny (2015-16) and lemmatized and updated by Nathan Morello (2016-17) for the Alexander von Humboldt Foundation-funded OIMEA Project at the Historisches Seminar - Abteilung Alte Geschichte of Ludwig-Maximilians-Universität München. The annotated edition is released under the Creative Commons Attribution Share-Alike license 3.0.",
			"ruler": "Ashurnasirpal II",
			"subgenre": "Ashurnasirpal II",
			"subproject": "ria4",
			"supergenre": "LIT"
		},
		"geometry": {
			"type": "Point",
			"coordinates": [43.151937,36.358684]
		}
	}, {
		"type": "Feature",
		"properties": {
			"cdli_id": "P464694; P464695; P464696; P464697; P499252",
			"cite_as": "Please cite this page as http://oracc.org/riao/Q004568/.",
			"collection": "Vorderasiatisches Museum, Berlin, Germany; Arkeoloji Müzeleri, Istanbul, Turkey; private: anonymous, Vienna, Austria ?",
			"credits": "Based on A. Kirk Grayson, Assyrian Rulers of the Early First Millennium BC I (1114-859 BC) (RIMA 2), Toronto,  1991. Adapted by Jamie Novotny (2015-16) and lemmatized and updated by Nathan Morello (2016-17) for the Alexander von Humboldt Foundation-funded OIMEA Project at the Historisches Seminar - Abteilung Alte Geschichte of Ludwig-Maximilians-Universität München. The annotated edition is released under the Creative Commons Attribution Share-Alike license 3.0. Please cite this page as http://oracc.org/riao/Q004568/.",
			"designation": "Ashurnasirpal II 114",
			"display_name": "RINAP Ashurnasirpal II 114",
			"exemplar_number": "5",
			"exemplars": "VA Ass 02097 (Ass 22458); Ist — (Ass 10297); Ist A 03383a (Ass 03311); Ist A 03495 (Ass 10181); Anonymous 499252",
			"findspots": "Qalat Sherqat (Assur)",
			"genre": "Royal Inscription",
			"id_composite": "Q004568",
			"language": "Akkadian",
			"material": "clay",
			"object_type": "stele; cone",
			"period": "Neo-Assyrian",
			"pleiades_id": "893945",
			"popular_name": "RIMA 2 A.0.101.114",
			"primary_publication": "Ashurnasirpal II 114",
			"project": "riao",
			"provenience": "Qalat Sherqat (Assur)",
			"Q_designation": "Ashurnasirpal II 114",
			"riao_attribution": "Based on A. Kirk Grayson, Assyrian Rulers of the Early First Millennium BC I (1114-859 BC) (RIMA 2), Toronto,  1991. Adapted by Jamie Novotny (2015-16) and lemmatized and updated by Nathan Morello (2016-17) for the Alexander von Humboldt Foundation-funded OIMEA Project at the Historisches Seminar - Abteilung Alte Geschichte of Ludwig-Maximilians-Universität München. The annotated edition is released under the Creative Commons Attribution Share-Alike license 3.0.",
			"ruler": "Ashurnasirpal II",
			"subgenre": "Ashurnasirpal II",
			"subproject": "ria4",
			"supergenre": "LIT"
		},
		"geometry": {
			"type": "Point",
			"coordinates": [43.262037,35.458121]
		}
	}, {
		"type": "Feature",
		"properties": {
			"cdli_id": "P373507; P373508; P373509; P373512; P373516; P422438; P427884; P428300; P428319; P428336; P428364; P428576; P428590; P464698; P464699; P464700; P464701; P464702; P464703; P464704; P464710; P464711; P464712; P464713; P464714; P464715; P464716; P464717; P464718; P464719; P464720; P464721; P464722; P464723; P464724; P464725; P464726; P464727; P464728; P464729; P464730; P464731; P464732; P464733; P464734; P464735; P464736; P464737; P464738; P464739; P467632; P472300",
			"cite_as": "Please cite this page as http://oracc.org/riao/Q004569/.",
			"collection": "Vorderasiatisches Museum, Berlin, Germany; British Museum, London, UK; Birmingham Museums and Art Gallery, Birmingham, UK; Eski Şark Eserleri Müzesi, Arkeoloji Müzeleri, Istanbul, Turkey; unlocated; Yale Babylonian Collection, New Haven, Connecticut, USA; Ashmolean Museum, Oxford, UK; Metropolitan Museum of Art, New York, New York, USA; Erebuni Historico-Archaeological Museum-; Reserve, ; Erebuni Museum, Yerevan, Armenia",
			"credits": "Based on A. Kirk Grayson, Assyrian Rulers of the Early First Millennium BC I (1114-859 BC) (RIMA 2), Toronto,  1991. Adapted by Jamie Novotny (2015-16) and lemmatized and updated by Nathan Morello (2016-17) for the Alexander von Humboldt Foundation-funded OIMEA Project at the Historisches Seminar - Abteilung Alte Geschichte of Ludwig-Maximilians-Universität München. The annotated edition is released under the Creative Commons Attribution Share-Alike license 3.0. Please cite this page as http://oracc.org/riao/Q004569/.",
			"designation": "Ashurnasirpal II 115",
			"display_name": "RINAP Ashurnasirpal II 115",
			"exemplar_number": "52",
			"exemplars": "VA Ass 03256a (Ass 00545); VA Ass 03256b (Ass 02208); VA Ass 03256c (Ass 15671); VA Ass 03257b (Ass 04146); VA Ass 03259c; BM 122665 (1930-05-08, 0098); BM 090256 (1979-12-20, 0157); BM 090714 + BM 090758 (1979-12-20, 0320); BM 090738 (1848-11-04, 0060); BM 090757 (1848-11-04, 0044); BM 090810 (1979-12-20, 0362); BM 137445 (1848-11-04, 0058); BM 137459 (1929-10-12, 0169); BCM 1081-030; BCM 0321-079; BCM 0331-079; BCM A 051-087; BCM A 052-087; BCM A 053-087; BCM —; Ist EŞEM 06657; Ist EŞEM 09009; Ist EŞEM 09265; Ist EŞEM 09351; Ist EŞEM 09357; Ist EŞEM 09358; Ist EŞEM 09453; Ist EŞEM 09455; Ist EŞEM 09456; Ist EŞEM 09457; Ist EŞEM 09458; Ist EŞEM 09149; Ist EŞEM —; unknown; unknown (Ass 22913); BM 115635 (DT 382); BM 139259 (1932-12-10, 0713); YBC 16947; YBC 16946; BCM 0891-079; BCM 0892-079; Ashm 1954-0745 (ND 01404); BCM 1131-052 (ND 01974); MMA 54.117.30 (not in metonline ?); 1980/009",
			"findspots": "Qalat Sherqat (Assur); Kuyunjik (Nineveh); Nimrud (Kalhu); Balawat (Imgur-Enlil); uncertain",
			"genre": "Royal Inscription",
			"id_composite": "Q004569",
			"language": "Akkadian",
			"material": "clay; stone",
			"object_type": "tablet; cone; brick; sarcophagus; hand",
			"period": "Neo-Assyrian",
			"pleiades_id": "894019",
			"popular_name": "RIMA 2 A.0.101.115",
			"primary_publication": "Ashurnasirpal II 115",
			"project": "riao",
			"provenience": "Nimrud (Kalhu)",
			"Q_designation": "Ashurnasirpal II 115",
			"riao_attribution": "Based on A. Kirk Grayson, Assyrian Rulers of the Early First Millennium BC I (1114-859 BC) (RIMA 2), Toronto,  1991. Adapted by Jamie Novotny (2015-16) and lemmatized and updated by Nathan Morello (2016-17) for the Alexander von Humboldt Foundation-funded OIMEA Project at the Historisches Seminar - Abteilung Alte Geschichte of Ludwig-Maximilians-Universität München. The annotated edition is released under the Creative Commons Attribution Share-Alike license 3.0.",
			"ruler": "Ashurnasirpal II",
			"subgenre": "Ashurnasirpal II",
			"subproject": "ria4",
			"supergenre": "LIT"
		},
		"geometry": {
			"type": "Point",
			"coordinates": [43.3275,36.099167]
		}
	}, {
		"type": "Feature",
		"properties": {
			"cdli_id": "P422571; P423086; P464705; P464706; P464707; P464708; P464709; P464740; P464741",
			"cite_as": "Please cite this page as http://oracc.org/riao/Q004570/.",
			"collection": "British Museum, London, UK; Birmingham Museums and Art Gallery, Birmingham, UK; Eski Şark Eserleri Müzesi, Arkeoloji Müzeleri, Istanbul, Turkey; unlocated",
			"credits": "Based on A. Kirk Grayson, Assyrian Rulers of the Early First Millennium BC I (1114-859 BC) (RIMA 2), Toronto,  1991. Adapted by Jamie Novotny (2015-16) and lemmatized and updated by Nathan Morello (2016-17) for the Alexander von Humboldt Foundation-funded OIMEA Project at the Historisches Seminar - Abteilung Alte Geschichte of Ludwig-Maximilians-Universität München. The annotated edition is released under the Creative Commons Attribution Share-Alike license 3.0. Please cite this page as http://oracc.org/riao/Q004570/.",
			"designation": "Ashurnasirpal II 116",
			"display_name": "RINAP Ashurnasirpal II 116",
			"exemplar_number": "9",
			"exemplars": "BM 123495 (1932-12-10, 0438); BM 128338 (1932-12-10, 0595); BCM A 054-087; Ist EŞEM 09359; unknown",
			"findspots": "Kuyunjik (Nineveh); Qalat Sherqat (Assur)",
			"genre": "Royal Inscription",
			"id_composite": "Q004570",
			"language": "Akkadian",
			"material": "clay",
			"object_type": "cone; brick",
			"period": "Neo-Assyrian",
			"pleiades_id": "893945",
			"popular_name": "RIMA 2 A.0.101.116",
			"primary_publication": "Ashurnasirpal II 116",
			"project": "riao",
			"provenience": "Qalat Sherqat (Assur)",
			"Q_designation": "Ashurnasirpal II 116",
			"riao_attribution": "Based on A. Kirk Grayson, Assyrian Rulers of the Early First Millennium BC I (1114-859 BC) (RIMA 2), Toronto,  1991. Adapted by Jamie Novotny (2015-16) and lemmatized and updated by Nathan Morello (2016-17) for the Alexander von Humboldt Foundation-funded OIMEA Project at the Historisches Seminar - Abteilung Alte Geschichte of Ludwig-Maximilians-Universität München. The annotated edition is released under the Creative Commons Attribution Share-Alike license 3.0.",
			"ruler": "Ashurnasirpal II",
			"subgenre": "Ashurnasirpal II",
			"subproject": "ria4",
			"supergenre": "LIT"
		},
		"geometry": {
			"type": "Point",
			"coordinates": [43.262037,35.458121]
		}
	}, {
		"type": "Feature",
		"properties": {
			"cdli_id": "P464742; P464743; P464744",
			"cite_as": "Please cite this page as http://oracc.org/riao/Q004571/.",
			"collection": "unlocated",
			"credits": "Based on A. Kirk Grayson, Assyrian Rulers of the Early First Millennium BC I (1114-859 BC) (RIMA 2), Toronto,  1991. Adapted by Jamie Novotny (2015-16) and lemmatized and updated by Nathan Morello (2016-17) for the Alexander von Humboldt Foundation-funded OIMEA Project at the Historisches Seminar - Abteilung Alte Geschichte of Ludwig-Maximilians-Universität München. The annotated edition is released under the Creative Commons Attribution Share-Alike license 3.0. Please cite this page as http://oracc.org/riao/Q004571/.",
			"designation": "Ashurnasirpal II 117",
			"display_name": "RINAP Ashurnasirpal II 117",
			"exemplar_number": "3",
			"exemplars": "unknown; unknown (Ass 00028)",
			"findspots": "Kuyunjik (Nineveh); Qalat Sherqat (Assur)",
			"genre": "Royal Inscription",
			"id_composite": "Q004571",
			"language": "Akkadian",
			"material": "clay",
			"object_type": "brick; cone",
			"period": "Neo-Assyrian",
			"pleiades_id": "874621",
			"popular_name": "RIMA 2 A.0.101.117",
			"primary_publication": "Ashurnasirpal II 117",
			"project": "riao",
			"provenience": "Kuyunjik (Nineveh)",
			"Q_designation": "Ashurnasirpal II 117",
			"riao_attribution": "Based on A. Kirk Grayson, Assyrian Rulers of the Early First Millennium BC I (1114-859 BC) (RIMA 2), Toronto,  1991. Adapted by Jamie Novotny (2015-16) and lemmatized and updated by Nathan Morello (2016-17) for the Alexander von Humboldt Foundation-funded OIMEA Project at the Historisches Seminar - Abteilung Alte Geschichte of Ludwig-Maximilians-Universität München. The annotated edition is released under the Creative Commons Attribution Share-Alike license 3.0.",
			"ruler": "Ashurnasirpal II",
			"subgenre": "Ashurnasirpal II",
			"subproject": "ria4",
			"supergenre": "LIT"
		},
		"geometry": {
			"type": "Point",
			"coordinates": [43.151937,36.358684]
		}
	}, {
		"type": "Feature",
		"properties": {
			"cdli_id": "P422382; P422394; P422440; P422583; P422584; P422592; P422920; P422921; P422923; P422932; P422937; P422942; P423122; P423332; P464745; P464746; P464747; P464748; P464749; P464750; P464751; P464752; P464753; P464754; P464755; P464756; P464757",
			"cite_as": "Please cite this page as http://oracc.org/riao/Q004572/.",
			"collection": "British Museum, London, UK; National Museum of Iraq, Baghdad, Iraq; unlocated; Arkeoloji Müzeleri, Istanbul, Turkey",
			"credits": "Based on A. Kirk Grayson, Assyrian Rulers of the Early First Millennium BC I (1114-859 BC) (RIMA 2), Toronto,  1991. Adapted by Jamie Novotny (2015-16) and lemmatized and updated by Nathan Morello (2016-17) for the Alexander von Humboldt Foundation-funded OIMEA Project at the Historisches Seminar - Abteilung Alte Geschichte of Ludwig-Maximilians-Universität München. The annotated edition is released under the Creative Commons Attribution Share-Alike license 3.0. Please cite this page as http://oracc.org/riao/Q004572/.",
			"designation": "Ashurnasirpal II 118",
			"display_name": "RINAP Ashurnasirpal II 118",
			"exemplar_number": "27",
			"exemplars": "BM 121131 (1929-10-12, 0127-0140); BM 121143 (1929-10-12, 0152); BM 122667 (1930-05-08, 0100); BM 123507 (1932-12-10, 0450); BM 123508 (1932-12-10, 0451); BM 123516 (1932-12-10, 0459); BM 128166 (1929-10-12, 0822); BM 128167 (1929-10-12, 0823); BM 128169 (1929-10-12, 0825); BM 128178 (1929-10-12, 0834); BM 128183 (1929-10-12, 0839); BM 128188 (1929-10-12, 0844); BM 128374 (1932-12-10, 0631); BM 134813 (1932-12-12, 0608); BM — (1856-09-09, 0136 + 1856-09-09, 0143 + 1856-09-09, 0184); BM — (1856-09-09, 0144); BM — (1856-09-09, 0154); BM — (1856-09-09, 0158); BM — (1856-09-09, 0165); BM — (1856-09-09, 0134 + 1856-09-09, 0201); IM —; BM 139269 (1932-12-10, 0723); BM 139274 (1932-12-10, 0728); BM 139321 (1930-05-08, 0234); unknown; Ist A 03421",
			"findspots": "Kuyunjik (Nineveh); Qalat Sherqat (Assur)",
			"genre": "Royal Inscription",
			"id_composite": "Q004572",
			"language": "Akkadian",
			"material": "clay",
			"object_type": "cone",
			"period": "Neo-Assyrian",
			"pleiades_id": "893945",
			"popular_name": "RIMA 2 A.0.101.118",
			"primary_publication": "Ashurnasirpal II 118",
			"project": "riao",
			"provenience": "Qalat Sherqat (Assur)",
			"Q_designation": "Ashurnasirpal II 118",
			"riao_attribution": "Based on A. Kirk Grayson, Assyrian Rulers of the Early First Millennium BC I (1114-859 BC) (RIMA 2), Toronto,  1991. Adapted by Jamie Novotny (2015-16) and lemmatized and updated by Nathan Morello (2016-17) for the Alexander von Humboldt Foundation-funded OIMEA Project at the Historisches Seminar - Abteilung Alte Geschichte of Ludwig-Maximilians-Universität München. The annotated edition is released under the Creative Commons Attribution Share-Alike license 3.0.",
			"ruler": "Ashurnasirpal II",
			"subgenre": "Ashurnasirpal II",
			"subproject": "ria4",
			"supergenre": "LIT"
		},
		"geometry": {
			"type": "Point",
			"coordinates": [43.262037,35.458121]
		}
	}, {
		"type": "Feature",
		"properties": {
			"cdli_id": "P464758",
			"cite_as": "Please cite this page as http://oracc.org/riao/Q004573/.",
			"collection": "British Museum, London, UK",
			"credits": "Based on A. Kirk Grayson, Assyrian Rulers of the Early First Millennium BC I (1114-859 BC) (RIMA 2), Toronto,  1991. Adapted by Jamie Novotny (2015-16) and lemmatized and updated by Nathan Morello (2016-17) for the Alexander von Humboldt Foundation-funded OIMEA Project at the Historisches Seminar - Abteilung Alte Geschichte of Ludwig-Maximilians-Universität München. The annotated edition is released under the Creative Commons Attribution Share-Alike license 3.0. Please cite this page as http://oracc.org/riao/Q004573/.",
			"designation": "Ashurnasirpal II 119",
			"display_name": "RINAP Ashurnasirpal II 119",
			"exemplar_number": "1",
			"exemplars": "BM — (Ass 00227)",
			"findspots": "Qalat Sherqat (Assur)",
			"genre": "Royal Inscription",
			"id_composite": "Q004573",
			"language": "Akkadian",
			"material": "clay",
			"object_type": "plate",
			"period": "Neo-Assyrian",
			"pleiades_id": "893945",
			"popular_name": "RIMA 2 A.0.101.119",
			"primary_publication": "Ashurnasirpal II 119",
			"project": "riao",
			"provenience": "Qalat Sherqat (Assur)",
			"Q_designation": "Ashurnasirpal II 119",
			"riao_attribution": "Based on A. Kirk Grayson, Assyrian Rulers of the Early First Millennium BC I (1114-859 BC) (RIMA 2), Toronto,  1991. Adapted by Jamie Novotny (2015-16) and lemmatized and updated by Nathan Morello (2016-17) for the Alexander von Humboldt Foundation-funded OIMEA Project at the Historisches Seminar - Abteilung Alte Geschichte of Ludwig-Maximilians-Universität München. The annotated edition is released under the Creative Commons Attribution Share-Alike license 3.0.",
			"ruler": "Ashurnasirpal II",
			"subgenre": "Ashurnasirpal II",
			"subproject": "ria4",
			"supergenre": "LIT"
		},
		"geometry": {
			"type": "Point",
			"coordinates": [43.262037,35.458121]
		}
	}, {
		"type": "Feature",
		"properties": {
			"cdli_id": "P464759; P464760; P464761; P464762",
			"cite_as": "Please cite this page as http://oracc.org/riao/Q004574/.",
			"collection": "British Museum, London, UK; National Museum of Iraq, Baghdad, Iraq",
			"credits": "Based on A. Kirk Grayson, Assyrian Rulers of the Early First Millennium BC I (1114-859 BC) (RIMA 2), Toronto,  1991. Adapted by Jamie Novotny (2015-16) and lemmatized and updated by Nathan Morello (2016-17) for the Alexander von Humboldt Foundation-funded OIMEA Project at the Historisches Seminar - Abteilung Alte Geschichte of Ludwig-Maximilians-Universität München. The annotated edition is released under the Creative Commons Attribution Share-Alike license 3.0. Please cite this page as http://oracc.org/riao/Q004574/.",
			"designation": "Ashurnasirpal II 120",
			"display_name": "RINAP Ashurnasirpal II 120",
			"exemplar_number": "4",
			"exemplars": "BM — ? (ND 00561); IM 055728 (ND 00565); BM — ? (ND 02551b); BM — ?",
			"findspots": "Nimrud (Kalhu)",
			"genre": "Royal Inscription",
			"id_composite": "Q004574",
			"language": "Akkadian",
			"material": "clay",
			"object_type": "hand",
			"period": "Neo-Assyrian",
			"pleiades_id": "894019",
			"popular_name": "RIMA 2 A.0.101.120",
			"primary_publication": "Ashurnasirpal II 120",
			"project": "riao",
			"provenience": "Nimrud (Kalhu)",
			"Q_designation": "Ashurnasirpal II 120",
			"riao_attribution": "Based on A. Kirk Grayson, Assyrian Rulers of the Early First Millennium BC I (1114-859 BC) (RIMA 2), Toronto,  1991. Adapted by Jamie Novotny (2015-16) and lemmatized and updated by Nathan Morello (2016-17) for the Alexander von Humboldt Foundation-funded OIMEA Project at the Historisches Seminar - Abteilung Alte Geschichte of Ludwig-Maximilians-Universität München. The annotated edition is released under the Creative Commons Attribution Share-Alike license 3.0.",
			"ruler": "Ashurnasirpal II",
			"subgenre": "Ashurnasirpal II",
			"subproject": "ria4",
			"supergenre": "LIT"
		},
		"geometry": {
			"type": "Point",
			"coordinates": [43.3275,36.099167]
		}
	}, {
		"type": "Feature",
		"properties": {
			"cdli_id": "P464763; P464764; P464765",
			"cite_as": "Please cite this page as http://oracc.org/riao/Q004575/.",
			"collection": "British Museum, London, UK; Vorderasiatisches Museum, Berlin, Germany",
			"credits": "Based on A. Kirk Grayson, Assyrian Rulers of the Early First Millennium BC I (1114-859 BC) (RIMA 2), Toronto,  1991. Adapted by Jamie Novotny (2015-16) and lemmatized and updated by Nathan Morello (2016-17) for the Alexander von Humboldt Foundation-funded OIMEA Project at the Historisches Seminar - Abteilung Alte Geschichte of Ludwig-Maximilians-Universität München. The annotated edition is released under the Creative Commons Attribution Share-Alike license 3.0. Please cite this page as http://oracc.org/riao/Q004575/.",
			"designation": "Ashurnasirpal II 121",
			"display_name": "RINAP Ashurnasirpal II 121",
			"exemplar_number": "3",
			"exemplars": "BM — ? (ND 00634); BM — ?; VA 08999",
			"findspots": "Nimrud (Kalhu)",
			"genre": "Royal Inscription",
			"id_composite": "Q004575",
			"language": "Akkadian",
			"material": "clay",
			"object_type": "hand",
			"period": "Neo-Assyrian",
			"pleiades_id": "894019",
			"popular_name": "RIMA 2 A.0.101.121",
			"primary_publication": "Ashurnasirpal II 121",
			"project": "riao",
			"provenience": "Nimrud (Kalhu)",
			"Q_designation": "Ashurnasirpal II 121",
			"riao_attribution": "Based on A. Kirk Grayson, Assyrian Rulers of the Early First Millennium BC I (1114-859 BC) (RIMA 2), Toronto,  1991. Adapted by Jamie Novotny (2015-16) and lemmatized and updated by Nathan Morello (2016-17) for the Alexander von Humboldt Foundation-funded OIMEA Project at the Historisches Seminar - Abteilung Alte Geschichte of Ludwig-Maximilians-Universität München. The annotated edition is released under the Creative Commons Attribution Share-Alike license 3.0.",
			"ruler": "Ashurnasirpal II",
			"subgenre": "Ashurnasirpal II",
			"subproject": "ria4",
			"supergenre": "LIT"
		},
		"geometry": {
			"type": "Point",
			"coordinates": [43.3275,36.099167]
		}
	}, {
		"type": "Feature",
		"properties": {
			"cdli_id": "P464766",
			"cite_as": "Please cite this page as http://oracc.org/riao/Q004576/.",
			"collection": "Vorderasiatisches Museum, Berlin, Germany",
			"credits": "Based on A. Kirk Grayson, Assyrian Rulers of the Early First Millennium BC I (1114-859 BC) (RIMA 2), Toronto,  1991. Adapted by Jamie Novotny (2015-16) and lemmatized and updated by Nathan Morello (2016-17) for the Alexander von Humboldt Foundation-funded OIMEA Project at the Historisches Seminar - Abteilung Alte Geschichte of Ludwig-Maximilians-Universität München. The annotated edition is released under the Creative Commons Attribution Share-Alike license 3.0. Please cite this page as http://oracc.org/riao/Q004576/.",
			"designation": "Ashurnasirpal II 122",
			"display_name": "RINAP Ashurnasirpal II 122",
			"exemplar_number": "1",
			"exemplars": "VA 03128",
			"findspots": "Nimrud (Kalhu)",
			"genre": "Royal Inscription",
			"id_composite": "Q004576",
			"language": "Akkadian",
			"material": "clay",
			"object_type": "hand",
			"period": "Neo-Assyrian",
			"pleiades_id": "894019",
			"popular_name": "RIMA 2 A.0.101.122",
			"primary_publication": "Ashurnasirpal II 122",
			"project": "riao",
			"provenience": "Nimrud (Kalhu)",
			"Q_designation": "Ashurnasirpal II 122",
			"riao_attribution": "Based on A. Kirk Grayson, Assyrian Rulers of the Early First Millennium BC I (1114-859 BC) (RIMA 2), Toronto,  1991. Adapted by Jamie Novotny (2015-16) and lemmatized and updated by Nathan Morello (2016-17) for the Alexander von Humboldt Foundation-funded OIMEA Project at the Historisches Seminar - Abteilung Alte Geschichte of Ludwig-Maximilians-Universität München. The annotated edition is released under the Creative Commons Attribution Share-Alike license 3.0.",
			"ruler": "Ashurnasirpal II",
			"subgenre": "Ashurnasirpal II",
			"subproject": "ria4",
			"supergenre": "LIT"
		},
		"geometry": {
			"type": "Point",
			"coordinates": [43.3275,36.099167]
		}
	}, {
		"type": "Feature",
		"properties": {
			"cdli_id": "P464767; P464768; P464769; P464770; P464771; P464772; P464773; P464774; P464775; P464776; P464777; P464778; P464779; P464780",
			"cite_as": "Please cite this page as http://oracc.org/riao/Q004577/.",
			"collection": "British Museum, London, UK; Metropolitan Museum of Art, New York, New York, USA; private: anonymous, unlocated; Birmingham Museums and Art Gallery, Birmingham, UK; Ashmolean Museum, Oxford, UK; National Museum of Iraq, Baghdad, Iraq",
			"credits": "Based on A. Kirk Grayson, Assyrian Rulers of the Early First Millennium BC I (1114-859 BC) (RIMA 2), Toronto,  1991. Adapted by Jamie Novotny (2015-16) and lemmatized and updated by Nathan Morello (2016-17) for the Alexander von Humboldt Foundation-funded OIMEA Project at the Historisches Seminar - Abteilung Alte Geschichte of Ludwig-Maximilians-Universität München. The annotated edition is released under the Creative Commons Attribution Share-Alike license 3.0. Please cite this page as http://oracc.org/riao/Q004577/.",
			"designation": "Ashurnasirpal II 123",
			"display_name": "RINAP Ashurnasirpal II 123",
			"exemplar_number": "14",
			"exemplars": "BM 091706 (1848-11-04, 0173); BM 090976; BM — ? (ND 01403); MMA 57.27.30 (not in metonline ?; ND 00567); BM — ? (ND 01405); BM — ? (ND 02551a); BM — ?; Anonymous 464777; BCM 0020-024.01; Ashm 1951-0050 (ND 00656 ?); IM — (ND 01402)",
			"findspots": "Nimrud (Kalhu)",
			"genre": "Royal Inscription",
			"id_composite": "Q004577",
			"language": "Akkadian",
			"material": "clay",
			"object_type": "hand",
			"period": "Neo-Assyrian",
			"pleiades_id": "894019",
			"popular_name": "RIMA 2 A.0.101.123",
			"primary_publication": "Ashurnasirpal II 123",
			"project": "riao",
			"provenience": "Nimrud (Kalhu)",
			"Q_designation": "Ashurnasirpal II 123",
			"riao_attribution": "Based on A. Kirk Grayson, Assyrian Rulers of the Early First Millennium BC I (1114-859 BC) (RIMA 2), Toronto,  1991. Adapted by Jamie Novotny (2015-16) and lemmatized and updated by Nathan Morello (2016-17) for the Alexander von Humboldt Foundation-funded OIMEA Project at the Historisches Seminar - Abteilung Alte Geschichte of Ludwig-Maximilians-Universität München. The annotated edition is released under the Creative Commons Attribution Share-Alike license 3.0.",
			"ruler": "Ashurnasirpal II",
			"subgenre": "Ashurnasirpal II",
			"subproject": "ria4",
			"supergenre": "LIT"
		},
		"geometry": {
			"type": "Point",
			"coordinates": [43.3275,36.099167]
		}
	}, {
		"type": "Feature",
		"properties": {
			"cdli_id": "P464781; P464782; P464783; P464784",
			"cite_as": "Please cite this page as http://oracc.org/riao/Q004578/.",
			"collection": "British Museum, London, UK",
			"credits": "Based on A. Kirk Grayson, Assyrian Rulers of the Early First Millennium BC I (1114-859 BC) (RIMA 2), Toronto,  1991. Adapted by Jamie Novotny (2015-16) and lemmatized and updated by Nathan Morello (2016-17) for the Alexander von Humboldt Foundation-funded OIMEA Project at the Historisches Seminar - Abteilung Alte Geschichte of Ludwig-Maximilians-Universität München. The annotated edition is released under the Creative Commons Attribution Share-Alike license 3.0. Please cite this page as http://oracc.org/riao/Q004578/.",
			"designation": "Ashurnasirpal II 124",
			"display_name": "RINAP Ashurnasirpal II 124",
			"exemplar_number": "4",
			"exemplars": "BM 091701 (1848-11-04, 0174); BM — ? (ND 00585); BM — ?",
			"findspots": "Nimrud (Kalhu)",
			"genre": "Royal Inscription",
			"id_composite": "Q004578",
			"language": "Akkadian",
			"material": "clay",
			"object_type": "hand",
			"period": "Neo-Assyrian",
			"pleiades_id": "894019",
			"popular_name": "RIMA 2 A.0.101.124",
			"primary_publication": "Ashurnasirpal II 124",
			"project": "riao",
			"provenience": "Nimrud (Kalhu)",
			"Q_designation": "Ashurnasirpal II 124",
			"riao_attribution": "Based on A. Kirk Grayson, Assyrian Rulers of the Early First Millennium BC I (1114-859 BC) (RIMA 2), Toronto,  1991. Adapted by Jamie Novotny (2015-16) and lemmatized and updated by Nathan Morello (2016-17) for the Alexander von Humboldt Foundation-funded OIMEA Project at the Historisches Seminar - Abteilung Alte Geschichte of Ludwig-Maximilians-Universität München. The annotated edition is released under the Creative Commons Attribution Share-Alike license 3.0.",
			"ruler": "Ashurnasirpal II",
			"subgenre": "Ashurnasirpal II",
			"subproject": "ria4",
			"supergenre": "LIT"
		},
		"geometry": {
			"type": "Point",
			"coordinates": [43.3275,36.099167]
		}
	}, {
		"type": "Feature",
		"properties": {
			"cdli_id": "P224536; P252438; P291768; P427883; P428332; P464785; P464786; P464787; P464788; P464789; P464790",
			"cite_as": "Please cite this page as http://oracc.org/riao/Q004579/.",
			"collection": "National Museum of Iraq, Baghdad, Iraq; Schøyen Collection, Oslo, Norway; Yale Babylonian Collection, New Haven, Connecticut, USA; British Museum, London, UK; unlocated; Mustansiriyah, Baghdad, Iraq; Ashmolean Museum, Oxford, UK",
			"credits": "Based on A. Kirk Grayson, Assyrian Rulers of the Early First Millennium BC I (1114-859 BC) (RIMA 2), Toronto,  1991. Adapted by Jamie Novotny (2015-16) and lemmatized and updated by Nathan Morello (2016-17) for the Alexander von Humboldt Foundation-funded OIMEA Project at the Historisches Seminar - Abteilung Alte Geschichte of Ludwig-Maximilians-Universität München. The annotated edition is released under the Creative Commons Attribution Share-Alike license 3.0. Please cite this page as http://oracc.org/riao/Q004579/.",
			"designation": "Ashurnasirpal II 125",
			"display_name": "RINAP Ashurnasirpal II 125",
			"exemplar_number": "11",
			"exemplars": "IM 055352 (ND 00285); MS 3551; YBC 02023; BM 090255 (1848-11-04, 0025); BM 090752 (1825-05-03, 0018); BM 091705 (1848-11-04, 0175); unknown (ND 00827); unknown (ND 00828); Ashm 1957-0182 (ND 03490); unknown (ND 03493); unknown (ND 03494)",
			"findspots": "Nimrud (Kalhu)",
			"genre": "Royal Inscription",
			"id_composite": "Q004579",
			"language": "Akkadian",
			"material": "clay",
			"object_type": "brick; hand",
			"period": "Neo-Assyrian",
			"pleiades_id": "894019",
			"popular_name": "RIMA 2 A.0.101.125",
			"primary_publication": "Ashurnasirpal II 125",
			"project": "riao",
			"provenience": "Nimrud (Kalhu)",
			"Q_designation": "Ashurnasirpal II 125",
			"riao_attribution": "Based on A. Kirk Grayson, Assyrian Rulers of the Early First Millennium BC I (1114-859 BC) (RIMA 2), Toronto,  1991. Adapted by Jamie Novotny (2015-16) and lemmatized and updated by Nathan Morello (2016-17) for the Alexander von Humboldt Foundation-funded OIMEA Project at the Historisches Seminar - Abteilung Alte Geschichte of Ludwig-Maximilians-Universität München. The annotated edition is released under the Creative Commons Attribution Share-Alike license 3.0.",
			"ruler": "Ashurnasirpal II",
			"subgenre": "Ashurnasirpal II",
			"subproject": "ria4",
			"supergenre": "LIT"
		},
		"geometry": {
			"type": "Point",
			"coordinates": [43.3275,36.099167]
		}
	}, {
		"type": "Feature",
		"properties": {
			"cdli_id": "P345494; P400670; P464791; P464801; P464802; P464803; P464804",
			"cite_as": "Please cite this page as http://oracc.org/riao/Q004580/.",
			"collection": "British Museum, London, UK; Birmingham Museums and Art Gallery, Birmingham, UK; unlocated",
			"credits": "Based on A. Kirk Grayson, Assyrian Rulers of the Early First Millennium BC I (1114-859 BC) (RIMA 2), Toronto,  1991. Adapted by Jamie Novotny (2015-16) and lemmatized and updated by Nathan Morello (2016-17) for the Alexander von Humboldt Foundation-funded OIMEA Project at the Historisches Seminar - Abteilung Alte Geschichte of Ludwig-Maximilians-Universität München. The annotated edition is released under the Creative Commons Attribution Share-Alike license 3.0. Please cite this page as http://oracc.org/riao/Q004580/.",
			"designation": "Ashurnasirpal II 126",
			"display_name": "RINAP Ashurnasirpal II 126",
			"exemplar_number": "7",
			"exemplars": "BM 098854 (1905-04-09, 0360); BM — (K 14182); BCM 0202-078; BM — (1855-12-05, 0456); BCM 0203-078; BM 138720 (1932-12-12, 1253); unknown",
			"findspots": "Kuyunjik (Nineveh)",
			"genre": "Royal Inscription",
			"id_composite": "Q004580",
			"language": "Akkadian",
			"material": "clay",
			"object_type": "hand",
			"period": "Neo-Assyrian",
			"pleiades_id": "874621",
			"popular_name": "RIMA 2 A.0.101.126",
			"primary_publication": "Ashurnasirpal II 126",
			"project": "riao",
			"provenience": "Kuyunjik (Nineveh)",
			"Q_designation": "Ashurnasirpal II 126",
			"riao_attribution": "Based on A. Kirk Grayson, Assyrian Rulers of the Early First Millennium BC I (1114-859 BC) (RIMA 2), Toronto,  1991. Adapted by Jamie Novotny (2015-16) and lemmatized and updated by Nathan Morello (2016-17) for the Alexander von Humboldt Foundation-funded OIMEA Project at the Historisches Seminar - Abteilung Alte Geschichte of Ludwig-Maximilians-Universität München. The annotated edition is released under the Creative Commons Attribution Share-Alike license 3.0.",
			"ruler": "Ashurnasirpal II",
			"subgenre": "Ashurnasirpal II",
			"subproject": "ria4",
			"supergenre": "LIT"
		},
		"geometry": {
			"type": "Point",
			"coordinates": [43.151937,36.358684]
		}
	}, {
		"type": "Feature",
		"properties": {
			"cdli_id": "P428051; P428066; P428318; P428335; P428587; P464805; P464806; P464807; P464808; P464809; P464810; P464811; P464812; P464813",
			"cite_as": "Please cite this page as http://oracc.org/riao/Q004581/.",
			"collection": "British Museum, London, UK; Ashmolean Museum, Oxford, UK; Birmingham Museums and Art Gallery, Birmingham, UK; unlocated",
			"credits": "Based on A. Kirk Grayson, Assyrian Rulers of the Early First Millennium BC I (1114-859 BC) (RIMA 2), Toronto,  1991. Adapted by Jamie Novotny (2015-16) and lemmatized and updated by Nathan Morello (2016-17) for the Alexander von Humboldt Foundation-funded OIMEA Project at the Historisches Seminar - Abteilung Alte Geschichte of Ludwig-Maximilians-Universität München. The annotated edition is released under the Creative Commons Attribution Share-Alike license 3.0. Please cite this page as http://oracc.org/riao/Q004581/.",
			"designation": "Ashurnasirpal II 127",
			"display_name": "RINAP Ashurnasirpal II 127",
			"exemplar_number": "14",
			"exemplars": "BM 090452 + BM 090806 (1979-12-20, 0258); BM 090467 (1825-05-03, 0023); BM 090736 (1979-12-20, 0330); BM 090756 (1979-12-20, 0337); BM 137456b (1929-10-12, 0183); Ashm 1930-0717a; Ashm 1930-0717b; BCM 1082-030; BCM 0330-079; BCM 0334-079; BCM 0100-033; unknown",
			"findspots": "Kuyunjik (Nineveh)",
			"genre": "Royal Inscription",
			"id_composite": "Q004581",
			"language": "Akkadian",
			"material": "clay",
			"object_type": "brick; hand",
			"period": "Neo-Assyrian",
			"pleiades_id": "874621",
			"popular_name": "RIMA 2 A.0.101.127",
			"primary_publication": "Ashurnasirpal II 127",
			"project": "riao",
			"provenience": "Kuyunjik (Nineveh)",
			"Q_designation": "Ashurnasirpal II 127",
			"riao_attribution": "Based on A. Kirk Grayson, Assyrian Rulers of the Early First Millennium BC I (1114-859 BC) (RIMA 2), Toronto,  1991. Adapted by Jamie Novotny (2015-16) and lemmatized and updated by Nathan Morello (2016-17) for the Alexander von Humboldt Foundation-funded OIMEA Project at the Historisches Seminar - Abteilung Alte Geschichte of Ludwig-Maximilians-Universität München. The annotated edition is released under the Creative Commons Attribution Share-Alike license 3.0.",
			"ruler": "Ashurnasirpal II",
			"subgenre": "Ashurnasirpal II",
			"subproject": "ria4",
			"supergenre": "LIT"
		},
		"geometry": {
			"type": "Point",
			"coordinates": [43.151937,36.358684]
		}
	}, {
		"type": "Feature",
		"properties": {
			"cdli_id": "P464814",
			"cite_as": "Please cite this page as http://oracc.org/riao/Q004582/.",
			"collection": "unlocated",
			"credits": "Based on A. Kirk Grayson, Assyrian Rulers of the Early First Millennium BC I (1114-859 BC) (RIMA 2), Toronto,  1991. Adapted by Jamie Novotny (2015-16) and lemmatized and updated by Nathan Morello (2016-17) for the Alexander von Humboldt Foundation-funded OIMEA Project at the Historisches Seminar - Abteilung Alte Geschichte of Ludwig-Maximilians-Universität München. The annotated edition is released under the Creative Commons Attribution Share-Alike license 3.0. Please cite this page as http://oracc.org/riao/Q004582/.",
			"designation": "Ashurnasirpal II 128",
			"display_name": "RINAP Ashurnasirpal II 128",
			"exemplar_number": "1",
			"exemplars": "unknown",
			"findspots": "Kuyunjik (Nineveh)",
			"genre": "Royal Inscription",
			"id_composite": "Q004582",
			"language": "Akkadian",
			"material": "clay",
			"object_type": "hand",
			"period": "Neo-Assyrian",
			"pleiades_id": "874621",
			"popular_name": "RIMA 2 A.0.101.128",
			"primary_publication": "Ashurnasirpal II 128",
			"project": "riao",
			"provenience": "Kuyunjik (Nineveh)",
			"Q_designation": "Ashurnasirpal II 128",
			"riao_attribution": "Based on A. Kirk Grayson, Assyrian Rulers of the Early First Millennium BC I (1114-859 BC) (RIMA 2), Toronto,  1991. Adapted by Jamie Novotny (2015-16) and lemmatized and updated by Nathan Morello (2016-17) for the Alexander von Humboldt Foundation-funded OIMEA Project at the Historisches Seminar - Abteilung Alte Geschichte of Ludwig-Maximilians-Universität München. The annotated edition is released under the Creative Commons Attribution Share-Alike license 3.0.",
			"ruler": "Ashurnasirpal II",
			"subgenre": "Ashurnasirpal II",
			"subproject": "ria4",
			"supergenre": "LIT"
		},
		"geometry": {
			"type": "Point",
			"coordinates": [43.151937,36.358684]
		}
	}, {
		"type": "Feature",
		"properties": {
			"cdli_id": "P427885; P427886; P427887; P464815; P464816; P464817; P464818; P464819; P464820; P464821; P464822; P464823; P464824; P464825; P464826; P464827",
			"cite_as": "Please cite this page as http://oracc.org/riao/Q004583/.",
			"collection": "British Museum, London, UK; Vorderasiatisches Museum, Berlin, Germany; Eski Şark Eserleri Müzesi, Arkeoloji Müzeleri, Istanbul, Turkey; unlocated",
			"credits": "Based on A. Kirk Grayson, Assyrian Rulers of the Early First Millennium BC I (1114-859 BC) (RIMA 2), Toronto,  1991. Adapted by Jamie Novotny (2015-16) and lemmatized and updated by Nathan Morello (2016-17) for the Alexander von Humboldt Foundation-funded OIMEA Project at the Historisches Seminar - Abteilung Alte Geschichte of Ludwig-Maximilians-Universität München. The annotated edition is released under the Creative Commons Attribution Share-Alike license 3.0. Please cite this page as http://oracc.org/riao/Q004583/.",
			"designation": "Ashurnasirpal II 129",
			"display_name": "RINAP Ashurnasirpal II 129",
			"exemplar_number": "16",
			"exemplars": "BM 090257 (1979-12-20, 0158); BM 090258 (1979-12-20, 0159); BM 090259 (1979-12-20, 0160); VA Ass 04309l (Ass 11652); VA Ass 03255 (Ass 19515a); VA Ass 04311e; VA Ass 03257c (Ass 05372); Ist EŞEM 09242; Ist EŞEM 06634; Ist EŞEM 09010; unknown; unknown (Ass 00035); unknown (Ass 00123); unknown (Ass 18150); unknown (Ass 19515b); BM 090627 (1979-12-20, 0306)",
			"findspots": "Qalat Sherqat (Assur)",
			"genre": "Royal Inscription",
			"id_composite": "Q004583",
			"language": "Akkadian",
			"material": "clay",
			"object_type": "brick; hand",
			"period": "Neo-Assyrian",
			"pleiades_id": "893945",
			"popular_name": "RIMA 2 A.0.101.129",
			"primary_publication": "Ashurnasirpal II 129",
			"project": "riao",
			"provenience": "Qalat Sherqat (Assur)",
			"Q_designation": "Ashurnasirpal II 129",
			"riao_attribution": "Based on A. Kirk Grayson, Assyrian Rulers of the Early First Millennium BC I (1114-859 BC) (RIMA 2), Toronto,  1991. Adapted by Jamie Novotny (2015-16) and lemmatized and updated by Nathan Morello (2016-17) for the Alexander von Humboldt Foundation-funded OIMEA Project at the Historisches Seminar - Abteilung Alte Geschichte of Ludwig-Maximilians-Universität München. The annotated edition is released under the Creative Commons Attribution Share-Alike license 3.0.",
			"ruler": "Ashurnasirpal II",
			"subgenre": "Ashurnasirpal II",
			"subproject": "ria4",
			"supergenre": "LIT"
		},
		"geometry": {
			"type": "Point",
			"coordinates": [43.262037,35.458121]
		}
	}, {
		"type": "Feature",
		"properties": {
			"cdli_id": "P428497; P464828; P464829; P464830; P464831",
			"cite_as": "Please cite this page as http://oracc.org/riao/Q004584/.",
			"collection": "British Museum, London, UK; Birmingham Museums and Art Gallery, Birmingham, UK; Eski Şark Eserleri Müzesi, Arkeoloji Müzeleri, Istanbul, Turkey; unlocated; private: anonymous, unlocated",
			"credits": "Based on A. Kirk Grayson, Assyrian Rulers of the Early First Millennium BC I (1114-859 BC) (RIMA 2), Toronto,  1991. Adapted by Jamie Novotny (2015-16) and lemmatized and updated by Nathan Morello (2016-17) for the Alexander von Humboldt Foundation-funded OIMEA Project at the Historisches Seminar - Abteilung Alte Geschichte of Ludwig-Maximilians-Universität München. The annotated edition is released under the Creative Commons Attribution Share-Alike license 3.0. Please cite this page as http://oracc.org/riao/Q004584/.",
			"designation": "Ashurnasirpal II 130",
			"display_name": "RINAP Ashurnasirpal II 130",
			"exemplar_number": "5",
			"exemplars": "BM 136400 (1966-06-06, 0001); BCM 0272-061 (ND 01129); Ist EŞEM 00051; unknown; Anonymous 464831",
			"findspots": "Nimrud (Kalhu)",
			"genre": "Royal Inscription",
			"id_composite": "Q004584",
			"language": "Akkadian",
			"material": "clay",
			"object_type": "brick",
			"period": "Neo-Assyrian",
			"pleiades_id": "894019",
			"popular_name": "RIMA 2 A.0.101.130",
			"primary_publication": "Ashurnasirpal II 130",
			"project": "riao",
			"provenience": "Nimrud (Kalhu)",
			"Q_designation": "Ashurnasirpal II 130",
			"riao_attribution": "Based on A. Kirk Grayson, Assyrian Rulers of the Early First Millennium BC I (1114-859 BC) (RIMA 2), Toronto,  1991. Adapted by Jamie Novotny (2015-16) and lemmatized and updated by Nathan Morello (2016-17) for the Alexander von Humboldt Foundation-funded OIMEA Project at the Historisches Seminar - Abteilung Alte Geschichte of Ludwig-Maximilians-Universität München. The annotated edition is released under the Creative Commons Attribution Share-Alike license 3.0.",
			"ruler": "Ashurnasirpal II",
			"subgenre": "Ashurnasirpal II",
			"subproject": "ria4",
			"supergenre": "LIT"
		},
		"geometry": {
			"type": "Point",
			"coordinates": [43.3275,36.099167]
		}
	}, {
		"type": "Feature",
		"properties": {
			"cdli_id": "P254404",
			"cite_as": "Please cite this page as http://oracc.org/riao/Q004585/.",
			"collection": "Ashmolean Museum, Oxford, UK",
			"credits": "Based on A. Kirk Grayson, Assyrian Rulers of the Early First Millennium BC I (1114-859 BC) (RIMA 2), Toronto,  1991. Adapted by Jamie Novotny (2015-16) and lemmatized and updated by Nathan Morello (2016-17) for the Alexander von Humboldt Foundation-funded OIMEA Project at the Historisches Seminar - Abteilung Alte Geschichte of Ludwig-Maximilians-Universität München. The annotated edition is released under the Creative Commons Attribution Share-Alike license 3.0. Please cite this page as http://oracc.org/riao/Q004585/.",
			"designation": "Ashurnasirpal II 131",
			"display_name": "RINAP Ashurnasirpal II 131",
			"exemplar_number": "1",
			"exemplars": "Ashm 1957-0183 (ND 03491)",
			"findspots": "Nimrud (Kalhu)",
			"genre": "Royal Inscription",
			"id_composite": "Q004585",
			"language": "Akkadian",
			"material": "clay",
			"object_type": "brick",
			"period": "Neo-Assyrian",
			"pleiades_id": "894019",
			"popular_name": "RIMA 2 A.0.101.131",
			"primary_publication": "Ashurnasirpal II 131",
			"project": "riao",
			"provenience": "Nimrud (Kalhu)",
			"Q_designation": "Ashurnasirpal II 131",
			"riao_attribution": "Based on A. Kirk Grayson, Assyrian Rulers of the Early First Millennium BC I (1114-859 BC) (RIMA 2), Toronto,  1991. Adapted by Jamie Novotny (2015-16) and lemmatized and updated by Nathan Morello (2016-17) for the Alexander von Humboldt Foundation-funded OIMEA Project at the Historisches Seminar - Abteilung Alte Geschichte of Ludwig-Maximilians-Universität München. The annotated edition is released under the Creative Commons Attribution Share-Alike license 3.0.",
			"ruler": "Ashurnasirpal II",
			"subgenre": "Ashurnasirpal II",
			"subproject": "ria4",
			"supergenre": "LIT"
		},
		"geometry": {
			"type": "Point",
			"coordinates": [43.3275,36.099167]
		}
	}, {
		"type": "Feature",
		"properties": {
			"cdli_id": "P464832",
			"cite_as": "Please cite this page as http://oracc.org/riao/Q004586/.",
			"collection": "unlocated",
			"credits": "Based on A. Kirk Grayson, Assyrian Rulers of the Early First Millennium BC I (1114-859 BC) (RIMA 2), Toronto,  1991. Adapted by Jamie Novotny (2015-16) and lemmatized and updated by Nathan Morello (2016-17) for the Alexander von Humboldt Foundation-funded OIMEA Project at the Historisches Seminar - Abteilung Alte Geschichte of Ludwig-Maximilians-Universität München. The annotated edition is released under the Creative Commons Attribution Share-Alike license 3.0. Please cite this page as http://oracc.org/riao/Q004586/.",
			"designation": "Ashurnasirpal II 132",
			"display_name": "RINAP Ashurnasirpal II 132",
			"exemplar_number": "1",
			"exemplars": "unknown (ND 03492)",
			"findspots": "Nimrud (Kalhu)",
			"genre": "Royal Inscription",
			"id_composite": "Q004586",
			"language": "Akkadian",
			"material": "clay",
			"object_type": "brick",
			"period": "Neo-Assyrian",
			"pleiades_id": "894019",
			"popular_name": "RIMA 2 A.0.101.132",
			"primary_publication": "Ashurnasirpal II 132",
			"project": "riao",
			"provenience": "Nimrud (Kalhu)",
			"Q_designation": "Ashurnasirpal II 132",
			"riao_attribution": "Based on A. Kirk Grayson, Assyrian Rulers of the Early First Millennium BC I (1114-859 BC) (RIMA 2), Toronto,  1991. Adapted by Jamie Novotny (2015-16) and lemmatized and updated by Nathan Morello (2016-17) for the Alexander von Humboldt Foundation-funded OIMEA Project at the Historisches Seminar - Abteilung Alte Geschichte of Ludwig-Maximilians-Universität München. The annotated edition is released under the Creative Commons Attribution Share-Alike license 3.0.",
			"ruler": "Ashurnasirpal II",
			"subgenre": "Ashurnasirpal II",
			"subproject": "ria4",
			"supergenre": "LIT"
		},
		"geometry": {
			"type": "Point",
			"coordinates": [43.3275,36.099167]
		}
	}, {
		"type": "Feature",
		"properties": {
			"cdli_id": "P464833; P464834; P464835",
			"cite_as": "Please cite this page as http://oracc.org/riao/Q004587/.",
			"collection": "Birmingham Museums and Art Gallery, Birmingham, UK",
			"credits": "Based on A. Kirk Grayson, Assyrian Rulers of the Early First Millennium BC I (1114-859 BC) (RIMA 2), Toronto,  1991. Adapted by Jamie Novotny (2015-16) and lemmatized and updated by Nathan Morello (2016-17) for the Alexander von Humboldt Foundation-funded OIMEA Project at the Historisches Seminar - Abteilung Alte Geschichte of Ludwig-Maximilians-Universität München. The annotated edition is released under the Creative Commons Attribution Share-Alike license 3.0. Please cite this page as http://oracc.org/riao/Q004587/.",
			"designation": "Ashurnasirpal II 133",
			"display_name": "RINAP Ashurnasirpal II 133",
			"exemplar_number": "3",
			"exemplars": "BCM 0350-079; BCM 0325-079; BCM A 055-087",
			"findspots": "Kuyunjik (Nineveh)",
			"genre": "Royal Inscription",
			"id_composite": "Q004587",
			"language": "Akkadian",
			"material": "clay",
			"object_type": "brick",
			"period": "Neo-Assyrian",
			"pleiades_id": "874621",
			"popular_name": "RIMA 2 A.0.101.133",
			"primary_publication": "Ashurnasirpal II 133",
			"project": "riao",
			"provenience": "Kuyunjik (Nineveh)",
			"Q_designation": "Ashurnasirpal II 133",
			"riao_attribution": "Based on A. Kirk Grayson, Assyrian Rulers of the Early First Millennium BC I (1114-859 BC) (RIMA 2), Toronto,  1991. Adapted by Jamie Novotny (2015-16) and lemmatized and updated by Nathan Morello (2016-17) for the Alexander von Humboldt Foundation-funded OIMEA Project at the Historisches Seminar - Abteilung Alte Geschichte of Ludwig-Maximilians-Universität München. The annotated edition is released under the Creative Commons Attribution Share-Alike license 3.0.",
			"ruler": "Ashurnasirpal II",
			"subgenre": "Ashurnasirpal II",
			"subproject": "ria4",
			"supergenre": "LIT"
		},
		"geometry": {
			"type": "Point",
			"coordinates": [43.151937,36.358684]
		}
	}, {
		"type": "Feature",
		"properties": {
			"cdli_id": "P464836; P464837; P464838",
			"cite_as": "Please cite this page as http://oracc.org/riao/Q004588/.",
			"collection": "unlocated; British Museum, London, UK",
			"credits": "Based on A. Kirk Grayson, Assyrian Rulers of the Early First Millennium BC I (1114-859 BC) (RIMA 2), Toronto,  1991. Adapted by Jamie Novotny (2015-16) and lemmatized and updated by Nathan Morello (2016-17) for the Alexander von Humboldt Foundation-funded OIMEA Project at the Historisches Seminar - Abteilung Alte Geschichte of Ludwig-Maximilians-Universität München. The annotated edition is released under the Creative Commons Attribution Share-Alike license 3.0. Please cite this page as http://oracc.org/riao/Q004588/.",
			"designation": "Ashurnasirpal II 134",
			"display_name": "RINAP Ashurnasirpal II 134",
			"exemplar_number": "3",
			"exemplars": "unknown; BM — (K 08549)",
			"findspots": "Kuyunjik (Nineveh)",
			"genre": "Royal Inscription",
			"id_composite": "Q004588",
			"language": "Akkadian",
			"material": "clay; stone: alabaster",
			"object_type": "brick; bowl",
			"period": "Neo-Assyrian",
			"pleiades_id": "874621",
			"popular_name": "RIMA 2 A.0.101.134",
			"primary_publication": "Ashurnasirpal II 134",
			"project": "riao",
			"provenience": "Kuyunjik (Nineveh)",
			"Q_designation": "Ashurnasirpal II 134",
			"riao_attribution": "Based on A. Kirk Grayson, Assyrian Rulers of the Early First Millennium BC I (1114-859 BC) (RIMA 2), Toronto,  1991. Adapted by Jamie Novotny (2015-16) and lemmatized and updated by Nathan Morello (2016-17) for the Alexander von Humboldt Foundation-funded OIMEA Project at the Historisches Seminar - Abteilung Alte Geschichte of Ludwig-Maximilians-Universität München. The annotated edition is released under the Creative Commons Attribution Share-Alike license 3.0.",
			"ruler": "Ashurnasirpal II",
			"subgenre": "Ashurnasirpal II",
			"subproject": "ria4",
			"supergenre": "LIT"
		},
		"geometry": {
			"type": "Point",
			"coordinates": [43.151937,36.358684]
		}
	}, {
		"type": "Feature",
		"properties": {
			"cdli_id": "P427888; P428064; P428584; P428588; P428591; P428592; P428606; P428614; P464839; P464840; P464841; P464842; P464843; P464844; P464845; P464847; P464848; P464849; P464850",
			"cite_as": "Please cite this page as http://oracc.org/riao/Q004589/.",
			"collection": "British Museum, London, UK; Birmingham Museums and Art Gallery, Birmingham, UK; unlocated",
			"credits": "Based on A. Kirk Grayson, Assyrian Rulers of the Early First Millennium BC I (1114-859 BC) (RIMA 2), Toronto,  1991. Adapted by Jamie Novotny (2015-16) and lemmatized and updated by Nathan Morello (2016-17) for the Alexander von Humboldt Foundation-funded OIMEA Project at the Historisches Seminar - Abteilung Alte Geschichte of Ludwig-Maximilians-Universität München. The annotated edition is released under the Creative Commons Attribution Share-Alike license 3.0. Please cite this page as http://oracc.org/riao/Q004589/.",
			"designation": "Ashurnasirpal II 135",
			"display_name": "RINAP Ashurnasirpal II 135",
			"exemplar_number": "19",
			"exemplars": "BM 090260 (1979-12-20, 0161); BM 090465 (1979-12-20, 0266); BM 137454 (1929-10-12, 0164); BM 137457 (1929-10-12, 0167); BM 137460 (1929-10-12, 0170); BM 137461 (1929-10-12, 0171); BM 137475 (1929-10-12, 0187); BM 137483 (1932-12-10, 0025); BCM A 046-087; BCM A 047-087; unknown; BCM 0322-079; BCM 0323-079; BCM 0324-079; BCM 0326-079",
			"findspots": "Kuyunjik (Nineveh)",
			"genre": "Royal Inscription",
			"id_composite": "Q004589",
			"language": "Akkadian",
			"material": "clay",
			"object_type": "brick",
			"period": "Neo-Assyrian",
			"pleiades_id": "874621",
			"popular_name": "RIMA 2 A.0.101.135",
			"primary_publication": "Ashurnasirpal II 135",
			"project": "riao",
			"provenience": "Kuyunjik (Nineveh)",
			"Q_designation": "Ashurnasirpal II 135",
			"riao_attribution": "Based on A. Kirk Grayson, Assyrian Rulers of the Early First Millennium BC I (1114-859 BC) (RIMA 2), Toronto,  1991. Adapted by Jamie Novotny (2015-16) and lemmatized and updated by Nathan Morello (2016-17) for the Alexander von Humboldt Foundation-funded OIMEA Project at the Historisches Seminar - Abteilung Alte Geschichte of Ludwig-Maximilians-Universität München. The annotated edition is released under the Creative Commons Attribution Share-Alike license 3.0.",
			"ruler": "Ashurnasirpal II",
			"subgenre": "Ashurnasirpal II",
			"subproject": "ria4",
			"supergenre": "LIT"
		},
		"geometry": {
			"type": "Point",
			"coordinates": [43.151937,36.358684]
		}
	}, {
		"type": "Feature",
		"properties": {
			"cdli_id": "P371244",
			"cite_as": "Please cite this page as http://oracc.org/riao/Q004590/.",
			"collection": "Vorderasiatisches Museum, Berlin, Germany",
			"credits": "Based on A. Kirk Grayson, Assyrian Rulers of the Early First Millennium BC I (1114-859 BC) (RIMA 2), Toronto,  1991. Adapted by Jamie Novotny (2015-16) and lemmatized and updated by Nathan Morello (2016-17) for the Alexander von Humboldt Foundation-funded OIMEA Project at the Historisches Seminar - Abteilung Alte Geschichte of Ludwig-Maximilians-Universität München. The annotated edition is released under the Creative Commons Attribution Share-Alike license 3.0. Please cite this page as http://oracc.org/riao/Q004590/.",
			"designation": "Ashurnasirpal II 136",
			"display_name": "RINAP Ashurnasirpal II 136",
			"exemplar_number": "1",
			"exemplars": "VA 03020",
			"findspots": "Kuyunjik (Nineveh)",
			"genre": "Royal Inscription",
			"id_composite": "Q004590",
			"language": "Akkadian",
			"material": "clay",
			"object_type": "brick",
			"period": "Neo-Assyrian",
			"pleiades_id": "874621",
			"popular_name": "RIMA 2 A.0.101.136",
			"primary_publication": "Ashurnasirpal II 136",
			"project": "riao",
			"provenience": "Kuyunjik (Nineveh)",
			"Q_designation": "Ashurnasirpal II 136",
			"riao_attribution": "Based on A. Kirk Grayson, Assyrian Rulers of the Early First Millennium BC I (1114-859 BC) (RIMA 2), Toronto,  1991. Adapted by Jamie Novotny (2015-16) and lemmatized and updated by Nathan Morello (2016-17) for the Alexander von Humboldt Foundation-funded OIMEA Project at the Historisches Seminar - Abteilung Alte Geschichte of Ludwig-Maximilians-Universität München. The annotated edition is released under the Creative Commons Attribution Share-Alike license 3.0.",
			"ruler": "Ashurnasirpal II",
			"subgenre": "Ashurnasirpal II",
			"subproject": "ria4",
			"supergenre": "LIT"
		},
		"geometry": {
			"type": "Point",
			"coordinates": [43.151937,36.358684]
		}
	}, {
		"type": "Feature",
		"properties": {
			"cdli_id": "P428589; P464851; P464852; P464853; P464854; P464855; P464856; P464857",
			"cite_as": "Please cite this page as http://oracc.org/riao/Q004591/.",
			"collection": "British Museum, London, UK; Birmingham Museums and Art Gallery, Birmingham, UK; unlocated",
			"credits": "Based on A. Kirk Grayson, Assyrian Rulers of the Early First Millennium BC I (1114-859 BC) (RIMA 2), Toronto,  1991. Adapted by Jamie Novotny (2015-16) and lemmatized and updated by Nathan Morello (2016-17) for the Alexander von Humboldt Foundation-funded OIMEA Project at the Historisches Seminar - Abteilung Alte Geschichte of Ludwig-Maximilians-Universität München. The annotated edition is released under the Creative Commons Attribution Share-Alike license 3.0. Please cite this page as http://oracc.org/riao/Q004591/.",
			"designation": "Ashurnasirpal II 137",
			"display_name": "RINAP Ashurnasirpal II 137",
			"exemplar_number": "8",
			"exemplars": "BM 137458 (1929-10-12, 0168); BCM 0327-079; BCM 0328-079; BCM 0329-079; BCM A 049-087; BCM A 050-087; unknown",
			"findspots": "Kuyunjik (Nineveh)",
			"genre": "Royal Inscription",
			"id_composite": "Q004591",
			"language": "Akkadian",
			"material": "clay",
			"object_type": "brick",
			"period": "Neo-Assyrian",
			"pleiades_id": "874621",
			"popular_name": "RIMA 2 A.0.101.137",
			"primary_publication": "Ashurnasirpal II 137",
			"project": "riao",
			"provenience": "Kuyunjik (Nineveh)",
			"Q_designation": "Ashurnasirpal II 137",
			"riao_attribution": "Based on A. Kirk Grayson, Assyrian Rulers of the Early First Millennium BC I (1114-859 BC) (RIMA 2), Toronto,  1991. Adapted by Jamie Novotny (2015-16) and lemmatized and updated by Nathan Morello (2016-17) for the Alexander von Humboldt Foundation-funded OIMEA Project at the Historisches Seminar - Abteilung Alte Geschichte of Ludwig-Maximilians-Universität München. The annotated edition is released under the Creative Commons Attribution Share-Alike license 3.0.",
			"ruler": "Ashurnasirpal II",
			"subgenre": "Ashurnasirpal II",
			"subproject": "ria4",
			"supergenre": "LIT"
		},
		"geometry": {
			"type": "Point",
			"coordinates": [43.151937,36.358684]
		}
	}, {
		"type": "Feature",
		"properties": {
			"cdli_id": "P373511; P373513; P373515; P464861",
			"cite_as": "Please cite this page as http://oracc.org/riao/Q004592/.",
			"collection": "Vorderasiatisches Museum, Berlin, Germany; unlocated",
			"credits": "Based on A. Kirk Grayson, Assyrian Rulers of the Early First Millennium BC I (1114-859 BC) (RIMA 2), Toronto,  1991. Adapted by Jamie Novotny (2015-16) and lemmatized and updated by Nathan Morello (2016-17) for the Alexander von Humboldt Foundation-funded OIMEA Project at the Historisches Seminar - Abteilung Alte Geschichte of Ludwig-Maximilians-Universität München. The annotated edition is released under the Creative Commons Attribution Share-Alike license 3.0. Please cite this page as http://oracc.org/riao/Q004592/.",
			"designation": "Ashurnasirpal II 138",
			"display_name": "RINAP Ashurnasirpal II 138",
			"exemplar_number": "4",
			"exemplars": "VA Ass 03257a (Ass 00989); VA Ass 03259a (Ass 17283); VA Ass 03259b (Ass —); unknown (Ass 17885)",
			"findspots": "Qalat Sherqat (Assur)",
			"genre": "Royal Inscription",
			"id_composite": "Q004592",
			"language": "Akkadian",
			"material": "clay",
			"object_type": "brick",
			"period": "Neo-Assyrian",
			"pleiades_id": "893945",
			"popular_name": "RIMA 2 A.0.101.138",
			"primary_publication": "Ashurnasirpal II 138",
			"project": "riao",
			"provenience": "Qalat Sherqat (Assur)",
			"Q_designation": "Ashurnasirpal II 138",
			"riao_attribution": "Based on A. Kirk Grayson, Assyrian Rulers of the Early First Millennium BC I (1114-859 BC) (RIMA 2), Toronto,  1991. Adapted by Jamie Novotny (2015-16) and lemmatized and updated by Nathan Morello (2016-17) for the Alexander von Humboldt Foundation-funded OIMEA Project at the Historisches Seminar - Abteilung Alte Geschichte of Ludwig-Maximilians-Universität München. The annotated edition is released under the Creative Commons Attribution Share-Alike license 3.0.",
			"ruler": "Ashurnasirpal II",
			"subgenre": "Ashurnasirpal II",
			"subproject": "ria4",
			"supergenre": "LIT"
		},
		"geometry": {
			"type": "Point",
			"coordinates": [43.262037,35.458121]
		}
	}, {
		"type": "Feature",
		"properties": {
			"cdli_id": "P423153",
			"cite_as": "Please cite this page as http://oracc.org/riao/Q004593/.",
			"collection": "British Museum, London, UK",
			"credits": "Based on A. Kirk Grayson, Assyrian Rulers of the Early First Millennium BC I (1114-859 BC) (RIMA 2), Toronto,  1991. Adapted by Jamie Novotny (2015-16) and lemmatized and updated by Nathan Morello (2016-17) for the Alexander von Humboldt Foundation-funded OIMEA Project at the Historisches Seminar - Abteilung Alte Geschichte of Ludwig-Maximilians-Universität München. The annotated edition is released under the Creative Commons Attribution Share-Alike license 3.0. Please cite this page as http://oracc.org/riao/Q004593/.",
			"designation": "Ashurnasirpal II 1001",
			"display_name": "RINAP Ashurnasirpal II 1001",
			"exemplar_number": "1",
			"exemplars": "BM 128405 (1932-12-10, 0662)",
			"findspots": "Kuyunjik (Nineveh)",
			"genre": "Royal Inscription",
			"id_composite": "Q004593",
			"language": "Akkadian",
			"material": "clay",
			"object_type": "jar",
			"period": "Neo-Assyrian",
			"pleiades_id": "874621",
			"popular_name": "RIMA 2 A.0.101.1001",
			"primary_publication": "Ashurnasirpal II 1001",
			"project": "riao",
			"provenience": "Kuyunjik (Nineveh)",
			"Q_designation": "Ashurnasirpal II 1001",
			"riao_attribution": "Based on A. Kirk Grayson, Assyrian Rulers of the Early First Millennium BC I (1114-859 BC) (RIMA 2), Toronto,  1991. Adapted by Jamie Novotny (2015-16) and lemmatized and updated by Nathan Morello (2016-17) for the Alexander von Humboldt Foundation-funded OIMEA Project at the Historisches Seminar - Abteilung Alte Geschichte of Ludwig-Maximilians-Universität München. The annotated edition is released under the Creative Commons Attribution Share-Alike license 3.0.",
			"ruler": "Ashurnasirpal II",
			"subgenre": "Ashurnasirpal II",
			"subproject": "ria4",
			"supergenre": "LIT"
		},
		"geometry": {
			"type": "Point",
			"coordinates": [43.151937,36.358684]
		}
	}, {
		"type": "Feature",
		"properties": {
			"cdli_id": "P464862",
			"cite_as": "Please cite this page as http://oracc.org/riao/Q004594/.",
			"collection": "British Museum, London, UK",
			"credits": "Based on A. Kirk Grayson, Assyrian Rulers of the Early First Millennium BC I (1114-859 BC) (RIMA 2), Toronto,  1991. Adapted by Jamie Novotny (2015-16) and lemmatized and updated by Nathan Morello (2016-17) for the Alexander von Humboldt Foundation-funded OIMEA Project at the Historisches Seminar - Abteilung Alte Geschichte of Ludwig-Maximilians-Universität München. The annotated edition is released under the Creative Commons Attribution Share-Alike license 3.0. Please cite this page as http://oracc.org/riao/Q004594/.",
			"designation": "Ashurnasirpal II 1002",
			"display_name": "RINAP Ashurnasirpal II 1002",
			"exemplar_number": "1",
			"exemplars": "BM 139289 (1932-12-10, 0743)",
			"findspots": "Kuyunjik (Nineveh)",
			"genre": "Royal Inscription",
			"id_composite": "Q004594",
			"language": "Akkadian",
			"material": "clay",
			"object_type": "cone",
			"period": "Neo-Assyrian",
			"pleiades_id": "874621",
			"popular_name": "RIMA 2 A.0.101.1002",
			"primary_publication": "Ashurnasirpal II 1002",
			"project": "riao",
			"provenience": "Kuyunjik (Nineveh)",
			"Q_designation": "Ashurnasirpal II 1002",
			"riao_attribution": "Based on A. Kirk Grayson, Assyrian Rulers of the Early First Millennium BC I (1114-859 BC) (RIMA 2), Toronto,  1991. Adapted by Jamie Novotny (2015-16) and lemmatized and updated by Nathan Morello (2016-17) for the Alexander von Humboldt Foundation-funded OIMEA Project at the Historisches Seminar - Abteilung Alte Geschichte of Ludwig-Maximilians-Universität München. The annotated edition is released under the Creative Commons Attribution Share-Alike license 3.0.",
			"ruler": "Ashurnasirpal II",
			"subgenre": "Ashurnasirpal II",
			"subproject": "ria4",
			"supergenre": "LIT"
		},
		"geometry": {
			"type": "Point",
			"coordinates": [43.151937,36.358684]
		}
	}, {
		"type": "Feature",
		"properties": {
			"cdli_id": "P464306",
			"cite_as": "Please cite this page as http://oracc.org/riao/Q004595/.",
			"collection": "British Museum, London, UK",
			"credits": "Based on A. Kirk Grayson, Assyrian Rulers of the Early First Millennium BC I (1114-859 BC) (RIMA 2), Toronto,  1991. Adapted by Jamie Novotny (2015-16) and lemmatized and updated by Nathan Morello (2016-17) for the Alexander von Humboldt Foundation-funded OIMEA Project at the Historisches Seminar - Abteilung Alte Geschichte of Ludwig-Maximilians-Universität München. The annotated edition is released under the Creative Commons Attribution Share-Alike license 3.0. Please cite this page as http://oracc.org/riao/Q004595/.",
			"designation": "Ashurnasirpal II 1003",
			"display_name": "RINAP Ashurnasirpal II 1003",
			"exemplar_number": "1",
			"exemplars": "BM 123475 (1932-12-10, 0418)",
			"findspots": "Kuyunjik (Nineveh)",
			"genre": "Royal Inscription",
			"id_composite": "Q004595",
			"language": "Akkadian",
			"material": "clay",
			"object_type": "cone",
			"period": "Neo-Assyrian",
			"pleiades_id": "874621",
			"popular_name": "RIMA 2 A.0.101.1003",
			"primary_publication": "Ashurnasirpal II 1003",
			"project": "riao",
			"provenience": "Kuyunjik (Nineveh)",
			"Q_designation": "Ashurnasirpal II 1003",
			"riao_attribution": "Based on A. Kirk Grayson, Assyrian Rulers of the Early First Millennium BC I (1114-859 BC) (RIMA 2), Toronto,  1991. Adapted by Jamie Novotny (2015-16) and lemmatized and updated by Nathan Morello (2016-17) for the Alexander von Humboldt Foundation-funded OIMEA Project at the Historisches Seminar - Abteilung Alte Geschichte of Ludwig-Maximilians-Universität München. The annotated edition is released under the Creative Commons Attribution Share-Alike license 3.0.",
			"ruler": "Ashurnasirpal II",
			"subgenre": "Ashurnasirpal II",
			"subproject": "ria4",
			"supergenre": "LIT"
		},
		"geometry": {
			"type": "Point",
			"coordinates": [43.151937,36.358684]
		}
	}, {
		"type": "Feature",
		"properties": {
			"cdli_id": "P464863",
			"cite_as": "Please cite this page as http://oracc.org/riao/Q004596/.",
			"collection": "Vorderasiatisches Museum, Berlin, Germany",
			"credits": "Based on A. Kirk Grayson, Assyrian Rulers of the Early First Millennium BC I (1114-859 BC) (RIMA 2), Toronto,  1991. Adapted by Jamie Novotny (2015-16) and lemmatized and updated by Nathan Morello (2016-17) for the Alexander von Humboldt Foundation-funded OIMEA Project at the Historisches Seminar - Abteilung Alte Geschichte of Ludwig-Maximilians-Universität München. The annotated edition is released under the Creative Commons Attribution Share-Alike license 3.0. Please cite this page as http://oracc.org/riao/Q004596/.",
			"designation": "Ashurnasirpal II 1004",
			"display_name": "RINAP Ashurnasirpal II 1004",
			"exemplar_number": "1",
			"exemplars": "VA 07274 (Ass 18616)",
			"findspots": "Qalat Sherqat (Assur)",
			"genre": "Royal Inscription",
			"id_composite": "Q004596",
			"language": "Akkadian",
			"material": "stone",
			"object_type": "obelisk",
			"period": "Neo-Assyrian",
			"pleiades_id": "893945",
			"popular_name": "RIMA 2 A.0.101.1004",
			"primary_publication": "Ashurnasirpal II 1004",
			"project": "riao",
			"provenience": "Qalat Sherqat (Assur)",
			"Q_designation": "Ashurnasirpal II 1004",
			"riao_attribution": "Based on A. Kirk Grayson, Assyrian Rulers of the Early First Millennium BC I (1114-859 BC) (RIMA 2), Toronto,  1991. Adapted by Jamie Novotny (2015-16) and lemmatized and updated by Nathan Morello (2016-17) for the Alexander von Humboldt Foundation-funded OIMEA Project at the Historisches Seminar - Abteilung Alte Geschichte of Ludwig-Maximilians-Universität München. The annotated edition is released under the Creative Commons Attribution Share-Alike license 3.0.",
			"ruler": "Ashurnasirpal II",
			"subgenre": "Ashurnasirpal II",
			"subproject": "ria4",
			"supergenre": "LIT"
		},
		"geometry": {
			"type": "Point",
			"coordinates": [43.262037,35.458121]
		}
	}, {
		"type": "Feature",
		"properties": {
			"cdli_id": "P373510",
			"cite_as": "Please cite this page as http://oracc.org/riao/Q004597/.",
			"collection": "Vorderasiatisches Museum, Berlin, Germany",
			"credits": "Based on A. Kirk Grayson, Assyrian Rulers of the Early First Millennium BC I (1114-859 BC) (RIMA 2), Toronto,  1991. Adapted by Jamie Novotny (2015-16) and lemmatized and updated by Nathan Morello (2016-17) for the Alexander von Humboldt Foundation-funded OIMEA Project at the Historisches Seminar - Abteilung Alte Geschichte of Ludwig-Maximilians-Universität München. The annotated edition is released under the Creative Commons Attribution Share-Alike license 3.0. Please cite this page as http://oracc.org/riao/Q004597/.",
			"designation": "Ashurnasirpal II 1005",
			"display_name": "RINAP Ashurnasirpal II 1005",
			"exemplar_number": "1",
			"exemplars": "VA Ass 03256d (Ass 00361)",
			"findspots": "Qalat Sherqat (Assur)",
			"genre": "Royal Inscription",
			"id_composite": "Q004597",
			"language": "Akkadian",
			"material": "clay",
			"object_type": "brick",
			"period": "Neo-Assyrian",
			"pleiades_id": "893945",
			"popular_name": "RIMA 2 A.0.101.1005",
			"primary_publication": "Ashurnasirpal II 1005",
			"project": "riao",
			"provenience": "Qalat Sherqat (Assur)",
			"Q_designation": "Ashurnasirpal II 1005",
			"riao_attribution": "Based on A. Kirk Grayson, Assyrian Rulers of the Early First Millennium BC I (1114-859 BC) (RIMA 2), Toronto,  1991. Adapted by Jamie Novotny (2015-16) and lemmatized and updated by Nathan Morello (2016-17) for the Alexander von Humboldt Foundation-funded OIMEA Project at the Historisches Seminar - Abteilung Alte Geschichte of Ludwig-Maximilians-Universität München. The annotated edition is released under the Creative Commons Attribution Share-Alike license 3.0.",
			"ruler": "Ashurnasirpal II",
			"subgenre": "Ashurnasirpal II",
			"subproject": "ria4",
			"supergenre": "LIT"
		},
		"geometry": {
			"type": "Point",
			"coordinates": [43.262037,35.458121]
		}
	}, {
		"type": "Feature",
		"properties": {
			"cdli_id": "P464865",
			"cite_as": "Please cite this page as http://oracc.org/riao/Q004598/.",
			"collection": "British Museum, London, UK",
			"credits": "Based on A. Kirk Grayson, Assyrian Rulers of the Early First Millennium BC I (1114-859 BC) (RIMA 2), Toronto,  1991. Adapted by Jamie Novotny (2015-16) and lemmatized and updated by Nathan Morello (2016-17) for the Alexander von Humboldt Foundation-funded OIMEA Project at the Historisches Seminar - Abteilung Alte Geschichte of Ludwig-Maximilians-Universität München. The annotated edition is released under the Creative Commons Attribution Share-Alike license 3.0. Please cite this page as http://oracc.org/riao/Q004598/.",
			"designation": "Ashurnasirpal II 1006",
			"display_name": "RINAP Ashurnasirpal II 1006",
			"exemplar_number": "1",
			"exemplars": "BM 115023",
			"findspots": "Kuyunjik (Nineveh)",
			"genre": "Royal Inscription",
			"id_composite": "Q004598",
			"language": "Akkadian",
			"material": "stone",
			"object_type": "slab",
			"period": "Neo-Assyrian",
			"pleiades_id": "894019",
			"popular_name": "RIMA 2 A.0.101.1006",
			"primary_publication": "Ashurnasirpal II 1006",
			"project": "riao",
			"provenience": "Nimrud (Kalhu)",
			"Q_designation": "Ashurnasirpal II 1006",
			"riao_attribution": "Based on A. Kirk Grayson, Assyrian Rulers of the Early First Millennium BC I (1114-859 BC) (RIMA 2), Toronto,  1991. Adapted by Jamie Novotny (2015-16) and lemmatized and updated by Nathan Morello (2016-17) for the Alexander von Humboldt Foundation-funded OIMEA Project at the Historisches Seminar - Abteilung Alte Geschichte of Ludwig-Maximilians-Universität München. The annotated edition is released under the Creative Commons Attribution Share-Alike license 3.0.",
			"ruler": "Ashurnasirpal II",
			"subgenre": "Ashurnasirpal II",
			"subproject": "ria4",
			"supergenre": "LIT"
		},
		"geometry": {
			"type": "Point",
			"coordinates": [43.3275,36.099167]
		}
	}, {
		"type": "Feature",
		"properties": {
			"cdli_id": "P464866",
			"cite_as": "Please cite this page as http://oracc.org/riao/Q004599/.",
			"collection": "unlocated",
			"credits": "Based on A. Kirk Grayson, Assyrian Rulers of the Early First Millennium BC I (1114-859 BC) (RIMA 2), Toronto,  1991. Adapted by Jamie Novotny (2015-16) and lemmatized and updated by Nathan Morello (2016-17) for the Alexander von Humboldt Foundation-funded OIMEA Project at the Historisches Seminar - Abteilung Alte Geschichte of Ludwig-Maximilians-Universität München. The annotated edition is released under the Creative Commons Attribution Share-Alike license 3.0. Please cite this page as http://oracc.org/riao/Q004599/.",
			"designation": "Ashurnasirpal II 2001",
			"display_name": "RINAP Ashurnasirpal II 2001",
			"exemplar_number": "1",
			"exemplars": "unknown (ND 05429)",
			"findspots": "Nimrud (Kalhu)",
			"genre": "Royal Inscription",
			"id_composite": "Q004599",
			"language": "Akkadian",
			"material": "stone",
			"object_type": "slab",
			"period": "Neo-Assyrian",
			"pleiades_id": "894019",
			"popular_name": "RIMA 2 A.0.101.2001",
			"primary_publication": "Ashurnasirpal II 2001",
			"project": "riao",
			"provenience": "Nimrud (Kalhu)",
			"Q_designation": "Ashurnasirpal II 2001",
			"riao_attribution": "Based on A. Kirk Grayson, Assyrian Rulers of the Early First Millennium BC I (1114-859 BC) (RIMA 2), Toronto,  1991. Adapted by Jamie Novotny (2015-16) and lemmatized and updated by Nathan Morello (2016-17) for the Alexander von Humboldt Foundation-funded OIMEA Project at the Historisches Seminar - Abteilung Alte Geschichte of Ludwig-Maximilians-Universität München. The annotated edition is released under the Creative Commons Attribution Share-Alike license 3.0.",
			"ruler": "Ashurnasirpal II",
			"subgenre": "Ashurnasirpal II",
			"subproject": "ria4",
			"supergenre": "LIT"
		},
		"geometry": {
			"type": "Point",
			"coordinates": [43.3275,36.099167]
		}
	}, {
		"type": "Feature",
		"properties": {
			"cdli_id": "P464867",
			"cite_as": "Please cite this page as http://oracc.org/riao/Q004600/.",
			"collection": "unlocated",
			"credits": "Based on A. Kirk Grayson, Assyrian Rulers of the Early First Millennium BC I (1114-859 BC) (RIMA 2), Toronto,  1991. Adapted by Jamie Novotny (2015-16) and lemmatized and updated by Nathan Morello (2016-17) for the Alexander von Humboldt Foundation-funded OIMEA Project at the Historisches Seminar - Abteilung Alte Geschichte of Ludwig-Maximilians-Universität München. The annotated edition is released under the Creative Commons Attribution Share-Alike license 3.0. Please cite this page as http://oracc.org/riao/Q004600/.",
			"designation": "Ashurnasirpal II 2002",
			"display_name": "RINAP Ashurnasirpal II 2002",
			"exemplar_number": "1",
			"exemplars": "unknown (ND 05506)",
			"findspots": "Nimrud (Kalhu)",
			"genre": "Royal Inscription",
			"id_composite": "Q004600",
			"language": "Akkadian",
			"material": "stone",
			"object_type": "slab",
			"period": "Neo-Assyrian",
			"pleiades_id": "29492",
			"popular_name": "RIMA 2 A.0.101.2002",
			"primary_publication": "Ashurnasirpal II 2002",
			"project": "riao",
			"provenience": "Assyria",
			"Q_designation": "Ashurnasirpal II 2002",
			"riao_attribution": "Based on A. Kirk Grayson, Assyrian Rulers of the Early First Millennium BC I (1114-859 BC) (RIMA 2), Toronto,  1991. Adapted by Jamie Novotny (2015-16) and lemmatized and updated by Nathan Morello (2016-17) for the Alexander von Humboldt Foundation-funded OIMEA Project at the Historisches Seminar - Abteilung Alte Geschichte of Ludwig-Maximilians-Universität München. The annotated edition is released under the Creative Commons Attribution Share-Alike license 3.0.",
			"ruler": "Ashurnasirpal II",
			"subgenre": "Ashurnasirpal II",
			"subproject": "ria4",
			"supergenre": "LIT"
		},
		"geometry": {
			"type": "Point",
			"coordinates": [43.2,36.2]
		}
	}, {
		"type": "Feature",
		"properties": {
			"cdli_id": "P464868",
			"cite_as": "Please cite this page as http://oracc.org/riao/Q004601/.",
			"collection": "unlocated",
			"credits": "Based on A. Kirk Grayson, Assyrian Rulers of the Early First Millennium BC I (1114-859 BC) (RIMA 2), Toronto,  1991. Adapted by Jamie Novotny (2015-16) and lemmatized and updated by Nathan Morello (2016-17) for the Alexander von Humboldt Foundation-funded OIMEA Project at the Historisches Seminar - Abteilung Alte Geschichte of Ludwig-Maximilians-Universität München. The annotated edition is released under the Creative Commons Attribution Share-Alike license 3.0. Please cite this page as http://oracc.org/riao/Q004601/.",
			"designation": "Ashurnasirpal II 2003",
			"display_name": "RINAP Ashurnasirpal II 2003",
			"exemplar_number": "1",
			"exemplars": "unknown (ND 05540)",
			"findspots": "Nimrud (Kalhu)",
			"genre": "Royal Inscription",
			"id_composite": "Q004601",
			"language": "Akkadian",
			"material": "stone: agate",
			"object_type": "cylinder",
			"period": "Neo-Assyrian",
			"pleiades_id": "29492",
			"popular_name": "RIMA 2 A.0.101.2003",
			"primary_publication": "Ashurnasirpal II 2003",
			"project": "riao",
			"provenience": "Assyria",
			"Q_designation": "Ashurnasirpal II 2003",
			"riao_attribution": "Based on A. Kirk Grayson, Assyrian Rulers of the Early First Millennium BC I (1114-859 BC) (RIMA 2), Toronto,  1991. Adapted by Jamie Novotny (2015-16) and lemmatized and updated by Nathan Morello (2016-17) for the Alexander von Humboldt Foundation-funded OIMEA Project at the Historisches Seminar - Abteilung Alte Geschichte of Ludwig-Maximilians-Universität München. The annotated edition is released under the Creative Commons Attribution Share-Alike license 3.0.",
			"ruler": "Ashurnasirpal II",
			"subgenre": "Ashurnasirpal II",
			"subproject": "ria4",
			"supergenre": "LIT"
		},
		"geometry": {
			"type": "Point",
			"coordinates": [43.2,36.2]
		}
	}, {
		"type": "Feature",
		"properties": {
			"cdli_id": "P464869",
			"cite_as": "Please cite this page as http://oracc.org/riao/Q004602/.",
			"collection": "National Museum of Syria, Damascus, Syria",
			"credits": "Based on A. Kirk Grayson, Assyrian Rulers of the Early First Millennium BC I (1114-859 BC) (RIMA 2), Toronto,  1991. Adapted by Jamie Novotny (2015-16) and lemmatized and updated by Nathan Morello (2016-17) for the Alexander von Humboldt Foundation-funded OIMEA Project at the Historisches Seminar - Abteilung Alte Geschichte of Ludwig-Maximilians-Universität München. The annotated edition is released under the Creative Commons Attribution Share-Alike license 3.0. Please cite this page as http://oracc.org/riao/Q004602/.",
			"designation": "Ashurnasirpal II 2004",
			"display_name": "RINAP Ashurnasirpal II 2004",
			"exemplar_number": "1",
			"exemplars": "NMSD —",
			"findspots": "Tell Fakhariyah (Sikāni)",
			"genre": "Royal Inscription",
			"id_composite": "Q004602",
			"language": "Akkadian",
			"material": "stone",
			"object_type": "statue",
			"period": "Neo-Assyrian",
			"pleiades_id": "572048102",
			"popular_name": "RIMA 2 A.0.101.2004",
			"primary_publication": "Ashurnasirpal II 2004",
			"project": "riao",
			"provenience": "Tell Fakhariyah (Sikāni)",
			"Q_designation": "Ashurnasirpal II 2004",
			"riao_attribution": "Based on A. Kirk Grayson, Assyrian Rulers of the Early First Millennium BC I (1114-859 BC) (RIMA 2), Toronto,  1991. Adapted by Jamie Novotny (2015-16) and lemmatized and updated by Nathan Morello (2016-17) for the Alexander von Humboldt Foundation-funded OIMEA Project at the Historisches Seminar - Abteilung Alte Geschichte of Ludwig-Maximilians-Universität München. The annotated edition is released under the Creative Commons Attribution Share-Alike license 3.0.",
			"ruler": "Ashurnasirpal II",
			"subgenre": "Ashurnasirpal II",
			"subproject": "ria4",
			"supergenre": "LIT"
		},
		"geometry": {
			"type": "Point",
			"coordinates": [40.0709816, 36.8425922]
		}
	}, {
		"type": "Feature",
		"properties": {
			"cite_as": "Please cite this page as http://oracc.org/riao/Q004603/.",
			"credits": "Based on A. Kirk Grayson, Assyrian Rulers of the Early First Millennium BC I (1114-859 BC) (RIMA 2), Toronto,  1991. Adapted by Jamie Novotny (2015-16) and lemmatized and updated by Nathan Morello (2016-17) for the Alexander von Humboldt Foundation-funded OIMEA Project at the Historisches Seminar - Abteilung Alte Geschichte of Ludwig-Maximilians-Universität München. The annotated edition is released under the Creative Commons Attribution Share-Alike license 3.0. Please cite this page as http://oracc.org/riao/Q004603/.",
			"designation": "Ashurnasirpal II 2005 / CDLI Seals 006500",
			"display_name": "RINAP Ashurnasirpal II 2005 / CDLI Seals 006500",
			"genre": "Royal Inscription",
			"id_composite": "Q004603",
			"language": "Akkadian",
			"period": "Neo-Assyrian",
			"pleiades_id": "30774368",
			"popular_name": "RIMA 2 A.0.101.2005",
			"primary_publication": "Ashurnasirpal II 2005 / CDLI Seals 006500",
			"project": "riao",
			"provenience": "Tell Sherif Khan (Tarbisu)",
			"Q_designation": "Ashurnasirpal II 2005 / CDLI Seals 006500",
			"riao_attribution": "Based on A. Kirk Grayson, Assyrian Rulers of the Early First Millennium BC I (1114-859 BC) (RIMA 2), Toronto,  1991. Adapted by Jamie Novotny (2015-16) and lemmatized and updated by Nathan Morello (2016-17) for the Alexander von Humboldt Foundation-funded OIMEA Project at the Historisches Seminar - Abteilung Alte Geschichte of Ludwig-Maximilians-Universität München. The annotated edition is released under the Creative Commons Attribution Share-Alike license 3.0.",
			"ruler": "Ashurnasirpal II",
			"subgenre": "Ashurnasirpal II",
			"subproject": "ria4",
			"supergenre": "LIT"
		},
		"geometry": {
			"type": "Point",
			"coordinates": [43.0773110,36.4087884]
		}
	}, {
		"type": "Feature",
		"properties": {
			"cite_as": "Please cite this page as http://oracc.org/riao/Q004604/.",
			"credits": "Based on A. Kirk Grayson, Assyrian Rulers of the Early First Millennium BC I (1114-859 BC) (RIMA 2), Toronto,  1991. Adapted by Jamie Novotny (2015-16) and lemmatized and updated by Nathan Morello (2016-17) for the Alexander von Humboldt Foundation-funded OIMEA Project at the Historisches Seminar - Abteilung Alte Geschichte of Ludwig-Maximilians-Universität München. The annotated edition is released under the Creative Commons Attribution Share-Alike license 3.0. Please cite this page as http://oracc.org/riao/Q004604/.",
			"designation": "Ashurnasirpal II 2006 / CDLI Seals 006501",
			"display_name": "RINAP Ashurnasirpal II 2006 / CDLI Seals 006501",
			"genre": "Royal Inscription",
			"id_composite": "Q004604",
			"language": "Akkadian",
			"period": "Neo-Assyrian",
			"pleiades_id": "893951",
			"popular_name": "RIMA 2 A.0.101.2006",
			"primary_publication": "Ashurnasirpal II 2006 / CDLI Seals 006501",
			"project": "riao",
			"provenience": "Babylon (Bābili)",
			"Q_designation": "Ashurnasirpal II 2006 / CDLI Seals 006501",
			"riao_attribution": "Based on A. Kirk Grayson, Assyrian Rulers of the Early First Millennium BC I (1114-859 BC) (RIMA 2), Toronto,  1991. Adapted by Jamie Novotny (2015-16) and lemmatized and updated by Nathan Morello (2016-17) for the Alexander von Humboldt Foundation-funded OIMEA Project at the Historisches Seminar - Abteilung Alte Geschichte of Ludwig-Maximilians-Universität München. The annotated edition is released under the Creative Commons Attribution Share-Alike license 3.0.",
			"ruler": "Ashurnasirpal II",
			"subgenre": "Ashurnasirpal II",
			"subproject": "ria4",
			"supergenre": "LIT"
		},
		"geometry": {
			"type": "Point",
			"coordinates": [44.422236,32.543395]
		}
	}, {
		"type": "Feature",
		"properties": {
			"cdli_id": "P464872; P464873",
			"cite_as": "Please cite this page as http://oracc.org/riao/Q004605/.",
			"collection": "unlocated",
			"credits": "Based on A. Kirk Grayson, Assyrian Rulers of the Early First Millennium BC I (1114-859 BC) (RIMA 2), Toronto,  1991. Adapted by Jamie Novotny (2015-16) and lemmatized and updated by Nathan Morello (2016-17) for the Alexander von Humboldt Foundation-funded OIMEA Project at the Historisches Seminar - Abteilung Alte Geschichte of Ludwig-Maximilians-Universität München. The annotated edition is released under the Creative Commons Attribution Share-Alike license 3.0. Please cite this page as http://oracc.org/riao/Q004605/.",
			"designation": "Ashurnasirpal II 2007",
			"display_name": "RINAP Ashurnasirpal II 2007",
			"exemplar_number": "2",
			"exemplars": "unknown",
			"findspots": "Tell Ajaja (Šaddikanni)",
			"genre": "Royal Inscription",
			"id_composite": "Q004605",
			"language": "Akkadian",
			"material": "clay",
			"object_type": "figurine (bull)",
			"period": "Neo-Assyrian",
			"pleiades_id": "874688",
			"popular_name": "RIMA 2 A.0.101.2007",
			"primary_publication": "Ashurnasirpal II 2007",
			"project": "riao",
			"provenience": "Tell Ajaja (Šaddikanni)",
			"Q_designation": "Ashurnasirpal II 2007",
			"riao_attribution": "Based on A. Kirk Grayson, Assyrian Rulers of the Early First Millennium BC I (1114-859 BC) (RIMA 2), Toronto,  1991. Adapted by Jamie Novotny (2015-16) and lemmatized and updated by Nathan Morello (2016-17) for the Alexander von Humboldt Foundation-funded OIMEA Project at the Historisches Seminar - Abteilung Alte Geschichte of Ludwig-Maximilians-Universität München. The annotated edition is released under the Creative Commons Attribution Share-Alike license 3.0.",
			"ruler": "Ashurnasirpal II",
			"subgenre": "Ashurnasirpal II",
			"subproject": "ria4",
			"supergenre": "LIT"
		},
		"geometry": {
			"type": "Point",
			"coordinates": [40.720582,36.208061]
		}
	}, {
		"type": "Feature",
		"properties": {
			"cdli_id": "P429986; X767021; X767022",
			"cite_as": "Please cite this page as http://oracc.org/riao/Q007295/.",
			"collection": "The Israel Museum, Jerusalem; Bowdoin College, Brunswick, Maine, USA; Virginia Theological Seminary, Alexandria, Virginia, USA",
			"credits": "Please cite this page as http://oracc.org/riao/Q007295/.",
			"designation": "Ashurnasirpal II 140 add",
			"display_name": "RINAP Ashurnasirpal II 140 add",
			"exemplar_number": "3",
			"exemplars": "IMJ 69.095.0427; Haskell Coll. 1860.3; VTS 59",
			"findspots": "Kalḫu (mod. Nimrud)",
			"genre": "Royal Inscription",
			"id_composite": "Q007295",
			"language": "Akkadian",
			"material": "stone",
			"object_type": "orthostat",
			"period": "Neo-Assyrian",
			"pleiades_id": "874621",
			"popular_name": "RIMA 2 A.0.101.add 140",
			"primary_publication": "Ashurnasirpal II 141 add",
			"project": "riao",
			"provenience": "Nimrud (Kalhu)",
			"Q_designation": "Ashurnasirpal II 140 add",
			"ruler": "Ashurnasirpal II",
			"subgenre": "Ashurnasirpal II",
			"subproject": "ria4",
			"supergenre": "LIT"
		},
		"geometry": {
			"type": "Point",
			"coordinates": [43.3275,36.099167]
		}
	}, {
		"type": "Feature",
		"properties": {
			"cite_as": "Please cite this page as http://oracc.org/riao/Q008370/.",
			"credits": "Edition based on von Soldt, Pappi, Wossink, Hess, and Ahmed 2013. Adapted and lemmatized for the Alexander von Humboldt Foundation-funded OIMEA Project at the Historisches Seminar - Abteilung Alte Geschichte of Ludwig-Maximilians-Universität München. The annotated edition is released under the Creative Commons Attribution Share-Alike license 3.0.  Please cite this page as http://oracc.org/riao/Q008370/.",
			"designation": "Ashurnasirpal II 141 add",
			"display_name": "RINAP Ashurnasirpal II 141 add",
			"genre": "Royal Inscription",
			"id_composite": "Q008370",
			"language": "Akkadian",
			"period": "Neo-Assyrian",
			"popular_name": "RIMA 2 A.0.101.add 141",
			"primary_publication": "Ashurnasirpal II 141 add",
			"project": "riao",
			"provenience": "Tell Satu Qala (Idu)",
			"Q_designation": "Ashurnasirpal II 141 add",
			"riao_attribution": "Edition based on von Soldt, Pappi, Wossink, Hess, and Ahmed 2013. Adapted and lemmatized for the Alexander von Humboldt Foundation-funded OIMEA Project at the Historisches Seminar - Abteilung Alte Geschichte of Ludwig-Maximilians-Universität München. The annotated edition is released under the Creative Commons Attribution Share-Alike license 3.0.",
			"ruler": "Ashurnasirpal II",
			"subgenre": "Ashurnasirpal II",
			"subproject": "ria4",
			"supergenre": "LIT"
		},
		"geometry": {
			"type": "Point",
			"coordinates": [44.697222,35.878056]
		}
	}, {
		"type": "Feature",
		"properties": {
			"cite_as": "Please cite this page as http://oracc.org/riao/Q009474/.",
			"credits": "Based on A. Kirk Grayson, Assyrian Rulers of the Early First Millennium BC I (1114-859 BC) (RIMA 2), Toronto,  1991. Adapted by Jamie Novotny (2015-16) and lemmatized and updated by Nathan Morello (2016-17) for the Alexander von Humboldt Foundation-funded OIMEA Project at the Historisches Seminar - Abteilung Alte Geschichte of Ludwig-Maximilians-Universität München. The annotated edition is released under the Creative Commons Attribution Share-Alike license 3.0. Please cite this page as http://oracc.org/riao/Q009474/.",
			"designation": "Ashurnasirpal II 142 add",
			"display_name": "RINAP Ashurnasirpal II 142 add",
			"genre": "Royal Inscription",
			"id_composite": "Q009474",
			"language": "Akkadian",
			"period": "Neo-Assyrian",
			"popular_name": "M 26.1–2 / Text 02",
			"primary_publication": "Ashurnasirpal II add 142",
			"project": "riao",
			"provenience": "Nimrud (Kalhu)",
			"Q_designation": "Ashurnasirpal II 142 add",
			"riao_attribution": "Based on A. Kirk Grayson, Assyrian Rulers of the Early First Millennium BC I (1114-859 BC) (RIMA 2), Toronto,  1991. Adapted by Jamie Novotny (2015-16) and lemmatized and updated by Nathan Morello (2016-17) for the Alexander von Humboldt Foundation-funded OIMEA Project at the Historisches Seminar - Abteilung Alte Geschichte of Ludwig-Maximilians-Universität München. The annotated edition is released under the Creative Commons Attribution Share-Alike license 3.0.",
			"ruler": "Ashurnasirpal II",
			"subgenre": "Ashurnasirpal II",
			"subproject": "ria4",
			"supergenre": "LIT"
		},
		"geometry": {
			"type": "Point",
			"coordinates": [43.3275,36.099167]
		}
	}, {
		"type": "Feature",
		"properties": {
			"cite_as": "Please cite this page as http://oracc.org/riao/Q009475/.",
			"credits": "Based on A. Kirk Grayson, Assyrian Rulers of the Early First Millennium BC I (1114-859 BC) (RIMA 2), Toronto,  1991. Adapted by Jamie Novotny (2015-16) and lemmatized and updated by Nathan Morello (2016-17) for the Alexander von Humboldt Foundation-funded OIMEA Project at the Historisches Seminar - Abteilung Alte Geschichte of Ludwig-Maximilians-Universität München. The annotated edition is released under the Creative Commons Attribution Share-Alike license 3.0. Please cite this page as http://oracc.org/riao/Q009475/.",
			"designation": "Ashurnasirpal II 143 add",
			"display_name": "RINAP Ashurnasirpal II 143 add",
			"genre": "Royal Inscription",
			"id_composite": "Q009475",
			"language": "Akkadian",
			"period": "Neo-Assyrian",
			"popular_name": "M 26.3–4 / Text 03",
			"primary_publication": "Ashurnasirpal II add 143",
			"project": "riao",
			"provenience": "Nimrud (Kalhu)",
			"Q_designation": "Ashurnasirpal II 143 add",
			"riao_attribution": "Based on A. Kirk Grayson, Assyrian Rulers of the Early First Millennium BC I (1114-859 BC) (RIMA 2), Toronto,  1991. Adapted by Jamie Novotny (2015-16) and lemmatized and updated by Nathan Morello (2016-17) for the Alexander von Humboldt Foundation-funded OIMEA Project at the Historisches Seminar - Abteilung Alte Geschichte of Ludwig-Maximilians-Universität München. The annotated edition is released under the Creative Commons Attribution Share-Alike license 3.0.",
			"ruler": "Ashurnasirpal II",
			"subgenre": "Ashurnasirpal II",
			"subproject": "ria4",
			"supergenre": "LIT"
		},
		"geometry": {
			"type": "Point",
			"coordinates": [43.3275,36.099167]
		}
	}, {
		"type": "Feature",
		"properties": {
			"cite_as": "Please cite this page as http://oracc.org/riao/Q009476/.",
			"credits": "Based on A. Kirk Grayson, Assyrian Rulers of the Early First Millennium BC I (1114-859 BC) (RIMA 2), Toronto,  1991. Adapted by Jamie Novotny (2015-16) and lemmatized and updated by Nathan Morello (2016-17) for the Alexander von Humboldt Foundation-funded OIMEA Project at the Historisches Seminar - Abteilung Alte Geschichte of Ludwig-Maximilians-Universität München. The annotated edition is released under the Creative Commons Attribution Share-Alike license 3.0. Please cite this page as http://oracc.org/riao/Q009476/.",
			"designation": "Ashurnasirpal II 144 add",
			"display_name": "RINAP Ashurnasirpal II 144 add",
			"genre": "Royal Inscription",
			"id_composite": "Q009476",
			"language": "Akkadian",
			"period": "Neo-Assyrian",
			"popular_name": "M 29.2 / Text 04",
			"primary_publication": "Ashurnasirpal II add 144",
			"project": "riao",
			"provenience": "Nimrud (Kalhu)",
			"Q_designation": "Ashurnasirpal II 144 add",
			"riao_attribution": "Based on A. Kirk Grayson, Assyrian Rulers of the Early First Millennium BC I (1114-859 BC) (RIMA 2), Toronto,  1991. Adapted by Jamie Novotny (2015-16) and lemmatized and updated by Nathan Morello (2016-17) for the Alexander von Humboldt Foundation-funded OIMEA Project at the Historisches Seminar - Abteilung Alte Geschichte of Ludwig-Maximilians-Universität München. The annotated edition is released under the Creative Commons Attribution Share-Alike license 3.0.",
			"ruler": "Ashurnasirpal II",
			"subgenre": "Ashurnasirpal II",
			"subproject": "ria4",
			"supergenre": "LIT"
		},
		"geometry": {
			"type": "Point",
			"coordinates": [43.3275,36.099167]
		}
	}, {
		"type": "Feature",
		"properties": {
			"cite_as": "Please cite this page as http://oracc.org/riao/Q009477/.",
			"credits": "Based on A. Kirk Grayson, Assyrian Rulers of the Early First Millennium BC I (1114-859 BC) (RIMA 2), Toronto,  1991. Adapted by Jamie Novotny (2015-16) and lemmatized and updated by Nathan Morello (2016-17) for the Alexander von Humboldt Foundation-funded OIMEA Project at the Historisches Seminar - Abteilung Alte Geschichte of Ludwig-Maximilians-Universität München. The annotated edition is released under the Creative Commons Attribution Share-Alike license 3.0. Please cite this page as http://oracc.org/riao/Q009477/.",
			"designation": "Ashurnasirpal II 145 add",
			"display_name": "RINAP Ashurnasirpal II 145 add",
			"genre": "Royal Inscription",
			"id_composite": "Q009477",
			"language": "Akkadian",
			"period": "Neo-Assyrian",
			"popular_name": "M 28.2 / Text 05",
			"primary_publication": "Ashurnasirpal II add 145",
			"project": "riao",
			"provenience": "Nimrud (Kalhu)",
			"Q_designation": "Ashurnasirpal II 145 add",
			"riao_attribution": "Based on A. Kirk Grayson, Assyrian Rulers of the Early First Millennium BC I (1114-859 BC) (RIMA 2), Toronto,  1991. Adapted by Jamie Novotny (2015-16) and lemmatized and updated by Nathan Morello (2016-17) for the Alexander von Humboldt Foundation-funded OIMEA Project at the Historisches Seminar - Abteilung Alte Geschichte of Ludwig-Maximilians-Universität München. The annotated edition is released under the Creative Commons Attribution Share-Alike license 3.0.",
			"ruler": "Ashurnasirpal II",
			"subgenre": "Ashurnasirpal II",
			"subproject": "ria4",
			"supergenre": "LIT"
		},
		"geometry": {
			"type": "Point",
			"coordinates": [43.3275,36.099167]
		}
	}, {
		"type": "Feature",
		"properties": {
			"cite_as": "Please cite this page as http://oracc.org/riao/Q009478/.",
			"credits": "Based on A. Kirk Grayson, Assyrian Rulers of the Early First Millennium BC I (1114-859 BC) (RIMA 2), Toronto,  1991. Adapted by Jamie Novotny (2015-16) and lemmatized and updated by Nathan Morello (2016-17) for the Alexander von Humboldt Foundation-funded OIMEA Project at the Historisches Seminar - Abteilung Alte Geschichte of Ludwig-Maximilians-Universität München. The annotated edition is released under the Creative Commons Attribution Share-Alike license 3.0. Please cite this page as http://oracc.org/riao/Q009478/.",
			"designation": "Ashurnasirpal II 146 add",
			"display_name": "RINAP Ashurnasirpal II 146 add",
			"genre": "Royal Inscription",
			"id_composite": "Q009478",
			"language": "Akkadian",
			"period": "Neo-Assyrian",
			"popular_name": "M 30.2 / Text 06",
			"primary_publication": "Ashurnasirpal II add 146",
			"project": "riao",
			"provenience": "Nimrud (Kalhu)",
			"Q_designation": "Ashurnasirpal II 146 add",
			"riao_attribution": "Based on A. Kirk Grayson, Assyrian Rulers of the Early First Millennium BC I (1114-859 BC) (RIMA 2), Toronto,  1991. Adapted by Jamie Novotny (2015-16) and lemmatized and updated by Nathan Morello (2016-17) for the Alexander von Humboldt Foundation-funded OIMEA Project at the Historisches Seminar - Abteilung Alte Geschichte of Ludwig-Maximilians-Universität München. The annotated edition is released under the Creative Commons Attribution Share-Alike license 3.0.",
			"ruler": "Ashurnasirpal II",
			"subgenre": "Ashurnasirpal II",
			"subproject": "ria4",
			"supergenre": "LIT"
		},
		"geometry": {
			"type": "Point",
			"coordinates": [43.3275,36.099167]
		}
	}, {
		"type": "Feature",
		"properties": {
			"cite_as": "Please cite this page as http://oracc.org/riao/Q009479/.",
			"credits": "Based on A. Kirk Grayson, Assyrian Rulers of the Early First Millennium BC I (1114-859 BC) (RIMA 2), Toronto,  1991. Adapted by Jamie Novotny (2015-16) and lemmatized and updated by Nathan Morello (2016-17) for the Alexander von Humboldt Foundation-funded OIMEA Project at the Historisches Seminar - Abteilung Alte Geschichte of Ludwig-Maximilians-Universität München. The annotated edition is released under the Creative Commons Attribution Share-Alike license 3.0. Please cite this page as http://oracc.org/riao/Q009479/.",
			"designation": "Ashurnasirpal II 147 add",
			"display_name": "RINAP Ashurnasirpal II 147 add",
			"genre": "Royal Inscription",
			"id_composite": "Q009479",
			"language": "Akkadian",
			"period": "Neo-Assyrian",
			"popular_name": "M 41.1 / Text 07",
			"primary_publication": "Ashurnasirpal II add 147",
			"project": "riao",
			"provenience": "Nimrud (Kalhu)",
			"Q_designation": "Ashurnasirpal II 147 add",
			"riao_attribution": "Based on A. Kirk Grayson, Assyrian Rulers of the Early First Millennium BC I (1114-859 BC) (RIMA 2), Toronto,  1991. Adapted by Jamie Novotny (2015-16) and lemmatized and updated by Nathan Morello (2016-17) for the Alexander von Humboldt Foundation-funded OIMEA Project at the Historisches Seminar - Abteilung Alte Geschichte of Ludwig-Maximilians-Universität München. The annotated edition is released under the Creative Commons Attribution Share-Alike license 3.0.",
			"ruler": "Ashurnasirpal II",
			"subgenre": "Ashurnasirpal II",
			"subproject": "ria4",
			"supergenre": "LIT"
		},
		"geometry": {
			"type": "Point",
			"coordinates": [43.3275,36.099167]
		}
	}, {
		"type": "Feature",
		"properties": {
			"cite_as": "Please cite this page as http://oracc.org/riao/Q009480/.",
			"credits": "Based on A. Kirk Grayson, Assyrian Rulers of the Early First Millennium BC I (1114-859 BC) (RIMA 2), Toronto,  1991. Adapted by Jamie Novotny (2015-16) and lemmatized and updated by Nathan Morello (2016-17) for the Alexander von Humboldt Foundation-funded OIMEA Project at the Historisches Seminar - Abteilung Alte Geschichte of Ludwig-Maximilians-Universität München. The annotated edition is released under the Creative Commons Attribution Share-Alike license 3.0. Please cite this page as http://oracc.org/riao/Q009480/.",
			"designation": "Ashurnasirpal II 148 add",
			"display_name": "RINAP Ashurnasirpal II 148 add",
			"genre": "Royal Inscription",
			"id_composite": "Q009480",
			"language": "Akkadian",
			"period": "Neo-Assyrian",
			"popular_name": "M 41.2 / ISNT / Text 08",
			"primary_publication": "Ashurnasirpal II add 148",
			"project": "riao",
			"provenience": "Nimrud (Kalhu)",
			"Q_designation": "Ashurnasirpal II 148 add",
			"riao_attribution": "Based on A. Kirk Grayson, Assyrian Rulers of the Early First Millennium BC I (1114-859 BC) (RIMA 2), Toronto,  1991. Adapted by Jamie Novotny (2015-16) and lemmatized and updated by Nathan Morello (2016-17) for the Alexander von Humboldt Foundation-funded OIMEA Project at the Historisches Seminar - Abteilung Alte Geschichte of Ludwig-Maximilians-Universität München. The annotated edition is released under the Creative Commons Attribution Share-Alike license 3.0.",
			"ruler": "Ashurnasirpal II",
			"subgenre": "Ashurnasirpal II",
			"subproject": "ria4",
			"supergenre": "LIT"
		},
		"geometry": {
			"type": "Point",
			"coordinates": [43.3275,36.099167]
		}
	}, {
		"type": "Feature",
		"properties": {
			"cite_as": "Please cite this page as http://oracc.org/riao/Q009481/.",
			"credits": "Based on A. Kirk Grayson, Assyrian Rulers of the Early First Millennium BC I (1114-859 BC) (RIMA 2), Toronto,  1991. Adapted by Jamie Novotny (2015-16) and lemmatized and updated by Nathan Morello (2016-17) for the Alexander von Humboldt Foundation-funded OIMEA Project at the Historisches Seminar - Abteilung Alte Geschichte of Ludwig-Maximilians-Universität München. The annotated edition is released under the Creative Commons Attribution Share-Alike license 3.0. Please cite this page as http://oracc.org/riao/Q009481/.",
			"designation": "Ashurnasirpal II 149 add",
			"display_name": "RINAP Ashurnasirpal II 149 add",
			"genre": "Royal Inscription",
			"id_composite": "Q009481",
			"language": "Akkadian",
			"period": "Neo-Assyrian",
			"popular_name": "M 32.1 / M 33 / Text 09",
			"primary_publication": "Ashurnasirpal II add 149",
			"project": "riao",
			"provenience": "Nimrud (Kalhu)",
			"Q_designation": "Ashurnasirpal II 149 add",
			"riao_attribution": "Based on A. Kirk Grayson, Assyrian Rulers of the Early First Millennium BC I (1114-859 BC) (RIMA 2), Toronto,  1991. Adapted by Jamie Novotny (2015-16) and lemmatized and updated by Nathan Morello (2016-17) for the Alexander von Humboldt Foundation-funded OIMEA Project at the Historisches Seminar - Abteilung Alte Geschichte of Ludwig-Maximilians-Universität München. The annotated edition is released under the Creative Commons Attribution Share-Alike license 3.0.",
			"ruler": "Ashurnasirpal II",
			"subgenre": "Ashurnasirpal II",
			"subproject": "ria4",
			"supergenre": "LIT"
		},
		"geometry": {
			"type": "Point",
			"coordinates": [43.3275,36.099167]
		}
	}, {
		"type": "Feature",
		"properties": {
			"cite_as": "Please cite this page as http://oracc.org/riao/Q009482/.",
			"credits": "Based on A. Kirk Grayson, Assyrian Rulers of the Early First Millennium BC I (1114-859 BC) (RIMA 2), Toronto,  1991. Adapted by Jamie Novotny (2015-16) and lemmatized and updated by Nathan Morello (2016-17) for the Alexander von Humboldt Foundation-funded OIMEA Project at the Historisches Seminar - Abteilung Alte Geschichte of Ludwig-Maximilians-Universität München. The annotated edition is released under the Creative Commons Attribution Share-Alike license 3.0. Please cite this page as http://oracc.org/riao/Q009482/.",
			"designation": "Ashurnasirpal II 150 add",
			"display_name": "RINAP Ashurnasirpal II 150 add",
			"genre": "Royal Inscription",
			"id_composite": "Q009482",
			"language": "Akkadian",
			"period": "Neo-Assyrian",
			"popular_name": "Copenhagen 13856 / Text 10",
			"primary_publication": "Ashurnasirpal II add 150",
			"project": "riao",
			"provenience": "Nimrud (Kalhu)",
			"Q_designation": "Ashurnasirpal II 150 add",
			"riao_attribution": "Based on A. Kirk Grayson, Assyrian Rulers of the Early First Millennium BC I (1114-859 BC) (RIMA 2), Toronto,  1991. Adapted by Jamie Novotny (2015-16) and lemmatized and updated by Nathan Morello (2016-17) for the Alexander von Humboldt Foundation-funded OIMEA Project at the Historisches Seminar - Abteilung Alte Geschichte of Ludwig-Maximilians-Universität München. The annotated edition is released under the Creative Commons Attribution Share-Alike license 3.0.",
			"ruler": "Ashurnasirpal II",
			"subgenre": "Ashurnasirpal II",
			"subproject": "ria4",
			"supergenre": "LIT"
		},
		"geometry": {
			"type": "Point",
			"coordinates": [43.3275,36.099167]
		}
	}, {
		"type": "Feature",
		"properties": {
			"cite_as": "Please cite this page as http://oracc.org/riao/Q009483/.",
			"credits": "Please cite this page as http://oracc.org/riao/Q009483/.",
			"designation": "Ashurnasirpal II 151 add",
			"display_name": "RINAP Ashurnasirpal II 151 add",
			"genre": "Royal Inscription",
			"id_composite": "Q009483",
			"language": "Akkadian",
			"period": "Neo-Assyrian",
			"pleiades_id": "874621",
			"popular_name": "VA 00952",
			"project": "riao",
			"provenience": "Nimrud (Kalhu)",
			"Q_designation": "Ashurnasirpal II 151 add",
			"ruler": "Ashurnasirpal II",
			"subgenre": "Ashurnasirpal II",
			"subproject": "ria4",
			"supergenre": "LIT"
		},
		"geometry": {
			"type": "Point",
			"coordinates": [43.3275,36.099167]
		}
	}, {
		"type": "Feature",
		"properties": {
			"cite_as": "Please cite this page as http://oracc.org/riao/Q009484/.",
			"credits": "Please cite this page as http://oracc.org/riao/Q009484/.",
			"designation": "Ashurnasirpal II 152 add",
			"display_name": "RINAP Ashurnasirpal II 152 add",
			"genre": "Royal Inscription",
			"id_composite": "Q009484",
			"language": "Akkadian",
			"period": "Neo-Assyrian",
			"pleiades_id": "874621",
			"popular_name": "N-A 4/74, Back",
			"project": "riao",
			"provenience": "Nimrud (Kalhu)",
			"Q_designation": "Ashurnasirpal II 152 add",
			"ruler": "Ashurnasirpal II",
			"subgenre": "Ashurnasirpal II",
			"subproject": "ria4",
			"supergenre": "LIT"
		},
		"geometry": {
			"type": "Point",
			"coordinates": [43.3275,36.099167]
		}
	}]
}
