{
	"type": "FeatureCollection",
	"features": [{
		"type": "Feature",
		"properties": {
			"id_text": "P334730",
			"ancient_author": "Marduk-šallim-ahhe",
			"designation": "SAA 13 012",
			"genre": "letter",
			"period": "Neo-Assyrian",
			"provenience": "Nineveh",
			"script": "Neo-Assyrian script",
			"session": "1 Introducing the temple",
			"title": "The Sanctuary of Mullissu is Completed"
		},
		"geometry": {
			"type": "Point",
			"coordinates": [43.151937,36.358684]
		}
	}, {
		"type": "Feature",
		"properties": {
			"id_text": "P334784",
			"ancient_author": "(unassigned)",
			"designation": "SAA 13 028",
			"genre": "letter",
			"period": "Neo-Assyrian",
			"provenience": "Nineveh",
			"script": "Neo-Assyrian script",
			"session": "1 Introducing the temple",
			"title": "Report on Gold and Silver Work for the Temple of SIn"
		},
		"geometry": {
			"type": "Point",
			"coordinates": [43.151937,36.358684]
		}
	}, {
		"type": "Feature",
		"properties": {
			"id_text": "P334669",
			"ancient_author": "(unassigned)",
			"designation": "SAA 13 029",
			"genre": "letter",
			"period": "Neo-Assyrian",
			"provenience": "Nineveh",
			"script": "Neo-Assyrian script",
			"session": "1 Introducing the temple",
			"title": "Letter Similar to No 28"
		},
		"geometry": {
			"type": "Point",
			"coordinates": [43.151937,36.358684]
		}
	}, {
		"type": "Feature",
		"properties": {
			"id_text": "P334063",
			"ancient_author": "Urdu-Nabu",
			"designation": "SAA 13 062",
			"genre": "letter",
			"period": "Neo-Assyrian",
			"provenience": "Nineveh",
			"script": "Neo-Assyrian script",
			"session": "1 Introducing the temple",
			"title": "The Key is Lost"
		},
		"geometry": {
			"type": "Point",
			"coordinates": [43.151937,36.358684]
		}
	}, {
		"type": "Feature",
		"properties": {
			"id_text": "P334103",
			"ancient_author": "Issar-duri",
			"designation": "SAA 15 004",
			"genre": "letter",
			"period": "Neo-Assyrian",
			"provenience": "Nineveh",
			"script": "Neo-Assyrian script",
			"session": "1 Introducing the temple",
			"title": "Physicians for the King; Inscriptions for a Temple in Der"
		},
		"geometry": {
			"type": "Point",
			"coordinates": [43.151937,36.358684]
		}
	}, {
		"type": "Feature",
		"properties": {
			"id_text": "P363704",
			"designation": "TCL 06, 32",
			"genre": "scholarly work",
			"period": "Seleucid",
			"provenience": "Uruk",
			"session": "1 Introducing the temple",
			"title": "Esaggil tablet"
		},
		"geometry": {
			"type": "Point",
			"coordinates": [45.638752,31.32446]
		}
	}, {
		"type": "Feature",
		"properties": {
			"id_text": "P348713",
			"designation": "SpTU 3, 109",
			"genre": "scholarly work",
			"period": "Seleucid",
			"provenience": "Uruk",
			"session": "2 Making and clothing the gods",
			"title": "god list"
		},
		"geometry": {
			"type": "Point",
			"coordinates": [45.638752,31.32446]
		}
	}, {
		"type": "Feature",
		"properties": {
			"id_text": "P296532",
			"date": "HE.SE.087.04.26",
			"designation": "OrNS 64, 1995, 192-196",
			"genre": "scholarly work",
			"period": "Seleucid",
			"provenience": "Uruk",
			"session": "2 Making and clothing the gods",
			"title": "Commentary"
		},
		"geometry": {
			"type": "Point",
			"coordinates": [45.638752,31.32446]
		}
	}, {
		"type": "Feature",
		"properties": {
			"id_text": "P285574",
			"ancient_author": "The King to Aššur-mudammiq, Aššur-šarru-uṣur, and Aššur-hussanni",
			"designation": "SAA 13 001",
			"genre": "letter",
			"period": "Neo-Assyrian",
			"provenience": "Assur",
			"script": "Neo-Assyrian script",
			"session": "2 Making and clothing the gods",
			"title": "If There is Extra Serpentine, You May Have Some"
		},
		"geometry": {
			"type": "Point",
			"coordinates": [43.262037,35.458121]
		}
	}, {
		"type": "Feature",
		"properties": {
			"id_text": "P313456",
			"ancient_author": "Nabu-ašared",
			"designation": "SAA 13 034",
			"genre": "letter",
			"period": "Neo-Assyrian",
			"provenience": "Nineveh",
			"script": "Neo-Assyrian script",
			"session": "2 Making and clothing the gods",
			"title": "Features of a Royal Statue Disputed"
		},
		"geometry": {
			"type": "Point",
			"coordinates": [43.151937,36.358684]
		}
	}, {
		"type": "Feature",
		"properties": {
			"id_text": "P314315",
			"ancient_author": "(unassigned)",
			"designation": "SAA 13 047",
			"genre": "letter",
			"period": "Neo-Assyrian",
			"provenience": "Nineveh",
			"script": "Neo-Assyrian script",
			"session": "2 Making and clothing the gods",
			"title": "Passage of Rites"
		},
		"geometry": {
			"type": "Point",
			"coordinates": [43.151937,36.358684]
		}
	}, {
		"type": "Feature",
		"properties": {
			"id_text": "P313804",
			"ancient_author": "(unassigned)",
			"designation": "SAA 13 048",
			"genre": "letter",
			"period": "Neo-Assyrian",
			"provenience": "Nineveh",
			"script": "Neo-Assyrian script",
			"session": "2 Making and clothing the gods",
			"title": "The Gods Have Gone Out and Come Back Safely"
		},
		"geometry": {
			"type": "Point",
			"coordinates": [43.151937,36.358684]
		}
	}, {
		"type": "Feature",
		"properties": {
			"id_text": "P313580",
			"ancient_author": "(unassigned)",
			"designation": "SAA 13 052",
			"genre": "letter",
			"period": "Neo-Assyrian",
			"provenience": "Nineveh",
			"script": "Neo-Assyrian script",
			"session": "2 Making and clothing the gods",
			"title": "Stone for Statues"
		},
		"geometry": {
			"type": "Point",
			"coordinates": [43.151937,36.358684]
		}
	}, {
		"type": "Feature",
		"properties": {
			"id_text": "P334732",
			"ancient_author": "Urdu-Nabu",
			"designation": "SAA 13 059",
			"genre": "letter",
			"period": "Neo-Assyrian",
			"provenience": "Nineveh",
			"script": "Neo-Assyrian script",
			"session": "2 Making and clothing the gods",
			"title": "Preparing a Statue of Ištar for a Festival"
		},
		"geometry": {
			"type": "Point",
			"coordinates": [43.151937,36.358684]
		}
	}, {
		"type": "Feature",
		"properties": {
			"id_text": "P334362",
			"ancient_author": "Nabu-bani-ahhe",
			"designation": "SAA 13 127",
			"genre": "letter",
			"period": "Neo-Assyrian",
			"provenience": "Nineveh",
			"script": "Neo-Assyrian script",
			"session": "2 Making and clothing the gods",
			"title": "The Statues Require Gold, Copper and Lapis Lazuli"
		},
		"geometry": {
			"type": "Point",
			"coordinates": [43.151937,36.358684]
		}
	}, {
		"type": "Feature",
		"properties": {
			"id_text": "P237841",
			"ancient_author": "Rašil",
			"designation": "SAA 13 174",
			"genre": "letter",
			"period": "Neo-Assyrian",
			"provenience": "Nineveh",
			"script": "Neo-Babylonian script",
			"session": "2 Making and clothing the gods",
			"title": "Let Me Have the Gems So I Can Finish My Work"
		},
		"geometry": {
			"type": "Point",
			"coordinates": [43.151937,36.358684]
		}
	}, {
		"type": "Feature",
		"properties": {
			"id_text": "P237825",
			"ancient_author": "Rašil",
			"designation": "SAA 13 175",
			"genre": "letter",
			"period": "Neo-Assyrian",
			"provenience": "Nineveh",
			"script": "Neo-Babylonian script",
			"session": "2 Making and clothing the gods",
			"title": "The Design for the Bed of the Lord of Heaven and Earth"
		},
		"geometry": {
			"type": "Point",
			"coordinates": [43.151937,36.358684]
		}
	}, {
		"type": "Feature",
		"properties": {
			"id_text": "P237815",
			"ancient_author": "Rašil",
			"designation": "SAA 13 176",
			"genre": "letter",
			"period": "Neo-Assyrian",
			"provenience": "Nineveh",
			"script": "Neo-Babylonian script",
			"session": "2 Making and clothing the gods",
			"title": "Send Me Assistants for the Clothing Ceremony of Bel"
		},
		"geometry": {
			"type": "Point",
			"coordinates": [43.151937,36.358684]
		}
	}, {
		"type": "Feature",
		"properties": {
			"id_text": "P335817",
			"date": "000-00-15",
			"designation": "SAA 07 159",
			"genre": "administrative record",
			"period": "Neo-Assyrian",
			"provenience": "Nineveh",
			"script": "Neo-Assyrian script",
			"session": "3 Feeding the gods",
			"title": "Record of Food Offerings from Officials"
		},
		"geometry": {
			"type": "Point",
			"coordinates": [43.151937,36.358684]
		}
	}, {
		"type": "Feature",
		"properties": {
			"id_text": "P335790",
			"date": "000-04-28",
			"designation": "SAA 07 161",
			"genre": "administrative record",
			"period": "Neo-Assyrian",
			"provenience": "Nineveh",
			"script": "Neo-Assyrian script",
			"session": "3 Feeding the gods",
			"title": "Record of Food Offerings from Officials"
		},
		"geometry": {
			"type": "Point",
			"coordinates": [43.151937,36.358684]
		}
	}, {
		"type": "Feature",
		"properties": {
			"id_text": "P335791",
			"designation": "SAA 07 162",
			"genre": "administrative record",
			"period": "Neo-Assyrian",
			"provenience": "Nineveh",
			"script": "Neo-Assyrian script",
			"session": "3 Feeding the gods",
			"title": "Record of Food Offerings from Officials"
		},
		"geometry": {
			"type": "Point",
			"coordinates": [43.151937,36.358684]
		}
	}, {
		"type": "Feature",
		"properties": {
			"id_text": "P335824",
			"date": "000-00-05",
			"designation": "SAA 07 182",
			"genre": "administrative record",
			"period": "Neo-Assyrian",
			"provenience": "Nineveh",
			"script": "Neo-Assyrian script",
			"session": "3 Feeding the gods",
			"title": "Aššur Temple Offerings, Day 5"
		},
		"geometry": {
			"type": "Point",
			"coordinates": [43.151937,36.358684]
		}
	}, {
		"type": "Feature",
		"properties": {
			"id_text": "P335820",
			"date": "000-00-17",
			"designation": "SAA 07 183",
			"genre": "administrative record",
			"period": "Neo-Assyrian",
			"provenience": "Nineveh",
			"script": "Neo-Assyrian script",
			"session": "3 Feeding the gods",
			"title": "Aššur Temple Offerings to Mullissu, Day 17"
		},
		"geometry": {
			"type": "Point",
			"coordinates": [43.151937,36.358684]
		}
	}, {
		"type": "Feature",
		"properties": {
			"id_text": "P335821",
			"date": "000-00-18",
			"designation": "SAA 07 184",
			"genre": "administrative record",
			"period": "Neo-Assyrian",
			"provenience": "Nineveh",
			"script": "Neo-Assyrian script",
			"session": "3 Feeding the gods",
			"title": "Aššur Temple Offerings to Mullissu, Day 18"
		},
		"geometry": {
			"type": "Point",
			"coordinates": [43.151937,36.358684]
		}
	}, {
		"type": "Feature",
		"properties": {
			"id_text": "P335823",
			"date": "000-00-19",
			"designation": "SAA 07 185",
			"genre": "administrative record",
			"period": "Neo-Assyrian",
			"provenience": "Nineveh",
			"script": "Neo-Assyrian script",
			"session": "3 Feeding the gods",
			"title": "Aššur Temple Offerings to Mullissu, Day 19"
		},
		"geometry": {
			"type": "Point",
			"coordinates": [43.151937,36.358684]
		}
	}, {
		"type": "Feature",
		"properties": {
			"id_text": "P335822",
			"date": "000-00-21",
			"designation": "SAA 07 186",
			"genre": "administrative record",
			"period": "Neo-Assyrian",
			"provenience": "Nineveh",
			"script": "Neo-Assyrian script",
			"session": "3 Feeding the gods",
			"title": "Aššur Temple Offerings to Mullissu, Day 21"
		},
		"geometry": {
			"type": "Point",
			"coordinates": [43.151937,36.358684]
		}
	}, {
		"type": "Feature",
		"properties": {
			"id_text": "P335846",
			"date": "000-00-20",
			"designation": "SAA 07 187",
			"genre": "administrative record",
			"period": "Neo-Assyrian",
			"provenience": "Nineveh",
			"script": "Neo-Assyrian script",
			"session": "3 Feeding the gods",
			"title": "Aššur Temple Offerings, Day 20"
		},
		"geometry": {
			"type": "Point",
			"coordinates": [43.151937,36.358684]
		}
	}, {
		"type": "Feature",
		"properties": {
			"id_text": "P335827",
			"date": "000-00-02",
			"designation": "SAA 07 188",
			"genre": "administrative record",
			"period": "Neo-Assyrian",
			"provenience": "Nineveh",
			"script": "Neo-Assyrian script",
			"session": "3 Feeding the gods",
			"title": "Aššur Temple Offerings, Day 2"
		},
		"geometry": {
			"type": "Point",
			"coordinates": [43.151937,36.358684]
		}
	}, {
		"type": "Feature",
		"properties": {
			"id_text": "P335826",
			"date": "000-00-04",
			"designation": "SAA 07 189",
			"genre": "administrative record",
			"period": "Neo-Assyrian",
			"provenience": "Nineveh",
			"script": "Neo-Assyrian script",
			"session": "3 Feeding the gods",
			"title": "Aššur Temple Offerings, Day 4"
		},
		"geometry": {
			"type": "Point",
			"coordinates": [43.151937,36.358684]
		}
	}, {
		"type": "Feature",
		"properties": {
			"id_text": "P335842",
			"date": "000-00-06",
			"designation": "SAA 07 190",
			"genre": "administrative record",
			"period": "Neo-Assyrian",
			"provenience": "Nineveh",
			"script": "Neo-Assyrian script",
			"session": "3 Feeding the gods",
			"title": "Aššur Temple Offerings, Day 6"
		},
		"geometry": {
			"type": "Point",
			"coordinates": [43.151937,36.358684]
		}
	}, {
		"type": "Feature",
		"properties": {
			"id_text": "P335833",
			"date": "000-00-10",
			"designation": "SAA 07 191",
			"genre": "administrative record",
			"period": "Neo-Assyrian",
			"provenience": "Nineveh",
			"script": "Neo-Assyrian script",
			"session": "3 Feeding the gods",
			"title": "Aššur Temple Offerings, Day 10"
		},
		"geometry": {
			"type": "Point",
			"coordinates": [43.151937,36.358684]
		}
	}, {
		"type": "Feature",
		"properties": {
			"id_text": "P335840",
			"date": "000-00-14",
			"designation": "SAA 07 192",
			"genre": "administrative record",
			"period": "Neo-Assyrian",
			"provenience": "Nineveh",
			"script": "Neo-Assyrian script",
			"session": "3 Feeding the gods",
			"title": "Aššur Temple Offerings, Day 14"
		},
		"geometry": {
			"type": "Point",
			"coordinates": [43.151937,36.358684]
		}
	}, {
		"type": "Feature",
		"properties": {
			"id_text": "P335902",
			"date": "000-00-23",
			"designation": "SAA 07 193",
			"genre": "administrative record",
			"period": "Neo-Assyrian",
			"provenience": "Nineveh",
			"script": "Neo-Assyrian script",
			"session": "3 Feeding the gods",
			"title": "Aššur Temple Offerings, Day 23"
		},
		"geometry": {
			"type": "Point",
			"coordinates": [43.151937,36.358684]
		}
	}, {
		"type": "Feature",
		"properties": {
			"id_text": "P335829",
			"designation": "SAA 07 194",
			"genre": "administrative record",
			"period": "Neo-Assyrian",
			"provenience": "Nineveh",
			"script": "Neo-Assyrian script",
			"session": "3 Feeding the gods",
			"title": "Aššur Temple Offerings"
		},
		"geometry": {
			"type": "Point",
			"coordinates": [43.151937,36.358684]
		}
	}, {
		"type": "Feature",
		"properties": {
			"id_text": "P335830",
			"designation": "SAA 07 195",
			"genre": "administrative record",
			"period": "Neo-Assyrian",
			"provenience": "Nineveh",
			"script": "Neo-Assyrian script",
			"session": "3 Feeding the gods",
			"title": "Aššur Temple Offerings"
		},
		"geometry": {
			"type": "Point",
			"coordinates": [43.151937,36.358684]
		}
	}, {
		"type": "Feature",
		"properties": {
			"id_text": "P335836",
			"designation": "SAA 07 196",
			"genre": "administrative record",
			"period": "Neo-Assyrian",
			"provenience": "Nineveh",
			"script": "Neo-Assyrian script",
			"session": "3 Feeding the gods",
			"title": "Aššur Temple Offerings"
		},
		"geometry": {
			"type": "Point",
			"coordinates": [43.151937,36.358684]
		}
	}, {
		"type": "Feature",
		"properties": {
			"id_text": "P335850",
			"designation": "SAA 07 201",
			"genre": "administrative record",
			"period": "Neo-Assyrian",
			"provenience": "Nineveh",
			"script": "Neo-Assyrian script",
			"session": "3 Feeding the gods",
			"title": "Aššur Temple Offerings"
		},
		"geometry": {
			"type": "Point",
			"coordinates": [43.151937,36.358684]
		}
	}, {
		"type": "Feature",
		"properties": {
			"id_text": "P335851",
			"designation": "SAA 07 202",
			"genre": "administrative record",
			"period": "Neo-Assyrian",
			"provenience": "Nineveh",
			"script": "Neo-Assyrian script",
			"session": "3 Feeding the gods",
			"title": "Aššur Temple Offerings"
		},
		"geometry": {
			"type": "Point",
			"coordinates": [43.151937,36.358684]
		}
	}, {
		"type": "Feature",
		"properties": {
			"id_text": "P335622",
			"designation": "SAA 07 206",
			"genre": "administrative record",
			"period": "Neo-Assyrian",
			"provenience": "Nineveh",
			"script": "Neo-Assyrian script",
			"session": "3 Feeding the gods",
			"title": "Aššur Temple Offerings"
		},
		"geometry": {
			"type": "Point",
			"coordinates": [43.151937,36.358684]
		}
	}, {
		"type": "Feature",
		"properties": {
			"id_text": "P335825",
			"date": "000-00-19",
			"designation": "SAA 07 207",
			"genre": "administrative record",
			"period": "Neo-Assyrian",
			"provenience": "Nineveh",
			"script": "Neo-Assyrian script",
			"session": "3 Feeding the gods",
			"title": "Aššur Temple Offerings, Day 19"
		},
		"geometry": {
			"type": "Point",
			"coordinates": [43.151937,36.358684]
		}
	}, {
		"type": "Feature",
		"properties": {
			"id_text": "P335845",
			"date": "000-00-21",
			"designation": "SAA 07 208",
			"genre": "administrative record",
			"period": "Neo-Assyrian",
			"provenience": "Nineveh",
			"script": "Neo-Assyrian script",
			"session": "3 Feeding the gods",
			"title": "Aššur Temple Offerings, Day 21"
		},
		"geometry": {
			"type": "Point",
			"coordinates": [43.151937,36.358684]
		}
	}, {
		"type": "Feature",
		"properties": {
			"id_text": "P335831",
			"date": "000-00-22",
			"designation": "SAA 07 209",
			"genre": "administrative record",
			"period": "Neo-Assyrian",
			"provenience": "Nineveh",
			"script": "Neo-Assyrian script",
			"session": "3 Feeding the gods",
			"title": "Aššur Temple Offerings, Day 22"
		},
		"geometry": {
			"type": "Point",
			"coordinates": [43.151937,36.358684]
		}
	}, {
		"type": "Feature",
		"properties": {
			"id_text": "P336368",
			"date": "000-00-22",
			"designation": "SAA 07 210",
			"genre": "administrative record",
			"period": "Neo-Assyrian",
			"provenience": "Nineveh",
			"script": "Neo-Assyrian script",
			"session": "3 Feeding the gods",
			"title": "Aššur Temple Offerings, Day 22"
		},
		"geometry": {
			"type": "Point",
			"coordinates": [43.151937,36.358684]
		}
	}, {
		"type": "Feature",
		"properties": {
			"id_text": "P335828",
			"date": "000-00-24",
			"designation": "SAA 07 211",
			"genre": "administrative record",
			"period": "Neo-Assyrian",
			"provenience": "Nineveh",
			"script": "Neo-Assyrian script",
			"session": "3 Feeding the gods",
			"title": "Aššur Temple Offerings, Day 24"
		},
		"geometry": {
			"type": "Point",
			"coordinates": [43.151937,36.358684]
		}
	}, {
		"type": "Feature",
		"properties": {
			"id_text": "P335834",
			"date": "000-00-25",
			"designation": "SAA 07 212",
			"genre": "administrative record",
			"period": "Neo-Assyrian",
			"provenience": "Nineveh",
			"script": "Neo-Assyrian script",
			"session": "3 Feeding the gods",
			"title": "Aššur Temple Offerings, Day 25"
		},
		"geometry": {
			"type": "Point",
			"coordinates": [43.151937,36.358684]
		}
	}, {
		"type": "Feature",
		"properties": {
			"id_text": "P335838",
			"designation": "SAA 07 215",
			"genre": "administrative record",
			"period": "Neo-Assyrian",
			"provenience": "Nineveh",
			"script": "Neo-Assyrian script",
			"session": "3 Feeding the gods",
			"title": "Aššur Temple Offerings"
		},
		"geometry": {
			"type": "Point",
			"coordinates": [43.151937,36.358684]
		}
	}, {
		"type": "Feature",
		"properties": {
			"id_text": "P335839",
			"designation": "SAA 07 216",
			"genre": "administrative record",
			"period": "Neo-Assyrian",
			"provenience": "Nineveh",
			"script": "Neo-Assyrian script",
			"session": "3 Feeding the gods",
			"title": "Aššur Temple Offerings"
		},
		"geometry": {
			"type": "Point",
			"coordinates": [43.151937,36.358684]
		}
	}, {
		"type": "Feature",
		"properties": {
			"id_text": "P334682",
			"ancient_author": "Marduk-šallim-ahhe",
			"designation": "SAA 13 008",
			"genre": "letter",
			"period": "Neo-Assyrian",
			"provenience": "Nineveh",
			"script": "Neo-Assyrian script",
			"session": "3 Feeding the gods",
			"title": "No Deliveries from Talmusu on the 5th of Kanunu"
		},
		"geometry": {
			"type": "Point",
			"coordinates": [43.151937,36.358684]
		}
	}, {
		"type": "Feature",
		"properties": {
			"id_text": "P334769",
			"ancient_author": "Marduk-šallim-ahhe",
			"designation": "SAA 13 009",
			"genre": "letter",
			"period": "Neo-Assyrian",
			"provenience": "Nineveh",
			"script": "Neo-Assyrian script",
			"session": "3 Feeding the gods",
			"title": "No Deliveries from Talmusu on the 5th of the Month"
		},
		"geometry": {
			"type": "Point",
			"coordinates": [43.151937,36.358684]
		}
	}, {
		"type": "Feature",
		"properties": {
			"id_text": "P334878",
			"ancient_author": "Marduk-šallim-ahhe",
			"designation": "SAA 13 010",
			"genre": "letter",
			"period": "Neo-Assyrian",
			"provenience": "Nineveh",
			"script": "Neo-Assyrian script",
			"session": "3 Feeding the gods",
			"title": "No Deliveries from Talmusu on the [5th] of Kanunu"
		},
		"geometry": {
			"type": "Point",
			"coordinates": [43.151937,36.358684]
		}
	}, {
		"type": "Feature",
		"properties": {
			"id_text": "P334513",
			"ancient_author": "Dadi",
			"designation": "SAA 13 018",
			"genre": "letter",
			"period": "Neo-Assyrian",
			"provenience": "Nineveh",
			"script": "Neo-Assyrian script",
			"session": "3 Feeding the gods",
			"title": "Lapsed and Undelivered Offerings"
		},
		"geometry": {
			"type": "Point",
			"coordinates": [43.151937,36.358684]
		}
	}, {
		"type": "Feature",
		"properties": {
			"id_text": "P313544",
			"ancient_author": "Dadi",
			"designation": "SAA 13 021",
			"genre": "letter",
			"period": "Neo-Assyrian",
			"provenience": "Nineveh",
			"script": "Neo-Assyrian script",
			"session": "3 Feeding the gods",
			"title": "Big Problems with Sheep Deliveries"
		},
		"geometry": {
			"type": "Point",
			"coordinates": [43.151937,36.358684]
		}
	}, {
		"type": "Feature",
		"properties": {
			"id_text": "P334363",
			"ancient_author": "Nadin-Aššur",
			"designation": "SAA 13 031",
			"genre": "letter",
			"period": "Neo-Assyrian",
			"provenience": "Nineveh",
			"script": "Neo-Assyrian script",
			"session": "3 Feeding the gods",
			"title": "Cultic Dues Not Delivered"
		},
		"geometry": {
			"type": "Point",
			"coordinates": [43.151937,36.358684]
		}
	}, {
		"type": "Feature",
		"properties": {
			"id_text": "P285573",
			"ancient_author": "Taqiša to Aššur-šarru-uṣur",
			"designation": "SAA 13 040",
			"genre": "letter",
			"period": "Neo-Assyrian",
			"provenience": "Assur",
			"script": "Neo-Assyrian script",
			"session": "3 Feeding the gods",
			"title": "(no title)"
		},
		"geometry": {
			"type": "Point",
			"coordinates": [43.262037,35.458121]
		}
	}, {
		"type": "Feature",
		"properties": {
			"id_text": "P334653",
			"ancient_author": "Pulu",
			"designation": "SAA 13 131",
			"genre": "letter",
			"period": "Neo-Assyrian",
			"provenience": "Nineveh",
			"script": "Neo-Assyrian script",
			"session": "3 Feeding the gods",
			"title": "An Ominous Offering Sheep"
		},
		"geometry": {
			"type": "Point",
			"coordinates": [43.151937,36.358684]
		}
	}, {
		"type": "Feature",
		"properties": {
			"id_text": "P334438",
			"ancient_author": "Pulu",
			"designation": "SAA 13 133",
			"genre": "letter",
			"period": "Neo-Assyrian",
			"provenience": "Nineveh",
			"script": "Neo-Assyrian script",
			"session": "3 Feeding the gods",
			"title": "A Faulty Offering Sheep"
		},
		"geometry": {
			"type": "Point",
			"coordinates": [43.151937,36.358684]
		}
	}, {
		"type": "Feature",
		"properties": {
			"id_text": "P363710",
			"designation": "TCL 06, 38",
			"genre": "scholarly work",
			"period": "Seleucid",
			"provenience": "Uruk",
			"script": "Akkadian",
			"session": "3 Feeding the gods",
			"title": "Daily offerings"
		},
		"geometry": {
			"type": "Point",
			"coordinates": [45.638752,31.32446]
		}
	}, {
		"type": "Feature",
		"properties": {
			"id_text": "P334465",
			"ancient_author": "Urad-Ea",
			"date": "670-02-10",
			"designation": "SAA 10 338",
			"genre": "letter",
			"period": "Neo-Assyrian",
			"provenience": "Nineveh",
			"script": "Neo-Assyrian script",
			"session": "4 Praising and placating the gods",
			"title": "The Akitu Procession of Sin"
		},
		"geometry": {
			"type": "Point",
			"coordinates": [43.151937,36.358684]
		}
	}, {
		"type": "Feature",
		"properties": {
			"id_text": "P333981",
			"ancient_author": "Urad-Ea",
			"designation": "SAA 10 339",
			"genre": "letter",
			"period": "Neo-Assyrian",
			"provenience": "Nineveh",
			"script": "Neo-Assyrian script",
			"session": "4 Praising and placating the gods",
			"title": "The Procession of Kurbail"
		},
		"geometry": {
			"type": "Point",
			"coordinates": [43.151937,36.358684]
		}
	}, {
		"type": "Feature",
		"properties": {
			"id_text": "P334424",
			"ancient_author": "Urad-Ea",
			"date": "670-10-23",
			"designation": "SAA 10 340",
			"genre": "letter",
			"period": "Neo-Assyrian",
			"provenience": "Nineveh",
			"script": "Neo-Assyrian script",
			"session": "4 Praising and placating the gods",
			"title": "Kettledrum Performance Before Mars and Saturn"
		},
		"geometry": {
			"type": "Point",
			"coordinates": [43.151937,36.358684]
		}
	}, {
		"type": "Feature",
		"properties": {
			"id_text": "P334431",
			"ancient_author": "Urad-Ea",
			"designation": "SAA 10 341",
			"genre": "letter",
			"period": "Neo-Assyrian",
			"provenience": "Nineveh",
			"script": "Neo-Assyrian script",
			"session": "4 Praising and placating the gods",
			"title": "Kettledrum Performance Before Marduk"
		},
		"geometry": {
			"type": "Point",
			"coordinates": [43.151937,36.358684]
		}
	}, {
		"type": "Feature",
		"properties": {
			"id_text": "P334467",
			"ancient_author": "Urad-Ea",
			"designation": "SAA 10 342",
			"genre": "letter",
			"period": "Neo-Assyrian",
			"provenience": "Nineveh",
			"script": "Neo-Assyrian script",
			"session": "4 Praising and placating the gods",
			"title": "Kettledrum Performance Before Venus"
		},
		"geometry": {
			"type": "Point",
			"coordinates": [43.151937,36.358684]
		}
	}, {
		"type": "Feature",
		"properties": {
			"id_text": "P333980",
			"ancient_author": "Urad-Ea",
			"designation": "SAA 10 343",
			"genre": "letter",
			"period": "Neo-Assyrian",
			"provenience": "Nineveh",
			"script": "Neo-Assyrian script",
			"session": "4 Praising and placating the gods",
			"title": "(no title)"
		},
		"geometry": {
			"type": "Point",
			"coordinates": [43.151937,36.358684]
		}
	}, {
		"type": "Feature",
		"properties": {
			"id_text": "P313526",
			"ancient_author": "Nabu-zeru-iddina",
			"date": "650-00-00?",
			"designation": "SAA 10 345",
			"genre": "letter",
			"period": "Neo-Assyrian",
			"provenience": "Nineveh",
			"script": "Neo-Assyrian script",
			"session": "4 Praising and placating the gods",
			"title": "Kettledrum Performance Before Enki"
		},
		"geometry": {
			"type": "Point",
			"coordinates": [43.151937,36.358684]
		}
	}, {
		"type": "Feature",
		"properties": {
			"id_text": "P334423",
			"ancient_author": "(unassigned)",
			"designation": "SAA 13 044",
			"genre": "letter",
			"period": "Neo-Assyrian",
			"provenience": "Nineveh",
			"script": "Neo-Assyrian script",
			"session": "4 Praising and placating the gods",
			"title": "The Runaway Chariot"
		},
		"geometry": {
			"type": "Point",
			"coordinates": [43.151937,36.358684]
		}
	}, {
		"type": "Feature",
		"properties": {
			"id_text": "P336177",
			"ancient_author": "Nabu-šumu-ka’’in",
			"designation": "SAA 16 100",
			"genre": "letter",
			"period": "Neo-Assyrian",
			"provenience": "Nineveh",
			"script": "Neo-Assyrian script",
			"session": "4 Praising and placating the gods",
			"title": "An Earthquake Hits Assur"
		},
		"geometry": {
			"type": "Point",
			"coordinates": [43.151937,36.358684]
		}
	}, {
		"type": "Feature",
		"properties": {
			"id_text": "P335770",
			"designation": "SAA 07 062",
			"genre": "administrative record",
			"period": "Neo-Assyrian",
			"provenience": "Nineveh",
			"script": "Neo-Assyrian script",
			"session": "4 Praising and placating the gods",
			"title": "Precious Items for(?) the Gods"
		},
		"geometry": {
			"type": "Point",
			"coordinates": [43.151937,36.358684]
		}
	}, {
		"type": "Feature",
		"properties": {
			"id_text": "P338374",
			"designation": "STT 1, 056",
			"genre": "hymn-prayer",
			"period": "Neo-Assyrian",
			"provenience": "Huzirina",
			"script": "Akkadian",
			"session": "4 Praising and placating the gods",
			"title": "Prayer to Ea, Šu’ila to Sin"
		},
		"geometry": {
			"type": "Point",
			"coordinates": [38.9061,37.05]
		}
	}, {
		"type": "Feature",
		"properties": {
			"id_text": "P338551",
			"designation": "STT 2, 232",
			"genre": "incantation-ritual",
			"period": "Neo-Assyrian",
			"provenience": "Huzirina",
			"script": "Akkadian",
			"session": "4 Praising and placating the gods",
			"title": "Temple-building rituals"
		},
		"geometry": {
			"type": "Point",
			"coordinates": [38.9061,37.05]
		}
	}, {
		"type": "Feature",
		"properties": {
			"id_text": "P363274",
			"designation": "BagM Beih. 02, 010",
			"genre": "incantation-ritual",
			"period": "Seleucid",
			"provenience": "Uruk",
			"script": "Akkadian",
			"session": "4 Praising and placating the gods",
			"title": "Temple-building rituals"
		},
		"geometry": {
			"type": "Point",
			"coordinates": [45.638752,31.32446]
		}
	}, {
		"type": "Feature",
		"properties": {
			"id_text": "P348735",
			"designation": "SpTU 4, 141",
			"genre": "incantation-ritual",
			"period": "Seleucid",
			"provenience": "Uruk",
			"script": "Akkadian",
			"session": "4 Praising and placating the gods",
			"title": "Temple-building rituals"
		},
		"geometry": {
			"type": "Point",
			"coordinates": [45.638752,31.32446]
		}
	}, {
		"type": "Feature",
		"properties": {
			"id_text": "P363713",
			"designation": "TCL 06, 41",
			"genre": "incantation-ritual",
			"period": "Seleucid",
			"provenience": "Uruk",
			"script": "Akkadian",
			"session": "4 Praising and placating the gods",
			"title": "Nocturnal rituals"
		},
		"geometry": {
			"type": "Point",
			"coordinates": [45.638752,31.32446]
		}
	}, {
		"type": "Feature",
		"properties": {
			"id_text": "P363717",
			"designation": "TCL 06, 45",
			"genre": "incantation-ritual",
			"period": "Seleucid",
			"provenience": "Uruk",
			"script": "Akkadian",
			"session": "4 Praising and placating the gods",
			"title": "Temple-building rituals"
		},
		"geometry": {
			"type": "Point",
			"coordinates": [45.638752,31.32446]
		}
	}, {
		"type": "Feature",
		"properties": {
			"id_text": "P363718",
			"designation": "TCL 06, 46",
			"genre": "incantation-ritual",
			"period": "Seleucid",
			"provenience": "Uruk",
			"script": "Akkadian",
			"session": "4 Praising and placating the gods",
			"title": "Temple-building rituals"
		},
		"geometry": {
			"type": "Point",
			"coordinates": [45.638752,31.32446]
		}
	}, {
		"type": "Feature",
		"properties": {
			"id_text": "P363581",
			"designation": "CTN 4, 167",
			"genre": "hymn-prayer",
			"period": "Neo-Assyrian",
			"provenience": "Kalhu",
			"script": "Akkadian",
			"session": "4 Praising and placating the gods",
			"title": "Šu’ila to Ea"
		},
		"geometry": {
			"type": "Point",
			"coordinates": [43.3275,36.099167]
		}
	}, {
		"type": "Feature",
		"properties": {
			"id_text": "P363582",
			"designation": "CTN 4, 168",
			"genre": "hymn-prayer",
			"period": "Neo-Assyrian",
			"provenience": "Kalhu",
			"script": "Akkadian",
			"session": "4 Praising and placating the gods",
			"title": "Šu’ilas to goddesses"
		},
		"geometry": {
			"type": "Point",
			"coordinates": [43.3275,36.099167]
		}
	}, {
		"type": "Feature",
		"properties": {
			"id_text": "P336496",
			"ancient_author": "Akkullanu",
			"designation": "SAA 08 100",
			"genre": "astrological report",
			"period": "Neo-Assyrian",
			"provenience": "Nineveh",
			"script": "Neo-Assyrian script",
			"session": "6 Prebendaries and scholars",
			"title": "Occultation of Jupiter"
		},
		"geometry": {
			"type": "Point",
			"coordinates": [43.151937,36.358684]
		}
	}, {
		"type": "Feature",
		"properties": {
			"id_text": "P336529",
			"ancient_author": "Akkullanu",
			"date": "672-05-00",
			"designation": "SAA 08 101",
			"genre": "astrological report",
			"period": "Neo-Assyrian",
			"provenience": "Nineveh",
			"script": "Neo-Assyrian script",
			"session": "6 Prebendaries and scholars",
			"title": "Mars in Cancer, not Stationary"
		},
		"geometry": {
			"type": "Point",
			"coordinates": [43.151937,36.358684]
		}
	}, {
		"type": "Feature",
		"properties": {
			"id_text": "P336418",
			"ancient_author": "Akkullanu",
			"date": "670-12-16",
			"designation": "SAA 08 102",
			"genre": "astrological report",
			"period": "Neo-Assyrian",
			"provenience": "Nineveh",
			"script": "Neo-Assyrian script",
			"session": "6 Prebendaries and scholars",
			"title": "Mars Near Saturn, Full Moon on 16th Day"
		},
		"geometry": {
			"type": "Point",
			"coordinates": [43.151937,36.358684]
		}
	}, {
		"type": "Feature",
		"properties": {
			"id_text": "P336572",
			"ancient_author": "Akkullanu",
			"date": "667-07-21",
			"designation": "SAA 08 103",
			"genre": "astrological report",
			"period": "Neo-Assyrian",
			"provenience": "Nineveh",
			"script": "Neo-Assyrian script",
			"session": "6 Prebendaries and scholars",
			"title": "Eclipse of the Moon"
		},
		"geometry": {
			"type": "Point",
			"coordinates": [43.151937,36.358684]
		}
	}, {
		"type": "Feature",
		"properties": {
			"id_text": "P336592",
			"ancient_author": "Akkullanu",
			"date": "657-01-28",
			"designation": "SAA 08 104",
			"genre": "astrological report",
			"period": "Neo-Assyrian",
			"provenience": "Nineveh",
			"script": "Neo-Assyrian script",
			"session": "6 Prebendaries and scholars",
			"title": "Eclipse of the Sun in the Morning"
		},
		"geometry": {
			"type": "Point",
			"coordinates": [43.151937,36.358684]
		}
	}, {
		"type": "Feature",
		"properties": {
			"id_text": "P336383",
			"ancient_author": "Akkullanu",
			"date": "000-00-01",
			"designation": "SAA 08 105",
			"genre": "astrological report",
			"period": "Neo-Assyrian",
			"provenience": "Nineveh",
			"script": "Neo-Assyrian script",
			"session": "6 Prebendaries and scholars",
			"title": "New Moon on 1st Day"
		},
		"geometry": {
			"type": "Point",
			"coordinates": [43.151937,36.358684]
		}
	}, {
		"type": "Feature",
		"properties": {
			"id_text": "P336384",
			"ancient_author": "Akkullanu",
			"date": "000-04-01",
			"designation": "SAA 08 106",
			"genre": "astrological report",
			"period": "Neo-Assyrian",
			"provenience": "Nineveh",
			"script": "Neo-Assyrian script",
			"session": "6 Prebendaries and scholars",
			"title": "New Moon on 1st Day"
		},
		"geometry": {
			"type": "Point",
			"coordinates": [43.151937,36.358684]
		}
	}, {
		"type": "Feature",
		"properties": {
			"id_text": "P336416",
			"ancient_author": "Akkullanu",
			"date": "000-03-30",
			"designation": "SAA 08 107",
			"genre": "astrological report",
			"period": "Neo-Assyrian",
			"provenience": "Nineveh",
			"script": "Neo-Assyrian script",
			"session": "6 Prebendaries and scholars",
			"title": "New Moon on 30th Day"
		},
		"geometry": {
			"type": "Point",
			"coordinates": [43.151937,36.358684]
		}
	}, {
		"type": "Feature",
		"properties": {
			"id_text": "P336466",
			"ancient_author": "Akkullanu",
			"date": "000-00-14",
			"designation": "SAA 08 108",
			"genre": "astrological report",
			"period": "Neo-Assyrian",
			"provenience": "Nineveh",
			"script": "Neo-Assyrian script",
			"session": "6 Prebendaries and scholars",
			"title": "Full Moon on 14th Day"
		},
		"geometry": {
			"type": "Point",
			"coordinates": [43.151937,36.358684]
		}
	}, {
		"type": "Feature",
		"properties": {
			"id_text": "P336458",
			"ancient_author": "Akkullanu",
			"date": "000-00-14",
			"designation": "SAA 08 109",
			"genre": "astrological report",
			"period": "Neo-Assyrian",
			"provenience": "Nineveh",
			"script": "Neo-Assyrian script",
			"session": "6 Prebendaries and scholars",
			"title": "Full Moon on 14th Day"
		},
		"geometry": {
			"type": "Point",
			"coordinates": [43.151937,36.358684]
		}
	}, {
		"type": "Feature",
		"properties": {
			"id_text": "P336464",
			"ancient_author": "Akkullanu",
			"date": "000-00-14",
			"designation": "SAA 08 110",
			"genre": "astrological report",
			"period": "Neo-Assyrian",
			"provenience": "Nineveh",
			"script": "Neo-Assyrian script",
			"session": "6 Prebendaries and scholars",
			"title": "Saturn in Lunar Halo, Full Moon on 14th Day"
		},
		"geometry": {
			"type": "Point",
			"coordinates": [43.151937,36.358684]
		}
	}, {
		"type": "Feature",
		"properties": {
			"id_text": "P336478",
			"ancient_author": "Akkullanu",
			"date": "000-04-16",
			"designation": "SAA 08 111",
			"genre": "astrological report",
			"period": "Neo-Assyrian",
			"provenience": "Nineveh",
			"script": "Neo-Assyrian script",
			"session": "6 Prebendaries and scholars",
			"title": "Full Moon on 16th Day"
		},
		"geometry": {
			"type": "Point",
			"coordinates": [43.151937,36.358684]
		}
	}, {
		"type": "Feature",
		"properties": {
			"id_text": "P336164",
			"ancient_author": "Akkullanu",
			"date": "000-11-00",
			"designation": "SAA 08 112",
			"genre": "astrological report",
			"period": "Neo-Assyrian",
			"provenience": "Nineveh",
			"script": "Neo-Assyrian script",
			"session": "6 Prebendaries and scholars",
			"title": "Gemini and Perseus in Lunar Halo"
		},
		"geometry": {
			"type": "Point",
			"coordinates": [43.151937,36.358684]
		}
	}, {
		"type": "Feature",
		"properties": {
			"id_text": "P334387",
			"ancient_author": "Akkullanu",
			"date": "676-00-00",
			"designation": "SAA 10 084",
			"genre": "letter",
			"period": "Neo-Assyrian",
			"provenience": "Nineveh",
			"script": "Neo-Assyrian script",
			"session": "6 Prebendaries and scholars",
			"title": "Occultation of Jupiter"
		},
		"geometry": {
			"type": "Point",
			"coordinates": [43.151937,36.358684]
		}
	}, {
		"type": "Feature",
		"properties": {
			"id_text": "P334883",
			"ancient_author": "Akkullanu",
			"date": "666-04-12",
			"designation": "SAA 10 089",
			"genre": "letter",
			"period": "Neo-Assyrian",
			"provenience": "Nineveh",
			"script": "Neo-Assyrian script",
			"session": "6 Prebendaries and scholars",
			"title": "Why is Nothing being Done Month after Month?"
		},
		"geometry": {
			"type": "Point",
			"coordinates": [43.151937,36.358684]
		}
	}, {
		"type": "Feature",
		"properties": {
			"id_text": "P333998",
			"ancient_author": "Akkullanu",
			"date": "666-05-08",
			"designation": "SAA 10 090",
			"genre": "letter",
			"period": "Neo-Assyrian",
			"provenience": "Nineveh",
			"script": "Neo-Assyrian script",
			"session": "6 Prebendaries and scholars",
			"title": "Why did the King Enthrone a Substitute?"
		},
		"geometry": {
			"type": "Point",
			"coordinates": [43.151937,36.358684]
		}
	}, {
		"type": "Feature",
		"properties": {
			"id_text": "P333996",
			"ancient_author": "Akkullanu",
			"date": "666-05-00?",
			"designation": "SAA 10 091",
			"genre": "letter",
			"period": "Neo-Assyrian",
			"provenience": "Nineveh",
			"script": "Neo-Assyrian script",
			"session": "6 Prebendaries and scholars",
			"title": "Request for a Reply"
		},
		"geometry": {
			"type": "Point",
			"coordinates": [43.151937,36.358684]
		}
	}, {
		"type": "Feature",
		"properties": {
			"id_text": "P333997",
			"ancient_author": "Akkullanu",
			"designation": "SAA 10 092",
			"genre": "letter",
			"period": "Neo-Assyrian",
			"provenience": "Nineveh",
			"script": "Neo-Assyrian script",
			"session": "6 Prebendaries and scholars",
			"title": "Worshipping Venus"
		},
		"geometry": {
			"type": "Point",
			"coordinates": [43.151937,36.358684]
		}
	}, {
		"type": "Feature",
		"properties": {
			"id_text": "P333999",
			"ancient_author": "Akkullanu",
			"designation": "SAA 10 093",
			"genre": "letter",
			"period": "Neo-Assyrian",
			"provenience": "Nineveh",
			"script": "Neo-Assyrian script",
			"session": "6 Prebendaries and scholars",
			"title": "Ablution Ritual in Tarbiṣu"
		},
		"geometry": {
			"type": "Point",
			"coordinates": [43.151937,36.358684]
		}
	}, {
		"type": "Feature",
		"properties": {
			"id_text": "P334002",
			"ancient_author": "Akkullanu",
			"date": "666-10-15",
			"designation": "SAA 10 094",
			"genre": "letter",
			"period": "Neo-Assyrian",
			"provenience": "Nineveh",
			"script": "Neo-Assyrian script",
			"session": "6 Prebendaries and scholars",
			"title": "Full Moon on 15th Day; Reminder Concerning Offerings"
		},
		"geometry": {
			"type": "Point",
			"coordinates": [43.151937,36.358684]
		}
	}, {
		"type": "Feature",
		"properties": {
			"id_text": "P334001",
			"ancient_author": "Akkullanu",
			"designation": "SAA 10 095",
			"genre": "letter",
			"period": "Neo-Assyrian",
			"provenience": "Nineveh",
			"script": "Neo-Assyrian script",
			"session": "6 Prebendaries and scholars",
			"title": "Report on Priests; Kanunu Festival"
		},
		"geometry": {
			"type": "Point",
			"coordinates": [43.151937,36.358684]
		}
	}, {
		"type": "Feature",
		"properties": {
			"id_text": "P333995",
			"ancient_author": "Akkullanu",
			"date": "665-00-00 to 660-00-00",
			"designation": "SAA 10 096",
			"genre": "letter",
			"period": "Neo-Assyrian",
			"provenience": "Nineveh",
			"script": "Neo-Assyrian script",
			"session": "6 Prebendaries and scholars",
			"title": "Affairs of the Aššur Temple"
		},
		"geometry": {
			"type": "Point",
			"coordinates": [43.151937,36.358684]
		}
	}, {
		"type": "Feature",
		"properties": {
			"id_text": "P313564",
			"ancient_author": "Akkullanu",
			"designation": "SAA 10 097",
			"genre": "letter",
			"period": "Neo-Assyrian",
			"provenience": "Nineveh",
			"script": "Neo-Assyrian script",
			"session": "6 Prebendaries and scholars",
			"title": "Consecrating a Priest"
		},
		"geometry": {
			"type": "Point",
			"coordinates": [43.151937,36.358684]
		}
	}, {
		"type": "Feature",
		"properties": {
			"id_text": "P333994",
			"ancient_author": "Akkullanu",
			"designation": "SAA 10 098",
			"genre": "letter",
			"period": "Neo-Assyrian",
			"provenience": "Nineveh",
			"script": "Neo-Assyrian script",
			"session": "6 Prebendaries and scholars",
			"title": "Wine Masters on Strike"
		},
		"geometry": {
			"type": "Point",
			"coordinates": [43.151937,36.358684]
		}
	}, {
		"type": "Feature",
		"properties": {
			"id_text": "P334000",
			"ancient_author": "Akkullanu",
			"designation": "SAA 10 099",
			"genre": "letter",
			"period": "Neo-Assyrian",
			"provenience": "Nineveh",
			"script": "Neo-Assyrian script",
			"session": "6 Prebendaries and scholars",
			"title": "Priests of Calah"
		},
		"geometry": {
			"type": "Point",
			"coordinates": [43.151937,36.358684]
		}
	}, {
		"type": "Feature",
		"properties": {
			"id_text": "P334477",
			"ancient_author": "Akkullanu",
			"date": "657-03-01",
			"designation": "SAA 10 100",
			"genre": "letter",
			"period": "Neo-Assyrian",
			"provenience": "Nineveh",
			"script": "Neo-Assyrian script",
			"session": "6 Prebendaries and scholars",
			"title": "Morning First of Mars in Iyyar, Eclipse of the Sun"
		},
		"geometry": {
			"type": "Point",
			"coordinates": [43.151937,36.358684]
		}
	}, {
		"type": "Feature",
		"properties": {
			"id_text": "P334747",
			"ancient_author": "Akkullanu",
			"date": "650-03-13",
			"designation": "SAA 10 104",
			"genre": "letter",
			"period": "Neo-Assyrian",
			"provenience": "Nineveh",
			"script": "Neo-Assyrian script",
			"session": "6 Prebendaries and scholars",
			"title": "Meteor, Dark Sunrise, Mars Stationary in Capricorn"
		},
		"geometry": {
			"type": "Point",
			"coordinates": [43.151937,36.358684]
		}
	}, {
		"type": "Feature",
		"properties": {
			"id_text": "P313656",
			"ancient_author": "Akkullanu",
			"date": "650-00-00",
			"designation": "SAA 10 105",
			"genre": "letter",
			"period": "Neo-Assyrian",
			"provenience": "Nineveh",
			"script": "Neo-Assyrian script",
			"session": "6 Prebendaries and scholars",
			"title": "Omens from Full Moon on 15th Day"
		},
		"geometry": {
			"type": "Point",
			"coordinates": [43.151937,36.358684]
		}
	}, {
		"type": "Feature",
		"properties": {
			"id_text": "P334295",
			"ancient_author": "Akkullanu",
			"designation": "SAA 10 107",
			"genre": "letter",
			"period": "Neo-Assyrian",
			"provenience": "Nineveh",
			"script": "Neo-Assyrian script",
			"session": "6 Prebendaries and scholars",
			"title": "Corruption in the Temple of Aššur"
		},
		"geometry": {
			"type": "Point",
			"coordinates": [43.151937,36.358684]
		}
	}, {
		"type": "Feature",
		"properties": {
			"id_text": "P313574",
			"ancient_author": "Akkullanu",
			"designation": "SAA 10 108",
			"genre": "letter",
			"period": "Neo-Assyrian",
			"provenience": "Nineveh",
			"script": "Neo-Assyrian script",
			"session": "6 Prebendaries and scholars",
			"title": "Leftovers"
		},
		"geometry": {
			"type": "Point",
			"coordinates": [43.151937,36.358684]
		}
	}, {
		"type": "Feature",
		"properties": {
			"id_text": "P336319",
			"designation": "SAA 12 081",
			"genre": "decree",
			"period": "Neo-Assyrian",
			"provenience": "Assur",
			"script": "Neo-Assyrian script",
			"session": "6 Prebendaries and scholars",
			"title": "Schedule of Distribution of Meat from Offerings"
		},
		"geometry": {
			"type": "Point",
			"coordinates": [43.262037,35.458121]
		}
	}, {
		"type": "Feature",
		"properties": {
			"id_text": "P334130",
			"ancient_author": "Nabu-belšunu to Aššur-mudammiq",
			"designation": "SAA 13 039",
			"genre": "letter",
			"period": "Neo-Assyrian",
			"provenience": "Nineveh",
			"script": "Neo-Assyrian script",
			"session": "6 Prebendaries and scholars",
			"title": "Repairing the Seats of Divine Statues"
		},
		"geometry": {
			"type": "Point",
			"coordinates": [43.151937,36.358684]
		}
	}, {
		"type": "Feature",
		"properties": {
			"id_text": "P334868",
			"ancient_author": "Aššur",
			"designation": "SAA 13 043",
			"genre": "letter",
			"period": "Neo-Assyrian",
			"provenience": "Nineveh",
			"script": "Neo-Assyrian script",
			"session": "6 Prebendaries and scholars",
			"title": "Gods at Your Gate"
		},
		"geometry": {
			"type": "Point",
			"coordinates": [43.151937,36.358684]
		}
	}, {
		"type": "Feature",
		"properties": {
			"id_text": "P334380",
			"ancient_author": "(unassigned)",
			"designation": "SAA 13 045",
			"genre": "letter",
			"period": "Neo-Assyrian",
			"provenience": "Nineveh",
			"script": "Neo-Assyrian script",
			"session": "6 Prebendaries and scholars",
			"title": "The Priest of Ea-Šarru Visits the Aššur Temple"
		},
		"geometry": {
			"type": "Point",
			"coordinates": [43.151937,36.358684]
		}
	}, {
		"type": "Feature",
		"properties": {
			"id_text": "P334340",
			"ancient_author": "Aššur-reṣu’a",
			"designation": "SAA 13 128",
			"genre": "letter",
			"period": "Neo-Assyrian",
			"provenience": "Nineveh",
			"script": "Neo-Assyrian script",
			"session": "6 Prebendaries and scholars",
			"title": "Theft of Temple Property"
		},
		"geometry": {
			"type": "Point",
			"coordinates": [43.151937,36.358684]
		}
	}, {
		"type": "Feature",
		"properties": {
			"id_text": "P334641",
			"ancient_author": "(unassigned)",
			"designation": "SAA 13 134",
			"genre": "letter",
			"period": "Neo-Assyrian",
			"provenience": "Nineveh",
			"script": "Neo-Assyrian script",
			"session": "6 Prebendaries and scholars",
			"title": "Letter of Complaint about Pulu"
		},
		"geometry": {
			"type": "Point",
			"coordinates": [43.151937,36.358684]
		}
	}, {
		"type": "Feature",
		"properties": {
			"id_text": "P334880",
			"ancient_author": "Aššur-hamatu’a",
			"designation": "SAA 13 138",
			"genre": "letter",
			"period": "Neo-Assyrian",
			"provenience": "Nineveh",
			"script": "Neo-Assyrian script",
			"session": "6 Prebendaries and scholars",
			"title": "The Priest of Ea Robs the Temple"
		},
		"geometry": {
			"type": "Point",
			"coordinates": [43.151937,36.358684]
		}
	}, {
		"type": "Feature",
		"properties": {
			"id_text": "P334870",
			"ancient_author": "(unassigned)",
			"designation": "SAA 13 157",
			"genre": "letter",
			"period": "Neo-Assyrian",
			"provenience": "Nineveh",
			"script": "Neo-Assyrian script",
			"session": "6 Prebendaries and scholars",
			"title": "Theft of a Gold Statue of Erra"
		},
		"geometry": {
			"type": "Point",
			"coordinates": [43.151937,36.358684]
		}
	}, {
		"type": "Feature",
		"properties": {
			"id_text": "P363507",
			"designation": "CTN 4, 093",
			"genre": "incantation-ritual",
			"period": "Neo-Assyrian",
			"provenience": "Kalhu",
			"script": "Sumerian/Akkadian Bilingual",
			"session": "6 Prebendaries and scholars",
			"title": "Consecration of priest"
		},
		"geometry": {
			"type": "Point",
			"coordinates": [43.3275,36.099167]
		}
	}, {
		"type": "Feature",
		"properties": {
			"id_text": "P333952",
			"ancient_author": "Issar-la-tašiyaṭ of Arbela, Sinqiša-amur of Arbela, Remutti-Allati of Dara-ahuya, Baya of Arbela, Ilussa-amur of the Inner City, Issar-beli-da’’ini, royal votaress, Ahat-abiša of Arbela, La-dagil-ili of Arbela, and two unknown prophets",
			"date": "673-00-00",
			"designation": "SAA 09 001",
			"genre": "prophecy",
			"period": "Neo-Assyrian",
			"provenience": "Nineveh",
			"script": "Neo-Assyrian script",
			"session": "7 Dependents and hirelings",
			"title": "Oracles of Encouragement to Esarhaddon"
		},
		"geometry": {
			"type": "Point",
			"coordinates": [43.151937,36.358684]
		}
	}, {
		"type": "Feature",
		"properties": {
			"id_text": "P337152",
			"ancient_author": "Nabu-hussanni of the Inner City, Baya of Arbela, La-dagil-ili of Arbela, Urkittu-šarrat of Calah, Sinqiša-amur of Arbela, and an unknown prophet",
			"date": "679-00-00",
			"designation": "SAA 09 002",
			"genre": "prophecy",
			"period": "Neo-Assyrian",
			"provenience": "Nineveh",
			"script": "Neo-Assyrian script",
			"session": "7 Dependents and hirelings",
			"title": "Oracles Concerning Babylon and the Stabilization of the King’s Rule"
		},
		"geometry": {
			"type": "Point",
			"coordinates": [43.151937,36.358684]
		}
	}, {
		"type": "Feature",
		"properties": {
			"id_text": "P334927",
			"ancient_author": "La-dagil-ili of Arbela",
			"date": "680-00-00",
			"designation": "SAA 09 003",
			"genre": "prophecy",
			"period": "Neo-Assyrian",
			"provenience": "Nineveh",
			"script": "Neo-Assyrian script",
			"session": "7 Dependents and hirelings",
			"title": "The Covenant of Aššur"
		},
		"geometry": {
			"type": "Point",
			"coordinates": [43.151937,36.358684]
		}
	}, {
		"type": "Feature",
		"properties": {
			"id_text": "P334928",
			"ancient_author": "Mullissu-kabtat",
			"date": "674-00-00 to 671-00-00",
			"designation": "SAA 09 007",
			"genre": "prophecy",
			"period": "Neo-Assyrian",
			"provenience": "Nineveh",
			"script": "Neo-Assyrian script",
			"session": "7 Dependents and hirelings",
			"title": "Prophecies for Crown Prince Assurbanipal"
		},
		"geometry": {
			"type": "Point",
			"coordinates": [43.151937,36.358684]
		}
	}, {
		"type": "Feature",
		"properties": {
			"id_text": "P337163",
			"ancient_author": "Dunnaša-amur of Arbela",
			"date": "650-01-18",
			"designation": "SAA 09 009",
			"genre": "prophecy",
			"period": "Neo-Assyrian",
			"provenience": "Nineveh",
			"script": "Neo-Assyrian script",
			"session": "7 Dependents and hirelings",
			"title": "Words of Encouragement to Assurbanipal"
		},
		"geometry": {
			"type": "Point",
			"coordinates": [43.151937,36.358684]
		}
	}, {
		"type": "Feature",
		"properties": {
			"id_text": "P285515",
			"designation": "SAA 12 087",
			"genre": "votive donation",
			"period": "Neo-Assyrian",
			"provenience": "Assur",
			"script": "Neo-Assyrian script",
			"session": "7 Dependents and hirelings",
			"title": "Sennacherib Dedicates Personnel to the Temple of Zababa and Babu"
		},
		"geometry": {
			"type": "Point",
			"coordinates": [43.262037,35.458121]
		}
	}, {
		"type": "Feature",
		"properties": {
			"id_text": "P335553",
			"date": "*638-06-18",
			"designation": "SAA 12 092",
			"genre": "votive donation",
			"period": "Neo-Assyrian",
			"provenience": "Nineveh",
			"script": "Neo-Assyrian script",
			"session": "7 Dependents and hirelings",
			"title": "Four Men Donate a Bastard to Ninurta"
		},
		"geometry": {
			"type": "Point",
			"coordinates": [43.151937,36.358684]
		}
	}, {
		"type": "Feature",
		"properties": {
			"id_text": "P335555",
			"date": "*637-04-17?",
			"designation": "SAA 12 094",
			"genre": "votive donation",
			"period": "Neo-Assyrian",
			"provenience": "Nineveh",
			"script": "Neo-Assyrian script",
			"session": "7 Dependents and hirelings",
			"title": "The Ninurta Temple Purchases a Devotee"
		},
		"geometry": {
			"type": "Point",
			"coordinates": [43.151937,36.358684]
		}
	}, {
		"type": "Feature",
		"properties": {
			"id_text": "P336733",
			"designation": "SAA 12 095",
			"genre": "votive donation",
			"period": "Neo-Assyrian",
			"provenience": "Kalhu",
			"script": "Neo-Assyrian script",
			"session": "7 Dependents and hirelings",
			"title": "A Man Donates his two Nephews to Nabu"
		},
		"geometry": {
			"type": "Point",
			"coordinates": [43.3275,36.099167]
		}
	}, {
		"type": "Feature",
		"properties": {
			"id_text": "P336734",
			"date": "*621-07-25",
			"designation": "SAA 12 096",
			"genre": "votive donation",
			"period": "Neo-Assyrian",
			"provenience": "Kalhu",
			"script": "Neo-Assyrian script",
			"session": "7 Dependents and hirelings",
			"title": "Nabu-sakip Donates two Slaves and an Estate to Nabu"
		},
		"geometry": {
			"type": "Point",
			"coordinates": [43.3275,36.099167]
		}
	}, {
		"type": "Feature",
		"properties": {
			"id_text": "P335554",
			"date": "*634-00-11",
			"designation": "SAA 12 093",
			"genre": "votive donation",
			"period": "Neo-Assyrian",
			"provenience": "Nineveh",
			"script": "Neo-Assyrian script",
			"session": "7 Dependents and hirelings",
			"title": "Mannu-de’iq Donates his Son to Ninurta"
		},
		"geometry": {
			"type": "Point",
			"coordinates": [43.151937,36.358684]
		}
	}, {
		"type": "Feature",
		"properties": {
			"id_text": "P336797",
			"designation": "SAA 12 098",
			"genre": "votive donation",
			"period": "Neo-Assyrian",
			"provenience": "Nineveh",
			"script": "Neo-Assyrian script",
			"session": "7 Dependents and hirelings",
			"title": "Aššur-reṣuwa Donates Property and People to Nabu"
		},
		"geometry": {
			"type": "Point",
			"coordinates": [43.151937,36.358684]
		}
	}, {
		"type": "Feature",
		"properties": {
			"id_text": "P334515",
			"ancient_author": "Dadi",
			"designation": "SAA 13 019",
			"genre": "letter",
			"period": "Neo-Assyrian",
			"provenience": "Nineveh",
			"script": "Neo-Assyrian script",
			"session": "7 Dependents and hirelings",
			"title": "Recalcitrant Assyrian Shepherds"
		},
		"geometry": {
			"type": "Point",
			"coordinates": [43.151937,36.358684]
		}
	}, {
		"type": "Feature",
		"properties": {
			"id_text": "P334516",
			"ancient_author": "Dadi",
			"designation": "SAA 13 020",
			"genre": "letter",
			"period": "Neo-Assyrian",
			"provenience": "Nineveh",
			"script": "Neo-Assyrian script",
			"session": "7 Dependents and hirelings",
			"title": "Shepherds Turned Criminal"
		},
		"geometry": {
			"type": "Point",
			"coordinates": [43.151937,36.358684]
		}
	}, {
		"type": "Feature",
		"properties": {
			"id_text": "P334095",
			"ancient_author": "Adad-ahu-iddina",
			"designation": "SAA 13 037",
			"genre": "letter",
			"period": "Neo-Assyrian",
			"provenience": "Nineveh",
			"script": "Neo-Assyrian script",
			"session": "7 Dependents and hirelings",
			"title": "Shall I Let the Prophetess Take the Throne from the Temple?"
		},
		"geometry": {
			"type": "Point",
			"coordinates": [43.151937,36.358684]
		}
	}, {
		"type": "Feature",
		"properties": {
			"id_text": "P285572",
			"ancient_author": "(unassigned)",
			"designation": "SAA 13 041",
			"genre": "letter",
			"period": "Neo-Assyrian",
			"provenience": "Assur",
			"script": "Neo-Assyrian script",
			"session": "7 Dependents and hirelings",
			"title": "(no title) and envelope (= SAA 13 042)"
		},
		"geometry": {
			"type": "Point",
			"coordinates": [43.262037,35.458121]
		}
	}, {
		"type": "Feature",
		"properties": {
			"id_text": "P334153",
			"ancient_author": "Nabu-mušeṣi son of Nabu-reši-išši",
			"designation": "SAA 13 145",
			"genre": "letter",
			"period": "Neo-Assyrian",
			"provenience": "Nineveh",
			"script": "Neo-Assyrian script",
			"session": "7 Dependents and hirelings",
			"title": "The Temple Weavers are Behind on their Quota"
		},
		"geometry": {
			"type": "Point",
			"coordinates": [43.151937,36.358684]
		}
	}, {
		"type": "Feature",
		"properties": {
			"id_text": "P336800",
			"ancient_author": "Aplaya of Kurba’il",
			"designation": "SAA 13 186",
			"genre": "letter",
			"period": "Neo-Assyrian",
			"provenience": "Nineveh",
			"script": "Neo-Assyrian script",
			"session": "7 Dependents and hirelings",
			"title": "The Weavers Have Not Given the Garments"
		},
		"geometry": {
			"type": "Point",
			"coordinates": [43.151937,36.358684]
		}
	}, {
		"type": "Feature",
		"properties": {
			"id_text": "P238984",
			"ancient_author": "(unassigned)",
			"designation": "SAA 04 150",
			"genre": "extispicy query",
			"period": "Neo-Assyrian",
			"provenience": "Nineveh",
			"script": "Neo-Babylonian script",
			"session": "8 Royalty and their officials",
			"title": "Should Esarhaddon Appoint NN as ‘Bishop’?"
		},
		"geometry": {
			"type": "Point",
			"coordinates": [43.151937,36.358684]
		}
	}, {
		"type": "Feature",
		"properties": {
			"id_text": "P335855",
			"designation": "SAA 07 175",
			"genre": "administrative record",
			"period": "Neo-Assyrian",
			"provenience": "Nineveh",
			"script": "Neo-Assyrian script",
			"session": "8 Royalty and their officials",
			"title": "Animal Offerings of the Queen"
		},
		"geometry": {
			"type": "Point",
			"coordinates": [43.151937,36.358684]
		}
	}, {
		"type": "Feature",
		"properties": {
			"id_text": "P285569",
			"date": "788-12-07",
			"designation": "SAA 12 001",
			"genre": "grant",
			"period": "Neo-Assyrian",
			"provenience": "Assur",
			"script": "Neo-Assyrian script",
			"session": "8 Royalty and their officials",
			"title": "Adad-nerari III Grants Land to Aššur to Provide Offerings"
		},
		"geometry": {
			"type": "Point",
			"coordinates": [43.262037,35.458121]
		}
	}, {
		"type": "Feature",
		"properties": {
			"id_text": "P336273",
			"date": "713-03-05",
			"designation": "SAA 12 019",
			"genre": "grant",
			"period": "Neo-Assyrian",
			"provenience": "Nineveh",
			"script": "Neo-Assyrian script",
			"session": "8 Royalty and their officials",
			"title": "Sargon Renews a Land Grant of Adad-nerari to Provide Offerings for Aššur"
		},
		"geometry": {
			"type": "Point",
			"coordinates": [43.151937,36.358684]
		}
	}, {
		"type": "Feature",
		"properties": {
			"id_text": "P338361",
			"designation": "STT 1, 044",
			"genre": "grant",
			"period": "Neo-Assyrian",
			"provenience": "Huzirina",
			"script": "Akkadian",
			"session": "8 Royalty and their officials",
			"title": "royal grant"
		},
		"geometry": {
			"type": "Point",
			"coordinates": [38.9061,37.05]
		}
	}, {
		"type": "Feature",
		"properties": {
			"id_text": "P336283",
			"date": "790?-00-00",
			"designation": "SAA 12 071",
			"genre": "decree",
			"period": "Neo-Assyrian",
			"provenience": "Assur",
			"script": "Neo-Assyrian script",
			"session": "8 Royalty and their officials",
			"title": "Decree of Regular Offerings for the Aššur Temple by Adad-nerari III"
		},
		"geometry": {
			"type": "Point",
			"coordinates": [43.262037,35.458121]
		}
	}, {
		"type": "Feature",
		"properties": {
			"id_text": "P237242",
			"ancient_author": "The King to Zeruti and the Clergy of Der",
			"designation": "SAA 13 004",
			"genre": "letter",
			"period": "Neo-Assyrian",
			"provenience": "Nineveh",
			"script": "Neo-Babylonian script",
			"session": "8 Royalty and their officials",
			"title": "There will be an Intercalary Adar"
		},
		"geometry": {
			"type": "Point",
			"coordinates": [43.151937,36.358684]
		}
	}, {
		"type": "Feature",
		"properties": {
			"id_text": "P237678",
			"ancient_author": "The King to Nabu-iddina and the Clergy of Cutha",
			"designation": "SAA 13 005",
			"genre": "letter",
			"period": "Neo-Assyrian",
			"provenience": "Nineveh",
			"script": "Neo-Babylonian script",
			"session": "8 Royalty and their officials",
			"title": "There will be an Intercalary Adar"
		},
		"geometry": {
			"type": "Point",
			"coordinates": [43.151937,36.358684]
		}
	}, {
		"type": "Feature",
		"properties": {
			"id_text": "P237663",
			"ancient_author": "The King to NN",
			"designation": "SAA 13 006",
			"genre": "letter",
			"period": "Neo-Assyrian",
			"provenience": "Nineveh",
			"script": "Neo-Babylonian script",
			"session": "8 Royalty and their officials",
			"title": "Enlil will Go Out in Ayyar"
		},
		"geometry": {
			"type": "Point",
			"coordinates": [43.151937,36.358684]
		}
	}, {
		"type": "Feature",
		"properties": {
			"id_text": "P334156",
			"ancient_author": "Mutakkil-Aššur",
			"designation": "SAA 13 032",
			"genre": "letter",
			"period": "Neo-Assyrian",
			"provenience": "Nineveh",
			"script": "Neo-Assyrian script",
			"session": "8 Royalty and their officials",
			"title": "Bringing the Gods to a Treaty Ceremony"
		},
		"geometry": {
			"type": "Point",
			"coordinates": [43.151937,36.358684]
		}
	}, {
		"type": "Feature",
		"properties": {
			"id_text": "P334293",
			"ancient_author": "Urdu-Nabu",
			"designation": "SAA 13 058",
			"genre": "letter",
			"period": "Neo-Assyrian",
			"provenience": "Nineveh",
			"script": "Neo-Assyrian script",
			"session": "8 Royalty and their officials",
			"title": "An Outing for Aššur, Sin and Adad"
		},
		"geometry": {
			"type": "Point",
			"coordinates": [43.151937,36.358684]
		}
	}, {
		"type": "Feature",
		"properties": {
			"id_text": "P334651",
			"ancient_author": "Urdu-Nabu",
			"designation": "SAA 13 060",
			"genre": "letter",
			"period": "Neo-Assyrian",
			"provenience": "Nineveh",
			"script": "Neo-Assyrian script",
			"session": "8 Royalty and their officials",
			"title": "The Festival of Babylon"
		},
		"geometry": {
			"type": "Point",
			"coordinates": [43.151937,36.358684]
		}
	}, {
		"type": "Feature",
		"properties": {
			"id_text": "P334062",
			"ancient_author": "Urdu-Nabu",
			"designation": "SAA 13 061",
			"genre": "letter",
			"period": "Neo-Assyrian",
			"provenience": "Nineveh",
			"script": "Neo-Assyrian script",
			"session": "8 Royalty and their officials",
			"title": "Gold for Making Royal Statues"
		},
		"geometry": {
			"type": "Point",
			"coordinates": [43.151937,36.358684]
		}
	}, {
		"type": "Feature",
		"properties": {
			"id_text": "P334244",
			"ancient_author": "Nergal-šarrani",
			"designation": "SAA 13 076",
			"genre": "letter",
			"period": "Neo-Assyrian",
			"provenience": "Nineveh",
			"script": "Neo-Assyrian script",
			"session": "8 Royalty and their officials",
			"title": "Report to the Queen Mother about a Ritual"
		},
		"geometry": {
			"type": "Point",
			"coordinates": [43.151937,36.358684]
		}
	}, {
		"type": "Feature",
		"properties": {
			"id_text": "P334391",
			"ancient_author": "Nergal-šarrani",
			"designation": "SAA 13 077",
			"genre": "letter",
			"period": "Neo-Assyrian",
			"provenience": "Nineveh",
			"script": "Neo-Assyrian script",
			"session": "8 Royalty and their officials",
			"title": "Report to the Queen Mother about a Offering"
		},
		"geometry": {
			"type": "Point",
			"coordinates": [43.151937,36.358684]
		}
	}, {
		"type": "Feature",
		"properties": {
			"id_text": "P334253",
			"ancient_author": "Nabu-šumu-iddina (Nadinu)",
			"designation": "SAA 13 080",
			"genre": "letter",
			"period": "Neo-Assyrian",
			"provenience": "Nineveh",
			"script": "Neo-Assyrian script",
			"session": "8 Royalty and their officials",
			"title": "Request for a Personal Audience with the King"
		},
		"geometry": {
			"type": "Point",
			"coordinates": [43.151937,36.358684]
		}
	}, {
		"type": "Feature",
		"properties": {
			"id_text": "P334122",
			"ancient_author": "Iddin-Ea",
			"designation": "SAA 13 126",
			"genre": "letter",
			"period": "Neo-Assyrian",
			"provenience": "Nineveh",
			"script": "Neo-Assyrian script",
			"session": "8 Royalty and their officials",
			"title": "Expropriation of Field, House and People"
		},
		"geometry": {
			"type": "Point",
			"coordinates": [43.151937,36.358684]
		}
	}, {
		"type": "Feature",
		"properties": {
			"id_text": "P334735",
			"ancient_author": "Aššur-hamatu’a",
			"designation": "SAA 13 140",
			"genre": "letter",
			"period": "Neo-Assyrian",
			"provenience": "Nineveh",
			"script": "Neo-Assyrian script",
			"session": "8 Royalty and their officials",
			"title": "Royal Statues in the Ištar Temple"
		},
		"geometry": {
			"type": "Point",
			"coordinates": [43.151937,36.358684]
		}
	}, {
		"type": "Feature",
		"properties": {
			"id_text": "P313433",
			"ancient_author": "Aššur-hamatu’a",
			"designation": "SAA 13 141",
			"genre": "letter",
			"period": "Neo-Assyrian",
			"provenience": "Nineveh",
			"script": "Neo-Assyrian script",
			"session": "8 Royalty and their officials",
			"title": "More on Royal Statues in the Ištar Temple"
		},
		"geometry": {
			"type": "Point",
			"coordinates": [43.151937,36.358684]
		}
	}, {
		"type": "Feature",
		"properties": {
			"id_text": "P334364",
			"ancient_author": "Aplaya",
			"designation": "SAA 13 143",
			"genre": "letter",
			"period": "Neo-Assyrian",
			"provenience": "Nineveh",
			"script": "Neo-Assyrian script",
			"session": "8 Royalty and their officials",
			"title": "Exemption of the Servants of Ištar"
		},
		"geometry": {
			"type": "Point",
			"coordinates": [43.151937,36.358684]
		}
	}, {
		"type": "Feature",
		"properties": {
			"id_text": "P334766",
			"ancient_author": "(unassigned)",
			"designation": "SAA 13 149",
			"genre": "letter",
			"period": "Neo-Assyrian",
			"provenience": "Nineveh",
			"script": "Neo-Assyrian script",
			"session": "8 Royalty and their officials",
			"title": "How Will the King Meet Ištar?"
		},
		"geometry": {
			"type": "Point",
			"coordinates": [43.151937,36.358684]
		}
	}, {
		"type": "Feature",
		"properties": {
			"id_text": "P334098",
			"ancient_author": "Dadi son of Bel-remanni",
			"designation": "SAA 13 154",
			"genre": "letter",
			"period": "Neo-Assyrian",
			"provenience": "Nineveh",
			"script": "Neo-Assyrian script",
			"session": "8 Royalty and their officials",
			"title": "The Chief Victualler has Stolen My Property"
		},
		"geometry": {
			"type": "Point",
			"coordinates": [43.151937,36.358684]
		}
	}, {
		"type": "Feature",
		"properties": {
			"id_text": "P334354",
			"ancient_author": "Bel-iddina of Harran",
			"designation": "SAA 13 187",
			"genre": "letter",
			"period": "Neo-Assyrian",
			"provenience": "Nineveh",
			"script": "Neo-Assyrian script",
			"session": "8 Royalty and their officials",
			"title": "The King Had Mercy on his Servant"
		},
		"geometry": {
			"type": "Point",
			"coordinates": [43.151937,36.358684]
		}
	}, {
		"type": "Feature",
		"properties": {
			"id_text": "P314330",
			"ancient_author": "NN of Harran to the Queen Mother",
			"designation": "SAA 13 188",
			"genre": "letter",
			"period": "Neo-Assyrian",
			"provenience": "Nineveh",
			"script": "Neo-Assyrian script",
			"session": "8 Royalty and their officials",
			"title": "Thirty Talents (Plus a Few Minas) of Silver for Cultic Objects"
		},
		"geometry": {
			"type": "Point",
			"coordinates": [43.151937,36.358684]
		}
	}, {
		"type": "Feature",
		"properties": {
			"id_text": "P334218",
			"ancient_author": "Mar-Issar",
			"date": "670-06-06",
			"designation": "SAA 10 357",
			"genre": "letter",
			"period": "Neo-Assyrian",
			"provenience": "Nineveh",
			"script": "Neo-Assyrian script",
			"session": "8 Royalty and their officials",
			"title": "Interrupting the Elul Festival of Babylon"
		},
		"geometry": {
			"type": "Point",
			"coordinates": [43.151937,36.358684]
		}
	}, {
		"type": "Feature",
		"properties": {
			"id_text": "P237075",
			"ancient_author": "Bel-iddina",
			"designation": "SAA 17 043",
			"genre": "letter",
			"period": "Neo-Assyrian",
			"provenience": "Nineveh",
			"script": "Neo-Babylonian script",
			"session": "8 Royalty and their officials",
			"title": "Inspection of Work on Temples all over Babylonia"
		},
		"geometry": {
			"type": "Point",
			"coordinates": [43.151937,36.358684]
		}
	}, {
		"type": "Feature",
		"properties": {
			"id_text": "P348423",
			"date": "SE 061.05.21",
			"designation": "SpTU 1, 002",
			"genre": "historical",
			"period": "Seleucid",
			"provenience": "Uruk",
			"script": "Akkadian",
			"session": "8 Royalty and their officials",
			"title": "‘Chronicle’ of reign of Šulgi"
		},
		"geometry": {
			"type": "Point",
			"coordinates": [45.638752,31.32446]
		}
	}, {
		"type": "Feature",
		"properties": {
			"id_text": "P348424",
			"designation": "SpTU 1, 003",
			"genre": "literary",
			"period": "Seleucid",
			"provenience": "Uruk",
			"script": "Akkadian",
			"session": "8 Royalty and their officials",
			"title": "Uruk Prophecy"
		},
		"geometry": {
			"type": "Point",
			"coordinates": [45.638752,31.32446]
		}
	}, {
		"type": "Feature",
		"properties": {
			"id_text": "P392625",
			"designation": "JCS 19, 121",
			"genre": "royal inscription",
			"period": "Uncertain",
			"provenience": "Uruk",
			"script": "Akkadian",
			"session": "8 Royalty and their officials",
			"title": "Royal inscription of Simbar-šipak"
		},
		"geometry": {
			"type": "Point",
			"coordinates": [45.638752,31.32446]
		}
	}, {
		"type": "Feature",
		"properties": {
			"id_text": "P336290",
			"designation": "SAA 12 077",
			"genre": "decree",
			"period": "Neo-Assyrian",
			"provenience": "Nineveh",
			"script": "Neo-Assyrian script",
			"session": "9 Worshippers, borrowers and litigants",
			"title": "Collection of Decrees from Various Reigns"
		},
		"geometry": {
			"type": "Point",
			"coordinates": [43.151937,36.358684]
		}
	}, {
		"type": "Feature",
		"properties": {
			"id_text": "P285555",
			"designation": "SAA 12 080",
			"genre": "decree",
			"period": "Neo-Assyrian",
			"provenience": "Assur",
			"script": "Neo-Assyrian script",
			"session": "9 Worshippers, borrowers and litigants",
			"title": "Schedule of Wine Offerings by the Magnates to the Aššur Temple"
		},
		"geometry": {
			"type": "Point",
			"coordinates": [43.262037,35.458121]
		}
	}, {
		"type": "Feature",
		"properties": {
			"id_text": "P334654",
			"ancient_author": "(unassigned)",
			"designation": "SAA 13 155",
			"genre": "letter",
			"period": "Neo-Assyrian",
			"provenience": "Nineveh",
			"script": "Neo-Assyrian script",
			"session": "9 Worshippers, borrowers and litigants",
			"title": "They Should Start the Work before the Sacrifices Begin"
		},
		"geometry": {
			"type": "Point",
			"coordinates": [43.151937,36.358684]
		}
	}, {
		"type": "Feature",
		"properties": {
			"id_text": "P238518",
			"ancient_author": "Ina-teši-eṭir",
			"designation": "SAA 17 032",
			"genre": "letter",
			"period": "Neo-Assyrian",
			"provenience": "Nineveh",
			"script": "Neo-Babylonian script",
			"session": "9 Worshippers, borrowers and litigants",
			"title": "Babylonians Rejoicing and Praying for the King"
		},
		"geometry": {
			"type": "Point",
			"coordinates": [43.151937,36.358684]
		}
	}, {
		"type": "Feature",
		"properties": {
			"id_text": "P369109",
			"designation": "KAR 132",
			"genre": "incantation-ritual",
			"period": "Seleucid",
			"provenience": "Uruk",
			"script": "Akkadian",
			"session": "9 Worshippers, borrowers and litigants",
			"title": "New year ritual—Akītu procession"
		},
		"geometry": {
			"type": "Point",
			"coordinates": [45.638752,31.32446]
		}
	}, {
		"type": "Feature",
		"properties": {
			"id_text": "P363711",
			"designation": "TCL 06, 39",
			"genre": "incantation-ritual",
			"period": "Seleucid",
			"provenience": "Uruk",
			"script": "Akkadian",
			"session": "9 Worshippers, borrowers and litigants",
			"title": "New year rituals"
		},
		"geometry": {
			"type": "Point",
			"coordinates": [45.638752,31.32446]
		}
	}, {
		"type": "Feature",
		"properties": {
			"id_text": "P348702",
			"designation": "SpTU 3, 098",
			"genre": "omen",
			"period": "Seleucid",
			"provenience": "Uruk",
			"script": "Akkadian",
			"session": "9 Worshippers, borrowers and litigants",
			"title": "Šumma Alu Excerpt"
		},
		"geometry": {
			"type": "Point",
			"coordinates": [45.638752,31.32446]
		}
	}, {
		"type": "Feature",
		"properties": {
			"id_text": "P363682",
			"designation": "TCL 06, 09",
			"genre": "omen",
			"period": "Seleucid",
			"provenience": "Uruk",
			"script": "Akkadian",
			"session": "9 Worshippers, borrowers and litigants",
			"title": "Šumma Alu 120"
		},
		"geometry": {
			"type": "Point",
			"coordinates": [45.638752,31.32446]
		}
	}, {
		"type": "Feature",
		"properties": {
			"id_text": "P363523",
			"designation": "CTN 4, 109",
			"genre": "hymn-prayer",
			"period": "Neo-Assyrian",
			"provenience": "Kalhu",
			"script": "Akkadian",
			"session": "9 Worshippers, borrowers and litigants",
			"title": "Lipšur litany"
		},
		"geometry": {
			"type": "Point",
			"coordinates": [43.3275,36.099167]
		}
	}, {
		"type": "Feature",
		"properties": {
			"id_text": "P363524",
			"designation": "CTN 4, 110",
			"genre": "hymn-prayer",
			"period": "Neo-Assyrian",
			"provenience": "Kalhu",
			"script": "Akkadian",
			"session": "9 Worshippers, borrowers and litigants",
			"title": "Lipšur litany"
		},
		"geometry": {
			"type": "Point",
			"coordinates": [43.3275,36.099167]
		}
	}, {
		"type": "Feature",
		"properties": {
			"project": "saao",
			"id_text": "P336318",
			"designation": "SAA 12 068",
			"genre": "decree",
			"period": "Neo-Assyrian",
			"provenience": "Assur",
			"script": "Neo-Assyrian script",
			"session": "11 Ninurta and Ištar in Kalhu",
			"title": "Late Copy of a Decree of Tukulti-Ninurta for the Temple of Šarrat-nipha"
		},
		"geometry": {
			"type": "Point",
			"coordinates": [43.262037,35.458121]
		}
	}, {
		"type": "Feature",
		"properties": {
			"project": "saao",
			"id_text": "P335195",
			"date": "713-03-03",
			"designation": "SAA 06 006",
			"genre": "legal transaction",
			"period": "Neo-Assyrian",
			"provenience": "Nineveh",
			"script": "Neo-Assyrian script",
			"session": "11 Ninurta and Ištar in Kalhu",
			"title": "Mušallim-Issar Buys 7 Slaves (713-III-3)"
		},
		"geometry": {
			"type": "Point",
			"coordinates": [43.151937,36.358684]
		}
	}, {
		"type": "Feature",
		"properties": {
			"project": "saao",
			"id_text": "P335294",
			"date": "707-06-15",
			"designation": "SAA 06 032",
			"genre": "legal transaction",
			"period": "Neo-Assyrian",
			"provenience": "Nineveh",
			"script": "Neo-Assyrian script",
			"session": "11 Ninurta and Ištar in Kalhu",
			"title": "Gazilu Buys a Building Plot (707-VI-15)"
		},
		"geometry": {
			"type": "Point",
			"coordinates": [43.151937,36.358684]
		}
	}, {
		"type": "Feature",
		"properties": {
			"project": "saao",
			"id_text": "P335002",
			"date": "*619-02-20",
			"designation": "SAA 14 169",
			"genre": "legal transaction",
			"period": "Neo-Assyrian",
			"provenience": "Nineveh",
			"script": "Neo-Assyrian script",
			"session": "11 Ninurta and Ištar in Kalhu",
			"title": "Tuqunu-ereš Lends 8 1/3 Minas of Silver (*619-II-20)"
		},
		"geometry": {
			"type": "Point",
			"coordinates": [43.151937,36.358684]
		}
	}, {
		"type": "Feature",
		"properties": {
			"project": "saao",
			"id_text": "P335360",
			"designation": "SAA 14 207",
			"genre": "legal transaction",
			"period": "Neo-Assyrian",
			"provenience": "Nineveh",
			"script": "Neo-Assyrian script",
			"session": "11 Ninurta and Ištar in Kalhu",
			"title": "Nabu-šumu-ibni Buys Land and People"
		},
		"geometry": {
			"type": "Point",
			"coordinates": [43.151937,36.358684]
		}
	}, {
		"type": "Feature",
		"properties": {
			"project": "saao",
			"id_text": "P335530",
			"designation": "SAA 14 219",
			"genre": "legal transaction",
			"period": "Neo-Assyrian",
			"provenience": "Nineveh",
			"script": "Neo-Assyrian script",
			"session": "11 Ninurta and Ištar in Kalhu",
			"title": "Šari Buys a Field"
		},
		"geometry": {
			"type": "Point",
			"coordinates": [43.151937,36.358684]
		}
	}, {
		"type": "Feature",
		"properties": {
			"project": "saao",
			"id_text": "P335975",
			"date": "713-00-00",
			"designation": "SAA 14 464",
			"genre": "legal transaction",
			"period": "Neo-Assyrian",
			"provenience": "Nineveh",
			"script": "Neo-Assyrian script",
			"session": "11 Ninurta and Ištar in Kalhu",
			"title": "Šulmu-šarri Buys One Decare of Grazing Land (713)"
		},
		"geometry": {
			"type": "Point",
			"coordinates": [43.151937,36.358684]
		}
	}, {
		"type": "Feature",
		"properties": {
			"project": "saao",
			"id_text": "P336226",
			"designation": "SAA 03 006",
			"genre": "literary",
			"period": "Neo-Assyrian",
			"provenience": "Assur",
			"script": "Neo-Babylonian script",
			"session": "12 Nabu in Assyrian royal cities",
			"title": "Assurbanipal’s Hymn to Tašmetu and Nabû"
		},
		"geometry": {
			"type": "Point",
			"coordinates": [43.262037,35.458121]
		}
	}, {
		"type": "Feature",
		"properties": {
			"project": "saao",
			"id_text": "P334061",
			"ancient_author": "Urdu-Nabu",
			"designation": "SAA 13 056",
			"genre": "letter",
			"period": "Neo-Assyrian",
			"provenience": "Nineveh",
			"script": "Neo-Assyrian script",
			"session": "12 Nabu in Assyrian royal cities",
			"title": "Offerings for the King and his Family"
		},
		"geometry": {
			"type": "Point",
			"coordinates": [43.151937,36.358684]
		}
	}, {
		"type": "Feature",
		"properties": {
			"project": "saao",
			"id_text": "P334419",
			"ancient_author": "Urdu-Nabu",
			"designation": "SAA 13 057",
			"genre": "letter",
			"period": "Neo-Assyrian",
			"provenience": "Nineveh",
			"script": "Neo-Assyrian script",
			"session": "12 Nabu in Assyrian royal cities",
			"title": "Offerings for the Sons of the King"
		},
		"geometry": {
			"type": "Point",
			"coordinates": [43.151937,36.358684]
		}
	}, {
		"type": "Feature",
		"properties": {
			"project": "saao",
			"id_text": "P334242",
			"ancient_author": "Nergal-šarrani",
			"designation": "SAA 13 070",
			"genre": "letter",
			"period": "Neo-Assyrian",
			"provenience": "Nineveh",
			"script": "Neo-Assyrian script",
			"session": "12 Nabu in Assyrian royal cities",
			"title": "Sacred Marriage of Nabu and Tašmetu"
		},
		"geometry": {
			"type": "Point",
			"coordinates": [43.151937,36.358684]
		}
	}, {
		"type": "Feature",
		"properties": {
			"project": "saao",
			"id_text": "P334243",
			"ancient_author": "Nergal-šarrani",
			"designation": "SAA 13 071",
			"genre": "letter",
			"period": "Neo-Assyrian",
			"provenience": "Nineveh",
			"script": "Neo-Assyrian script",
			"session": "12 Nabu in Assyrian royal cities",
			"title": "Measures Against Fungus in the Nabu Temple"
		},
		"geometry": {
			"type": "Point",
			"coordinates": [43.151937,36.358684]
		}
	}, {
		"type": "Feature",
		"properties": {
			"project": "saao",
			"id_text": "P334016",
			"ancient_author": "Nabu-šumu-iddina (Nadinu)",
			"designation": "SAA 13 078",
			"genre": "letter",
			"period": "Neo-Assyrian",
			"provenience": "Nineveh",
			"script": "Neo-Assyrian script",
			"session": "12 Nabu in Assyrian royal cities",
			"title": "Preparations for the Sacred Marriage of Nabu"
		},
		"geometry": {
			"type": "Point",
			"coordinates": [43.151937,36.358684]
		}
	}, {
		"type": "Feature",
		"properties": {
			"project": "saao",
			"id_text": "P334591",
			"ancient_author": "Nabu-kudurri-[uṣur]",
			"designation": "SAA 13 130",
			"genre": "letter",
			"period": "Neo-Assyrian",
			"provenience": "Nineveh",
			"script": "Neo-Assyrian script",
			"session": "12 Nabu in Assyrian royal cities",
			"title": "Tašmetu Goes to the Festival Chapel"
		},
		"geometry": {
			"type": "Point",
			"coordinates": [43.151937,36.358684]
		}
	}, {
		"type": "Feature",
		"properties": {
			"project": "cams/gkab",
			"id_text": "P363473",
			"designation": "CTN 4, 058",
			"genre": "hemerological",
			"period": "Neo-Assyrian",
			"provenience": "Kalhu",
			"script": "Akkadian",
			"session": "12 Nabu in Assyrian royal cities",
			"title": "Tašritu hemerology"
		},
		"geometry": {
			"type": "Point",
			"coordinates": [43.3275,36.099167]
		}
	}, {
		"type": "Feature",
		"properties": {
			"project": "saao",
			"id_text": "P334930",
			"designation": "SAA 03 001",
			"genre": "literary",
			"period": "Neo-Assyrian",
			"provenience": "Nineveh",
			"script": "Neo-Babylonian script",
			"session": "13 Aššur and Marduk under Sennacherib and Esarhaddon",
			"title": "Assurbanipal’s Hymn to Aššur"
		},
		"geometry": {
			"type": "Point",
			"coordinates": [43.151937,36.358684]
		}
	}, {
		"type": "Feature",
		"properties": {
			"project": "saao",
			"id_text": "P334929",
			"designation": "SAA 03 002",
			"genre": "literary",
			"period": "Neo-Assyrian",
			"provenience": "Nineveh",
			"script": "Neo-Babylonian script",
			"session": "13 Aššur and Marduk under Sennacherib and Esarhaddon",
			"title": "Assurbanipal’s Acrostic Hymn to Marduk and Zarpanitu"
		},
		"geometry": {
			"type": "Point",
			"coordinates": [43.151937,36.358684]
		}
	}, {
		"type": "Feature",
		"properties": {
			"project": "saao",
			"id_text": "P238966",
			"ancient_author": "(unassigned)",
			"date": "668-01-23",
			"designation": "SAA 04 262",
			"genre": "extispicy query",
			"period": "Neo-Assyrian",
			"provenience": "Nineveh",
			"script": "Neo-Babylonian script",
			"session": "13 Aššur and Marduk under Sennacherib and Esarhaddon",
			"title": "Should Šamaš-šumu-ukin Escort the Statue of Marduk to Babylon?"
		},
		"geometry": {
			"type": "Point",
			"coordinates": [43.151937,36.358684]
		}
	}, {
		"type": "Feature",
		"properties": {
			"project": "saao",
			"id_text": "P336083",
			"ancient_author": "(unassigned)",
			"designation": "SAA 04 264",
			"genre": "extispicy query",
			"period": "Neo-Assyrian",
			"provenience": "Nineveh",
			"script": "Neo-Babylonian script",
			"session": "13 Aššur and Marduk under Sennacherib and Esarhaddon",
			"title": "Should the Statue of Marduk be Loaded onto a Boat?"
		},
		"geometry": {
			"type": "Point",
			"coordinates": [43.151937,36.358684]
		}
	}, {
		"type": "Feature",
		"properties": {
			"project": "saao",
			"id_text": "P336085",
			"ancient_author": "(unassigned)",
			"designation": "SAA 04 266",
			"genre": "extispicy query",
			"period": "Neo-Assyrian",
			"provenience": "Nineveh",
			"script": "Neo-Assyrian script",
			"session": "13 Aššur and Marduk under Sennacherib and Esarhaddon",
			"title": "Should Assurbanipal Appoint NN as Priest of Marduk?"
		},
		"geometry": {
			"type": "Point",
			"coordinates": [43.151937,36.358684]
		}
	}, {
		"type": "Feature",
		"properties": {
			"project": "saao",
			"id_text": "P336230",
			"designation": "SAA 03 034",
			"genre": "literary",
			"period": "Neo-Assyrian",
			"provenience": "Assur",
			"script": "Neo-Babylonian script",
			"session": "13 Aššur and Marduk under Sennacherib and Esarhaddon",
			"title": "Marduk Ordeal (Assur Version)"
		},
		"geometry": {
			"type": "Point",
			"coordinates": [43.262037,35.458121]
		}
	}, {
		"type": "Feature",
		"properties": {
			"project": "saao",
			"id_text": "P336245",
			"designation": "SAA 03 035",
			"genre": "literary",
			"period": "Neo-Assyrian",
			"provenience": "Nineveh",
			"script": "Neo-Babylonian script",
			"session": "13 Aššur and Marduk under Sennacherib and Esarhaddon",
			"title": "Marduk Ordeal (Nineveh Version)"
		},
		"geometry": {
			"type": "Point",
			"coordinates": [43.151937,36.358684]
		}
	}, {
		"type": "Feature",
		"properties": {
			"project": "saao",
			"id_text": "P336316",
			"designation": "SAA 12 086",
			"genre": "votive donation",
			"period": "Neo-Assyrian",
			"provenience": "Assur",
			"script": "Neo-Assyrian script",
			"session": "13 Aššur and Marduk under Sennacherib and Esarhaddon",
			"title": "Sennacherib Dedicates Personnel to his Newly-built  Akitu Temple"
		},
		"geometry": {
			"type": "Point",
			"coordinates": [43.262037,35.458121]
		}
	}, {
		"type": "Feature",
		"properties": {
			"project": "saao",
			"id_text": "P334096",
			"ancient_author": "Sin-na’di",
			"designation": "SAA 13 025",
			"genre": "letter",
			"period": "Neo-Assyrian",
			"provenience": "Nineveh",
			"script": "Neo-Assyrian script",
			"session": "13 Aššur and Marduk under Sennacherib and Esarhaddon",
			"title": "Arrest of Temple Thieves"
		},
		"geometry": {
			"type": "Point",
			"coordinates": [43.151937,36.358684]
		}
	}, {
		"type": "Feature",
		"properties": {
			"project": "saao",
			"id_text": "P334376",
			"ancient_author": "Sin-na’di",
			"designation": "SAA 13 026",
			"genre": "letter",
			"period": "Neo-Assyrian",
			"provenience": "Nineveh",
			"script": "Neo-Assyrian script",
			"session": "13 Aššur and Marduk under Sennacherib and Esarhaddon",
			"title": "More on the Arrest of Temple Thieves"
		},
		"geometry": {
			"type": "Point",
			"coordinates": [43.151937,36.358684]
		}
	}, {
		"type": "Feature",
		"properties": {
			"project": "saao",
			"id_text": "P334803",
			"ancient_author": "(unassigned)",
			"designation": "SAA 13 046",
			"genre": "letter",
			"period": "Neo-Assyrian",
			"provenience": "Nineveh",
			"script": "Neo-Assyrian script",
			"session": "13 Aššur and Marduk under Sennacherib and Esarhaddon",
			"title": "Where are the Sacrifices to be Performed?"
		},
		"geometry": {
			"type": "Point",
			"coordinates": [43.151937,36.358684]
		}
	}, {
		"type": "Feature",
		"properties": {
			"project": "saao",
			"id_text": "P334817",
			"ancient_author": "Aššur-hamatu’a",
			"designation": "SAA 13 139",
			"genre": "letter",
			"period": "Neo-Assyrian",
			"provenience": "Nineveh",
			"script": "Neo-Assyrian script",
			"session": "13 Aššur and Marduk under Sennacherib and Esarhaddon",
			"title": "Bel Reconciles with Mullissu"
		},
		"geometry": {
			"type": "Point",
			"coordinates": [43.151937,36.358684]
		}
	}, {
		"type": "Feature",
		"properties": {
			"project": "saao",
			"id_text": "P334324",
			"ancient_author": "Urdu-ahhešu",
			"designation": "SAA 13 161",
			"genre": "letter",
			"period": "Neo-Assyrian",
			"provenience": "Nineveh",
			"script": "Neo-Assyrian script",
			"session": "13 Aššur and Marduk under Sennacherib and Esarhaddon",
			"title": "Restoration Work on the Temples of Babylon"
		},
		"geometry": {
			"type": "Point",
			"coordinates": [43.151937,36.358684]
		}
	}, {
		"type": "Feature",
		"properties": {
			"project": "saao",
			"id_text": "P334068",
			"ancient_author": "Urdu-ahhešu",
			"designation": "SAA 13 162",
			"genre": "letter",
			"period": "Neo-Assyrian",
			"provenience": "Nineveh",
			"script": "Neo-Assyrian script",
			"session": "13 Aššur and Marduk under Sennacherib and Esarhaddon",
			"title": "Restoration Work in the Esaggil"
		},
		"geometry": {
			"type": "Point",
			"coordinates": [43.151937,36.358684]
		}
	}, {
		"type": "Feature",
		"properties": {
			"project": "saao",
			"id_text": "P334801",
			"ancient_author": "Urdu-ahhešu",
			"designation": "SAA 13 163",
			"genre": "letter",
			"period": "Neo-Assyrian",
			"provenience": "Nineveh",
			"script": "Neo-Assyrian script",
			"session": "13 Aššur and Marduk under Sennacherib and Esarhaddon",
			"title": "Plaster and Cedar Beams for the Esaggil"
		},
		"geometry": {
			"type": "Point",
			"coordinates": [43.151937,36.358684]
		}
	}, {
		"type": "Feature",
		"properties": {
			"project": "saao",
			"id_text": "P313475",
			"ancient_author": "Urdu-ahhešu",
			"designation": "SAA 13 164",
			"genre": "letter",
			"period": "Neo-Assyrian",
			"provenience": "Nineveh",
			"script": "Neo-Assyrian script",
			"session": "13 Aššur and Marduk under Sennacherib and Esarhaddon",
			"title": "Roofing Shrines in the Esaggil"
		},
		"geometry": {
			"type": "Point",
			"coordinates": [43.151937,36.358684]
		}
	}, {
		"type": "Feature",
		"properties": {
			"project": "saao",
			"id_text": "P334319",
			"ancient_author": "Urdu-ahhešu",
			"designation": "SAA 13 166",
			"genre": "letter",
			"period": "Neo-Assyrian",
			"provenience": "Nineveh",
			"script": "Neo-Assyrian script",
			"session": "13 Aššur and Marduk under Sennacherib and Esarhaddon",
			"title": "Memorandum on Affairs to be Discussed with the King"
		},
		"geometry": {
			"type": "Point",
			"coordinates": [43.151937,36.358684]
		}
	}, {
		"type": "Feature",
		"properties": {
			"project": "saao",
			"id_text": "P334067",
			"ancient_author": "Urdu-ahhešu",
			"designation": "SAA 13 168",
			"genre": "letter",
			"period": "Neo-Assyrian",
			"provenience": "Nineveh",
			"script": "Neo-Assyrian script",
			"session": "13 Aššur and Marduk under Sennacherib and Esarhaddon",
			"title": "The Restoration of Esaggil is Completed"
		},
		"geometry": {
			"type": "Point",
			"coordinates": [43.151937,36.358684]
		}
	}, {
		"type": "Feature",
		"properties": {
			"project": "saao",
			"id_text": "P336737",
			"ancient_author": "Šuma-iddin",
			"designation": "SAA 13 178",
			"genre": "letter",
			"period": "Neo-Assyrian",
			"provenience": "Nineveh",
			"script": "Neo-Babylonian script",
			"session": "13 Aššur and Marduk under Sennacherib and Esarhaddon",
			"title": "Report to Esarhaddon on Recent Events in Babylonia"
		},
		"geometry": {
			"type": "Point",
			"coordinates": [43.151937,36.358684]
		}
	}, {
		"type": "Feature",
		"properties": {
			"project": "saao",
			"id_text": "P238356",
			"ancient_author": "Šuma-iddin",
			"designation": "SAA 13 179",
			"genre": "letter",
			"period": "Neo-Assyrian",
			"provenience": "Nineveh",
			"script": "Neo-Babylonian script",
			"session": "13 Aššur and Marduk under Sennacherib and Esarhaddon",
			"title": "More About Events in Babylonia"
		},
		"geometry": {
			"type": "Point",
			"coordinates": [43.151937,36.358684]
		}
	}, {
		"type": "Feature",
		"properties": {
			"project": "saao",
			"id_text": "P313556",
			"ancient_author": "Šamaš-šumu-lešir of the Province of the Chief Cupbearer",
			"designation": "SAA 13 190",
			"genre": "letter",
			"period": "Neo-Assyrian",
			"provenience": "Nineveh",
			"script": "Neo-Assyrian script",
			"session": "13 Aššur and Marduk under Sennacherib and Esarhaddon",
			"title": "These Gods Should Go to Babylon"
		},
		"geometry": {
			"type": "Point",
			"coordinates": [43.151937,36.358684]
		}
	}, {
		"type": "Feature",
		"properties": {
			"project": "saao",
			"id_text": "P334220",
			"ancient_author": "Mar-Issar",
			"date": "671-05-02",
			"designation": "SAA 10 348",
			"genre": "letter",
			"period": "Neo-Assyrian",
			"provenience": "Nineveh",
			"script": "Neo-Assyrian script",
			"session": "13 Aššur and Marduk under Sennacherib and Esarhaddon",
			"title": "Riots in Babylon"
		},
		"geometry": {
			"type": "Point",
			"coordinates": [43.151937,36.358684]
		}
	}, {
		"type": "Feature",
		"properties": {
			"project": "saao",
			"id_text": "P313490",
			"ancient_author": "Mar-Issar",
			"date": "670-02-00 to 670-07-00",
			"designation": "SAA 10 354",
			"genre": "letter",
			"period": "Neo-Assyrian",
			"provenience": "Nineveh",
			"script": "Neo-Assyrian script",
			"session": "13 Aššur and Marduk under Sennacherib and Esarhaddon",
			"title": "Construction of Ezida and Esaggil, Adjuration of Officials"
		},
		"geometry": {
			"type": "Point",
			"coordinates": [43.151937,36.358684]
		}
	}, {
		"type": "Feature",
		"properties": {
			"project": "saao",
			"id_text": "P334219",
			"ancient_author": "Mar-Issar",
			"designation": "SAA 10 369",
			"genre": "letter",
			"period": "Neo-Assyrian",
			"provenience": "Nineveh",
			"script": "Neo-Assyrian script",
			"session": "13 Aššur and Marduk under Sennacherib and Esarhaddon",
			"title": "Greedy Governor"
		},
		"geometry": {
			"type": "Point",
			"coordinates": [43.151937,36.358684]
		}
	}, {
		"type": "Feature",
		"properties": {
			"project": "ribo",
			"id_text": "Q005391",
			"designation": "Neriglissar 6",
			"genre": "royal inscription",
			"period": "Neo-Babylonian",
			"provenience": "Sippar",
			"session": "15 Eanna and Ebabbar under the Achaemenids",
			"title": "Ziggurrat Inscription (C022)"
		},
		"geometry": {
			"type": "Point",
			"coordinates": [44.253809,33.059195]
		}
	}, {
		"type": "Feature",
		"properties": {
			"project": "ribo",
			"id_text": "Q005372",
			"designation": "Nabopolassar 13",
			"genre": "royal inscription",
			"period": "Neo-Babylonian",
			"provenience": "Sippar",
			"session": "15 Eanna and Ebabbar under the Achaemenids",
			"title": "Euphrates Inscription (C21, B7)"
		},
		"geometry": {
			"type": "Point",
			"coordinates": [44.253809,33.059195]
		}
	}, {
		"type": "Feature",
		"properties": {
			"project": "cams/gkab",
			"id_text": "P363714",
			"designation": "TCL 06, 42",
			"genre": "incantation-ritual",
			"period": "Achaemenid",
			"provenience": "Uruk",
			"script": "Akkadian",
			"session": "15 Eanna and Ebabbar under the Achaemenids",
			"title": "Ištar rituals"
		},
		"geometry": {
			"type": "Point",
			"coordinates": [45.638752,31.32446]
		}
	}, {
		"type": "Feature",
		"properties": {
			"project": "hbtin",
			"id_text": "P296411",
			"designation": "BRM 1, 99",
			"genre": "administrative record",
			"period": "Parthian",
			"provenience": "Babylon",
			"session": "17 Babylon&apos;s Esangila at the end of cuneiform culture",
			"title": "Outgoings from the temple treasury"
		},
		"geometry": {
			"type": "Point",
			"coordinates": [44.422236,32.543395]
		}
	}, {
		"type": "Feature",
		"properties": {
			"project": "cams/selbi",
			"id_text": "Q004181",
			"designation": "Anu-uballiṭ Nikarchus 1",
			"genre": "building inscription",
			"period": "Seleucid",
			"provenience": "Uruk",
			"session": "16 The Reš temple under the Seleucids"
		},
		"geometry": {
			"type": "Point",
			"coordinates": [45.638752,31.32446]
		}
	}, {
		"type": "Feature",
		"properties": {
			"project": "cams/selbi",
			"id_text": "Q004180",
			"designation": "Anu-uballiṭ Kephalon 1",
			"genre": "building inscription",
			"period": "Seleucid",
			"provenience": "Uruk",
			"session": "16 The Reš temple under the Seleucids"
		},
		"geometry": {
			"type": "Point",
			"coordinates": [45.638752,31.32446]
		}
	}, {
		"type": "Feature",
		"properties": {
			"project": "cams/gkab",
			"id_text": "P363407",
			"designation": "BRM 4, 06",
			"genre": "incantation-ritual",
			"period": "Seleucid",
			"provenience": "Uruk",
			"script": "Akkadian",
			"session": "16 The Reš temple under the Seleucids",
			"title": "Lunar eclipse rituals"
		},
		"geometry": {
			"type": "Point",
			"coordinates": [45.638752,31.32446]
		}
	}, {
		"type": "Feature",
		"properties": {
			"project": "cams/gkab",
			"id_text": "P296523",
			"date": "SE 061-04-24",
			"designation": "BRM 4, 07",
			"genre": "incantation-ritual",
			"period": "Seleucid",
			"provenience": "Uruk",
			"script": "Akkadian",
			"session": "16 The Reš temple under the Seleucids",
			"title": "New year rituals"
		},
		"geometry": {
			"type": "Point",
			"coordinates": [45.638752,31.32446]
		}
	}, {
		"type": "Feature",
		"properties": {
			"project": "cams/gkab",
			"id_text": "P363688",
			"date": "SE.117.11.26",
			"designation": "TCL 06, 15",
			"genre": "omen",
			"period": "Seleucid",
			"provenience": "Uruk",
			"script": "Akkadian",
			"session": "16 The Reš temple under the Seleucids",
			"title": "Enuma Anu Enlil catalogue"
		},
		"geometry": {
			"type": "Point",
			"coordinates": [45.638752,31.32446]
		}
	}, {
		"type": "Feature",
		"properties": {
			"project": "cams/gkab",
			"id_text": "Q002575",
			"designation": "Enuma Anu Enlil 56",
			"genre": "astronomical",
			"period": "Seleucid",
			"provenience": "Uruk",
			"session": "16 The Reš temple under the Seleucids"
		},
		"geometry": {
			"type": "Point",
			"coordinates": [45.638752,31.32446]
		}
	}, {
		"type": "Feature",
		"properties": {
			"id_text": "X800002",
			"designation": "BTT pl. 49, BM 78905",
			"genre": "scholarly work",
			"period": "Neo-Babylonian",
			"provenience": "Sippar",
			"session": "1 Introducing the temple",
			"title": "Measurements of Ebabbar"
		},
		"geometry": {
			"type": "Point",
			"coordinates": [44.253809,33.059195]
		}
	}, {
		"type": "Feature",
		"properties": {
			"id_text": "X800003",
			"ancient_author": "Nabonidus",
			"designation": "Tiara Cylinder",
			"genre": "royal inscription",
			"period": "Neo-Babylonian",
			"provenience": "Sippar",
			"script": "Neo-Babylonian script",
			"session": "2 Making and clothing the gods",
			"title": "Tiara Cylinder"
		},
		"geometry": {
			"type": "Point",
			"coordinates": [44.253809,33.059195]
		}
	}, {
		"type": "Feature",
		"properties": {
			"id_text": "X800004",
			"ancient_author": "Iddin-Nabu",
			"designation": "BM 45749",
			"genre": "scholarly work",
			"period": "Neo-Babylonian",
			"provenience": "Babylon",
			"script": "Neo-Babylonian script",
			"session": "2 Making and clothing the gods",
			"title": "Mīs Pî Ritual Tablet"
		},
		"geometry": {
			"type": "Point",
			"coordinates": [44.422236,32.543395]
		}
	}, {
		"type": "Feature",
		"properties": {
			"id_text": "X800005",
			"date": "Nbp 09.08.11 = 29 Oct 617 BC",
			"designation": "OBO 260, 1",
			"genre": "administrative record",
			"museum_no": "BM 050272",
			"period": "Neo-Babylonian",
			"provenience": "Sippar",
			"session": "2 Making and clothing the gods",
			"title": "Undyed textiles for Šamaš, Aya and Bunene"
		},
		"geometry": {
			"type": "Point",
			"coordinates": [44.253809,33.059195]
		}
	}, {
		"type": "Feature",
		"properties": {
			"id_text": "X800006",
			"date": "Nbp 17.01.03 = 30 Mar 609 BC",
			"designation": "OBO 260, 3",
			"genre": "administrative record",
			"museum_no": "BM 049268",
			"period": "Neo-Babylonian",
			"provenience": "Sippar",
			"session": "2 Making and clothing the gods",
			"title": "Undyed textiles for Šamaš, Aya and Bunene"
		},
		"geometry": {
			"type": "Point",
			"coordinates": [44.253809,33.059195]
		}
	}, {
		"type": "Feature",
		"properties": {
			"id_text": "X800007",
			"date": "Nbp --.08.12",
			"designation": "OBO 260, 9",
			"genre": "administrative record",
			"museum_no": "BM 052361",
			"period": "Neo-Babylonian",
			"provenience": "Sippar",
			"session": "2 Making and clothing the gods",
			"title": "Undyed textiles for Šamaš, Aya and Bunene"
		},
		"geometry": {
			"type": "Point",
			"coordinates": [44.253809,33.059195]
		}
	}, {
		"type": "Feature",
		"properties": {
			"id_text": "X800008",
			"date": "Nbk 05.08.20 = 28 Nov 600 BC",
			"designation": "OBO 260, 13",
			"genre": "administrative record",
			"museum_no": "BM 049580",
			"period": "Neo-Babylonian",
			"provenience": "Sippar",
			"session": "2 Making and clothing the gods",
			"title": "Bed-linen for the god Šamaš"
		},
		"geometry": {
			"type": "Point",
			"coordinates": [44.253809,33.059195]
		}
	}, {
		"type": "Feature",
		"properties": {
			"id_text": "X800009",
			"date": "Nbk 05.08.20 = 28 Nov 600 BC",
			"designation": "OBO 260, 14",
			"genre": "administrative record",
			"museum_no": "BM 078914",
			"period": "Neo-Babylonian",
			"provenience": "Sippar",
			"session": "2 Making and clothing the gods",
			"title": "Bed-linen for the god Šamaš"
		},
		"geometry": {
			"type": "Point",
			"coordinates": [44.253809,33.059195]
		}
	}, {
		"type": "Feature",
		"properties": {
			"id_text": "X800010",
			"date": "Nbk 10.06.01 = 17 Sep 595 BC",
			"designation": "OBO 260, 19",
			"genre": "administrative record",
			"museum_no": "BM 049416",
			"period": "Neo-Babylonian",
			"provenience": "Sippar",
			"session": "2 Making and clothing the gods",
			"title": "Undyed textiles for Šamaš,  Bunene and Adad"
		},
		"geometry": {
			"type": "Point",
			"coordinates": [44.253809,33.059195]
		}
	}, {
		"type": "Feature",
		"properties": {
			"project": "blms",
			"id_text": "P412188",
			"ancient_author": "Bel-apla-iddina",
			"designation": "CTMMA 2, 15",
			"genre": "hymn-prayer",
			"museum_no": "MMA 86.11.298+",
			"period": "Parthian",
			"provenience": "Babylon",
			"script": "Sumerian/Akkadian Bilingual",
			"session": "4 Praising and placating the gods",
			"title": "Šuʾila to Ninurta"
		},
		"geometry": {
			"type": "Point",
			"coordinates": [44.422236,32.543395]
		}
	}, {
		"type": "Feature",
		"properties": {
			"project": "blms",
			"id_text": "P338475",
			"designation": "STT 2, 155",
			"genre": "hymn-prayer",
			"museum_no": "51/077",
			"period": "Neo-Assyrian",
			"provenience": "Huzirina",
			"script": "Sumerian/Akkadian Bilingual",
			"session": "4 Praising and placating the gods",
			"title": "Eršema of Marduk for the balang elum gud sumun"
		},
		"geometry": {
			"type": "Point",
			"coordinates": [38.9061,37.05]
		}
	}, {
		"type": "Feature",
		"properties": {
			"project": "riao",
			"id_text": "Q004492",
			"date": "883-859",
			"designation": "Ashurnasirpal II 038",
			"genre": "royal inscription",
			"period": "Neo-Assyrian",
			"provenience": "Kalhu",
			"script": "Neo-Assyrian script",
			"session": "11 Ninurta and Ištar in Kalhu",
			"title": "RIMA 2 A.0.101.38 from the temple of Kidmuri"
		},
		"geometry": {
			"type": "Point",
			"coordinates": [43.3275,36.099167]
		}
	}, {
		"type": "Feature",
		"properties": {
			"project": "riao",
			"id_text": "Q004552",
			"date": "883-859",
			"designation": "Ashurnasirpal II 098",
			"genre": "royal inscription",
			"period": "Neo-Assyrian",
			"provenience": "Kalhu",
			"script": "Neo-Assyrian script",
			"session": "11 Ninurta and Ištar in Kalhu",
			"title": "RIMA 2 A.0.101.98 from the temple of Kidmuri"
		},
		"geometry": {
			"type": "Point",
			"coordinates": [43.3275,36.099167]
		}
	}, {
		"type": "Feature",
		"properties": {
			"project": "riao",
			"id_text": "Q004553",
			"date": "883-859",
			"designation": "Ashurnasirpal II 099",
			"genre": "royal inscription",
			"period": "Neo-Assyrian",
			"provenience": "Kalhu",
			"script": "Neo-Assyrian script",
			"session": "11 Ninurta and Ištar in Kalhu",
			"title": "RIMA 2 A.0.101.99 from the temple of Kidmuri"
		},
		"geometry": {
			"type": "Point",
			"coordinates": [43.3275,36.099167]
		}
	}, {
		"type": "Feature",
		"properties": {
			"project": "riao",
			"id_text": "Q004482",
			"date": "883-859",
			"designation": "Ashurnasirpal II 028",
			"genre": "royal inscription",
			"period": "Neo-Assyrian",
			"provenience": "Kalhu",
			"script": "Neo-Assyrian script",
			"session": "11 Ninurta and Ištar in Kalhu",
			"title": "RIMA 2 A.0.101.28 from the temple of Šarrat-niphi"
		},
		"geometry": {
			"type": "Point",
			"coordinates": [43.3275,36.099167]
		}
	}, {
		"type": "Feature",
		"properties": {
			"project": "riao",
			"id_text": "Q004486",
			"date": "883-859",
			"designation": "Ashurnasirpal II 032",
			"genre": "royal inscription",
			"period": "Neo-Assyrian",
			"provenience": "Kalhu",
			"script": "Neo-Assyrian script",
			"session": "11 Ninurta and Ištar in Kalhu",
			"title": "RIMA 2 A.0.101.32 from the temple of Šarrat-niphi"
		},
		"geometry": {
			"type": "Point",
			"coordinates": [43.3275,36.099167]
		}
	}, {
		"type": "Feature",
		"properties": {
			"project": "riao",
			"id_text": "Q004493",
			"date": "883-859",
			"designation": "Ashurnasirpal II 039",
			"genre": "royal inscription",
			"period": "Neo-Assyrian",
			"provenience": "Kalhu",
			"script": "Neo-Assyrian script",
			"session": "11 Ninurta and Ištar in Kalhu",
			"title": "RIMA 2 A.0.101.39 from the temple of Šarrat-niphi"
		},
		"geometry": {
			"type": "Point",
			"coordinates": [43.3275,36.099167]
		}
	}, {
		"type": "Feature",
		"properties": {
			"project": "saao",
			"id_text": "P334328",
			"ancient_author": "Ṭab-ṣilli-Ešarra",
			"designation": "SAA 01 106",
			"genre": "letter",
			"period": "Neo-Assyrian",
			"provenience": "Nineveh",
			"script": "Neo-Assyrian script",
			"session": "12 Nabu in Assyrian royal cities",
			"title": "A land grant to the Nabu temple of Dur-Sharruken"
		},
		"geometry": {
			"type": "Point",
			"coordinates": [43.151937,36.358684]
		}
	}, {
		"type": "Feature",
		"properties": {
			"project": "saao",
			"id_text": "P334113",
			"ancient_author": "Ina-šar-Bel-allak",
			"designation": "SAA 01 128",
			"genre": "letter",
			"period": "Neo-Assyrian",
			"provenience": "Nineveh",
			"script": "Neo-Assyrian script",
			"session": "12 Nabu in Assyrian royal cities",
			"title": "Receiving a &apos;shipment&apos; of people from Guzana"
		},
		"geometry": {
			"type": "Point",
			"coordinates": [43.151937,36.358684]
		}
	}, {
		"type": "Feature",
		"properties": {
			"project": "saao",
			"id_text": "P334729",
			"ancient_author": "Ina-šar-Bel-allak",
			"designation": "SAA 01 129",
			"genre": "letter",
			"period": "Neo-Assyrian",
			"provenience": "Nineveh",
			"script": "Neo-Assyrian script",
			"session": "12 Nabu in Assyrian royal cities",
			"title": "Providing sheep for offerings at the Nabu temple"
		},
		"geometry": {
			"type": "Point",
			"coordinates": [43.151937,36.358684]
		}
	}, {
		"type": "Feature",
		"properties": {
			"project": "cams/gkab",
			"id_text": "P363423",
			"ancient_author": "Marduk-[...]",
			"date": "787 BC",
			"designation": "CTN 4 008",
			"genre": "scholarly work",
			"period": "Neo-Assyrian",
			"provenience": "Kalhu",
			"script": "Neo-Assyrian script",
			"session": "12 Nabu in Assyrian royal cities",
			"title": "Enuma Anu Ellil varia"
		},
		"geometry": {
			"type": "Point",
			"coordinates": [43.3275,36.099167]
		}
	}, {
		"type": "Feature",
		"properties": {
			"project": "cams/gkab",
			"id_text": "P363451",
			"designation": "CTN 4 036",
			"genre": "scholarly work",
			"period": "Neo-Assyrian",
			"provenience": "Kalhu",
			"script": "Neo-Assyrian script",
			"session": "12 Nabu in Assyrian royal cities",
			"title": "Šumma Alu 013 (fungus)"
		},
		"geometry": {
			"type": "Point",
			"coordinates": [43.3275,36.099167]
		}
	}, {
		"type": "Feature",
		"properties": {
			"project": "cams/gkab",
			"id_text": "P363580",
			"designation": "CTN 4 166",
			"genre": "hymn-prayer",
			"period": "Neo-Assyrian",
			"provenience": "Kalhu",
			"script": "Neo-Assyrian script",
			"session": "12 Nabu in Assyrian royal cities",
			"title": "Šuʾilakku-prayer to Tašmetu"
		},
		"geometry": {
			"type": "Point",
			"coordinates": [43.3275,36.099167]
		}
	}, {
		"type": "Feature",
		"properties": {
			"project": "saao",
			"id_text": "P334233",
			"ancient_author": "Adad-šumu-uṣur",
			"designation": "SAA 10 202",
			"genre": "letter",
			"period": "Neo-Assyrian",
			"provenience": "Nineveh",
			"script": "Neo-Assyrian script",
			"session": "12 Nabu in Assyrian royal cities",
			"title": "Excuses for a late reply; earthquake ritual"
		},
		"geometry": {
			"type": "Point",
			"coordinates": [43.151937,36.358684]
		}
	}, {
		"type": "Feature",
		"properties": {
			"project": "saao",
			"id_text": "P313568",
			"ancient_author": "Adad-šumu-uṣur",
			"designation": "SAA 10 203",
			"genre": "letter",
			"period": "Neo-Assyrian",
			"provenience": "Nineveh",
			"script": "Neo-Assyrian script",
			"session": "12 Nabu in Assyrian royal cities",
			"title": "Never mind the earthquake; let him come!"
		},
		"geometry": {
			"type": "Point",
			"coordinates": [43.151937,36.358684]
		}
	}, {
		"type": "Feature",
		"properties": {
			"project": "saao",
			"id_text": "P333961",
			"ancient_author": "Adad-šumu-uṣur",
			"designation": "SAA 10 218",
			"genre": "letter",
			"period": "Neo-Assyrian",
			"provenience": "Nineveh",
			"script": "Neo-Assyrian script",
			"session": "12 Nabu in Assyrian royal cities",
			"title": "The king blesses his servant"
		},
		"geometry": {
			"type": "Point",
			"coordinates": [43.151937,36.358684]
		}
	}, {
		"type": "Feature",
		"properties": {
			"project": "saao",
			"id_text": "P334457",
			"ancient_author": "Adad-šumu-uṣur",
			"designation": "SAA 10 224",
			"genre": "letter",
			"period": "Neo-Assyrian",
			"provenience": "Nineveh",
			"script": "Neo-Assyrian script",
			"session": "12 Nabu in Assyrian royal cities",
			"title": "No eclipse of the sun; petition for Urad-Gula"
		},
		"geometry": {
			"type": "Point",
			"coordinates": [43.151937,36.358684]
		}
	}, {
		"type": "Feature",
		"properties": {
			"project": "saao",
			"id_text": "P333954",
			"ancient_author": "Adad-šumu-uṣur",
			"designation": "SAA 10 226",
			"genre": "letter",
			"period": "Neo-Assyrian",
			"provenience": "Nineveh",
			"script": "Neo-Assyrian script",
			"session": "12 Nabu in Assyrian royal cities",
			"title": "The king&apos;s reign is good; petition for Urad-Gula"
		},
		"geometry": {
			"type": "Point",
			"coordinates": [43.151937,36.358684]
		}
	}, {
		"type": "Feature",
		"properties": {
			"project": "saao",
			"id_text": "P334234",
			"ancient_author": "Adad-šumu-uṣur",
			"designation": "SAA 10 227",
			"genre": "letter",
			"period": "Neo-Assyrian",
			"provenience": "Nineveh",
			"script": "Neo-Assyrian script",
			"session": "12 Nabu in Assyrian royal cities",
			"title": "Thanking the king"
		},
		"geometry": {
			"type": "Point",
			"coordinates": [43.151937,36.358684]
		}
	}, {
		"type": "Feature",
		"properties": {
			"project": "saao",
			"id_text": "P333958",
			"ancient_author": "Adad-šumu-uṣur",
			"designation": "SAA 10 228",
			"genre": "letter",
			"period": "Neo-Assyrian",
			"provenience": "Nineveh",
			"script": "Neo-Assyrian script",
			"session": "12 Nabu in Assyrian royal cities",
			"title": "Thanking the king for his kindness"
		},
		"geometry": {
			"type": "Point",
			"coordinates": [43.151937,36.358684]
		}
	}, {
		"type": "Feature",
		"properties": {
			"project": "saao",
			"id_text": "P313430",
			"designation": "SAA 03 013",
			"genre": "literary",
			"period": "Neo-Assyrian",
			"provenience": "Nineveh",
			"script": "Neo-Assyrian script",
			"session": "12 Nabu in Assyrian royal cities",
			"title": "Dialogue between Ashurbanipal and Nabu"
		},
		"geometry": {
			"type": "Point",
			"coordinates": [43.151937,36.358684]
		}
	}, {
		"type": "Feature",
		"properties": {
			"project": "saao",
			"id_text": "P223388",
			"designation": "SAA 03 014",
			"genre": "literary",
			"period": "Neo-Assyrian",
			"provenience": "Nineveh",
			"script": "Neo-Assyrian script",
			"session": "12 Nabu in Assyrian royal cities",
			"title": "Love lyrics of Nabu and Tašmetu"
		},
		"geometry": {
			"type": "Point",
			"coordinates": [43.151937,36.358684]
		}
	}, {
		"type": "Feature",
		"properties": {
			"project": "saao",
			"id_text": "P336307",
			"date": "9th-7th century",
			"designation": "SAA 20 001",
			"genre": "Royal Ritual",
			"museum_no": "Ist A 00485 + Ist A 03109",
			"period": "Neo-Assyrian",
			"provenience": "Ashur",
			"script": "Neo-Assyrian",
			"session": "8 Royalty and their officials",
			"title": "Rituals on Shebat 18-22"
		},
		"geometry": {
			"type": "Point",
			"coordinates": [43.262037,35.458121]
		}
	}, {
		"type": "Feature",
		"properties": {
			"project": "saao",
			"id_text": "P336141",
			"date": "9th-7th century",
			"designation": "SAA 20 003",
			"genre": "Royal Ritual",
			"museum_no": "Ist A 00126",
			"period": "Neo-Assyrian",
			"provenience": "Ashur",
			"script": "Neo-Assyrian",
			"session": "8 Royalty and their officials",
			"title": "Rituals on Shebat 23-25"
		},
		"geometry": {
			"type": "Point",
			"coordinates": [43.262037,35.458121]
		}
	}, {
		"type": "Feature",
		"properties": {
			"project": "saao",
			"id_text": "P282526",
			"date": "7th century",
			"designation": "SAA 20 005",
			"genre": "Royal Ritual",
			"museum_no": "MRAH O.0231",
			"period": "Neo-Assyrian",
			"provenience": "Nineveh",
			"script": "Neo-Assyrian",
			"session": "8 Royalty and their officials",
			"title": "Rituals on Shebat 23"
		},
		"geometry": {
			"type": "Point",
			"coordinates": [43.151937,36.358684]
		}
	}, {
		"type": "Feature",
		"properties": {
			"project": "saao",
			"id_text": "P282609",
			"date": "9th-7th century",
			"designation": "SAA 20 007",
			"genre": "Royal Ritual",
			"museum_no": "VAT 09583 + VAT 09936 + VAT 09978",
			"period": "Neo-Assyrian",
			"provenience": "Ashur",
			"script": "Neo-Assyrian",
			"session": "8 Royalty and their officials",
			"title": "Royal Coronation Ritual"
		},
		"geometry": {
			"type": "Point",
			"coordinates": [43.262037,35.458121]
		}
	}, {
		"type": "Feature",
		"properties": {
			"project": "saao",
			"id_text": "P336139",
			"date": "668-ca. 631",
			"designation": "SAA 20 009",
			"genre": "Royal Ritual",
			"museum_no": "Ist A 00125 (+) Ist A 00181",
			"period": "Neo-Assyrian",
			"provenience": "Ashur",
			"script": "Neo-Assyrian",
			"session": "8 Royalty and their officials",
			"title": "Report on Rituals Performed by Assurbanipal in Shebat-Adar, 650"
		},
		"geometry": {
			"type": "Point",
			"coordinates": [43.262037,35.458121]
		}
	}, {
		"type": "Feature",
		"properties": {
			"project": "saao",
			"id_text": "P336309",
			"date": "668-ca. 631",
			"designation": "SAA 20 010",
			"genre": "Royal Ritual",
			"museum_no": "Ist A 00499 + Ist A 00500",
			"period": "Neo-Assyrian",
			"provenience": "Ashur",
			"script": "Neo-Assyrian",
			"session": "8 Royalty and their officials",
			"title": "Report on Rituals Performed on Shebat 17-21"
		},
		"geometry": {
			"type": "Point",
			"coordinates": [43.262037,35.458121]
		}
	}, {
		"type": "Feature",
		"properties": {
			"project": "saao",
			"id_text": "P336308",
			"date": "668-ca. 631",
			"designation": "SAA 20 011",
			"genre": "Royal Ritual",
			"museum_no": "Ist A 00413",
			"period": "Neo-Assyrian",
			"provenience": "Ashur",
			"script": "Neo-Assyrian",
			"session": "8 Royalty and their officials",
			"title": "Report on Rituals Performed on Adar 8"
		},
		"geometry": {
			"type": "Point",
			"coordinates": [43.262037,35.458121]
		}
	}, {
		"type": "Feature",
		"properties": {
			"project": "saao",
			"id_text": "P357085",
			"date": "7th century",
			"designation": "SAA 20 012",
			"genre": "Royal Ritual",
			"period": "Neo-Assyrian",
			"provenience": "Nineveh",
			"script": "Neo-Assyrian",
			"session": "4 Praising and placating the gods",
			"title": "Calendar of Psalms and Lamentations in the Aššur Temple"
		},
		"geometry": {
			"type": "Point",
			"coordinates": [43.151937,36.358684]
		}
	}, {
		"type": "Feature",
		"properties": {
			"project": "saao",
			"id_text": "P357092",
			"date": "7th century",
			"designation": "SAA 20 013",
			"genre": "Royal Ritual",
			"period": "Neo-Assyrian",
			"provenience": "Nineveh",
			"script": "Neo-Assyrian",
			"session": "4 Praising and placating the gods",
			"title": "Lamentations to Aššur on Account of Enemy Attack"
		},
		"geometry": {
			"type": "Point",
			"coordinates": [43.151937,36.358684]
		}
	}, {
		"type": "Feature",
		"properties": {
			"project": "saao",
			"id_text": "P282610",
			"date": "7th century",
			"designation": "SAA 20 029",
			"genre": "Royal Ritual",
			"museum_no": "VAT 15421",
			"period": "Neo-Assyrian",
			"provenience": "Ashur",
			"script": "Neo-Assyrian",
			"session": "9 Worshippers, borrowers and litigants",
			"title": "Initiation into the Secrets of Ištar of Heaven"
		},
		"geometry": {
			"type": "Point",
			"coordinates": [43.262037,35.458121]
		}
	}, {
		"type": "Feature",
		"properties": {
			"project": "saao",
			"id_text": "P393776",
			"date": "7th century",
			"designation": "SAA 20 034",
			"genre": "Royal Ritual",
			"period": "Neo-Assyrian",
			"provenience": "Nineveh",
			"script": "Neo-Assyrian",
			"session": "8 Royalty and their officials",
			"title": "Burial of a Queen"
		},
		"geometry": {
			"type": "Point",
			"coordinates": [43.151937,36.358684]
		}
	}, {
		"type": "Feature",
		"properties": {
			"project": "saao",
			"id_text": "P336311",
			"date": "7th century",
			"designation": "SAA 20 037",
			"genre": "Royal Ritual",
			"museum_no": "VAT 08005",
			"period": "Neo-Assyrian",
			"provenience": "Ashur",
			"script": "Neo-Assyrian",
			"session": "1 Introducing the temple",
			"title": "Temple Service Rites for All Assyria"
		},
		"geometry": {
			"type": "Point",
			"coordinates": [43.262037,35.458121]
		}
	}, {
		"type": "Feature",
		"properties": {
			"project": "saao",
			"id_text": "P338406",
			"date": "704-681",
			"designation": "SAA 20 038",
			"genre": "Royal Ritual",
			"museum_no": "AMM —",
			"period": "Neo-Assyrian",
			"provenience": "Huzirina",
			"script": "Neo-Assyrian",
			"session": "13 Aššur and Marduk under Sennacherib and Esarhaddon",
			"title": "Takultu for Sennacherib and Temple Service for Nineveh"
		},
		"geometry": {
			"type": "Point",
			"coordinates": [38.9061,37.05]
		}
	}, {
		"type": "Feature",
		"properties": {
			"project": "saao",
			"id_text": "P285518",
			"date": "7th century",
			"designation": "SAA 20 049",
			"genre": "Royal Ritual",
			"museum_no": "VAT 08675, VAT 08918, VAT 09932, VAT 13037, VAT 13815, VAT 13816, VAT 13818, VAT 13937, VAT 13997, 1881-02-04, 052, ICC pl. 76f",
			"period": "Neo-Assyrian",
			"provenience": "Ashur",
			"script": "Neo-Assyrian",
			"session": "1 Introducing the temple",
			"title": "The Gods, Shrines and Holy Palaces of Assur"
		},
		"geometry": {
			"type": "Point",
			"coordinates": [43.262037,35.458121]
		}
	}, {
		"type": "Feature",
		"properties": {
			"project": "saao",
			"id_text": "P336320",
			"date": "7th century",
			"designation": "SAA 20 050",
			"genre": "Royal Ritual",
			"museum_no": "VAT 13718",
			"period": "Neo-Assyrian",
			"provenience": "Ashur",
			"script": "Neo-Assyrian",
			"session": "6 Prebendaries and scholars",
			"title": "Duties of Priests of the Aššur Temple"
		},
		"geometry": {
			"type": "Point",
			"coordinates": [43.262037,35.458121]
		}
	}, {
		"type": "Feature",
		"properties": {
			"project": "saao",
			"id_text": "P334298",
			"ancient_author": "Ṭab-šar-Aššur",
			"designation": "SAA 01 054",
			"genre": "letter",
			"period": "Neo-Assyrian",
			"provenience": "Nineveh",
			"script": "Neo-Assyrian",
			"session": "2 Making and clothing the gods",
			"title": "Transporting Cultic Objects to Assur"
		},
		"geometry": {
			"type": "Point",
			"coordinates": [43.151937,36.358684]
		}
	}, {
		"type": "Feature",
		"properties": {
			"project": "saao",
			"id_text": "P334864",
			"ancient_author": "Ṭab-šar-Aššur",
			"designation": "SAA 01 055",
			"genre": "letter",
			"period": "Neo-Assyrian",
			"provenience": "Nineveh",
			"script": "Neo-Assyrian",
			"session": "2 Making and clothing the gods",
			"title": "Anchored at Assur"
		},
		"geometry": {
			"type": "Point",
			"coordinates": [43.151937,36.358684]
		}
	}, {
		"type": "Feature",
		"properties": {
			"project": "saao",
			"id_text": "P336209",
			"designation": "SAA 07 081",
			"genre": "letter",
			"period": "Neo-Assyrian",
			"provenience": "Nineveh",
			"script": "Neo-Assyrian",
			"session": "9 Worshippers, borrowers and litigants",
			"title": "Precious Items for the Gods"
		},
		"geometry": {
			"type": "Point",
			"coordinates": [43.151937,36.358684]
		}
	}, {
		"type": "Feature",
		"properties": {
			"project": "riao",
			"id_text": "Q004782",
			"designation": "Adad-nerari III 2002",
			"genre": "royal inscription",
			"period": "Neo-Assyrian",
			"provenience": "Kalhu",
			"script": "Neo-Assyrian script",
			"session": "5 Materialities of Temple Life",
			"title": "RIMA 3 A.0.104.2002"
		},
		"geometry": {
			"type": "Point",
			"coordinates": [43.3275,36.099167]
		}
	}, {
		"type": "Feature",
		"properties": {
			"project": "riao",
			"id_text": "Q004457",
			"designation": "Ashurnasirpal II 3",
			"genre": "royal inscription",
			"period": "Neo-Assyrian",
			"provenience": "Kalhu",
			"script": "Neo-Assyrian script",
			"session": "5 Materialities of Temple Life",
			"title": "RIMA 2 A.0.101.3"
		},
		"geometry": {
			"type": "Point",
			"coordinates": [43.3275,36.099167]
		}
	}, {
		"type": "Feature",
		"properties": {
			"project": "riao",
			"id_text": "Q004783",
			"designation": "Adad-nerari III 2003",
			"genre": "royal inscription",
			"period": "Neo-Assyrian",
			"provenience": "Kalhu",
			"script": "Neo-Assyrian script",
			"session": "9 Worshippers, borrowers and litigants",
			"title": "RIMA 3 A.0.104.2003"
		},
		"geometry": {
			"type": "Point",
			"coordinates": [43.3275,36.099167]
		}
	}, {
		"type": "Feature",
		"properties": {
			"project": "riao",
			"id_text": "Q004793",
			"designation": "Adad-nerari III 2013",
			"genre": "royal inscription",
			"period": "Neo-Assyrian",
			"provenience": "Assur",
			"script": "Neo-Assyrian script",
			"session": "9 Worshippers, borrowers and litigants",
			"title": "RIMA 3 A.0.104.2013"
		},
		"geometry": {
			"type": "Point",
			"coordinates": [43.262037,35.458121]
		}
	}, {
		"type": "Feature",
		"properties": {
			"project": "riao",
			"id_text": "Q004796",
			"designation": "Adad-nerari III 2016",
			"genre": "royal inscription",
			"period": "Neo-Assyrian",
			"provenience": "Assyria",
			"script": "Neo-Assyrian script",
			"session": "9 Worshippers, borrowers and litigants",
			"title": "RIMA 3 A.0.104.2016"
		},
		"geometry": {
			"type": "Point",
			"coordinates": [43.2,36.2]
		}
	}, {
		"type": "Feature",
		"properties": {
			"project": "rinap/rinap5",
			"id_text": "Q003781",
			"designation": "Sin-šarru-iškun 10",
			"genre": "royal inscription",
			"period": "Neo-Assyrian",
			"provenience": "Assur",
			"script": "Neo-Assyrian script",
			"session": "12 Nabu in Assyrian royal cities",
			"title": "Sin-šarru-iškun 10 (Cylinder A)"
		},
		"geometry": {
			"type": "Point",
			"coordinates": [43.262037,35.458121]
		}
	}, {
		"type": "Feature",
		"properties": {
			"project": "ribo",
			"id_text": "Q006653",
			"designation": "Cyrus II 01",
			"genre": "royal inscription",
			"period": "Achaemenid",
			"provenience": "Babylon",
			"session": "8 Royalty and their officials",
			"title": "Cyrus Cylinder"
		},
		"geometry": {
			"type": "Point",
			"coordinates": [44.422236,32.543395]
		}
	}, {
		"type": "Feature",
		"properties": {
			"project": "ribo",
			"id_text": "Q006654",
			"designation": "Cyrus II 02",
			"genre": "royal inscription",
			"period": "Achaemenid",
			"provenience": "Ur",
			"session": "15 Eanna and Ebabbar under the Achaemenids",
			"title": "Cyrus Ur Brick"
		},
		"geometry": {
			"type": "Point",
			"coordinates": [46.104748,30.961580]
		}
	}, {
		"type": "Feature",
		"properties": {
			"project": "ribo",
			"id_text": "Q006655",
			"designation": "Cyrus II 03",
			"genre": "royal inscription",
			"period": "Achaemenid",
			"provenience": "Uruk",
			"session": "15 Eanna and Ebabbar under the Achaemenids",
			"title": "Cyrus Uruk Brick"
		},
		"geometry": {
			"type": "Point",
			"coordinates": [45.638752,31.32446]
		}
	}, {
		"type": "Feature",
		"properties": {
			"project": "blms",
			"id_text": "P414290",
			"designation": "SBH 23",
			"genre": "hymn-prayer",
			"period": "Parthian",
			"provenience": "Babylon",
			"session": "4 Praising and placating the gods",
			"title": "Liturgy"
		},
		"geometry": {
			"type": "Point",
			"coordinates": [44.422236,32.543395]
		}
	}, {
		"type": "Feature",
		"properties": {
			"project": "blms",
			"id_text": "P414306",
			"designation": "SBH 40",
			"genre": "hymn-prayer",
			"period": "Parthian",
			"provenience": "Babylon",
			"session": "4 Praising and placating the gods",
			"title": "Liturgy"
		},
		"geometry": {
			"type": "Point",
			"coordinates": [44.422236,32.543395]
		}
	}, {
		"type": "Feature",
		"properties": {
			"project": "blms",
			"id_text": "P414311",
			"designation": "SBH 45",
			"genre": "hymn-prayer",
			"period": "Parthian",
			"provenience": "Babylon",
			"session": "4 Praising and placating the gods",
			"title": "Liturgy"
		},
		"geometry": {
			"type": "Point",
			"coordinates": [44.422236,32.543395]
		}
	}, {
		"type": "Feature",
		"properties": {
			"project": "blms",
			"id_text": "P414312",
			"designation": "SBH 46",
			"genre": "hymn-prayer",
			"period": "Parthian",
			"provenience": "Babylon",
			"session": "4 Praising and placating the gods",
			"title": "Liturgy"
		},
		"geometry": {
			"type": "Point",
			"coordinates": [44.422236,32.543395]
		}
	}, {
		"type": "Feature",
		"properties": {
			"project": "blms",
			"id_text": "P414317",
			"designation": "SBH 52",
			"genre": "hymn-prayer",
			"period": "Parthian",
			"provenience": "Babylon",
			"session": "4 Praising and placating the gods",
			"title": "Liturgy"
		},
		"geometry": {
			"type": "Point",
			"coordinates": [44.422236,32.543395]
		}
	}, {
		"type": "Feature",
		"properties": {
			"project": "blms",
			"id_text": "P414322",
			"designation": "SBH 57",
			"genre": "hymn-prayer",
			"period": "Parthian",
			"provenience": "Babylon",
			"session": "4 Praising and placating the gods",
			"title": "Liturgy"
		},
		"geometry": {
			"type": "Point",
			"coordinates": [44.422236,32.543395]
		}
	}, {
		"type": "Feature",
		"properties": {
			"project": "ribo",
			"id_text": "Q003810",
			"designation": "Ashurbanipal Babylonian 12",
			"genre": "royal inscription",
			"period": "Neo-Assyrian",
			"provenience": "Sippar",
			"session": "15 Eanna and Ebabbar under the Achaemenids",
			"title": "RIMB 2 B.6.32.13"
		},
		"geometry": {
			"type": "Point",
			"coordinates": [44.253809,33.059195]
		}
	}, {
		"type": "Feature",
		"properties": {
			"project": "ribo",
			"id_text": "Q006312",
			"designation": "Šamaš-šuma-ukin 2",
			"genre": "royal inscription",
			"period": "Neo-Assyrian",
			"provenience": "Sippar",
			"session": "15 Eanna and Ebabbar under the Achaemenids",
			"title": "RIMB 2 B.6.33.2"
		},
		"geometry": {
			"type": "Point",
			"coordinates": [44.253809,33.059195]
		}
	}, {
		"type": "Feature",
		"properties": {
			"project": "blms",
			"id_text": "P414154",
			"designation": "LKU 12",
			"genre": "hymn-prayer",
			"period": "Neo-Babylonian",
			"provenience": "Uruk",
			"session": "15 Eanna and Ebabbar under the Achaemenids",
			"title": "The Elevation of Ištar, Tablet III"
		},
		"geometry": {
			"type": "Point",
			"coordinates": [45.638752,31.32446]
		}
	}, {
		"type": "Feature",
		"properties": {
			"project": "cams/gkab",
			"id_text": "P348658",
			"designation": "SpTU 2, 055",
			"genre": "legal transaction",
			"period": "Neo-Babylonian",
			"provenience": "Uruk",
			"session": "15 Eanna and Ebabbar under the Achaemenids",
			"title": "Sale of field"
		},
		"geometry": {
			"type": "Point",
			"coordinates": [45.638752,31.32446]
		}
	}, {
		"type": "Feature",
		"properties": {
			"project": "cams/gkab",
			"id_text": "P348808",
			"designation": "SpTU 4. 221",
			"genre": "legal transaction",
			"period": "Neo-Babylonian",
			"provenience": "Uruk",
			"session": "15 Eanna and Ebabbar under the Achaemenids",
			"title": "Sale of prebend"
		},
		"geometry": {
			"type": "Point",
			"coordinates": [45.638752,31.32446]
		}
	}, {
		"type": "Feature",
		"properties": {
			"project": "cams/gkab",
			"id_text": "P348809",
			"designation": "SpTU 4. 222A",
			"genre": "legal transaction",
			"period": "Achaemenid",
			"provenience": "Uruk",
			"session": "15 Eanna and Ebabbar under the Achaemenids",
			"title": "Sale of prebend"
		},
		"geometry": {
			"type": "Point",
			"coordinates": [45.638752,31.32446]
		}
	}, {
		"type": "Feature",
		"properties": {
			"project": "cams/gkab",
			"id_text": "P348869",
			"designation": "SpTU 5, 287",
			"genre": "legal transaction",
			"period": "Achaemenid",
			"provenience": "Uruk",
			"session": "15 Eanna and Ebabbar under the Achaemenids",
			"title": "Sale of prebend"
		},
		"geometry": {
			"type": "Point",
			"coordinates": [45.638752,31.32446]
		}
	}, {
		"type": "Feature",
		"properties": {
			"project": "cams/gkab",
			"id_text": "P348874",
			"designation": "SpTU 5, 292",
			"genre": "legal transaction",
			"period": "Achaemenid",
			"provenience": "Uruk",
			"session": "15 Eanna and Ebabbar under the Achaemenids",
			"title": "Adoption contract"
		},
		"geometry": {
			"type": "Point",
			"coordinates": [45.638752,31.32446]
		}
	}, {
		"type": "Feature",
		"properties": {
			"project": "cams/gkab",
			"id_text": "P348881",
			"designation": "SpTU 5, 299",
			"genre": "legal transaction",
			"period": "Achaemenid",
			"provenience": "Uruk",
			"session": "15 Eanna and Ebabbar under the Achaemenids",
			"title": "Sale of field"
		},
		"geometry": {
			"type": "Point",
			"coordinates": [45.638752,31.32446]
		}
	}, {
		"type": "Feature",
		"properties": {
			"project": "cams/gkab",
			"id_text": "P363352",
			"designation": "BagM Beih. 02, 088",
			"genre": "scholarly work",
			"period": "Seleucid",
			"provenience": "Uruk",
			"session": "16 The Reš temple under the Seleucids",
			"title": "Uruk King List"
		},
		"geometry": {
			"type": "Point",
			"coordinates": [45.638752,31.32446]
		}
	}, {
		"type": "Feature",
		"properties": {
			"project": "cams/gkab",
			"id_text": "P363353",
			"date": "SE.147.02.10",
			"designation": "BagM Beih. 02, 089",
			"genre": "scholarly work",
			"period": "Seleucid",
			"provenience": "Uruk",
			"session": "16 The Reš temple under the Seleucids",
			"title": "List of sages and scholars"
		},
		"geometry": {
			"type": "Point",
			"coordinates": [45.638752,31.32446]
		}
	}, {
		"type": "Feature",
		"properties": {
			"project": "cams/gkab",
			"id_text": "P363345",
			"designation": "BagM Beih. 02, 081",
			"genre": "scholarly work",
			"period": "Seleucid",
			"provenience": "Uruk",
			"session": "16 The Reš temple under the Seleucids",
			"title": "Horoscopes"
		},
		"geometry": {
			"type": "Point",
			"coordinates": [45.638752,31.32446]
		}
	}, {
		"type": "Feature",
		"properties": {
			"project": "cams/gkab",
			"id_text": "P363346",
			"designation": "BagM Beih. 02, 082",
			"genre": "scholarly work",
			"period": "Seleucid",
			"provenience": "Uruk",
			"session": "16 The Reš temple under the Seleucids",
			"title": "Horoscope"
		},
		"geometry": {
			"type": "Point",
			"coordinates": [45.638752,31.32446]
		}
	}, {
		"type": "Feature",
		"properties": {
			"project": "cams/gkab",
			"id_text": "X001001",
			"designation": "JCS 48, 089",
			"genre": "scholarly work",
			"period": "Seleucid",
			"provenience": "Uruk",
			"session": "16 The Reš temple under the Seleucids",
			"title": "Horoscope"
		},
		"geometry": {
			"type": "Point",
			"coordinates": [45.638752,31.32446]
		}
	}, {
		"type": "Feature",
		"properties": {
			"project": "cams/gkab",
			"id_text": "P363269",
			"designation": "BagM Beih. 02, 005",
			"genre": "scholarly work",
			"period": "Seleucid",
			"provenience": "Uruk",
			"session": "16 The Reš temple under the Seleucids",
			"title": "Kettledrum rituals"
		},
		"geometry": {
			"type": "Point",
			"coordinates": [45.638752,31.32446]
		}
	}, {
		"type": "Feature",
		"properties": {
			"project": "cams/gkab",
			"id_text": "P363270",
			"designation": "BagM Beih. 02, 006",
			"genre": "scholarly work",
			"period": "Seleucid",
			"provenience": "Uruk",
			"session": "16 The Reš temple under the Seleucids",
			"title": "Kettledrum rituals; incantation"
		},
		"geometry": {
			"type": "Point",
			"coordinates": [45.638752,31.32446]
		}
	}, {
		"type": "Feature",
		"properties": {
			"project": "cams/gkab",
			"id_text": "P363716",
			"designation": "TCL 06, 44",
			"genre": "incantation-ritual",
			"period": "Seleucid",
			"provenience": "Uruk",
			"session": "16 The Reš temple under the Seleucids",
			"title": "Kettledrum rituals"
		},
		"geometry": {
			"type": "Point",
			"coordinates": [45.638752,31.32446]
		}
	}, {
		"type": "Feature",
		"properties": {
			"project": "cams/gkab",
			"id_text": "P363685",
			"designation": "TCL 06, 12+",
			"genre": "scholarly work",
			"period": "Seleucid",
			"provenience": "Uruk",
			"session": "16 The Reš temple under the Seleucids",
			"title": "Microzodiac"
		},
		"geometry": {
			"type": "Point",
			"coordinates": [45.638752,31.32446]
		}
	}, {
		"type": "Feature",
		"properties": {
			"project": "cams/gkab",
			"id_text": "P363689",
			"designation": "TCL 06, 16",
			"genre": "omen",
			"period": "Seleucid",
			"provenience": "Uruk",
			"session": "16 The Reš temple under the Seleucids",
			"title": "Enuma Anu Ellil Tablet 56"
		},
		"geometry": {
			"type": "Point",
			"coordinates": [45.638752,31.32446]
		}
	}, {
		"type": "Feature",
		"properties": {
			"project": "cams/gkab",
			"id_text": "P363690",
			"designation": "TCL 06, 17",
			"genre": "omen",
			"period": "Seleucid",
			"provenience": "Uruk",
			"session": "16 The Reš temple under the Seleucids",
			"title": "Enuma Anu Ellil Tablet 8 Commentary"
		},
		"geometry": {
			"type": "Point",
			"coordinates": [45.638752,31.32446]
		}
	}, {
		"type": "Feature",
		"properties": {
			"project": "cams/gkab",
			"id_text": "P342169",
			"designation": "BagM Beih. 02, 115",
			"genre": "legal transaction",
			"period": "Seleucid",
			"provenience": "Uruk",
			"session": "16 The Reš temple under the Seleucids",
			"title": "Distribution of meat from kalû&apos;s prebend"
		},
		"geometry": {
			"type": "Point",
			"coordinates": [45.638752,31.32446]
		}
	}, {
		"type": "Feature",
		"properties": {
			"project": "cams/gkab",
			"id_text": "P342426",
			"designation": "SpTU 1, 118",
			"genre": "legal transaction",
			"period": "Seleucid",
			"provenience": "Uruk",
			"session": "16 The Reš temple under the Seleucids",
			"title": "sale of materials for prebendary brewing"
		},
		"geometry": {
			"type": "Point",
			"coordinates": [45.638752,31.32446]
		}
	}, {
		"type": "Feature",
		"properties": {
			"project": "cams/gkab",
			"id_text": "P348890",
			"designation": "SpTU 5, 308",
			"genre": "legal transaction",
			"period": "Seleucid",
			"provenience": "Uruk",
			"session": "16 The Reš temple under the Seleucids",
			"title": "loan of dates for prebendary brewing"
		},
		"geometry": {
			"type": "Point",
			"coordinates": [45.638752,31.32446]
		}
	}, {
		"type": "Feature",
		"properties": {
			"project": "hbtin",
			"id_text": "P296693",
			"designation": "BRM 2, 17",
			"genre": "administrative record",
			"period": "Seleucid",
			"provenience": "Uruk",
			"session": "16 The Reš temple under the Seleucids",
			"title": "palace workers for temple replairs"
		},
		"geometry": {
			"type": "Point",
			"coordinates": [45.638752,31.32446]
		}
	}, {
		"type": "Feature",
		"properties": {
			"project": "hbtin",
			"id_text": "P342253",
			"designation": "BiMes 4, 47",
			"genre": "legal transaction",
			"period": "Seleucid",
			"provenience": "Uruk",
			"session": "16 The Reš temple under the Seleucids",
			"title": "quitclaim for kalû&apos;s prebend"
		},
		"geometry": {
			"type": "Point",
			"coordinates": [45.638752,31.32446]
		}
	}, {
		"type": "Feature",
		"properties": {
			"project": "hbtin",
			"id_text": "P342274",
			"designation": "HANE/M 8, 148",
			"genre": "legal transaction",
			"period": "Seleucid",
			"provenience": "Uruk",
			"session": "16 The Reš temple under the Seleucids",
			"title": "sale of shares in ašipu&apos;s prebend"
		},
		"geometry": {
			"type": "Point",
			"coordinates": [45.638752,31.32446]
		}
	}, {
		"type": "Feature",
		"properties": {
			"project": "hbtin",
			"id_text": "P303119",
			"designation": "YOS 20, 35",
			"genre": "administrative record",
			"period": "Seleucid",
			"provenience": "Uruk",
			"session": "16 The Reš temple under the Seleucids",
			"title": "list of gold artefacts from treasury"
		},
		"geometry": {
			"type": "Point",
			"coordinates": [45.638752,31.32446]
		}
	}, {
		"type": "Feature",
		"properties": {
			"project": "hbtin",
			"id_text": "P303991",
			"designation": "YOS 20, 84",
			"genre": "legal transaction",
			"period": "Seleucid",
			"provenience": "Uruk",
			"session": "16 The Reš temple under the Seleucids",
			"title": "sale of shares in ašipu&apos;s prebend"
		},
		"geometry": {
			"type": "Point",
			"coordinates": [45.638752,31.32446]
		}
	}]
}
