{
	"type": "FeatureCollection",
	"features": [{
		"type": "Feature",
		"properties": {
			"id_composite": "Q004606",
			"cdli_id": "P463784",
			"collection": "Iraq Museum, Baghdad, Iraq",
			"credits": "Based on A. Kirk Grayson, Assyrian Rulers of the Early First Millennium BC II (858-745 BC) (RIMA 3), Toronto, 1996. Adapted by Jamie Novotny (2016) and lemmatized and updated by Nathan Morello (2016) for the Munich Open-access Cuneiform Corpus Initiative (MOCCI), a corpus-building initiative funded by LMU Munich and the Alexander von Humboldt Foundation (through the establishment of the Alexander von Humboldt Chair for Ancient History of the Near and Middle East) and based at the Historisches Seminar - Abteilung Alte Geschichte of Ludwig-Maximilians-Universität München. The annotated edition is released under the Creative Commons Attribution Share-Alike license 3.0. Please cite this page as http://oracc.org/riao/Q004606/.",
			"date_of_origin": "858-824",
			"designation": "Shalmaneser III 001",
			"display_name": "RIAo Shalmaneser III 001",
			"dynastic_seat": "Assyria",
			"exemplars": "IM 060636 (ND 06237)",
			"genre": "Royal Inscription",
			"language": "Akkadian",
			"material": "stone",
			"object_type": "slab",
			"period": "Neo-Assyrian",
			"pleiades_id": "894019",
			"popular_name": "RIMA 3 A.0.102.1",
			"primary_publication": "Shalmaneser III 001",
			"provenience": "Nimrud (Kalhu)",
			"ruler": "Shalmaneser III",
			"script": "Neo-Assyrian",
			"script_remarks": "inscribed",
			"script_type": "Cuneiform",
			"subgenre": "Shalmaneser III",
			"supergenre": "LIT"
		},
		"geometry": {
			"type": "Point",
			"coordinates": [43.3275,36.099167]
		}
	}, {
		"type": "Feature",
		"properties": {
			"id_composite": "Q004607",
			"cdli_id": "P463785",
			"collection": "British Museum, London, UK; Birmingham Museums and Art Gallery, Birmingham, UK",
			"credits": "Based on A. Kirk Grayson, Assyrian Rulers of the Early First Millennium BC II (858-745 BC) (RIMA 3), Toronto, 1996. Adapted by Jamie Novotny (2016) and lemmatized and updated by Nathan Morello (2016) for the Munich Open-access Cuneiform Corpus Initiative (MOCCI), a corpus-building initiative funded by LMU Munich and the Alexander von Humboldt Foundation (through the establishment of the Alexander von Humboldt Chair for Ancient History of the Near and Middle East) and based at the Historisches Seminar - Abteilung Alte Geschichte of Ludwig-Maximilians-Universität München. The annotated edition is released under the Creative Commons Attribution Share-Alike license 3.0. Please cite this page as http://oracc.org/riao/Q004607/.",
			"date_of_origin": "858-824",
			"designation": "Shalmaneser III 002",
			"display_name": "RIAo Shalmaneser III 002",
			"dynastic_seat": "Assyria",
			"exemplars": "BM 118884; Mahmud and Black, Sumer 44 pp. 135–150; BCM 0225-078",
			"genre": "Royal Inscription",
			"language": "Akkadian",
			"material": "stone",
			"object_type": "stele, slab",
			"period": "Neo-Assyrian",
			"pleiades_id": "894019",
			"popular_name": "RIMA 3 A.0.102.2",
			"primary_publication": "Shalmaneser III 002",
			"provenience": "Kurkh",
			"ruler": "Shalmaneser III",
			"script": "Neo-Assyrian",
			"script_remarks": "inscribed",
			"script_type": "Cuneiform",
			"subgenre": "Shalmaneser III",
			"supergenre": "LIT"
		},
		"geometry": {
			"type": "Point",
			"coordinates": [40.539708,37.825989]
		}
	}, {
		"type": "Feature",
		"properties": {
			"id_composite": "Q004608",
			"cdli_id": "P463786",
			"credits": "Based on A. Kirk Grayson, Assyrian Rulers of the Early First Millennium BC II (858-745 BC) (RIMA 3), Toronto, 1996. Adapted by Jamie Novotny (2016) and lemmatized and updated by Nathan Morello (2016) for the Munich Open-access Cuneiform Corpus Initiative (MOCCI), a corpus-building initiative funded by LMU Munich and the Alexander von Humboldt Foundation (through the establishment of the Alexander von Humboldt Chair for Ancient History of the Near and Middle East) and based at the Historisches Seminar - Abteilung Alte Geschichte of Ludwig-Maximilians-Universität München. The annotated edition is released under the Creative Commons Attribution Share-Alike license 3.0. Please cite this page as http://oracc.org/riao/Q004608/.",
			"date_of_origin": "858-824",
			"designation": "Shalmaneser III 003",
			"display_name": "RIAo Shalmaneser III 003",
			"dynastic_seat": "Assyria",
			"exemplars": "Mahmud and Black, Sumer 44 pp. 135–150",
			"genre": "Royal Inscription",
			"language": "Akkadian",
			"material": "stone",
			"object_type": "slab",
			"period": "Neo-Assyrian",
			"pleiades_id": "894019",
			"popular_name": "RIMA 3 A.0.102.3",
			"primary_publication": "Shalmaneser III 003",
			"provenience": "Nimrud (Kalhu)",
			"ruler": "Shalmaneser III",
			"script": "Neo-Assyrian",
			"script_remarks": "inscribed",
			"script_type": "Cuneiform",
			"subgenre": "Shalmaneser III",
			"supergenre": "LIT"
		},
		"geometry": {
			"type": "Point",
			"coordinates": [43.3275,36.099167]
		}
	}, {
		"type": "Feature",
		"properties": {
			"id_composite": "Q004609",
			"cdli_id": "P463787",
			"collection": "National Museum of Syria, Aleppo, Syria",
			"credits": "Based on A. Kirk Grayson, Assyrian Rulers of the Early First Millennium BC II (858-745 BC) (RIMA 3), Toronto, 1996. Adapted by Jamie Novotny (2016) and lemmatized and updated by Nathan Morello (2016) for the Munich Open-access Cuneiform Corpus Initiative (MOCCI), a corpus-building initiative funded by LMU Munich and the Alexander von Humboldt Foundation (through the establishment of the Alexander von Humboldt Chair for Ancient History of the Near and Middle East) and based at the Historisches Seminar - Abteilung Alte Geschichte of Ludwig-Maximilians-Universität München. The annotated edition is released under the Creative Commons Attribution Share-Alike license 3.0. Please cite this page as http://oracc.org/riao/Q004609/.",
			"date_of_origin": "858-824",
			"designation": "Shalmaneser III 004",
			"display_name": "RIAo Shalmaneser III 004",
			"dynastic_seat": "Assyria",
			"exemplars": "NMSA -",
			"genre": "Royal Inscription",
			"language": "Akkadian",
			"material": "stone",
			"object_type": "slab",
			"period": "Neo-Assyrian",
			"pleiades_id": "658410",
			"popular_name": "RIMA 3 A.0.102.4",
			"primary_publication": "Shalmaneser III 004",
			"provenience": "Tell Ahmar (Til Barsip)",
			"ruler": "Shalmaneser III",
			"script": "Neo-Assyrian",
			"script_remarks": "inscribed",
			"script_type": "Cuneiform",
			"subgenre": "Shalmaneser III",
			"supergenre": "LIT"
		},
		"geometry": {
			"type": "Point",
			"coordinates": [38.1191944, 36.6749623]
		}
	}, {
		"type": "Feature",
		"properties": {
			"id_composite": "Q004610",
			"cdli_id": "P463788",
			"collection": "British Museum, London, UK",
			"credits": "Based on A. Kirk Grayson, Assyrian Rulers of the Early First Millennium BC II (858-745 BC) (RIMA 3), Toronto, 1996. Adapted by Jamie Novotny (2016) and lemmatized and updated by Nathan Morello (2016) for the Munich Open-access Cuneiform Corpus Initiative (MOCCI), a corpus-building initiative funded by LMU Munich and the Alexander von Humboldt Foundation (through the establishment of the Alexander von Humboldt Chair for Ancient History of the Near and Middle East) and based at the Historisches Seminar - Abteilung Alte Geschichte of Ludwig-Maximilians-Universität München. The annotated edition is released under the Creative Commons Attribution Share-Alike license 3.0. Please cite this page as http://oracc.org/riao/Q004610/.",
			"date_of_origin": "858-824",
			"designation": "Shalmaneser III 005",
			"display_name": "RIAo Shalmaneser III 005",
			"dynastic_seat": "Assyria",
			"exemplars": "BM 124667 + BM 128156 (Rm 1047); BM 124665 + BM 124666 (Rm 1046)",
			"genre": "Royal Inscription",
			"language": "Akkadian",
			"material": "metal",
			"object_type": "door covering",
			"period": "Neo-Assyrian",
			"pleiades_id": "90032637",
			"popular_name": "RIMA 3 A.0.102.5",
			"primary_publication": "Shalmaneser III 005",
			"provenience": "Balawat (Imgur-Enlil)",
			"ruler": "Shalmaneser III",
			"script": "Neo-Assyrian",
			"script_remarks": "inscribed",
			"script_type": "Cuneiform",
			"subgenre": "Shalmaneser III",
			"supergenre": "LIT"
		},
		"geometry": {
			"type": "Point",
			"coordinates": [43.414221,36.221946]
		}
	}, {
		"type": "Feature",
		"properties": {
			"id_composite": "Q004611",
			"cdli_id": "P463789",
			"collection": "Iraq Museum, Baghdad, Iraq; Vorderasiatisches Museum, Berlin, Germany; Musée d’Art et d’Histoire, Geneva, Switzerland; British Museum, London, UK; Private Collection: Unknown, Unknown",
			"credits": "Based on A. Kirk Grayson, Assyrian Rulers of the Early First Millennium BC II (858-745 BC) (RIMA 3), Toronto, 1996. Adapted by Jamie Novotny (2016) and lemmatized and updated by Nathan Morello (2016) for the Munich Open-access Cuneiform Corpus Initiative (MOCCI), a corpus-building initiative funded by LMU Munich and the Alexander von Humboldt Foundation (through the establishment of the Alexander von Humboldt Chair for Ancient History of the Near and Middle East) and based at the Historisches Seminar - Abteilung Alte Geschichte of Ludwig-Maximilians-Universität München. The annotated edition is released under the Creative Commons Attribution Share-Alike license 3.0. Please cite this page as http://oracc.org/riao/Q004611/.",
			"date_of_origin": "858-824",
			"designation": "Shalmaneser III 006",
			"display_name": "RIAo Shalmaneser III 006",
			"dynastic_seat": "Assyria",
			"exemplars": "IM 054669; VAT 09568 (Ass 21255); VAT 09559 (Ass 08475); VAT 09651; VAT 09553 (Ass 14627); MAH 10827; K 03106; VAT 09625; MAH 10830; VAT 09536 (Ass 12343); ND 04369; Private Collection",
			"genre": "Royal Inscription",
			"language": "Akkadian",
			"material": "clay",
			"object_type": "tablet",
			"period": "Neo-Assyrian",
			"pleiades_id": "893945",
			"popular_name": "RIMA 3 A.0.102.6",
			"primary_publication": "Shalmaneser III 006",
			"provenience": "Qalat Sherqat (Assur)",
			"ruler": "Shalmaneser III",
			"script": "Neo-Assyrian",
			"script_remarks": "inscribed",
			"script_type": "Cuneiform",
			"subgenre": "Shalmaneser III",
			"supergenre": "LIT"
		},
		"geometry": {
			"type": "Point",
			"coordinates": [43.262037,35.458121]
		}
	}, {
		"type": "Feature",
		"properties": {
			"id_composite": "Q004612",
			"cdli_id": "P463790",
			"credits": "Based on A. Kirk Grayson, Assyrian Rulers of the Early First Millennium BC II (858-745 BC) (RIMA 3), Toronto, 1996. Adapted by Jamie Novotny (2016) and lemmatized and updated by Nathan Morello (2016) for the Munich Open-access Cuneiform Corpus Initiative (MOCCI), a corpus-building initiative funded by LMU Munich and the Alexander von Humboldt Foundation (through the establishment of the Alexander von Humboldt Chair for Ancient History of the Near and Middle East) and based at the Historisches Seminar - Abteilung Alte Geschichte of Ludwig-Maximilians-Universität München. The annotated edition is released under the Creative Commons Attribution Share-Alike license 3.0. Please cite this page as http://oracc.org/riao/Q004612/.",
			"date_of_origin": "858-824",
			"designation": "Shalmaneser III 007",
			"display_name": "RIAo Shalmaneser III 007",
			"dynastic_seat": "Assyria",
			"exemplars": "ND 04369",
			"genre": "Royal Inscription",
			"language": "Akkadian",
			"material": "clay",
			"object_type": "tablet",
			"period": "Neo-Assyrian",
			"pleiades_id": "894019",
			"popular_name": "RIMA 3 A.0.102.7",
			"primary_publication": "Shalmaneser III 007",
			"provenience": "Nimrud (Kalhu)",
			"ruler": "Shalmaneser III",
			"script": "Neo-Assyrian",
			"script_remarks": "inscribed",
			"script_type": "Cuneiform",
			"subgenre": "Shalmaneser III",
			"supergenre": "LIT"
		},
		"geometry": {
			"type": "Point",
			"coordinates": [43.3275,36.099167]
		}
	}, {
		"type": "Feature",
		"properties": {
			"id_composite": "Q004613",
			"cdli_id": "P463791",
			"collection": "Arkeoloji Müzeleri, Istanbul, Turkey",
			"credits": "Based on A. Kirk Grayson, Assyrian Rulers of the Early First Millennium BC II (858-745 BC) (RIMA 3), Toronto, 1996. Adapted by Jamie Novotny (2016) and lemmatized and updated by Nathan Morello (2016) for the Munich Open-access Cuneiform Corpus Initiative (MOCCI), a corpus-building initiative funded by LMU Munich and the Alexander von Humboldt Foundation (through the establishment of the Alexander von Humboldt Chair for Ancient History of the Near and Middle East) and based at the Historisches Seminar - Abteilung Alte Geschichte of Ludwig-Maximilians-Universität München. The annotated edition is released under the Creative Commons Attribution Share-Alike license 3.0. Please cite this page as http://oracc.org/riao/Q004613/.",
			"date_of_origin": "858-824",
			"designation": "Shalmaneser III 008",
			"display_name": "RIAo Shalmaneser III 008",
			"dynastic_seat": "Assyria",
			"exemplars": "ICC 12–16 Bull no. 1;  ICC 13, 46–47 Bull no. 2; 3 R pl. 5 no. 6; Ist EŞEM 06697",
			"genre": "Royal Inscription",
			"language": "Akkadian",
			"material": "stone",
			"object_type": "bull colossus",
			"period": "Neo-Assyrian",
			"pleiades_id": "894019",
			"popular_name": "RIMA 3 A.0.102.8",
			"primary_publication": "Shalmaneser III 008",
			"provenience": "Nimrud (Kalhu)",
			"ruler": "Shalmaneser III",
			"script": "Neo-Assyrian",
			"script_remarks": "inscribed",
			"script_type": "Cuneiform",
			"subgenre": "Shalmaneser III",
			"supergenre": "LIT"
		},
		"geometry": {
			"type": "Point",
			"coordinates": [43.3275,36.099167]
		}
	}, {
		"type": "Feature",
		"properties": {
			"id_composite": "Q004614",
			"cdli_id": "P463792",
			"collection": "Walters Art Museum, Baltimore, Maryland, USA",
			"credits": "Based on A. Kirk Grayson, Assyrian Rulers of the Early First Millennium BC II (858-745 BC) (RIMA 3), Toronto, 1996. Adapted by Jamie Novotny (2016) and lemmatized and updated by Nathan Morello (2016) for the Munich Open-access Cuneiform Corpus Initiative (MOCCI), a corpus-building initiative funded by LMU Munich and the Alexander von Humboldt Foundation (through the establishment of the Alexander von Humboldt Chair for Ancient History of the Near and Middle East) and based at the Historisches Seminar - Abteilung Alte Geschichte of Ludwig-Maximilians-Universität München. The annotated edition is released under the Creative Commons Attribution Share-Alike license 3.0. Please cite this page as http://oracc.org/riao/Q004614/.",
			"date_of_origin": "858-824",
			"designation": "Shalmaneser III 009",
			"display_name": "RIAo Shalmaneser III 009",
			"dynastic_seat": "Assyria",
			"exemplars": "WAM 41.0162",
			"genre": "Royal Inscription",
			"language": "Akkadian",
			"material": "stone",
			"object_type": "stele",
			"period": "Neo-Assyrian",
			"pleiades_id": "893945",
			"popular_name": "RIMA 3 A.0.102.9",
			"primary_publication": "Shalmaneser III 009",
			"provenience": "Qalat Sherqat (Assur)",
			"ruler": "Shalmaneser III",
			"script": "Neo-Assyrian",
			"script_remarks": "inscribed",
			"script_type": "Cuneiform",
			"subgenre": "Shalmaneser III",
			"supergenre": "LIT"
		},
		"geometry": {
			"type": "Point",
			"coordinates": [43.262037,35.458121]
		}
	}, {
		"type": "Feature",
		"properties": {
			"id_composite": "Q004615",
			"cdli_id": "P463793",
			"collection": "Iraq Museum, Baghdad, Iraq; Arkeoloji Müzeleri, Istanbul, Turkey",
			"credits": "Based on A. Kirk Grayson, Assyrian Rulers of the Early First Millennium BC II (858-745 BC) (RIMA 3), Toronto, 1996. Adapted by Jamie Novotny (2016) and lemmatized and updated by Nathan Morello (2016) for the Munich Open-access Cuneiform Corpus Initiative (MOCCI), a corpus-building initiative funded by LMU Munich and the Alexander von Humboldt Foundation (through the establishment of the Alexander von Humboldt Chair for Ancient History of the Near and Middle East) and based at the Historisches Seminar - Abteilung Alte Geschichte of Ludwig-Maximilians-Universität München. The annotated edition is released under the Creative Commons Attribution Share-Alike license 3.0. Please cite this page as http://oracc.org/riao/Q004615/.",
			"date_of_origin": "858-824",
			"designation": "Shalmaneser III 010",
			"display_name": "RIAo Shalmaneser III 010",
			"dynastic_seat": "Assyria",
			"exemplars": "IM 055644; Ass 00862 + Ass 00873; Ist A 00659 (Ass 08558)",
			"genre": "Royal Inscription",
			"language": "Akkadian",
			"material": "stone",
			"object_type": "tablet",
			"period": "Neo-Assyrian",
			"pleiades_id": "893945",
			"popular_name": "RIMA 3 A.0.102.10",
			"primary_publication": "Shalmaneser III 010",
			"provenience": "Qalat Sherqat (Assur)",
			"ruler": "Shalmaneser III",
			"script": "Neo-Assyrian",
			"script_remarks": "inscribed",
			"script_type": "Cuneiform",
			"subgenre": "Shalmaneser III",
			"supergenre": "LIT"
		},
		"geometry": {
			"type": "Point",
			"coordinates": [43.262037,35.458121]
		}
	}, {
		"type": "Feature",
		"properties": {
			"id_composite": "Q004616",
			"cdli_id": "P463794",
			"credits": "Based on A. Kirk Grayson, Assyrian Rulers of the Early First Millennium BC II (858-745 BC) (RIMA 3), Toronto, 1996. Adapted by Jamie Novotny (2016) and lemmatized and updated by Nathan Morello (2016) for the Munich Open-access Cuneiform Corpus Initiative (MOCCI), a corpus-building initiative funded by LMU Munich and the Alexander von Humboldt Foundation (through the establishment of the Alexander von Humboldt Chair for Ancient History of the Near and Middle East) and based at the Historisches Seminar - Abteilung Alte Geschichte of Ludwig-Maximilians-Universität München. The annotated edition is released under the Creative Commons Attribution Share-Alike license 3.0. Please cite this page as http://oracc.org/riao/Q004616/.",
			"date_of_origin": "858-824",
			"designation": "Shalmaneser III 011",
			"display_name": "RIAo Shalmaneser III 011",
			"dynastic_seat": "Assyria",
			"exemplars": "Ass 20739",
			"genre": "Royal Inscription",
			"language": "Akkadian",
			"material": "stone",
			"object_type": "slab",
			"period": "Neo-Assyrian",
			"pleiades_id": "893945",
			"popular_name": "RIMA 3 A.0.102.11",
			"primary_publication": "Shalmaneser III 011",
			"provenience": "Qalat Sherqat (Assur)",
			"ruler": "Shalmaneser III",
			"script": "Neo-Assyrian",
			"script_remarks": "inscribed",
			"script_type": "Cuneiform",
			"subgenre": "Shalmaneser III",
			"supergenre": "LIT"
		},
		"geometry": {
			"type": "Point",
			"coordinates": [43.262037,35.458121]
		}
	}, {
		"type": "Feature",
		"properties": {
			"id_composite": "Q004617",
			"cdli_id": "P463795",
			"collection": "Iraq Museum, Baghdad, Iraq",
			"credits": "Based on A. Kirk Grayson, Assyrian Rulers of the Early First Millennium BC II (858-745 BC) (RIMA 3), Toronto, 1996. Adapted by Jamie Novotny (2016) and lemmatized and updated by Nathan Morello (2016) for the Munich Open-access Cuneiform Corpus Initiative (MOCCI), a corpus-building initiative funded by LMU Munich and the Alexander von Humboldt Foundation (through the establishment of the Alexander von Humboldt Chair for Ancient History of the Near and Middle East) and based at the Historisches Seminar - Abteilung Alte Geschichte of Ludwig-Maximilians-Universität München. The annotated edition is released under the Creative Commons Attribution Share-Alike license 3.0. Please cite this page as http://oracc.org/riao/Q004617/.",
			"date_of_origin": "858-824",
			"designation": "Shalmaneser III 012",
			"display_name": "RIAo Shalmaneser III 012",
			"dynastic_seat": "Assyria",
			"exemplars": "IM 060497 (ND 10000)",
			"genre": "Royal Inscription",
			"language": "Akkadian",
			"material": "stone",
			"object_type": "anthropomorphic statue",
			"period": "Neo-Assyrian",
			"pleiades_id": "894019",
			"popular_name": "RIMA 3 A.0.102.12",
			"primary_publication": "Shalmaneser III 012",
			"provenience": "Nimrud (Kalhu)",
			"ruler": "Shalmaneser III",
			"script": "Neo-Assyrian",
			"script_remarks": "inscribed",
			"script_type": "Cuneiform",
			"subgenre": "Shalmaneser III",
			"supergenre": "LIT"
		},
		"geometry": {
			"type": "Point",
			"coordinates": [43.3275,36.099167]
		}
	}, {
		"type": "Feature",
		"properties": {
			"id_composite": "Q004618",
			"cdli_id": "P463796",
			"credits": "Based on A. Kirk Grayson, Assyrian Rulers of the Early First Millennium BC II (858-745 BC) (RIMA 3), Toronto, 1996. Adapted by Jamie Novotny (2016) and lemmatized and updated by Nathan Morello (2016) for the Munich Open-access Cuneiform Corpus Initiative (MOCCI), a corpus-building initiative funded by LMU Munich and the Alexander von Humboldt Foundation (through the establishment of the Alexander von Humboldt Chair for Ancient History of the Near and Middle East) and based at the Historisches Seminar - Abteilung Alte Geschichte of Ludwig-Maximilians-Universität München. The annotated edition is released under the Creative Commons Attribution Share-Alike license 3.0. Please cite this page as http://oracc.org/riao/Q004618/.",
			"date_of_origin": "858-824",
			"designation": "Shalmaneser III 013",
			"display_name": "RIAo Shalmaneser III 013",
			"dynastic_seat": "Assyria",
			"exemplars": "Ass 01120",
			"genre": "Royal Inscription",
			"language": "Akkadian",
			"material": "stone",
			"object_type": "slab",
			"period": "Neo-Assyrian",
			"pleiades_id": "893945",
			"popular_name": "RIMA 3 A.0.102.13",
			"primary_publication": "Shalmaneser III 013",
			"provenience": "Qalat Sherqat (Assur)",
			"ruler": "Shalmaneser III",
			"script": "Neo-Assyrian",
			"script_remarks": "inscribed",
			"script_type": "Cuneiform",
			"subgenre": "Shalmaneser III",
			"supergenre": "LIT"
		},
		"geometry": {
			"type": "Point",
			"coordinates": [43.262037,35.458121]
		}
	}, {
		"type": "Feature",
		"properties": {
			"id_composite": "Q004619",
			"cdli_id": "P463797",
			"collection": "British Museum, London, UK",
			"credits": "Based on A. Kirk Grayson, Assyrian Rulers of the Early First Millennium BC II (858-745 BC) (RIMA 3), Toronto, 1996. Adapted by Jamie Novotny (2016) and lemmatized and updated by Nathan Morello (2016) for the Munich Open-access Cuneiform Corpus Initiative (MOCCI), a corpus-building initiative funded by LMU Munich and the Alexander von Humboldt Foundation (through the establishment of the Alexander von Humboldt Chair for Ancient History of the Near and Middle East) and based at the Historisches Seminar - Abteilung Alte Geschichte of Ludwig-Maximilians-Universität München. The annotated edition is released under the Creative Commons Attribution Share-Alike license 3.0. Please cite this page as http://oracc.org/riao/Q004619/.",
			"date_of_origin": "858-824",
			"designation": "Shalmaneser III 014",
			"display_name": "RIAo Shalmaneser III 014",
			"dynastic_seat": "Assyria",
			"exemplars": "BM 118885 (1848-11-04, 0001); Ist EŞEM 06872 (Ass 02919)",
			"genre": "Royal Inscription",
			"language": "Akkadian",
			"material": "stone",
			"object_type": "obelisk",
			"period": "Neo-Assyrian",
			"pleiades_id": "894019",
			"popular_name": "RIMA 3 A.0.102.14",
			"primary_publication": "Shalmaneser III 014",
			"provenience": "Nimrud (Kalhu)",
			"ruler": "Shalmaneser III",
			"script": "Neo-Assyrian",
			"script_remarks": "inscribed",
			"script_type": "Cuneiform",
			"subgenre": "Shalmaneser III",
			"supergenre": "LIT"
		},
		"geometry": {
			"type": "Point",
			"coordinates": [43.3275,36.099167]
		}
	}, {
		"type": "Feature",
		"properties": {
			"id_composite": "Q004620",
			"cdli_id": "P463798",
			"collection": "Arkeoloji Müzeleri, Istanbul, Turkey",
			"credits": "Based on A. Kirk Grayson, Assyrian Rulers of the Early First Millennium BC II (858-745 BC) (RIMA 3), Toronto, 1996. Adapted by Jamie Novotny (2016) and lemmatized and updated by Nathan Morello (2016) for the Munich Open-access Cuneiform Corpus Initiative (MOCCI), a corpus-building initiative funded by LMU Munich and the Alexander von Humboldt Foundation (through the establishment of the Alexander von Humboldt Chair for Ancient History of the Near and Middle East) and based at the Historisches Seminar - Abteilung Alte Geschichte of Ludwig-Maximilians-Universität München. The annotated edition is released under the Creative Commons Attribution Share-Alike license 3.0. Please cite this page as http://oracc.org/riao/Q004620/.",
			"date_of_origin": "858-824",
			"designation": "Shalmaneser III 015",
			"display_name": "RIAo Shalmaneser III 015",
			"dynastic_seat": "Assyria",
			"exemplars": "Ist EŞEM 06872 (Ass 02919); Ass 16812",
			"genre": "Royal Inscription",
			"language": "Akkadian",
			"material": "stone",
			"object_type": "slab",
			"period": "Neo-Assyrian",
			"pleiades_id": "893945",
			"popular_name": "RIMA 3 A.0.102.15",
			"primary_publication": "Shalmaneser III 015",
			"provenience": "Qalat Sherqat (Assur)",
			"ruler": "Shalmaneser III",
			"script": "Neo-Assyrian",
			"script_remarks": "inscribed",
			"script_type": "Cuneiform",
			"subgenre": "Shalmaneser III",
			"supergenre": "LIT"
		},
		"geometry": {
			"type": "Point",
			"coordinates": [43.262037,35.458121]
		}
	}, {
		"type": "Feature",
		"properties": {
			"id_composite": "Q004621",
			"cdli_id": "P463799",
			"collection": "Iraq Museum, Baghdad, Iraq",
			"credits": "Based on A. Kirk Grayson, Assyrian Rulers of the Early First Millennium BC II (858-745 BC) (RIMA 3), Toronto, 1996. Adapted by Jamie Novotny (2016) and lemmatized and updated by Nathan Morello (2016) for the Munich Open-access Cuneiform Corpus Initiative (MOCCI), a corpus-building initiative funded by LMU Munich and the Alexander von Humboldt Foundation (through the establishment of the Alexander von Humboldt Chair for Ancient History of the Near and Middle East) and based at the Historisches Seminar - Abteilung Alte Geschichte of Ludwig-Maximilians-Universität München. The annotated edition is released under the Creative Commons Attribution Share-Alike license 3.0. Please cite this page as http://oracc.org/riao/Q004621/.",
			"date_of_origin": "858-824",
			"designation": "Shalmaneser III 016",
			"display_name": "RIAo Shalmaneser III 016",
			"dynastic_seat": "Assyria",
			"exemplars": "IM 060496 (ND 05500)",
			"genre": "Royal Inscription",
			"language": "Akkadian",
			"material": "stone",
			"object_type": "anthropomorphic statue",
			"period": "Neo-Assyrian",
			"pleiades_id": "894019",
			"popular_name": "RIMA 3 A.0.102.16",
			"primary_publication": "Shalmaneser III 016",
			"provenience": "Nimrud (Kalhu)",
			"ruler": "Shalmaneser III",
			"script": "Neo-Assyrian",
			"script_remarks": "inscribed",
			"script_type": "Cuneiform",
			"subgenre": "Shalmaneser III",
			"supergenre": "LIT"
		},
		"geometry": {
			"type": "Point",
			"coordinates": [43.3275,36.099167]
		}
	}, {
		"type": "Feature",
		"properties": {
			"id_composite": "Q004622",
			"cdli_id": "P463800",
			"collection": "Anadolu Medeniyetleri Müzesi, Ankara, Turkey",
			"credits": "Based on A. Kirk Grayson, Assyrian Rulers of the Early First Millennium BC II (858-745 BC) (RIMA 3), Toronto, 1996. Adapted by Jamie Novotny (2016) and lemmatized and updated by Nathan Morello (2016) for the Munich Open-access Cuneiform Corpus Initiative (MOCCI), a corpus-building initiative funded by LMU Munich and the Alexander von Humboldt Foundation (through the establishment of the Alexander von Humboldt Chair for Ancient History of the Near and Middle East) and based at the Historisches Seminar - Abteilung Alte Geschichte of Ludwig-Maximilians-Universität München. The annotated edition is released under the Creative Commons Attribution Share-Alike license 3.0. Please cite this page as http://oracc.org/riao/Q004622/.",
			"date_of_origin": "858-824",
			"designation": "Shalmaneser III 017",
			"display_name": "RIAo Shalmaneser III 017",
			"dynastic_seat": "Assyria",
			"exemplars": "Ank - (SU 51, 110)",
			"genre": "Royal Inscription",
			"language": "Akkadian",
			"material": "clay",
			"object_type": "tablet",
			"period": "Neo-Assyrian",
			"pleiades_id": "249509021",
			"popular_name": "RIMA 3 A.0.102.17",
			"primary_publication": "Shalmaneser III 017",
			"provenience": "Sultantepe (Huzirina)",
			"ruler": "Shalmaneser III",
			"script": "Neo-Assyrian",
			"script_remarks": "inscribed",
			"script_type": "Cuneiform",
			"subgenre": "Shalmaneser III",
			"supergenre": "LIT"
		},
		"geometry": {
			"type": "Point",
			"coordinates": [38.9061,37.05]
		}
	}, {
		"type": "Feature",
		"properties": {
			"id_composite": "Q004623",
			"cdli_id": "P463801",
			"collection": "Vorderasiatisches Museum, Berlin, Germany; Arkeoloji Müzeleri, Istanbul, Turkey",
			"credits": "Based on A. Kirk Grayson, Assyrian Rulers of the Early First Millennium BC II (858-745 BC) (RIMA 3), Toronto, 1996. Adapted by Jamie Novotny (2016) and lemmatized and updated by Nathan Morello (2016) for the Munich Open-access Cuneiform Corpus Initiative (MOCCI), a corpus-building initiative funded by LMU Munich and the Alexander von Humboldt Foundation (through the establishment of the Alexander von Humboldt Chair for Ancient History of the Near and Middle East) and based at the Historisches Seminar - Abteilung Alte Geschichte of Ludwig-Maximilians-Universität München. The annotated edition is released under the Creative Commons Attribution Share-Alike license 3.0. Please cite this page as http://oracc.org/riao/Q004623/.",
			"date_of_origin": "858-824",
			"designation": "Shalmaneser III 018",
			"display_name": "RIAo Shalmaneser III 018",
			"dynastic_seat": "Assyria",
			"exemplars": "VA Ass 02102 (Ass 11429); VA Ass 02103 (Ass 05657); Ist A 03397 (Ass 03975); Ist A 03472 (Ass 09490)",
			"genre": "Royal Inscription",
			"language": "Akkadian",
			"material": "clay",
			"object_type": "cone",
			"period": "Neo-Assyrian",
			"pleiades_id": "893945",
			"popular_name": "RIMA 3 A.0.102.18",
			"primary_publication": "Shalmaneser III 018",
			"provenience": "Qalat Sherqat (Assur)",
			"ruler": "Shalmaneser III",
			"script": "Neo-Assyrian",
			"script_remarks": "inscribed",
			"script_type": "Cuneiform",
			"subgenre": "Shalmaneser III",
			"supergenre": "LIT"
		},
		"geometry": {
			"type": "Point",
			"coordinates": [43.262037,35.458121]
		}
	}, {
		"type": "Feature",
		"properties": {
			"id_composite": "Q004624",
			"cdli_id": "P463802",
			"collection": "British Museum, London, UK",
			"credits": "Based on A. Kirk Grayson, Assyrian Rulers of the Early First Millennium BC II (858-745 BC) (RIMA 3), Toronto, 1996. Adapted by Jamie Novotny (2016) and lemmatized and updated by Nathan Morello (2016) for the Munich Open-access Cuneiform Corpus Initiative (MOCCI), a corpus-building initiative funded by LMU Munich and the Alexander von Humboldt Foundation (through the establishment of the Alexander von Humboldt Chair for Ancient History of the Near and Middle East) and based at the Historisches Seminar - Abteilung Alte Geschichte of Ludwig-Maximilians-Universität München. The annotated edition is released under the Creative Commons Attribution Share-Alike license 3.0. Please cite this page as http://oracc.org/riao/Q004624/.",
			"date_of_origin": "858-824",
			"designation": "Shalmaneser III 019",
			"display_name": "RIAo Shalmaneser III 019",
			"dynastic_seat": "Assyria",
			"exemplars": "BM 104410 (1855-12-05, 0460)",
			"genre": "Royal Inscription",
			"language": "Akkadian",
			"material": "stone",
			"object_type": "amulet",
			"period": "Neo-Assyrian",
			"pleiades_id": "894019",
			"popular_name": "RIMA 3 A.0.102.19",
			"primary_publication": "Shalmaneser III 019",
			"provenience": "Nimrud (Kalhu)",
			"ruler": "Shalmaneser III",
			"script": "Neo-Assyrian",
			"script_remarks": "inscribed",
			"script_type": "Cuneiform",
			"subgenre": "Shalmaneser III",
			"supergenre": "LIT"
		},
		"geometry": {
			"type": "Point",
			"coordinates": [43.3275,36.099167]
		}
	}, {
		"type": "Feature",
		"properties": {
			"id_composite": "Q004625",
			"cdli_id": "P463803",
			"collection": "Arkeoloji Müzeleri, Istanbul, Turkey",
			"credits": "Based on A. Kirk Grayson, Assyrian Rulers of the Early First Millennium BC II (858-745 BC) (RIMA 3), Toronto, 1996. Adapted by Jamie Novotny (2016) and lemmatized and updated by Nathan Morello (2016) for the Munich Open-access Cuneiform Corpus Initiative (MOCCI), a corpus-building initiative funded by LMU Munich and the Alexander von Humboldt Foundation (through the establishment of the Alexander von Humboldt Chair for Ancient History of the Near and Middle East) and based at the Historisches Seminar - Abteilung Alte Geschichte of Ludwig-Maximilians-Universität München. The annotated edition is released under the Creative Commons Attribution Share-Alike license 3.0. Please cite this page as http://oracc.org/riao/Q004625/.",
			"date_of_origin": "858-824",
			"designation": "Shalmaneser III 020",
			"display_name": "RIAo Shalmaneser III 020",
			"dynastic_seat": "Assyria",
			"exemplars": "Tașyürek, Iraq 41 pls. XV-XVI",
			"genre": "Royal Inscription",
			"language": "Akkadian",
			"material": "stone",
			"object_type": "rock face",
			"period": "Neo-Assyrian",
			"pleiades_id": "842949950",
			"popular_name": "RIMA 3 A.0.102.20",
			"primary_publication": "Shalmaneser III 020",
			"provenience": "Kenk Boǧazı",
			"ruler": "Shalmaneser III",
			"script": "Neo-Assyrian",
			"script_remarks": "inscribed",
			"script_type": "Cuneiform",
			"subgenre": "Shalmaneser III",
			"supergenre": "LIT"
		},
		"geometry": {
			"type": "Point",
			"coordinates": [37.8543333,37.2416667]
		}
	}, {
		"type": "Feature",
		"properties": {
			"id_composite": "Q004626",
			"cdli_id": "P463804",
			"collection": "Arkeoloji Müzeleri, Istanbul, Turkey",
			"credits": "Based on A. Kirk Grayson, Assyrian Rulers of the Early First Millennium BC II (858-745 BC) (RIMA 3), Toronto, 1996. Adapted by Jamie Novotny (2016) and lemmatized and updated by Nathan Morello (2016) for the Munich Open-access Cuneiform Corpus Initiative (MOCCI), a corpus-building initiative funded by LMU Munich and the Alexander von Humboldt Foundation (through the establishment of the Alexander von Humboldt Chair for Ancient History of the Near and Middle East) and based at the Historisches Seminar - Abteilung Alte Geschichte of Ludwig-Maximilians-Universität München. The annotated edition is released under the Creative Commons Attribution Share-Alike license 3.0. Please cite this page as http://oracc.org/riao/Q004626/.",
			"date_of_origin": "858-824",
			"designation": "Shalmaneser III 021",
			"display_name": "RIAo Shalmaneser III 021",
			"dynastic_seat": "Assyria",
			"exemplars": "Lehmann-Haupt, Mat. no. 21",
			"genre": "Royal Inscription",
			"language": "Akkadian",
			"material": "stone",
			"object_type": "rock face",
			"period": "Neo-Assyrian",
			"pleiades_id": "914118846",
			"popular_name": "RIMA 3 A.0.102.21",
			"primary_publication": "Shalmaneser III 021",
			"provenience": "Tigris Tunnel",
			"ruler": "Shalmaneser III",
			"script": "Neo-Assyrian",
			"script_remarks": "inscribed",
			"script_type": "Cuneiform",
			"subgenre": "Shalmaneser III",
			"supergenre": "LIT"
		},
		"geometry": {
			"type": "Point",
			"coordinates": [40.5475,38.529722]
		}
	}, {
		"type": "Feature",
		"properties": {
			"id_composite": "Q004627",
			"cdli_id": "P463805",
			"collection": "Arkeoloji Müzeleri, Istanbul, Turkey",
			"credits": "Based on A. Kirk Grayson, Assyrian Rulers of the Early First Millennium BC II (858-745 BC) (RIMA 3), Toronto, 1996. Adapted by Jamie Novotny (2016) and lemmatized and updated by Nathan Morello (2016) for the Munich Open-access Cuneiform Corpus Initiative (MOCCI), a corpus-building initiative funded by LMU Munich and the Alexander von Humboldt Foundation (through the establishment of the Alexander von Humboldt Chair for Ancient History of the Near and Middle East) and based at the Historisches Seminar - Abteilung Alte Geschichte of Ludwig-Maximilians-Universität München. The annotated edition is released under the Creative Commons Attribution Share-Alike license 3.0. Please cite this page as http://oracc.org/riao/Q004627/.",
			"date_of_origin": "858-824",
			"designation": "Shalmaneser III 022",
			"display_name": "RIAo Shalmaneser III 022",
			"dynastic_seat": "Assyria",
			"exemplars": "Lehmann-Haupt, Mat. no. 23",
			"genre": "Royal Inscription",
			"language": "Akkadian",
			"material": "stone",
			"object_type": "rock face",
			"period": "Neo-Assyrian",
			"pleiades_id": "914118846",
			"popular_name": "RIMA 3 A.0.102.22",
			"primary_publication": "Shalmaneser III 022",
			"provenience": "Tigris Tunnel",
			"ruler": "Shalmaneser III",
			"script": "Neo-Assyrian",
			"script_remarks": "inscribed",
			"script_type": "Cuneiform",
			"subgenre": "Shalmaneser III",
			"supergenre": "LIT"
		},
		"geometry": {
			"type": "Point",
			"coordinates": [40.5475,38.529722]
		}
	}, {
		"type": "Feature",
		"properties": {
			"id_composite": "Q004628",
			"cdli_id": "P463806",
			"collection": "Arkeoloji Müzeleri, Istanbul, Turkey",
			"credits": "Based on A. Kirk Grayson, Assyrian Rulers of the Early First Millennium BC II (858-745 BC) (RIMA 3), Toronto, 1996. Adapted by Jamie Novotny (2016) and lemmatized and updated by Nathan Morello (2016) for the Munich Open-access Cuneiform Corpus Initiative (MOCCI), a corpus-building initiative funded by LMU Munich and the Alexander von Humboldt Foundation (through the establishment of the Alexander von Humboldt Chair for Ancient History of the Near and Middle East) and based at the Historisches Seminar - Abteilung Alte Geschichte of Ludwig-Maximilians-Universität München. The annotated edition is released under the Creative Commons Attribution Share-Alike license 3.0. Please cite this page as http://oracc.org/riao/Q004628/.",
			"date_of_origin": "858-824",
			"designation": "Shalmaneser III 023",
			"display_name": "RIAo Shalmaneser III 023",
			"dynastic_seat": "Assyria",
			"exemplars": "Lehmann-Haupt, Mat. no. 20",
			"genre": "Royal Inscription",
			"language": "Akkadian",
			"material": "stone",
			"object_type": "rock face",
			"period": "Neo-Assyrian",
			"pleiades_id": "914118846",
			"popular_name": "RIMA 3 A.0.102.23",
			"primary_publication": "Shalmaneser III 023",
			"provenience": "Tigris Tunnel",
			"ruler": "Shalmaneser III",
			"script": "Neo-Assyrian",
			"script_remarks": "inscribed",
			"script_type": "Cuneiform",
			"subgenre": "Shalmaneser III",
			"supergenre": "LIT"
		},
		"geometry": {
			"type": "Point",
			"coordinates": [40.5475,38.529722]
		}
	}, {
		"type": "Feature",
		"properties": {
			"id_composite": "Q004629",
			"cdli_id": "P463807",
			"collection": "Arkeoloji Müzeleri, Istanbul, Turkey",
			"credits": "Based on A. Kirk Grayson, Assyrian Rulers of the Early First Millennium BC II (858-745 BC) (RIMA 3), Toronto, 1996. Adapted by Jamie Novotny (2016) and lemmatized and updated by Nathan Morello (2016) for the Munich Open-access Cuneiform Corpus Initiative (MOCCI), a corpus-building initiative funded by LMU Munich and the Alexander von Humboldt Foundation (through the establishment of the Alexander von Humboldt Chair for Ancient History of the Near and Middle East) and based at the Historisches Seminar - Abteilung Alte Geschichte of Ludwig-Maximilians-Universität München. The annotated edition is released under the Creative Commons Attribution Share-Alike license 3.0. Please cite this page as http://oracc.org/riao/Q004629/.",
			"date_of_origin": "858-824",
			"designation": "Shalmaneser III 024",
			"display_name": "RIAo Shalmaneser III 024",
			"dynastic_seat": "Assyria",
			"exemplars": "Lehmann-Haupt, Mat. no. 22",
			"genre": "Royal Inscription",
			"language": "Akkadian",
			"material": "stone",
			"object_type": "rock face",
			"period": "Neo-Assyrian",
			"pleiades_id": "914118846",
			"popular_name": "RIMA 3 A.0.102.24",
			"primary_publication": "Shalmaneser III 024",
			"provenience": "Tigris Tunnel",
			"ruler": "Shalmaneser III",
			"script": "Neo-Assyrian",
			"script_remarks": "inscribed",
			"script_type": "Cuneiform",
			"subgenre": "Shalmaneser III",
			"supergenre": "LIT"
		},
		"geometry": {
			"type": "Point",
			"coordinates": [40.5475,38.529722]
		}
	}, {
		"type": "Feature",
		"properties": {
			"id_composite": "Q004630",
			"cdli_id": "P463808",
			"collection": "British Museum, London, UK",
			"credits": "Based on A. Kirk Grayson, Assyrian Rulers of the Early First Millennium BC II (858-745 BC) (RIMA 3), Toronto, 1996. Adapted by Jamie Novotny (2016) and lemmatized and updated by Nathan Morello (2016) for the Munich Open-access Cuneiform Corpus Initiative (MOCCI), a corpus-building initiative funded by LMU Munich and the Alexander von Humboldt Foundation (through the establishment of the Alexander von Humboldt Chair for Ancient History of the Near and Middle East) and based at the Historisches Seminar - Abteilung Alte Geschichte of Ludwig-Maximilians-Universität München. The annotated edition is released under the Creative Commons Attribution Share-Alike license 3.0. Please cite this page as http://oracc.org/riao/Q004630/.",
			"date_of_origin": "858-824",
			"designation": "Shalmaneser III 025",
			"display_name": "RIAo Shalmaneser III 025",
			"dynastic_seat": "Assyria",
			"exemplars": "BM 118886 (1849-05-02, 0017)",
			"genre": "Royal Inscription",
			"language": "Akkadian",
			"material": "stone",
			"object_type": "anthropomorphic statue",
			"period": "Neo-Assyrian",
			"pleiades_id": "893945",
			"popular_name": "RIMA 3 A.0.102.25",
			"primary_publication": "Shalmaneser III 025",
			"provenience": "Qalat Sherqat (Assur)",
			"ruler": "Shalmaneser III",
			"script": "Neo-Assyrian",
			"script_remarks": "inscribed",
			"script_type": "Cuneiform",
			"subgenre": "Shalmaneser III",
			"supergenre": "LIT"
		},
		"geometry": {
			"type": "Point",
			"coordinates": [43.262037,35.458121]
		}
	}, {
		"type": "Feature",
		"properties": {
			"id_composite": "Q004631",
			"cdli_id": "P463809",
			"collection": "Oriental Institute, University of Chicago, Chicago, Illinois, USA",
			"credits": "Based on A. Kirk Grayson, Assyrian Rulers of the Early First Millennium BC II (858-745 BC) (RIMA 3), Toronto, 1996. Adapted by Jamie Novotny (2016) and lemmatized and updated by Nathan Morello (2016) for the Munich Open-access Cuneiform Corpus Initiative (MOCCI), a corpus-building initiative funded by LMU Munich and the Alexander von Humboldt Foundation (through the establishment of the Alexander von Humboldt Chair for Ancient History of the Near and Middle East) and based at the Historisches Seminar - Abteilung Alte Geschichte of Ludwig-Maximilians-Universität München. The annotated edition is released under the Creative Commons Attribution Share-Alike license 3.0. Please cite this page as http://oracc.org/riao/Q004631/.",
			"date_of_origin": "858-824",
			"designation": "Shalmaneser III 026",
			"display_name": "RIAo Shalmaneser III 026",
			"dynastic_seat": "Assyria",
			"exemplars": "A 02529",
			"genre": "Royal Inscription",
			"language": "Akkadian",
			"material": "metal",
			"object_type": "tablet",
			"period": "Neo-Assyrian",
			"pleiades_id": "893945",
			"popular_name": "RIMA 3 A.0.102.26",
			"primary_publication": "Shalmaneser III 026",
			"provenience": "Qalat Sherqat (Assur)",
			"ruler": "Shalmaneser III",
			"script": "Neo-Assyrian",
			"script_remarks": "inscribed",
			"script_type": "Cuneiform",
			"subgenre": "Shalmaneser III",
			"supergenre": "LIT"
		},
		"geometry": {
			"type": "Point",
			"coordinates": [43.262037,35.458121]
		}
	}, {
		"type": "Feature",
		"properties": {
			"id_composite": "Q004632",
			"cdli_id": "P463810",
			"collection": "Vorderasiatisches Museum, Berlin, Germany",
			"credits": "Based on A. Kirk Grayson, Assyrian Rulers of the Early First Millennium BC II (858-745 BC) (RIMA 3), Toronto, 1996. Adapted by Jamie Novotny (2016) and lemmatized and updated by Nathan Morello (2016) for the Munich Open-access Cuneiform Corpus Initiative (MOCCI), a corpus-building initiative funded by LMU Munich and the Alexander von Humboldt Foundation (through the establishment of the Alexander von Humboldt Chair for Ancient History of the Near and Middle East) and based at the Historisches Seminar - Abteilung Alte Geschichte of Ludwig-Maximilians-Universität München. The annotated edition is released under the Creative Commons Attribution Share-Alike license 3.0. Please cite this page as http://oracc.org/riao/Q004632/.",
			"date_of_origin": "858-824",
			"designation": "Shalmaneser III 027",
			"display_name": "RIAo Shalmaneser III 027",
			"dynastic_seat": "Assyria",
			"exemplars": "VA 08836 (Ass 12167)",
			"genre": "Royal Inscription",
			"language": "Akkadian",
			"material": "stone",
			"object_type": "box",
			"period": "Neo-Assyrian",
			"pleiades_id": "893945",
			"popular_name": "RIMA 3 A.0.102.27",
			"primary_publication": "Shalmaneser III 027",
			"provenience": "Qalat Sherqat (Assur)",
			"ruler": "Shalmaneser III",
			"script": "Neo-Assyrian",
			"script_remarks": "inscribed",
			"script_type": "Cuneiform",
			"subgenre": "Shalmaneser III",
			"supergenre": "LIT"
		},
		"geometry": {
			"type": "Point",
			"coordinates": [43.262037,35.458121]
		}
	}, {
		"type": "Feature",
		"properties": {
			"id_composite": "Q004633",
			"cdli_id": "P463811",
			"collection": "Iraq Museum, Baghdad, Iraq",
			"credits": "Based on A. Kirk Grayson, Assyrian Rulers of the Early First Millennium BC II (858-745 BC) (RIMA 3), Toronto, 1996. Adapted by Jamie Novotny (2016) and lemmatized and updated by Nathan Morello (2016) for the Munich Open-access Cuneiform Corpus Initiative (MOCCI), a corpus-building initiative funded by LMU Munich and the Alexander von Humboldt Foundation (through the establishment of the Alexander von Humboldt Chair for Ancient History of the Near and Middle East) and based at the Historisches Seminar - Abteilung Alte Geschichte of Ludwig-Maximilians-Universität München. The annotated edition is released under the Creative Commons Attribution Share-Alike license 3.0. Please cite this page as http://oracc.org/riao/Q004633/.",
			"date_of_origin": "858-824",
			"designation": "Shalmaneser III 028",
			"display_name": "RIAo Shalmaneser III 028",
			"dynastic_seat": "Assyria",
			"exemplars": "IM 065574 (ND 11000)",
			"genre": "Royal Inscription",
			"language": "Akkadian",
			"material": "stone",
			"object_type": "throne base",
			"period": "Neo-Assyrian",
			"pleiades_id": "894019",
			"popular_name": "RIMA 3 A.0.102.28",
			"primary_publication": "Shalmaneser III 028",
			"provenience": "Nimrud (Kalhu)",
			"ruler": "Shalmaneser III",
			"script": "Neo-Assyrian",
			"script_remarks": "inscribed",
			"script_type": "Cuneiform",
			"subgenre": "Shalmaneser III",
			"supergenre": "LIT"
		},
		"geometry": {
			"type": "Point",
			"coordinates": [43.3275,36.099167]
		}
	}, {
		"type": "Feature",
		"properties": {
			"id_composite": "Q004634",
			"cdli_id": "P463812",
			"collection": "Arkeoloji Müzeleri, Istanbul, Turkey",
			"credits": "Based on A. Kirk Grayson, Assyrian Rulers of the Early First Millennium BC II (858-745 BC) (RIMA 3), Toronto, 1996. Adapted by Jamie Novotny (2016) and lemmatized and updated by Nathan Morello (2016) for the Munich Open-access Cuneiform Corpus Initiative (MOCCI), a corpus-building initiative funded by LMU Munich and the Alexander von Humboldt Foundation (through the establishment of the Alexander von Humboldt Chair for Ancient History of the Near and Middle East) and based at the Historisches Seminar - Abteilung Alte Geschichte of Ludwig-Maximilians-Universität München. The annotated edition is released under the Creative Commons Attribution Share-Alike license 3.0. Please cite this page as http://oracc.org/riao/Q004634/.",
			"date_of_origin": "858-824",
			"designation": "Shalmaneser III 029",
			"display_name": "RIAo Shalmaneser III 029",
			"dynastic_seat": "Assyria",
			"exemplars": "Laessøe, Iraq 21 pp. 40-41 (ND -)",
			"genre": "Royal Inscription",
			"language": "Akkadian",
			"material": "stone",
			"object_type": "slab",
			"period": "Neo-Assyrian",
			"pleiades_id": "894019",
			"popular_name": "RIMA 3 A.0.102.29",
			"primary_publication": "Shalmaneser III 029",
			"provenience": "Nimrud (Kalhu)",
			"ruler": "Shalmaneser III",
			"script": "Neo-Assyrian",
			"script_remarks": "inscribed",
			"script_type": "Cuneiform",
			"subgenre": "Shalmaneser III",
			"supergenre": "LIT"
		},
		"geometry": {
			"type": "Point",
			"coordinates": [43.3275,36.099167]
		}
	}, {
		"type": "Feature",
		"properties": {
			"id_composite": "Q004635",
			"cdli_id": "P463813",
			"collection": "Arkeoloji Müzeleri, Istanbul, Turkey",
			"credits": "Based on A. Kirk Grayson, Assyrian Rulers of the Early First Millennium BC II (858-745 BC) (RIMA 3), Toronto, 1996. Adapted by Jamie Novotny (2016) and lemmatized and updated by Nathan Morello (2016) for the Munich Open-access Cuneiform Corpus Initiative (MOCCI), a corpus-building initiative funded by LMU Munich and the Alexander von Humboldt Foundation (through the establishment of the Alexander von Humboldt Chair for Ancient History of the Near and Middle East) and based at the Historisches Seminar - Abteilung Alte Geschichte of Ludwig-Maximilians-Universität München. The annotated edition is released under the Creative Commons Attribution Share-Alike license 3.0. Please cite this page as http://oracc.org/riao/Q004635/.",
			"date_of_origin": "858-824",
			"designation": "Shalmaneser III 030",
			"display_name": "RIAo Shalmaneser III 030",
			"dynastic_seat": "Assyria",
			"exemplars": "D. Oates, Iraq 25 pp. 27-28 (ND -)",
			"genre": "Royal Inscription",
			"language": "Akkadian",
			"material": "stone",
			"object_type": "door sill",
			"period": "Neo-Assyrian",
			"pleiades_id": "894019",
			"popular_name": "RIMA 3 A.0.102.30",
			"primary_publication": "Shalmaneser III 030",
			"provenience": "Nimrud (Kalhu)",
			"ruler": "Shalmaneser III",
			"script": "Neo-Assyrian",
			"script_remarks": "inscribed",
			"script_type": "Cuneiform",
			"subgenre": "Shalmaneser III",
			"supergenre": "LIT"
		},
		"geometry": {
			"type": "Point",
			"coordinates": [43.3275,36.099167]
		}
	}, {
		"type": "Feature",
		"properties": {
			"id_composite": "Q004636",
			"cdli_id": "P463814",
			"collection": "Arkeoloji Müzeleri, Istanbul, Turkey",
			"credits": "Based on A. Kirk Grayson, Assyrian Rulers of the Early First Millennium BC II (858-745 BC) (RIMA 3), Toronto, 1996. Adapted by Jamie Novotny (2016) and lemmatized and updated by Nathan Morello (2016) for the Munich Open-access Cuneiform Corpus Initiative (MOCCI), a corpus-building initiative funded by LMU Munich and the Alexander von Humboldt Foundation (through the establishment of the Alexander von Humboldt Chair for Ancient History of the Near and Middle East) and based at the Historisches Seminar - Abteilung Alte Geschichte of Ludwig-Maximilians-Universität München. The annotated edition is released under the Creative Commons Attribution Share-Alike license 3.0. Please cite this page as http://oracc.org/riao/Q004636/.",
			"date_of_origin": "858-824",
			"designation": "Shalmaneser III 031",
			"display_name": "RIAo Shalmaneser III 031",
			"dynastic_seat": "Assyria",
			"exemplars": "D. Oates, Iraq 25 pp. 27-28 (ND -)",
			"genre": "Royal Inscription",
			"language": "Akkadian",
			"material": "stone",
			"object_type": "door sill",
			"period": "Neo-Assyrian",
			"pleiades_id": "894019",
			"popular_name": "RIMA 3 A.0.102.31",
			"primary_publication": "Shalmaneser III 031",
			"provenience": "Nimrud (Kalhu)",
			"ruler": "Shalmaneser III",
			"script": "Neo-Assyrian",
			"script_remarks": "inscribed",
			"script_type": "Cuneiform",
			"subgenre": "Shalmaneser III",
			"supergenre": "LIT"
		},
		"geometry": {
			"type": "Point",
			"coordinates": [43.3275,36.099167]
		}
	}, {
		"type": "Feature",
		"properties": {
			"id_composite": "Q004637",
			"cdli_id": "P463815",
			"collection": "Arkeoloji Müzeleri, Istanbul, Turkey",
			"credits": "Based on A. Kirk Grayson, Assyrian Rulers of the Early First Millennium BC II (858-745 BC) (RIMA 3), Toronto, 1996. Adapted by Jamie Novotny (2016) and lemmatized and updated by Nathan Morello (2016) for the Munich Open-access Cuneiform Corpus Initiative (MOCCI), a corpus-building initiative funded by LMU Munich and the Alexander von Humboldt Foundation (through the establishment of the Alexander von Humboldt Chair for Ancient History of the Near and Middle East) and based at the Historisches Seminar - Abteilung Alte Geschichte of Ludwig-Maximilians-Universität München. The annotated edition is released under the Creative Commons Attribution Share-Alike license 3.0. Please cite this page as http://oracc.org/riao/Q004637/.",
			"date_of_origin": "858-824",
			"designation": "Shalmaneser III 032",
			"display_name": "RIAo Shalmaneser III 032",
			"dynastic_seat": "Assyria",
			"exemplars": "Dalley and Postgate, Fort Shalmaneser p. 265 (ND -)",
			"genre": "Royal Inscription",
			"language": "Akkadian",
			"material": "stone",
			"object_type": "door sill",
			"period": "Neo-Assyrian",
			"pleiades_id": "894019",
			"popular_name": "RIMA 3 A.0.102.32",
			"primary_publication": "Shalmaneser III 032",
			"provenience": "Nimrud (Kalhu)",
			"ruler": "Shalmaneser III",
			"script": "Neo-Assyrian",
			"script_remarks": "inscribed",
			"script_type": "Cuneiform",
			"subgenre": "Shalmaneser III",
			"supergenre": "LIT"
		},
		"geometry": {
			"type": "Point",
			"coordinates": [43.3275,36.099167]
		}
	}, {
		"type": "Feature",
		"properties": {
			"id_composite": "Q004638",
			"cdli_id": "P463816",
			"collection": "Arkeoloji Müzeleri, Istanbul, Turkey",
			"credits": "Based on A. Kirk Grayson, Assyrian Rulers of the Early First Millennium BC II (858-745 BC) (RIMA 3), Toronto, 1996. Adapted by Jamie Novotny (2016) and lemmatized and updated by Nathan Morello (2016) for the Munich Open-access Cuneiform Corpus Initiative (MOCCI), a corpus-building initiative funded by LMU Munich and the Alexander von Humboldt Foundation (through the establishment of the Alexander von Humboldt Chair for Ancient History of the Near and Middle East) and based at the Historisches Seminar - Abteilung Alte Geschichte of Ludwig-Maximilians-Universität München. The annotated edition is released under the Creative Commons Attribution Share-Alike license 3.0. Please cite this page as http://oracc.org/riao/Q004638/.",
			"date_of_origin": "858-824",
			"designation": "Shalmaneser III 033",
			"display_name": "RIAo Shalmaneser III 033",
			"dynastic_seat": "Assyria",
			"exemplars": "D. Oates, Iraq 25 pp. 27-28 (ND -)",
			"genre": "Royal Inscription",
			"language": "Akkadian",
			"material": "stone",
			"object_type": "door sill",
			"period": "Neo-Assyrian",
			"pleiades_id": "894019",
			"popular_name": "RIMA 3 A.0.102.33",
			"primary_publication": "Shalmaneser III 033",
			"provenience": "Nimrud (Kalhu)",
			"ruler": "Shalmaneser III",
			"script": "Neo-Assyrian",
			"script_remarks": "inscribed",
			"script_type": "Cuneiform",
			"subgenre": "Shalmaneser III",
			"supergenre": "LIT"
		},
		"geometry": {
			"type": "Point",
			"coordinates": [43.3275,36.099167]
		}
	}, {
		"type": "Feature",
		"properties": {
			"id_composite": "Q004639",
			"cdli_id": "P463817",
			"collection": "Arkeoloji Müzeleri, Istanbul, Turkey",
			"credits": "Based on A. Kirk Grayson, Assyrian Rulers of the Early First Millennium BC II (858-745 BC) (RIMA 3), Toronto, 1996. Adapted by Jamie Novotny (2016) and lemmatized and updated by Nathan Morello (2016) for the Munich Open-access Cuneiform Corpus Initiative (MOCCI), a corpus-building initiative funded by LMU Munich and the Alexander von Humboldt Foundation (through the establishment of the Alexander von Humboldt Chair for Ancient History of the Near and Middle East) and based at the Historisches Seminar - Abteilung Alte Geschichte of Ludwig-Maximilians-Universität München. The annotated edition is released under the Creative Commons Attribution Share-Alike license 3.0. Please cite this page as http://oracc.org/riao/Q004639/.",
			"date_of_origin": "858-824",
			"designation": "Shalmaneser III 034",
			"display_name": "RIAo Shalmaneser III 034",
			"dynastic_seat": "Assyria",
			"exemplars": "Laessøe, Iraq 21 pl. 12 (ND -)",
			"genre": "Royal Inscription",
			"language": "Akkadian",
			"material": "stone",
			"object_type": "door sill",
			"period": "Neo-Assyrian",
			"pleiades_id": "894019",
			"popular_name": "RIMA 3 A.0.102.34",
			"primary_publication": "Shalmaneser III 034",
			"provenience": "Nimrud (Kalhu)",
			"ruler": "Shalmaneser III",
			"script": "Neo-Assyrian",
			"script_remarks": "inscribed",
			"script_type": "Cuneiform",
			"subgenre": "Shalmaneser III",
			"supergenre": "LIT"
		},
		"geometry": {
			"type": "Point",
			"coordinates": [43.3275,36.099167]
		}
	}, {
		"type": "Feature",
		"properties": {
			"id_composite": "Q004640",
			"cdli_id": "P463818",
			"collection": "Arkeoloji Müzeleri, Istanbul, Turkey",
			"credits": "Based on A. Kirk Grayson, Assyrian Rulers of the Early First Millennium BC II (858-745 BC) (RIMA 3), Toronto, 1996. Adapted by Jamie Novotny (2016) and lemmatized and updated by Nathan Morello (2016) for the Munich Open-access Cuneiform Corpus Initiative (MOCCI), a corpus-building initiative funded by LMU Munich and the Alexander von Humboldt Foundation (through the establishment of the Alexander von Humboldt Chair for Ancient History of the Near and Middle East) and based at the Historisches Seminar - Abteilung Alte Geschichte of Ludwig-Maximilians-Universität München. The annotated edition is released under the Creative Commons Attribution Share-Alike license 3.0. Please cite this page as http://oracc.org/riao/Q004640/.",
			"date_of_origin": "858-824",
			"designation": "Shalmaneser III 035",
			"display_name": "RIAo Shalmaneser III 035",
			"dynastic_seat": "Assyria",
			"exemplars": "D. Oates, Iraq 25 pp. 27-28 (ND -)",
			"genre": "Royal Inscription",
			"language": "Akkadian",
			"material": "stone",
			"object_type": "door sill",
			"period": "Neo-Assyrian",
			"pleiades_id": "894019",
			"popular_name": "RIMA 3 A.0.102.35",
			"primary_publication": "Shalmaneser III 035",
			"provenience": "Nimrud (Kalhu)",
			"ruler": "Shalmaneser III",
			"script": "Neo-Assyrian",
			"script_remarks": "inscribed",
			"script_type": "Cuneiform",
			"subgenre": "Shalmaneser III",
			"supergenre": "LIT"
		},
		"geometry": {
			"type": "Point",
			"coordinates": [43.3275,36.099167]
		}
	}, {
		"type": "Feature",
		"properties": {
			"id_composite": "Q004641",
			"cdli_id": "P463819",
			"collection": "Arkeoloji Müzeleri, Istanbul, Turkey",
			"credits": "Based on A. Kirk Grayson, Assyrian Rulers of the Early First Millennium BC II (858-745 BC) (RIMA 3), Toronto, 1996. Adapted by Jamie Novotny (2016) and lemmatized and updated by Nathan Morello (2016) for the Munich Open-access Cuneiform Corpus Initiative (MOCCI), a corpus-building initiative funded by LMU Munich and the Alexander von Humboldt Foundation (through the establishment of the Alexander von Humboldt Chair for Ancient History of the Near and Middle East) and based at the Historisches Seminar - Abteilung Alte Geschichte of Ludwig-Maximilians-Universität München. The annotated edition is released under the Creative Commons Attribution Share-Alike license 3.0. Please cite this page as http://oracc.org/riao/Q004641/.",
			"date_of_origin": "858-824",
			"designation": "Shalmaneser III 036",
			"display_name": "RIAo Shalmaneser III 036",
			"dynastic_seat": "Assyria",
			"exemplars": "D. Oates, Iraq 25 pp. 27-28 (ND -)",
			"genre": "Royal Inscription",
			"language": "Akkadian",
			"material": "stone",
			"object_type": "door sill, door bolt socket",
			"period": "Neo-Assyrian",
			"pleiades_id": "894019",
			"popular_name": "RIMA 3 A.0.102.36",
			"primary_publication": "Shalmaneser III 036",
			"provenience": "Nimrud (Kalhu)",
			"ruler": "Shalmaneser III",
			"script": "Neo-Assyrian",
			"script_remarks": "inscribed",
			"script_type": "Cuneiform",
			"subgenre": "Shalmaneser III",
			"supergenre": "LIT"
		},
		"geometry": {
			"type": "Point",
			"coordinates": [43.3275,36.099167]
		}
	}, {
		"type": "Feature",
		"properties": {
			"id_composite": "Q004642",
			"cdli_id": "P463820",
			"collection": "Arkeoloji Müzeleri, Istanbul, Turkey",
			"credits": "Based on A. Kirk Grayson, Assyrian Rulers of the Early First Millennium BC II (858-745 BC) (RIMA 3), Toronto, 1996. Adapted by Jamie Novotny (2016) and lemmatized and updated by Nathan Morello (2016) for the Munich Open-access Cuneiform Corpus Initiative (MOCCI), a corpus-building initiative funded by LMU Munich and the Alexander von Humboldt Foundation (through the establishment of the Alexander von Humboldt Chair for Ancient History of the Near and Middle East) and based at the Historisches Seminar - Abteilung Alte Geschichte of Ludwig-Maximilians-Universität München. The annotated edition is released under the Creative Commons Attribution Share-Alike license 3.0. Please cite this page as http://oracc.org/riao/Q004642/.",
			"date_of_origin": "858-824",
			"designation": "Shalmaneser III 037",
			"display_name": "RIAo Shalmaneser III 037",
			"dynastic_seat": "Assyria",
			"exemplars": "D. Oates, Iraq 25 pp. 27-28 (ND -)",
			"genre": "Royal Inscription",
			"language": "Akkadian",
			"material": "stone",
			"object_type": "door bolt socket",
			"period": "Neo-Assyrian",
			"pleiades_id": "894019",
			"popular_name": "RIMA 3 A.0.102.37",
			"primary_publication": "Shalmaneser III 037",
			"provenience": "Nimrud (Kalhu)",
			"ruler": "Shalmaneser III",
			"script": "Neo-Assyrian",
			"script_remarks": "inscribed",
			"script_type": "Cuneiform",
			"subgenre": "Shalmaneser III",
			"supergenre": "LIT"
		},
		"geometry": {
			"type": "Point",
			"coordinates": [43.3275,36.099167]
		}
	}, {
		"type": "Feature",
		"properties": {
			"id_composite": "Q004643",
			"cdli_id": "P463821",
			"collection": "British Museum, London, UK",
			"credits": "Based on A. Kirk Grayson, Assyrian Rulers of the Early First Millennium BC II (858-745 BC) (RIMA 3), Toronto, 1996. Adapted by Jamie Novotny (2016) and lemmatized and updated by Nathan Morello (2016) for the Munich Open-access Cuneiform Corpus Initiative (MOCCI), a corpus-building initiative funded by LMU Munich and the Alexander von Humboldt Foundation (through the establishment of the Alexander von Humboldt Chair for Ancient History of the Near and Middle East) and based at the Historisches Seminar - Abteilung Alte Geschichte of Ludwig-Maximilians-Universität München. The annotated edition is released under the Creative Commons Attribution Share-Alike license 3.0. Please cite this page as http://oracc.org/riao/Q004643/.",
			"date_of_origin": "858-824",
			"designation": "Shalmaneser III 038",
			"display_name": "RIAo Shalmaneser III 038",
			"dynastic_seat": "Assyria",
			"exemplars": "1932-12-10, 0009 + 1932-12-10, 0010",
			"genre": "Royal Inscription",
			"language": "Akkadian",
			"material": "stone",
			"object_type": "anthropomorphic statue",
			"period": "Neo-Assyrian",
			"pleiades_id": "894019",
			"popular_name": "RIMA 3 A.0.102.38",
			"primary_publication": "Shalmaneser III 038",
			"provenience": "Nimrud (Kalhu)",
			"ruler": "Shalmaneser III",
			"script": "Neo-Assyrian",
			"script_remarks": "inscribed",
			"script_type": "Cuneiform",
			"subgenre": "Shalmaneser III",
			"supergenre": "LIT"
		},
		"geometry": {
			"type": "Point",
			"coordinates": [43.3275,36.099167]
		}
	}, {
		"type": "Feature",
		"properties": {
			"id_composite": "Q004644",
			"cdli_id": "P463822",
			"collection": "Arkeoloji Müzeleri, Istanbul, Turkey; Vorderasiatisches Museum, Berlin, Germany",
			"credits": "Based on A. Kirk Grayson, Assyrian Rulers of the Early First Millennium BC II (858-745 BC) (RIMA 3), Toronto, 1996. Adapted by Jamie Novotny (2016) and lemmatized and updated by Nathan Morello (2016) for the Munich Open-access Cuneiform Corpus Initiative (MOCCI), a corpus-building initiative funded by LMU Munich and the Alexander von Humboldt Foundation (through the establishment of the Alexander von Humboldt Chair for Ancient History of the Near and Middle East) and based at the Historisches Seminar - Abteilung Alte Geschichte of Ludwig-Maximilians-Universität München. The annotated edition is released under the Creative Commons Attribution Share-Alike license 3.0. Please cite this page as http://oracc.org/riao/Q004644/.",
			"date_of_origin": "858-824",
			"designation": "Shalmaneser III 039",
			"display_name": "RIAo Shalmaneser III 039",
			"dynastic_seat": "Assyria",
			"exemplars": "Ass 05999; VA Ass 02051 (Ass 13215a-d); Ist A 03441 (Ass 06240); Ist A 03437 (Ass 06173); Ist A 03434 (Ass 05958); VA Ass 02114 (Ass 05748); VA Ass 02121 (Ass 09029)",
			"genre": "Royal Inscription",
			"language": "Akkadian",
			"material": "clay",
			"object_type": "cone",
			"period": "Neo-Assyrian",
			"pleiades_id": "893945",
			"popular_name": "RIMA 3 A.0.102.39",
			"primary_publication": "Shalmaneser III 039",
			"provenience": "Qalat Sherqat (Assur)",
			"ruler": "Shalmaneser III",
			"script": "Neo-Assyrian",
			"script_remarks": "inscribed",
			"script_type": "Cuneiform",
			"subgenre": "Shalmaneser III",
			"supergenre": "LIT"
		},
		"geometry": {
			"type": "Point",
			"coordinates": [43.262037,35.458121]
		}
	}, {
		"type": "Feature",
		"properties": {
			"id_composite": "Q004645",
			"cdli_id": "P463823",
			"collection": "Arkeoloji Müzeleri, Istanbul, Turkey",
			"credits": "Based on A. Kirk Grayson, Assyrian Rulers of the Early First Millennium BC II (858-745 BC) (RIMA 3), Toronto, 1996. Adapted by Jamie Novotny (2016) and lemmatized and updated by Nathan Morello (2016) for the Munich Open-access Cuneiform Corpus Initiative (MOCCI), a corpus-building initiative funded by LMU Munich and the Alexander von Humboldt Foundation (through the establishment of the Alexander von Humboldt Chair for Ancient History of the Near and Middle East) and based at the Historisches Seminar - Abteilung Alte Geschichte of Ludwig-Maximilians-Universität München. The annotated edition is released under the Creative Commons Attribution Share-Alike license 3.0. Please cite this page as http://oracc.org/riao/Q004645/.",
			"date_of_origin": "858-824",
			"designation": "Shalmaneser III 040",
			"display_name": "RIAo Shalmaneser III 040",
			"dynastic_seat": "Assyria",
			"exemplars": "Ist EŞEM 04650 (Ass 00742)",
			"genre": "Royal Inscription",
			"language": "Akkadian",
			"material": "stone",
			"object_type": "anthropomorphic statue",
			"period": "Neo-Assyrian",
			"pleiades_id": "893945",
			"popular_name": "RIMA 3 A.0.102.40",
			"primary_publication": "Shalmaneser III 040",
			"provenience": "Qalat Sherqat (Assur)",
			"ruler": "Shalmaneser III",
			"script": "Neo-Assyrian",
			"script_remarks": "inscribed",
			"script_type": "Cuneiform",
			"subgenre": "Shalmaneser III",
			"supergenre": "LIT"
		},
		"geometry": {
			"type": "Point",
			"coordinates": [43.262037,35.458121]
		}
	}, {
		"type": "Feature",
		"properties": {
			"id_composite": "Q004646",
			"cdli_id": "P463824",
			"collection": "Iraq Museum, Baghdad, Iraq",
			"credits": "Based on A. Kirk Grayson, Assyrian Rulers of the Early First Millennium BC II (858-745 BC) (RIMA 3), Toronto, 1996. Adapted by Jamie Novotny (2016) and lemmatized and updated by Nathan Morello (2016) for the Munich Open-access Cuneiform Corpus Initiative (MOCCI), a corpus-building initiative funded by LMU Munich and the Alexander von Humboldt Foundation (through the establishment of the Alexander von Humboldt Chair for Ancient History of the Near and Middle East) and based at the Historisches Seminar - Abteilung Alte Geschichte of Ludwig-Maximilians-Universität München. The annotated edition is released under the Creative Commons Attribution Share-Alike license 3.0. Please cite this page as http://oracc.org/riao/Q004646/.",
			"date_of_origin": "858-824",
			"designation": "Shalmaneser III 041",
			"display_name": "RIAo Shalmaneser III 041",
			"dynastic_seat": "Assyria",
			"exemplars": "IM - (HW 0044); IM 132847 (HW 0119); IM 132848  (HW 0194); IM 132849  (HW 0222); IM 132850  (HW 0204); IM 132851  (HW 0195); IM 112566 + IM 113629 (HW 0262 + HW 0353); IM 112567  (HW 0263); IM 113620  (HW 0354); IM 113626  (HW 0364); IM 113631  (HW 0356)",
			"genre": "Royal Inscription",
			"language": "Akkadian",
			"material": "clay",
			"object_type": "cone",
			"period": "Neo-Assyrian",
			"pleiades_id": "874728",
			"popular_name": "RIMA 3 A.0.102.41",
			"primary_publication": "Shalmaneser III 041",
			"provenience": "Tell al-Hawa",
			"ruler": "Shalmaneser III",
			"script": "Neo-Assyrian",
			"script_remarks": "inscribed",
			"script_type": "Cuneiform",
			"subgenre": "Shalmaneser III",
			"supergenre": "LIT"
		},
		"geometry": {
			"type": "Point",
			"coordinates": [42.301984,36.747619]
		}
	}, {
		"type": "Feature",
		"properties": {
			"id_composite": "Q004647",
			"cdli_id": "P463825",
			"collection": "Arkeoloji Müzeleri, Istanbul, Turkey; Vorderasiatisches Museum, Berlin, Germany",
			"credits": "Based on A. Kirk Grayson, Assyrian Rulers of the Early First Millennium BC II (858-745 BC) (RIMA 3), Toronto, 1996. Adapted by Jamie Novotny (2016) and lemmatized and updated by Nathan Morello (2016) for the Munich Open-access Cuneiform Corpus Initiative (MOCCI), a corpus-building initiative funded by LMU Munich and the Alexander von Humboldt Foundation (through the establishment of the Alexander von Humboldt Chair for Ancient History of the Near and Middle East) and based at the Historisches Seminar - Abteilung Alte Geschichte of Ludwig-Maximilians-Universität München. The annotated edition is released under the Creative Commons Attribution Share-Alike license 3.0. Please cite this page as http://oracc.org/riao/Q004647/.",
			"date_of_origin": "858-824",
			"designation": "Shalmaneser III 042",
			"display_name": "RIAo Shalmaneser III 042",
			"dynastic_seat": "Assyria",
			"exemplars": "Ist EŞEM 06750 (Ass 01377); Ist A 03352 + Ist A 03354 (Ass 01379h + Ass 01379m); VA Ass 02117 (Ass 08435a); Ist A 03576 (Ass 15475)",
			"genre": "Royal Inscription",
			"language": "Akkadian",
			"material": "clay",
			"object_type": "cone",
			"period": "Neo-Assyrian",
			"pleiades_id": "893945",
			"popular_name": "RIMA 3 A.0.102.42",
			"primary_publication": "Shalmaneser III 042",
			"provenience": "Qalat Sherqat (Assur)",
			"ruler": "Shalmaneser III",
			"script": "Neo-Assyrian",
			"script_remarks": "inscribed",
			"script_type": "Cuneiform",
			"subgenre": "Shalmaneser III",
			"supergenre": "LIT"
		},
		"geometry": {
			"type": "Point",
			"coordinates": [43.262037,35.458121]
		}
	}, {
		"type": "Feature",
		"properties": {
			"id_composite": "Q004648",
			"cdli_id": "P463826",
			"collection": "Arkeoloji Müzeleri, Istanbul, Turkey; Vorderasiatisches Museum, Berlin, Germany",
			"credits": "Based on A. Kirk Grayson, Assyrian Rulers of the Early First Millennium BC II (858-745 BC) (RIMA 3), Toronto, 1996. Adapted by Jamie Novotny (2016) and lemmatized and updated by Nathan Morello (2016) for the Munich Open-access Cuneiform Corpus Initiative (MOCCI), a corpus-building initiative funded by LMU Munich and the Alexander von Humboldt Foundation (through the establishment of the Alexander von Humboldt Chair for Ancient History of the Near and Middle East) and based at the Historisches Seminar - Abteilung Alte Geschichte of Ludwig-Maximilians-Universität München. The annotated edition is released under the Creative Commons Attribution Share-Alike license 3.0. Please cite this page as http://oracc.org/riao/Q004648/.",
			"date_of_origin": "858-824",
			"designation": "Shalmaneser III 043",
			"display_name": "RIAo Shalmaneser III 043",
			"dynastic_seat": "Assyria",
			"exemplars": "Ist A 03633 (Ass 19355a + Ass 19355b + Ass 19355c + Ass 19355d); VA Ass 02026 (Ass 09287); Ist A 03498 (Ass 10238b + Ass 10248a + Ass 10248c); Ist A 03348 (Ass 01377b); Ist A 03359 (Ass 01379(a)); Ist A 03349 (Ass 01379a); Ist A 03589 (Ass 16567); Ist A 03655; Ass 01378; Ist A 03358 (Ass 01379(b) + Ass 01379(c)); Ist A 03345 (Ass 01351); Ist A 03502 (Ass 10248f)",
			"genre": "Royal Inscription",
			"language": "Akkadian",
			"material": "clay",
			"object_type": "cone",
			"period": "Neo-Assyrian",
			"pleiades_id": "893945",
			"popular_name": "RIMA 3 A.0.102.43",
			"primary_publication": "Shalmaneser III 043",
			"provenience": "Qalat Sherqat (Assur)",
			"ruler": "Shalmaneser III",
			"script": "Neo-Assyrian",
			"script_remarks": "inscribed",
			"script_type": "Cuneiform",
			"subgenre": "Shalmaneser III",
			"supergenre": "LIT"
		},
		"geometry": {
			"type": "Point",
			"coordinates": [43.262037,35.458121]
		}
	}, {
		"type": "Feature",
		"properties": {
			"id_composite": "Q004649",
			"cdli_id": "P463827",
			"collection": "Vorderasiatisches Museum, Berlin, Germany; Arkeoloji Müzeleri, Istanbul, Turkey",
			"credits": "Based on A. Kirk Grayson, Assyrian Rulers of the Early First Millennium BC II (858-745 BC) (RIMA 3), Toronto, 1996. Adapted by Jamie Novotny (2016) and lemmatized and updated by Nathan Morello (2016) for the Munich Open-access Cuneiform Corpus Initiative (MOCCI), a corpus-building initiative funded by LMU Munich and the Alexander von Humboldt Foundation (through the establishment of the Alexander von Humboldt Chair for Ancient History of the Near and Middle East) and based at the Historisches Seminar - Abteilung Alte Geschichte of Ludwig-Maximilians-Universität München. The annotated edition is released under the Creative Commons Attribution Share-Alike license 3.0. Please cite this page as http://oracc.org/riao/Q004649/.",
			"date_of_origin": "858-824",
			"designation": "Shalmaneser III 044",
			"display_name": "RIAo Shalmaneser III 044",
			"dynastic_seat": "Assyria",
			"exemplars": "VA Ass 02020 (Ass 10322); VA 08444 (Ass 09976); VA Ass 02019 (Ass 09969); VA Ass 02021 (Ass 10237); VA Ass 02023 (Ass 11583); VA Ass 02024 (Ass 11556); VA Ass 02029 (Ass 10327); VA 08443 (Ass 19344); VA Ass 02022 (Ass 11391); VA Ass 02025 (Ass 10049); VA Ass 02027 (Ass 11446c); VA Ass 02030 (Ass 10093d + Ass 10112); VA Ass 02031 (Ass 19358 + Ass 19416); Ist A 03517 + Ist A 03518 (Ass 10335b); Ist A 03497 (Ass 10238a); Ist A 03527 (Ass 11569);  Ist A 03510 (Ass 10319b + Ass 10319f); A 03368 (Ass 02026); VA Ass 02036 (Ass 10699); Ist A 03513 (Ass 10319g + Ass 10327g); Ist A 03511 (Ass 10319c + Ass 10319d); Ist A 03512 (Ass 10319e); Ist A 03509 (Ass 10319a); Ist A 03485 (Ass 10093a); Ist A 03519 (Ass 10381); Ist A 03463 (Ass 07526); Ist A 03577 (Ass 15552); Ist A 03347 (Ass 01376); Ist A 03350 (Ass 01379c); Ist A 03357 (Ass 01379(d)); Ist A 03351 (Ass 01379g); Ist A 03360 (Ass 01425); Ist A 03393 (Ass 03828); Ist A 03404 (Ass 04478); Ist A 03408 (Ass 04656a + Ass 04656b + Ass 04656); Ist A 03409 (Ass 04705); Ist A 03410 (Ass 04734b); VA Ass 02108 (Ass 05357b); VA Ass 02109 (Ass 05357b); VA Ass 02112 (Ass 05595); VA Ass 02113 (Ass 05631); Ist A 03428 (Ass 05821); Ist A 03432 (Ass 05926); Ist A 03443 (Ass 06357); Ist A 03445 (Ass 06445); Ist A 03459 (Ass 07282); Ist A 03464 (Ass 07557); Ist A 03466 (Ass 07597); VA Ass 02115 (Ass 07938); VA Ass 02028 (Ass 07980); Ist A 03470 (Ass 08101); VA Ass 02044 (Ass 08389); VA Ass 02039 (Ass 08509); VA Ass 02050 (Ass 09017); VA Ass 02124 (Ass 09326); Ist A 03478 (Ass 10036); &lt;Ist A 03479 (Ass 10063); VA Ass 02038 (Ass 10069); Ist A 03481 + Ist A 03482 (Ass 10084b + Ass 10084c + Ass 10084d); Ist A 03484 (Ass 10084f); Ist A 03486 (Ass 10093b); Ist A 03487 (Ass 10093c); VA Ass 02037 (Ass 10093e); VA Ass 02035 (Ass 10093f); VA Ass 02042 (Ass 10093h); Ist A 03488 (Ass 10093i); VA Ass 02034 (Ass 10099a); Ist A 03489 (Ass 10099b); Ist A 03490 (Ass 10101 + Ass 10116m); VA Ass 02041 (Ass 10112c + Ass 10112f); VA Ass 02040 (Ass 10112p); Ist A 03491 (Ass 10119a); VA Ass 02033 (Ass 10099c + Ass 10119b); VA Ass 02046 (Ass 10130); VA Ass 02045 (Ass 10140b); Ist A 03499 (Ass 10238c); Ist A 03500 (Ass 10238d); Ist A 03501 (Ass 10248b); Ist A 03504 (Ass 10255a + Ass 10255b); Ist A 03506 (Ass 10307); Ist A 03507 (Ass 10313); Ist A 03508 (Ass 10318); VA Ass 02126 (Ass 10496); VA Ass 02127 (Ass 10587); VA Ass 02131 (Ass 10794); VA Ass 02136 (Ass 11077b); VA Ass 02043 (Ass 11132a); VA Ass 02047 (Ass 11132b); VA Ass 02137 (Ass 11136b); VA Ass 02032 (Ass 11394); Ist A 03530 (Ass 11606); Ist A 03534 (Ass 11699); Ist A 03535 (Ass 11768); Ist A 03537 (Ass 11912); Ist A 03538 (Ass 11913); Ist A 03540 (Ass 12154); Ist A 03541 (Ass 12155); Ist A 03545 (Ass 12244); Ist A 03546 (Ass 12399); Ist A 03551 (Ass 12761b + Ass 12761g); Ist A 03553 (Ass 12914); Ist A 03568 (Ass 13916); Ist A 03570 (Ass 15178); Ist A 03603 (Ass 18024); VA Ass 02099 (Ass 19416a); VA Ass 02100 (Ass 19416b); VA Ass 02101 (Ass 20959a + Ass 20959b); VA Ass 02268 (Ass 22340); Ist A 03656 (S 209BIS)",
			"genre": "Royal Inscription",
			"language": "Akkadian",
			"material": "clay",
			"object_type": "cone",
			"period": "Neo-Assyrian",
			"pleiades_id": "893945",
			"popular_name": "RIMA 3 A.0.102.44",
			"primary_publication": "Shalmaneser III 044",
			"provenience": "Qalat Sherqat (Assur)",
			"ruler": "Shalmaneser III",
			"script": "Neo-Assyrian",
			"script_remarks": "inscribed",
			"script_type": "Cuneiform",
			"subgenre": "Shalmaneser III",
			"supergenre": "LIT"
		},
		"geometry": {
			"type": "Point",
			"coordinates": [43.262037,35.458121]
		}
	}, {
		"type": "Feature",
		"properties": {
			"id_composite": "Q004650",
			"cdli_id": "P463828",
			"collection": "Arkeoloji Müzeleri, Istanbul, Turkey",
			"credits": "Based on A. Kirk Grayson, Assyrian Rulers of the Early First Millennium BC II (858-745 BC) (RIMA 3), Toronto, 1996. Adapted by Jamie Novotny (2016) and lemmatized and updated by Nathan Morello (2016) for the Munich Open-access Cuneiform Corpus Initiative (MOCCI), a corpus-building initiative funded by LMU Munich and the Alexander von Humboldt Foundation (through the establishment of the Alexander von Humboldt Chair for Ancient History of the Near and Middle East) and based at the Historisches Seminar - Abteilung Alte Geschichte of Ludwig-Maximilians-Universität München. The annotated edition is released under the Creative Commons Attribution Share-Alike license 3.0. Please cite this page as http://oracc.org/riao/Q004650/.",
			"date_of_origin": "858-824",
			"designation": "Shalmaneser III 045",
			"display_name": "RIAo Shalmaneser III 045",
			"dynastic_seat": "Assyria",
			"exemplars": "Ist A 03630 (Ass 19345a + Ass 19345b + Ass 19345c); Ist A 03631 + Ist A 03632 (Ass 19346 + Ass 19346a); Ist A 03631a (Ass 19346c)",
			"genre": "Royal Inscription",
			"language": "Akkadian",
			"material": "clay",
			"object_type": "cone",
			"period": "Neo-Assyrian",
			"pleiades_id": "893945",
			"popular_name": "RIMA 3 A.0.102.45",
			"primary_publication": "Shalmaneser III 045",
			"provenience": "Qalat Sherqat (Assur)",
			"ruler": "Shalmaneser III",
			"script": "Neo-Assyrian",
			"script_remarks": "inscribed",
			"script_type": "Cuneiform",
			"subgenre": "Shalmaneser III",
			"supergenre": "LIT"
		},
		"geometry": {
			"type": "Point",
			"coordinates": [43.262037,35.458121]
		}
	}, {
		"type": "Feature",
		"properties": {
			"id_composite": "Q004651",
			"cdli_id": "P463829",
			"collection": "Vorderasiatisches Museum, Berlin, Germany; British Museum, London, UK; Arkeoloji Müzeleri, Istanbul, Turkey",
			"credits": "Based on A. Kirk Grayson, Assyrian Rulers of the Early First Millennium BC II (858-745 BC) (RIMA 3), Toronto, 1996. Adapted by Jamie Novotny (2016) and lemmatized and updated by Nathan Morello (2016) for the Munich Open-access Cuneiform Corpus Initiative (MOCCI), a corpus-building initiative funded by LMU Munich and the Alexander von Humboldt Foundation (through the establishment of the Alexander von Humboldt Chair for Ancient History of the Near and Middle East) and based at the Historisches Seminar - Abteilung Alte Geschichte of Ludwig-Maximilians-Universität München. The annotated edition is released under the Creative Commons Attribution Share-Alike license 3.0. Please cite this page as http://oracc.org/riao/Q004651/.",
			"date_of_origin": "858-824",
			"designation": "Shalmaneser III 046",
			"display_name": "RIAo Shalmaneser III 046",
			"dynastic_seat": "Assyria",
			"exemplars": "VA Ass 02018 (Ass 10295); VA Ass 02058 (Ass 10495); BM 116399 (1922-08-12, 0054; Ass 09464); Ist A 03353 (Ass 13791)",
			"genre": "Royal Inscription",
			"language": "Akkadian",
			"material": "clay",
			"object_type": "cone",
			"period": "Neo-Assyrian",
			"pleiades_id": "893945",
			"popular_name": "RIMA 3 A.0.102.46",
			"primary_publication": "Shalmaneser III 046",
			"provenience": "Qalat Sherqat (Assur)",
			"ruler": "Shalmaneser III",
			"script": "Neo-Assyrian",
			"script_remarks": "inscribed",
			"script_type": "Cuneiform",
			"subgenre": "Shalmaneser III",
			"supergenre": "LIT"
		},
		"geometry": {
			"type": "Point",
			"coordinates": [43.262037,35.458121]
		}
	}, {
		"type": "Feature",
		"properties": {
			"id_composite": "Q004652",
			"cdli_id": "P463830",
			"collection": "Vorderasiatisches Museum, Berlin, Germany",
			"credits": "Based on A. Kirk Grayson, Assyrian Rulers of the Early First Millennium BC II (858-745 BC) (RIMA 3), Toronto, 1996. Adapted by Jamie Novotny (2016) and lemmatized and updated by Nathan Morello (2016) for the Munich Open-access Cuneiform Corpus Initiative (MOCCI), a corpus-building initiative funded by LMU Munich and the Alexander von Humboldt Foundation (through the establishment of the Alexander von Humboldt Chair for Ancient History of the Near and Middle East) and based at the Historisches Seminar - Abteilung Alte Geschichte of Ludwig-Maximilians-Universität München. The annotated edition is released under the Creative Commons Attribution Share-Alike license 3.0. Please cite this page as http://oracc.org/riao/Q004652/.",
			"date_of_origin": "858-824",
			"designation": "Shalmaneser III 047",
			"display_name": "RIAo Shalmaneser III 047",
			"dynastic_seat": "Assyria",
			"exemplars": "VA Ass 01852 (Ass 10235); Ass 10236; VA Ass 01855 (Ass 10328); VA Ass 01853 (Ass 10329)",
			"genre": "Royal Inscription",
			"language": "Akkadian",
			"material": "stone",
			"object_type": "door socket",
			"period": "Neo-Assyrian",
			"pleiades_id": "893945",
			"popular_name": "RIMA 3 A.0.102.47",
			"primary_publication": "Shalmaneser III 047",
			"provenience": "Qalat Sherqat (Assur)",
			"ruler": "Shalmaneser III",
			"script": "Neo-Assyrian",
			"script_remarks": "inscribed",
			"script_type": "Cuneiform",
			"subgenre": "Shalmaneser III",
			"supergenre": "LIT"
		},
		"geometry": {
			"type": "Point",
			"coordinates": [43.262037,35.458121]
		}
	}, {
		"type": "Feature",
		"properties": {
			"id_composite": "Q004653",
			"cdli_id": "P463831",
			"credits": "Based on A. Kirk Grayson, Assyrian Rulers of the Early First Millennium BC II (858-745 BC) (RIMA 3), Toronto, 1996. Adapted by Jamie Novotny (2016) and lemmatized and updated by Nathan Morello (2016) for the Munich Open-access Cuneiform Corpus Initiative (MOCCI), a corpus-building initiative funded by LMU Munich and the Alexander von Humboldt Foundation (through the establishment of the Alexander von Humboldt Chair for Ancient History of the Near and Middle East) and based at the Historisches Seminar - Abteilung Alte Geschichte of Ludwig-Maximilians-Universität München. The annotated edition is released under the Creative Commons Attribution Share-Alike license 3.0. Please cite this page as http://oracc.org/riao/Q004653/.",
			"date_of_origin": "858-824",
			"designation": "Shalmaneser III 048",
			"display_name": "RIAo Shalmaneser III 048",
			"dynastic_seat": "Assyria",
			"exemplars": "Ass 10217; Ass 10221",
			"genre": "Royal Inscription",
			"language": "Akkadian",
			"material": "stone",
			"object_type": "door socket",
			"period": "Neo-Assyrian",
			"pleiades_id": "893945",
			"popular_name": "RIMA 3 A.0.102.48",
			"primary_publication": "Shalmaneser III 048",
			"provenience": "Qalat Sherqat (Assur)",
			"ruler": "Shalmaneser III",
			"script": "Neo-Assyrian",
			"script_remarks": "inscribed",
			"script_type": "Cuneiform",
			"subgenre": "Shalmaneser III",
			"supergenre": "LIT"
		},
		"geometry": {
			"type": "Point",
			"coordinates": [43.262037,35.458121]
		}
	}, {
		"type": "Feature",
		"properties": {
			"id_composite": "Q004654",
			"cdli_id": "P463832",
			"credits": "Based on A. Kirk Grayson, Assyrian Rulers of the Early First Millennium BC II (858-745 BC) (RIMA 3), Toronto, 1996. Adapted by Jamie Novotny (2016) and lemmatized and updated by Nathan Morello (2016) for the Munich Open-access Cuneiform Corpus Initiative (MOCCI), a corpus-building initiative funded by LMU Munich and the Alexander von Humboldt Foundation (through the establishment of the Alexander von Humboldt Chair for Ancient History of the Near and Middle East) and based at the Historisches Seminar - Abteilung Alte Geschichte of Ludwig-Maximilians-Universität München. The annotated edition is released under the Creative Commons Attribution Share-Alike license 3.0. Please cite this page as http://oracc.org/riao/Q004654/.",
			"date_of_origin": "858-824",
			"designation": "Shalmaneser III 049",
			"display_name": "RIAo Shalmaneser III 049",
			"dynastic_seat": "Assyria",
			"exemplars": "Ass 08726; Ass 19743; Andrae, JIT pp. 113-114 (Ass -)",
			"genre": "Royal Inscription",
			"language": "Akkadian",
			"material": "stone",
			"object_type": "block",
			"period": "Neo-Assyrian",
			"pleiades_id": "893945",
			"popular_name": "RIMA 3 A.0.102.49",
			"primary_publication": "Shalmaneser III 049",
			"provenience": "Qalat Sherqat (Assur)",
			"ruler": "Shalmaneser III",
			"script": "Neo-Assyrian",
			"script_remarks": "inscribed",
			"script_type": "Cuneiform",
			"subgenre": "Shalmaneser III",
			"supergenre": "LIT"
		},
		"geometry": {
			"type": "Point",
			"coordinates": [43.262037,35.458121]
		}
	}, {
		"type": "Feature",
		"properties": {
			"id_composite": "Q004655",
			"cdli_id": "P463833",
			"credits": "Based on A. Kirk Grayson, Assyrian Rulers of the Early First Millennium BC II (858-745 BC) (RIMA 3), Toronto, 1996. Adapted by Jamie Novotny (2016) and lemmatized and updated by Nathan Morello (2016) for the Munich Open-access Cuneiform Corpus Initiative (MOCCI), a corpus-building initiative funded by LMU Munich and the Alexander von Humboldt Foundation (through the establishment of the Alexander von Humboldt Chair for Ancient History of the Near and Middle East) and based at the Historisches Seminar - Abteilung Alte Geschichte of Ludwig-Maximilians-Universität München. The annotated edition is released under the Creative Commons Attribution Share-Alike license 3.0. Please cite this page as http://oracc.org/riao/Q004655/.",
			"date_of_origin": "858-824",
			"designation": "Shalmaneser III 050",
			"display_name": "RIAo Shalmaneser III 050",
			"dynastic_seat": "Assyria",
			"exemplars": "Ass 13745",
			"genre": "Royal Inscription",
			"language": "Akkadian",
			"material": "clay",
			"object_type": "brick",
			"period": "Neo-Assyrian",
			"pleiades_id": "893945",
			"popular_name": "RIMA 3 A.0.102.50",
			"primary_publication": "Shalmaneser III 050",
			"provenience": "Qalat Sherqat (Assur)",
			"ruler": "Shalmaneser III",
			"script": "Neo-Assyrian",
			"script_remarks": "inscribed",
			"script_type": "Cuneiform",
			"subgenre": "Shalmaneser III",
			"supergenre": "LIT"
		},
		"geometry": {
			"type": "Point",
			"coordinates": [43.262037,35.458121]
		}
	}, {
		"type": "Feature",
		"properties": {
			"id_composite": "Q004656",
			"cdli_id": "P463834",
			"collection": "Vorderasiatisches Museum, Berlin, Germany",
			"credits": "Based on A. Kirk Grayson, Assyrian Rulers of the Early First Millennium BC II (858-745 BC) (RIMA 3), Toronto, 1996. Adapted by Jamie Novotny (2016) and lemmatized and updated by Nathan Morello (2016) for the Munich Open-access Cuneiform Corpus Initiative (MOCCI), a corpus-building initiative funded by LMU Munich and the Alexander von Humboldt Foundation (through the establishment of the Alexander von Humboldt Chair for Ancient History of the Near and Middle East) and based at the Historisches Seminar - Abteilung Alte Geschichte of Ludwig-Maximilians-Universität München. The annotated edition is released under the Creative Commons Attribution Share-Alike license 3.0. Please cite this page as http://oracc.org/riao/Q004656/.",
			"date_of_origin": "858-824",
			"designation": "Shalmaneser III 051",
			"display_name": "RIAo Shalmaneser III 051",
			"dynastic_seat": "Assyria",
			"exemplars": "VA Ass 03269 (Ass 14046 or Ass 14348); VA Ass 04310a (Ass 13744); Ass 12913; VA Ass 04301a (Ass 06647)",
			"genre": "Royal Inscription",
			"language": "Akkadian",
			"material": "clay",
			"object_type": "brick",
			"period": "Neo-Assyrian",
			"pleiades_id": "893945",
			"popular_name": "RIMA 3 A.0.102.51",
			"primary_publication": "Shalmaneser III 051",
			"provenience": "Qalat Sherqat (Assur)",
			"ruler": "Shalmaneser III",
			"script": "Neo-Assyrian",
			"script_remarks": "inscribed",
			"script_type": "Cuneiform",
			"subgenre": "Shalmaneser III",
			"supergenre": "LIT"
		},
		"geometry": {
			"type": "Point",
			"coordinates": [43.262037,35.458121]
		}
	}, {
		"type": "Feature",
		"properties": {
			"id_composite": "Q004657",
			"cdli_id": "P463835",
			"collection": "Arkeoloji Müzeleri, Istanbul, Turkey",
			"credits": "Based on A. Kirk Grayson, Assyrian Rulers of the Early First Millennium BC II (858-745 BC) (RIMA 3), Toronto, 1996. Adapted by Jamie Novotny (2016) and lemmatized and updated by Nathan Morello (2016) for the Munich Open-access Cuneiform Corpus Initiative (MOCCI), a corpus-building initiative funded by LMU Munich and the Alexander von Humboldt Foundation (through the establishment of the Alexander von Humboldt Chair for Ancient History of the Near and Middle East) and based at the Historisches Seminar - Abteilung Alte Geschichte of Ludwig-Maximilians-Universität München. The annotated edition is released under the Creative Commons Attribution Share-Alike license 3.0. Please cite this page as http://oracc.org/riao/Q004657/.",
			"date_of_origin": "858-824",
			"designation": "Shalmaneser III 052",
			"display_name": "RIAo Shalmaneser III 052",
			"dynastic_seat": "Assyria",
			"exemplars": "Ist A 03476 (Ass 10012)",
			"genre": "Royal Inscription",
			"language": "Akkadian",
			"material": "clay",
			"object_type": "cone",
			"period": "Neo-Assyrian",
			"pleiades_id": "893945",
			"popular_name": "RIMA 3 A.0.102.52",
			"primary_publication": "Shalmaneser III 052",
			"provenience": "Qalat Sherqat (Assur)",
			"ruler": "Shalmaneser III",
			"script": "Neo-Assyrian",
			"script_remarks": "inscribed",
			"script_type": "Cuneiform",
			"subgenre": "Shalmaneser III",
			"supergenre": "LIT"
		},
		"geometry": {
			"type": "Point",
			"coordinates": [43.262037,35.458121]
		}
	}, {
		"type": "Feature",
		"properties": {
			"id_composite": "Q004658",
			"cdli_id": "P463836",
			"collection": "Vorderasiatisches Museum, Berlin, Germany",
			"credits": "Based on A. Kirk Grayson, Assyrian Rulers of the Early First Millennium BC II (858-745 BC) (RIMA 3), Toronto, 1996. Adapted by Jamie Novotny (2016) and lemmatized and updated by Nathan Morello (2016) for the Munich Open-access Cuneiform Corpus Initiative (MOCCI), a corpus-building initiative funded by LMU Munich and the Alexander von Humboldt Foundation (through the establishment of the Alexander von Humboldt Chair for Ancient History of the Near and Middle East) and based at the Historisches Seminar - Abteilung Alte Geschichte of Ludwig-Maximilians-Universität München. The annotated edition is released under the Creative Commons Attribution Share-Alike license 3.0. Please cite this page as http://oracc.org/riao/Q004658/.",
			"date_of_origin": "858-824",
			"designation": "Shalmaneser III 053",
			"display_name": "RIAo Shalmaneser III 053",
			"dynastic_seat": "Assyria",
			"exemplars": "VA Ass 04301c (Ass 17086); Ass 17169",
			"genre": "Royal Inscription",
			"language": "Akkadian",
			"material": "clay",
			"object_type": "brick",
			"period": "Neo-Assyrian",
			"pleiades_id": "893945",
			"popular_name": "RIMA 3 A.0.102.53",
			"primary_publication": "Shalmaneser III 053",
			"provenience": "Qalat Sherqat (Assur)",
			"ruler": "Shalmaneser III",
			"script": "Neo-Assyrian",
			"script_remarks": "inscribed",
			"script_type": "Cuneiform",
			"subgenre": "Shalmaneser III",
			"supergenre": "LIT"
		},
		"geometry": {
			"type": "Point",
			"coordinates": [43.262037,35.458121]
		}
	}, {
		"type": "Feature",
		"properties": {
			"id_composite": "Q004659",
			"cdli_id": "P463837",
			"collection": "Vorderasiatisches Museum, Berlin, Germany",
			"credits": "Based on A. Kirk Grayson, Assyrian Rulers of the Early First Millennium BC II (858-745 BC) (RIMA 3), Toronto, 1996. Adapted by Jamie Novotny (2016) and lemmatized and updated by Nathan Morello (2016) for the Munich Open-access Cuneiform Corpus Initiative (MOCCI), a corpus-building initiative funded by LMU Munich and the Alexander von Humboldt Foundation (through the establishment of the Alexander von Humboldt Chair for Ancient History of the Near and Middle East) and based at the Historisches Seminar - Abteilung Alte Geschichte of Ludwig-Maximilians-Universität München. The annotated edition is released under the Creative Commons Attribution Share-Alike license 3.0. Please cite this page as http://oracc.org/riao/Q004659/.",
			"date_of_origin": "858-824",
			"designation": "Shalmaneser III 054",
			"display_name": "RIAo Shalmaneser III 054",
			"dynastic_seat": "Assyria",
			"exemplars": "VA Ass 01854 (Ass 12687); VA Ass 01856 (Ass 12688); Ass 12689; Ass 12690",
			"genre": "Royal Inscription",
			"language": "Akkadian",
			"material": "stone",
			"object_type": "door socket",
			"period": "Neo-Assyrian",
			"pleiades_id": "893945",
			"popular_name": "RIMA 3 A.0.102.54",
			"primary_publication": "Shalmaneser III 054",
			"provenience": "Qalat Sherqat (Assur)",
			"ruler": "Shalmaneser III",
			"script": "Neo-Assyrian",
			"script_remarks": "inscribed",
			"script_type": "Cuneiform",
			"subgenre": "Shalmaneser III",
			"supergenre": "LIT"
		},
		"geometry": {
			"type": "Point",
			"coordinates": [43.262037,35.458121]
		}
	}, {
		"type": "Feature",
		"properties": {
			"id_composite": "Q004660",
			"cdli_id": "P463838",
			"collection": "Vorderasiatisches Museum, Berlin, Germany",
			"credits": "Based on A. Kirk Grayson, Assyrian Rulers of the Early First Millennium BC II (858-745 BC) (RIMA 3), Toronto, 1996. Adapted by Jamie Novotny (2016) and lemmatized and updated by Nathan Morello (2016) for the Munich Open-access Cuneiform Corpus Initiative (MOCCI), a corpus-building initiative funded by LMU Munich and the Alexander von Humboldt Foundation (through the establishment of the Alexander von Humboldt Chair for Ancient History of the Near and Middle East) and based at the Historisches Seminar - Abteilung Alte Geschichte of Ludwig-Maximilians-Universität München. The annotated edition is released under the Creative Commons Attribution Share-Alike license 3.0. Please cite this page as http://oracc.org/riao/Q004660/.",
			"date_of_origin": "858-824",
			"designation": "Shalmaneser III 055",
			"display_name": "RIAo Shalmaneser III 055",
			"dynastic_seat": "Assyria",
			"exemplars": "Ass 18544; VA Ass 04308a (Ass 04778)",
			"genre": "Royal Inscription",
			"language": "Akkadian",
			"material": "clay",
			"object_type": "brick",
			"period": "Neo-Assyrian",
			"pleiades_id": "893945",
			"popular_name": "RIMA 3 A.0.102.55",
			"primary_publication": "Shalmaneser III 055",
			"provenience": "Qalat Sherqat (Assur)",
			"ruler": "Shalmaneser III",
			"script": "Neo-Assyrian",
			"script_remarks": "inscribed",
			"script_type": "Cuneiform",
			"subgenre": "Shalmaneser III",
			"supergenre": "LIT"
		},
		"geometry": {
			"type": "Point",
			"coordinates": [43.262037,35.458121]
		}
	}, {
		"type": "Feature",
		"properties": {
			"id_composite": "Q004661",
			"cdli_id": "P463839",
			"collection": "British Museum, London, UK",
			"credits": "Based on A. Kirk Grayson, Assyrian Rulers of the Early First Millennium BC II (858-745 BC) (RIMA 3), Toronto, 1996. Adapted by Jamie Novotny (2016) and lemmatized and updated by Nathan Morello (2016) for the Munich Open-access Cuneiform Corpus Initiative (MOCCI), a corpus-building initiative funded by LMU Munich and the Alexander von Humboldt Foundation (through the establishment of the Alexander von Humboldt Chair for Ancient History of the Near and Middle East) and based at the Historisches Seminar - Abteilung Alte Geschichte of Ludwig-Maximilians-Universität München. The annotated edition is released under the Creative Commons Attribution Share-Alike license 3.0. Please cite this page as http://oracc.org/riao/Q004661/.",
			"date_of_origin": "858-824",
			"designation": "Shalmaneser III 056",
			"display_name": "RIAo Shalmaneser III 056",
			"dynastic_seat": "Assyria",
			"exemplars": "BM 090534  (1979-12-20, 0278); BM 132265  (1958-02-08, 0008)",
			"genre": "Royal Inscription",
			"language": "Akkadian",
			"material": "clay",
			"object_type": "brick",
			"period": "Neo-Assyrian",
			"pleiades_id": "894019",
			"popular_name": "RIMA 3 A.0.102.56",
			"primary_publication": "Shalmaneser III 056",
			"provenience": "Nimrud (Kalhu)",
			"ruler": "Shalmaneser III",
			"script": "Neo-Assyrian",
			"script_remarks": "inscribed",
			"script_type": "Cuneiform",
			"subgenre": "Shalmaneser III",
			"supergenre": "LIT"
		},
		"geometry": {
			"type": "Point",
			"coordinates": [43.3275,36.099167]
		}
	}, {
		"type": "Feature",
		"properties": {
			"id_composite": "Q004662",
			"cdli_id": "P463840",
			"collection": "Iraq Museum, Baghdad, Iraq",
			"credits": "Based on A. Kirk Grayson, Assyrian Rulers of the Early First Millennium BC II (858-745 BC) (RIMA 3), Toronto, 1996. Adapted by Jamie Novotny (2016) and lemmatized and updated by Nathan Morello (2016) for the Munich Open-access Cuneiform Corpus Initiative (MOCCI), a corpus-building initiative funded by LMU Munich and the Alexander von Humboldt Foundation (through the establishment of the Alexander von Humboldt Chair for Ancient History of the Near and Middle East) and based at the Historisches Seminar - Abteilung Alte Geschichte of Ludwig-Maximilians-Universität München. The annotated edition is released under the Creative Commons Attribution Share-Alike license 3.0. Please cite this page as http://oracc.org/riao/Q004662/.",
			"date_of_origin": "858-824",
			"designation": "Shalmaneser III 057",
			"display_name": "RIAo Shalmaneser III 057",
			"dynastic_seat": "Assyria",
			"exemplars": "IM 065574 (ND 11000)",
			"genre": "Royal Inscription",
			"language": "Akkadian",
			"material": "stone",
			"object_type": "throne base",
			"period": "Neo-Assyrian",
			"pleiades_id": "894019",
			"popular_name": "RIMA 3 A.0.102.57",
			"primary_publication": "Shalmaneser III 057",
			"provenience": "Nimrud (Kalhu)",
			"ruler": "Shalmaneser III",
			"script": "Neo-Assyrian",
			"script_remarks": "inscribed",
			"script_type": "Cuneiform",
			"subgenre": "Shalmaneser III",
			"supergenre": "LIT"
		},
		"geometry": {
			"type": "Point",
			"coordinates": [43.3275,36.099167]
		}
	}, {
		"type": "Feature",
		"properties": {
			"id_composite": "Q004663",
			"cdli_id": "P463841",
			"collection": "University of Pennsylvania Museum of Archaeology and Anthropology, Philadelphia, Pennsylvania, USA",
			"credits": "Based on A. Kirk Grayson, Assyrian Rulers of the Early First Millennium BC II (858-745 BC) (RIMA 3), Toronto, 1996. Adapted by Jamie Novotny (2016) and lemmatized and updated by Nathan Morello (2016) for the Munich Open-access Cuneiform Corpus Initiative (MOCCI), a corpus-building initiative funded by LMU Munich and the Alexander von Humboldt Foundation (through the establishment of the Alexander von Humboldt Chair for Ancient History of the Near and Middle East) and based at the Historisches Seminar - Abteilung Alte Geschichte of Ludwig-Maximilians-Universität München. The annotated edition is released under the Creative Commons Attribution Share-Alike license 3.0. Please cite this page as http://oracc.org/riao/Q004663/.",
			"date_of_origin": "858-824",
			"designation": "Shalmaneser III 058",
			"display_name": "RIAo Shalmaneser III 058",
			"dynastic_seat": "Assyria",
			"exemplars": "UM 84-26-030",
			"genre": "Royal Inscription",
			"language": "Akkadian",
			"material": "clay",
			"object_type": "brick",
			"period": "Neo-Assyrian",
			"pleiades_id": "237391811",
			"popular_name": "RIMA 3 A.0.102.58",
			"primary_publication": "Shalmaneser III 058",
			"provenience": "Tell Billa (Šibaniba)",
			"ruler": "Shalmaneser III",
			"script": "Neo-Assyrian",
			"script_remarks": "inscribed",
			"script_type": "Cuneiform",
			"subgenre": "Shalmaneser III",
			"supergenre": "LIT"
		},
		"geometry": {
			"type": "Point",
			"coordinates": [43.347545,36.4330610]
		}
	}, {
		"type": "Feature",
		"properties": {
			"id_composite": "Q004664",
			"cdli_id": "P463842",
			"collection": "Iraq Museum, Baghdad, Iraq",
			"credits": "Based on A. Kirk Grayson, Assyrian Rulers of the Early First Millennium BC II (858-745 BC) (RIMA 3), Toronto, 1996. Adapted by Jamie Novotny (2016) and lemmatized and updated by Nathan Morello (2016) for the Munich Open-access Cuneiform Corpus Initiative (MOCCI), a corpus-building initiative funded by LMU Munich and the Alexander von Humboldt Foundation (through the establishment of the Alexander von Humboldt Chair for Ancient History of the Near and Middle East) and based at the Historisches Seminar - Abteilung Alte Geschichte of Ludwig-Maximilians-Universität München. The annotated edition is released under the Creative Commons Attribution Share-Alike license 3.0. Please cite this page as http://oracc.org/riao/Q004664/.",
			"date_of_origin": "858-824",
			"designation": "Shalmaneser III 059",
			"display_name": "RIAo Shalmaneser III 059",
			"dynastic_seat": "Assyria",
			"exemplars": "IM 065574 (ND 11000)",
			"genre": "Royal Inscription",
			"language": "Akkadian",
			"material": "stone",
			"object_type": "throne base",
			"period": "Neo-Assyrian",
			"pleiades_id": "894019",
			"popular_name": "RIMA 3 A.0.102.59",
			"primary_publication": "Shalmaneser III 059",
			"provenience": "Nimrud (Kalhu)",
			"ruler": "Shalmaneser III",
			"script": "Neo-Assyrian",
			"script_remarks": "inscribed",
			"script_type": "Cuneiform",
			"subgenre": "Shalmaneser III",
			"supergenre": "LIT"
		},
		"geometry": {
			"type": "Point",
			"coordinates": [43.3275,36.099167]
		}
	}, {
		"type": "Feature",
		"properties": {
			"id_composite": "Q004665",
			"cdli_id": "P463843",
			"collection": "Iraq Museum, Baghdad, Iraq",
			"credits": "Based on A. Kirk Grayson, Assyrian Rulers of the Early First Millennium BC II (858-745 BC) (RIMA 3), Toronto, 1996. Adapted by Jamie Novotny (2016) and lemmatized and updated by Nathan Morello (2016) for the Munich Open-access Cuneiform Corpus Initiative (MOCCI), a corpus-building initiative funded by LMU Munich and the Alexander von Humboldt Foundation (through the establishment of the Alexander von Humboldt Chair for Ancient History of the Near and Middle East) and based at the Historisches Seminar - Abteilung Alte Geschichte of Ludwig-Maximilians-Universität München. The annotated edition is released under the Creative Commons Attribution Share-Alike license 3.0. Please cite this page as http://oracc.org/riao/Q004665/.",
			"date_of_origin": "858-824",
			"designation": "Shalmaneser III 060",
			"display_name": "RIAo Shalmaneser III 060",
			"dynastic_seat": "Assyria",
			"exemplars": "IM 065574 (ND 11000)",
			"genre": "Royal Inscription",
			"language": "Akkadian",
			"material": "stone",
			"object_type": "throne base",
			"period": "Neo-Assyrian",
			"pleiades_id": "894019",
			"popular_name": "RIMA 3 A.0.102.60",
			"primary_publication": "Shalmaneser III 060",
			"provenience": "Nimrud (Kalhu)",
			"ruler": "Shalmaneser III",
			"script": "Neo-Assyrian",
			"script_remarks": "inscribed",
			"script_type": "Cuneiform",
			"subgenre": "Shalmaneser III",
			"supergenre": "LIT"
		},
		"geometry": {
			"type": "Point",
			"coordinates": [43.3275,36.099167]
		}
	}, {
		"type": "Feature",
		"properties": {
			"id_composite": "Q004666",
			"cdli_id": "P463844",
			"collection": "Iraq Museum, Baghdad, Iraq",
			"credits": "Based on A. Kirk Grayson, Assyrian Rulers of the Early First Millennium BC II (858-745 BC) (RIMA 3), Toronto, 1996. Adapted by Jamie Novotny (2016) and lemmatized and updated by Nathan Morello (2016) for the Munich Open-access Cuneiform Corpus Initiative (MOCCI), a corpus-building initiative funded by LMU Munich and the Alexander von Humboldt Foundation (through the establishment of the Alexander von Humboldt Chair for Ancient History of the Near and Middle East) and based at the Historisches Seminar - Abteilung Alte Geschichte of Ludwig-Maximilians-Universität München. The annotated edition is released under the Creative Commons Attribution Share-Alike license 3.0. Please cite this page as http://oracc.org/riao/Q004666/.",
			"date_of_origin": "858-824",
			"designation": "Shalmaneser III 061",
			"display_name": "RIAo Shalmaneser III 061",
			"dynastic_seat": "Assyria",
			"exemplars": "IM 065574 (ND 11000)",
			"genre": "Royal Inscription",
			"language": "Akkadian",
			"material": "stone",
			"object_type": "throne base",
			"period": "Neo-Assyrian",
			"pleiades_id": "894019",
			"popular_name": "RIMA 3 A.0.102.61",
			"primary_publication": "Shalmaneser III 061",
			"provenience": "Nimrud (Kalhu)",
			"ruler": "Shalmaneser III",
			"script": "Neo-Assyrian",
			"script_remarks": "inscribed",
			"script_type": "Cuneiform",
			"subgenre": "Shalmaneser III",
			"supergenre": "LIT"
		},
		"geometry": {
			"type": "Point",
			"coordinates": [43.3275,36.099167]
		}
	}, {
		"type": "Feature",
		"properties": {
			"id_composite": "Q004667",
			"cdli_id": "P463845",
			"collection": "Iraq Museum, Baghdad, Iraq",
			"credits": "Based on A. Kirk Grayson, Assyrian Rulers of the Early First Millennium BC II (858-745 BC) (RIMA 3), Toronto, 1996. Adapted by Jamie Novotny (2016) and lemmatized and updated by Nathan Morello (2016) for the Munich Open-access Cuneiform Corpus Initiative (MOCCI), a corpus-building initiative funded by LMU Munich and the Alexander von Humboldt Foundation (through the establishment of the Alexander von Humboldt Chair for Ancient History of the Near and Middle East) and based at the Historisches Seminar - Abteilung Alte Geschichte of Ludwig-Maximilians-Universität München. The annotated edition is released under the Creative Commons Attribution Share-Alike license 3.0. Please cite this page as http://oracc.org/riao/Q004667/.",
			"date_of_origin": "858-824",
			"designation": "Shalmaneser III 062",
			"display_name": "RIAo Shalmaneser III 062",
			"dynastic_seat": "Assyria",
			"exemplars": "IM 065574 (ND 11000)",
			"genre": "Royal Inscription",
			"language": "Akkadian",
			"material": "stone",
			"object_type": "throne base",
			"period": "Neo-Assyrian",
			"pleiades_id": "894019",
			"popular_name": "RIMA 3 A.0.102.62",
			"primary_publication": "Shalmaneser III 062",
			"provenience": "Nimrud (Kalhu)",
			"ruler": "Shalmaneser III",
			"script": "Neo-Assyrian",
			"script_remarks": "inscribed",
			"script_type": "Cuneiform",
			"subgenre": "Shalmaneser III",
			"supergenre": "LIT"
		},
		"geometry": {
			"type": "Point",
			"coordinates": [43.3275,36.099167]
		}
	}, {
		"type": "Feature",
		"properties": {
			"id_composite": "Q004668",
			"cdli_id": "P463846",
			"collection": "British Museum, London, UK",
			"credits": "Based on A. Kirk Grayson, Assyrian Rulers of the Early First Millennium BC II (858-745 BC) (RIMA 3), Toronto, 1996. Adapted by Jamie Novotny (2016) and lemmatized and updated by Nathan Morello (2016) for the Munich Open-access Cuneiform Corpus Initiative (MOCCI), a corpus-building initiative funded by LMU Munich and the Alexander von Humboldt Foundation (through the establishment of the Alexander von Humboldt Chair for Ancient History of the Near and Middle East) and based at the Historisches Seminar - Abteilung Alte Geschichte of Ludwig-Maximilians-Universität München. The annotated edition is released under the Creative Commons Attribution Share-Alike license 3.0. Please cite this page as http://oracc.org/riao/Q004668/.",
			"date_of_origin": "858-824",
			"designation": "Shalmaneser III 063",
			"display_name": "RIAo Shalmaneser III 063",
			"dynastic_seat": "Assyria",
			"exemplars": "BM - (Michel, WO 4 pp. 34-37)",
			"genre": "Royal Inscription",
			"language": "Akkadian",
			"material": "metal",
			"object_type": "door band",
			"period": "Neo-Assyrian",
			"pleiades_id": "90032637",
			"popular_name": "RIMA 3 A.0.102.63",
			"primary_publication": "Shalmaneser III 063",
			"provenience": "Balawat (Imgur-Enlil)",
			"ruler": "Shalmaneser III",
			"script": "Neo-Assyrian",
			"script_remarks": "inscribed",
			"script_type": "Cuneiform",
			"subgenre": "Shalmaneser III",
			"supergenre": "LIT"
		},
		"geometry": {
			"type": "Point",
			"coordinates": [43.414221,36.221946]
		}
	}, {
		"type": "Feature",
		"properties": {
			"id_composite": "Q004669",
			"cdli_id": "P463847",
			"collection": "British Museum, London, UK",
			"credits": "Based on A. Kirk Grayson, Assyrian Rulers of the Early First Millennium BC II (858-745 BC) (RIMA 3), Toronto, 1996. Adapted by Jamie Novotny (2016) and lemmatized and updated by Nathan Morello (2016) for the Munich Open-access Cuneiform Corpus Initiative (MOCCI), a corpus-building initiative funded by LMU Munich and the Alexander von Humboldt Foundation (through the establishment of the Alexander von Humboldt Chair for Ancient History of the Near and Middle East) and based at the Historisches Seminar - Abteilung Alte Geschichte of Ludwig-Maximilians-Universität München. The annotated edition is released under the Creative Commons Attribution Share-Alike license 3.0. Please cite this page as http://oracc.org/riao/Q004669/.",
			"date_of_origin": "858-824",
			"designation": "Shalmaneser III 064",
			"display_name": "RIAo Shalmaneser III 064",
			"dynastic_seat": "Assyria",
			"exemplars": "BM - (Michel, WO 4 pp. 34-37)",
			"genre": "Royal Inscription",
			"language": "Akkadian",
			"material": "metal",
			"object_type": "door band",
			"period": "Neo-Assyrian",
			"pleiades_id": "90032637",
			"popular_name": "RIMA 3 A.0.102.64",
			"primary_publication": "Shalmaneser III 064",
			"provenience": "Balawat (Imgur-Enlil)",
			"ruler": "Shalmaneser III",
			"script": "Neo-Assyrian",
			"script_remarks": "inscribed",
			"script_type": "Cuneiform",
			"subgenre": "Shalmaneser III",
			"supergenre": "LIT"
		},
		"geometry": {
			"type": "Point",
			"coordinates": [43.414221,36.221946]
		}
	}, {
		"type": "Feature",
		"properties": {
			"id_composite": "Q004670",
			"cdli_id": "P463848",
			"collection": "British Museum, London, UK",
			"credits": "Based on A. Kirk Grayson, Assyrian Rulers of the Early First Millennium BC II (858-745 BC) (RIMA 3), Toronto, 1996. Adapted by Jamie Novotny (2016) and lemmatized and updated by Nathan Morello (2016) for the Munich Open-access Cuneiform Corpus Initiative (MOCCI), a corpus-building initiative funded by LMU Munich and the Alexander von Humboldt Foundation (through the establishment of the Alexander von Humboldt Chair for Ancient History of the Near and Middle East) and based at the Historisches Seminar - Abteilung Alte Geschichte of Ludwig-Maximilians-Universität München. The annotated edition is released under the Creative Commons Attribution Share-Alike license 3.0. Please cite this page as http://oracc.org/riao/Q004670/.",
			"date_of_origin": "858-824",
			"designation": "Shalmaneser III 065",
			"display_name": "RIAo Shalmaneser III 065",
			"dynastic_seat": "Assyria",
			"exemplars": "BM - (Michel, WO 4 pp. 34-37)",
			"genre": "Royal Inscription",
			"language": "Akkadian",
			"material": "metal",
			"object_type": "door band",
			"period": "Neo-Assyrian",
			"pleiades_id": "90032637",
			"popular_name": "RIMA 3 A.0.102.65",
			"primary_publication": "Shalmaneser III 065",
			"provenience": "Balawat (Imgur-Enlil)",
			"ruler": "Shalmaneser III",
			"script": "Neo-Assyrian",
			"script_remarks": "inscribed",
			"script_type": "Cuneiform",
			"subgenre": "Shalmaneser III",
			"supergenre": "LIT"
		},
		"geometry": {
			"type": "Point",
			"coordinates": [43.414221,36.221946]
		}
	}, {
		"type": "Feature",
		"properties": {
			"id_composite": "Q004671",
			"cdli_id": "P463849",
			"collection": "British Museum, London, UK",
			"credits": "Based on A. Kirk Grayson, Assyrian Rulers of the Early First Millennium BC II (858-745 BC) (RIMA 3), Toronto, 1996. Adapted by Jamie Novotny (2016) and lemmatized and updated by Nathan Morello (2016) for the Munich Open-access Cuneiform Corpus Initiative (MOCCI), a corpus-building initiative funded by LMU Munich and the Alexander von Humboldt Foundation (through the establishment of the Alexander von Humboldt Chair for Ancient History of the Near and Middle East) and based at the Historisches Seminar - Abteilung Alte Geschichte of Ludwig-Maximilians-Universität München. The annotated edition is released under the Creative Commons Attribution Share-Alike license 3.0. Please cite this page as http://oracc.org/riao/Q004671/.",
			"date_of_origin": "858-824",
			"designation": "Shalmaneser III 066",
			"display_name": "RIAo Shalmaneser III 066",
			"dynastic_seat": "Assyria",
			"exemplars": "BM - (Michel, WO 4 pp. 34-37)",
			"genre": "Royal Inscription",
			"language": "Akkadian",
			"material": "metal",
			"object_type": "door band",
			"period": "Neo-Assyrian",
			"pleiades_id": "90032637",
			"popular_name": "RIMA 3 A.0.102.66",
			"primary_publication": "Shalmaneser III 066",
			"provenience": "Balawat (Imgur-Enlil)",
			"ruler": "Shalmaneser III",
			"script": "Neo-Assyrian",
			"script_remarks": "inscribed",
			"script_type": "Cuneiform",
			"subgenre": "Shalmaneser III",
			"supergenre": "LIT"
		},
		"geometry": {
			"type": "Point",
			"coordinates": [43.414221,36.221946]
		}
	}, {
		"type": "Feature",
		"properties": {
			"id_composite": "Q004672",
			"cdli_id": "P463850",
			"collection": "British Museum, London, UK",
			"credits": "Based on A. Kirk Grayson, Assyrian Rulers of the Early First Millennium BC II (858-745 BC) (RIMA 3), Toronto, 1996. Adapted by Jamie Novotny (2016) and lemmatized and updated by Nathan Morello (2016) for the Munich Open-access Cuneiform Corpus Initiative (MOCCI), a corpus-building initiative funded by LMU Munich and the Alexander von Humboldt Foundation (through the establishment of the Alexander von Humboldt Chair for Ancient History of the Near and Middle East) and based at the Historisches Seminar - Abteilung Alte Geschichte of Ludwig-Maximilians-Universität München. The annotated edition is released under the Creative Commons Attribution Share-Alike license 3.0. Please cite this page as http://oracc.org/riao/Q004672/.",
			"date_of_origin": "858-824",
			"designation": "Shalmaneser III 067",
			"display_name": "RIAo Shalmaneser III 067",
			"dynastic_seat": "Assyria",
			"exemplars": "BM - (Michel, WO 4 pp. 34-37)",
			"genre": "Royal Inscription",
			"language": "Akkadian",
			"material": "metal",
			"object_type": "door band",
			"period": "Neo-Assyrian",
			"pleiades_id": "90032637",
			"popular_name": "RIMA 3 A.0.102.67",
			"primary_publication": "Shalmaneser III 067",
			"provenience": "Balawat (Imgur-Enlil)",
			"ruler": "Shalmaneser III",
			"script": "Neo-Assyrian",
			"script_remarks": "inscribed",
			"script_type": "Cuneiform",
			"subgenre": "Shalmaneser III",
			"supergenre": "LIT"
		},
		"geometry": {
			"type": "Point",
			"coordinates": [43.414221,36.221946]
		}
	}, {
		"type": "Feature",
		"properties": {
			"id_composite": "Q004673",
			"cdli_id": "P463851",
			"collection": "British Museum, London, UK",
			"credits": "Based on A. Kirk Grayson, Assyrian Rulers of the Early First Millennium BC II (858-745 BC) (RIMA 3), Toronto, 1996. Adapted by Jamie Novotny (2016) and lemmatized and updated by Nathan Morello (2016) for the Munich Open-access Cuneiform Corpus Initiative (MOCCI), a corpus-building initiative funded by LMU Munich and the Alexander von Humboldt Foundation (through the establishment of the Alexander von Humboldt Chair for Ancient History of the Near and Middle East) and based at the Historisches Seminar - Abteilung Alte Geschichte of Ludwig-Maximilians-Universität München. The annotated edition is released under the Creative Commons Attribution Share-Alike license 3.0. Please cite this page as http://oracc.org/riao/Q004673/.",
			"date_of_origin": "858-824",
			"designation": "Shalmaneser III 068",
			"display_name": "RIAo Shalmaneser III 068",
			"dynastic_seat": "Assyria",
			"exemplars": "BM - (Michel, WO 4 pp. 34-37)",
			"genre": "Royal Inscription",
			"language": "Akkadian",
			"material": "metal",
			"object_type": "door band",
			"period": "Neo-Assyrian",
			"pleiades_id": "90032637",
			"popular_name": "RIMA 3 A.0.102.68",
			"primary_publication": "Shalmaneser III 068",
			"provenience": "Balawat (Imgur-Enlil)",
			"ruler": "Shalmaneser III",
			"script": "Neo-Assyrian",
			"script_remarks": "inscribed",
			"script_type": "Cuneiform",
			"subgenre": "Shalmaneser III",
			"supergenre": "LIT"
		},
		"geometry": {
			"type": "Point",
			"coordinates": [43.414221,36.221946]
		}
	}, {
		"type": "Feature",
		"properties": {
			"id_composite": "Q004674",
			"cdli_id": "P463852",
			"collection": "British Museum, London, UK",
			"credits": "Based on A. Kirk Grayson, Assyrian Rulers of the Early First Millennium BC II (858-745 BC) (RIMA 3), Toronto, 1996. Adapted by Jamie Novotny (2016) and lemmatized and updated by Nathan Morello (2016) for the Munich Open-access Cuneiform Corpus Initiative (MOCCI), a corpus-building initiative funded by LMU Munich and the Alexander von Humboldt Foundation (through the establishment of the Alexander von Humboldt Chair for Ancient History of the Near and Middle East) and based at the Historisches Seminar - Abteilung Alte Geschichte of Ludwig-Maximilians-Universität München. The annotated edition is released under the Creative Commons Attribution Share-Alike license 3.0. Please cite this page as http://oracc.org/riao/Q004674/.",
			"date_of_origin": "858-824",
			"designation": "Shalmaneser III 069",
			"display_name": "RIAo Shalmaneser III 069",
			"dynastic_seat": "Assyria",
			"exemplars": "BM - (Michel, WO 4 pp. 34-37)",
			"genre": "Royal Inscription",
			"language": "Akkadian",
			"material": "metal",
			"object_type": "door band",
			"period": "Neo-Assyrian",
			"pleiades_id": "90032637",
			"popular_name": "RIMA 3 A.0.102.69",
			"primary_publication": "Shalmaneser III 069",
			"provenience": "Balawat (Imgur-Enlil)",
			"ruler": "Shalmaneser III",
			"script": "Neo-Assyrian",
			"script_remarks": "inscribed",
			"script_type": "Cuneiform",
			"subgenre": "Shalmaneser III",
			"supergenre": "LIT"
		},
		"geometry": {
			"type": "Point",
			"coordinates": [43.414221,36.221946]
		}
	}, {
		"type": "Feature",
		"properties": {
			"id_composite": "Q004675",
			"cdli_id": "P463853",
			"collection": "British Museum, London, UK",
			"credits": "Based on A. Kirk Grayson, Assyrian Rulers of the Early First Millennium BC II (858-745 BC) (RIMA 3), Toronto, 1996. Adapted by Jamie Novotny (2016) and lemmatized and updated by Nathan Morello (2016) for the Munich Open-access Cuneiform Corpus Initiative (MOCCI), a corpus-building initiative funded by LMU Munich and the Alexander von Humboldt Foundation (through the establishment of the Alexander von Humboldt Chair for Ancient History of the Near and Middle East) and based at the Historisches Seminar - Abteilung Alte Geschichte of Ludwig-Maximilians-Universität München. The annotated edition is released under the Creative Commons Attribution Share-Alike license 3.0. Please cite this page as http://oracc.org/riao/Q004675/.",
			"date_of_origin": "858-824",
			"designation": "Shalmaneser III 070",
			"display_name": "RIAo Shalmaneser III 070",
			"dynastic_seat": "Assyria",
			"exemplars": "BM - (Michel, WO 4 pp. 34-37)",
			"genre": "Royal Inscription",
			"language": "Akkadian",
			"material": "metal",
			"object_type": "door band",
			"period": "Neo-Assyrian",
			"pleiades_id": "90032637",
			"popular_name": "RIMA 3 A.0.102.70",
			"primary_publication": "Shalmaneser III 070",
			"provenience": "Balawat (Imgur-Enlil)",
			"ruler": "Shalmaneser III",
			"script": "Neo-Assyrian",
			"script_remarks": "inscribed",
			"script_type": "Cuneiform",
			"subgenre": "Shalmaneser III",
			"supergenre": "LIT"
		},
		"geometry": {
			"type": "Point",
			"coordinates": [43.414221,36.221946]
		}
	}, {
		"type": "Feature",
		"properties": {
			"id_composite": "Q004676",
			"cdli_id": "P463854",
			"collection": "British Museum, London, UK",
			"credits": "Based on A. Kirk Grayson, Assyrian Rulers of the Early First Millennium BC II (858-745 BC) (RIMA 3), Toronto, 1996. Adapted by Jamie Novotny (2016) and lemmatized and updated by Nathan Morello (2016) for the Munich Open-access Cuneiform Corpus Initiative (MOCCI), a corpus-building initiative funded by LMU Munich and the Alexander von Humboldt Foundation (through the establishment of the Alexander von Humboldt Chair for Ancient History of the Near and Middle East) and based at the Historisches Seminar - Abteilung Alte Geschichte of Ludwig-Maximilians-Universität München. The annotated edition is released under the Creative Commons Attribution Share-Alike license 3.0. Please cite this page as http://oracc.org/riao/Q004676/.",
			"date_of_origin": "858-824",
			"designation": "Shalmaneser III 071",
			"display_name": "RIAo Shalmaneser III 071",
			"dynastic_seat": "Assyria",
			"exemplars": "BM - (Michel, WO 4 pp. 34-37)",
			"genre": "Royal Inscription",
			"language": "Akkadian",
			"material": "metal",
			"object_type": "door band",
			"period": "Neo-Assyrian",
			"pleiades_id": "90032637",
			"popular_name": "RIMA 3 A.0.102.71",
			"primary_publication": "Shalmaneser III 071",
			"provenience": "Balawat (Imgur-Enlil)",
			"ruler": "Shalmaneser III",
			"script": "Neo-Assyrian",
			"script_remarks": "inscribed",
			"script_type": "Cuneiform",
			"subgenre": "Shalmaneser III",
			"supergenre": "LIT"
		},
		"geometry": {
			"type": "Point",
			"coordinates": [43.414221,36.221946]
		}
	}, {
		"type": "Feature",
		"properties": {
			"id_composite": "Q004677",
			"cdli_id": "P463855",
			"collection": "British Museum, London, UK",
			"credits": "Based on A. Kirk Grayson, Assyrian Rulers of the Early First Millennium BC II (858-745 BC) (RIMA 3), Toronto, 1996. Adapted by Jamie Novotny (2016) and lemmatized and updated by Nathan Morello (2016) for the Munich Open-access Cuneiform Corpus Initiative (MOCCI), a corpus-building initiative funded by LMU Munich and the Alexander von Humboldt Foundation (through the establishment of the Alexander von Humboldt Chair for Ancient History of the Near and Middle East) and based at the Historisches Seminar - Abteilung Alte Geschichte of Ludwig-Maximilians-Universität München. The annotated edition is released under the Creative Commons Attribution Share-Alike license 3.0. Please cite this page as http://oracc.org/riao/Q004677/.",
			"date_of_origin": "858-824",
			"designation": "Shalmaneser III 072",
			"display_name": "RIAo Shalmaneser III 072",
			"dynastic_seat": "Assyria",
			"exemplars": "BM - (Michel, WO 4 pp. 34-37)",
			"genre": "Royal Inscription",
			"language": "Akkadian",
			"material": "metal",
			"object_type": "door band",
			"period": "Neo-Assyrian",
			"pleiades_id": "90032637",
			"popular_name": "RIMA 3 A.0.102.72",
			"primary_publication": "Shalmaneser III 072",
			"provenience": "Balawat (Imgur-Enlil)",
			"ruler": "Shalmaneser III",
			"script": "Neo-Assyrian",
			"script_remarks": "inscribed",
			"script_type": "Cuneiform",
			"subgenre": "Shalmaneser III",
			"supergenre": "LIT"
		},
		"geometry": {
			"type": "Point",
			"coordinates": [43.414221,36.221946]
		}
	}, {
		"type": "Feature",
		"properties": {
			"id_composite": "Q004678",
			"cdli_id": "P463856",
			"collection": "British Museum, London, UK",
			"credits": "Based on A. Kirk Grayson, Assyrian Rulers of the Early First Millennium BC II (858-745 BC) (RIMA 3), Toronto, 1996. Adapted by Jamie Novotny (2016) and lemmatized and updated by Nathan Morello (2016) for the Munich Open-access Cuneiform Corpus Initiative (MOCCI), a corpus-building initiative funded by LMU Munich and the Alexander von Humboldt Foundation (through the establishment of the Alexander von Humboldt Chair for Ancient History of the Near and Middle East) and based at the Historisches Seminar - Abteilung Alte Geschichte of Ludwig-Maximilians-Universität München. The annotated edition is released under the Creative Commons Attribution Share-Alike license 3.0. Please cite this page as http://oracc.org/riao/Q004678/.",
			"date_of_origin": "858-824",
			"designation": "Shalmaneser III 073",
			"display_name": "RIAo Shalmaneser III 073",
			"dynastic_seat": "Assyria",
			"exemplars": "BM - (Michel, WO 4 pp. 34-37)",
			"genre": "Royal Inscription",
			"language": "Akkadian",
			"material": "metal",
			"object_type": "door band",
			"period": "Neo-Assyrian",
			"pleiades_id": "90032637",
			"popular_name": "RIMA 3 A.0.102.73",
			"primary_publication": "Shalmaneser III 073",
			"provenience": "Balawat (Imgur-Enlil)",
			"ruler": "Shalmaneser III",
			"script": "Neo-Assyrian",
			"script_remarks": "inscribed",
			"script_type": "Cuneiform",
			"subgenre": "Shalmaneser III",
			"supergenre": "LIT"
		},
		"geometry": {
			"type": "Point",
			"coordinates": [43.414221,36.221946]
		}
	}, {
		"type": "Feature",
		"properties": {
			"id_composite": "Q004679",
			"cdli_id": "P463857",
			"collection": "British Museum, London, UK",
			"credits": "Based on A. Kirk Grayson, Assyrian Rulers of the Early First Millennium BC II (858-745 BC) (RIMA 3), Toronto, 1996. Adapted by Jamie Novotny (2016) and lemmatized and updated by Nathan Morello (2016) for the Munich Open-access Cuneiform Corpus Initiative (MOCCI), a corpus-building initiative funded by LMU Munich and the Alexander von Humboldt Foundation (through the establishment of the Alexander von Humboldt Chair for Ancient History of the Near and Middle East) and based at the Historisches Seminar - Abteilung Alte Geschichte of Ludwig-Maximilians-Universität München. The annotated edition is released under the Creative Commons Attribution Share-Alike license 3.0. Please cite this page as http://oracc.org/riao/Q004679/.",
			"date_of_origin": "858-824",
			"designation": "Shalmaneser III 074",
			"display_name": "RIAo Shalmaneser III 074",
			"dynastic_seat": "Assyria",
			"exemplars": "BM - (Michel, WO 4 pp. 34-37)",
			"genre": "Royal Inscription",
			"language": "Akkadian",
			"material": "metal",
			"object_type": "door band",
			"period": "Neo-Assyrian",
			"pleiades_id": "90032637",
			"popular_name": "RIMA 3 A.0.102.74",
			"primary_publication": "Shalmaneser III 074",
			"provenience": "Balawat (Imgur-Enlil)",
			"ruler": "Shalmaneser III",
			"script": "Neo-Assyrian",
			"script_remarks": "inscribed",
			"script_type": "Cuneiform",
			"subgenre": "Shalmaneser III",
			"supergenre": "LIT"
		},
		"geometry": {
			"type": "Point",
			"coordinates": [43.414221,36.221946]
		}
	}, {
		"type": "Feature",
		"properties": {
			"id_composite": "Q004680",
			"cdli_id": "P463858",
			"collection": "British Museum, London, UK",
			"credits": "Based on A. Kirk Grayson, Assyrian Rulers of the Early First Millennium BC II (858-745 BC) (RIMA 3), Toronto, 1996. Adapted by Jamie Novotny (2016) and lemmatized and updated by Nathan Morello (2016) for the Munich Open-access Cuneiform Corpus Initiative (MOCCI), a corpus-building initiative funded by LMU Munich and the Alexander von Humboldt Foundation (through the establishment of the Alexander von Humboldt Chair for Ancient History of the Near and Middle East) and based at the Historisches Seminar - Abteilung Alte Geschichte of Ludwig-Maximilians-Universität München. The annotated edition is released under the Creative Commons Attribution Share-Alike license 3.0. Please cite this page as http://oracc.org/riao/Q004680/.",
			"date_of_origin": "858-824",
			"designation": "Shalmaneser III 075",
			"display_name": "RIAo Shalmaneser III 075",
			"dynastic_seat": "Assyria",
			"exemplars": "BM - (Michel, WO 4 pp. 34-37)",
			"genre": "Royal Inscription",
			"language": "Akkadian",
			"material": "metal",
			"object_type": "door band",
			"period": "Neo-Assyrian",
			"pleiades_id": "90032637",
			"popular_name": "RIMA 3 A.0.102.75",
			"primary_publication": "Shalmaneser III 075",
			"provenience": "Balawat (Imgur-Enlil)",
			"ruler": "Shalmaneser III",
			"script": "Neo-Assyrian",
			"script_remarks": "inscribed",
			"script_type": "Cuneiform",
			"subgenre": "Shalmaneser III",
			"supergenre": "LIT"
		},
		"geometry": {
			"type": "Point",
			"coordinates": [43.414221,36.221946]
		}
	}, {
		"type": "Feature",
		"properties": {
			"id_composite": "Q004681",
			"cdli_id": "P463859",
			"collection": "British Museum, London, UK",
			"credits": "Based on A. Kirk Grayson, Assyrian Rulers of the Early First Millennium BC II (858-745 BC) (RIMA 3), Toronto, 1996. Adapted by Jamie Novotny (2016) and lemmatized and updated by Nathan Morello (2016) for the Munich Open-access Cuneiform Corpus Initiative (MOCCI), a corpus-building initiative funded by LMU Munich and the Alexander von Humboldt Foundation (through the establishment of the Alexander von Humboldt Chair for Ancient History of the Near and Middle East) and based at the Historisches Seminar - Abteilung Alte Geschichte of Ludwig-Maximilians-Universität München. The annotated edition is released under the Creative Commons Attribution Share-Alike license 3.0. Please cite this page as http://oracc.org/riao/Q004681/.",
			"date_of_origin": "858-824",
			"designation": "Shalmaneser III 076",
			"display_name": "RIAo Shalmaneser III 076",
			"dynastic_seat": "Assyria",
			"exemplars": "BM - (Michel, WO 4 pp. 34-37)",
			"genre": "Royal Inscription",
			"language": "Akkadian",
			"material": "metal",
			"object_type": "door band",
			"period": "Neo-Assyrian",
			"pleiades_id": "90032637",
			"popular_name": "RIMA 3 A.0.102.76",
			"primary_publication": "Shalmaneser III 076",
			"provenience": "Balawat (Imgur-Enlil)",
			"ruler": "Shalmaneser III",
			"script": "Neo-Assyrian",
			"script_remarks": "inscribed",
			"script_type": "Cuneiform",
			"subgenre": "Shalmaneser III",
			"supergenre": "LIT"
		},
		"geometry": {
			"type": "Point",
			"coordinates": [43.414221,36.221946]
		}
	}, {
		"type": "Feature",
		"properties": {
			"id_composite": "Q004682",
			"cdli_id": "P463860",
			"collection": "British Museum, London, UK",
			"credits": "Based on A. Kirk Grayson, Assyrian Rulers of the Early First Millennium BC II (858-745 BC) (RIMA 3), Toronto, 1996. Adapted by Jamie Novotny (2016) and lemmatized and updated by Nathan Morello (2016) for the Munich Open-access Cuneiform Corpus Initiative (MOCCI), a corpus-building initiative funded by LMU Munich and the Alexander von Humboldt Foundation (through the establishment of the Alexander von Humboldt Chair for Ancient History of the Near and Middle East) and based at the Historisches Seminar - Abteilung Alte Geschichte of Ludwig-Maximilians-Universität München. The annotated edition is released under the Creative Commons Attribution Share-Alike license 3.0. Please cite this page as http://oracc.org/riao/Q004682/.",
			"date_of_origin": "858-824",
			"designation": "Shalmaneser III 077",
			"display_name": "RIAo Shalmaneser III 077",
			"dynastic_seat": "Assyria",
			"exemplars": "BM - (Michel, WO 4 pp. 34-37)",
			"genre": "Royal Inscription",
			"language": "Akkadian",
			"material": "metal",
			"object_type": "door band",
			"period": "Neo-Assyrian",
			"pleiades_id": "90032637",
			"popular_name": "RIMA 3 A.0.102.77",
			"primary_publication": "Shalmaneser III 077",
			"provenience": "Balawat (Imgur-Enlil)",
			"ruler": "Shalmaneser III",
			"script": "Neo-Assyrian",
			"script_remarks": "inscribed",
			"script_type": "Cuneiform",
			"subgenre": "Shalmaneser III",
			"supergenre": "LIT"
		},
		"geometry": {
			"type": "Point",
			"coordinates": [43.414221,36.221946]
		}
	}, {
		"type": "Feature",
		"properties": {
			"id_composite": "Q004683",
			"cdli_id": "P463861",
			"collection": "British Museum, London, UK",
			"credits": "Based on A. Kirk Grayson, Assyrian Rulers of the Early First Millennium BC II (858-745 BC) (RIMA 3), Toronto, 1996. Adapted by Jamie Novotny (2016) and lemmatized and updated by Nathan Morello (2016) for the Munich Open-access Cuneiform Corpus Initiative (MOCCI), a corpus-building initiative funded by LMU Munich and the Alexander von Humboldt Foundation (through the establishment of the Alexander von Humboldt Chair for Ancient History of the Near and Middle East) and based at the Historisches Seminar - Abteilung Alte Geschichte of Ludwig-Maximilians-Universität München. The annotated edition is released under the Creative Commons Attribution Share-Alike license 3.0. Please cite this page as http://oracc.org/riao/Q004683/.",
			"date_of_origin": "858-824",
			"designation": "Shalmaneser III 078",
			"display_name": "RIAo Shalmaneser III 078",
			"dynastic_seat": "Assyria",
			"exemplars": "BM - (Michel, WO 4 pp. 34-37)",
			"genre": "Royal Inscription",
			"language": "Akkadian",
			"material": "metal",
			"object_type": "door band",
			"period": "Neo-Assyrian",
			"pleiades_id": "90032637",
			"popular_name": "RIMA 3 A.0.102.78",
			"primary_publication": "Shalmaneser III 078",
			"provenience": "Balawat (Imgur-Enlil)",
			"ruler": "Shalmaneser III",
			"script": "Neo-Assyrian",
			"script_remarks": "inscribed",
			"script_type": "Cuneiform",
			"subgenre": "Shalmaneser III",
			"supergenre": "LIT"
		},
		"geometry": {
			"type": "Point",
			"coordinates": [43.414221,36.221946]
		}
	}, {
		"type": "Feature",
		"properties": {
			"id_composite": "Q004684",
			"cdli_id": "P463862",
			"collection": "British Museum, London, UK",
			"credits": "Based on A. Kirk Grayson, Assyrian Rulers of the Early First Millennium BC II (858-745 BC) (RIMA 3), Toronto, 1996. Adapted by Jamie Novotny (2016) and lemmatized and updated by Nathan Morello (2016) for the Munich Open-access Cuneiform Corpus Initiative (MOCCI), a corpus-building initiative funded by LMU Munich and the Alexander von Humboldt Foundation (through the establishment of the Alexander von Humboldt Chair for Ancient History of the Near and Middle East) and based at the Historisches Seminar - Abteilung Alte Geschichte of Ludwig-Maximilians-Universität München. The annotated edition is released under the Creative Commons Attribution Share-Alike license 3.0. Please cite this page as http://oracc.org/riao/Q004684/.",
			"date_of_origin": "858-824",
			"designation": "Shalmaneser III 079",
			"display_name": "RIAo Shalmaneser III 079",
			"dynastic_seat": "Assyria",
			"exemplars": "BM - (Michel, WO 4 pp. 34-37)",
			"genre": "Royal Inscription",
			"language": "Akkadian",
			"material": "metal",
			"object_type": "door band",
			"period": "Neo-Assyrian",
			"pleiades_id": "90032637",
			"popular_name": "RIMA 3 A.0.102.79",
			"primary_publication": "Shalmaneser III 079",
			"provenience": "Balawat (Imgur-Enlil)",
			"ruler": "Shalmaneser III",
			"script": "Neo-Assyrian",
			"script_remarks": "inscribed",
			"script_type": "Cuneiform",
			"subgenre": "Shalmaneser III",
			"supergenre": "LIT"
		},
		"geometry": {
			"type": "Point",
			"coordinates": [43.414221,36.221946]
		}
	}, {
		"type": "Feature",
		"properties": {
			"id_composite": "Q004685",
			"cdli_id": "P463863",
			"collection": "British Museum, London, UK",
			"credits": "Based on A. Kirk Grayson, Assyrian Rulers of the Early First Millennium BC II (858-745 BC) (RIMA 3), Toronto, 1996. Adapted by Jamie Novotny (2016) and lemmatized and updated by Nathan Morello (2016) for the Munich Open-access Cuneiform Corpus Initiative (MOCCI), a corpus-building initiative funded by LMU Munich and the Alexander von Humboldt Foundation (through the establishment of the Alexander von Humboldt Chair for Ancient History of the Near and Middle East) and based at the Historisches Seminar - Abteilung Alte Geschichte of Ludwig-Maximilians-Universität München. The annotated edition is released under the Creative Commons Attribution Share-Alike license 3.0. Please cite this page as http://oracc.org/riao/Q004685/.",
			"date_of_origin": "858-824",
			"designation": "Shalmaneser III 080",
			"display_name": "RIAo Shalmaneser III 080",
			"dynastic_seat": "Assyria",
			"exemplars": "BM - (Michel, WO 4 pp. 34-37)",
			"genre": "Royal Inscription",
			"language": "Akkadian",
			"material": "metal",
			"object_type": "door band",
			"period": "Neo-Assyrian",
			"pleiades_id": "90032637",
			"popular_name": "RIMA 3 A.0.102.80",
			"primary_publication": "Shalmaneser III 080",
			"provenience": "Balawat (Imgur-Enlil)",
			"ruler": "Shalmaneser III",
			"script": "Neo-Assyrian",
			"script_remarks": "inscribed",
			"script_type": "Cuneiform",
			"subgenre": "Shalmaneser III",
			"supergenre": "LIT"
		},
		"geometry": {
			"type": "Point",
			"coordinates": [43.414221,36.221946]
		}
	}, {
		"type": "Feature",
		"properties": {
			"id_composite": "Q004686",
			"cdli_id": "P463864",
			"collection": "British Museum, London, UK",
			"credits": "Based on A. Kirk Grayson, Assyrian Rulers of the Early First Millennium BC II (858-745 BC) (RIMA 3), Toronto, 1996. Adapted by Jamie Novotny (2016) and lemmatized and updated by Nathan Morello (2016) for the Munich Open-access Cuneiform Corpus Initiative (MOCCI), a corpus-building initiative funded by LMU Munich and the Alexander von Humboldt Foundation (through the establishment of the Alexander von Humboldt Chair for Ancient History of the Near and Middle East) and based at the Historisches Seminar - Abteilung Alte Geschichte of Ludwig-Maximilians-Universität München. The annotated edition is released under the Creative Commons Attribution Share-Alike license 3.0. Please cite this page as http://oracc.org/riao/Q004686/.",
			"date_of_origin": "858-824",
			"designation": "Shalmaneser III 081",
			"display_name": "RIAo Shalmaneser III 081",
			"dynastic_seat": "Assyria",
			"exemplars": "BM - (Michel, WO 4 pp. 34-37)",
			"genre": "Royal Inscription",
			"language": "Akkadian",
			"material": "metal",
			"object_type": "door band",
			"period": "Neo-Assyrian",
			"pleiades_id": "90032637",
			"popular_name": "RIMA 3 A.0.102.81",
			"primary_publication": "Shalmaneser III 081",
			"provenience": "Balawat (Imgur-Enlil)",
			"ruler": "Shalmaneser III",
			"script": "Neo-Assyrian",
			"script_remarks": "inscribed",
			"script_type": "Cuneiform",
			"subgenre": "Shalmaneser III",
			"supergenre": "LIT"
		},
		"geometry": {
			"type": "Point",
			"coordinates": [43.414221,36.221946]
		}
	}, {
		"type": "Feature",
		"properties": {
			"id_composite": "Q004687",
			"cdli_id": "P463865",
			"collection": "British Museum, London, UK",
			"credits": "Based on A. Kirk Grayson, Assyrian Rulers of the Early First Millennium BC II (858-745 BC) (RIMA 3), Toronto, 1996. Adapted by Jamie Novotny (2016) and lemmatized and updated by Nathan Morello (2016) for the Munich Open-access Cuneiform Corpus Initiative (MOCCI), a corpus-building initiative funded by LMU Munich and the Alexander von Humboldt Foundation (through the establishment of the Alexander von Humboldt Chair for Ancient History of the Near and Middle East) and based at the Historisches Seminar - Abteilung Alte Geschichte of Ludwig-Maximilians-Universität München. The annotated edition is released under the Creative Commons Attribution Share-Alike license 3.0. Please cite this page as http://oracc.org/riao/Q004687/.",
			"date_of_origin": "858-824",
			"designation": "Shalmaneser III 082",
			"display_name": "RIAo Shalmaneser III 082",
			"dynastic_seat": "Assyria",
			"exemplars": "BM - (Michel, WO 4 pp. 34-37)",
			"genre": "Royal Inscription",
			"language": "Akkadian",
			"material": "metal",
			"object_type": "door band",
			"period": "Neo-Assyrian",
			"pleiades_id": "90032637",
			"popular_name": "RIMA 3 A.0.102.82",
			"primary_publication": "Shalmaneser III 082",
			"provenience": "Balawat (Imgur-Enlil)",
			"ruler": "Shalmaneser III",
			"script": "Neo-Assyrian",
			"script_remarks": "inscribed",
			"script_type": "Cuneiform",
			"subgenre": "Shalmaneser III",
			"supergenre": "LIT"
		},
		"geometry": {
			"type": "Point",
			"coordinates": [43.414221,36.221946]
		}
	}, {
		"type": "Feature",
		"properties": {
			"id_composite": "Q004688",
			"cdli_id": "P463866",
			"collection": "Walters Art Museum, Baltimore, Maryland, USA",
			"credits": "Based on A. Kirk Grayson, Assyrian Rulers of the Early First Millennium BC II (858-745 BC) (RIMA 3), Toronto, 1996. Adapted by Jamie Novotny (2016) and lemmatized and updated by Nathan Morello (2016) for the Munich Open-access Cuneiform Corpus Initiative (MOCCI), a corpus-building initiative funded by LMU Munich and the Alexander von Humboldt Foundation (through the establishment of the Alexander von Humboldt Chair for Ancient History of the Near and Middle East) and based at the Historisches Seminar - Abteilung Alte Geschichte of Ludwig-Maximilians-Universität München. The annotated edition is released under the Creative Commons Attribution Share-Alike license 3.0. Please cite this page as http://oracc.org/riao/Q004688/.",
			"date_of_origin": "858-824",
			"designation": "Shalmaneser III 083",
			"display_name": "RIAo Shalmaneser III 083",
			"dynastic_seat": "Assyria",
			"exemplars": "WAM 54.23358",
			"genre": "Royal Inscription",
			"language": "Akkadian",
			"material": "metal",
			"object_type": "door band",
			"period": "Neo-Assyrian",
			"pleiades_id": "90032637",
			"popular_name": "RIMA 3 A.0.102.83",
			"primary_publication": "Shalmaneser III 083",
			"provenience": "Balawat (Imgur-Enlil)",
			"ruler": "Shalmaneser III",
			"script": "Neo-Assyrian",
			"script_remarks": "inscribed",
			"script_type": "Cuneiform",
			"subgenre": "Shalmaneser III",
			"supergenre": "LIT"
		},
		"geometry": {
			"type": "Point",
			"coordinates": [43.414221,36.221946]
		}
	}, {
		"type": "Feature",
		"properties": {
			"id_composite": "Q004689",
			"cdli_id": "P463867",
			"collection": "Walters Art Museum, Baltimore, Maryland, USA",
			"credits": "Based on A. Kirk Grayson, Assyrian Rulers of the Early First Millennium BC II (858-745 BC) (RIMA 3), Toronto, 1996. Adapted by Jamie Novotny (2016) and lemmatized and updated by Nathan Morello (2016) for the Munich Open-access Cuneiform Corpus Initiative (MOCCI), a corpus-building initiative funded by LMU Munich and the Alexander von Humboldt Foundation (through the establishment of the Alexander von Humboldt Chair for Ancient History of the Near and Middle East) and based at the Historisches Seminar - Abteilung Alte Geschichte of Ludwig-Maximilians-Universität München. The annotated edition is released under the Creative Commons Attribution Share-Alike license 3.0. Please cite this page as http://oracc.org/riao/Q004689/.",
			"date_of_origin": "858-824",
			"designation": "Shalmaneser III 084",
			"display_name": "RIAo Shalmaneser III 084",
			"dynastic_seat": "Assyria",
			"exemplars": "WAM 54.2335A",
			"genre": "Royal Inscription",
			"language": "Akkadian",
			"material": "metal",
			"object_type": "door band",
			"period": "Neo-Assyrian",
			"pleiades_id": "90032637",
			"popular_name": "RIMA 3 A.0.102.84",
			"primary_publication": "Shalmaneser III 084",
			"provenience": "Balawat (Imgur-Enlil)",
			"ruler": "Shalmaneser III",
			"script": "Neo-Assyrian",
			"script_remarks": "inscribed",
			"script_type": "Cuneiform",
			"subgenre": "Shalmaneser III",
			"supergenre": "LIT"
		},
		"geometry": {
			"type": "Point",
			"coordinates": [43.414221,36.221946]
		}
	}, {
		"type": "Feature",
		"properties": {
			"id_composite": "Q004690",
			"cdli_id": "P463868",
			"collection": "British Museum, London, UK",
			"credits": "Based on A. Kirk Grayson, Assyrian Rulers of the Early First Millennium BC II (858-745 BC) (RIMA 3), Toronto, 1996. Adapted by Jamie Novotny (2016) and lemmatized and updated by Nathan Morello (2016) for the Munich Open-access Cuneiform Corpus Initiative (MOCCI), a corpus-building initiative funded by LMU Munich and the Alexander von Humboldt Foundation (through the establishment of the Alexander von Humboldt Chair for Ancient History of the Near and Middle East) and based at the Historisches Seminar - Abteilung Alte Geschichte of Ludwig-Maximilians-Universität München. The annotated edition is released under the Creative Commons Attribution Share-Alike license 3.0. Please cite this page as http://oracc.org/riao/Q004690/.",
			"date_of_origin": "858-824",
			"designation": "Shalmaneser III 085",
			"display_name": "RIAo Shalmaneser III 085",
			"dynastic_seat": "Assyria",
			"exemplars": "BM - (Michel, WO 4 pp. 34-37)",
			"genre": "Royal Inscription",
			"language": "Akkadian",
			"material": "metal",
			"object_type": "door band",
			"period": "Neo-Assyrian",
			"pleiades_id": "90032637",
			"popular_name": "RIMA 3 A.0.102.85",
			"primary_publication": "Shalmaneser III 085",
			"provenience": "Balawat (Imgur-Enlil)",
			"ruler": "Shalmaneser III",
			"script": "Neo-Assyrian",
			"script_remarks": "inscribed",
			"script_type": "Cuneiform",
			"subgenre": "Shalmaneser III",
			"supergenre": "LIT"
		},
		"geometry": {
			"type": "Point",
			"coordinates": [43.414221,36.221946]
		}
	}, {
		"type": "Feature",
		"properties": {
			"id_composite": "Q004691",
			"cdli_id": "P463869",
			"collection": "British Museum, London, UK",
			"credits": "Based on A. Kirk Grayson, Assyrian Rulers of the Early First Millennium BC II (858-745 BC) (RIMA 3), Toronto, 1996. Adapted by Jamie Novotny (2016) and lemmatized and updated by Nathan Morello (2016) for the Munich Open-access Cuneiform Corpus Initiative (MOCCI), a corpus-building initiative funded by LMU Munich and the Alexander von Humboldt Foundation (through the establishment of the Alexander von Humboldt Chair for Ancient History of the Near and Middle East) and based at the Historisches Seminar - Abteilung Alte Geschichte of Ludwig-Maximilians-Universität München. The annotated edition is released under the Creative Commons Attribution Share-Alike license 3.0. Please cite this page as http://oracc.org/riao/Q004691/.",
			"date_of_origin": "858-824",
			"designation": "Shalmaneser III 086",
			"display_name": "RIAo Shalmaneser III 086",
			"dynastic_seat": "Assyria",
			"exemplars": "BM - (Michel, WO 4 pp. 34-37)",
			"genre": "Royal Inscription",
			"language": "Akkadian",
			"material": "metal",
			"object_type": "door band",
			"period": "Neo-Assyrian",
			"pleiades_id": "90032637",
			"popular_name": "RIMA 3 A.0.102.86",
			"primary_publication": "Shalmaneser III 086",
			"provenience": "Balawat (Imgur-Enlil)",
			"ruler": "Shalmaneser III",
			"script": "Neo-Assyrian",
			"script_remarks": "inscribed",
			"script_type": "Cuneiform",
			"subgenre": "Shalmaneser III",
			"supergenre": "LIT"
		},
		"geometry": {
			"type": "Point",
			"coordinates": [43.414221,36.221946]
		}
	}, {
		"type": "Feature",
		"properties": {
			"id_composite": "Q004692",
			"cdli_id": "P463870",
			"collection": "British Museum, London, UK",
			"credits": "Based on A. Kirk Grayson, Assyrian Rulers of the Early First Millennium BC II (858-745 BC) (RIMA 3), Toronto, 1996. Adapted by Jamie Novotny (2016) and lemmatized and updated by Nathan Morello (2016) for the Munich Open-access Cuneiform Corpus Initiative (MOCCI), a corpus-building initiative funded by LMU Munich and the Alexander von Humboldt Foundation (through the establishment of the Alexander von Humboldt Chair for Ancient History of the Near and Middle East) and based at the Historisches Seminar - Abteilung Alte Geschichte of Ludwig-Maximilians-Universität München. The annotated edition is released under the Creative Commons Attribution Share-Alike license 3.0. Please cite this page as http://oracc.org/riao/Q004692/.",
			"date_of_origin": "858-824",
			"designation": "Shalmaneser III 087",
			"display_name": "RIAo Shalmaneser III 087",
			"dynastic_seat": "Assyria",
			"exemplars": "BM 118885 (1848-11-04, 0001)",
			"genre": "Royal Inscription",
			"language": "Akkadian",
			"material": "stone",
			"object_type": "obelisk",
			"period": "Neo-Assyrian",
			"pleiades_id": "894019",
			"popular_name": "RIMA 3 A.0.102.87",
			"primary_publication": "Shalmaneser III 087",
			"provenience": "Nimrud (Kalhu)",
			"ruler": "Shalmaneser III",
			"script": "Neo-Assyrian",
			"script_remarks": "inscribed",
			"script_type": "Cuneiform",
			"subgenre": "Shalmaneser III",
			"supergenre": "LIT"
		},
		"geometry": {
			"type": "Point",
			"coordinates": [43.3275,36.099167]
		}
	}, {
		"type": "Feature",
		"properties": {
			"id_composite": "Q004693",
			"cdli_id": "P463871",
			"collection": "British Museum, London, UK",
			"credits": "Based on A. Kirk Grayson, Assyrian Rulers of the Early First Millennium BC II (858-745 BC) (RIMA 3), Toronto, 1996. Adapted by Jamie Novotny (2016) and lemmatized and updated by Nathan Morello (2016) for the Munich Open-access Cuneiform Corpus Initiative (MOCCI), a corpus-building initiative funded by LMU Munich and the Alexander von Humboldt Foundation (through the establishment of the Alexander von Humboldt Chair for Ancient History of the Near and Middle East) and based at the Historisches Seminar - Abteilung Alte Geschichte of Ludwig-Maximilians-Universität München. The annotated edition is released under the Creative Commons Attribution Share-Alike license 3.0. Please cite this page as http://oracc.org/riao/Q004693/.",
			"date_of_origin": "858-824",
			"designation": "Shalmaneser III 088",
			"display_name": "RIAo Shalmaneser III 088",
			"dynastic_seat": "Assyria",
			"exemplars": "BM 118885 (1848-11-04, 0001)",
			"genre": "Royal Inscription",
			"language": "Akkadian",
			"material": "stone",
			"object_type": "obelisk",
			"period": "Neo-Assyrian",
			"pleiades_id": "894019",
			"popular_name": "RIMA 3 A.0.102.88",
			"primary_publication": "Shalmaneser III 088",
			"provenience": "Nimrud (Kalhu)",
			"ruler": "Shalmaneser III",
			"script": "Neo-Assyrian",
			"script_remarks": "inscribed",
			"script_type": "Cuneiform",
			"subgenre": "Shalmaneser III",
			"supergenre": "LIT"
		},
		"geometry": {
			"type": "Point",
			"coordinates": [43.3275,36.099167]
		}
	}, {
		"type": "Feature",
		"properties": {
			"id_composite": "Q004694",
			"cdli_id": "P463872",
			"collection": "British Museum, London, UK",
			"credits": "Based on A. Kirk Grayson, Assyrian Rulers of the Early First Millennium BC II (858-745 BC) (RIMA 3), Toronto, 1996. Adapted by Jamie Novotny (2016) and lemmatized and updated by Nathan Morello (2016) for the Munich Open-access Cuneiform Corpus Initiative (MOCCI), a corpus-building initiative funded by LMU Munich and the Alexander von Humboldt Foundation (through the establishment of the Alexander von Humboldt Chair for Ancient History of the Near and Middle East) and based at the Historisches Seminar - Abteilung Alte Geschichte of Ludwig-Maximilians-Universität München. The annotated edition is released under the Creative Commons Attribution Share-Alike license 3.0. Please cite this page as http://oracc.org/riao/Q004694/.",
			"date_of_origin": "858-824",
			"designation": "Shalmaneser III 089",
			"display_name": "RIAo Shalmaneser III 089",
			"dynastic_seat": "Assyria",
			"exemplars": "BM 118885 (1848-11-04, 0001)",
			"genre": "Royal Inscription",
			"language": "Akkadian",
			"material": "stone",
			"object_type": "obelisk",
			"period": "Neo-Assyrian",
			"pleiades_id": "894019",
			"popular_name": "RIMA 3 A.0.102.89",
			"primary_publication": "Shalmaneser III 089",
			"provenience": "Nimrud (Kalhu)",
			"ruler": "Shalmaneser III",
			"script": "Neo-Assyrian",
			"script_remarks": "inscribed",
			"script_type": "Cuneiform",
			"subgenre": "Shalmaneser III",
			"supergenre": "LIT"
		},
		"geometry": {
			"type": "Point",
			"coordinates": [43.3275,36.099167]
		}
	}, {
		"type": "Feature",
		"properties": {
			"id_composite": "Q004695",
			"cdli_id": "P463873",
			"collection": "British Museum, London, UK",
			"credits": "Based on A. Kirk Grayson, Assyrian Rulers of the Early First Millennium BC II (858-745 BC) (RIMA 3), Toronto, 1996. Adapted by Jamie Novotny (2016) and lemmatized and updated by Nathan Morello (2016) for the Munich Open-access Cuneiform Corpus Initiative (MOCCI), a corpus-building initiative funded by LMU Munich and the Alexander von Humboldt Foundation (through the establishment of the Alexander von Humboldt Chair for Ancient History of the Near and Middle East) and based at the Historisches Seminar - Abteilung Alte Geschichte of Ludwig-Maximilians-Universität München. The annotated edition is released under the Creative Commons Attribution Share-Alike license 3.0. Please cite this page as http://oracc.org/riao/Q004695/.",
			"date_of_origin": "858-824",
			"designation": "Shalmaneser III 090",
			"display_name": "RIAo Shalmaneser III 090",
			"dynastic_seat": "Assyria",
			"exemplars": "BM 118885 (1848-11-04, 0001)",
			"genre": "Royal Inscription",
			"language": "Akkadian",
			"material": "stone",
			"object_type": "obelisk",
			"period": "Neo-Assyrian",
			"pleiades_id": "894019",
			"popular_name": "RIMA 3 A.0.102.90",
			"primary_publication": "Shalmaneser III 090",
			"provenience": "Nimrud (Kalhu)",
			"ruler": "Shalmaneser III",
			"script": "Neo-Assyrian",
			"script_remarks": "inscribed",
			"script_type": "Cuneiform",
			"subgenre": "Shalmaneser III",
			"supergenre": "LIT"
		},
		"geometry": {
			"type": "Point",
			"coordinates": [43.3275,36.099167]
		}
	}, {
		"type": "Feature",
		"properties": {
			"id_composite": "Q004696",
			"cdli_id": "P463874",
			"collection": "British Museum, London, UK",
			"credits": "Based on A. Kirk Grayson, Assyrian Rulers of the Early First Millennium BC II (858-745 BC) (RIMA 3), Toronto, 1996. Adapted by Jamie Novotny (2016) and lemmatized and updated by Nathan Morello (2016) for the Munich Open-access Cuneiform Corpus Initiative (MOCCI), a corpus-building initiative funded by LMU Munich and the Alexander von Humboldt Foundation (through the establishment of the Alexander von Humboldt Chair for Ancient History of the Near and Middle East) and based at the Historisches Seminar - Abteilung Alte Geschichte of Ludwig-Maximilians-Universität München. The annotated edition is released under the Creative Commons Attribution Share-Alike license 3.0. Please cite this page as http://oracc.org/riao/Q004696/.",
			"date_of_origin": "858-824",
			"designation": "Shalmaneser III 091",
			"display_name": "RIAo Shalmaneser III 091",
			"dynastic_seat": "Assyria",
			"exemplars": "BM 118885 (1848-11-04, 0001)",
			"genre": "Royal Inscription",
			"language": "Akkadian",
			"material": "stone",
			"object_type": "obelisk",
			"period": "Neo-Assyrian",
			"pleiades_id": "894019",
			"popular_name": "RIMA 3 A.0.102.91",
			"primary_publication": "Shalmaneser III 091",
			"provenience": "Nimrud (Kalhu)",
			"ruler": "Shalmaneser III",
			"script": "Neo-Assyrian",
			"script_remarks": "inscribed",
			"script_type": "Cuneiform",
			"subgenre": "Shalmaneser III",
			"supergenre": "LIT"
		},
		"geometry": {
			"type": "Point",
			"coordinates": [43.3275,36.099167]
		}
	}, {
		"type": "Feature",
		"properties": {
			"id_composite": "Q004697",
			"cdli_id": "P463875",
			"credits": "Based on A. Kirk Grayson, Assyrian Rulers of the Early First Millennium BC II (858-745 BC) (RIMA 3), Toronto, 1996. Adapted by Jamie Novotny (2016) and lemmatized and updated by Nathan Morello (2016) for the Munich Open-access Cuneiform Corpus Initiative (MOCCI), a corpus-building initiative funded by LMU Munich and the Alexander von Humboldt Foundation (through the establishment of the Alexander von Humboldt Chair for Ancient History of the Near and Middle East) and based at the Historisches Seminar - Abteilung Alte Geschichte of Ludwig-Maximilians-Universität München. The annotated edition is released under the Creative Commons Attribution Share-Alike license 3.0. Please cite this page as http://oracc.org/riao/Q004697/.",
			"date_of_origin": "858-824",
			"designation": "Shalmaneser III 092",
			"display_name": "RIAo Shalmaneser III 092",
			"dynastic_seat": "Assyria",
			"exemplars": "Schroeder, AfK 2 pp. 70-71",
			"genre": "Royal Inscription",
			"language": "Akkadian",
			"material": "stone",
			"object_type": "bead",
			"period": "Neo-Assyrian",
			"pleiades_id": "893945",
			"popular_name": "RIMA 3 A.0.102.92",
			"primary_publication": "Shalmaneser III 092",
			"provenience": "Qalat Sherqat (Assur)",
			"ruler": "Shalmaneser III",
			"script": "Neo-Assyrian",
			"script_remarks": "inscribed",
			"script_type": "Cuneiform",
			"subgenre": "Shalmaneser III",
			"supergenre": "LIT"
		},
		"geometry": {
			"type": "Point",
			"coordinates": [43.262037,35.458121]
		}
	}, {
		"type": "Feature",
		"properties": {
			"id_composite": "Q004698",
			"cdli_id": "P463876",
			"credits": "Based on A. Kirk Grayson, Assyrian Rulers of the Early First Millennium BC II (858-745 BC) (RIMA 3), Toronto, 1996. Adapted by Jamie Novotny (2016) and lemmatized and updated by Nathan Morello (2016) for the Munich Open-access Cuneiform Corpus Initiative (MOCCI), a corpus-building initiative funded by LMU Munich and the Alexander von Humboldt Foundation (through the establishment of the Alexander von Humboldt Chair for Ancient History of the Near and Middle East) and based at the Historisches Seminar - Abteilung Alte Geschichte of Ludwig-Maximilians-Universität München. The annotated edition is released under the Creative Commons Attribution Share-Alike license 3.0. Please cite this page as http://oracc.org/riao/Q004698/.",
			"date_of_origin": "858-824",
			"designation": "Shalmaneser III 093",
			"display_name": "RIAo Shalmaneser III 093",
			"dynastic_seat": "Assyria",
			"exemplars": "Ass 06437; Ass 12822",
			"genre": "Royal Inscription",
			"language": "Akkadian",
			"material": "stone",
			"object_type": "door socket",
			"period": "Neo-Assyrian",
			"pleiades_id": "893945",
			"popular_name": "RIMA 3 A.0.102.93",
			"primary_publication": "Shalmaneser III 093",
			"provenience": "Qalat Sherqat (Assur)",
			"ruler": "Shalmaneser III",
			"script": "Neo-Assyrian",
			"script_remarks": "inscribed",
			"script_type": "Cuneiform",
			"subgenre": "Shalmaneser III",
			"supergenre": "LIT"
		},
		"geometry": {
			"type": "Point",
			"coordinates": [43.262037,35.458121]
		}
	}, {
		"type": "Feature",
		"properties": {
			"id_composite": "Q004699",
			"cdli_id": "P463877",
			"collection": "Arkeoloji Müzeleri, Istanbul, Turkey",
			"credits": "Based on A. Kirk Grayson, Assyrian Rulers of the Early First Millennium BC II (858-745 BC) (RIMA 3), Toronto, 1996. Adapted by Jamie Novotny (2016) and lemmatized and updated by Nathan Morello (2016) for the Munich Open-access Cuneiform Corpus Initiative (MOCCI), a corpus-building initiative funded by LMU Munich and the Alexander von Humboldt Foundation (through the establishment of the Alexander von Humboldt Chair for Ancient History of the Near and Middle East) and based at the Historisches Seminar - Abteilung Alte Geschichte of Ludwig-Maximilians-Universität München. The annotated edition is released under the Creative Commons Attribution Share-Alike license 3.0. Please cite this page as http://oracc.org/riao/Q004699/.",
			"date_of_origin": "858-824",
			"designation": "Shalmaneser III 094",
			"display_name": "RIAo Shalmaneser III 094",
			"dynastic_seat": "Assyria",
			"exemplars": "Ist EŞEM 07052 (Ass 10265)",
			"genre": "Royal Inscription",
			"language": "Akkadian",
			"material": "stone",
			"object_type": "mace head",
			"period": "Neo-Assyrian",
			"pleiades_id": "893945",
			"popular_name": "RIMA 3 A.0.102.94",
			"primary_publication": "Shalmaneser III 094",
			"provenience": "Qalat Sherqat (Assur)",
			"ruler": "Shalmaneser III",
			"script": "Neo-Assyrian",
			"script_remarks": "inscribed",
			"script_type": "Cuneiform",
			"subgenre": "Shalmaneser III",
			"supergenre": "LIT"
		},
		"geometry": {
			"type": "Point",
			"coordinates": [43.262037,35.458121]
		}
	}, {
		"type": "Feature",
		"properties": {
			"id_composite": "Q004700",
			"cdli_id": "P463878",
			"collection": "Mosul Museum, Mosul, Iraq",
			"credits": "Based on A. Kirk Grayson, Assyrian Rulers of the Early First Millennium BC II (858-745 BC) (RIMA 3), Toronto, 1996. Adapted by Jamie Novotny (2016) and lemmatized and updated by Nathan Morello (2016) for the Munich Open-access Cuneiform Corpus Initiative (MOCCI), a corpus-building initiative funded by LMU Munich and the Alexander von Humboldt Foundation (through the establishment of the Alexander von Humboldt Chair for Ancient History of the Near and Middle East) and based at the Historisches Seminar - Abteilung Alte Geschichte of Ludwig-Maximilians-Universität München. The annotated edition is released under the Creative Commons Attribution Share-Alike license 3.0. Please cite this page as http://oracc.org/riao/Q004700/.",
			"date_of_origin": "858-824",
			"designation": "Shalmaneser III 095",
			"display_name": "RIAo Shalmaneser III 095",
			"dynastic_seat": "Assyria",
			"exemplars": "IMM 002",
			"genre": "Royal Inscription",
			"language": "Akkadian",
			"material": "stone",
			"object_type": "altar",
			"period": "Neo-Assyrian",
			"pleiades_id": "874621",
			"popular_name": "RIMA 3 A.0.102.95",
			"primary_publication": "Shalmaneser III 095",
			"provenience": "Kuyunjik (Nineveh)",
			"ruler": "Shalmaneser III",
			"script": "Neo-Assyrian",
			"script_remarks": "inscribed",
			"script_type": "Cuneiform",
			"subgenre": "Shalmaneser III",
			"supergenre": "LIT"
		},
		"geometry": {
			"type": "Point",
			"coordinates": [43.151937,36.358684]
		}
	}, {
		"type": "Feature",
		"properties": {
			"id_composite": "Q004701",
			"cdli_id": "P463879",
			"collection": "British Museum, London, UK",
			"credits": "Based on A. Kirk Grayson, Assyrian Rulers of the Early First Millennium BC II (858-745 BC) (RIMA 3), Toronto, 1996. Adapted by Jamie Novotny (2016) and lemmatized and updated by Nathan Morello (2016) for the Munich Open-access Cuneiform Corpus Initiative (MOCCI), a corpus-building initiative funded by LMU Munich and the Alexander von Humboldt Foundation (through the establishment of the Alexander von Humboldt Chair for Ancient History of the Near and Middle East) and based at the Historisches Seminar - Abteilung Alte Geschichte of Ludwig-Maximilians-Universität München. The annotated edition is released under the Creative Commons Attribution Share-Alike license 3.0. Please cite this page as http://oracc.org/riao/Q004701/.",
			"date_of_origin": "858-824",
			"designation": "Shalmaneser III 096",
			"display_name": "RIAo Shalmaneser III 096",
			"dynastic_seat": "Assyria",
			"exemplars": "BM 131128 (1855-12-05, 0024); 1855-12-05, 0025",
			"genre": "Royal Inscription",
			"language": "Akkadian",
			"material": "stone",
			"object_type": "mace head",
			"period": "Neo-Assyrian",
			"pleiades_id": "30774368",
			"popular_name": "RIMA 3 A.0.102.96",
			"primary_publication": "Shalmaneser III 096",
			"provenience": "Tell Sherif Khan (Tarbisu)",
			"ruler": "Shalmaneser III",
			"script": "Neo-Assyrian",
			"script_remarks": "inscribed",
			"script_type": "Cuneiform",
			"subgenre": "Shalmaneser III",
			"supergenre": "LIT"
		},
		"geometry": {
			"type": "Point",
			"coordinates": [43.0773110,36.4087884]
		}
	}, {
		"type": "Feature",
		"properties": {
			"id_composite": "Q004702",
			"cdli_id": "P463880",
			"collection": "Yale Babylonian Collection, New Haven, Connecticut, USA",
			"credits": "Based on A. Kirk Grayson, Assyrian Rulers of the Early First Millennium BC II (858-745 BC) (RIMA 3), Toronto, 1996. Adapted by Jamie Novotny (2016) and lemmatized and updated by Nathan Morello (2016) for the Munich Open-access Cuneiform Corpus Initiative (MOCCI), a corpus-building initiative funded by LMU Munich and the Alexander von Humboldt Foundation (through the establishment of the Alexander von Humboldt Chair for Ancient History of the Near and Middle East) and based at the Historisches Seminar - Abteilung Alte Geschichte of Ludwig-Maximilians-Universität München. The annotated edition is released under the Creative Commons Attribution Share-Alike license 3.0. Please cite this page as http://oracc.org/riao/Q004702/.",
			"date_of_origin": "858-824",
			"designation": "Shalmaneser III 097",
			"display_name": "RIAo Shalmaneser III 097",
			"dynastic_seat": "Assyria",
			"exemplars": "YBC 02295",
			"genre": "Royal Inscription",
			"language": "Akkadian",
			"material": "stone",
			"object_type": "mace head",
			"period": "Neo-Assyrian",
			"pleiades_id": "29492",
			"popular_name": "RIMA 3 A.0.102.97",
			"primary_publication": "Shalmaneser III 097",
			"provenience": "Assyria",
			"ruler": "Shalmaneser III",
			"script": "Neo-Assyrian",
			"script_remarks": "inscribed",
			"script_type": "Cuneiform",
			"subgenre": "Shalmaneser III",
			"supergenre": "LIT"
		},
		"geometry": {
			"type": "Point",
			"coordinates": [43.2,36.2]
		}
	}, {
		"type": "Feature",
		"properties": {
			"id_composite": "Q004704",
			"cdli_id": "P463882",
			"collection": "Vorderasiatisches Museum, Berlin, Germany",
			"credits": "Based on A. Kirk Grayson, Assyrian Rulers of the Early First Millennium BC II (858-745 BC) (RIMA 3), Toronto, 1996. Adapted by Jamie Novotny (2016) and lemmatized and updated by Nathan Morello (2016) for the Munich Open-access Cuneiform Corpus Initiative (MOCCI), a corpus-building initiative funded by LMU Munich and the Alexander von Humboldt Foundation (through the establishment of the Alexander von Humboldt Chair for Ancient History of the Near and Middle East) and based at the Historisches Seminar - Abteilung Alte Geschichte of Ludwig-Maximilians-Universität München. The annotated edition is released under the Creative Commons Attribution Share-Alike license 3.0. Please cite this page as http://oracc.org/riao/Q004704/.",
			"date_of_origin": "858-824",
			"designation": "Shalmaneser III 099",
			"display_name": "RIAo Shalmaneser III 099",
			"dynastic_seat": "Assyria",
			"exemplars": "Ass 12139; VA Ass 03264d (Ass 10364); Ass 11317; VA Ass 03262g; VA Ass 03267 (possibly Ass 13425); VA Ass 03264b (Ass 05751); VA Ass 03264c (Ass 05862); VA Ass 04307b; VA Ass 03264a (possibly Ass 02892); Ass 10741; VA Ass 03271 (possibly Ass 20843); VA Ass 03273c; Ass 10425; Ass ph 4733 (Ass -)",
			"genre": "Royal Inscription",
			"language": "Akkadian",
			"material": "clay",
			"object_type": "brick",
			"period": "Neo-Assyrian",
			"pleiades_id": "893945",
			"popular_name": "RIMA 3 A.0.102.99",
			"primary_publication": "Shalmaneser III 099",
			"provenience": "Qalat Sherqat (Assur)",
			"ruler": "Shalmaneser III",
			"script": "Neo-Assyrian",
			"script_remarks": "inscribed",
			"script_type": "Cuneiform",
			"subgenre": "Shalmaneser III",
			"supergenre": "LIT"
		},
		"geometry": {
			"type": "Point",
			"coordinates": [43.262037,35.458121]
		}
	}, {
		"type": "Feature",
		"properties": {
			"id_composite": "Q004705",
			"cdli_id": "P463883",
			"collection": "Vorderasiatisches Museum, Berlin, Germany; Arkeoloji Müzeleri, Istanbul, Turkey",
			"credits": "Based on A. Kirk Grayson, Assyrian Rulers of the Early First Millennium BC II (858-745 BC) (RIMA 3), Toronto, 1996. Adapted by Jamie Novotny (2016) and lemmatized and updated by Nathan Morello (2016) for the Munich Open-access Cuneiform Corpus Initiative (MOCCI), a corpus-building initiative funded by LMU Munich and the Alexander von Humboldt Foundation (through the establishment of the Alexander von Humboldt Chair for Ancient History of the Near and Middle East) and based at the Historisches Seminar - Abteilung Alte Geschichte of Ludwig-Maximilians-Universität München. The annotated edition is released under the Creative Commons Attribution Share-Alike license 3.0. Please cite this page as http://oracc.org/riao/Q004705/.",
			"date_of_origin": "858-824",
			"designation": "Shalmaneser III 100",
			"display_name": "RIAo Shalmaneser III 100",
			"dynastic_seat": "Assyria",
			"exemplars": "Ass 12138; VA Ass 03262a (Ass 00963); Ass 12841i; Ass 03934; VA Ass 03262f; Ass 00978; VA Ass 03262b (Ass 05672); VA Ass 03262c (Ass 07436); VA Ass 03262d (possibly Ass 09505); VA Ass 03262e; Ass 10055; Ist EŞEM 09482 (Ass 05305)",
			"genre": "Royal Inscription",
			"language": "Akkadian",
			"material": "clay",
			"object_type": "brick",
			"period": "Neo-Assyrian",
			"pleiades_id": "893945",
			"popular_name": "RIMA 3 A.0.102.100",
			"primary_publication": "Shalmaneser III 100",
			"provenience": "Qalat Sherqat (Assur)",
			"ruler": "Shalmaneser III",
			"script": "Neo-Assyrian",
			"script_remarks": "inscribed, glazed",
			"script_type": "Cuneiform",
			"subgenre": "Shalmaneser III",
			"supergenre": "LIT"
		},
		"geometry": {
			"type": "Point",
			"coordinates": [43.262037,35.458121]
		}
	}, {
		"type": "Feature",
		"properties": {
			"id_composite": "Q004706",
			"cdli_id": "P463884",
			"credits": "Based on A. Kirk Grayson, Assyrian Rulers of the Early First Millennium BC II (858-745 BC) (RIMA 3), Toronto, 1996. Adapted by Jamie Novotny (2016) and lemmatized and updated by Nathan Morello (2016) for the Munich Open-access Cuneiform Corpus Initiative (MOCCI), a corpus-building initiative funded by LMU Munich and the Alexander von Humboldt Foundation (through the establishment of the Alexander von Humboldt Chair for Ancient History of the Near and Middle East) and based at the Historisches Seminar - Abteilung Alte Geschichte of Ludwig-Maximilians-Universität München. The annotated edition is released under the Creative Commons Attribution Share-Alike license 3.0. Please cite this page as http://oracc.org/riao/Q004706/.",
			"date_of_origin": "858-824",
			"designation": "Shalmaneser III 101",
			"display_name": "RIAo Shalmaneser III 101",
			"dynastic_seat": "Assyria",
			"exemplars": "Ass 10239",
			"genre": "Royal Inscription",
			"language": "Akkadian",
			"material": "clay",
			"object_type": "brick",
			"period": "Neo-Assyrian",
			"pleiades_id": "893945",
			"popular_name": "RIMA 3 A.0.102.101",
			"primary_publication": "Shalmaneser III 101",
			"provenience": "Qalat Sherqat (Assur)",
			"ruler": "Shalmaneser III",
			"script": "Neo-Assyrian",
			"script_remarks": "inscribed",
			"script_type": "Cuneiform",
			"subgenre": "Shalmaneser III",
			"supergenre": "LIT"
		},
		"geometry": {
			"type": "Point",
			"coordinates": [43.262037,35.458121]
		}
	}, {
		"type": "Feature",
		"properties": {
			"id_composite": "Q004707",
			"cdli_id": "P463885",
			"collection": "Vorderasiatisches Museum, Berlin, Germany; Arkeoloji Müzeleri, Istanbul, Turkey",
			"credits": "Based on A. Kirk Grayson, Assyrian Rulers of the Early First Millennium BC II (858-745 BC) (RIMA 3), Toronto, 1996. Adapted by Jamie Novotny (2016) and lemmatized and updated by Nathan Morello (2016) for the Munich Open-access Cuneiform Corpus Initiative (MOCCI), a corpus-building initiative funded by LMU Munich and the Alexander von Humboldt Foundation (through the establishment of the Alexander von Humboldt Chair for Ancient History of the Near and Middle East) and based at the Historisches Seminar - Abteilung Alte Geschichte of Ludwig-Maximilians-Universität München. The annotated edition is released under the Creative Commons Attribution Share-Alike license 3.0. Please cite this page as http://oracc.org/riao/Q004707/.",
			"date_of_origin": "858-824",
			"designation": "Shalmaneser III 102",
			"display_name": "RIAo Shalmaneser III 102",
			"dynastic_seat": "Assyria",
			"exemplars": "VA Ass 03272a (Ass 06658a); VA Ass 03272b (Ass 06658b); Ist EŞEM 09193 (Ass 06658c); VA Ass 03272c (Ass 06658d); VA Ass 03268 + VA Ass 03272d (Ass 06658e); VA Ass 03272c (Ass 06830)",
			"genre": "Royal Inscription",
			"language": "Akkadian",
			"material": "clay",
			"object_type": "brick",
			"period": "Neo-Assyrian",
			"pleiades_id": "893945",
			"popular_name": "RIMA 3 A.0.102.102",
			"primary_publication": "Shalmaneser III 102",
			"provenience": "Qalat Sherqat (Assur)",
			"ruler": "Shalmaneser III",
			"script": "Neo-Assyrian",
			"script_remarks": "stamped",
			"script_type": "Cuneiform",
			"subgenre": "Shalmaneser III",
			"supergenre": "LIT"
		},
		"geometry": {
			"type": "Point",
			"coordinates": [43.262037,35.458121]
		}
	}, {
		"type": "Feature",
		"properties": {
			"id_composite": "Q004708",
			"cdli_id": "P463886",
			"collection": "Vorderasiatisches Museum, Berlin, Germany",
			"credits": "Based on A. Kirk Grayson, Assyrian Rulers of the Early First Millennium BC II (858-745 BC) (RIMA 3), Toronto, 1996. Adapted by Jamie Novotny (2016) and lemmatized and updated by Nathan Morello (2016) for the Munich Open-access Cuneiform Corpus Initiative (MOCCI), a corpus-building initiative funded by LMU Munich and the Alexander von Humboldt Foundation (through the establishment of the Alexander von Humboldt Chair for Ancient History of the Near and Middle East) and based at the Historisches Seminar - Abteilung Alte Geschichte of Ludwig-Maximilians-Universität München. The annotated edition is released under the Creative Commons Attribution Share-Alike license 3.0. Please cite this page as http://oracc.org/riao/Q004708/.",
			"date_of_origin": "858-824",
			"designation": "Shalmaneser III 103",
			"display_name": "RIAo Shalmaneser III 103",
			"dynastic_seat": "Assyria",
			"exemplars": "VA Ass 03273a; VA Ass 03273b",
			"genre": "Royal Inscription",
			"language": "Akkadian",
			"material": "clay",
			"object_type": "brick",
			"period": "Neo-Assyrian",
			"pleiades_id": "893945",
			"popular_name": "RIMA 3 A.0.102.103",
			"primary_publication": "Shalmaneser III 103",
			"provenience": "Qalat Sherqat (Assur)",
			"ruler": "Shalmaneser III",
			"script": "Neo-Assyrian",
			"script_remarks": "stamped",
			"script_type": "Cuneiform",
			"subgenre": "Shalmaneser III",
			"supergenre": "LIT"
		},
		"geometry": {
			"type": "Point",
			"coordinates": [43.262037,35.458121]
		}
	}, {
		"type": "Feature",
		"properties": {
			"id_composite": "Q004709",
			"cdli_id": "P463887",
			"collection": "Vorderasiatisches Museum, Berlin, Germany; British Museum, London, UK",
			"credits": "Based on A. Kirk Grayson, Assyrian Rulers of the Early First Millennium BC II (858-745 BC) (RIMA 3), Toronto, 1996. Adapted by Jamie Novotny (2016) and lemmatized and updated by Nathan Morello (2016) for the Munich Open-access Cuneiform Corpus Initiative (MOCCI), a corpus-building initiative funded by LMU Munich and the Alexander von Humboldt Foundation (through the establishment of the Alexander von Humboldt Chair for Ancient History of the Near and Middle East) and based at the Historisches Seminar - Abteilung Alte Geschichte of Ludwig-Maximilians-Universität München. The annotated edition is released under the Creative Commons Attribution Share-Alike license 3.0. Please cite this page as http://oracc.org/riao/Q004709/.",
			"date_of_origin": "858-824",
			"designation": "Shalmaneser III 104",
			"display_name": "RIAo Shalmaneser III 104",
			"dynastic_seat": "Assyria",
			"exemplars": "Ass 10325; Ass 10343; Ass 10271; VA Ass 03260a (Ass 01746); VA Ass 03260b (Ass 02542); VA Ass 03260c (Ass 09362); VA Ass 03260d); VA Ass 03274c (Ass ....8); VA Ass 04301b (Ass 13997a); VA Ass 03270b; VA Ass 04307a (Ass 05849); BM 090360 (1848-11-04, 0032); Ass 10383",
			"genre": "Royal Inscription",
			"language": "Akkadian",
			"material": "clay",
			"object_type": "brick",
			"period": "Neo-Assyrian",
			"pleiades_id": "237391811",
			"popular_name": "RIMA 3 A.0.102.104",
			"primary_publication": "Shalmaneser III 104",
			"provenience": "Tell Billa (Šibaniba)",
			"ruler": "Shalmaneser III",
			"script": "Neo-Assyrian",
			"script_remarks": "inscribed, stamped",
			"script_type": "Cuneiform",
			"subgenre": "Shalmaneser III",
			"supergenre": "LIT"
		},
		"geometry": {
			"type": "Point",
			"coordinates": [43.347545,36.4330610]
		}
	}, {
		"type": "Feature",
		"properties": {
			"id_composite": "Q004710",
			"cdli_id": "P463888",
			"collection": "British Museum, London, UK",
			"credits": "Based on A. Kirk Grayson, Assyrian Rulers of the Early First Millennium BC II (858-745 BC) (RIMA 3), Toronto, 1996. Adapted by Jamie Novotny (2016) and lemmatized and updated by Nathan Morello (2016) for the Munich Open-access Cuneiform Corpus Initiative (MOCCI), a corpus-building initiative funded by LMU Munich and the Alexander von Humboldt Foundation (through the establishment of the Alexander von Humboldt Chair for Ancient History of the Near and Middle East) and based at the Historisches Seminar - Abteilung Alte Geschichte of Ludwig-Maximilians-Universität München. The annotated edition is released under the Creative Commons Attribution Share-Alike license 3.0. Please cite this page as http://oracc.org/riao/Q004710/.",
			"date_of_origin": "858-824",
			"designation": "Shalmaneser III 105",
			"display_name": "RIAo Shalmaneser III 105",
			"dynastic_seat": "Assyria",
			"exemplars": "BM 090221 (1979-12-20, 0133); BM 090223 (1979-12-20, 0135); BM 090747 (1979-12-20, 0334)",
			"genre": "Royal Inscription",
			"language": "Akkadian",
			"material": "clay",
			"object_type": "brick",
			"period": "Neo-Assyrian",
			"pleiades_id": "29492",
			"popular_name": "RIMA 3 A.0.102.105",
			"primary_publication": "Shalmaneser III 105",
			"provenience": "Assyria",
			"ruler": "Shalmaneser III",
			"script": "Neo-Assyrian",
			"script_remarks": "inscribed",
			"script_type": "Cuneiform",
			"subgenre": "Shalmaneser III",
			"supergenre": "LIT"
		},
		"geometry": {
			"type": "Point",
			"coordinates": [43.2,36.2]
		}
	}, {
		"type": "Feature",
		"properties": {
			"id_composite": "Q004711",
			"cdli_id": "P463889",
			"collection": "Vorderasiatisches Museum, Berlin, Germany; Arkeoloji Müzeleri, Istanbul, Turkey; British Museum, London, UK; Birmingham Museums and Art Gallery, Birmingham, UK; Iraq Museum, Baghdad, Iraq; Muzeum Narodowym w Krakowie, Cracow, Poland",
			"credits": "Based on A. Kirk Grayson, Assyrian Rulers of the Early First Millennium BC II (858-745 BC) (RIMA 3), Toronto, 1996. Adapted by Jamie Novotny (2016) and lemmatized and updated by Nathan Morello (2016) for the Munich Open-access Cuneiform Corpus Initiative (MOCCI), a corpus-building initiative funded by LMU Munich and the Alexander von Humboldt Foundation (through the establishment of the Alexander von Humboldt Chair for Ancient History of the Near and Middle East) and based at the Historisches Seminar - Abteilung Alte Geschichte of Ludwig-Maximilians-Universität München. The annotated edition is released under the Creative Commons Attribution Share-Alike license 3.0. Please cite this page as http://oracc.org/riao/Q004711/.",
			"date_of_origin": "858-824",
			"designation": "Shalmaneser III 106",
			"display_name": "RIAo Shalmaneser III 106",
			"dynastic_seat": "Assyria",
			"exemplars": "VA Ass 03261a (Ass 01271); VA Ass 04300 (Ass 02415); Ass 11738; VA Ass 03261c (Ass 17570); VA Ass 03261d (Ass 17576); VA Ass 03270a; Ist EŞEM 06661; Ist EŞEM 06663; Ist EŞEM 09307; VA Ass 03265b (Ass 09341); VA Ass 03265a (Ass 09342); VA Ass 03265c; VA Ass 03265d; VA Ass 03265e; Ass 18539;  Ist EŞEM 06652; Ist EŞEM 06669; Ist EŞEM 0920- (Ass 09733); Ist EŞEM -; VA Ass 03261b (Ass 09353); Ass 17659; VA Ass 03266 (Ass 22585); BM 090298 (1848-11-04, 0033); BM 090354 (1979-12-20, 0211); BM 137455 (1929-10-12, 0165); BM 137462 (1929-10-12, 0172 + 1929-10-12, 0174); BCM A 056-087; BCM A 068-087; AAA 18 no. 35; AAA 19 p. 115; IM -; StL -; 1856-09-09, 0142; BM 099097 (Ki 1904-10-09, 0126); BM 099098 (Ki 1904-10-09, 0127); BM 139276 (1932-12-10, 0730); MNK -; Ist EŞEM -; Ass 10210; Ass 10234; Ass 05917; Ass 05507; Ass 06401",
			"genre": "Royal Inscription",
			"language": "Akkadian",
			"material": "clay",
			"object_type": "brick",
			"period": "Neo-Assyrian",
			"pleiades_id": "893945",
			"popular_name": "RIMA 3 A.0.102.106",
			"primary_publication": "Shalmaneser III 106",
			"provenience": "Qalat Sherqat (Assur)",
			"ruler": "Shalmaneser III",
			"script": "Neo-Assyrian",
			"script_remarks": "inscribed",
			"script_type": "Cuneiform",
			"subgenre": "Shalmaneser III",
			"supergenre": "LIT"
		},
		"geometry": {
			"type": "Point",
			"coordinates": [43.262037,35.458121]
		}
	}, {
		"type": "Feature",
		"properties": {
			"id_composite": "Q004712",
			"cdli_id": "P463890",
			"collection": "British Museum, London, UK; Birmingham Museums and Art Gallery, Birmingham, UK",
			"credits": "Based on A. Kirk Grayson, Assyrian Rulers of the Early First Millennium BC II (858-745 BC) (RIMA 3), Toronto, 1996. Adapted by Jamie Novotny (2016) and lemmatized and updated by Nathan Morello (2016) for the Munich Open-access Cuneiform Corpus Initiative (MOCCI), a corpus-building initiative funded by LMU Munich and the Alexander von Humboldt Foundation (through the establishment of the Alexander von Humboldt Chair for Ancient History of the Near and Middle East) and based at the Historisches Seminar - Abteilung Alte Geschichte of Ludwig-Maximilians-Universität München. The annotated edition is released under the Creative Commons Attribution Share-Alike license 3.0. Please cite this page as http://oracc.org/riao/Q004712/.",
			"date_of_origin": "858-824",
			"designation": "Shalmaneser III 107",
			"display_name": "RIAo Shalmaneser III 107",
			"dynastic_seat": "Assyria",
			"exemplars": "BM 137465 (1929-10-12, 0176); BCM 0363-079; Arch. 79 no. 62; BCM 0101-033",
			"genre": "Royal Inscription",
			"language": "Akkadian",
			"material": "clay",
			"object_type": "brick",
			"period": "Neo-Assyrian",
			"pleiades_id": "874621",
			"popular_name": "RIMA 3 A.0.102.107",
			"primary_publication": "Shalmaneser III 107",
			"provenience": "Kuyunjik (Nineveh)",
			"ruler": "Shalmaneser III",
			"script": "Neo-Assyrian",
			"script_remarks": "inscribed",
			"script_type": "Cuneiform",
			"subgenre": "Shalmaneser III",
			"supergenre": "LIT"
		},
		"geometry": {
			"type": "Point",
			"coordinates": [43.151937,36.358684]
		}
	}, {
		"type": "Feature",
		"properties": {
			"id_composite": "Q004713",
			"cdli_id": "P463891",
			"collection": "Vorderasiatisches Museum, Berlin, Germany; Arkeoloji Müzeleri, Istanbul, Turkey",
			"credits": "Based on A. Kirk Grayson, Assyrian Rulers of the Early First Millennium BC II (858-745 BC) (RIMA 3), Toronto, 1996. Adapted by Jamie Novotny (2016) and lemmatized and updated by Nathan Morello (2016) for the Munich Open-access Cuneiform Corpus Initiative (MOCCI), a corpus-building initiative funded by LMU Munich and the Alexander von Humboldt Foundation (through the establishment of the Alexander von Humboldt Chair for Ancient History of the Near and Middle East) and based at the Historisches Seminar - Abteilung Alte Geschichte of Ludwig-Maximilians-Universität München. The annotated edition is released under the Creative Commons Attribution Share-Alike license 3.0. Please cite this page as http://oracc.org/riao/Q004713/.",
			"date_of_origin": "858-824",
			"designation": "Shalmaneser III 108",
			"display_name": "RIAo Shalmaneser III 108",
			"dynastic_seat": "Assyria",
			"exemplars": "Ass 18828; VA Ass 03263a (Ass 17573); VA Ass 03263b (Ass 18253a + Ass 18253b); VA Ass 03263c; Ist EŞEM 04600; Ass 18252; VA Ass 04311d",
			"genre": "Royal Inscription",
			"language": "Akkadian",
			"material": "clay",
			"object_type": "brick",
			"period": "Neo-Assyrian",
			"pleiades_id": "893945",
			"popular_name": "RIMA 3 A.0.102.108",
			"primary_publication": "Shalmaneser III 108",
			"provenience": "Qalat Sherqat (Assur)",
			"ruler": "Shalmaneser III",
			"script": "Neo-Assyrian",
			"script_remarks": "inscribed",
			"script_type": "Cuneiform",
			"subgenre": "Shalmaneser III",
			"supergenre": "LIT"
		},
		"geometry": {
			"type": "Point",
			"coordinates": [43.262037,35.458121]
		}
	}, {
		"type": "Feature",
		"properties": {
			"id_composite": "Q004714",
			"cdli_id": "P463892",
			"collection": "British Museum, London, UK; Rijksmuseum van Oudheden, Leiden, Netherlands;  Vorderasiatisches Museum, Berlin, Germany",
			"credits": "Based on A. Kirk Grayson, Assyrian Rulers of the Early First Millennium BC II (858-745 BC) (RIMA 3), Toronto, 1996. Adapted by Jamie Novotny (2016) and lemmatized and updated by Nathan Morello (2016) for the Munich Open-access Cuneiform Corpus Initiative (MOCCI), a corpus-building initiative funded by LMU Munich and the Alexander von Humboldt Foundation (through the establishment of the Alexander von Humboldt Chair for Ancient History of the Near and Middle East) and based at the Historisches Seminar - Abteilung Alte Geschichte of Ludwig-Maximilians-Universität München. The annotated edition is released under the Creative Commons Attribution Share-Alike license 3.0. Please cite this page as http://oracc.org/riao/Q004714/.",
			"date_of_origin": "858-824",
			"designation": "Shalmaneser III 109",
			"display_name": "RIAo Shalmaneser III 109",
			"dynastic_seat": "Assyria",
			"exemplars": "Lehmann-Haup, Mat. no. 18; BM 090222 (1979-12-20, 0134); Leiden 1952/2.4; VA Ass 03274a (Ass 17565); Ass 12104",
			"genre": "Royal Inscription",
			"language": "Akkadian",
			"material": "clay",
			"object_type": "brick",
			"period": "Neo-Assyrian",
			"pleiades_id": "893945",
			"popular_name": "RIMA 3 A.0.102.109",
			"primary_publication": "Shalmaneser III 109",
			"provenience": "Qalat Sherqat (Assur)",
			"ruler": "Shalmaneser III",
			"script": "Neo-Assyrian",
			"script_remarks": "inscribed",
			"script_type": "Cuneiform",
			"subgenre": "Shalmaneser III",
			"supergenre": "LIT"
		},
		"geometry": {
			"type": "Point",
			"coordinates": [43.262037,35.458121]
		}
	}, {
		"type": "Feature",
		"properties": {
			"id_composite": "Q004715",
			"cdli_id": "P463893",
			"collection": "Vorderasiatisches Museum, Berlin, Germany",
			"credits": "Based on A. Kirk Grayson, Assyrian Rulers of the Early First Millennium BC II (858-745 BC) (RIMA 3), Toronto, 1996. Adapted by Jamie Novotny (2016) and lemmatized and updated by Nathan Morello (2016) for the Munich Open-access Cuneiform Corpus Initiative (MOCCI), a corpus-building initiative funded by LMU Munich and the Alexander von Humboldt Foundation (through the establishment of the Alexander von Humboldt Chair for Ancient History of the Near and Middle East) and based at the Historisches Seminar - Abteilung Alte Geschichte of Ludwig-Maximilians-Universität München. The annotated edition is released under the Creative Commons Attribution Share-Alike license 3.0. Please cite this page as http://oracc.org/riao/Q004715/.",
			"date_of_origin": "858-824",
			"designation": "Shalmaneser III 110",
			"display_name": "RIAo Shalmaneser III 110",
			"dynastic_seat": "Assyria",
			"exemplars": "Ass 13495; VA Ass 02293 (Ass 13496)",
			"genre": "Royal Inscription",
			"language": "Akkadian",
			"material": "metal",
			"object_type": "plate",
			"period": "Neo-Assyrian",
			"pleiades_id": "893945",
			"popular_name": "RIMA 3 A.0.102.110",
			"primary_publication": "Shalmaneser III 110",
			"provenience": "Qalat Sherqat (Assur)",
			"ruler": "Shalmaneser III",
			"script": "Neo-Assyrian",
			"script_remarks": "inscribed",
			"script_type": "Cuneiform",
			"subgenre": "Shalmaneser III",
			"supergenre": "LIT"
		},
		"geometry": {
			"type": "Point",
			"coordinates": [43.262037,35.458121]
		}
	}, {
		"type": "Feature",
		"properties": {
			"id_composite": "Q004716",
			"cdli_id": "P463894",
			"collection": "British Museum, London, UK; Iraq Museum, Baghdad, Iraq; Mosul Museum, Mosul, Iraq; Oriental Museum, University of Durham, Durham, UK; Ashmolean Museum, Oxford, UK; Australian Institute of Archaeology, Melbourne, Victoria, Australia; Birmingham Museums and Art Gallery, Birmingham, UK; Vorderasiatisches Museum, Berlin, Germany; Archäologisches Institut und Archäologische Sammlung der Universität Zürich, Zurich, Switzerland; Yale Babylonian Collection, New Haven, Connecticut, USA; University of Pennsylvania Museum of Archaeology and Anthropology, Philadelphia, Pennsylvania, USA; Studium Biblicum Franciscanum Archaeological Museum, Jerusalem; Museum of Ancient Cultures, Macquarie University, Sydney, Australia; Private Collection: Unknown, Unknown; Department of Geology, Union College, Schenectady, New York, USA; The Israel Museum, Jerusalem, Israel; Detroit Institute of Arts, Detroit, Michigan, USA; Missouri History Museum, St. Louis, Missouri, USA; Oneida County Historical Society, Utica, New York, USA",
			"credits": "Based on A. Kirk Grayson, Assyrian Rulers of the Early First Millennium BC II (858-745 BC) (RIMA 3), Toronto, 1996. Adapted by Jamie Novotny (2016) and lemmatized and updated by Nathan Morello (2016) for the Munich Open-access Cuneiform Corpus Initiative (MOCCI), a corpus-building initiative funded by LMU Munich and the Alexander von Humboldt Foundation (through the establishment of the Alexander von Humboldt Chair for Ancient History of the Near and Middle East) and based at the Historisches Seminar - Abteilung Alte Geschichte of Ludwig-Maximilians-Universität München. The annotated edition is released under the Creative Commons Attribution Share-Alike license 3.0. Please cite this page as http://oracc.org/riao/Q004716/.",
			"date_of_origin": "858-824",
			"designation": "Shalmaneser III 111",
			"display_name": "RIAo Shalmaneser III 111",
			"dynastic_seat": "Assyria",
			"exemplars": "BM 090224 (1848-11-04, 0028); BM 090225 (1979-12-20, 0136); BM 090226 (R 010); BM 090227 (R 025); BM 090355 (R 015); BM 090705 (R 058); BM 090744 (R 016); BM 090751 (R 020); BM 098068 (1903-10-12, 0006); IM 055349 (ND 00281); ND 00282; IM 055350 (ND 00283A); ND 00283B; IM 055353 (ND 00286A); ND 00286B; ND 00823; IM 055759 (ND 00824); &lt; IM - (ND 00824); IMM - (ND 00825); ND 00825; ND 00826; ND 00829; IM 055760a-b (ND 00830); IM 055764 (ND 00830);  IMM - (ND 00830); IM 056283 (ND 01127); OMD - (ND 01131A); 056281 (ND 01131B); ND 03495A-B; Ashm 1957-0184 (ND 03496); ND 03497A-B; IA 5.031 (ND 03498Al); IA 5.032 (ND 03498A2); IA 5.032a (ND -); Ashm 1922-0199; Ashm 1922-0200; BCM 0225-063; VA 08987; VA Ass 03268a; VA 03214 (VA Ass 03268b); Scheil, RT 26 pp. 25-26; Lehmann-Haupt, Mat., no. 13; Lehmann-Haupt, Mat., no. 14; Lehmann-Haupt, Mat., no. 17; E 395 (squeeze); ZhArchSlg 1923; ZhArchSlg 1924; ZhArchSlg 1925; YBC 02021; YBC 02022; Hulin, OLP 2 pp. 103-104; Private Collection (New York); Fales, Prisma dell ’alfabeto no. 71; UM 84-26-031; Ede, Writing no. 9; StBi 03970; MU 2148; Anonymous 462140; DGUC 1; IMJ 87.051.0561; DIA 00.003; MHM 14921; Oneida 001",
			"genre": "Royal Inscription",
			"language": "Akkadian",
			"material": "clay",
			"object_type": "brick",
			"period": "Neo-Assyrian",
			"pleiades_id": "894019",
			"popular_name": "RIMA 3 A.0.102.111",
			"primary_publication": "Shalmaneser III 111",
			"provenience": "Nimrud (Kalhu)",
			"ruler": "Shalmaneser III",
			"script": "Neo-Assyrian",
			"script_remarks": "inscribed",
			"script_type": "Cuneiform",
			"subgenre": "Shalmaneser III",
			"supergenre": "LIT"
		},
		"geometry": {
			"type": "Point",
			"coordinates": [43.3275,36.099167]
		}
	}, {
		"type": "Feature",
		"properties": {
			"id_composite": "Q004717",
			"cdli_id": "P463895",
			"credits": "Based on A. Kirk Grayson, Assyrian Rulers of the Early First Millennium BC II (858-745 BC) (RIMA 3), Toronto, 1996. Adapted by Jamie Novotny (2016) and lemmatized and updated by Nathan Morello (2016) for the Munich Open-access Cuneiform Corpus Initiative (MOCCI), a corpus-building initiative funded by LMU Munich and the Alexander von Humboldt Foundation (through the establishment of the Alexander von Humboldt Chair for Ancient History of the Near and Middle East) and based at the Historisches Seminar - Abteilung Alte Geschichte of Ludwig-Maximilians-Universität München. The annotated edition is released under the Creative Commons Attribution Share-Alike license 3.0. Please cite this page as http://oracc.org/riao/Q004717/.",
			"date_of_origin": "858-824",
			"designation": "Shalmaneser III 112",
			"display_name": "RIAo Shalmaneser III 112",
			"dynastic_seat": "Assyria",
			"exemplars": "G. Smith, Discoveries pl. after p. 80",
			"genre": "Royal Inscription",
			"language": "Akkadian",
			"material": "clay",
			"object_type": "brick",
			"period": "Neo-Assyrian",
			"pleiades_id": "894019",
			"popular_name": "RIMA 3 A.0.102.112",
			"primary_publication": "Shalmaneser III 112",
			"provenience": "Nimrud (Kalhu)",
			"ruler": "Shalmaneser III",
			"script": "Neo-Assyrian",
			"script_remarks": "glazed",
			"script_type": "Cuneiform",
			"subgenre": "Shalmaneser III",
			"supergenre": "LIT"
		},
		"geometry": {
			"type": "Point",
			"coordinates": [43.3275,36.099167]
		}
	}, {
		"type": "Feature",
		"properties": {
			"id_composite": "Q004718",
			"cdli_id": "P463896",
			"collection": "Iraq Museum, Baghdad, Iraq",
			"credits": "Based on A. Kirk Grayson, Assyrian Rulers of the Early First Millennium BC II (858-745 BC) (RIMA 3), Toronto, 1996. Adapted by Jamie Novotny (2016) and lemmatized and updated by Nathan Morello (2016) for the Munich Open-access Cuneiform Corpus Initiative (MOCCI), a corpus-building initiative funded by LMU Munich and the Alexander von Humboldt Foundation (through the establishment of the Alexander von Humboldt Chair for Ancient History of the Near and Middle East) and based at the Historisches Seminar - Abteilung Alte Geschichte of Ludwig-Maximilians-Universität München. The annotated edition is released under the Creative Commons Attribution Share-Alike license 3.0. Please cite this page as http://oracc.org/riao/Q004718/.",
			"date_of_origin": "858-824",
			"designation": "Shalmaneser III 113",
			"display_name": "RIAo Shalmaneser III 113",
			"dynastic_seat": "Assyria",
			"exemplars": "IM 075763 (ND 07056)",
			"genre": "Royal Inscription",
			"language": "Akkadian",
			"material": "stone",
			"object_type": "spoon",
			"period": "Neo-Assyrian",
			"pleiades_id": "894019",
			"popular_name": "RIMA 3 A.0.102.113",
			"primary_publication": "Shalmaneser III 113",
			"provenience": "Nimrud (Kalhu)",
			"ruler": "Shalmaneser III",
			"script": "Neo-Assyrian",
			"script_remarks": "inscribed",
			"script_type": "Cuneiform",
			"subgenre": "Shalmaneser III",
			"supergenre": "LIT"
		},
		"geometry": {
			"type": "Point",
			"coordinates": [43.3275,36.099167]
		}
	}, {
		"type": "Feature",
		"properties": {
			"id_composite": "Q004719",
			"cdli_id": "P463897",
			"credits": "Based on A. Kirk Grayson, Assyrian Rulers of the Early First Millennium BC II (858-745 BC) (RIMA 3), Toronto, 1996. Adapted by Jamie Novotny (2016) and lemmatized and updated by Nathan Morello (2016) for the Munich Open-access Cuneiform Corpus Initiative (MOCCI), a corpus-building initiative funded by LMU Munich and the Alexander von Humboldt Foundation (through the establishment of the Alexander von Humboldt Chair for Ancient History of the Near and Middle East) and based at the Historisches Seminar - Abteilung Alte Geschichte of Ludwig-Maximilians-Universität München. The annotated edition is released under the Creative Commons Attribution Share-Alike license 3.0. Please cite this page as http://oracc.org/riao/Q004719/.",
			"date_of_origin": "858-824",
			"designation": "Shalmaneser III 114",
			"display_name": "RIAo Shalmaneser III 114",
			"dynastic_seat": "Assyria",
			"exemplars": "Reade, Iraq 25 pl. IX; Curtis and Walker, Iraq 55 fig. 23",
			"genre": "Royal Inscription",
			"language": "Akkadian",
			"material": "clay",
			"object_type": "glazed brick panel",
			"period": "Neo-Assyrian",
			"pleiades_id": "894019",
			"popular_name": "RIMA 3 A.0.102.114",
			"primary_publication": "Shalmaneser III 114",
			"provenience": "Nimrud (Kalhu)",
			"ruler": "Shalmaneser III",
			"script": "Neo-Assyrian",
			"script_remarks": "glazed",
			"script_type": "Cuneiform",
			"subgenre": "Shalmaneser III",
			"supergenre": "LIT"
		},
		"geometry": {
			"type": "Point",
			"coordinates": [43.3275,36.099167]
		}
	}, {
		"type": "Feature",
		"properties": {
			"id_composite": "Q004720",
			"cdli_id": "P463898",
			"collection": "Iraq Museum, Baghdad, Iraq",
			"credits": "Based on A. Kirk Grayson, Assyrian Rulers of the Early First Millennium BC II (858-745 BC) (RIMA 3), Toronto, 1996. Adapted by Jamie Novotny (2016) and lemmatized and updated by Nathan Morello (2016) for the Munich Open-access Cuneiform Corpus Initiative (MOCCI), a corpus-building initiative funded by LMU Munich and the Alexander von Humboldt Foundation (through the establishment of the Alexander von Humboldt Chair for Ancient History of the Near and Middle East) and based at the Historisches Seminar - Abteilung Alte Geschichte of Ludwig-Maximilians-Universität München. The annotated edition is released under the Creative Commons Attribution Share-Alike license 3.0. Please cite this page as http://oracc.org/riao/Q004720/.",
			"date_of_origin": "858-824",
			"designation": "Shalmaneser III 115",
			"display_name": "RIAo Shalmaneser III 115",
			"dynastic_seat": "Assyria",
			"exemplars": "IM 061867 (ND 07879)",
			"genre": "Royal Inscription",
			"language": "Akkadian",
			"material": "stone",
			"object_type": "lion weight",
			"period": "Neo-Assyrian",
			"pleiades_id": "894019",
			"popular_name": "RIMA 3 A.0.102.115",
			"primary_publication": "Shalmaneser III 115",
			"provenience": "Nimrud (Kalhu)",
			"ruler": "Shalmaneser III",
			"script": "Neo-Assyrian",
			"script_remarks": "inscribed",
			"script_type": "Cuneiform",
			"subgenre": "Shalmaneser III",
			"supergenre": "LIT"
		},
		"geometry": {
			"type": "Point",
			"coordinates": [43.3275,36.099167]
		}
	}, {
		"type": "Feature",
		"properties": {
			"id_composite": "Q004721",
			"cdli_id": "P463899",
			"credits": "Based on A. Kirk Grayson, Assyrian Rulers of the Early First Millennium BC II (858-745 BC) (RIMA 3), Toronto, 1996. Adapted by Jamie Novotny (2016) and lemmatized and updated by Nathan Morello (2016) for the Munich Open-access Cuneiform Corpus Initiative (MOCCI), a corpus-building initiative funded by LMU Munich and the Alexander von Humboldt Foundation (through the establishment of the Alexander von Humboldt Chair for Ancient History of the Near and Middle East) and based at the Historisches Seminar - Abteilung Alte Geschichte of Ludwig-Maximilians-Universität München. The annotated edition is released under the Creative Commons Attribution Share-Alike license 3.0. Please cite this page as http://oracc.org/riao/Q004721/.",
			"date_of_origin": "858-824",
			"designation": "Shalmaneser III 116",
			"display_name": "RIAo Shalmaneser III 116",
			"dynastic_seat": "Assyria",
			"exemplars": "AAA 19 no. 295",
			"genre": "Royal Inscription",
			"language": "Akkadian",
			"material": "clay",
			"object_type": "brick",
			"period": "Neo-Assyrian",
			"pleiades_id": "874621",
			"popular_name": "RIMA 3 A.0.102.116",
			"primary_publication": "Shalmaneser III 116",
			"provenience": "Kuyunjik (Nineveh)",
			"ruler": "Shalmaneser III",
			"script": "Neo-Assyrian",
			"script_remarks": "inscribed",
			"script_type": "Cuneiform",
			"subgenre": "Shalmaneser III",
			"supergenre": "LIT"
		},
		"geometry": {
			"type": "Point",
			"coordinates": [43.151937,36.358684]
		}
	}, {
		"type": "Feature",
		"properties": {
			"id_composite": "Q004722",
			"cdli_id": "P463900",
			"collection": "British Museum, London, UK",
			"credits": "Based on A. Kirk Grayson, Assyrian Rulers of the Early First Millennium BC II (858-745 BC) (RIMA 3), Toronto, 1996. Adapted by Jamie Novotny (2016) and lemmatized and updated by Nathan Morello (2016) for the Munich Open-access Cuneiform Corpus Initiative (MOCCI), a corpus-building initiative funded by LMU Munich and the Alexander von Humboldt Foundation (through the establishment of the Alexander von Humboldt Chair for Ancient History of the Near and Middle East) and based at the Historisches Seminar - Abteilung Alte Geschichte of Ludwig-Maximilians-Universität München. The annotated edition is released under the Creative Commons Attribution Share-Alike license 3.0. Please cite this page as http://oracc.org/riao/Q004722/.",
			"date_of_origin": "858-824",
			"designation": "Shalmaneser III 1001",
			"display_name": "RIAo Shalmaneser III 1001",
			"dynastic_seat": "Assyria",
			"exemplars": "BM 090817",
			"genre": "Royal Inscription",
			"language": "Akkadian",
			"material": "clay",
			"object_type": "tablet",
			"period": "Neo-Assyrian",
			"pleiades_id": "29492",
			"popular_name": "RIMA 3 A.0.102.1001",
			"primary_publication": "Shalmaneser III 1001",
			"provenience": "Assyria",
			"ruler": "Shalmaneser III",
			"script": "Neo-Assyrian",
			"script_remarks": "inscribed",
			"script_type": "Cuneiform",
			"subgenre": "Shalmaneser III",
			"supergenre": "LIT"
		},
		"geometry": {
			"type": "Point",
			"coordinates": [43.2,36.2]
		}
	}, {
		"type": "Feature",
		"properties": {
			"id_composite": "Q004723",
			"cdli_id": "P463901",
			"collection": "Iraq Museum, Baghdad, Iraq",
			"credits": "Based on A. Kirk Grayson, Assyrian Rulers of the Early First Millennium BC II (858-745 BC) (RIMA 3), Toronto, 1996. Adapted by Jamie Novotny (2016) and lemmatized and updated by Nathan Morello (2016) for the Munich Open-access Cuneiform Corpus Initiative (MOCCI), a corpus-building initiative funded by LMU Munich and the Alexander von Humboldt Foundation (through the establishment of the Alexander von Humboldt Chair for Ancient History of the Near and Middle East) and based at the Historisches Seminar - Abteilung Alte Geschichte of Ludwig-Maximilians-Universität München. The annotated edition is released under the Creative Commons Attribution Share-Alike license 3.0. Please cite this page as http://oracc.org/riao/Q004723/.",
			"date_of_origin": "858-824",
			"designation": "Shalmaneser III 1002",
			"display_name": "RIAo Shalmaneser III 1002",
			"dynastic_seat": "Assyria",
			"exemplars": "IM - (ND 05417)",
			"genre": "Royal Inscription",
			"language": "Akkadian",
			"material": "clay",
			"object_type": "tablet",
			"period": "Neo-Assyrian",
			"pleiades_id": "894019",
			"popular_name": "RIMA 3 A.0.102.1002",
			"primary_publication": "Shalmaneser III 1002",
			"provenience": "Nimrud (Kalhu)",
			"ruler": "Shalmaneser III",
			"script": "Neo-Assyrian",
			"script_remarks": "inscribed",
			"script_type": "Cuneiform",
			"subgenre": "Shalmaneser III",
			"supergenre": "LIT"
		},
		"geometry": {
			"type": "Point",
			"coordinates": [43.3275,36.099167]
		}
	}, {
		"type": "Feature",
		"properties": {
			"id_composite": "Q004724",
			"cdli_id": "P463902",
			"collection": "British Museum, London, UK",
			"credits": "Based on A. Kirk Grayson, Assyrian Rulers of the Early First Millennium BC II (858-745 BC) (RIMA 3), Toronto, 1996. Adapted by Jamie Novotny (2016) and lemmatized and updated by Nathan Morello (2016) for the Munich Open-access Cuneiform Corpus Initiative (MOCCI), a corpus-building initiative funded by LMU Munich and the Alexander von Humboldt Foundation (through the establishment of the Alexander von Humboldt Chair for Ancient History of the Near and Middle East) and based at the Historisches Seminar - Abteilung Alte Geschichte of Ludwig-Maximilians-Universität München. The annotated edition is released under the Creative Commons Attribution Share-Alike license 3.0. Please cite this page as http://oracc.org/riao/Q004724/.",
			"date_of_origin": "858-824",
			"designation": "Shalmaneser III 1003",
			"display_name": "RIAo Shalmaneser III 1003",
			"dynastic_seat": "Assyria",
			"exemplars": "BM 089907 (1846-05-23, 0459)",
			"genre": "Royal Inscription",
			"language": "Akkadian",
			"material": "stone",
			"object_type": "eyestone",
			"period": "Neo-Assyrian",
			"pleiades_id": "29492",
			"popular_name": "RIMA 3 A.0.102.1003",
			"primary_publication": "Shalmaneser III 1003",
			"provenience": "Assyria",
			"ruler": "Shalmaneser III",
			"script": "Neo-Assyrian",
			"script_remarks": "inscribed",
			"script_type": "Cuneiform",
			"subgenre": "Shalmaneser III",
			"supergenre": "LIT"
		},
		"geometry": {
			"type": "Point",
			"coordinates": [43.2,36.2]
		}
	}, {
		"type": "Feature",
		"properties": {
			"id_composite": "Q004725",
			"cdli_id": "P463903",
			"collection": "British Museum, London, UK",
			"credits": "Based on A. Kirk Grayson, Assyrian Rulers of the Early First Millennium BC II (858-745 BC) (RIMA 3), Toronto, 1996. Adapted by Jamie Novotny (2016) and lemmatized and updated by Nathan Morello (2016) for the Munich Open-access Cuneiform Corpus Initiative (MOCCI), a corpus-building initiative funded by LMU Munich and the Alexander von Humboldt Foundation (through the establishment of the Alexander von Humboldt Chair for Ancient History of the Near and Middle East) and based at the Historisches Seminar - Abteilung Alte Geschichte of Ludwig-Maximilians-Universität München. The annotated edition is released under the Creative Commons Attribution Share-Alike license 3.0. Please cite this page as http://oracc.org/riao/Q004725/.",
			"date_of_origin": "858-824",
			"designation": "Shalmaneser III 1004",
			"display_name": "RIAo Shalmaneser III 1004",
			"dynastic_seat": "Assyria",
			"exemplars": "BM 089281",
			"genre": "Royal Inscription",
			"language": "Akkadian",
			"material": "stone",
			"object_type": "gem",
			"period": "Neo-Assyrian",
			"pleiades_id": "29492",
			"popular_name": "RIMA 3 A.0.102.1004",
			"primary_publication": "Shalmaneser III 1004",
			"provenience": "Assyria",
			"ruler": "Shalmaneser III",
			"script": "Neo-Assyrian",
			"script_remarks": "inscribed",
			"script_type": "Cuneiform",
			"subgenre": "Shalmaneser III",
			"supergenre": "LIT"
		},
		"geometry": {
			"type": "Point",
			"coordinates": [43.2,36.2]
		}
	}, {
		"type": "Feature",
		"properties": {
			"id_composite": "Q004726",
			"cdli_id": "P463904",
			"collection": "Iraq Museum, Baghdad, Iraq",
			"credits": "Based on A. Kirk Grayson, Assyrian Rulers of the Early First Millennium BC II (858-745 BC) (RIMA 3), Toronto, 1996. Adapted by Jamie Novotny (2016) and lemmatized and updated by Nathan Morello (2016) for the Munich Open-access Cuneiform Corpus Initiative (MOCCI), a corpus-building initiative funded by LMU Munich and the Alexander von Humboldt Foundation (through the establishment of the Alexander von Humboldt Chair for Ancient History of the Near and Middle East) and based at the Historisches Seminar - Abteilung Alte Geschichte of Ludwig-Maximilians-Universität München. The annotated edition is released under the Creative Commons Attribution Share-Alike license 3.0. Please cite this page as http://oracc.org/riao/Q004726/.",
			"date_of_origin": "858-824",
			"designation": "Shalmaneser III 1005",
			"display_name": "RIAo Shalmaneser III 1005",
			"dynastic_seat": "Assyria",
			"exemplars": "IM - (HW 0045)",
			"genre": "Royal Inscription",
			"language": "Akkadian",
			"material": "clay",
			"object_type": "cone",
			"period": "Neo-Assyrian",
			"pleiades_id": "874728",
			"popular_name": "RIMA 3 A.0.102.1005",
			"primary_publication": "Shalmaneser III 1005",
			"provenience": "Tell al-Hawa",
			"ruler": "Shalmaneser III",
			"script": "Neo-Assyrian",
			"script_remarks": "inscribed",
			"script_type": "Cuneiform",
			"subgenre": "Shalmaneser III",
			"supergenre": "LIT"
		},
		"geometry": {
			"type": "Point",
			"coordinates": [42.301984,36.747619]
		}
	}, {
		"type": "Feature",
		"properties": {
			"id_composite": "Q004727",
			"cdli_id": "P463905",
			"collection": "Iraq Museum, Baghdad, Iraq",
			"credits": "Based on A. Kirk Grayson, Assyrian Rulers of the Early First Millennium BC II (858-745 BC) (RIMA 3), Toronto, 1996. Adapted by Jamie Novotny (2016) and lemmatized and updated by Nathan Morello (2016) for the Munich Open-access Cuneiform Corpus Initiative (MOCCI), a corpus-building initiative funded by LMU Munich and the Alexander von Humboldt Foundation (through the establishment of the Alexander von Humboldt Chair for Ancient History of the Near and Middle East) and based at the Historisches Seminar - Abteilung Alte Geschichte of Ludwig-Maximilians-Universität München. The annotated edition is released under the Creative Commons Attribution Share-Alike license 3.0. Please cite this page as http://oracc.org/riao/Q004727/.",
			"date_of_origin": "858-824",
			"designation": "Shalmaneser III 1006",
			"display_name": "RIAo Shalmaneser III 1006",
			"dynastic_seat": "Assyria",
			"exemplars": "IM - (HW 0043)",
			"genre": "Royal Inscription",
			"language": "Akkadian",
			"material": "clay",
			"object_type": "cone",
			"period": "Neo-Assyrian",
			"pleiades_id": "874728",
			"popular_name": "RIMA 3 A.0.102.1006",
			"primary_publication": "Shalmaneser III 1006",
			"provenience": "Tell al-Hawa",
			"ruler": "Shalmaneser III",
			"script": "Neo-Assyrian",
			"script_remarks": "inscribed",
			"script_type": "Cuneiform",
			"subgenre": "Shalmaneser III",
			"supergenre": "LIT"
		},
		"geometry": {
			"type": "Point",
			"coordinates": [42.301984,36.747619]
		}
	}, {
		"type": "Feature",
		"properties": {
			"id_composite": "Q004728",
			"cdli_id": "P463906",
			"credits": "Based on A. Kirk Grayson, Assyrian Rulers of the Early First Millennium BC II (858-745 BC) (RIMA 3), Toronto, 1996. Adapted by Jamie Novotny (2016) and lemmatized and updated by Nathan Morello (2016) for the Munich Open-access Cuneiform Corpus Initiative (MOCCI), a corpus-building initiative funded by LMU Munich and the Alexander von Humboldt Foundation (through the establishment of the Alexander von Humboldt Chair for Ancient History of the Near and Middle East) and based at the Historisches Seminar - Abteilung Alte Geschichte of Ludwig-Maximilians-Universität München. The annotated edition is released under the Creative Commons Attribution Share-Alike license 3.0. Please cite this page as http://oracc.org/riao/Q004728/.",
			"date_of_origin": "858-824",
			"designation": "Shalmaneser III 1007",
			"display_name": "RIAo Shalmaneser III 1007",
			"dynastic_seat": "Assyria",
			"exemplars": "Ass ph 4795 (Ass -)",
			"genre": "Royal Inscription",
			"language": "Akkadian",
			"material": "uncertain",
			"object_type": "uncertain",
			"period": "Neo-Assyrian",
			"pleiades_id": "893945",
			"popular_name": "RIMA 3 A.0.102.1007",
			"primary_publication": "Shalmaneser III 1007",
			"provenience": "Qalat Sherqat (Assur)",
			"ruler": "Shalmaneser III",
			"script": "Neo-Assyrian",
			"script_remarks": "inscribed",
			"script_type": "Cuneiform",
			"subgenre": "Shalmaneser III",
			"supergenre": "LIT"
		},
		"geometry": {
			"type": "Point",
			"coordinates": [43.262037,35.458121]
		}
	}, {
		"type": "Feature",
		"properties": {
			"id_composite": "Q004729",
			"cdli_id": "P463907",
			"credits": "Based on A. Kirk Grayson, Assyrian Rulers of the Early First Millennium BC II (858-745 BC) (RIMA 3), Toronto, 1996. Adapted by Jamie Novotny (2016) and lemmatized and updated by Nathan Morello (2016) for the Munich Open-access Cuneiform Corpus Initiative (MOCCI), a corpus-building initiative funded by LMU Munich and the Alexander von Humboldt Foundation (through the establishment of the Alexander von Humboldt Chair for Ancient History of the Near and Middle East) and based at the Historisches Seminar - Abteilung Alte Geschichte of Ludwig-Maximilians-Universität München. The annotated edition is released under the Creative Commons Attribution Share-Alike license 3.0. Please cite this page as http://oracc.org/riao/Q004729/.",
			"date_of_origin": "858-824",
			"designation": "Shalmaneser III 1008",
			"display_name": "RIAo Shalmaneser III 1008",
			"dynastic_seat": "Assyria",
			"exemplars": "Arch. 79 no. 39",
			"genre": "Royal Inscription",
			"language": "Akkadian",
			"material": "stone",
			"object_type": "slab",
			"period": "Neo-Assyrian",
			"pleiades_id": "874621",
			"popular_name": "RIMA 3 A.0.102.1008",
			"primary_publication": "Shalmaneser III 1008",
			"provenience": "Kuyunjik (Nineveh)",
			"ruler": "Shalmaneser III",
			"script": "Neo-Assyrian",
			"script_remarks": "inscribed",
			"script_type": "Cuneiform",
			"subgenre": "Shalmaneser III",
			"supergenre": "LIT"
		},
		"geometry": {
			"type": "Point",
			"coordinates": [43.151937,36.358684]
		}
	}, {
		"type": "Feature",
		"properties": {
			"id_composite": "Q004730",
			"cdli_id": "P463908",
			"collection": "Iraq Museum, Baghdad, Iraq",
			"credits": "Based on A. Kirk Grayson, Assyrian Rulers of the Early First Millennium BC II (858-745 BC) (RIMA 3), Toronto, 1996. Adapted by Jamie Novotny (2016) and lemmatized and updated by Nathan Morello (2016) for the Munich Open-access Cuneiform Corpus Initiative (MOCCI), a corpus-building initiative funded by LMU Munich and the Alexander von Humboldt Foundation (through the establishment of the Alexander von Humboldt Chair for Ancient History of the Near and Middle East) and based at the Historisches Seminar - Abteilung Alte Geschichte of Ludwig-Maximilians-Universität München. The annotated edition is released under the Creative Commons Attribution Share-Alike license 3.0. Please cite this page as http://oracc.org/riao/Q004730/.",
			"date_of_origin": "858-824",
			"designation": "Shalmaneser III 1009",
			"display_name": "RIAo Shalmaneser III 1009",
			"dynastic_seat": "Assyria",
			"exemplars": "IM 055701 (ND 00831)",
			"genre": "Royal Inscription",
			"language": "Akkadian",
			"material": "clay",
			"object_type": "plaque",
			"period": "Neo-Assyrian",
			"pleiades_id": "90032637",
			"popular_name": "RIMA 3 A.0.102.1009",
			"primary_publication": "Shalmaneser III 1009",
			"provenience": "Balawat (Imgur-Enlil)",
			"ruler": "Shalmaneser III",
			"script": "Neo-Assyrian",
			"script_remarks": "inscribed",
			"script_type": "Cuneiform",
			"subgenre": "Shalmaneser III",
			"supergenre": "LIT"
		},
		"geometry": {
			"type": "Point",
			"coordinates": [43.414221,36.221946]
		}
	}, {
		"type": "Feature",
		"properties": {
			"id_composite": "Q004731",
			"cdli_id": "P463909",
			"collection": "British Museum, London, UK",
			"credits": "Based on A. Kirk Grayson, Assyrian Rulers of the Early First Millennium BC II (858-745 BC) (RIMA 3), Toronto, 1996. Adapted by Jamie Novotny (2016) and lemmatized and updated by Nathan Morello (2016) for the Munich Open-access Cuneiform Corpus Initiative (MOCCI), a corpus-building initiative funded by LMU Munich and the Alexander von Humboldt Foundation (through the establishment of the Alexander von Humboldt Chair for Ancient History of the Near and Middle East) and based at the Historisches Seminar - Abteilung Alte Geschichte of Ludwig-Maximilians-Universität München. The annotated edition is released under the Creative Commons Attribution Share-Alike license 3.0. Please cite this page as http://oracc.org/riao/Q004731/.",
			"date_of_origin": "858-824",
			"designation": "Shalmaneser III 1010",
			"display_name": "RIAo Shalmaneser III 1010",
			"dynastic_seat": "Assyria",
			"exemplars": "K 15116",
			"genre": "Royal Inscription",
			"language": "Akkadian",
			"material": "clay",
			"object_type": "tablet",
			"period": "Neo-Assyrian",
			"pleiades_id": "874621",
			"popular_name": "RIMA 3 A.0.102.1010",
			"primary_publication": "Shalmaneser III 1010",
			"provenience": "Kuyunjik (Nineveh)",
			"ruler": "Shalmaneser III",
			"script": "Neo-Assyrian",
			"script_remarks": "inscribed",
			"script_type": "Cuneiform",
			"subgenre": "Shalmaneser III",
			"supergenre": "LIT"
		},
		"geometry": {
			"type": "Point",
			"coordinates": [43.151937,36.358684]
		}
	}, {
		"type": "Feature",
		"properties": {
			"id_composite": "Q004732",
			"cdli_id": "P463910",
			"collection": "British Museum, London, UK",
			"credits": "Based on A. Kirk Grayson, Assyrian Rulers of the Early First Millennium BC II (858-745 BC) (RIMA 3), Toronto, 1996. Adapted by Jamie Novotny (2016) and lemmatized and updated by Nathan Morello (2016) for the Munich Open-access Cuneiform Corpus Initiative (MOCCI), a corpus-building initiative funded by LMU Munich and the Alexander von Humboldt Foundation (through the establishment of the Alexander von Humboldt Chair for Ancient History of the Near and Middle East) and based at the Historisches Seminar - Abteilung Alte Geschichte of Ludwig-Maximilians-Universität München. The annotated edition is released under the Creative Commons Attribution Share-Alike license 3.0. Please cite this page as http://oracc.org/riao/Q004732/.",
			"date_of_origin": "858-824",
			"designation": "Shalmaneser III 1011",
			"display_name": "RIAo Shalmaneser III 1011",
			"dynastic_seat": "Assyria",
			"exemplars": "N 1817",
			"genre": "Royal Inscription",
			"language": "Akkadian",
			"material": "stone",
			"object_type": "uncertain",
			"period": "Neo-Assyrian",
			"pleiades_id": "29492",
			"popular_name": "RIMA 3 A.0.102.1011",
			"primary_publication": "Shalmaneser III 1011",
			"provenience": "Assyria",
			"ruler": "Shalmaneser III",
			"script": "Neo-Assyrian",
			"script_remarks": "inscribed",
			"script_type": "Cuneiform",
			"subgenre": "Shalmaneser III",
			"supergenre": "LIT"
		},
		"geometry": {
			"type": "Point",
			"coordinates": [43.2,36.2]
		}
	}, {
		"type": "Feature",
		"properties": {
			"id_composite": "Q004733",
			"cdli_id": "P463911",
			"collection": "British Museum, London, UK",
			"credits": "Based on A. Kirk Grayson, Assyrian Rulers of the Early First Millennium BC II (858-745 BC) (RIMA 3), Toronto, 1996. Adapted by Jamie Novotny (2016) and lemmatized and updated by Nathan Morello (2016) for the Munich Open-access Cuneiform Corpus Initiative (MOCCI), a corpus-building initiative funded by LMU Munich and the Alexander von Humboldt Foundation (through the establishment of the Alexander von Humboldt Chair for Ancient History of the Near and Middle East) and based at the Historisches Seminar - Abteilung Alte Geschichte of Ludwig-Maximilians-Universität München. The annotated edition is released under the Creative Commons Attribution Share-Alike license 3.0. Please cite this page as http://oracc.org/riao/Q004733/.",
			"date_of_origin": "858-824",
			"designation": "Shalmaneser III 1012",
			"display_name": "RIAo Shalmaneser III 1012",
			"dynastic_seat": "Assyria",
			"exemplars": "BM 139428 (1983-01-01, 0003)",
			"genre": "Royal Inscription",
			"language": "Akkadian",
			"material": "stone",
			"object_type": "uncertain",
			"period": "Neo-Assyrian",
			"pleiades_id": "29492",
			"popular_name": "RIMA 3 A.0.102.1012",
			"primary_publication": "Shalmaneser III 1012",
			"provenience": "Assyria",
			"ruler": "Shalmaneser III",
			"script": "Neo-Assyrian",
			"script_remarks": "inscribed",
			"script_type": "Cuneiform",
			"subgenre": "Shalmaneser III",
			"supergenre": "LIT"
		},
		"geometry": {
			"type": "Point",
			"coordinates": [43.2,36.2]
		}
	}, {
		"type": "Feature",
		"properties": {
			"id_composite": "Q004734",
			"cdli_id": "P463912",
			"collection": "British Museum, London, UK",
			"credits": "Based on A. Kirk Grayson, Assyrian Rulers of the Early First Millennium BC II (858-745 BC) (RIMA 3), Toronto, 1996. Adapted by Jamie Novotny (2016) and lemmatized and updated by Nathan Morello (2016) for the Munich Open-access Cuneiform Corpus Initiative (MOCCI), a corpus-building initiative funded by LMU Munich and the Alexander von Humboldt Foundation (through the establishment of the Alexander von Humboldt Chair for Ancient History of the Near and Middle East) and based at the Historisches Seminar - Abteilung Alte Geschichte of Ludwig-Maximilians-Universität München. The annotated edition is released under the Creative Commons Attribution Share-Alike license 3.0. Please cite this page as http://oracc.org/riao/Q004734/.",
			"date_of_origin": "858-824",
			"designation": "Shalmaneser III 1013",
			"display_name": "RIAo Shalmaneser III 1013",
			"dynastic_seat": "Assyria",
			"exemplars": "BM 139429 (1983-01-01, 0004)",
			"genre": "Royal Inscription",
			"language": "Akkadian",
			"material": "stone",
			"object_type": "uncertain",
			"period": "Neo-Assyrian",
			"pleiades_id": "29492",
			"popular_name": "RIMA 3 A.0.102.1013",
			"primary_publication": "Shalmaneser III 1013",
			"provenience": "Assyria",
			"ruler": "Shalmaneser III",
			"script": "Neo-Assyrian",
			"script_remarks": "inscribed",
			"script_type": "Cuneiform",
			"subgenre": "Shalmaneser III",
			"supergenre": "LIT"
		},
		"geometry": {
			"type": "Point",
			"coordinates": [43.2,36.2]
		}
	}, {
		"type": "Feature",
		"properties": {
			"id_composite": "Q004735",
			"cdli_id": "P463913",
			"collection": "British Museum, London, UK",
			"credits": "Based on A. Kirk Grayson, Assyrian Rulers of the Early First Millennium BC II (858-745 BC) (RIMA 3), Toronto, 1996. Adapted by Jamie Novotny (2016) and lemmatized and updated by Nathan Morello (2016) for the Munich Open-access Cuneiform Corpus Initiative (MOCCI), a corpus-building initiative funded by LMU Munich and the Alexander von Humboldt Foundation (through the establishment of the Alexander von Humboldt Chair for Ancient History of the Near and Middle East) and based at the Historisches Seminar - Abteilung Alte Geschichte of Ludwig-Maximilians-Universität München. The annotated edition is released under the Creative Commons Attribution Share-Alike license 3.0. Please cite this page as http://oracc.org/riao/Q004735/.",
			"date_of_origin": "858-824",
			"designation": "Shalmaneser III 2001",
			"display_name": "RIAo Shalmaneser III 2001",
			"dynastic_seat": "Assyria",
			"exemplars": "BM 090960",
			"genre": "Royal Inscription",
			"language": "Akkadian",
			"material": "stone",
			"object_type": "vessel",
			"period": "Neo-Assyrian",
			"pleiades_id": "30774368",
			"popular_name": "RIMA 3 A.0.102.2001",
			"primary_publication": "Shalmaneser III 2001",
			"provenience": "Tell Sherif Khan (Tarbisu)",
			"ruler": "Shalmaneser III",
			"script": "Neo-Assyrian",
			"script_remarks": "inscribed",
			"script_type": "Cuneiform",
			"subgenre": "Shalmaneser III",
			"supergenre": "LIT"
		},
		"geometry": {
			"type": "Point",
			"coordinates": [43.0773110,36.4087884]
		}
	}, {
		"type": "Feature",
		"properties": {
			"id_composite": "Q004736",
			"cdli_id": "P463914",
			"credits": "Based on A. Kirk Grayson, Assyrian Rulers of the Early First Millennium BC II (858-745 BC) (RIMA 3), Toronto, 1996. Adapted by Jamie Novotny (2016) and lemmatized and updated by Nathan Morello (2016) for the Munich Open-access Cuneiform Corpus Initiative (MOCCI), a corpus-building initiative funded by LMU Munich and the Alexander von Humboldt Foundation (through the establishment of the Alexander von Humboldt Chair for Ancient History of the Near and Middle East) and based at the Historisches Seminar - Abteilung Alte Geschichte of Ludwig-Maximilians-Universität München. The annotated edition is released under the Creative Commons Attribution Share-Alike license 3.0. Please cite this page as http://oracc.org/riao/Q004736/.",
			"date_of_origin": "858-824",
			"designation": "Shalmaneser III 2002",
			"display_name": "RIAo Shalmaneser III 2002",
			"dynastic_seat": "Assyria",
			"exemplars": "Andrae, Stelenreihen no. 44 (Ass -)",
			"genre": "Royal Inscription",
			"language": "Akkadian",
			"material": "stone",
			"object_type": "stele",
			"period": "Neo-Assyrian",
			"pleiades_id": "893945",
			"popular_name": "RIMA 3 A.0.102.2002",
			"primary_publication": "Shalmaneser III 2002",
			"provenience": "Qalat Sherqat (Assur)",
			"ruler": "Shalmaneser III",
			"script": "Neo-Assyrian",
			"script_remarks": "inscribed",
			"script_type": "Cuneiform",
			"subgenre": "Shalmaneser III",
			"supergenre": "LIT"
		},
		"geometry": {
			"type": "Point",
			"coordinates": [43.262037,35.458121]
		}
	}, {
		"type": "Feature",
		"properties": {
			"id_composite": "Q004737",
			"cdli_id": "P463915",
			"collection": "Yale Babylonian Collection, New Haven, Connecticut, USA",
			"credits": "Based on A. Kirk Grayson, Assyrian Rulers of the Early First Millennium BC II (858-745 BC) (RIMA 3), Toronto, 1996. Adapted by Jamie Novotny (2016) and lemmatized and updated by Nathan Morello (2016) for the Munich Open-access Cuneiform Corpus Initiative (MOCCI), a corpus-building initiative funded by LMU Munich and the Alexander von Humboldt Foundation (through the establishment of the Alexander von Humboldt Chair for Ancient History of the Near and Middle East) and based at the Historisches Seminar - Abteilung Alte Geschichte of Ludwig-Maximilians-Universität München. The annotated edition is released under the Creative Commons Attribution Share-Alike license 3.0. Please cite this page as http://oracc.org/riao/Q004737/.",
			"date_of_origin": "858-824",
			"designation": "Shalmaneser III 2003",
			"display_name": "RIAo Shalmaneser III 2003",
			"dynastic_seat": "Assyria",
			"exemplars": "YBC 07058",
			"genre": "Royal Inscription",
			"language": "Akkadian",
			"material": "clay",
			"object_type": "cube",
			"period": "Neo-Assyrian",
			"pleiades_id": "29492",
			"popular_name": "RIMA 3 A.0.102.2003",
			"primary_publication": "Shalmaneser III 2003",
			"provenience": "Assyria",
			"ruler": "Shalmaneser III",
			"script": "Neo-Assyrian",
			"script_remarks": "inscribed",
			"script_type": "Cuneiform",
			"subgenre": "Shalmaneser III",
			"supergenre": "LIT"
		},
		"geometry": {
			"type": "Point",
			"coordinates": [43.2,36.2]
		}
	}, {
		"type": "Feature",
		"properties": {
			"id_composite": "Q004738",
			"cdli_id": "P463916",
			"collection": "British Museum, London, UK; Vorderasiatisches Museum, Berlin, Germany",
			"credits": "Based on A. Kirk Grayson, Assyrian Rulers of the Early First Millennium BC II (858-745 BC) (RIMA 3), Toronto, 1996. Adapted by Jamie Novotny (2016) and lemmatized and updated by Nathan Morello (2016) for the Munich Open-access Cuneiform Corpus Initiative (MOCCI), a corpus-building initiative funded by LMU Munich and the Alexander von Humboldt Foundation (through the establishment of the Alexander von Humboldt Chair for Ancient History of the Near and Middle East) and based at the Historisches Seminar - Abteilung Alte Geschichte of Ludwig-Maximilians-Universität München. The annotated edition is released under the Creative Commons Attribution Share-Alike license 3.0. Please cite this page as http://oracc.org/riao/Q004738/.",
			"date_of_origin": "823-811",
			"designation": "Šamši-Adad V 01",
			"display_name": "RIAo Šamši-Adad V 01",
			"dynastic_seat": "Assyria",
			"exemplars": "BM 118892 (1856-09-09, 0063); BM 115020 (1856-09-03, 1510); VA Ass 04511 (Ass 06596)",
			"genre": "Royal Inscription",
			"language": "Akkadian",
			"material": "stone",
			"object_type": "stele",
			"period": "Neo-Assyrian",
			"pleiades_id": "894019",
			"popular_name": "RIMA 3 A.0.103.1",
			"primary_publication": "Šamši-Adad V 01",
			"provenience": "Nimrud (Kalhu)",
			"ruler": "Šamši-Adad V",
			"script": "Neo-Assyrian",
			"script_remarks": "inscribed",
			"script_type": "Cuneiform",
			"subgenre": "Shamshi-Adad V",
			"supergenre": "LIT"
		},
		"geometry": {
			"type": "Point",
			"coordinates": [43.3275,36.099167]
		}
	}, {
		"type": "Feature",
		"properties": {
			"id_composite": "Q004739",
			"cdli_id": "P463917",
			"collection": "Vorderasiatisches Museum, Berlin, Germany",
			"credits": "Based on A. Kirk Grayson, Assyrian Rulers of the Early First Millennium BC II (858-745 BC) (RIMA 3), Toronto, 1996. Adapted by Jamie Novotny (2016) and lemmatized and updated by Nathan Morello (2016) for the Munich Open-access Cuneiform Corpus Initiative (MOCCI), a corpus-building initiative funded by LMU Munich and the Alexander von Humboldt Foundation (through the establishment of the Alexander von Humboldt Chair for Ancient History of the Near and Middle East) and based at the Historisches Seminar - Abteilung Alte Geschichte of Ludwig-Maximilians-Universität München. The annotated edition is released under the Creative Commons Attribution Share-Alike license 3.0. Please cite this page as http://oracc.org/riao/Q004739/.",
			"date_of_origin": "823-811",
			"designation": "Šamši-Adad V 02",
			"display_name": "RIAo Šamši-Adad V 02",
			"dynastic_seat": "Assyria",
			"exemplars": "VA Ass 04511 (Ass 06596)",
			"genre": "Royal Inscription",
			"language": "Akkadian",
			"material": "stone",
			"object_type": "stele",
			"period": "Neo-Assyrian",
			"pleiades_id": "893945",
			"popular_name": "RIMA 3 A.0.103.2",
			"primary_publication": "Šamši-Adad V 02",
			"provenience": "Qalat Sherqat (Assur)",
			"ruler": "Šamši-Adad V",
			"script": "Neo-Assyrian",
			"script_remarks": "inscribed",
			"script_type": "Cuneiform",
			"subgenre": "Shamshi-Adad V",
			"supergenre": "LIT"
		},
		"geometry": {
			"type": "Point",
			"coordinates": [43.262037,35.458121]
		}
	}, {
		"type": "Feature",
		"properties": {
			"id_composite": "Q004740",
			"cdli_id": "P463918",
			"credits": "Based on A. Kirk Grayson, Assyrian Rulers of the Early First Millennium BC II (858-745 BC) (RIMA 3), Toronto, 1996. Adapted by Jamie Novotny (2016) and lemmatized and updated by Nathan Morello (2016) for the Munich Open-access Cuneiform Corpus Initiative (MOCCI), a corpus-building initiative funded by LMU Munich and the Alexander von Humboldt Foundation (through the establishment of the Alexander von Humboldt Chair for Ancient History of the Near and Middle East) and based at the Historisches Seminar - Abteilung Alte Geschichte of Ludwig-Maximilians-Universität München. The annotated edition is released under the Creative Commons Attribution Share-Alike license 3.0. Please cite this page as http://oracc.org/riao/Q004740/.",
			"date_of_origin": "823-811",
			"designation": "Šamši-Adad V 03",
			"display_name": "RIAo Šamši-Adad V 03",
			"dynastic_seat": "Assyria",
			"exemplars": "Ass 17137a",
			"genre": "Royal Inscription",
			"language": "Akkadian",
			"material": "stone",
			"object_type": "stele",
			"period": "Neo-Assyrian",
			"pleiades_id": "893945",
			"popular_name": "RIMA 3 A.0.103.3",
			"primary_publication": "Šamši-Adad V 03",
			"provenience": "Qalat Sherqat (Assur)",
			"ruler": "Šamši-Adad V",
			"script": "Neo-Assyrian",
			"script_remarks": "inscribed",
			"script_type": "Cuneiform",
			"subgenre": "Shamshi-Adad V",
			"supergenre": "LIT"
		},
		"geometry": {
			"type": "Point",
			"coordinates": [43.262037,35.458121]
		}
	}, {
		"type": "Feature",
		"properties": {
			"id_composite": "Q004741",
			"cdli_id": "P463919",
			"collection": "Vorderasiatisches Museum, Berlin, Germany",
			"credits": "Based on A. Kirk Grayson, Assyrian Rulers of the Early First Millennium BC II (858-745 BC) (RIMA 3), Toronto, 1996. Adapted by Jamie Novotny (2016) and lemmatized and updated by Nathan Morello (2016) for the Munich Open-access Cuneiform Corpus Initiative (MOCCI), a corpus-building initiative funded by LMU Munich and the Alexander von Humboldt Foundation (through the establishment of the Alexander von Humboldt Chair for Ancient History of the Near and Middle East) and based at the Historisches Seminar - Abteilung Alte Geschichte of Ludwig-Maximilians-Universität München. The annotated edition is released under the Creative Commons Attribution Share-Alike license 3.0. Please cite this page as http://oracc.org/riao/Q004741/.",
			"date_of_origin": "823-811",
			"designation": "Šamši-Adad V 04",
			"display_name": "RIAo Šamši-Adad V 04",
			"dynastic_seat": "Assyria",
			"exemplars": "VAT 09628",
			"genre": "Royal Inscription",
			"language": "Akkadian",
			"material": "clay",
			"object_type": "tablet",
			"period": "Neo-Assyrian",
			"pleiades_id": "893945",
			"popular_name": "RIMA 3 A.0.103.4",
			"primary_publication": "Šamši-Adad V 04",
			"provenience": "Qalat Sherqat (Assur)",
			"ruler": "Šamši-Adad V",
			"script": "Neo-Assyrian",
			"script_remarks": "inscribed",
			"script_type": "Cuneiform",
			"subgenre": "Shamshi-Adad V",
			"supergenre": "LIT"
		},
		"geometry": {
			"type": "Point",
			"coordinates": [43.262037,35.458121]
		}
	}, {
		"type": "Feature",
		"properties": {
			"id_composite": "Q004742",
			"cdli_id": "P463920",
			"collection": "Arkeoloji Müzeleri, Istanbul, Turkey; Vorderasiatisches Museum, Berlin, Germany; British Museum, London, UK",
			"credits": "Based on A. Kirk Grayson, Assyrian Rulers of the Early First Millennium BC II (858-745 BC) (RIMA 3), Toronto, 1996. Adapted by Jamie Novotny (2016) and lemmatized and updated by Nathan Morello (2016) for the Munich Open-access Cuneiform Corpus Initiative (MOCCI), a corpus-building initiative funded by LMU Munich and the Alexander von Humboldt Foundation (through the establishment of the Alexander von Humboldt Chair for Ancient History of the Near and Middle East) and based at the Historisches Seminar - Abteilung Alte Geschichte of Ludwig-Maximilians-Universität München. The annotated edition is released under the Creative Commons Attribution Share-Alike license 3.0. Please cite this page as http://oracc.org/riao/Q004742/.",
			"date_of_origin": "823-811",
			"designation": "Šamši-Adad V 05",
			"display_name": "RIAo Šamši-Adad V 05",
			"dynastic_seat": "Assyria",
			"exemplars": "Ass 01200a (possibly Ist EŞEM 05172); Ass 01200b (possibly Ist EŞEM 05172); Ass 01202a; Ass 01202b; Ass 01202f; Ass 01202g; VA Ass 02281 (Ass 12885); BM 102405 (1906-10-13, 0002); Watanabe, Acta Sumerologica 16 pp. 246-247",
			"genre": "Royal Inscription",
			"language": "Akkadian",
			"material": "stone, bone (ivory)",
			"object_type": "bead",
			"period": "Neo-Assyrian",
			"pleiades_id": "893945",
			"popular_name": "RIMA 3 A.0.103.5",
			"primary_publication": "Šamši-Adad V 05",
			"provenience": "Qalat Sherqat (Assur)",
			"ruler": "Šamši-Adad V",
			"script": "Neo-Assyrian",
			"script_remarks": "inscribed",
			"script_type": "Cuneiform",
			"subgenre": "Shamshi-Adad V",
			"supergenre": "LIT"
		},
		"geometry": {
			"type": "Point",
			"coordinates": [43.262037,35.458121]
		}
	}, {
		"type": "Feature",
		"properties": {
			"id_composite": "Q004743",
			"cdli_id": "P463921",
			"collection": "Vorderasiatisches Museum, Berlin, Germany",
			"credits": "Based on A. Kirk Grayson, Assyrian Rulers of the Early First Millennium BC II (858-745 BC) (RIMA 3), Toronto, 1996. Adapted by Jamie Novotny (2016) and lemmatized and updated by Nathan Morello (2016) for the Munich Open-access Cuneiform Corpus Initiative (MOCCI), a corpus-building initiative funded by LMU Munich and the Alexander von Humboldt Foundation (through the establishment of the Alexander von Humboldt Chair for Ancient History of the Near and Middle East) and based at the Historisches Seminar - Abteilung Alte Geschichte of Ludwig-Maximilians-Universität München. The annotated edition is released under the Creative Commons Attribution Share-Alike license 3.0. Please cite this page as http://oracc.org/riao/Q004743/.",
			"date_of_origin": "823-811",
			"designation": "Šamši-Adad V 06",
			"display_name": "RIAo Šamši-Adad V 06",
			"dynastic_seat": "Assyria",
			"exemplars": "Ass 01202h; VA Ass 01734 (Ass 12884); Brinkman, JNES 32 pp. 44-45",
			"genre": "Royal Inscription",
			"language": "Akkadian",
			"material": "stone",
			"object_type": "bead",
			"period": "Neo-Assyrian",
			"pleiades_id": "893945",
			"popular_name": "RIMA 3 A.0.103.6",
			"primary_publication": "Šamši-Adad V 06",
			"provenience": "Qalat Sherqat (Assur)",
			"ruler": "Šamši-Adad V",
			"script": "Neo-Assyrian",
			"script_remarks": "inscribed",
			"script_type": "Cuneiform",
			"subgenre": "Shamshi-Adad V",
			"supergenre": "LIT"
		},
		"geometry": {
			"type": "Point",
			"coordinates": [43.262037,35.458121]
		}
	}, {
		"type": "Feature",
		"properties": {
			"id_composite": "Q004744",
			"cdli_id": "P463922",
			"collection": "Vorderasiatisches Museum, Berlin, Germany",
			"credits": "Based on A. Kirk Grayson, Assyrian Rulers of the Early First Millennium BC II (858-745 BC) (RIMA 3), Toronto, 1996. Adapted by Jamie Novotny (2016) and lemmatized and updated by Nathan Morello (2016) for the Munich Open-access Cuneiform Corpus Initiative (MOCCI), a corpus-building initiative funded by LMU Munich and the Alexander von Humboldt Foundation (through the establishment of the Alexander von Humboldt Chair for Ancient History of the Near and Middle East) and based at the Historisches Seminar - Abteilung Alte Geschichte of Ludwig-Maximilians-Universität München. The annotated edition is released under the Creative Commons Attribution Share-Alike license 3.0. Please cite this page as http://oracc.org/riao/Q004744/.",
			"date_of_origin": "823-811",
			"designation": "Šamši-Adad V 07",
			"display_name": "RIAo Šamši-Adad V 07",
			"dynastic_seat": "Assyria",
			"exemplars": "Ass 01200e; Ass 01202e; VA Ass 01731 (Ass 12881a); VA Ass 01731  (Ass 12881c)",
			"genre": "Royal Inscription",
			"language": "Akkadian",
			"material": "stone",
			"object_type": "bead",
			"period": "Neo-Assyrian",
			"pleiades_id": "893945",
			"popular_name": "RIMA 3 A.0.103.7",
			"primary_publication": "Šamši-Adad V 07",
			"provenience": "Qalat Sherqat (Assur)",
			"ruler": "Šamši-Adad V",
			"script": "Neo-Assyrian",
			"script_remarks": "inscribed",
			"script_type": "Cuneiform",
			"subgenre": "Shamshi-Adad V",
			"supergenre": "LIT"
		},
		"geometry": {
			"type": "Point",
			"coordinates": [43.262037,35.458121]
		}
	}, {
		"type": "Feature",
		"properties": {
			"id_composite": "Q004745",
			"cdli_id": "P463923",
			"collection": "Arkeoloji Müzeleri, Istanbul, Turkey",
			"credits": "Based on A. Kirk Grayson, Assyrian Rulers of the Early First Millennium BC II (858-745 BC) (RIMA 3), Toronto, 1996. Adapted by Jamie Novotny (2016) and lemmatized and updated by Nathan Morello (2016) for the Munich Open-access Cuneiform Corpus Initiative (MOCCI), a corpus-building initiative funded by LMU Munich and the Alexander von Humboldt Foundation (through the establishment of the Alexander von Humboldt Chair for Ancient History of the Near and Middle East) and based at the Historisches Seminar - Abteilung Alte Geschichte of Ludwig-Maximilians-Universität München. The annotated edition is released under the Creative Commons Attribution Share-Alike license 3.0. Please cite this page as http://oracc.org/riao/Q004745/.",
			"date_of_origin": "823-811",
			"designation": "Šamši-Adad V 08",
			"display_name": "RIAo Šamši-Adad V 08",
			"dynastic_seat": "Assyria",
			"exemplars": "Ist EŞEM 04232",
			"genre": "Royal Inscription",
			"language": "Akkadian",
			"material": "stone",
			"object_type": "bead",
			"period": "Neo-Assyrian",
			"pleiades_id": "893945",
			"popular_name": "RIMA 3 A.0.103.8",
			"primary_publication": "Šamši-Adad V 08",
			"provenience": "Qalat Sherqat (Assur)",
			"ruler": "Šamši-Adad V",
			"script": "Neo-Assyrian",
			"script_remarks": "inscribed",
			"script_type": "Cuneiform",
			"subgenre": "Shamshi-Adad V",
			"supergenre": "LIT"
		},
		"geometry": {
			"type": "Point",
			"coordinates": [43.262037,35.458121]
		}
	}, {
		"type": "Feature",
		"properties": {
			"id_composite": "Q004746",
			"cdli_id": "P463924",
			"collection": "British Museum, London, UK; Birmingham Museums and Art Gallery, Birmingham, UK; Vorderasiatisches Museum, Berlin, Germany",
			"credits": "Based on A. Kirk Grayson, Assyrian Rulers of the Early First Millennium BC II (858-745 BC) (RIMA 3), Toronto, 1996. Adapted by Jamie Novotny (2016) and lemmatized and updated by Nathan Morello (2016) for the Munich Open-access Cuneiform Corpus Initiative (MOCCI), a corpus-building initiative funded by LMU Munich and the Alexander von Humboldt Foundation (through the establishment of the Alexander von Humboldt Chair for Ancient History of the Near and Middle East) and based at the Historisches Seminar - Abteilung Alte Geschichte of Ludwig-Maximilians-Universität München. The annotated edition is released under the Creative Commons Attribution Share-Alike license 3.0. Please cite this page as http://oracc.org/riao/Q004746/.",
			"date_of_origin": "823-811",
			"designation": "Šamši-Adad V 09",
			"display_name": "RIAo Šamši-Adad V 09",
			"dynastic_seat": "Assyria",
			"exemplars": "BM 045607 (1881-07-01, 3396); BM 123525 (1932-12-10, 0468); BM 128162 (1929-10-12, 0818); BM 128189 (1929-10-12, 0845); BM 137435 (R 055); BM 137464 (1929-10-12, 0175); BCM 0352-079; BCM 0353-079; BCM 0354-079; BCM A 057-087; BCM A 058-087; Ass 22864; Scheil, RT 22 p. 37c; VA Ass 02282; BM 128379 (1932-12-10, 0636)",
			"genre": "Royal Inscription",
			"language": "Akkadian",
			"material": "clay",
			"object_type": "brick",
			"period": "Neo-Assyrian",
			"pleiades_id": "874621",
			"popular_name": "RIMA 3 A.0.103.9",
			"primary_publication": "Šamši-Adad V 09",
			"provenience": "Kuyunjik (Nineveh)",
			"ruler": "Šamši-Adad V",
			"script": "Neo-Assyrian",
			"script_remarks": "inscribed",
			"script_type": "Cuneiform",
			"subgenre": "Shamshi-Adad V",
			"supergenre": "LIT"
		},
		"geometry": {
			"type": "Point",
			"coordinates": [43.151937,36.358684]
		}
	}, {
		"type": "Feature",
		"properties": {
			"id_composite": "Q004747",
			"cdli_id": "P463925",
			"credits": "Based on A. Kirk Grayson, Assyrian Rulers of the Early First Millennium BC II (858-745 BC) (RIMA 3), Toronto, 1996. Adapted by Jamie Novotny (2016) and lemmatized and updated by Nathan Morello (2016) for the Munich Open-access Cuneiform Corpus Initiative (MOCCI), a corpus-building initiative funded by LMU Munich and the Alexander von Humboldt Foundation (through the establishment of the Alexander von Humboldt Chair for Ancient History of the Near and Middle East) and based at the Historisches Seminar - Abteilung Alte Geschichte of Ludwig-Maximilians-Universität München. The annotated edition is released under the Creative Commons Attribution Share-Alike license 3.0. Please cite this page as http://oracc.org/riao/Q004747/.",
			"date_of_origin": "823-811",
			"designation": "Šamši-Adad V 10",
			"display_name": "RIAo Šamši-Adad V 10",
			"dynastic_seat": "Assyria",
			"exemplars": "ND 10152",
			"genre": "Royal Inscription",
			"language": "Akkadian",
			"material": "ivory",
			"object_type": "strip",
			"period": "Neo-Assyrian",
			"pleiades_id": "894019",
			"popular_name": "RIMA 3 A.0.103.10",
			"primary_publication": "Šamši-Adad V 10",
			"provenience": "Nimrud (Kalhu)",
			"ruler": "Šamši-Adad V",
			"script": "Neo-Assyrian",
			"script_remarks": "inscribed",
			"script_type": "Cuneiform",
			"subgenre": "Shamshi-Adad V",
			"supergenre": "LIT"
		},
		"geometry": {
			"type": "Point",
			"coordinates": [43.3275,36.099167]
		}
	}, {
		"type": "Feature",
		"properties": {
			"id_composite": "Q004748",
			"cdli_id": "P463926",
			"credits": "Based on A. Kirk Grayson, Assyrian Rulers of the Early First Millennium BC II (858-745 BC) (RIMA 3), Toronto, 1996. Adapted by Jamie Novotny (2016) and lemmatized and updated by Nathan Morello (2016) for the Munich Open-access Cuneiform Corpus Initiative (MOCCI), a corpus-building initiative funded by LMU Munich and the Alexander von Humboldt Foundation (through the establishment of the Alexander von Humboldt Chair for Ancient History of the Near and Middle East) and based at the Historisches Seminar - Abteilung Alte Geschichte of Ludwig-Maximilians-Universität München. The annotated edition is released under the Creative Commons Attribution Share-Alike license 3.0. Please cite this page as http://oracc.org/riao/Q004748/.",
			"date_of_origin": "823-811",
			"designation": "Šamši-Adad V 2001",
			"display_name": "RIAo Šamši-Adad V 2001",
			"dynastic_seat": "Assyria",
			"exemplars": "Byblos 19041",
			"genre": "Royal Inscription",
			"language": "Akkadian",
			"material": "stone",
			"object_type": "amulet",
			"period": "Neo-Assyrian",
			"pleiades_id": "668216",
			"popular_name": "RIMA 3 A.0.103.2001",
			"primary_publication": "Šamši-Adad V 2001",
			"provenience": "Byblos (Gubla)",
			"ruler": "Šamši-Adad V",
			"script": "Neo-Assyrian",
			"script_remarks": "inscribed",
			"script_type": "Cuneiform",
			"subgenre": "Shamshi-Adad V",
			"supergenre": "LIT"
		},
		"geometry": {
			"type": "Point",
			"coordinates": [35.922327,35.378062]
		}
	}, {
		"type": "Feature",
		"properties": {
			"id_composite": "Q004749",
			"cdli_id": "P463927",
			"collection": "British Museum, London, UK",
			"credits": "Based on A. Kirk Grayson, Assyrian Rulers of the Early First Millennium BC II (858-745 BC) (RIMA 3), Toronto, 1996. Adapted by Jamie Novotny (2016) and lemmatized and updated by Nathan Morello (2016) for the Munich Open-access Cuneiform Corpus Initiative (MOCCI), a corpus-building initiative funded by LMU Munich and the Alexander von Humboldt Foundation (through the establishment of the Alexander von Humboldt Chair for Ancient History of the Near and Middle East) and based at the Historisches Seminar - Abteilung Alte Geschichte of Ludwig-Maximilians-Universität München. The annotated edition is released under the Creative Commons Attribution Share-Alike license 3.0. Please cite this page as http://oracc.org/riao/Q004749/.",
			"date_of_origin": "810-783",
			"designation": "Adad-nerari III 01",
			"display_name": "RIAo Adad-nerari III 01",
			"dynastic_seat": "Assyria",
			"exemplars": "1 R pl. 35 no. 3; ICC pl. 70B; BM 118925 (1851-09-02, 0035)",
			"genre": "Royal Inscription",
			"language": "Akkadian",
			"material": "stone",
			"object_type": "paving stone",
			"period": "Neo-Assyrian",
			"pleiades_id": "894019",
			"popular_name": "RIMA 3 A.0.104.1",
			"primary_publication": "Adad-nerari III 01",
			"provenience": "Nimrud (Kalhu)",
			"ruler": "Adad-nerari III",
			"script": "Neo-Assyrian",
			"script_remarks": "inscribed",
			"script_type": "Cuneiform",
			"subgenre": "Adad-nerari III",
			"supergenre": "LIT"
		},
		"geometry": {
			"type": "Point",
			"coordinates": [43.3275,36.099167]
		}
	}, {
		"type": "Feature",
		"properties": {
			"id_composite": "Q004750",
			"cdli_id": "P463928",
			"collection": "Archeological Museum, Antakya, Hatay, Turkey",
			"credits": "Based on A. Kirk Grayson, Assyrian Rulers of the Early First Millennium BC II (858-745 BC) (RIMA 3), Toronto, 1996. Adapted by Jamie Novotny (2016) and lemmatized and updated by Nathan Morello (2016) for the Munich Open-access Cuneiform Corpus Initiative (MOCCI), a corpus-building initiative funded by LMU Munich and the Alexander von Humboldt Foundation (through the establishment of the Alexander von Humboldt Chair for Ancient History of the Near and Middle East) and based at the Historisches Seminar - Abteilung Alte Geschichte of Ludwig-Maximilians-Universität München. The annotated edition is released under the Creative Commons Attribution Share-Alike license 3.0. Please cite this page as http://oracc.org/riao/Q004750/.",
			"date_of_origin": "810-783",
			"designation": "Adad-nerari III 02",
			"display_name": "RIAo Adad-nerari III 02",
			"dynastic_seat": "Assyria",
			"exemplars": "11832",
			"genre": "Royal Inscription",
			"language": "Akkadian",
			"material": "stone",
			"object_type": "stele",
			"period": "Neo-Assyrian",
			"pleiades_id": "658381",
			"popular_name": "RIMA 3 A.0.104.2",
			"primary_publication": "Adad-nerari III 02",
			"provenience": "Antakya",
			"ruler": "Adad-nerari III",
			"script": "Neo-Assyrian",
			"script_remarks": "inscribed",
			"script_type": "Cuneiform",
			"subgenre": "Adad-nerari III",
			"supergenre": "LIT"
		},
		"geometry": {
			"type": "Point",
			"coordinates": [36.137399,36.182294]
		}
	}, {
		"type": "Feature",
		"properties": {
			"id_composite": "Q004751",
			"cdli_id": "P463929",
			"collection": "Kahramanmaraş Museum, Kahramanmaraş, Turkey",
			"credits": "Based on A. Kirk Grayson, Assyrian Rulers of the Early First Millennium BC II (858-745 BC) (RIMA 3), Toronto, 1996. Adapted by Jamie Novotny (2016) and lemmatized and updated by Nathan Morello (2016) for the Munich Open-access Cuneiform Corpus Initiative (MOCCI), a corpus-building initiative funded by LMU Munich and the Alexander von Humboldt Foundation (through the establishment of the Alexander von Humboldt Chair for Ancient History of the Near and Middle East) and based at the Historisches Seminar - Abteilung Alte Geschichte of Ludwig-Maximilians-Universität München. The annotated edition is released under the Creative Commons Attribution Share-Alike license 3.0. Please cite this page as http://oracc.org/riao/Q004751/.",
			"date_of_origin": "810-783",
			"designation": "Adad-nerari III 03",
			"display_name": "RIAo Adad-nerari III 03",
			"dynastic_seat": "Assyria",
			"exemplars": "KMT -",
			"genre": "Royal Inscription",
			"language": "Akkadian",
			"material": "stone",
			"object_type": "stele",
			"period": "Neo-Assyrian",
			"pleiades_id": "193878353",
			"popular_name": "RIMA 3 A.0.104.3",
			"primary_publication": "Adad-nerari III 03",
			"provenience": "Kizkapanlı",
			"ruler": "Adad-nerari III",
			"script": "Neo-Assyrian",
			"script_remarks": "inscribed",
			"script_type": "Cuneiform",
			"subgenre": "Adad-nerari III",
			"supergenre": "LIT"
		},
		"geometry": {
			"type": "Point",
			"coordinates": [37.293138,37.37502]
		}
	}, {
		"type": "Feature",
		"properties": {
			"id_composite": "Q004752",
			"cdli_id": "P463930",
			"credits": "Based on A. Kirk Grayson, Assyrian Rulers of the Early First Millennium BC II (858-745 BC) (RIMA 3), Toronto, 1996. Adapted by Jamie Novotny (2016) and lemmatized and updated by Nathan Morello (2016) for the Munich Open-access Cuneiform Corpus Initiative (MOCCI), a corpus-building initiative funded by LMU Munich and the Alexander von Humboldt Foundation (through the establishment of the Alexander von Humboldt Chair for Ancient History of the Near and Middle East) and based at the Historisches Seminar - Abteilung Alte Geschichte of Ludwig-Maximilians-Universität München. The annotated edition is released under the Creative Commons Attribution Share-Alike license 3.0. Please cite this page as http://oracc.org/riao/Q004752/.",
			"date_of_origin": "810-783",
			"designation": "Adad-nerari III 04",
			"display_name": "RIAo Adad-nerari III 04",
			"dynastic_seat": "Assyria",
			"exemplars": "Scheil, RA 14 pp. 159-160",
			"genre": "Royal Inscription",
			"language": "Akkadian",
			"material": "stone",
			"object_type": "stele",
			"period": "Neo-Assyrian",
			"pleiades_id": "29492",
			"popular_name": "RIMA 3 A.0.104.4",
			"primary_publication": "Adad-nerari III 04",
			"provenience": "Assyria",
			"ruler": "Adad-nerari III",
			"script": "Neo-Assyrian",
			"script_remarks": "inscribed",
			"script_type": "Cuneiform",
			"subgenre": "Adad-nerari III",
			"supergenre": "LIT"
		},
		"geometry": {
			"type": "Point",
			"coordinates": [43.2,36.2]
		}
	}, {
		"type": "Feature",
		"properties": {
			"id_composite": "Q004753",
			"cdli_id": "P463931",
			"collection": "British Museum, London, UK",
			"credits": "Based on A. Kirk Grayson, Assyrian Rulers of the Early First Millennium BC II (858-745 BC) (RIMA 3), Toronto, 1996. Updated version based on K. Radner, &quot;The Stele of Adad-nērāri III and Nergal-ēreš from Dūr-Katlimmu (Tell Šaiḫ Ḥamad),&quot; AoF 39 (2012) pp. 265-277. Adapted and lemmatized by Nathan Morello (2020) for the Munich Open-access Cuneiform Corpus Initiative (MOCCI), a corpus-building initiative funded by LMU Munich and the Alexander von Humboldt Foundation (through the establishment of the Alexander von Humboldt Chair for Ancient History of the Near and Middle East) and based at the Historisches Seminar - Abteilung Alte Geschichte of Ludwig-Maximilians-Universität München. The annotated edition is released under the Creative Commons Attribution Share-Alike license 3.0. Please cite this page as http://oracc.org/riao/Q004753/.",
			"date_of_origin": "810-783",
			"designation": "Adad-nerari III 05",
			"display_name": "RIAo Adad-nerari III 05",
			"dynastic_seat": "Assyria",
			"exemplars": "BM 131124 K. Radner, AoF 39 (2012) pp. 267-268, fig. 1-2",
			"genre": "Royal Inscription",
			"language": "Akkadian",
			"material": "stone",
			"object_type": "stele",
			"period": "Neo-Assyrian",
			"pleiades_id": "893991",
			"popular_name": "RIMA 3 A.0.104.5",
			"primary_publication": "Adad-nerari III 05",
			"provenience": "Tall Shekh Hamad (Dur-Katlimmu)",
			"ruler": "Adad-nerari III",
			"script": "Neo-Assyrian",
			"script_remarks": "inscribed",
			"script_type": "Cuneiform",
			"subgenre": "Adad-nerari III",
			"supergenre": "LIT"
		},
		"geometry": {
			"type": "Point",
			"coordinates": [40.740208,35.643628]
		}
	}, {
		"type": "Feature",
		"properties": {
			"id_composite": "Q004754",
			"cdli_id": "P463932",
			"collection": "Arkeoloji Müzeleri, Istanbul, Turkey",
			"credits": "Based on A. Kirk Grayson, Assyrian Rulers of the Early First Millennium BC II (858-745 BC) (RIMA 3), Toronto, 1996. Adapted by Jamie Novotny (2016) and lemmatized and updated by Nathan Morello (2016) for the Munich Open-access Cuneiform Corpus Initiative (MOCCI), a corpus-building initiative funded by LMU Munich and the Alexander von Humboldt Foundation (through the establishment of the Alexander von Humboldt Chair for Ancient History of the Near and Middle East) and based at the Historisches Seminar - Abteilung Alte Geschichte of Ludwig-Maximilians-Universität München. The annotated edition is released under the Creative Commons Attribution Share-Alike license 3.0. Please cite this page as http://oracc.org/riao/Q004754/.",
			"date_of_origin": "810-783",
			"designation": "Adad-nerari III 06",
			"display_name": "RIAo Adad-nerari III 06",
			"dynastic_seat": "Assyria",
			"exemplars": "Ist EŞEM 02828",
			"genre": "Royal Inscription",
			"language": "Akkadian",
			"material": "stone",
			"object_type": "stele",
			"period": "Neo-Assyrian",
			"pleiades_id": "528477900",
			"popular_name": "RIMA 3 A.0.104.6",
			"primary_publication": "Adad-nerari III 06",
			"provenience": "Sabaʾa",
			"ruler": "Adad-nerari III",
			"script": "Neo-Assyrian",
			"script_remarks": "inscribed",
			"script_type": "Cuneiform",
			"subgenre": "Adad-nerari III",
			"supergenre": "LIT"
		},
		"geometry": {
			"type": "Point",
			"coordinates": [40.65609,36.08196]
		}
	}, {
		"type": "Feature",
		"properties": {
			"id_composite": "Q004755",
			"cdli_id": "P463933",
			"collection": "Iraq Museum, Baghdad, Iraq",
			"credits": "Based on A. Kirk Grayson, Assyrian Rulers of the Early First Millennium BC II (858-745 BC) (RIMA 3), Toronto, 1996. Adapted by Jamie Novotny (2016) and lemmatized and updated by Nathan Morello (2016) for the Munich Open-access Cuneiform Corpus Initiative (MOCCI), a corpus-building initiative funded by LMU Munich and the Alexander von Humboldt Foundation (through the establishment of the Alexander von Humboldt Chair for Ancient History of the Near and Middle East) and based at the Historisches Seminar - Abteilung Alte Geschichte of Ludwig-Maximilians-Universität München. The annotated edition is released under the Creative Commons Attribution Share-Alike license 3.0. Please cite this page as http://oracc.org/riao/Q004755/.",
			"date_of_origin": "810-783",
			"designation": "Adad-nerari III 07",
			"display_name": "RIAo Adad-nerari III 07",
			"dynastic_seat": "Assyria",
			"exemplars": "IM -",
			"genre": "Royal Inscription",
			"language": "Akkadian",
			"material": "stone",
			"object_type": "stele",
			"period": "Neo-Assyrian",
			"pleiades_id": "356369838",
			"popular_name": "RIMA 3 A.0.104.7",
			"primary_publication": "Adad-nerari III 07",
			"provenience": "Tell al Rimah (Qatara)",
			"ruler": "Adad-nerari III",
			"script": "Neo-Assyrian",
			"script_remarks": "inscribed",
			"script_type": "Cuneiform",
			"subgenre": "Adad-nerari III",
			"supergenre": "LIT"
		},
		"geometry": {
			"type": "Point",
			"coordinates": [42.4500569089,36.2569908298]
		}
	}, {
		"type": "Feature",
		"properties": {
			"id_composite": "Q004756",
			"cdli_id": "P463934",
			"credits": "Based on A. Kirk Grayson, Assyrian Rulers of the Early First Millennium BC II (858-745 BC) (RIMA 3), Toronto, 1996. Adapted by Jamie Novotny (2016) and lemmatized and updated by Nathan Morello (2016) for the Munich Open-access Cuneiform Corpus Initiative (MOCCI), a corpus-building initiative funded by LMU Munich and the Alexander von Humboldt Foundation (through the establishment of the Alexander von Humboldt Chair for Ancient History of the Near and Middle East) and based at the Historisches Seminar - Abteilung Alte Geschichte of Ludwig-Maximilians-Universität München. The annotated edition is released under the Creative Commons Attribution Share-Alike license 3.0. Please cite this page as http://oracc.org/riao/Q004756/.",
			"date_of_origin": "810-783",
			"designation": "Adad-nerari III 08",
			"display_name": "RIAo Adad-nerari III 08",
			"dynastic_seat": "Assyria",
			"exemplars": "1 R pl. 35 no. 1",
			"genre": "Royal Inscription",
			"language": "Akkadian",
			"material": "stone",
			"object_type": "slab",
			"period": "Neo-Assyrian",
			"pleiades_id": "894019",
			"popular_name": "RIMA 3 A.0.104.8",
			"primary_publication": "Adad-nerari III 08",
			"provenience": "Nimrud (Kalhu)",
			"ruler": "Adad-nerari III",
			"script": "Neo-Assyrian",
			"script_remarks": "inscribed",
			"script_type": "Cuneiform",
			"subgenre": "Adad-nerari III",
			"supergenre": "LIT"
		},
		"geometry": {
			"type": "Point",
			"coordinates": [43.3275,36.099167]
		}
	}, {
		"type": "Feature",
		"properties": {
			"id_composite": "Q004757",
			"cdli_id": "P463935",
			"collection": "British Museum, London, UK",
			"credits": "Based on A. Kirk Grayson, Assyrian Rulers of the Early First Millennium BC II (858-745 BC) (RIMA 3), Toronto, 1996. Adapted by Jamie Novotny (2016) and lemmatized and updated by Nathan Morello (2016) for the Munich Open-access Cuneiform Corpus Initiative (MOCCI), a corpus-building initiative funded by LMU Munich and the Alexander von Humboldt Foundation (through the establishment of the Alexander von Humboldt Chair for Ancient History of the Near and Middle East) and based at the Historisches Seminar - Abteilung Alte Geschichte of Ludwig-Maximilians-Universität München. The annotated edition is released under the Creative Commons Attribution Share-Alike license 3.0. Please cite this page as http://oracc.org/riao/Q004757/.",
			"date_of_origin": "810-783",
			"designation": "Adad-nerari III 09",
			"display_name": "RIAo Adad-nerari III 09",
			"dynastic_seat": "Assyria",
			"exemplars": "BM 136974 (1881-02-04, 0029)",
			"genre": "Royal Inscription",
			"language": "Akkadian",
			"material": "stone",
			"object_type": "tablet",
			"period": "Neo-Assyrian",
			"pleiades_id": "874621",
			"popular_name": "RIMA 3 A.0.104.9",
			"primary_publication": "Adad-nerari III 09",
			"provenience": "Kuyunjik (Nineveh)",
			"ruler": "Adad-nerari III",
			"script": "Neo-Assyrian",
			"script_remarks": "inscribed",
			"script_type": "Cuneiform",
			"subgenre": "Adad-nerari III",
			"supergenre": "LIT"
		},
		"geometry": {
			"type": "Point",
			"coordinates": [43.151937,36.358684]
		}
	}, {
		"type": "Feature",
		"properties": {
			"id_composite": "Q004758",
			"cdli_id": "P463936",
			"collection": "Vorderasiatisches Museum, Berlin, Germany; Arkeoloji Müzeleri, Istanbul, Turkey;  British Museum, London, UK",
			"credits": "Based on A. Kirk Grayson, Assyrian Rulers of the Early First Millennium BC II (858-745 BC) (RIMA 3), Toronto, 1996. Adapted by Jamie Novotny (2016) and lemmatized and updated by Nathan Morello (2016) for the Munich Open-access Cuneiform Corpus Initiative (MOCCI), a corpus-building initiative funded by LMU Munich and the Alexander von Humboldt Foundation (through the establishment of the Alexander von Humboldt Chair for Ancient History of the Near and Middle East) and based at the Historisches Seminar - Abteilung Alte Geschichte of Ludwig-Maximilians-Universität München. The annotated edition is released under the Creative Commons Attribution Share-Alike license 3.0. Please cite this page as http://oracc.org/riao/Q004758/.",
			"date_of_origin": "810-783",
			"designation": "Adad-nerari III 10",
			"display_name": "RIAo Adad-nerari III 10",
			"dynastic_seat": "Assyria",
			"exemplars": "Ass 01202c; Ass 01202d; VA Ass 01730 (Ass 12880a); Ass 01200c (Ist EŞEM 02340 or Ist EŞEM 02770); Ass 01200d (Ist EŞEM 02340 or Ist EŞEM 02770); Ass 01200f (Ist EŞEM 02340 or Ist EŞEM 02770); Ass 01202i; Ass 01202k; Ass 01202l;  Ass 01202m; Ass 01733 (Ass 12883a); VA Ass 01733 (Ass 12883b); BM 102406 (1906-10-13, 0001); VA Ass 01730 (Ass 12880b); VA Ass 01731 (Ass 12881b)",
			"genre": "Royal Inscription",
			"language": "Akkadian",
			"material": "stone",
			"object_type": "bead",
			"period": "Neo-Assyrian",
			"pleiades_id": "893945",
			"popular_name": "RIMA 3 A.0.104.10",
			"primary_publication": "Adad-nerari III 10",
			"provenience": "Qalat Sherqat (Assur)",
			"ruler": "Adad-nerari III",
			"script": "Neo-Assyrian",
			"script_remarks": "inscribed",
			"script_type": "Cuneiform",
			"subgenre": "Adad-nerari III",
			"supergenre": "LIT"
		},
		"geometry": {
			"type": "Point",
			"coordinates": [43.262037,35.458121]
		}
	}, {
		"type": "Feature",
		"properties": {
			"id_composite": "Q004759",
			"cdli_id": "P463937",
			"collection": "Arkeoloji Müzeleri, Istanbul, Turkey",
			"credits": "Based on A. Kirk Grayson, Assyrian Rulers of the Early First Millennium BC II (858-745 BC) (RIMA 3), Toronto, 1996. Adapted by Jamie Novotny (2016) and lemmatized and updated by Nathan Morello (2016) for the Munich Open-access Cuneiform Corpus Initiative (MOCCI), a corpus-building initiative funded by LMU Munich and the Alexander von Humboldt Foundation (through the establishment of the Alexander von Humboldt Chair for Ancient History of the Near and Middle East) and based at the Historisches Seminar - Abteilung Alte Geschichte of Ludwig-Maximilians-Universität München. The annotated edition is released under the Creative Commons Attribution Share-Alike license 3.0. Please cite this page as http://oracc.org/riao/Q004759/.",
			"date_of_origin": "810-783",
			"designation": "Adad-nerari III 11",
			"display_name": "RIAo Adad-nerari III 11",
			"dynastic_seat": "Assyria",
			"exemplars": "Ist EŞEM 04831; Ist EŞEM 04841",
			"genre": "Royal Inscription",
			"language": "Akkadian",
			"material": "stone",
			"object_type": "bead",
			"period": "Neo-Assyrian",
			"pleiades_id": "893945",
			"popular_name": "RIMA 3 A.0.104.11",
			"primary_publication": "Adad-nerari III 11",
			"provenience": "Qalat Sherqat (Assur)",
			"ruler": "Adad-nerari III",
			"script": "Neo-Assyrian",
			"script_remarks": "inscribed",
			"script_type": "Cuneiform",
			"subgenre": "Adad-nerari III",
			"supergenre": "LIT"
		},
		"geometry": {
			"type": "Point",
			"coordinates": [43.262037,35.458121]
		}
	}, {
		"type": "Feature",
		"properties": {
			"id_composite": "Q004760",
			"cdli_id": "P463938",
			"collection": "Vorderasiatisches Museum, Berlin, Germany",
			"credits": "Based on A. Kirk Grayson, Assyrian Rulers of the Early First Millennium BC II (858-745 BC) (RIMA 3), Toronto, 1996. Adapted by Jamie Novotny (2016) and lemmatized and updated by Nathan Morello (2016) for the Munich Open-access Cuneiform Corpus Initiative (MOCCI), a corpus-building initiative funded by LMU Munich and the Alexander von Humboldt Foundation (through the establishment of the Alexander von Humboldt Chair for Ancient History of the Near and Middle East) and based at the Historisches Seminar - Abteilung Alte Geschichte of Ludwig-Maximilians-Universität München. The annotated edition is released under the Creative Commons Attribution Share-Alike license 3.0. Please cite this page as http://oracc.org/riao/Q004760/.",
			"date_of_origin": "810-783",
			"designation": "Adad-nerari III 12",
			"display_name": "RIAo Adad-nerari III 12",
			"dynastic_seat": "Assyria",
			"exemplars": "VA Ass 04302a; VA Ass 04302b; VA Ass 04302c; Ass 04663",
			"genre": "Royal Inscription",
			"language": "Akkadian",
			"material": "clay",
			"object_type": "brick",
			"period": "Neo-Assyrian",
			"pleiades_id": "893945",
			"popular_name": "RIMA 3 A.0.104.12",
			"primary_publication": "Adad-nerari III 12",
			"provenience": "Qalat Sherqat (Assur)",
			"ruler": "Adad-nerari III",
			"script": "Neo-Assyrian",
			"script_remarks": "inscribed",
			"script_type": "Cuneiform",
			"subgenre": "Adad-nerari III",
			"supergenre": "LIT"
		},
		"geometry": {
			"type": "Point",
			"coordinates": [43.262037,35.458121]
		}
	}, {
		"type": "Feature",
		"properties": {
			"id_composite": "Q004761",
			"cdli_id": "P463939",
			"collection": "British Museum, London, UK; Ashmolean Museum, Oxford, UK; Birmingham Museums and Art Gallery, Birmingham, UK",
			"credits": "Based on A. Kirk Grayson, Assyrian Rulers of the Early First Millennium BC II (858-745 BC) (RIMA 3), Toronto, 1996. Adapted by Jamie Novotny (2016) and lemmatized and updated by Nathan Morello (2016) for the Munich Open-access Cuneiform Corpus Initiative (MOCCI), a corpus-building initiative funded by LMU Munich and the Alexander von Humboldt Foundation (through the establishment of the Alexander von Humboldt Chair for Ancient History of the Near and Middle East) and based at the Historisches Seminar - Abteilung Alte Geschichte of Ludwig-Maximilians-Universität München. The annotated edition is released under the Creative Commons Attribution Share-Alike license 3.0. Please cite this page as http://oracc.org/riao/Q004761/.",
			"date_of_origin": "810-783",
			"designation": "Adad-nerari III 13",
			"display_name": "RIAo Adad-nerari III 13",
			"dynastic_seat": "Assyria",
			"exemplars": "BM 137493 (1932-12-10, 0037); Ashm 1930-0719; AAA 19 p. 115",
			"genre": "Royal Inscription",
			"language": "Akkadian",
			"material": "clay",
			"object_type": "brick",
			"period": "Neo-Assyrian",
			"pleiades_id": "874621",
			"popular_name": "RIMA 3 A.0.104.13",
			"primary_publication": "Adad-nerari III 13",
			"provenience": "Kuyunjik (Nineveh)",
			"ruler": "Adad-nerari III",
			"script": "Neo-Assyrian",
			"script_remarks": "inscribed",
			"script_type": "Cuneiform",
			"subgenre": "Adad-nerari III",
			"supergenre": "LIT"
		},
		"geometry": {
			"type": "Point",
			"coordinates": [43.151937,36.358684]
		}
	}, {
		"type": "Feature",
		"properties": {
			"id_composite": "Q004762",
			"cdli_id": "P463940",
			"collection": "British Museum, London, UK; Birmingham Museums and Art Gallery, Birmingham, UK",
			"credits": "Based on A. Kirk Grayson, Assyrian Rulers of the Early First Millennium BC II (858-745 BC) (RIMA 3), Toronto, 1996. Adapted by Jamie Novotny (2016) and lemmatized and updated by Nathan Morello (2016) for the Munich Open-access Cuneiform Corpus Initiative (MOCCI), a corpus-building initiative funded by LMU Munich and the Alexander von Humboldt Foundation (through the establishment of the Alexander von Humboldt Chair for Ancient History of the Near and Middle East) and based at the Historisches Seminar - Abteilung Alte Geschichte of Ludwig-Maximilians-Universität München. The annotated edition is released under the Creative Commons Attribution Share-Alike license 3.0. Please cite this page as http://oracc.org/riao/Q004762/.",
			"date_of_origin": "810-783",
			"designation": "Adad-nerari III 14",
			"display_name": "RIAo Adad-nerari III 14",
			"dynastic_seat": "Assyria",
			"exemplars": "BM 137463 (1929-10-12, 0173); BCM 0333-079; BCM 0332-079; BCM 0355-079; BCM A 059-087; BCM A 060-087; BCM A 061-087; Arch. 79 no. 66",
			"genre": "Royal Inscription",
			"language": "Akkadian",
			"material": "clay",
			"object_type": "brick",
			"period": "Neo-Assyrian",
			"pleiades_id": "874621",
			"popular_name": "RIMA 3 A.0.104.14",
			"primary_publication": "Adad-nerari III 14",
			"provenience": "Kuyunjik (Nineveh)",
			"ruler": "Adad-nerari III",
			"script": "Neo-Assyrian",
			"script_remarks": "inscribed",
			"script_type": "Cuneiform",
			"subgenre": "Adad-nerari III",
			"supergenre": "LIT"
		},
		"geometry": {
			"type": "Point",
			"coordinates": [43.151937,36.358684]
		}
	}, {
		"type": "Feature",
		"properties": {
			"id_composite": "Q004763",
			"cdli_id": "P463941",
			"collection": "British Museum, London, UK; Ashmolean Museum, Oxford, UK; Birmingham Museums and Art Gallery, Birmingham, UK",
			"credits": "Based on A. Kirk Grayson, Assyrian Rulers of the Early First Millennium BC II (858-745 BC) (RIMA 3), Toronto, 1996. Adapted by Jamie Novotny (2016) and lemmatized and updated by Nathan Morello (2016) for the Munich Open-access Cuneiform Corpus Initiative (MOCCI), a corpus-building initiative funded by LMU Munich and the Alexander von Humboldt Foundation (through the establishment of the Alexander von Humboldt Chair for Ancient History of the Near and Middle East) and based at the Historisches Seminar - Abteilung Alte Geschichte of Ludwig-Maximilians-Universität München. The annotated edition is released under the Creative Commons Attribution Share-Alike license 3.0. Please cite this page as http://oracc.org/riao/Q004763/.",
			"date_of_origin": "810-783",
			"designation": "Adad-nerari III 15",
			"display_name": "RIAo Adad-nerari III 15",
			"dynastic_seat": "Assyria",
			"exemplars": "BM 090266  (1979-12-20, 0164); BM 090463 + BM 090464  (1979-12-20, 0265); BM 090742 (1979-12-20, 0333); BM 137466  (1929-10-12, 0177); Ashm 1930-0718; BCM 0335-079; Arch 79 no. 68; AAA 18 p. 100 no. 39 (a); AAA 19 p. 115 Y (2)",
			"genre": "Royal Inscription",
			"language": "Akkadian",
			"material": "clay",
			"object_type": "brick",
			"period": "Neo-Assyrian",
			"pleiades_id": "874621",
			"popular_name": "RIMA 3 A.0.104.15",
			"primary_publication": "Adad-nerari III 15",
			"provenience": "Kuyunjik (Nineveh)",
			"ruler": "Adad-nerari III",
			"script": "Neo-Assyrian",
			"script_remarks": "inscribed",
			"script_type": "Cuneiform",
			"subgenre": "Adad-nerari III",
			"supergenre": "LIT"
		},
		"geometry": {
			"type": "Point",
			"coordinates": [43.151937,36.358684]
		}
	}, {
		"type": "Feature",
		"properties": {
			"id_composite": "Q004764",
			"cdli_id": "P463942",
			"collection": "Ashmolean Museum, Oxford, UK; British Museum, London, UK",
			"credits": "Based on A. Kirk Grayson, Assyrian Rulers of the Early First Millennium BC II (858-745 BC) (RIMA 3), Toronto, 1996. Adapted by Jamie Novotny (2016) and lemmatized and updated by Nathan Morello (2016) for the Munich Open-access Cuneiform Corpus Initiative (MOCCI), a corpus-building initiative funded by LMU Munich and the Alexander von Humboldt Foundation (through the establishment of the Alexander von Humboldt Chair for Ancient History of the Near and Middle East) and based at the Historisches Seminar - Abteilung Alte Geschichte of Ludwig-Maximilians-Universität München. The annotated edition is released under the Creative Commons Attribution Share-Alike license 3.0. Please cite this page as http://oracc.org/riao/Q004764/.",
			"date_of_origin": "810-783",
			"designation": "Adad-nerari III 16",
			"display_name": "RIAo Adad-nerari III 16",
			"dynastic_seat": "Assyria",
			"exemplars": "Ashm 1957-0185 (ND 03499); BM 132264 (1958-02-08, 0007; ND 03499)",
			"genre": "Royal Inscription",
			"language": "Akkadian",
			"material": "clay",
			"object_type": "brick",
			"period": "Neo-Assyrian",
			"pleiades_id": "894019",
			"popular_name": "RIMA 3 A.0.104.16",
			"primary_publication": "Adad-nerari III 16",
			"provenience": "Nimrud (Kalhu)",
			"ruler": "Adad-nerari III",
			"script": "Neo-Assyrian",
			"script_remarks": "stamped",
			"script_type": "Cuneiform",
			"subgenre": "Adad-nerari III",
			"supergenre": "LIT"
		},
		"geometry": {
			"type": "Point",
			"coordinates": [43.3275,36.099167]
		}
	}, {
		"type": "Feature",
		"properties": {
			"id_composite": "Q004765",
			"cdli_id": "P463943",
			"credits": "Based on A. Kirk Grayson, Assyrian Rulers of the Early First Millennium BC II (858-745 BC) (RIMA 3), Toronto, 1996. Adapted by Jamie Novotny (2016) and lemmatized and updated by Nathan Morello (2016) for the Munich Open-access Cuneiform Corpus Initiative (MOCCI), a corpus-building initiative funded by LMU Munich and the Alexander von Humboldt Foundation (through the establishment of the Alexander von Humboldt Chair for Ancient History of the Near and Middle East) and based at the Historisches Seminar - Abteilung Alte Geschichte of Ludwig-Maximilians-Universität München. The annotated edition is released under the Creative Commons Attribution Share-Alike license 3.0. Please cite this page as http://oracc.org/riao/Q004765/.",
			"date_of_origin": "810-783",
			"designation": "Adad-nerari III 17",
			"display_name": "RIAo Adad-nerari III 17",
			"dynastic_seat": "Assyria",
			"exemplars": "Dalley and Postgate, Fort Shalmaneser p. 265 F (ND -)",
			"genre": "Royal Inscription",
			"language": "Akkadian",
			"material": "clay",
			"object_type": "brick",
			"period": "Neo-Assyrian",
			"pleiades_id": "894019",
			"popular_name": "RIMA 3 A.0.104.17",
			"primary_publication": "Adad-nerari III 17",
			"provenience": "Nimrud (Kalhu)",
			"ruler": "Adad-nerari III",
			"script": "Neo-Assyrian",
			"script_remarks": "inscribed",
			"script_type": "Cuneiform",
			"subgenre": "Adad-nerari III",
			"supergenre": "LIT"
		},
		"geometry": {
			"type": "Point",
			"coordinates": [43.3275,36.099167]
		}
	}, {
		"type": "Feature",
		"properties": {
			"id_composite": "Q004766",
			"cdli_id": "P463944",
			"credits": "Based on A. Kirk Grayson, Assyrian Rulers of the Early First Millennium BC II (858-745 BC) (RIMA 3), Toronto, 1996. Adapted by Jamie Novotny (2016) and lemmatized and updated by Nathan Morello (2016) for the Munich Open-access Cuneiform Corpus Initiative (MOCCI), a corpus-building initiative funded by LMU Munich and the Alexander von Humboldt Foundation (through the establishment of the Alexander von Humboldt Chair for Ancient History of the Near and Middle East) and based at the Historisches Seminar - Abteilung Alte Geschichte of Ludwig-Maximilians-Universität München. The annotated edition is released under the Creative Commons Attribution Share-Alike license 3.0. Please cite this page as http://oracc.org/riao/Q004766/.",
			"date_of_origin": "810-783",
			"designation": "Adad-nerari III 18",
			"display_name": "RIAo Adad-nerari III 18",
			"dynastic_seat": "Assyria",
			"exemplars": "Dalley and Postgate, Fort Shalmaneser p. 265 E (ND -)",
			"genre": "Royal Inscription",
			"language": "Akkadian",
			"material": "clay",
			"object_type": "brick",
			"period": "Neo-Assyrian",
			"pleiades_id": "894019",
			"popular_name": "RIMA 3 A.0.104.18",
			"primary_publication": "Adad-nerari III 18",
			"provenience": "Nimrud (Kalhu)",
			"ruler": "Adad-nerari III",
			"script": "Neo-Assyrian",
			"script_remarks": "inscribed",
			"script_type": "Cuneiform",
			"subgenre": "Adad-nerari III",
			"supergenre": "LIT"
		},
		"geometry": {
			"type": "Point",
			"coordinates": [43.3275,36.099167]
		}
	}, {
		"type": "Feature",
		"properties": {
			"id_composite": "Q004767",
			"cdli_id": "P463945",
			"credits": "Based on A. Kirk Grayson, Assyrian Rulers of the Early First Millennium BC II (858-745 BC) (RIMA 3), Toronto, 1996. Adapted by Jamie Novotny (2016) and lemmatized and updated by Nathan Morello (2016) for the Munich Open-access Cuneiform Corpus Initiative (MOCCI), a corpus-building initiative funded by LMU Munich and the Alexander von Humboldt Foundation (through the establishment of the Alexander von Humboldt Chair for Ancient History of the Near and Middle East) and based at the Historisches Seminar - Abteilung Alte Geschichte of Ludwig-Maximilians-Universität München. The annotated edition is released under the Creative Commons Attribution Share-Alike license 3.0. Please cite this page as http://oracc.org/riao/Q004767/.",
			"date_of_origin": "810-783",
			"designation": "Adad-nerari III 19",
			"display_name": "RIAo Adad-nerari III 19",
			"dynastic_seat": "Assyria",
			"exemplars": "G. Smith, Assyrian Disc. p. 252",
			"genre": "Royal Inscription",
			"language": "Akkadian",
			"material": "clay",
			"object_type": "hand",
			"period": "Neo-Assyrian",
			"pleiades_id": "894019",
			"popular_name": "RIMA 3 A.0.104.19",
			"primary_publication": "Adad-nerari III 19",
			"provenience": "Nimrud (Kalhu)",
			"ruler": "Adad-nerari III",
			"script": "Neo-Assyrian",
			"script_remarks": "inscribed",
			"script_type": "Cuneiform",
			"subgenre": "Adad-nerari III",
			"supergenre": "LIT"
		},
		"geometry": {
			"type": "Point",
			"coordinates": [43.3275,36.099167]
		}
	}, {
		"type": "Feature",
		"properties": {
			"id_composite": "Q004768",
			"cdli_id": "P463946",
			"collection": "Iraq Museum, Baghdad, Iraq",
			"credits": "Based on A. Kirk Grayson, Assyrian Rulers of the Early First Millennium BC II (858-745 BC) (RIMA 3), Toronto, 1996. Adapted by Jamie Novotny (2016) and lemmatized and updated by Nathan Morello (2016) for the Munich Open-access Cuneiform Corpus Initiative (MOCCI), a corpus-building initiative funded by LMU Munich and the Alexander von Humboldt Foundation (through the establishment of the Alexander von Humboldt Chair for Ancient History of the Near and Middle East) and based at the Historisches Seminar - Abteilung Alte Geschichte of Ludwig-Maximilians-Universität München. The annotated edition is released under the Creative Commons Attribution Share-Alike license 3.0. Please cite this page as http://oracc.org/riao/Q004768/.",
			"date_of_origin": "810-783",
			"designation": "Adad-nerari III 20",
			"display_name": "RIAo Adad-nerari III 20",
			"dynastic_seat": "Assyria",
			"exemplars": "IM 064209  (ND 07104)",
			"genre": "Royal Inscription",
			"language": "Akkadian",
			"material": "clay",
			"object_type": "docket (with seal impression)",
			"period": "Neo-Assyrian",
			"pleiades_id": "894019",
			"popular_name": "RIMA 3 A.0.104.20",
			"primary_publication": "Adad-nerari III 20",
			"provenience": "Nimrud (Kalhu)",
			"ruler": "Adad-nerari III",
			"script": "Neo-Assyrian",
			"script_remarks": "inscribed",
			"script_type": "Cuneiform",
			"subgenre": "Adad-nerari III",
			"supergenre": "LIT"
		},
		"geometry": {
			"type": "Point",
			"coordinates": [43.3275,36.099167]
		}
	}, {
		"type": "Feature",
		"properties": {
			"id_composite": "Q004769",
			"cdli_id": "P463947",
			"collection": "Vorderasiatisches Museum, Berlin, Germany",
			"credits": "Based on A. Kirk Grayson, Assyrian Rulers of the Early First Millennium BC II (858-745 BC) (RIMA 3), Toronto, 1996. Adapted by Jamie Novotny (2016) and lemmatized and updated by Nathan Morello (2016) for the Munich Open-access Cuneiform Corpus Initiative (MOCCI), a corpus-building initiative funded by LMU Munich and the Alexander von Humboldt Foundation (through the establishment of the Alexander von Humboldt Chair for Ancient History of the Near and Middle East) and based at the Historisches Seminar - Abteilung Alte Geschichte of Ludwig-Maximilians-Universität München. The annotated edition is released under the Creative Commons Attribution Share-Alike license 3.0. Please cite this page as http://oracc.org/riao/Q004769/.",
			"date_of_origin": "810-783",
			"designation": "Adad-nerari III 21",
			"display_name": "RIAo Adad-nerari III 21",
			"dynastic_seat": "Assyria",
			"exemplars": "VA Ass 02104 (Ass 05765); VA Ass 02111 (Ass 05579)",
			"genre": "Royal Inscription",
			"language": "Akkadian",
			"material": "clay",
			"object_type": "cone",
			"period": "Neo-Assyrian",
			"pleiades_id": "893945",
			"popular_name": "RIMA 3 A.0.104.21",
			"primary_publication": "Adad-nerari III 21",
			"provenience": "Qalat Sherqat (Assur)",
			"ruler": "Adad-nerari III",
			"script": "Neo-Assyrian",
			"script_remarks": "inscribed",
			"script_type": "Cuneiform",
			"subgenre": "Adad-nerari III",
			"supergenre": "LIT"
		},
		"geometry": {
			"type": "Point",
			"coordinates": [43.262037,35.458121]
		}
	}, {
		"type": "Feature",
		"properties": {
			"id_composite": "Q004778",
			"cdli_id": "P463948",
			"collection": "Iraq Museum, Baghdad, Iraq",
			"credits": "Based on A. Kirk Grayson, Assyrian Rulers of the Early First Millennium BC II (858-745 BC) (RIMA 3), Toronto, 1996. Adapted by Jamie Novotny (2016) and lemmatized and updated by Nathan Morello (2016) for the Munich Open-access Cuneiform Corpus Initiative (MOCCI), a corpus-building initiative funded by LMU Munich and the Alexander von Humboldt Foundation (through the establishment of the Alexander von Humboldt Chair for Ancient History of the Near and Middle East) and based at the Historisches Seminar - Abteilung Alte Geschichte of Ludwig-Maximilians-Universität München. The annotated edition is released under the Creative Commons Attribution Share-Alike license 3.0. Please cite this page as http://oracc.org/riao/Q004778/.",
			"date_of_origin": "810-783",
			"designation": "Adad-nerari III 1001",
			"display_name": "RIAo Adad-nerari III 1001",
			"dynastic_seat": "Assyria",
			"exemplars": "IM -",
			"genre": "Royal Inscription",
			"language": "Akkadian",
			"material": "stone",
			"object_type": "stele",
			"period": "Neo-Assyrian",
			"pleiades_id": "914118847",
			"popular_name": "RIMA 3 A.0.104.1001",
			"primary_publication": "Adad-nerari III 1001",
			"provenience": "Pāra",
			"ruler": "Adad-nerari III",
			"script": "Neo-Assyrian",
			"script_remarks": "inscribed",
			"script_type": "Cuneiform",
			"subgenre": "Adad-nerari III",
			"supergenre": "LIT"
		},
		"geometry": {
			"type": "Point",
			"coordinates": [41.4910030,36.3711370]
		}
	}, {
		"type": "Feature",
		"properties": {
			"id_composite": "Q004779",
			"cdli_id": "P463949",
			"collection": "British Museum, London, UK",
			"credits": "Based on A. Kirk Grayson, Assyrian Rulers of the Early First Millennium BC II (858-745 BC) (RIMA 3), Toronto, 1996. Adapted by Jamie Novotny (2016) and lemmatized and updated by Nathan Morello (2016) for the Munich Open-access Cuneiform Corpus Initiative (MOCCI), a corpus-building initiative funded by LMU Munich and the Alexander von Humboldt Foundation (through the establishment of the Alexander von Humboldt Chair for Ancient History of the Near and Middle East) and based at the Historisches Seminar - Abteilung Alte Geschichte of Ludwig-Maximilians-Universität München. The annotated edition is released under the Creative Commons Attribution Share-Alike license 3.0. Please cite this page as http://oracc.org/riao/Q004779/.",
			"date_of_origin": "810-783",
			"designation": "Adad-nerari III 1002",
			"display_name": "RIAo Adad-nerari III 1002",
			"dynastic_seat": "Assyria",
			"exemplars": "BM 128355 (1932-12-10, 0612)",
			"genre": "Royal Inscription",
			"language": "Akkadian",
			"material": "clay",
			"object_type": "cone",
			"period": "Neo-Assyrian",
			"pleiades_id": "874621",
			"popular_name": "RIMA 3 A.0.104.1002",
			"primary_publication": "Adad-nerari III 1002",
			"provenience": "Kuyunjik (Nineveh)",
			"ruler": "Adad-nerari III",
			"script": "Neo-Assyrian",
			"script_remarks": "inscribed",
			"script_type": "Cuneiform",
			"subgenre": "Adad-nerari III",
			"supergenre": "LIT"
		},
		"geometry": {
			"type": "Point",
			"coordinates": [43.151937,36.358684]
		}
	}, {
		"type": "Feature",
		"properties": {
			"id_composite": "Q004780",
			"cdli_id": "P463950",
			"collection": "British Museum, London, UK",
			"credits": "Based on A. Kirk Grayson, Assyrian Rulers of the Early First Millennium BC II (858-745 BC) (RIMA 3), Toronto, 1996. Adapted by Jamie Novotny (2016) and lemmatized and updated by Nathan Morello (2016) for the Munich Open-access Cuneiform Corpus Initiative (MOCCI), a corpus-building initiative funded by LMU Munich and the Alexander von Humboldt Foundation (through the establishment of the Alexander von Humboldt Chair for Ancient History of the Near and Middle East) and based at the Historisches Seminar - Abteilung Alte Geschichte of Ludwig-Maximilians-Universität München. The annotated edition is released under the Creative Commons Attribution Share-Alike license 3.0. Please cite this page as http://oracc.org/riao/Q004780/.",
			"date_of_origin": "810-783",
			"designation": "Adad-nerari III 1003",
			"display_name": "RIAo Adad-nerari III 1003",
			"dynastic_seat": "Assyria",
			"exemplars": "BM 120429",
			"genre": "Royal Inscription",
			"language": "Akkadian",
			"material": "stone",
			"object_type": "obelisk",
			"period": "Neo-Assyrian",
			"pleiades_id": "874621",
			"popular_name": "RIMA 3 A.0.104.1003",
			"primary_publication": "Adad-nerari III 1003",
			"provenience": "Kuyunjik (Nineveh)",
			"ruler": "Adad-nerari III",
			"script": "Neo-Assyrian",
			"script_remarks": "inscribed",
			"script_type": "Cuneiform",
			"subgenre": "Adad-nerari III",
			"supergenre": "LIT"
		},
		"geometry": {
			"type": "Point",
			"coordinates": [43.151937,36.358684]
		}
	}, {
		"type": "Feature",
		"properties": {
			"id_composite": "Q004781",
			"cdli_id": "P463951",
			"credits": "Based on A. Kirk Grayson, Assyrian Rulers of the Early First Millennium BC II (858-745 BC) (RIMA 3), Toronto, 1996. Adapted by Jamie Novotny (2016) and lemmatized and updated by Nathan Morello (2016) for the Munich Open-access Cuneiform Corpus Initiative (MOCCI), a corpus-building initiative funded by LMU Munich and the Alexander von Humboldt Foundation (through the establishment of the Alexander von Humboldt Chair for Ancient History of the Near and Middle East) and based at the Historisches Seminar - Abteilung Alte Geschichte of Ludwig-Maximilians-Universität München. The annotated edition is released under the Creative Commons Attribution Share-Alike license 3.0. Please cite this page as http://oracc.org/riao/Q004781/.",
			"date_of_origin": "810-783",
			"designation": "Adad-nerari III 2001",
			"display_name": "RIAo Adad-nerari III 2001",
			"dynastic_seat": "Assyria",
			"exemplars": "Ass 15712",
			"genre": "Royal Inscription",
			"language": "Akkadian",
			"material": "stone",
			"object_type": "stele",
			"period": "Neo-Assyrian",
			"pleiades_id": "893945",
			"popular_name": "RIMA 3 A.0.104.2001",
			"primary_publication": "Adad-nerari III 2001",
			"provenience": "Qalat Sherqat (Assur)",
			"ruler": "Adad-nerari III",
			"script": "Neo-Assyrian",
			"script_remarks": "inscribed",
			"script_type": "Cuneiform",
			"subgenre": "Adad-nerari III",
			"supergenre": "LIT"
		},
		"geometry": {
			"type": "Point",
			"coordinates": [43.262037,35.458121]
		}
	}, {
		"type": "Feature",
		"properties": {
			"id_composite": "Q004782",
			"cdli_id": "P463952",
			"collection": "British Museum, London, UK",
			"credits": "Based on A. Kirk Grayson, Assyrian Rulers of the Early First Millennium BC II (858-745 BC) (RIMA 3), Toronto, 1996. Adapted by Jamie Novotny (2016) and lemmatized and updated by Nathan Morello (2016) for the Munich Open-access Cuneiform Corpus Initiative (MOCCI), a corpus-building initiative funded by LMU Munich and the Alexander von Humboldt Foundation (through the establishment of the Alexander von Humboldt Chair for Ancient History of the Near and Middle East) and based at the Historisches Seminar - Abteilung Alte Geschichte of Ludwig-Maximilians-Universität München. The annotated edition is released under the Creative Commons Attribution Share-Alike license 3.0. Please cite this page as http://oracc.org/riao/Q004782/.",
			"date_of_origin": "810-783",
			"designation": "Adad-nerari III 2002",
			"display_name": "RIAo Adad-nerari III 2002",
			"dynastic_seat": "Assyria",
			"exemplars": "BM 118888 (1856-09-09, 0064); BM 118889 (1856-09-09, 0065)",
			"genre": "Royal Inscription",
			"language": "Akkadian",
			"material": "stone",
			"object_type": "anthropomorphic statue",
			"period": "Neo-Assyrian",
			"pleiades_id": "894019",
			"popular_name": "RIMA 3 A.0.104.2002",
			"primary_publication": "Adad-nerari III 2002",
			"provenience": "Nimrud (Kalhu)",
			"ruler": "Adad-nerari III",
			"script": "Neo-Assyrian",
			"script_remarks": "inscribed",
			"script_type": "Cuneiform",
			"subgenre": "Adad-nerari III",
			"supergenre": "LIT"
		},
		"geometry": {
			"type": "Point",
			"coordinates": [43.3275,36.099167]
		}
	}, {
		"type": "Feature",
		"properties": {
			"id_composite": "Q004783",
			"cdli_id": "P463953",
			"collection": "British Museum, London, UK; Iraq Museum, Baghdad, Iraq",
			"credits": "Based on A. Kirk Grayson, Assyrian Rulers of the Early First Millennium BC II (858-745 BC) (RIMA 3), Toronto, 1996. Adapted by Jamie Novotny (2016) and lemmatized and updated by Nathan Morello (2016) for the Munich Open-access Cuneiform Corpus Initiative (MOCCI), a corpus-building initiative funded by LMU Munich and the Alexander von Humboldt Foundation (through the establishment of the Alexander von Humboldt Chair for Ancient History of the Near and Middle East) and based at the Historisches Seminar - Abteilung Alte Geschichte of Ludwig-Maximilians-Universität München. The annotated edition is released under the Creative Commons Attribution Share-Alike license 3.0. Please cite this page as http://oracc.org/riao/Q004783/.",
			"date_of_origin": "810-783",
			"designation": "Adad-nerari III 2003",
			"display_name": "RIAo Adad-nerari III 2003",
			"dynastic_seat": "Assyria",
			"exemplars": "ND 00240(b); ND 00252(k); ND 00476",
			"genre": "Royal Inscription",
			"language": "Akkadian",
			"material": "stone",
			"object_type": "seal (impression)",
			"period": "Neo-Assyrian",
			"pleiades_id": "894019",
			"popular_name": "RIMA 3 A.0.104.2003",
			"primary_publication": "Adad-nerari III 2003",
			"provenience": "Nimrud (Kalhu)",
			"ruler": "Adad-nerari III",
			"script": "Neo-Assyrian",
			"script_remarks": "inscribed",
			"script_type": "Cuneiform",
			"subgenre": "Adad-nerari III",
			"supergenre": "LIT"
		},
		"geometry": {
			"type": "Point",
			"coordinates": [43.3275,36.099167]
		}
	}, {
		"type": "Feature",
		"properties": {
			"id_composite": "Q004784",
			"cdli_id": "P463954",
			"collection": "Private Collection: Foroughi, Teheran, Iran",
			"credits": "Based on A. Kirk Grayson, Assyrian Rulers of the Early First Millennium BC II (858-745 BC) (RIMA 3), Toronto, 1996. Adapted by Jamie Novotny (2016) and lemmatized and updated by Nathan Morello (2016) for the Munich Open-access Cuneiform Corpus Initiative (MOCCI), a corpus-building initiative funded by LMU Munich and the Alexander von Humboldt Foundation (through the establishment of the Alexander von Humboldt Chair for Ancient History of the Near and Middle East) and based at the Historisches Seminar - Abteilung Alte Geschichte of Ludwig-Maximilians-Universität München. The annotated edition is released under the Creative Commons Attribution Share-Alike license 3.0. Please cite this page as http://oracc.org/riao/Q004784/.",
			"date_of_origin": "810-783",
			"designation": "Adad-nerari III 2004",
			"display_name": "RIAo Adad-nerari III 2004",
			"dynastic_seat": "Assyria",
			"exemplars": "Foroughi -",
			"genre": "Royal Inscription",
			"language": "Akkadian",
			"material": "metal",
			"object_type": "mace head",
			"period": "Neo-Assyrian",
			"pleiades_id": "29492",
			"popular_name": "RIMA 3 A.0.104.2004",
			"primary_publication": "Adad-nerari III 2004",
			"provenience": "Assyria",
			"ruler": "Adad-nerari III",
			"script": "Neo-Assyrian",
			"script_remarks": "inscribed",
			"script_type": "Cuneiform",
			"subgenre": "Adad-nerari III",
			"supergenre": "LIT"
		},
		"geometry": {
			"type": "Point",
			"coordinates": [43.2,36.2]
		}
	}, {
		"type": "Feature",
		"properties": {
			"id_composite": "Q004785",
			"cdli_id": "P463955",
			"collection": "Museo Archeologico, Florence, Italy",
			"credits": "Based on A. Kirk Grayson, Assyrian Rulers of the Early First Millennium BC II (858-745 BC) (RIMA 3), Toronto, 1996. Adapted by Jamie Novotny (2016) and lemmatized and updated by Nathan Morello (2016) for the Munich Open-access Cuneiform Corpus Initiative (MOCCI), a corpus-building initiative funded by LMU Munich and the Alexander von Humboldt Foundation (through the establishment of the Alexander von Humboldt Chair for Ancient History of the Near and Middle East) and based at the Historisches Seminar - Abteilung Alte Geschichte of Ludwig-Maximilians-Universität München. The annotated edition is released under the Creative Commons Attribution Share-Alike license 3.0. Please cite this page as http://oracc.org/riao/Q004785/.",
			"date_of_origin": "810-783",
			"designation": "Adad-nerari III 2005",
			"display_name": "RIAo Adad-nerari III 2005",
			"dynastic_seat": "Assyria",
			"exemplars": "MAF 14358",
			"genre": "Royal Inscription",
			"language": "Akkadian",
			"material": "stone",
			"object_type": "seal (not impression)",
			"period": "Neo-Assyrian",
			"pleiades_id": "29492",
			"popular_name": "RIMA 3 A.0.104.2005",
			"primary_publication": "Adad-nerari III 2005",
			"provenience": "Assyria",
			"ruler": "Adad-nerari III",
			"script": "Neo-Assyrian",
			"script_remarks": "inscribed",
			"script_type": "Cuneiform",
			"subgenre": "Adad-nerari III",
			"supergenre": "LIT"
		},
		"geometry": {
			"type": "Point",
			"coordinates": [43.2,36.2]
		}
	}, {
		"type": "Feature",
		"properties": {
			"id_composite": "Q004786",
			"cdli_id": "P463956",
			"collection": "Nies Babylonian Collection, Yale Babylonian Collection, New Haven, Connecticut, USA",
			"credits": "Based on A. Kirk Grayson, Assyrian Rulers of the Early First Millennium BC II (858-745 BC) (RIMA 3), Toronto, 1996. Adapted by Jamie Novotny (2016) and lemmatized and updated by Nathan Morello (2016) for the Munich Open-access Cuneiform Corpus Initiative (MOCCI), a corpus-building initiative funded by LMU Munich and the Alexander von Humboldt Foundation (through the establishment of the Alexander von Humboldt Chair for Ancient History of the Near and Middle East) and based at the Historisches Seminar - Abteilung Alte Geschichte of Ludwig-Maximilians-Universität München. The annotated edition is released under the Creative Commons Attribution Share-Alike license 3.0. Please cite this page as http://oracc.org/riao/Q004786/.",
			"date_of_origin": "810-783",
			"designation": "Adad-nerari III 2006",
			"display_name": "RIAo Adad-nerari III 2006",
			"dynastic_seat": "Assyria",
			"exemplars": "NBC 03174",
			"genre": "Royal Inscription",
			"language": "Akkadian",
			"material": "stone",
			"object_type": "bead",
			"period": "Neo-Assyrian",
			"pleiades_id": "29492",
			"popular_name": "RIMA 3 A.0.104.2006",
			"primary_publication": "Adad-nerari III 2006",
			"provenience": "Assyria",
			"ruler": "Adad-nerari III",
			"script": "Neo-Assyrian",
			"script_remarks": "inscribed",
			"script_type": "Cuneiform",
			"subgenre": "Adad-nerari III",
			"supergenre": "LIT"
		},
		"geometry": {
			"type": "Point",
			"coordinates": [43.2,36.2]
		}
	}, {
		"type": "Feature",
		"properties": {
			"id_composite": "Q004787",
			"cdli_id": "P463957",
			"credits": "Based on A. Kirk Grayson, Assyrian Rulers of the Early First Millennium BC II (858-745 BC) (RIMA 3), Toronto, 1996. Adapted by Jamie Novotny (2016) and lemmatized and updated by Nathan Morello (2016) for the Munich Open-access Cuneiform Corpus Initiative (MOCCI), a corpus-building initiative funded by LMU Munich and the Alexander von Humboldt Foundation (through the establishment of the Alexander von Humboldt Chair for Ancient History of the Near and Middle East) and based at the Historisches Seminar - Abteilung Alte Geschichte of Ludwig-Maximilians-Universität München. The annotated edition is released under the Creative Commons Attribution Share-Alike license 3.0. Please cite this page as http://oracc.org/riao/Q004787/.",
			"date_of_origin": "810-783",
			"designation": "Adad-nerari III 2007",
			"display_name": "RIAo Adad-nerari III 2007",
			"dynastic_seat": "Assyria",
			"exemplars": "Ass 10274",
			"genre": "Royal Inscription",
			"language": "Akkadian",
			"material": "stone",
			"object_type": "mace head",
			"period": "Neo-Assyrian",
			"pleiades_id": "893945",
			"popular_name": "RIMA 3 A.0.104.2007",
			"primary_publication": "Adad-nerari III 2007",
			"provenience": "Qalat Sherqat (Assur)",
			"ruler": "Adad-nerari III",
			"script": "Neo-Assyrian",
			"script_remarks": "inscribed",
			"script_type": "Cuneiform",
			"subgenre": "Adad-nerari III",
			"supergenre": "LIT"
		},
		"geometry": {
			"type": "Point",
			"coordinates": [43.262037,35.458121]
		}
	}, {
		"type": "Feature",
		"properties": {
			"id_composite": "Q004788",
			"cdli_id": "P476322",
			"credits": "Based on A. Kirk Grayson, Assyrian Rulers of the Early First Millennium BC II (858-745 BC) (RIMA 3), Toronto, 1996. Adapted by Jamie Novotny (2016) and lemmatized and updated by Nathan Morello (2016) for the Munich Open-access Cuneiform Corpus Initiative (MOCCI), a corpus-building initiative funded by LMU Munich and the Alexander von Humboldt Foundation (through the establishment of the Alexander von Humboldt Chair for Ancient History of the Near and Middle East) and based at the Historisches Seminar - Abteilung Alte Geschichte of Ludwig-Maximilians-Universität München. The annotated edition is released under the Creative Commons Attribution Share-Alike license 3.0. Please cite this page as http://oracc.org/riao/Q004788/.",
			"date_of_origin": "810-783",
			"designation": "Adad-nerari III 2008 / CDLI Seals 009581",
			"display_name": "RIAo Adad-nerari III 2008",
			"dynastic_seat": "Assyria",
			"exemplars": "Delaporte, Bibliothèque Nationale no. 354",
			"genre": "Royal Inscription",
			"language": "Akkadian",
			"material": "stone",
			"object_type": "seal (not impression)",
			"period": "Neo-Assyrian",
			"pleiades_id": "29492",
			"popular_name": "RIMA 3 A.0.104.2008",
			"primary_publication": "Adad-nerari III 2008 / CDLI Seals 009581",
			"provenience": "Assyria",
			"ruler": "Adad-nerari III",
			"script": "Neo-Assyrian",
			"script_remarks": "inscribed",
			"script_type": "Cuneiform",
			"seal_id": "S009581",
			"subgenre": "Adad-nerari III",
			"supergenre": "LIT"
		},
		"geometry": {
			"type": "Point",
			"coordinates": [43.2,36.2]
		}
	}, {
		"type": "Feature",
		"properties": {
			"id_composite": "Q004789",
			"cdli_id": "P465478",
			"collection": "Louvre Museum, Paris, France",
			"credits": "Based on A. Kirk Grayson, Assyrian Rulers of the Early First Millennium BC II (858-745 BC) (RIMA 3), Toronto, 1996. Adapted by Jamie Novotny (2016) and lemmatized and updated by Nathan Morello (2016) for the Munich Open-access Cuneiform Corpus Initiative (MOCCI), a corpus-building initiative funded by LMU Munich and the Alexander von Humboldt Foundation (through the establishment of the Alexander von Humboldt Chair for Ancient History of the Near and Middle East) and based at the Historisches Seminar - Abteilung Alte Geschichte of Ludwig-Maximilians-Universität München. The annotated edition is released under the Creative Commons Attribution Share-Alike license 3.0. Please cite this page as http://oracc.org/riao/Q004789/.",
			"date_of_origin": "810-783",
			"designation": "Adad-nerari III 2009",
			"display_name": "RIAo Adad-nerari III 2009",
			"dynastic_seat": "Assyria",
			"exemplars": "AO 03877",
			"genre": "Royal Inscription",
			"language": "Akkadian",
			"material": "stone",
			"object_type": "seal (not impression)",
			"period": "Neo-Assyrian",
			"pleiades_id": "29492",
			"popular_name": "RIMA 3 A.0.104.2009",
			"primary_publication": "Adad-nerari III 2009",
			"provenience": "Assyria",
			"ruler": "Adad-nerari III",
			"script": "Neo-Assyrian",
			"script_remarks": "inscribed",
			"script_type": "Cuneiform",
			"subgenre": "Adad-nerari III",
			"supergenre": "LIT"
		},
		"geometry": {
			"type": "Point",
			"coordinates": [43.2,36.2]
		}
	}, {
		"type": "Feature",
		"properties": {
			"id_composite": "Q004790",
			"cdli_id": "P463958",
			"credits": "Based on A. Kirk Grayson, Assyrian Rulers of the Early First Millennium BC II (858-745 BC) (RIMA 3), Toronto, 1996. Adapted by Jamie Novotny (2016) and lemmatized and updated by Nathan Morello (2016) for the Munich Open-access Cuneiform Corpus Initiative (MOCCI), a corpus-building initiative funded by LMU Munich and the Alexander von Humboldt Foundation (through the establishment of the Alexander von Humboldt Chair for Ancient History of the Near and Middle East) and based at the Historisches Seminar - Abteilung Alte Geschichte of Ludwig-Maximilians-Universität München. The annotated edition is released under the Creative Commons Attribution Share-Alike license 3.0. Please cite this page as http://oracc.org/riao/Q004790/.",
			"date_of_origin": "810-783",
			"designation": "Adad-nerari III 2010",
			"display_name": "RIAo Adad-nerari III 2010",
			"dynastic_seat": "Assyria",
			"exemplars": "King, AAA 2 pl. XXXVII",
			"genre": "Royal Inscription",
			"language": "Akkadian",
			"material": "stone",
			"object_type": "lion colossus",
			"period": "Neo-Assyrian",
			"pleiades_id": "658410",
			"popular_name": "RIMA 3 A.0.104.2010",
			"primary_publication": "Adad-nerari III 2010",
			"provenience": "Tell Ahmar (Til Barsip)",
			"ruler": "Adad-nerari III",
			"script": "Neo-Assyrian",
			"script_remarks": "inscribed",
			"script_type": "Cuneiform",
			"subgenre": "Adad-nerari III",
			"supergenre": "LIT"
		},
		"geometry": {
			"type": "Point",
			"coordinates": [38.1191944, 36.6749623]
		}
	}, {
		"type": "Feature",
		"properties": {
			"id_composite": "Q004791",
			"cdli_id": "P463959",
			"collection": "Vorderasiatisches Museum, Berlin, Germany",
			"credits": "Based on A. Kirk Grayson, Assyrian Rulers of the Early First Millennium BC II (858-745 BC) (RIMA 3), Toronto, 1996. Adapted by Jamie Novotny (2016) and lemmatized and updated by Nathan Morello (2016) for the Munich Open-access Cuneiform Corpus Initiative (MOCCI), a corpus-building initiative funded by LMU Munich and the Alexander von Humboldt Foundation (through the establishment of the Alexander von Humboldt Chair for Ancient History of the Near and Middle East) and based at the Historisches Seminar - Abteilung Alte Geschichte of Ludwig-Maximilians-Universität München. The annotated edition is released under the Creative Commons Attribution Share-Alike license 3.0. Please cite this page as http://oracc.org/riao/Q004791/.",
			"date_of_origin": "810-783",
			"designation": "Adad-nerari III 2011",
			"display_name": "RIAo Adad-nerari III 2011",
			"dynastic_seat": "Assyria",
			"exemplars": "VA 03295",
			"genre": "Royal Inscription",
			"language": "Akkadian",
			"material": "stone",
			"object_type": "stele",
			"period": "Neo-Assyrian",
			"pleiades_id": "955792756",
			"popular_name": "RIMA 3 A.0.104.2011",
			"primary_publication": "Adad-nerari III 2011",
			"provenience": "Dohok",
			"ruler": "Adad-nerari III",
			"script": "Neo-Assyrian",
			"script_remarks": "inscribed",
			"script_type": "Cuneiform",
			"subgenre": "Adad-nerari III",
			"supergenre": "LIT"
		},
		"geometry": {
			"type": "Point",
			"coordinates": [42.918763,36.858746]
		}
	}, {
		"type": "Feature",
		"properties": {
			"id_composite": "Q004792",
			"cdli_id": "P463960",
			"collection": "Vorderasiatisches Museum, Berlin, Germany",
			"credits": "Based on A. Kirk Grayson, Assyrian Rulers of the Early First Millennium BC II (858-745 BC) (RIMA 3), Toronto, 1996. Adapted by Jamie Novotny (2016) and lemmatized and updated by Nathan Morello (2016) for the Munich Open-access Cuneiform Corpus Initiative (MOCCI), a corpus-building initiative funded by LMU Munich and the Alexander von Humboldt Foundation (through the establishment of the Alexander von Humboldt Chair for Ancient History of the Near and Middle East) and based at the Historisches Seminar - Abteilung Alte Geschichte of Ludwig-Maximilians-Universität München. The annotated edition is released under the Creative Commons Attribution Share-Alike license 3.0. Please cite this page as http://oracc.org/riao/Q004792/.",
			"date_of_origin": "810-783",
			"designation": "Adad-nerari III 2012",
			"display_name": "RIAo Adad-nerari III 2012",
			"dynastic_seat": "Assyria",
			"exemplars": "VA 05057  (Ass 14709)",
			"genre": "Royal Inscription",
			"language": "Akkadian",
			"material": "stone",
			"object_type": "tablet",
			"period": "Neo-Assyrian",
			"pleiades_id": "893945",
			"popular_name": "RIMA 3 A.0.104.2012",
			"primary_publication": "Adad-nerari III 2012",
			"provenience": "Qalat Sherqat (Assur)",
			"ruler": "Adad-nerari III",
			"script": "Neo-Assyrian",
			"script_remarks": "inscribed",
			"script_type": "Cuneiform",
			"subgenre": "Adad-nerari III",
			"supergenre": "LIT"
		},
		"geometry": {
			"type": "Point",
			"coordinates": [43.262037,35.458121]
		}
	}, {
		"type": "Feature",
		"properties": {
			"id_composite": "Q004793",
			"cdli_id": "P463961",
			"collection": "British Museum, London, UK",
			"credits": "Based on A. Kirk Grayson, Assyrian Rulers of the Early First Millennium BC II (858-745 BC) (RIMA 3), Toronto, 1996. Adapted by Jamie Novotny (2016) and lemmatized and updated by Nathan Morello (2016) for the Munich Open-access Cuneiform Corpus Initiative (MOCCI), a corpus-building initiative funded by LMU Munich and the Alexander von Humboldt Foundation (through the establishment of the Alexander von Humboldt Chair for Ancient History of the Near and Middle East) and based at the Historisches Seminar - Abteilung Alte Geschichte of Ludwig-Maximilians-Universität München. The annotated edition is released under the Creative Commons Attribution Share-Alike license 3.0. Please cite this page as http://oracc.org/riao/Q004793/.",
			"date_of_origin": "810-783",
			"designation": "Adad-nerari III 2013",
			"display_name": "RIAo Adad-nerari III 2013",
			"dynastic_seat": "Assyria",
			"exemplars": "BM 089106 (1884-02-11, 0490)",
			"genre": "Royal Inscription",
			"language": "Akkadian",
			"material": "stone",
			"object_type": "bead",
			"period": "Neo-Assyrian",
			"pleiades_id": "893945",
			"popular_name": "RIMA 3 A.0.104.2013",
			"primary_publication": "Adad-nerari III 2013",
			"provenience": "Qalat Sherqat (Assur)",
			"ruler": "Adad-nerari III",
			"script": "Neo-Assyrian",
			"script_remarks": "inscribed",
			"script_type": "Cuneiform",
			"subgenre": "Adad-nerari III",
			"supergenre": "LIT"
		},
		"geometry": {
			"type": "Point",
			"coordinates": [43.262037,35.458121]
		}
	}, {
		"type": "Feature",
		"properties": {
			"id_composite": "Q004794",
			"cdli_id": "P463962",
			"credits": "Based on A. Kirk Grayson, Assyrian Rulers of the Early First Millennium BC II (858-745 BC) (RIMA 3), Toronto, 1996. Adapted by Jamie Novotny (2016) and lemmatized and updated by Nathan Morello (2016) for the Munich Open-access Cuneiform Corpus Initiative (MOCCI), a corpus-building initiative funded by LMU Munich and the Alexander von Humboldt Foundation (through the establishment of the Alexander von Humboldt Chair for Ancient History of the Near and Middle East) and based at the Historisches Seminar - Abteilung Alte Geschichte of Ludwig-Maximilians-Universität München. The annotated edition is released under the Creative Commons Attribution Share-Alike license 3.0. Please cite this page as http://oracc.org/riao/Q004794/.",
			"date_of_origin": "810-783",
			"designation": "Adad-nerari III 2014",
			"display_name": "RIAo Adad-nerari III 2014",
			"dynastic_seat": "Assyria",
			"exemplars": "Fadhil, Bagh. Mitt. 21 p. 482",
			"genre": "Royal Inscription",
			"language": "Akkadian",
			"material": "metal",
			"object_type": "vessel",
			"period": "Neo-Assyrian",
			"pleiades_id": "894019",
			"popular_name": "RIMA 3 A.0.104.2014",
			"primary_publication": "Adad-nerari III 2014",
			"provenience": "Nimrud (Kalhu)",
			"ruler": "Adad-nerari III",
			"script": "Neo-Assyrian",
			"script_remarks": "inscribed",
			"script_type": "Cuneiform",
			"subgenre": "Adad-nerari III",
			"supergenre": "LIT"
		},
		"geometry": {
			"type": "Point",
			"coordinates": [43.3275,36.099167]
		}
	}, {
		"type": "Feature",
		"properties": {
			"id_composite": "Q004795",
			"cdli_id": "P465484",
			"collection": "Ashmolean Museum, Oxford, UK",
			"credits": "Based on A. Kirk Grayson, Assyrian Rulers of the Early First Millennium BC II (858-745 BC) (RIMA 3), Toronto, 1996. Adapted by Jamie Novotny (2016) and lemmatized and updated by Nathan Morello (2016) for the Munich Open-access Cuneiform Corpus Initiative (MOCCI), a corpus-building initiative funded by LMU Munich and the Alexander von Humboldt Foundation (through the establishment of the Alexander von Humboldt Chair for Ancient History of the Near and Middle East) and based at the Historisches Seminar - Abteilung Alte Geschichte of Ludwig-Maximilians-Universität München. The annotated edition is released under the Creative Commons Attribution Share-Alike license 3.0. Please cite this page as http://oracc.org/riao/Q004795/.",
			"date_of_origin": "810-783",
			"designation": "Adad-nerari III 2015",
			"display_name": "RIAo Adad-nerari III 2015",
			"dynastic_seat": "Assyria",
			"exemplars": "Ashm 1922-0061",
			"genre": "Royal Inscription",
			"language": "Akkadian",
			"material": "stone",
			"object_type": "seal (not impression)",
			"period": "Neo-Assyrian",
			"pleiades_id": "29492",
			"popular_name": "RIMA 3 A.0.104.2015",
			"primary_publication": "Adad-nerari III 2015",
			"provenience": "Assyria",
			"ruler": "Adad-nerari III",
			"script": "Neo-Assyrian",
			"script_remarks": "inscribed",
			"script_type": "Cuneiform",
			"subgenre": "Adad-nerari III",
			"supergenre": "LIT"
		},
		"geometry": {
			"type": "Point",
			"coordinates": [43.2,36.2]
		}
	}, {
		"type": "Feature",
		"properties": {
			"id_composite": "Q004796",
			"cdli_id": "P473310",
			"collection": "Ashmolean Museum, Oxford, UK",
			"credits": "Based on A. Kirk Grayson, Assyrian Rulers of the Early First Millennium BC II (858-745 BC) (RIMA 3), Toronto, 1996. Adapted by Jamie Novotny (2016) and lemmatized and updated by Nathan Morello (2016) for the Munich Open-access Cuneiform Corpus Initiative (MOCCI), a corpus-building initiative funded by LMU Munich and the Alexander von Humboldt Foundation (through the establishment of the Alexander von Humboldt Chair for Ancient History of the Near and Middle East) and based at the Historisches Seminar - Abteilung Alte Geschichte of Ludwig-Maximilians-Universität München. The annotated edition is released under the Creative Commons Attribution Share-Alike license 3.0. Please cite this page as http://oracc.org/riao/Q004796/.",
			"date_of_origin": "810-783",
			"designation": "Adad-nerari III 2016 / CDLI Seals 007055",
			"display_name": "RIAo Adad-nerari III 2016",
			"dynastic_seat": "Assyria",
			"exemplars": "Ashm 1932-0319",
			"genre": "Royal Inscription",
			"language": "Akkadian",
			"material": "stone",
			"object_type": "seal (not impression)",
			"period": "Neo-Assyrian",
			"pleiades_id": "29492",
			"popular_name": "RIMA 3 A.0.104.2016",
			"primary_publication": "Adad-nerari III 2016 / CDLI Seals 007055",
			"provenience": "Assyria",
			"ruler": "Adad-nerari III",
			"script": "Neo-Assyrian",
			"script_remarks": "inscribed",
			"script_type": "Cuneiform",
			"seal_id": "S007055",
			"subgenre": "Adad-nerari III",
			"supergenre": "LIT"
		},
		"geometry": {
			"type": "Point",
			"coordinates": [43.2,36.2]
		}
	}, {
		"type": "Feature",
		"properties": {
			"id_composite": "Q004797",
			"credits": "Based on A. Kirk Grayson, Assyrian Rulers of the Early First Millennium BC II (858-745 BC) (RIMA 3), Toronto, 1996. Adapted by Jamie Novotny (2016) and lemmatized and updated by Nathan Morello (2016) for the Munich Open-access Cuneiform Corpus Initiative (MOCCI), a corpus-building initiative funded by LMU Munich and the Alexander von Humboldt Foundation (through the establishment of the Alexander von Humboldt Chair for Ancient History of the Near and Middle East) and based at the Historisches Seminar - Abteilung Alte Geschichte of Ludwig-Maximilians-Universität München. The annotated edition is released under the Creative Commons Attribution Share-Alike license 3.0. Please cite this page as http://oracc.org/riao/Q004797/.",
			"date_of_origin": "810-783",
			"designation": "Adad-nerari III 2017",
			"display_name": "RIAo Adad-nerari III 2017",
			"dynastic_seat": "Assyria",
			"exemplars": "Hallo and Porada, Festschrift Mayer-Opificius p. 267 fig. 4",
			"genre": "Royal Inscription",
			"language": "Akkadian",
			"material": "stone",
			"object_type": "seal (not impression)",
			"period": "Neo-Assyrian",
			"pleiades_id": "29492",
			"popular_name": "RIMA 3 A.0.104.2017",
			"primary_publication": "Adad-nerari III 2017",
			"provenience": "Assyria",
			"ruler": "Adad-nerari III",
			"script": "Neo-Assyrian",
			"script_remarks": "inscribed",
			"script_type": "Cuneiform",
			"subgenre": "Adad-nerari III",
			"supergenre": "LIT"
		},
		"geometry": {
			"type": "Point",
			"coordinates": [43.2,36.2]
		}
	}, {
		"type": "Feature",
		"properties": {
			"id_composite": "Q006687",
			"cdli_id": "P463963",
			"collection": "Kahramanmaraş Museum, Kahramanmaraş, Turkey",
			"credits": "Based on A. Kirk Grayson, Assyrian Rulers of the Early First Millennium BC II (858-745 BC) (RIMA 3), Toronto, 1996. Adapted by Jamie Novotny (2016) and lemmatized and updated by Nathan Morello (2016) for the Munich Open-access Cuneiform Corpus Initiative (MOCCI), a corpus-building initiative funded by LMU Munich and the Alexander von Humboldt Foundation (through the establishment of the Alexander von Humboldt Chair for Ancient History of the Near and Middle East) and based at the Historisches Seminar - Abteilung Alte Geschichte of Ludwig-Maximilians-Universität München. The annotated edition is released under the Creative Commons Attribution Share-Alike license 3.0. Please cite this page as http://oracc.org/riao/Q006687/.",
			"date_of_origin": "782-773",
			"designation": "Shalmaneser IV 1",
			"display_name": "RIAo Shalmaneser IV 1",
			"dynastic_seat": "Assyria",
			"exemplars": "KMT -",
			"genre": "Royal Inscription",
			"language": "Akkadian",
			"material": "stone",
			"object_type": "stele",
			"period": "Neo-Assyrian",
			"pleiades_id": "193878353",
			"popular_name": "RIMA 3 A.0.105.1",
			"primary_publication": "Shalmaneser IV 1",
			"provenience": "Kizkapanlı",
			"ruler": "Shalmaneser IV",
			"script": "Neo-Assyrian",
			"script_remarks": "inscribed",
			"script_type": "Cuneiform",
			"subgenre": "Shalmaneser IV",
			"supergenre": "LIT"
		},
		"geometry": {
			"type": "Point",
			"coordinates": [37.293138,37.37502]
		}
	}, {
		"type": "Feature",
		"properties": {
			"id_composite": "Q006688",
			"cdli_id": "P463964",
			"collection": "Arkeoloji Müzeleri, Istanbul, Turkey",
			"credits": "Based on A. Kirk Grayson, Assyrian Rulers of the Early First Millennium BC II (858-745 BC) (RIMA 3), Toronto, 1996. Adapted by Jamie Novotny (2016) and lemmatized and updated by Nathan Morello (2016) for the Munich Open-access Cuneiform Corpus Initiative (MOCCI), a corpus-building initiative funded by LMU Munich and the Alexander von Humboldt Foundation (through the establishment of the Alexander von Humboldt Chair for Ancient History of the Near and Middle East) and based at the Historisches Seminar - Abteilung Alte Geschichte of Ludwig-Maximilians-Universität München. The annotated edition is released under the Creative Commons Attribution Share-Alike license 3.0. Please cite this page as http://oracc.org/riao/Q006688/.",
			"date_of_origin": "782-773",
			"designation": "Shalmaneser IV 2",
			"display_name": "RIAo Shalmaneser IV 2",
			"dynastic_seat": "Assyria",
			"exemplars": "Ist 01326",
			"genre": "Royal Inscription",
			"language": "Akkadian",
			"material": "stone",
			"object_type": "stele",
			"period": "Neo-Assyrian",
			"pleiades_id": "111343632",
			"popular_name": "RIMA 3 A.0.105.2",
			"primary_publication": "Shalmaneser IV 2",
			"provenience": "Tell Abta (Dūr-Bēl-Ḫarrān-bēlī-uṣur)",
			"ruler": "Shalmaneser IV",
			"script": "Neo-Assyrian",
			"script_remarks": "inscribed",
			"script_type": "Cuneiform",
			"subgenre": "Shalmaneser IV",
			"supergenre": "LIT"
		},
		"geometry": {
			"type": "Point",
			"coordinates": [42.1622211, 36.2145244 ]
		}
	}, {
		"type": "Feature",
		"properties": {
			"id_composite": "Q006689",
			"cdli_id": "P463965",
			"collection": "British Museum, London, UK",
			"credits": "Based on A. Kirk Grayson, Assyrian Rulers of the Early First Millennium BC II (858-745 BC) (RIMA 3), Toronto, 1996. Adapted by Jamie Novotny (2016) and lemmatized and updated by Nathan Morello (2016) for the Munich Open-access Cuneiform Corpus Initiative (MOCCI), a corpus-building initiative funded by LMU Munich and the Alexander von Humboldt Foundation (through the establishment of the Alexander von Humboldt Chair for Ancient History of the Near and Middle East) and based at the Historisches Seminar - Abteilung Alte Geschichte of Ludwig-Maximilians-Universität München. The annotated edition is released under the Creative Commons Attribution Share-Alike license 3.0. Please cite this page as http://oracc.org/riao/Q006689/.",
			"date_of_origin": "782-773",
			"designation": "Shalmaneser IV 3",
			"display_name": "RIAo Shalmaneser IV 3",
			"dynastic_seat": "Assyria",
			"exemplars": "1882-05-22, 0534",
			"genre": "Royal Inscription",
			"language": "Akkadian",
			"material": "clay",
			"object_type": "tablet",
			"period": "Neo-Assyrian",
			"pleiades_id": "893945",
			"popular_name": "RIMA 3 A.0.105.3",
			"primary_publication": "Shalmaneser IV 3",
			"provenience": "Qalat Sherqat (Assur)",
			"ruler": "Shalmaneser IV",
			"script": "Neo-Assyrian",
			"script_remarks": "inscribed",
			"script_type": "Cuneiform",
			"subgenre": "Shalmaneser IV",
			"supergenre": "LIT"
		},
		"geometry": {
			"type": "Point",
			"coordinates": [43.262037,35.458121]
		}
	}, {
		"type": "Feature",
		"properties": {
			"id_composite": "Q006690",
			"cdli_id": "P463966",
			"collection": "Vorderasiatisches Museum, Berlin, Germany",
			"credits": "Based on A. Kirk Grayson, Assyrian Rulers of the Early First Millennium BC II (858-745 BC) (RIMA 3), Toronto, 1996. Adapted by Jamie Novotny (2016) and lemmatized and updated by Nathan Morello (2016) for the Munich Open-access Cuneiform Corpus Initiative (MOCCI), a corpus-building initiative funded by LMU Munich and the Alexander von Humboldt Foundation (through the establishment of the Alexander von Humboldt Chair for Ancient History of the Near and Middle East) and based at the Historisches Seminar - Abteilung Alte Geschichte of Ludwig-Maximilians-Universität München. The annotated edition is released under the Creative Commons Attribution Share-Alike license 3.0. Please cite this page as http://oracc.org/riao/Q006690/.",
			"date_of_origin": "782-773",
			"designation": "Shalmaneser IV 1001",
			"display_name": "RIAO Shalmaneser IV 1001",
			"dynastic_seat": "Assyria",
			"exemplars": "VA Ass 02106 (Ass 07824)",
			"genre": "Royal Inscription",
			"language": "Akkadian",
			"material": "clay",
			"object_type": "cone",
			"period": "Neo-Assyrian",
			"pleiades_id": "893945",
			"popular_name": "RIMA 3 A.0.105.1001",
			"primary_publication": "Shalmaneser IV 1001",
			"provenience": "Qalat Sherqat (Assur)",
			"ruler": "Shalmaneser IV",
			"script": "Neo-Assyrian",
			"script_remarks": "inscribed",
			"script_type": "Cuneiform",
			"subgenre": "Shalmaneser IV",
			"supergenre": "LIT"
		},
		"geometry": {
			"type": "Point",
			"coordinates": [43.262037,35.458121]
		}
	}, {
		"type": "Feature",
		"properties": {
			"id_composite": "Q006691",
			"cdli_id": "P463967",
			"collection": "Arkeoloji Müzeleri, Istanbul, Turkey",
			"credits": "Based on A. Kirk Grayson, Assyrian Rulers of the Early First Millennium BC II (858-745 BC) (RIMA 3), Toronto, 1996. Adapted by Jamie Novotny (2016) and lemmatized and updated by Nathan Morello (2016) for the Munich Open-access Cuneiform Corpus Initiative (MOCCI), a corpus-building initiative funded by LMU Munich and the Alexander von Humboldt Foundation (through the establishment of the Alexander von Humboldt Chair for Ancient History of the Near and Middle East) and based at the Historisches Seminar - Abteilung Alte Geschichte of Ludwig-Maximilians-Universität München. The annotated edition is released under the Creative Commons Attribution Share-Alike license 3.0. Please cite this page as http://oracc.org/riao/Q006691/.",
			"date_of_origin": "772-755",
			"designation": "Aššur-dan III 1",
			"display_name": "RIAo Aššur-dan III 1",
			"dynastic_seat": "Assyria",
			"exemplars": "Ist A 03600 (Ass 17349)",
			"genre": "Royal Inscription",
			"language": "Akkadian",
			"material": "clay",
			"object_type": "cone",
			"period": "Neo-Assyrian",
			"pleiades_id": "893945",
			"popular_name": "RIMA 3 A.0.106.1",
			"primary_publication": "Aššur-dan III 1",
			"provenience": "Qalat Sherqat (Assur)",
			"ruler": "Aššur-dan III",
			"script": "Neo-Assyrian",
			"script_remarks": "inscribed",
			"script_type": "Cuneiform",
			"subgenre": "Ashur-dan III",
			"supergenre": "LIT"
		},
		"geometry": {
			"type": "Point",
			"coordinates": [43.262037,35.458121]
		}
	}, {
		"type": "Feature",
		"properties": {
			"id_composite": "Q006692",
			"cdli_id": "P463968",
			"collection": "Iraq Museum, Baghdad, Iraq",
			"credits": "Based on A. Kirk Grayson, Assyrian Rulers of the Early First Millennium BC II (858-745 BC) (RIMA 3), Toronto, 1996. Adapted by Jamie Novotny (2016) and lemmatized and updated by Nathan Morello (2016) for the Munich Open-access Cuneiform Corpus Initiative (MOCCI), a corpus-building initiative funded by LMU Munich and the Alexander von Humboldt Foundation (through the establishment of the Alexander von Humboldt Chair for Ancient History of the Near and Middle East) and based at the Historisches Seminar - Abteilung Alte Geschichte of Ludwig-Maximilians-Universität München. The annotated edition is released under the Creative Commons Attribution Share-Alike license 3.0. Please cite this page as http://oracc.org/riao/Q006692/.",
			"date_of_origin": "754-745",
			"designation": "Aššur-nerari V 1",
			"display_name": "RIAo Aššur-nerari V 1",
			"dynastic_seat": "Assyria",
			"exemplars": "IM 055640",
			"genre": "Royal Inscription",
			"language": "Akkadian",
			"material": "stone",
			"object_type": "stele",
			"period": "Neo-Assyrian",
			"pleiades_id": "29492",
			"popular_name": "RIMA 3 A.0.107.1",
			"primary_publication": "Aššur-nerari V 1",
			"provenience": "Assyria",
			"ruler": "Aššur-nerari V",
			"script": "Neo-Assyrian",
			"script_remarks": "inscribed",
			"script_type": "Cuneiform",
			"subgenre": "Ashur-nerari V",
			"supergenre": "LIT"
		},
		"geometry": {
			"type": "Point",
			"coordinates": [43.2,36.2]
		}
	}, {
		"type": "Feature",
		"properties": {
			"id_composite": "Q006693",
			"cdli_id": "P463144",
			"collection": "Vorderasiatisches Museum, Berlin, Germany",
			"credits": "Based on A. Kirk Grayson, Assyrian Rulers of the Early First Millennium BC II (858-745 BC) (RIMA 3), Toronto, 1996. Adapted by Jamie Novotny (2016) and lemmatized and updated by Nathan Morello (2016) for the Munich Open-access Cuneiform Corpus Initiative (MOCCI), a corpus-building initiative funded by LMU Munich and the Alexander von Humboldt Foundation (through the establishment of the Alexander von Humboldt Chair for Ancient History of the Near and Middle East) and based at the Historisches Seminar - Abteilung Alte Geschichte of Ludwig-Maximilians-Universität München. The annotated edition is released under the Creative Commons Attribution Share-Alike license 3.0. Please cite this page as http://oracc.org/riao/Q006693/.",
			"date_of_origin": "9th-8th century",
			"designation": "Unidentified Ruler 1027",
			"display_name": "RIAo Unidentified Ruler 1027",
			"dynastic_seat": "Assyria",
			"exemplars": "VA Ass 02130 (Ass 10771)",
			"genre": "Royal Inscription",
			"language": "Akkadian",
			"material": "clay",
			"object_type": "cone",
			"period": "Neo-Assyrian",
			"pleiades_id": "893945",
			"popular_name": "RIMA 3 A.0.0.1027",
			"primary_publication": "Unidentified Ruler 1027",
			"provenience": "Qalat Sherqat (Assur)",
			"script": "Neo-Assyrian",
			"script_remarks": "inscribed",
			"script_type": "Cuneiform",
			"subgenre": "Unidentified Ruler",
			"supergenre": "LIT"
		},
		"geometry": {
			"type": "Point",
			"coordinates": [43.262037,35.458121]
		}
	}, {
		"type": "Feature",
		"properties": {
			"id_composite": "Q006694",
			"cdli_id": "P463145",
			"collection": "Arkeoloji Müzeleri, Istanbul, Turkey",
			"credits": "Based on A. Kirk Grayson, Assyrian Rulers of the Early First Millennium BC II (858-745 BC) (RIMA 3), Toronto, 1996. Adapted by Jamie Novotny (2016) and lemmatized and updated by Nathan Morello (2016) for the Munich Open-access Cuneiform Corpus Initiative (MOCCI), a corpus-building initiative funded by LMU Munich and the Alexander von Humboldt Foundation (through the establishment of the Alexander von Humboldt Chair for Ancient History of the Near and Middle East) and based at the Historisches Seminar - Abteilung Alte Geschichte of Ludwig-Maximilians-Universität München. The annotated edition is released under the Creative Commons Attribution Share-Alike license 3.0. Please cite this page as http://oracc.org/riao/Q006694/.",
			"date_of_origin": "9th-8th century",
			"designation": "Unidentified Ruler 1028",
			"display_name": "RIAo Unidentified Ruler 1028",
			"dynastic_seat": "Assyria",
			"exemplars": "Ist A 03383 (Ass 03165)",
			"genre": "Royal Inscription",
			"language": "Akkadian",
			"material": "clay",
			"object_type": "cone",
			"period": "Neo-Assyrian",
			"pleiades_id": "893945",
			"popular_name": "RIMA 3 A.0.0.1028",
			"primary_publication": "Unidentified Ruler 1028",
			"provenience": "Qalat Sherqat (Assur)",
			"script": "Neo-Assyrian",
			"script_remarks": "inscribed",
			"script_type": "Cuneiform",
			"subgenre": "Unidentified Ruler",
			"supergenre": "LIT"
		},
		"geometry": {
			"type": "Point",
			"coordinates": [43.262037,35.458121]
		}
	}, {
		"type": "Feature",
		"properties": {
			"id_composite": "Q006695",
			"cdli_id": "P463146",
			"collection": "Arkeoloji Müzeleri, Istanbul, Turkey",
			"credits": "Based on A. Kirk Grayson, Assyrian Rulers of the Early First Millennium BC II (858-745 BC) (RIMA 3), Toronto, 1996. Adapted by Jamie Novotny (2016) and lemmatized and updated by Nathan Morello (2016) for the Munich Open-access Cuneiform Corpus Initiative (MOCCI), a corpus-building initiative funded by LMU Munich and the Alexander von Humboldt Foundation (through the establishment of the Alexander von Humboldt Chair for Ancient History of the Near and Middle East) and based at the Historisches Seminar - Abteilung Alte Geschichte of Ludwig-Maximilians-Universität München. The annotated edition is released under the Creative Commons Attribution Share-Alike license 3.0. Please cite this page as http://oracc.org/riao/Q006695/.",
			"date_of_origin": "9th-8th century",
			"designation": "Unidentified Ruler 1029",
			"display_name": "RIAo Unidentified Ruler 1029",
			"dynastic_seat": "Assyria",
			"exemplars": "Ist A 03398 (Ass 04043)",
			"genre": "Royal Inscription",
			"language": "Akkadian",
			"material": "clay",
			"object_type": "cone",
			"period": "Neo-Assyrian",
			"pleiades_id": "893945",
			"popular_name": "RIMA 3 A.0.0.1029",
			"primary_publication": "Unidentified Ruler 1029",
			"provenience": "Qalat Sherqat (Assur)",
			"script": "Neo-Assyrian",
			"script_remarks": "inscribed",
			"script_type": "Cuneiform",
			"subgenre": "Unidentified Ruler",
			"supergenre": "LIT"
		},
		"geometry": {
			"type": "Point",
			"coordinates": [43.262037,35.458121]
		}
	}, {
		"type": "Feature",
		"properties": {
			"id_composite": "Q006696",
			"cdli_id": "P463147",
			"credits": "Based on A. Kirk Grayson, Assyrian Rulers of the Early First Millennium BC II (858-745 BC) (RIMA 3), Toronto, 1996. Adapted by Jamie Novotny (2016) and lemmatized and updated by Nathan Morello (2016) for the Munich Open-access Cuneiform Corpus Initiative (MOCCI), a corpus-building initiative funded by LMU Munich and the Alexander von Humboldt Foundation (through the establishment of the Alexander von Humboldt Chair for Ancient History of the Near and Middle East) and based at the Historisches Seminar - Abteilung Alte Geschichte of Ludwig-Maximilians-Universität München. The annotated edition is released under the Creative Commons Attribution Share-Alike license 3.0. Please cite this page as http://oracc.org/riao/Q006696/.",
			"date_of_origin": "9th-8th century",
			"designation": "Unidentified Ruler 1030",
			"display_name": "RIAo Unidentified Ruler 1030",
			"dynastic_seat": "Assyria",
			"exemplars": "Ass 18494",
			"genre": "Royal Inscription",
			"language": "Akkadian",
			"material": "clay",
			"object_type": "cone",
			"period": "Neo-Assyrian",
			"pleiades_id": "893945",
			"popular_name": "RIMA 3 A.0.0.1030",
			"primary_publication": "Unidentified Ruler 1030",
			"provenience": "Qalat Sherqat (Assur)",
			"script": "Neo-Assyrian",
			"script_remarks": "inscribed",
			"script_type": "Cuneiform",
			"subgenre": "Unidentified Ruler",
			"supergenre": "LIT"
		},
		"geometry": {
			"type": "Point",
			"coordinates": [43.262037,35.458121]
		}
	}, {
		"type": "Feature",
		"properties": {
			"id_composite": "Q006697",
			"cdli_id": "P463148",
			"collection": "Arkeoloji Müzeleri, Istanbul, Turkey",
			"credits": "Based on A. Kirk Grayson, Assyrian Rulers of the Early First Millennium BC II (858-745 BC) (RIMA 3), Toronto, 1996. Adapted by Jamie Novotny (2016) and lemmatized and updated by Nathan Morello (2016) for the Munich Open-access Cuneiform Corpus Initiative (MOCCI), a corpus-building initiative funded by LMU Munich and the Alexander von Humboldt Foundation (through the establishment of the Alexander von Humboldt Chair for Ancient History of the Near and Middle East) and based at the Historisches Seminar - Abteilung Alte Geschichte of Ludwig-Maximilians-Universität München. The annotated edition is released under the Creative Commons Attribution Share-Alike license 3.0. Please cite this page as http://oracc.org/riao/Q006697/.",
			"date_of_origin": "9th-8th century",
			"designation": "Unidentified Ruler 1031",
			"display_name": "RIAo Unidentified Ruler 1031",
			"dynastic_seat": "Assyria",
			"exemplars": "Ist A 03355 (Ass 01379n)",
			"genre": "Royal Inscription",
			"language": "Akkadian",
			"material": "clay",
			"object_type": "cone",
			"period": "Neo-Assyrian",
			"pleiades_id": "893945",
			"popular_name": "RIMA 3 A.0.0.1031",
			"primary_publication": "Unidentified Ruler 1031",
			"provenience": "Qalat Sherqat (Assur)",
			"script": "Neo-Assyrian",
			"script_remarks": "inscribed",
			"script_type": "Cuneiform",
			"subgenre": "Unidentified Ruler",
			"supergenre": "LIT"
		},
		"geometry": {
			"type": "Point",
			"coordinates": [43.262037,35.458121]
		}
	}, {
		"type": "Feature",
		"properties": {
			"id_composite": "Q006698",
			"cdli_id": "P463149",
			"collection": "Arkeoloji Müzeleri, Istanbul, Turkey",
			"credits": "Based on A. Kirk Grayson, Assyrian Rulers of the Early First Millennium BC II (858-745 BC) (RIMA 3), Toronto, 1996. Adapted by Jamie Novotny (2016) and lemmatized and updated by Nathan Morello (2016) for the Munich Open-access Cuneiform Corpus Initiative (MOCCI), a corpus-building initiative funded by LMU Munich and the Alexander von Humboldt Foundation (through the establishment of the Alexander von Humboldt Chair for Ancient History of the Near and Middle East) and based at the Historisches Seminar - Abteilung Alte Geschichte of Ludwig-Maximilians-Universität München. The annotated edition is released under the Creative Commons Attribution Share-Alike license 3.0. Please cite this page as http://oracc.org/riao/Q006698/.",
			"date_of_origin": "9th-8th century",
			"designation": "Unidentified Ruler 1032",
			"display_name": "RIAo Unidentified Ruler 1032",
			"dynastic_seat": "Assyria",
			"exemplars": "Ist A 03385 (Ass 03496)",
			"genre": "Royal Inscription",
			"language": "Akkadian",
			"material": "clay",
			"object_type": "cone",
			"period": "Neo-Assyrian",
			"pleiades_id": "893945",
			"popular_name": "RIMA 3 A.0.0.1032",
			"primary_publication": "Unidentified Ruler 1032",
			"provenience": "Qalat Sherqat (Assur)",
			"script": "Neo-Assyrian",
			"script_remarks": "inscribed",
			"script_type": "Cuneiform",
			"subgenre": "Unidentified Ruler",
			"supergenre": "LIT"
		},
		"geometry": {
			"type": "Point",
			"coordinates": [43.262037,35.458121]
		}
	}, {
		"type": "Feature",
		"properties": {
			"id_composite": "Q006699",
			"cdli_id": "P463150",
			"collection": "Arkeoloji Müzeleri, Istanbul, Turkey",
			"credits": "Based on A. Kirk Grayson, Assyrian Rulers of the Early First Millennium BC II (858-745 BC) (RIMA 3), Toronto, 1996. Adapted by Jamie Novotny (2016) and lemmatized and updated by Nathan Morello (2016) for the Munich Open-access Cuneiform Corpus Initiative (MOCCI), a corpus-building initiative funded by LMU Munich and the Alexander von Humboldt Foundation (through the establishment of the Alexander von Humboldt Chair for Ancient History of the Near and Middle East) and based at the Historisches Seminar - Abteilung Alte Geschichte of Ludwig-Maximilians-Universität München. The annotated edition is released under the Creative Commons Attribution Share-Alike license 3.0. Please cite this page as http://oracc.org/riao/Q006699/.",
			"date_of_origin": "9th-8th century",
			"designation": "Unidentified Ruler 1033",
			"display_name": "RIAo Unidentified Ruler 1033",
			"dynastic_seat": "Assyria",
			"exemplars": "Ist A 03480 (Ass 10084a)",
			"genre": "Royal Inscription",
			"language": "Akkadian",
			"material": "clay",
			"object_type": "cone",
			"period": "Neo-Assyrian",
			"pleiades_id": "893945",
			"popular_name": "RIMA 3 A.0.0.1033",
			"primary_publication": "Unidentified Ruler 1033",
			"provenience": "Qalat Sherqat (Assur)",
			"script": "Neo-Assyrian",
			"script_remarks": "inscribed",
			"script_type": "Cuneiform",
			"subgenre": "Unidentified Ruler",
			"supergenre": "LIT"
		},
		"geometry": {
			"type": "Point",
			"coordinates": [43.262037,35.458121]
		}
	}, {
		"type": "Feature",
		"properties": {
			"id_composite": "Q006700",
			"cdli_id": "P463151",
			"collection": "Arkeoloji Müzeleri, Istanbul, Turkey",
			"credits": "Based on A. Kirk Grayson, Assyrian Rulers of the Early First Millennium BC II (858-745 BC) (RIMA 3), Toronto, 1996. Adapted by Jamie Novotny (2016) and lemmatized and updated by Nathan Morello (2016) for the Munich Open-access Cuneiform Corpus Initiative (MOCCI), a corpus-building initiative funded by LMU Munich and the Alexander von Humboldt Foundation (through the establishment of the Alexander von Humboldt Chair for Ancient History of the Near and Middle East) and based at the Historisches Seminar - Abteilung Alte Geschichte of Ludwig-Maximilians-Universität München. The annotated edition is released under the Creative Commons Attribution Share-Alike license 3.0. Please cite this page as http://oracc.org/riao/Q006700/.",
			"date_of_origin": "9th-8th century",
			"designation": "Unidentified Ruler 1034",
			"display_name": "RIAo Unidentified Ruler 1034",
			"dynastic_seat": "Assyria",
			"exemplars": "Ist A 03483 (Ass 10084e)",
			"genre": "Royal Inscription",
			"language": "Akkadian",
			"material": "clay",
			"object_type": "cone",
			"period": "Neo-Assyrian",
			"pleiades_id": "893945",
			"popular_name": "RIMA 3 A.0.0.1034",
			"primary_publication": "Unidentified Ruler 1034",
			"provenience": "Qalat Sherqat (Assur)",
			"script": "Neo-Assyrian",
			"script_remarks": "inscribed",
			"script_type": "Cuneiform",
			"subgenre": "Unidentified Ruler",
			"supergenre": "LIT"
		},
		"geometry": {
			"type": "Point",
			"coordinates": [43.262037,35.458121]
		}
	}, {
		"type": "Feature",
		"properties": {
			"id_composite": "Q006701",
			"cdli_id": "P463152",
			"collection": "Arkeoloji Müzeleri, Istanbul, Turkey",
			"credits": "Based on A. Kirk Grayson, Assyrian Rulers of the Early First Millennium BC II (858-745 BC) (RIMA 3), Toronto, 1996. Adapted by Jamie Novotny (2016) and lemmatized and updated by Nathan Morello (2016) for the Munich Open-access Cuneiform Corpus Initiative (MOCCI), a corpus-building initiative funded by LMU Munich and the Alexander von Humboldt Foundation (through the establishment of the Alexander von Humboldt Chair for Ancient History of the Near and Middle East) and based at the Historisches Seminar - Abteilung Alte Geschichte of Ludwig-Maximilians-Universität München. The annotated edition is released under the Creative Commons Attribution Share-Alike license 3.0. Please cite this page as http://oracc.org/riao/Q006701/.",
			"date_of_origin": "9th-8th century",
			"designation": "Unidentified Ruler 1035",
			"display_name": "RIAo Unidentified Ruler 1035",
			"dynastic_seat": "Assyria",
			"exemplars": "Ist A 03343",
			"genre": "Royal Inscription",
			"language": "Akkadian",
			"material": "clay",
			"object_type": "cone",
			"period": "Neo-Assyrian",
			"pleiades_id": "893945",
			"popular_name": "RIMA 3 A.0.0.1035",
			"primary_publication": "Unidentified Ruler 1035",
			"provenience": "Qalat Sherqat (Assur)",
			"script": "Neo-Assyrian",
			"script_remarks": "inscribed",
			"script_type": "Cuneiform",
			"subgenre": "Unidentified Ruler",
			"supergenre": "LIT"
		},
		"geometry": {
			"type": "Point",
			"coordinates": [43.262037,35.458121]
		}
	}, {
		"type": "Feature",
		"properties": {
			"id_composite": "Q006702",
			"cdli_id": "P463153",
			"collection": "Arkeoloji Müzeleri, Istanbul, Turkey",
			"credits": "Based on A. Kirk Grayson, Assyrian Rulers of the Early First Millennium BC II (858-745 BC) (RIMA 3), Toronto, 1996. Adapted by Jamie Novotny (2016) and lemmatized and updated by Nathan Morello (2016) for the Munich Open-access Cuneiform Corpus Initiative (MOCCI), a corpus-building initiative funded by LMU Munich and the Alexander von Humboldt Foundation (through the establishment of the Alexander von Humboldt Chair for Ancient History of the Near and Middle East) and based at the Historisches Seminar - Abteilung Alte Geschichte of Ludwig-Maximilians-Universität München. The annotated edition is released under the Creative Commons Attribution Share-Alike license 3.0. Please cite this page as http://oracc.org/riao/Q006702/.",
			"date_of_origin": "9th-8th century",
			"designation": "Unidentified Ruler 1036",
			"display_name": "RIAo Unidentified Ruler 1036",
			"dynastic_seat": "Assyria",
			"exemplars": "Ist A 03346 (Ass 01359)",
			"genre": "Royal Inscription",
			"language": "Akkadian",
			"material": "clay",
			"object_type": "cone",
			"period": "Neo-Assyrian",
			"pleiades_id": "893945",
			"popular_name": "RIMA 3 A.0.0.1036",
			"primary_publication": "Unidentified Ruler 1036",
			"provenience": "Qalat Sherqat (Assur)",
			"script": "Neo-Assyrian",
			"script_remarks": "inscribed",
			"script_type": "Cuneiform",
			"subgenre": "Unidentified Ruler",
			"supergenre": "LIT"
		},
		"geometry": {
			"type": "Point",
			"coordinates": [43.262037,35.458121]
		}
	}, {
		"type": "Feature",
		"properties": {
			"id_composite": "Q006703",
			"cdli_id": "P463154",
			"collection": "Arkeoloji Müzeleri, Istanbul, Turkey",
			"credits": "Based on A. Kirk Grayson, Assyrian Rulers of the Early First Millennium BC II (858-745 BC) (RIMA 3), Toronto, 1996. Adapted by Jamie Novotny (2016) and lemmatized and updated by Nathan Morello (2016) for the Munich Open-access Cuneiform Corpus Initiative (MOCCI), a corpus-building initiative funded by LMU Munich and the Alexander von Humboldt Foundation (through the establishment of the Alexander von Humboldt Chair for Ancient History of the Near and Middle East) and based at the Historisches Seminar - Abteilung Alte Geschichte of Ludwig-Maximilians-Universität München. The annotated edition is released under the Creative Commons Attribution Share-Alike license 3.0. Please cite this page as http://oracc.org/riao/Q006703/.",
			"date_of_origin": "9th-8th century",
			"designation": "Unidentified Ruler 1037",
			"display_name": "RIAo Unidentified Ruler 1037",
			"dynastic_seat": "Assyria",
			"exemplars": "Ist A 03336 (Ass 01468)",
			"genre": "Royal Inscription",
			"language": "Akkadian",
			"material": "clay",
			"object_type": "cone",
			"period": "Neo-Assyrian",
			"pleiades_id": "893945",
			"popular_name": "RIMA 3 A.0.0.1037",
			"primary_publication": "Unidentified Ruler 1037",
			"provenience": "Qalat Sherqat (Assur)",
			"script": "Neo-Assyrian",
			"script_remarks": "inscribed",
			"script_type": "Cuneiform",
			"subgenre": "Unidentified Ruler",
			"supergenre": "LIT"
		},
		"geometry": {
			"type": "Point",
			"coordinates": [43.262037,35.458121]
		}
	}, {
		"type": "Feature",
		"properties": {
			"id_composite": "Q006704",
			"cdli_id": "P463155",
			"collection": "Arkeoloji Müzeleri, Istanbul, Turkey",
			"credits": "Based on A. Kirk Grayson, Assyrian Rulers of the Early First Millennium BC II (858-745 BC) (RIMA 3), Toronto, 1996. Adapted by Jamie Novotny (2016) and lemmatized and updated by Nathan Morello (2016) for the Munich Open-access Cuneiform Corpus Initiative (MOCCI), a corpus-building initiative funded by LMU Munich and the Alexander von Humboldt Foundation (through the establishment of the Alexander von Humboldt Chair for Ancient History of the Near and Middle East) and based at the Historisches Seminar - Abteilung Alte Geschichte of Ludwig-Maximilians-Universität München. The annotated edition is released under the Creative Commons Attribution Share-Alike license 3.0. Please cite this page as http://oracc.org/riao/Q006704/.",
			"date_of_origin": "9th-8th century",
			"designation": "Unidentified Ruler 1038",
			"display_name": "RIAo Unidentified Ruler 1038",
			"dynastic_seat": "Assyria",
			"exemplars": "Ist A 03375 (Ass 02743)",
			"genre": "Royal Inscription",
			"language": "Akkadian",
			"material": "clay",
			"object_type": "cone",
			"period": "Neo-Assyrian",
			"pleiades_id": "893945",
			"popular_name": "RIMA 3 A.0.0.1038",
			"primary_publication": "Unidentified Ruler 1038",
			"provenience": "Qalat Sherqat (Assur)",
			"script": "Neo-Assyrian",
			"script_remarks": "inscribed",
			"script_type": "Cuneiform",
			"subgenre": "Unidentified Ruler",
			"supergenre": "LIT"
		},
		"geometry": {
			"type": "Point",
			"coordinates": [43.262037,35.458121]
		}
	}, {
		"type": "Feature",
		"properties": {
			"id_composite": "Q006705",
			"cdli_id": "P463156",
			"collection": "Arkeoloji Müzeleri, Istanbul, Turkey",
			"credits": "Based on A. Kirk Grayson, Assyrian Rulers of the Early First Millennium BC II (858-745 BC) (RIMA 3), Toronto, 1996. Adapted by Jamie Novotny (2016) and lemmatized and updated by Nathan Morello (2016) for the Munich Open-access Cuneiform Corpus Initiative (MOCCI), a corpus-building initiative funded by LMU Munich and the Alexander von Humboldt Foundation (through the establishment of the Alexander von Humboldt Chair for Ancient History of the Near and Middle East) and based at the Historisches Seminar - Abteilung Alte Geschichte of Ludwig-Maximilians-Universität München. The annotated edition is released under the Creative Commons Attribution Share-Alike license 3.0. Please cite this page as http://oracc.org/riao/Q006705/.",
			"date_of_origin": "9th-8th century",
			"designation": "Unidentified Ruler 1039",
			"display_name": "RIAo Unidentified Ruler 1039",
			"dynastic_seat": "Assyria",
			"exemplars": "Ist A 03403 (Ass 04424)",
			"genre": "Royal Inscription",
			"language": "Akkadian",
			"material": "clay",
			"object_type": "cone",
			"period": "Neo-Assyrian",
			"pleiades_id": "893945",
			"popular_name": "RIMA 3 A.0.0.1039",
			"primary_publication": "Unidentified Ruler 1039",
			"provenience": "Qalat Sherqat (Assur)",
			"script": "Neo-Assyrian",
			"script_remarks": "inscribed",
			"script_type": "Cuneiform",
			"subgenre": "Unidentified Ruler",
			"supergenre": "LIT"
		},
		"geometry": {
			"type": "Point",
			"coordinates": [43.262037,35.458121]
		}
	}, {
		"type": "Feature",
		"properties": {
			"id_composite": "Q006706",
			"cdli_id": "P463157",
			"collection": "Arkeoloji Müzeleri, Istanbul, Turkey",
			"credits": "Based on A. Kirk Grayson, Assyrian Rulers of the Early First Millennium BC II (858-745 BC) (RIMA 3), Toronto, 1996. Adapted by Jamie Novotny (2016) and lemmatized and updated by Nathan Morello (2016) for the Munich Open-access Cuneiform Corpus Initiative (MOCCI), a corpus-building initiative funded by LMU Munich and the Alexander von Humboldt Foundation (through the establishment of the Alexander von Humboldt Chair for Ancient History of the Near and Middle East) and based at the Historisches Seminar - Abteilung Alte Geschichte of Ludwig-Maximilians-Universität München. The annotated edition is released under the Creative Commons Attribution Share-Alike license 3.0. Please cite this page as http://oracc.org/riao/Q006706/.",
			"date_of_origin": "9th-8th century",
			"designation": "Unidentified Ruler 1040",
			"display_name": "RIAo Unidentified Ruler 1040",
			"dynastic_seat": "Assyria",
			"exemplars": "Ist A 03406 (Ass 04548)",
			"genre": "Royal Inscription",
			"language": "Akkadian",
			"material": "clay",
			"object_type": "cone",
			"period": "Neo-Assyrian",
			"pleiades_id": "893945",
			"popular_name": "RIMA 3 A.0.0.1040",
			"primary_publication": "Unidentified Ruler 1040",
			"provenience": "Qalat Sherqat (Assur)",
			"script": "Neo-Assyrian",
			"script_remarks": "inscribed",
			"script_type": "Cuneiform",
			"subgenre": "Unidentified Ruler",
			"supergenre": "LIT"
		},
		"geometry": {
			"type": "Point",
			"coordinates": [43.262037,35.458121]
		}
	}, {
		"type": "Feature",
		"properties": {
			"id_composite": "Q006707",
			"cdli_id": "P463158",
			"collection": "Arkeoloji Müzeleri, Istanbul, Turkey",
			"credits": "Based on A. Kirk Grayson, Assyrian Rulers of the Early First Millennium BC II (858-745 BC) (RIMA 3), Toronto, 1996. Adapted by Jamie Novotny (2016) and lemmatized and updated by Nathan Morello (2016) for the Munich Open-access Cuneiform Corpus Initiative (MOCCI), a corpus-building initiative funded by LMU Munich and the Alexander von Humboldt Foundation (through the establishment of the Alexander von Humboldt Chair for Ancient History of the Near and Middle East) and based at the Historisches Seminar - Abteilung Alte Geschichte of Ludwig-Maximilians-Universität München. The annotated edition is released under the Creative Commons Attribution Share-Alike license 3.0. Please cite this page as http://oracc.org/riao/Q006707/.",
			"date_of_origin": "9th-8th century",
			"designation": "Unidentified Ruler 1041",
			"display_name": "RIAo Unidentified Ruler 1041",
			"dynastic_seat": "Assyria",
			"exemplars": "Ist A 03411 (Ass 04734o)",
			"genre": "Royal Inscription",
			"language": "Akkadian",
			"material": "clay",
			"object_type": "cone",
			"period": "Neo-Assyrian",
			"pleiades_id": "893945",
			"popular_name": "RIMA 3 A.0.0.1041",
			"primary_publication": "Unidentified Ruler 1041",
			"provenience": "Qalat Sherqat (Assur)",
			"script": "Neo-Assyrian",
			"script_remarks": "inscribed",
			"script_type": "Cuneiform",
			"subgenre": "Unidentified Ruler",
			"supergenre": "LIT"
		},
		"geometry": {
			"type": "Point",
			"coordinates": [43.262037,35.458121]
		}
	}, {
		"type": "Feature",
		"properties": {
			"id_composite": "Q006708",
			"cdli_id": "P463159",
			"collection": "Arkeoloji Müzeleri, Istanbul, Turkey",
			"credits": "Based on A. Kirk Grayson, Assyrian Rulers of the Early First Millennium BC II (858-745 BC) (RIMA 3), Toronto, 1996. Adapted by Jamie Novotny (2016) and lemmatized and updated by Nathan Morello (2016) for the Munich Open-access Cuneiform Corpus Initiative (MOCCI), a corpus-building initiative funded by LMU Munich and the Alexander von Humboldt Foundation (through the establishment of the Alexander von Humboldt Chair for Ancient History of the Near and Middle East) and based at the Historisches Seminar - Abteilung Alte Geschichte of Ludwig-Maximilians-Universität München. The annotated edition is released under the Creative Commons Attribution Share-Alike license 3.0. Please cite this page as http://oracc.org/riao/Q006708/.",
			"date_of_origin": "9th-8th century",
			"designation": "Unidentified Ruler 1042",
			"display_name": "RIAo Unidentified Ruler 1042",
			"dynastic_seat": "Assyria",
			"exemplars": "Ist A 03415 (Ass 05060)",
			"genre": "Royal Inscription",
			"language": "Akkadian",
			"material": "clay",
			"object_type": "cone",
			"period": "Neo-Assyrian",
			"pleiades_id": "893945",
			"popular_name": "RIMA 3 A.0.0.1042",
			"primary_publication": "Unidentified Ruler 1042",
			"provenience": "Qalat Sherqat (Assur)",
			"script": "Neo-Assyrian",
			"script_remarks": "inscribed",
			"script_type": "Cuneiform",
			"subgenre": "Unidentified Ruler",
			"supergenre": "LIT"
		},
		"geometry": {
			"type": "Point",
			"coordinates": [43.262037,35.458121]
		}
	}, {
		"type": "Feature",
		"properties": {
			"id_composite": "Q006709",
			"cdli_id": "P463160",
			"collection": "Arkeoloji Müzeleri, Istanbul, Turkey",
			"credits": "Based on A. Kirk Grayson, Assyrian Rulers of the Early First Millennium BC II (858-745 BC) (RIMA 3), Toronto, 1996. Adapted by Jamie Novotny (2016) and lemmatized and updated by Nathan Morello (2016) for the Munich Open-access Cuneiform Corpus Initiative (MOCCI), a corpus-building initiative funded by LMU Munich and the Alexander von Humboldt Foundation (through the establishment of the Alexander von Humboldt Chair for Ancient History of the Near and Middle East) and based at the Historisches Seminar - Abteilung Alte Geschichte of Ludwig-Maximilians-Universität München. The annotated edition is released under the Creative Commons Attribution Share-Alike license 3.0. Please cite this page as http://oracc.org/riao/Q006709/.",
			"date_of_origin": "9th-8th century",
			"designation": "Unidentified Ruler 1043",
			"display_name": "RIAo Unidentified Ruler 1043",
			"dynastic_seat": "Assyria",
			"exemplars": "Ist A 03430 (Ass 05858)",
			"genre": "Royal Inscription",
			"language": "Akkadian",
			"material": "clay",
			"object_type": "cone",
			"period": "Neo-Assyrian",
			"pleiades_id": "893945",
			"popular_name": "RIMA 3 A.0.0.1043",
			"primary_publication": "Unidentified Ruler 1043",
			"provenience": "Qalat Sherqat (Assur)",
			"script": "Neo-Assyrian",
			"script_remarks": "inscribed",
			"script_type": "Cuneiform",
			"subgenre": "Unidentified Ruler",
			"supergenre": "LIT"
		},
		"geometry": {
			"type": "Point",
			"coordinates": [43.262037,35.458121]
		}
	}, {
		"type": "Feature",
		"properties": {
			"id_composite": "Q006710",
			"cdli_id": "P463161",
			"collection": "Arkeoloji Müzeleri, Istanbul, Turkey",
			"credits": "Based on A. Kirk Grayson, Assyrian Rulers of the Early First Millennium BC II (858-745 BC) (RIMA 3), Toronto, 1996. Adapted by Jamie Novotny (2016) and lemmatized and updated by Nathan Morello (2016) for the Munich Open-access Cuneiform Corpus Initiative (MOCCI), a corpus-building initiative funded by LMU Munich and the Alexander von Humboldt Foundation (through the establishment of the Alexander von Humboldt Chair for Ancient History of the Near and Middle East) and based at the Historisches Seminar - Abteilung Alte Geschichte of Ludwig-Maximilians-Universität München. The annotated edition is released under the Creative Commons Attribution Share-Alike license 3.0. Please cite this page as http://oracc.org/riao/Q006710/.",
			"date_of_origin": "9th-8th century",
			"designation": "Unidentified Ruler 1044",
			"display_name": "RIAo Unidentified Ruler 1044",
			"dynastic_seat": "Assyria",
			"exemplars": "Ist A 03433 (Ass 05992)",
			"genre": "Royal Inscription",
			"language": "Akkadian",
			"material": "clay",
			"object_type": "cone",
			"period": "Neo-Assyrian",
			"pleiades_id": "893945",
			"popular_name": "RIMA 3 A.0.0.1044",
			"primary_publication": "Unidentified Ruler 1044",
			"provenience": "Qalat Sherqat (Assur)",
			"script": "Neo-Assyrian",
			"script_remarks": "inscribed",
			"script_type": "Cuneiform",
			"subgenre": "Unidentified Ruler",
			"supergenre": "LIT"
		},
		"geometry": {
			"type": "Point",
			"coordinates": [43.262037,35.458121]
		}
	}, {
		"type": "Feature",
		"properties": {
			"id_composite": "Q006711",
			"cdli_id": "P463162",
			"collection": "Arkeoloji Müzeleri, Istanbul, Turkey",
			"credits": "Based on A. Kirk Grayson, Assyrian Rulers of the Early First Millennium BC II (858-745 BC) (RIMA 3), Toronto, 1996. Adapted by Jamie Novotny (2016) and lemmatized and updated by Nathan Morello (2016) for the Munich Open-access Cuneiform Corpus Initiative (MOCCI), a corpus-building initiative funded by LMU Munich and the Alexander von Humboldt Foundation (through the establishment of the Alexander von Humboldt Chair for Ancient History of the Near and Middle East) and based at the Historisches Seminar - Abteilung Alte Geschichte of Ludwig-Maximilians-Universität München. The annotated edition is released under the Creative Commons Attribution Share-Alike license 3.0. Please cite this page as http://oracc.org/riao/Q006711/.",
			"date_of_origin": "9th-8th century",
			"designation": "Unidentified Ruler 1045",
			"display_name": "RIAo Unidentified Ruler 1045",
			"dynastic_seat": "Assyria",
			"exemplars": "Ist A 03435 (Ass 06140)",
			"genre": "Royal Inscription",
			"language": "Akkadian",
			"material": "clay",
			"object_type": "cone",
			"period": "Neo-Assyrian",
			"pleiades_id": "893945",
			"popular_name": "RIMA 3 A.0.0.1045",
			"primary_publication": "Unidentified Ruler 1045",
			"provenience": "Qalat Sherqat (Assur)",
			"script": "Neo-Assyrian",
			"script_remarks": "inscribed",
			"script_type": "Cuneiform",
			"subgenre": "Unidentified Ruler",
			"supergenre": "LIT"
		},
		"geometry": {
			"type": "Point",
			"coordinates": [43.262037,35.458121]
		}
	}, {
		"type": "Feature",
		"properties": {
			"id_composite": "Q006712",
			"cdli_id": "P463163",
			"collection": "Arkeoloji Müzeleri, Istanbul, Turkey",
			"credits": "Based on A. Kirk Grayson, Assyrian Rulers of the Early First Millennium BC II (858-745 BC) (RIMA 3), Toronto, 1996. Adapted by Jamie Novotny (2016) and lemmatized and updated by Nathan Morello (2016) for the Munich Open-access Cuneiform Corpus Initiative (MOCCI), a corpus-building initiative funded by LMU Munich and the Alexander von Humboldt Foundation (through the establishment of the Alexander von Humboldt Chair for Ancient History of the Near and Middle East) and based at the Historisches Seminar - Abteilung Alte Geschichte of Ludwig-Maximilians-Universität München. The annotated edition is released under the Creative Commons Attribution Share-Alike license 3.0. Please cite this page as http://oracc.org/riao/Q006712/.",
			"date_of_origin": "9th-8th century",
			"designation": "Unidentified Ruler 1046",
			"display_name": "RIAo Unidentified Ruler 1046",
			"dynastic_seat": "Assyria",
			"exemplars": "Ist A 03436 (Ass 06168)",
			"genre": "Royal Inscription",
			"language": "Akkadian",
			"material": "clay",
			"object_type": "cone",
			"period": "Neo-Assyrian",
			"pleiades_id": "893945",
			"popular_name": "RIMA 3 A.0.0.1046",
			"primary_publication": "Unidentified Ruler 1046",
			"provenience": "Qalat Sherqat (Assur)",
			"script": "Neo-Assyrian",
			"script_remarks": "inscribed",
			"script_type": "Cuneiform",
			"subgenre": "Unidentified Ruler",
			"supergenre": "LIT"
		},
		"geometry": {
			"type": "Point",
			"coordinates": [43.262037,35.458121]
		}
	}, {
		"type": "Feature",
		"properties": {
			"id_composite": "Q006713",
			"cdli_id": "P465494",
			"collection": "Arkeoloji Müzeleri, Istanbul, Turkey",
			"credits": "Based on A. Kirk Grayson, Assyrian Rulers of the Early First Millennium BC II (858-745 BC) (RIMA 3), Toronto, 1996. Adapted by Jamie Novotny (2016) and lemmatized and updated by Nathan Morello (2016) for the Munich Open-access Cuneiform Corpus Initiative (MOCCI), a corpus-building initiative funded by LMU Munich and the Alexander von Humboldt Foundation (through the establishment of the Alexander von Humboldt Chair for Ancient History of the Near and Middle East) and based at the Historisches Seminar - Abteilung Alte Geschichte of Ludwig-Maximilians-Universität München. The annotated edition is released under the Creative Commons Attribution Share-Alike license 3.0. Please cite this page as http://oracc.org/riao/Q006713/.",
			"date_of_origin": "9th-8th century",
			"designation": "Unidentified Ruler 1047 (now Aššur-dan II 04 ex. 02)",
			"display_name": "RIAo Unidentified Ruler 1047",
			"dynastic_seat": "Assyria",
			"genre": "Royal Inscription",
			"language": "Akkadian",
			"material": "clay",
			"object_type": "cone",
			"period": "Neo-Assyrian",
			"pleiades_id": "893945",
			"popular_name": "RIMA 3 A.0.0.1047",
			"primary_publication": "Unidentified Ruler 1047 (now Aššur-dan II 04 ex. 02)",
			"provenience": "Qalat Sherqat (Assur)",
			"script": "Neo-Assyrian",
			"script_remarks": "inscribed",
			"script_type": "Cuneiform",
			"subgenre": "Unidentified Ruler",
			"supergenre": "LIT"
		},
		"geometry": {
			"type": "Point",
			"coordinates": [43.262037,35.458121]
		}
	}, {
		"type": "Feature",
		"properties": {
			"id_composite": "Q006714",
			"cdli_id": "P463165",
			"collection": "Arkeoloji Müzeleri, Istanbul, Turkey",
			"credits": "Based on A. Kirk Grayson, Assyrian Rulers of the Early First Millennium BC II (858-745 BC) (RIMA 3), Toronto, 1996. Adapted by Jamie Novotny (2016) and lemmatized and updated by Nathan Morello (2016) for the Munich Open-access Cuneiform Corpus Initiative (MOCCI), a corpus-building initiative funded by LMU Munich and the Alexander von Humboldt Foundation (through the establishment of the Alexander von Humboldt Chair for Ancient History of the Near and Middle East) and based at the Historisches Seminar - Abteilung Alte Geschichte of Ludwig-Maximilians-Universität München. The annotated edition is released under the Creative Commons Attribution Share-Alike license 3.0. Please cite this page as http://oracc.org/riao/Q006714/.",
			"date_of_origin": "9th-8th century",
			"designation": "Unidentified Ruler 1048",
			"display_name": "RIAo Unidentified Ruler 1048",
			"dynastic_seat": "Assyria",
			"exemplars": "Ist A 03444 (Ass 06457)",
			"genre": "Royal Inscription",
			"language": "Akkadian",
			"material": "clay",
			"object_type": "cone",
			"period": "Neo-Assyrian",
			"pleiades_id": "893945",
			"popular_name": "RIMA 3 A.0.0.1048",
			"primary_publication": "Unidentified Ruler 1048",
			"provenience": "Qalat Sherqat (Assur)",
			"script": "Neo-Assyrian",
			"script_remarks": "inscribed",
			"script_type": "Cuneiform",
			"subgenre": "Unidentified Ruler",
			"supergenre": "LIT"
		},
		"geometry": {
			"type": "Point",
			"coordinates": [43.262037,35.458121]
		}
	}, {
		"type": "Feature",
		"properties": {
			"id_composite": "Q006715",
			"cdli_id": "P463166",
			"collection": "Arkeoloji Müzeleri, Istanbul, Turkey",
			"credits": "Based on A. Kirk Grayson, Assyrian Rulers of the Early First Millennium BC II (858-745 BC) (RIMA 3), Toronto, 1996. Adapted by Jamie Novotny (2016) and lemmatized and updated by Nathan Morello (2016) for the Munich Open-access Cuneiform Corpus Initiative (MOCCI), a corpus-building initiative funded by LMU Munich and the Alexander von Humboldt Foundation (through the establishment of the Alexander von Humboldt Chair for Ancient History of the Near and Middle East) and based at the Historisches Seminar - Abteilung Alte Geschichte of Ludwig-Maximilians-Universität München. The annotated edition is released under the Creative Commons Attribution Share-Alike license 3.0. Please cite this page as http://oracc.org/riao/Q006715/.",
			"date_of_origin": "9th-8th century",
			"designation": "Unidentified Ruler 1049",
			"display_name": "RIAo Unidentified Ruler 1049",
			"dynastic_seat": "Assyria",
			"exemplars": "Ist A 03447 (Ass 06618)",
			"genre": "Royal Inscription",
			"language": "Akkadian",
			"material": "clay",
			"object_type": "cone",
			"period": "Neo-Assyrian",
			"pleiades_id": "893945",
			"popular_name": "RIMA 3 A.0.0.1049",
			"primary_publication": "Unidentified Ruler 1049",
			"provenience": "Qalat Sherqat (Assur)",
			"script": "Neo-Assyrian",
			"script_remarks": "inscribed",
			"script_type": "Cuneiform",
			"subgenre": "Unidentified Ruler",
			"supergenre": "LIT"
		},
		"geometry": {
			"type": "Point",
			"coordinates": [43.262037,35.458121]
		}
	}, {
		"type": "Feature",
		"properties": {
			"id_composite": "Q006716",
			"cdli_id": "P463167",
			"collection": "Arkeoloji Müzeleri, Istanbul, Turkey",
			"credits": "Based on A. Kirk Grayson, Assyrian Rulers of the Early First Millennium BC II (858-745 BC) (RIMA 3), Toronto, 1996. Adapted by Jamie Novotny (2016) and lemmatized and updated by Nathan Morello (2016) for the Munich Open-access Cuneiform Corpus Initiative (MOCCI), a corpus-building initiative funded by LMU Munich and the Alexander von Humboldt Foundation (through the establishment of the Alexander von Humboldt Chair for Ancient History of the Near and Middle East) and based at the Historisches Seminar - Abteilung Alte Geschichte of Ludwig-Maximilians-Universität München. The annotated edition is released under the Creative Commons Attribution Share-Alike license 3.0. Please cite this page as http://oracc.org/riao/Q006716/.",
			"date_of_origin": "9th-8th century",
			"designation": "Unidentified Ruler 1050",
			"display_name": "RIAo Unidentified Ruler 1050",
			"dynastic_seat": "Assyria",
			"exemplars": "Ist A 03453 (Ass 05969)",
			"genre": "Royal Inscription",
			"language": "Akkadian",
			"material": "clay",
			"object_type": "cone",
			"period": "Neo-Assyrian",
			"pleiades_id": "893945",
			"popular_name": "RIMA 3 A.0.0.1050",
			"primary_publication": "Unidentified Ruler 1050",
			"provenience": "Qalat Sherqat (Assur)",
			"script": "Neo-Assyrian",
			"script_remarks": "inscribed",
			"script_type": "Cuneiform",
			"subgenre": "Unidentified Ruler",
			"supergenre": "LIT"
		},
		"geometry": {
			"type": "Point",
			"coordinates": [43.262037,35.458121]
		}
	}, {
		"type": "Feature",
		"properties": {
			"id_composite": "Q006717",
			"cdli_id": "P463168",
			"collection": "Arkeoloji Müzeleri, Istanbul, Turkey",
			"credits": "Based on A. Kirk Grayson, Assyrian Rulers of the Early First Millennium BC II (858-745 BC) (RIMA 3), Toronto, 1996. Adapted by Jamie Novotny (2016) and lemmatized and updated by Nathan Morello (2016) for the Munich Open-access Cuneiform Corpus Initiative (MOCCI), a corpus-building initiative funded by LMU Munich and the Alexander von Humboldt Foundation (through the establishment of the Alexander von Humboldt Chair for Ancient History of the Near and Middle East) and based at the Historisches Seminar - Abteilung Alte Geschichte of Ludwig-Maximilians-Universität München. The annotated edition is released under the Creative Commons Attribution Share-Alike license 3.0. Please cite this page as http://oracc.org/riao/Q006717/.",
			"date_of_origin": "9th-8th century",
			"designation": "Unidentified Ruler 1051",
			"display_name": "RIAo Unidentified Ruler 1051",
			"dynastic_seat": "Assyria",
			"exemplars": "Ist A 03456 (Ass 07108)",
			"genre": "Royal Inscription",
			"language": "Akkadian",
			"material": "clay",
			"object_type": "cone",
			"period": "Neo-Assyrian",
			"pleiades_id": "893945",
			"popular_name": "RIMA 3 A.0.0.1051",
			"primary_publication": "Unidentified Ruler 1051",
			"provenience": "Qalat Sherqat (Assur)",
			"script": "Neo-Assyrian",
			"script_remarks": "inscribed",
			"script_type": "Cuneiform",
			"subgenre": "Unidentified Ruler",
			"supergenre": "LIT"
		},
		"geometry": {
			"type": "Point",
			"coordinates": [43.262037,35.458121]
		}
	}, {
		"type": "Feature",
		"properties": {
			"id_composite": "Q006718",
			"cdli_id": "P463169",
			"collection": "Arkeoloji Müzeleri, Istanbul, Turkey",
			"credits": "Based on A. Kirk Grayson, Assyrian Rulers of the Early First Millennium BC II (858-745 BC) (RIMA 3), Toronto, 1996. Adapted by Jamie Novotny (2016) and lemmatized and updated by Nathan Morello (2016) for the Munich Open-access Cuneiform Corpus Initiative (MOCCI), a corpus-building initiative funded by LMU Munich and the Alexander von Humboldt Foundation (through the establishment of the Alexander von Humboldt Chair for Ancient History of the Near and Middle East) and based at the Historisches Seminar - Abteilung Alte Geschichte of Ludwig-Maximilians-Universität München. The annotated edition is released under the Creative Commons Attribution Share-Alike license 3.0. Please cite this page as http://oracc.org/riao/Q006718/.",
			"date_of_origin": "9th-8th century",
			"designation": "Unidentified Ruler 1052",
			"display_name": "RIAo Unidentified Ruler 1052",
			"dynastic_seat": "Assyria",
			"exemplars": "Ist A 03458 (Ass 07256)",
			"genre": "Royal Inscription",
			"language": "Akkadian",
			"material": "clay",
			"object_type": "cone",
			"period": "Neo-Assyrian",
			"pleiades_id": "893945",
			"popular_name": "RIMA 3 A.0.0.1052",
			"primary_publication": "Unidentified Ruler 1052",
			"provenience": "Qalat Sherqat (Assur)",
			"script": "Neo-Assyrian",
			"script_remarks": "inscribed",
			"script_type": "Cuneiform",
			"subgenre": "Unidentified Ruler",
			"supergenre": "LIT"
		},
		"geometry": {
			"type": "Point",
			"coordinates": [43.262037,35.458121]
		}
	}, {
		"type": "Feature",
		"properties": {
			"id_composite": "Q006719",
			"cdli_id": "P463170",
			"collection": "Arkeoloji Müzeleri, Istanbul, Turkey",
			"credits": "Based on A. Kirk Grayson, Assyrian Rulers of the Early First Millennium BC II (858-745 BC) (RIMA 3), Toronto, 1996. Adapted by Jamie Novotny (2016) and lemmatized and updated by Nathan Morello (2016) for the Munich Open-access Cuneiform Corpus Initiative (MOCCI), a corpus-building initiative funded by LMU Munich and the Alexander von Humboldt Foundation (through the establishment of the Alexander von Humboldt Chair for Ancient History of the Near and Middle East) and based at the Historisches Seminar - Abteilung Alte Geschichte of Ludwig-Maximilians-Universität München. The annotated edition is released under the Creative Commons Attribution Share-Alike license 3.0. Please cite this page as http://oracc.org/riao/Q006719/.",
			"date_of_origin": "9th-8th century",
			"designation": "Unidentified Ruler 1053",
			"display_name": "RIAo Unidentified Ruler 1053",
			"dynastic_seat": "Assyria",
			"exemplars": "Ist A 03461 (Ass 07464)",
			"genre": "Royal Inscription",
			"language": "Akkadian",
			"material": "clay",
			"object_type": "cone",
			"period": "Neo-Assyrian",
			"pleiades_id": "893945",
			"popular_name": "RIMA 3 A.0.0.1053",
			"primary_publication": "Unidentified Ruler 1053",
			"provenience": "Qalat Sherqat (Assur)",
			"script": "Neo-Assyrian",
			"script_remarks": "inscribed",
			"script_type": "Cuneiform",
			"subgenre": "Unidentified Ruler",
			"supergenre": "LIT"
		},
		"geometry": {
			"type": "Point",
			"coordinates": [43.262037,35.458121]
		}
	}, {
		"type": "Feature",
		"properties": {
			"id_composite": "Q006720",
			"cdli_id": "P463171",
			"collection": "Arkeoloji Müzeleri, Istanbul, Turkey",
			"credits": "Based on A. Kirk Grayson, Assyrian Rulers of the Early First Millennium BC II (858-745 BC) (RIMA 3), Toronto, 1996. Adapted by Jamie Novotny (2016) and lemmatized and updated by Nathan Morello (2016) for the Munich Open-access Cuneiform Corpus Initiative (MOCCI), a corpus-building initiative funded by LMU Munich and the Alexander von Humboldt Foundation (through the establishment of the Alexander von Humboldt Chair for Ancient History of the Near and Middle East) and based at the Historisches Seminar - Abteilung Alte Geschichte of Ludwig-Maximilians-Universität München. The annotated edition is released under the Creative Commons Attribution Share-Alike license 3.0. Please cite this page as http://oracc.org/riao/Q006720/.",
			"date_of_origin": "9th-8th century",
			"designation": "Unidentified Ruler 1054",
			"display_name": "RIAo Unidentified Ruler 1054",
			"dynastic_seat": "Assyria",
			"exemplars": "Ist A 03492 (Ass 10140a)",
			"genre": "Royal Inscription",
			"language": "Akkadian",
			"material": "clay",
			"object_type": "cone",
			"period": "Neo-Assyrian",
			"pleiades_id": "893945",
			"popular_name": "RIMA 3 A.0.0.1054",
			"primary_publication": "Unidentified Ruler 1054",
			"provenience": "Qalat Sherqat (Assur)",
			"script": "Neo-Assyrian",
			"script_remarks": "inscribed",
			"script_type": "Cuneiform",
			"subgenre": "Unidentified Ruler",
			"supergenre": "LIT"
		},
		"geometry": {
			"type": "Point",
			"coordinates": [43.262037,35.458121]
		}
	}, {
		"type": "Feature",
		"properties": {
			"id_composite": "Q006721",
			"cdli_id": "P463172",
			"collection": "Arkeoloji Müzeleri, Istanbul, Turkey",
			"credits": "Based on A. Kirk Grayson, Assyrian Rulers of the Early First Millennium BC II (858-745 BC) (RIMA 3), Toronto, 1996. Adapted by Jamie Novotny (2016) and lemmatized and updated by Nathan Morello (2016) for the Munich Open-access Cuneiform Corpus Initiative (MOCCI), a corpus-building initiative funded by LMU Munich and the Alexander von Humboldt Foundation (through the establishment of the Alexander von Humboldt Chair for Ancient History of the Near and Middle East) and based at the Historisches Seminar - Abteilung Alte Geschichte of Ludwig-Maximilians-Universität München. The annotated edition is released under the Creative Commons Attribution Share-Alike license 3.0. Please cite this page as http://oracc.org/riao/Q006721/.",
			"date_of_origin": "9th-8th century",
			"designation": "Unidentified Ruler 1055",
			"display_name": "RIAo Unidentified Ruler 1055",
			"dynastic_seat": "Assyria",
			"exemplars": "Ist A 03505 (Ass 10292)",
			"genre": "Royal Inscription",
			"language": "Akkadian",
			"material": "clay",
			"object_type": "cone",
			"period": "Neo-Assyrian",
			"pleiades_id": "893945",
			"popular_name": "RIMA 3 A.0.0.1055",
			"primary_publication": "Unidentified Ruler 1055",
			"provenience": "Qalat Sherqat (Assur)",
			"script": "Neo-Assyrian",
			"script_remarks": "inscribed",
			"script_type": "Cuneiform",
			"subgenre": "Unidentified Ruler",
			"supergenre": "LIT"
		},
		"geometry": {
			"type": "Point",
			"coordinates": [43.262037,35.458121]
		}
	}, {
		"type": "Feature",
		"properties": {
			"id_composite": "Q006722",
			"cdli_id": "P463173",
			"collection": "Arkeoloji Müzeleri, Istanbul, Turkey",
			"credits": "Based on A. Kirk Grayson, Assyrian Rulers of the Early First Millennium BC II (858-745 BC) (RIMA 3), Toronto, 1996. Adapted by Jamie Novotny (2016) and lemmatized and updated by Nathan Morello (2016) for the Munich Open-access Cuneiform Corpus Initiative (MOCCI), a corpus-building initiative funded by LMU Munich and the Alexander von Humboldt Foundation (through the establishment of the Alexander von Humboldt Chair for Ancient History of the Near and Middle East) and based at the Historisches Seminar - Abteilung Alte Geschichte of Ludwig-Maximilians-Universität München. The annotated edition is released under the Creative Commons Attribution Share-Alike license 3.0. Please cite this page as http://oracc.org/riao/Q006722/.",
			"date_of_origin": "9th-8th century",
			"designation": "Unidentified Ruler 1056",
			"display_name": "RIAo Unidentified Ruler 1056",
			"dynastic_seat": "Assyria",
			"exemplars": "Ist A 03514 (Ass 10323)",
			"genre": "Royal Inscription",
			"language": "Akkadian",
			"material": "clay",
			"object_type": "cone",
			"period": "Neo-Assyrian",
			"pleiades_id": "893945",
			"popular_name": "RIMA 3 A.0.0.1056",
			"primary_publication": "Unidentified Ruler 1056",
			"provenience": "Qalat Sherqat (Assur)",
			"script": "Neo-Assyrian",
			"script_remarks": "inscribed",
			"script_type": "Cuneiform",
			"subgenre": "Unidentified Ruler",
			"supergenre": "LIT"
		},
		"geometry": {
			"type": "Point",
			"coordinates": [43.262037,35.458121]
		}
	}, {
		"type": "Feature",
		"properties": {
			"id_composite": "Q006723",
			"cdli_id": "P463174",
			"collection": "Arkeoloji Müzeleri, Istanbul, Turkey",
			"credits": "Based on A. Kirk Grayson, Assyrian Rulers of the Early First Millennium BC II (858-745 BC) (RIMA 3), Toronto, 1996. Adapted by Jamie Novotny (2016) and lemmatized and updated by Nathan Morello (2016) for the Munich Open-access Cuneiform Corpus Initiative (MOCCI), a corpus-building initiative funded by LMU Munich and the Alexander von Humboldt Foundation (through the establishment of the Alexander von Humboldt Chair for Ancient History of the Near and Middle East) and based at the Historisches Seminar - Abteilung Alte Geschichte of Ludwig-Maximilians-Universität München. The annotated edition is released under the Creative Commons Attribution Share-Alike license 3.0. Please cite this page as http://oracc.org/riao/Q006723/.",
			"date_of_origin": "9th-8th century",
			"designation": "Unidentified Ruler 1057",
			"display_name": "RIAo Unidentified Ruler 1057",
			"dynastic_seat": "Assyria",
			"exemplars": "Ist A 03521 (Ass 10388)",
			"genre": "Royal Inscription",
			"language": "Akkadian",
			"material": "clay",
			"object_type": "cone",
			"period": "Neo-Assyrian",
			"pleiades_id": "893945",
			"popular_name": "RIMA 3 A.0.0.1057",
			"primary_publication": "Unidentified Ruler 1057",
			"provenience": "Qalat Sherqat (Assur)",
			"script": "Neo-Assyrian",
			"script_remarks": "inscribed",
			"script_type": "Cuneiform",
			"subgenre": "Unidentified Ruler",
			"supergenre": "LIT"
		},
		"geometry": {
			"type": "Point",
			"coordinates": [43.262037,35.458121]
		}
	}, {
		"type": "Feature",
		"properties": {
			"id_composite": "Q006724",
			"cdli_id": "P463175",
			"collection": "Arkeoloji Müzeleri, Istanbul, Turkey",
			"credits": "Based on A. Kirk Grayson, Assyrian Rulers of the Early First Millennium BC II (858-745 BC) (RIMA 3), Toronto, 1996. Adapted by Jamie Novotny (2016) and lemmatized and updated by Nathan Morello (2016) for the Munich Open-access Cuneiform Corpus Initiative (MOCCI), a corpus-building initiative funded by LMU Munich and the Alexander von Humboldt Foundation (through the establishment of the Alexander von Humboldt Chair for Ancient History of the Near and Middle East) and based at the Historisches Seminar - Abteilung Alte Geschichte of Ludwig-Maximilians-Universität München. The annotated edition is released under the Creative Commons Attribution Share-Alike license 3.0. Please cite this page as http://oracc.org/riao/Q006724/.",
			"date_of_origin": "9th-8th century",
			"designation": "Unidentified Ruler 1058",
			"display_name": "RIAo Unidentified Ruler 1058",
			"dynastic_seat": "Assyria",
			"exemplars": "Ist A 03522 (Ass 10397)",
			"genre": "Royal Inscription",
			"language": "Akkadian",
			"material": "clay",
			"object_type": "cone",
			"period": "Neo-Assyrian",
			"pleiades_id": "893945",
			"popular_name": "RIMA 3 A.0.0.1058",
			"primary_publication": "Unidentified Ruler 1058",
			"provenience": "Qalat Sherqat (Assur)",
			"script": "Neo-Assyrian",
			"script_remarks": "inscribed",
			"script_type": "Cuneiform",
			"subgenre": "Unidentified Ruler",
			"supergenre": "LIT"
		},
		"geometry": {
			"type": "Point",
			"coordinates": [43.262037,35.458121]
		}
	}, {
		"type": "Feature",
		"properties": {
			"id_composite": "Q006725",
			"cdli_id": "P463176",
			"collection": "Arkeoloji Müzeleri, Istanbul, Turkey",
			"credits": "Based on A. Kirk Grayson, Assyrian Rulers of the Early First Millennium BC II (858-745 BC) (RIMA 3), Toronto, 1996. Adapted by Jamie Novotny (2016) and lemmatized and updated by Nathan Morello (2016) for the Munich Open-access Cuneiform Corpus Initiative (MOCCI), a corpus-building initiative funded by LMU Munich and the Alexander von Humboldt Foundation (through the establishment of the Alexander von Humboldt Chair for Ancient History of the Near and Middle East) and based at the Historisches Seminar - Abteilung Alte Geschichte of Ludwig-Maximilians-Universität München. The annotated edition is released under the Creative Commons Attribution Share-Alike license 3.0. Please cite this page as http://oracc.org/riao/Q006725/.",
			"date_of_origin": "9th-8th century",
			"designation": "Unidentified Ruler 1059",
			"display_name": "RIAo Unidentified Ruler 1059",
			"dynastic_seat": "Assyria",
			"exemplars": "Ist A 03523 (Ass 10474)",
			"genre": "Royal Inscription",
			"language": "Akkadian",
			"material": "clay",
			"object_type": "cone",
			"period": "Neo-Assyrian",
			"pleiades_id": "893945",
			"popular_name": "RIMA 3 A.0.0.1059",
			"primary_publication": "Unidentified Ruler 1059",
			"provenience": "Qalat Sherqat (Assur)",
			"script": "Neo-Assyrian",
			"script_remarks": "inscribed",
			"script_type": "Cuneiform",
			"subgenre": "Unidentified Ruler",
			"supergenre": "LIT"
		},
		"geometry": {
			"type": "Point",
			"coordinates": [43.262037,35.458121]
		}
	}, {
		"type": "Feature",
		"properties": {
			"id_composite": "Q006726",
			"cdli_id": "P463177",
			"collection": "Arkeoloji Müzeleri, Istanbul, Turkey",
			"credits": "Based on A. Kirk Grayson, Assyrian Rulers of the Early First Millennium BC II (858-745 BC) (RIMA 3), Toronto, 1996. Adapted by Jamie Novotny (2016) and lemmatized and updated by Nathan Morello (2016) for the Munich Open-access Cuneiform Corpus Initiative (MOCCI), a corpus-building initiative funded by LMU Munich and the Alexander von Humboldt Foundation (through the establishment of the Alexander von Humboldt Chair for Ancient History of the Near and Middle East) and based at the Historisches Seminar - Abteilung Alte Geschichte of Ludwig-Maximilians-Universität München. The annotated edition is released under the Creative Commons Attribution Share-Alike license 3.0. Please cite this page as http://oracc.org/riao/Q006726/.",
			"date_of_origin": "9th-8th century",
			"designation": "Unidentified Ruler 1060",
			"display_name": "RIAo Unidentified Ruler 1060",
			"dynastic_seat": "Assyria",
			"exemplars": "Ist A 03526 (Ass 11564)",
			"genre": "Royal Inscription",
			"language": "Akkadian",
			"material": "clay",
			"object_type": "cone",
			"period": "Neo-Assyrian",
			"pleiades_id": "893945",
			"popular_name": "RIMA 3 A.0.0.1060",
			"primary_publication": "Unidentified Ruler 1060",
			"provenience": "Qalat Sherqat (Assur)",
			"script": "Neo-Assyrian",
			"script_remarks": "inscribed",
			"script_type": "Cuneiform",
			"subgenre": "Unidentified Ruler",
			"supergenre": "LIT"
		},
		"geometry": {
			"type": "Point",
			"coordinates": [43.262037,35.458121]
		}
	}, {
		"type": "Feature",
		"properties": {
			"id_composite": "Q006727",
			"cdli_id": "P463178",
			"collection": "Arkeoloji Müzeleri, Istanbul, Turkey",
			"credits": "Based on A. Kirk Grayson, Assyrian Rulers of the Early First Millennium BC II (858-745 BC) (RIMA 3), Toronto, 1996. Adapted by Jamie Novotny (2016) and lemmatized and updated by Nathan Morello (2016) for the Munich Open-access Cuneiform Corpus Initiative (MOCCI), a corpus-building initiative funded by LMU Munich and the Alexander von Humboldt Foundation (through the establishment of the Alexander von Humboldt Chair for Ancient History of the Near and Middle East) and based at the Historisches Seminar - Abteilung Alte Geschichte of Ludwig-Maximilians-Universität München. The annotated edition is released under the Creative Commons Attribution Share-Alike license 3.0. Please cite this page as http://oracc.org/riao/Q006727/.",
			"date_of_origin": "9th-8th century",
			"designation": "Unidentified Ruler 1061",
			"display_name": "RIAo Unidentified Ruler 1061",
			"dynastic_seat": "Assyria",
			"exemplars": "Ist A 03528 (Ass 11572)",
			"genre": "Royal Inscription",
			"language": "Akkadian",
			"material": "clay",
			"object_type": "cone",
			"period": "Neo-Assyrian",
			"pleiades_id": "893945",
			"popular_name": "RIMA 3 A.0.0.1061",
			"primary_publication": "Unidentified Ruler 1061",
			"provenience": "Qalat Sherqat (Assur)",
			"script": "Neo-Assyrian",
			"script_remarks": "inscribed",
			"script_type": "Cuneiform",
			"subgenre": "Unidentified Ruler",
			"supergenre": "LIT"
		},
		"geometry": {
			"type": "Point",
			"coordinates": [43.262037,35.458121]
		}
	}, {
		"type": "Feature",
		"properties": {
			"id_composite": "Q006728",
			"cdli_id": "P463179",
			"collection": "Arkeoloji Müzeleri, Istanbul, Turkey",
			"credits": "Based on A. Kirk Grayson, Assyrian Rulers of the Early First Millennium BC II (858-745 BC) (RIMA 3), Toronto, 1996. Adapted by Jamie Novotny (2016) and lemmatized and updated by Nathan Morello (2016) for the Munich Open-access Cuneiform Corpus Initiative (MOCCI), a corpus-building initiative funded by LMU Munich and the Alexander von Humboldt Foundation (through the establishment of the Alexander von Humboldt Chair for Ancient History of the Near and Middle East) and based at the Historisches Seminar - Abteilung Alte Geschichte of Ludwig-Maximilians-Universität München. The annotated edition is released under the Creative Commons Attribution Share-Alike license 3.0. Please cite this page as http://oracc.org/riao/Q006728/.",
			"date_of_origin": "9th-8th century",
			"designation": "Unidentified Ruler 1062",
			"display_name": "RIAo Unidentified Ruler 1062",
			"dynastic_seat": "Assyria",
			"exemplars": "Ist A 03532 (Ass 11679)",
			"genre": "Royal Inscription",
			"language": "Akkadian",
			"material": "clay",
			"object_type": "cone",
			"period": "Neo-Assyrian",
			"pleiades_id": "893945",
			"popular_name": "RIMA 3 A.0.0.1062",
			"primary_publication": "Unidentified Ruler 1062",
			"provenience": "Qalat Sherqat (Assur)",
			"script": "Neo-Assyrian",
			"script_remarks": "inscribed",
			"script_type": "Cuneiform",
			"subgenre": "Unidentified Ruler",
			"supergenre": "LIT"
		},
		"geometry": {
			"type": "Point",
			"coordinates": [43.262037,35.458121]
		}
	}, {
		"type": "Feature",
		"properties": {
			"id_composite": "Q006729",
			"cdli_id": "P463180",
			"collection": "Arkeoloji Müzeleri, Istanbul, Turkey",
			"credits": "Based on A. Kirk Grayson, Assyrian Rulers of the Early First Millennium BC II (858-745 BC) (RIMA 3), Toronto, 1996. Adapted by Jamie Novotny (2016) and lemmatized and updated by Nathan Morello (2016) for the Munich Open-access Cuneiform Corpus Initiative (MOCCI), a corpus-building initiative funded by LMU Munich and the Alexander von Humboldt Foundation (through the establishment of the Alexander von Humboldt Chair for Ancient History of the Near and Middle East) and based at the Historisches Seminar - Abteilung Alte Geschichte of Ludwig-Maximilians-Universität München. The annotated edition is released under the Creative Commons Attribution Share-Alike license 3.0. Please cite this page as http://oracc.org/riao/Q006729/.",
			"date_of_origin": "9th-8th century",
			"designation": "Unidentified Ruler 1063",
			"display_name": "RIAo Unidentified Ruler 1063",
			"dynastic_seat": "Assyria",
			"exemplars": "Ist A 03536 (Ass 11769)",
			"genre": "Royal Inscription",
			"language": "Akkadian",
			"material": "clay",
			"object_type": "cone",
			"period": "Neo-Assyrian",
			"pleiades_id": "893945",
			"popular_name": "RIMA 3 A.0.0.1063",
			"primary_publication": "Unidentified Ruler 1063",
			"provenience": "Qalat Sherqat (Assur)",
			"script": "Neo-Assyrian",
			"script_remarks": "inscribed",
			"script_type": "Cuneiform",
			"subgenre": "Unidentified Ruler",
			"supergenre": "LIT"
		},
		"geometry": {
			"type": "Point",
			"coordinates": [43.262037,35.458121]
		}
	}, {
		"type": "Feature",
		"properties": {
			"id_composite": "Q006730",
			"cdli_id": "P463181",
			"collection": "Arkeoloji Müzeleri, Istanbul, Turkey",
			"credits": "Based on A. Kirk Grayson, Assyrian Rulers of the Early First Millennium BC II (858-745 BC) (RIMA 3), Toronto, 1996. Adapted by Jamie Novotny (2016) and lemmatized and updated by Nathan Morello (2016) for the Munich Open-access Cuneiform Corpus Initiative (MOCCI), a corpus-building initiative funded by LMU Munich and the Alexander von Humboldt Foundation (through the establishment of the Alexander von Humboldt Chair for Ancient History of the Near and Middle East) and based at the Historisches Seminar - Abteilung Alte Geschichte of Ludwig-Maximilians-Universität München. The annotated edition is released under the Creative Commons Attribution Share-Alike license 3.0. Please cite this page as http://oracc.org/riao/Q006730/.",
			"date_of_origin": "9th-8th century",
			"designation": "Unidentified Ruler 1064",
			"display_name": "RIAo Unidentified Ruler 1064",
			"dynastic_seat": "Assyria",
			"exemplars": "Ist A 03544 (Ass 12242)",
			"genre": "Royal Inscription",
			"language": "Akkadian",
			"material": "clay",
			"object_type": "cone",
			"period": "Neo-Assyrian",
			"pleiades_id": "893945",
			"popular_name": "RIMA 3 A.0.0.1064",
			"primary_publication": "Unidentified Ruler 1064",
			"provenience": "Qalat Sherqat (Assur)",
			"script": "Neo-Assyrian",
			"script_remarks": "inscribed",
			"script_type": "Cuneiform",
			"subgenre": "Unidentified Ruler",
			"supergenre": "LIT"
		},
		"geometry": {
			"type": "Point",
			"coordinates": [43.262037,35.458121]
		}
	}, {
		"type": "Feature",
		"properties": {
			"id_composite": "Q006731",
			"cdli_id": "P463182",
			"collection": "Arkeoloji Müzeleri, Istanbul, Turkey",
			"credits": "Based on A. Kirk Grayson, Assyrian Rulers of the Early First Millennium BC II (858-745 BC) (RIMA 3), Toronto, 1996. Adapted by Jamie Novotny (2016) and lemmatized and updated by Nathan Morello (2016) for the Munich Open-access Cuneiform Corpus Initiative (MOCCI), a corpus-building initiative funded by LMU Munich and the Alexander von Humboldt Foundation (through the establishment of the Alexander von Humboldt Chair for Ancient History of the Near and Middle East) and based at the Historisches Seminar - Abteilung Alte Geschichte of Ludwig-Maximilians-Universität München. The annotated edition is released under the Creative Commons Attribution Share-Alike license 3.0. Please cite this page as http://oracc.org/riao/Q006731/.",
			"date_of_origin": "9th-8th century",
			"designation": "Unidentified Ruler 1065",
			"display_name": "RIAo Unidentified Ruler 1065",
			"dynastic_seat": "Assyria",
			"exemplars": "Ist A 03564 (Ass 13412)",
			"genre": "Royal Inscription",
			"language": "Akkadian",
			"material": "clay",
			"object_type": "cone",
			"period": "Neo-Assyrian",
			"pleiades_id": "893945",
			"popular_name": "RIMA 3 A.0.0.1065",
			"primary_publication": "Unidentified Ruler 1065",
			"provenience": "Qalat Sherqat (Assur)",
			"script": "Neo-Assyrian",
			"script_remarks": "inscribed",
			"script_type": "Cuneiform",
			"subgenre": "Unidentified Ruler",
			"supergenre": "LIT"
		},
		"geometry": {
			"type": "Point",
			"coordinates": [43.262037,35.458121]
		}
	}, {
		"type": "Feature",
		"properties": {
			"id_composite": "Q006732",
			"cdli_id": "P463183",
			"collection": "Arkeoloji Müzeleri, Istanbul, Turkey",
			"credits": "Based on A. Kirk Grayson, Assyrian Rulers of the Early First Millennium BC II (858-745 BC) (RIMA 3), Toronto, 1996. Adapted by Jamie Novotny (2016) and lemmatized and updated by Nathan Morello (2016) for the Munich Open-access Cuneiform Corpus Initiative (MOCCI), a corpus-building initiative funded by LMU Munich and the Alexander von Humboldt Foundation (through the establishment of the Alexander von Humboldt Chair for Ancient History of the Near and Middle East) and based at the Historisches Seminar - Abteilung Alte Geschichte of Ludwig-Maximilians-Universität München. The annotated edition is released under the Creative Commons Attribution Share-Alike license 3.0. Please cite this page as http://oracc.org/riao/Q006732/.",
			"date_of_origin": "9th-8th century",
			"designation": "Unidentified Ruler 1066",
			"display_name": "RIAo Unidentified Ruler 1066",
			"dynastic_seat": "Assyria",
			"exemplars": "Ist A 03571a (Ass 15225)",
			"genre": "Royal Inscription",
			"language": "Akkadian",
			"material": "clay",
			"object_type": "cone",
			"period": "Neo-Assyrian",
			"pleiades_id": "893945",
			"popular_name": "RIMA 3 A.0.0.1066",
			"primary_publication": "Unidentified Ruler 1066",
			"provenience": "Qalat Sherqat (Assur)",
			"script": "Neo-Assyrian",
			"script_remarks": "inscribed",
			"script_type": "Cuneiform",
			"subgenre": "Unidentified Ruler",
			"supergenre": "LIT"
		},
		"geometry": {
			"type": "Point",
			"coordinates": [43.262037,35.458121]
		}
	}, {
		"type": "Feature",
		"properties": {
			"id_composite": "Q006733",
			"cdli_id": "P463184",
			"collection": "Arkeoloji Müzeleri, Istanbul, Turkey",
			"credits": "Based on A. Kirk Grayson, Assyrian Rulers of the Early First Millennium BC II (858-745 BC) (RIMA 3), Toronto, 1996. Adapted by Jamie Novotny (2016) and lemmatized and updated by Nathan Morello (2016) for the Munich Open-access Cuneiform Corpus Initiative (MOCCI), a corpus-building initiative funded by LMU Munich and the Alexander von Humboldt Foundation (through the establishment of the Alexander von Humboldt Chair for Ancient History of the Near and Middle East) and based at the Historisches Seminar - Abteilung Alte Geschichte of Ludwig-Maximilians-Universität München. The annotated edition is released under the Creative Commons Attribution Share-Alike license 3.0. Please cite this page as http://oracc.org/riao/Q006733/.",
			"date_of_origin": "9th-8th century",
			"designation": "Unidentified Ruler 1067",
			"display_name": "RIAo Unidentified Ruler 1067",
			"dynastic_seat": "Assyria",
			"exemplars": "Ist A 03584 (Ass 16119)",
			"genre": "Royal Inscription",
			"language": "Akkadian",
			"material": "clay",
			"object_type": "cone",
			"period": "Neo-Assyrian",
			"pleiades_id": "893945",
			"popular_name": "RIMA 3 A.0.0.1067",
			"primary_publication": "Unidentified Ruler 1067",
			"provenience": "Qalat Sherqat (Assur)",
			"script": "Neo-Assyrian",
			"script_remarks": "inscribed",
			"script_type": "Cuneiform",
			"subgenre": "Unidentified Ruler",
			"supergenre": "LIT"
		},
		"geometry": {
			"type": "Point",
			"coordinates": [43.262037,35.458121]
		}
	}, {
		"type": "Feature",
		"properties": {
			"id_composite": "Q006734",
			"cdli_id": "P463185",
			"collection": "Arkeoloji Müzeleri, Istanbul, Turkey",
			"credits": "Based on A. Kirk Grayson, Assyrian Rulers of the Early First Millennium BC II (858-745 BC) (RIMA 3), Toronto, 1996. Adapted by Jamie Novotny (2016) and lemmatized and updated by Nathan Morello (2016) for the Munich Open-access Cuneiform Corpus Initiative (MOCCI), a corpus-building initiative funded by LMU Munich and the Alexander von Humboldt Foundation (through the establishment of the Alexander von Humboldt Chair for Ancient History of the Near and Middle East) and based at the Historisches Seminar - Abteilung Alte Geschichte of Ludwig-Maximilians-Universität München. The annotated edition is released under the Creative Commons Attribution Share-Alike license 3.0. Please cite this page as http://oracc.org/riao/Q006734/.",
			"date_of_origin": "9th-8th century",
			"designation": "Unidentified Ruler 1068",
			"display_name": "RIAo Unidentified Ruler 1068",
			"dynastic_seat": "Assyria",
			"exemplars": "Ist A 03531 (Ass 16658)",
			"genre": "Royal Inscription",
			"language": "Akkadian",
			"material": "clay",
			"object_type": "cone",
			"period": "Neo-Assyrian",
			"pleiades_id": "893945",
			"popular_name": "RIMA 3 A.0.0.1068",
			"primary_publication": "Unidentified Ruler 1068",
			"provenience": "Qalat Sherqat (Assur)",
			"script": "Neo-Assyrian",
			"script_remarks": "inscribed",
			"script_type": "Cuneiform",
			"subgenre": "Unidentified Ruler",
			"supergenre": "LIT"
		},
		"geometry": {
			"type": "Point",
			"coordinates": [43.262037,35.458121]
		}
	}, {
		"type": "Feature",
		"properties": {
			"id_composite": "Q006735",
			"cdli_id": "P463186",
			"collection": "Arkeoloji Müzeleri, Istanbul, Turkey",
			"credits": "Based on A. Kirk Grayson, Assyrian Rulers of the Early First Millennium BC II (858-745 BC) (RIMA 3), Toronto, 1996. Adapted by Jamie Novotny (2016) and lemmatized and updated by Nathan Morello (2016) for the Munich Open-access Cuneiform Corpus Initiative (MOCCI), a corpus-building initiative funded by LMU Munich and the Alexander von Humboldt Foundation (through the establishment of the Alexander von Humboldt Chair for Ancient History of the Near and Middle East) and based at the Historisches Seminar - Abteilung Alte Geschichte of Ludwig-Maximilians-Universität München. The annotated edition is released under the Creative Commons Attribution Share-Alike license 3.0. Please cite this page as http://oracc.org/riao/Q006735/.",
			"date_of_origin": "9th-8th century",
			"designation": "Unidentified Ruler 1069",
			"display_name": "RIAo Unidentified Ruler 1069",
			"dynastic_seat": "Assyria",
			"exemplars": "Ist A 03594 (Ass 17153)",
			"genre": "Royal Inscription",
			"language": "Akkadian",
			"material": "clay",
			"object_type": "cone",
			"period": "Neo-Assyrian",
			"pleiades_id": "893945",
			"popular_name": "RIMA 3 A.0.0.1069",
			"primary_publication": "Unidentified Ruler 1069",
			"provenience": "Qalat Sherqat (Assur)",
			"script": "Neo-Assyrian",
			"script_remarks": "inscribed",
			"script_type": "Cuneiform",
			"subgenre": "Unidentified Ruler",
			"supergenre": "LIT"
		},
		"geometry": {
			"type": "Point",
			"coordinates": [43.262037,35.458121]
		}
	}, {
		"type": "Feature",
		"properties": {
			"id_composite": "Q006736",
			"cdli_id": "P463187",
			"collection": "Arkeoloji Müzeleri, Istanbul, Turkey",
			"credits": "Based on A. Kirk Grayson, Assyrian Rulers of the Early First Millennium BC II (858-745 BC) (RIMA 3), Toronto, 1996. Adapted by Jamie Novotny (2016) and lemmatized and updated by Nathan Morello (2016) for the Munich Open-access Cuneiform Corpus Initiative (MOCCI), a corpus-building initiative funded by LMU Munich and the Alexander von Humboldt Foundation (through the establishment of the Alexander von Humboldt Chair for Ancient History of the Near and Middle East) and based at the Historisches Seminar - Abteilung Alte Geschichte of Ludwig-Maximilians-Universität München. The annotated edition is released under the Creative Commons Attribution Share-Alike license 3.0. Please cite this page as http://oracc.org/riao/Q006736/.",
			"date_of_origin": "9th-8th century",
			"designation": "Unidentified Ruler 1070",
			"display_name": "RIAo Unidentified Ruler 1070",
			"dynastic_seat": "Assyria",
			"exemplars": "Ist A 03619 (Ass 18660)",
			"genre": "Royal Inscription",
			"language": "Akkadian",
			"material": "clay",
			"object_type": "cone",
			"period": "Neo-Assyrian",
			"pleiades_id": "893945",
			"popular_name": "RIMA 3 A.0.0.1070",
			"primary_publication": "Unidentified Ruler 1070",
			"provenience": "Qalat Sherqat (Assur)",
			"script": "Neo-Assyrian",
			"script_remarks": "inscribed",
			"script_type": "Cuneiform",
			"subgenre": "Unidentified Ruler",
			"supergenre": "LIT"
		},
		"geometry": {
			"type": "Point",
			"coordinates": [43.262037,35.458121]
		}
	}, {
		"type": "Feature",
		"properties": {
			"id_composite": "Q006737",
			"cdli_id": "P463188",
			"collection": "Arkeoloji Müzeleri, Istanbul, Turkey",
			"credits": "Based on A. Kirk Grayson, Assyrian Rulers of the Early First Millennium BC II (858-745 BC) (RIMA 3), Toronto, 1996. Adapted by Jamie Novotny (2016) and lemmatized and updated by Nathan Morello (2016) for the Munich Open-access Cuneiform Corpus Initiative (MOCCI), a corpus-building initiative funded by LMU Munich and the Alexander von Humboldt Foundation (through the establishment of the Alexander von Humboldt Chair for Ancient History of the Near and Middle East) and based at the Historisches Seminar - Abteilung Alte Geschichte of Ludwig-Maximilians-Universität München. The annotated edition is released under the Creative Commons Attribution Share-Alike license 3.0. Please cite this page as http://oracc.org/riao/Q006737/.",
			"date_of_origin": "9th-8th century",
			"designation": "Unidentified Ruler 1071",
			"display_name": "RIAo Unidentified Ruler 1071",
			"dynastic_seat": "Assyria",
			"exemplars": "Ist A 03626 (Ass 18848)",
			"genre": "Royal Inscription",
			"language": "Akkadian",
			"material": "clay",
			"object_type": "cone",
			"period": "Neo-Assyrian",
			"pleiades_id": "893945",
			"popular_name": "RIMA 3 A.0.0.1071",
			"primary_publication": "Unidentified Ruler 1071",
			"provenience": "Qalat Sherqat (Assur)",
			"script": "Neo-Assyrian",
			"script_remarks": "inscribed",
			"script_type": "Cuneiform",
			"subgenre": "Unidentified Ruler",
			"supergenre": "LIT"
		},
		"geometry": {
			"type": "Point",
			"coordinates": [43.262037,35.458121]
		}
	}, {
		"type": "Feature",
		"properties": {
			"id_composite": "Q006738",
			"cdli_id": "P463189",
			"collection": "Arkeoloji Müzeleri, Istanbul, Turkey",
			"credits": "Based on A. Kirk Grayson, Assyrian Rulers of the Early First Millennium BC II (858-745 BC) (RIMA 3), Toronto, 1996. Adapted by Jamie Novotny (2016) and lemmatized and updated by Nathan Morello (2016) for the Munich Open-access Cuneiform Corpus Initiative (MOCCI), a corpus-building initiative funded by LMU Munich and the Alexander von Humboldt Foundation (through the establishment of the Alexander von Humboldt Chair for Ancient History of the Near and Middle East) and based at the Historisches Seminar - Abteilung Alte Geschichte of Ludwig-Maximilians-Universität München. The annotated edition is released under the Creative Commons Attribution Share-Alike license 3.0. Please cite this page as http://oracc.org/riao/Q006738/.",
			"date_of_origin": "9th-8th century",
			"designation": "Unidentified Ruler 1072",
			"display_name": "RIAo Unidentified Ruler 1072",
			"dynastic_seat": "Assyria",
			"exemplars": "Ist A 03654",
			"genre": "Royal Inscription",
			"language": "Akkadian",
			"material": "clay",
			"object_type": "cone",
			"period": "Neo-Assyrian",
			"pleiades_id": "893945",
			"popular_name": "RIMA 3 A.0.0.1072",
			"primary_publication": "Unidentified Ruler 1072",
			"provenience": "Qalat Sherqat (Assur)",
			"script": "Neo-Assyrian",
			"script_remarks": "inscribed",
			"script_type": "Cuneiform",
			"subgenre": "Unidentified Ruler",
			"supergenre": "LIT"
		},
		"geometry": {
			"type": "Point",
			"coordinates": [43.262037,35.458121]
		}
	}, {
		"type": "Feature",
		"properties": {
			"id_composite": "Q006739",
			"cdli_id": "P463190",
			"collection": "Vorderasiatisches Museum, Berlin, Germany",
			"credits": "Based on A. Kirk Grayson, Assyrian Rulers of the Early First Millennium BC II (858-745 BC) (RIMA 3), Toronto, 1996. Adapted by Jamie Novotny (2016) and lemmatized and updated by Nathan Morello (2016) for the Munich Open-access Cuneiform Corpus Initiative (MOCCI), a corpus-building initiative funded by LMU Munich and the Alexander von Humboldt Foundation (through the establishment of the Alexander von Humboldt Chair for Ancient History of the Near and Middle East) and based at the Historisches Seminar - Abteilung Alte Geschichte of Ludwig-Maximilians-Universität München. The annotated edition is released under the Creative Commons Attribution Share-Alike license 3.0. Please cite this page as http://oracc.org/riao/Q006739/.",
			"date_of_origin": "9th-8th century",
			"designation": "Unidentified Ruler 1073",
			"display_name": "RIAo Unidentified Ruler 1073",
			"dynastic_seat": "Assyria",
			"exemplars": "VA Ass 02139 (Ass 19196)",
			"genre": "Royal Inscription",
			"language": "Akkadian",
			"material": "clay",
			"object_type": "cone",
			"period": "Neo-Assyrian",
			"pleiades_id": "893945",
			"popular_name": "RIMA 3 A.0.0.1073",
			"primary_publication": "Unidentified Ruler 1073",
			"provenience": "Qalat Sherqat (Assur)",
			"script": "Neo-Assyrian",
			"script_remarks": "inscribed",
			"script_type": "Cuneiform",
			"subgenre": "Unidentified Ruler",
			"supergenre": "LIT"
		},
		"geometry": {
			"type": "Point",
			"coordinates": [43.262037,35.458121]
		}
	}, {
		"type": "Feature",
		"properties": {
			"id_composite": "Q006740",
			"cdli_id": "P463191",
			"collection": "Vorderasiatisches Museum, Berlin, Germany",
			"credits": "Based on A. Kirk Grayson, Assyrian Rulers of the Early First Millennium BC II (858-745 BC) (RIMA 3), Toronto, 1996. Adapted by Jamie Novotny (2016) and lemmatized and updated by Nathan Morello (2016) for the Munich Open-access Cuneiform Corpus Initiative (MOCCI), a corpus-building initiative funded by LMU Munich and the Alexander von Humboldt Foundation (through the establishment of the Alexander von Humboldt Chair for Ancient History of the Near and Middle East) and based at the Historisches Seminar - Abteilung Alte Geschichte of Ludwig-Maximilians-Universität München. The annotated edition is released under the Creative Commons Attribution Share-Alike license 3.0. Please cite this page as http://oracc.org/riao/Q006740/.",
			"date_of_origin": "9th-8th century",
			"designation": "Unidentified Ruler 1074",
			"display_name": "RIAo Unidentified Ruler 1074",
			"dynastic_seat": "Assyria",
			"exemplars": "VA Ass 02059 (Ass 08232)",
			"genre": "Royal Inscription",
			"language": "Akkadian",
			"material": "clay",
			"object_type": "cone",
			"period": "Neo-Assyrian",
			"pleiades_id": "893945",
			"popular_name": "RIMA 3 A.0.0.1074",
			"primary_publication": "Unidentified Ruler 1074",
			"provenience": "Qalat Sherqat (Assur)",
			"script": "Neo-Assyrian",
			"script_remarks": "inscribed",
			"script_type": "Cuneiform",
			"subgenre": "Unidentified Ruler",
			"supergenre": "LIT"
		},
		"geometry": {
			"type": "Point",
			"coordinates": [43.262037,35.458121]
		}
	}, {
		"type": "Feature",
		"properties": {
			"id_composite": "Q006741",
			"cdli_id": "P463192",
			"collection": "Vorderasiatisches Museum, Berlin, Germany",
			"credits": "Based on A. Kirk Grayson, Assyrian Rulers of the Early First Millennium BC II (858-745 BC) (RIMA 3), Toronto, 1996. Adapted by Jamie Novotny (2016) and lemmatized and updated by Nathan Morello (2016) for the Munich Open-access Cuneiform Corpus Initiative (MOCCI), a corpus-building initiative funded by LMU Munich and the Alexander von Humboldt Foundation (through the establishment of the Alexander von Humboldt Chair for Ancient History of the Near and Middle East) and based at the Historisches Seminar - Abteilung Alte Geschichte of Ludwig-Maximilians-Universität München. The annotated edition is released under the Creative Commons Attribution Share-Alike license 3.0. Please cite this page as http://oracc.org/riao/Q006741/.",
			"date_of_origin": "9th-8th century",
			"designation": "Unidentified Ruler 1075",
			"display_name": "RIAo Unidentified Ruler 1075",
			"dynastic_seat": "Assyria",
			"exemplars": "VA Ass 02141 (Ass 22302)",
			"genre": "Royal Inscription",
			"language": "Akkadian",
			"material": "clay",
			"object_type": "cone",
			"period": "Neo-Assyrian",
			"pleiades_id": "893945",
			"popular_name": "RIMA 3 A.0.0.1075",
			"primary_publication": "Unidentified Ruler 1075",
			"provenience": "Qalat Sherqat (Assur)",
			"script": "Neo-Assyrian",
			"script_remarks": "inscribed",
			"script_type": "Cuneiform",
			"subgenre": "Unidentified Ruler",
			"supergenre": "LIT"
		},
		"geometry": {
			"type": "Point",
			"coordinates": [43.262037,35.458121]
		}
	}, {
		"type": "Feature",
		"properties": {
			"id_composite": "Q006742",
			"cdli_id": "P463193",
			"collection": "Vorderasiatisches Museum, Berlin, Germany",
			"credits": "Based on A. Kirk Grayson, Assyrian Rulers of the Early First Millennium BC II (858-745 BC) (RIMA 3), Toronto, 1996. Adapted by Jamie Novotny (2016) and lemmatized and updated by Nathan Morello (2016) for the Munich Open-access Cuneiform Corpus Initiative (MOCCI), a corpus-building initiative funded by LMU Munich and the Alexander von Humboldt Foundation (through the establishment of the Alexander von Humboldt Chair for Ancient History of the Near and Middle East) and based at the Historisches Seminar - Abteilung Alte Geschichte of Ludwig-Maximilians-Universität München. The annotated edition is released under the Creative Commons Attribution Share-Alike license 3.0. Please cite this page as http://oracc.org/riao/Q006742/.",
			"date_of_origin": "9th-8th century",
			"designation": "Unidentified Ruler 1076",
			"display_name": "RIAo Unidentified Ruler 1076",
			"dynastic_seat": "Assyria",
			"exemplars": "VA Ass 02138 (Ass 11345)",
			"genre": "Royal Inscription",
			"language": "Akkadian",
			"material": "clay",
			"object_type": "cone",
			"period": "Neo-Assyrian",
			"pleiades_id": "893945",
			"popular_name": "RIMA 3 A.0.0.1076",
			"primary_publication": "Unidentified Ruler 1076",
			"provenience": "Qalat Sherqat (Assur)",
			"script": "Neo-Assyrian",
			"script_remarks": "inscribed",
			"script_type": "Cuneiform",
			"subgenre": "Unidentified Ruler",
			"supergenre": "LIT"
		},
		"geometry": {
			"type": "Point",
			"coordinates": [43.262037,35.458121]
		}
	}, {
		"type": "Feature",
		"properties": {
			"id_composite": "Q006743",
			"cdli_id": "P463194",
			"collection": "Vorderasiatisches Museum, Berlin, Germany",
			"credits": "Based on A. Kirk Grayson, Assyrian Rulers of the Early First Millennium BC II (858-745 BC) (RIMA 3), Toronto, 1996. Adapted by Jamie Novotny (2016) and lemmatized and updated by Nathan Morello (2016) for the Munich Open-access Cuneiform Corpus Initiative (MOCCI), a corpus-building initiative funded by LMU Munich and the Alexander von Humboldt Foundation (through the establishment of the Alexander von Humboldt Chair for Ancient History of the Near and Middle East) and based at the Historisches Seminar - Abteilung Alte Geschichte of Ludwig-Maximilians-Universität München. The annotated edition is released under the Creative Commons Attribution Share-Alike license 3.0. Please cite this page as http://oracc.org/riao/Q006743/.",
			"date_of_origin": "9th-8th century",
			"designation": "Unidentified Ruler 1077",
			"display_name": "RIAo Unidentified Ruler 1077",
			"dynastic_seat": "Assyria",
			"exemplars": "VA Ass 02125 (Ass 10156)",
			"genre": "Royal Inscription",
			"language": "Akkadian",
			"material": "clay",
			"object_type": "cone",
			"period": "Neo-Assyrian",
			"pleiades_id": "893945",
			"popular_name": "RIMA 3 A.0.0.1077",
			"primary_publication": "Unidentified Ruler 1077",
			"provenience": "Qalat Sherqat (Assur)",
			"script": "Neo-Assyrian",
			"script_remarks": "inscribed",
			"script_type": "Cuneiform",
			"subgenre": "Unidentified Ruler",
			"supergenre": "LIT"
		},
		"geometry": {
			"type": "Point",
			"coordinates": [43.262037,35.458121]
		}
	}, {
		"type": "Feature",
		"properties": {
			"id_composite": "Q006744",
			"cdli_id": "P463195",
			"collection": "Vorderasiatisches Museum, Berlin, Germany",
			"credits": "Based on A. Kirk Grayson, Assyrian Rulers of the Early First Millennium BC II (858-745 BC) (RIMA 3), Toronto, 1996. Adapted by Jamie Novotny (2016) and lemmatized and updated by Nathan Morello (2016) for the Munich Open-access Cuneiform Corpus Initiative (MOCCI), a corpus-building initiative funded by LMU Munich and the Alexander von Humboldt Foundation (through the establishment of the Alexander von Humboldt Chair for Ancient History of the Near and Middle East) and based at the Historisches Seminar - Abteilung Alte Geschichte of Ludwig-Maximilians-Universität München. The annotated edition is released under the Creative Commons Attribution Share-Alike license 3.0. Please cite this page as http://oracc.org/riao/Q006744/.",
			"date_of_origin": "9th-8th century",
			"designation": "Unidentified Ruler 1078",
			"display_name": "RIAo Unidentified Ruler 1078",
			"dynastic_seat": "Assyria",
			"exemplars": "VA Ass 02132 (Ass 10800)",
			"genre": "Royal Inscription",
			"language": "Akkadian",
			"material": "clay",
			"object_type": "cone",
			"period": "Neo-Assyrian",
			"pleiades_id": "893945",
			"popular_name": "RIMA 3 A.0.0.1078",
			"primary_publication": "Unidentified Ruler 1078",
			"provenience": "Qalat Sherqat (Assur)",
			"script": "Neo-Assyrian",
			"script_remarks": "inscribed",
			"script_type": "Cuneiform",
			"subgenre": "Unidentified Ruler",
			"supergenre": "LIT"
		},
		"geometry": {
			"type": "Point",
			"coordinates": [43.262037,35.458121]
		}
	}, {
		"type": "Feature",
		"properties": {
			"id_composite": "Q006745",
			"cdli_id": "P463196",
			"collection": "Vorderasiatisches Museum, Berlin, Germany",
			"credits": "Based on A. Kirk Grayson, Assyrian Rulers of the Early First Millennium BC II (858-745 BC) (RIMA 3), Toronto, 1996. Adapted by Jamie Novotny (2016) and lemmatized and updated by Nathan Morello (2016) for the Munich Open-access Cuneiform Corpus Initiative (MOCCI), a corpus-building initiative funded by LMU Munich and the Alexander von Humboldt Foundation (through the establishment of the Alexander von Humboldt Chair for Ancient History of the Near and Middle East) and based at the Historisches Seminar - Abteilung Alte Geschichte of Ludwig-Maximilians-Universität München. The annotated edition is released under the Creative Commons Attribution Share-Alike license 3.0. Please cite this page as http://oracc.org/riao/Q006745/.",
			"date_of_origin": "9th-8th century",
			"designation": "Unidentified Ruler 1079",
			"display_name": "RIAo Unidentified Ruler 1079",
			"dynastic_seat": "Assyria",
			"exemplars": "VA Ass 02123 (Ass 09183)",
			"genre": "Royal Inscription",
			"language": "Akkadian",
			"material": "clay",
			"object_type": "cone",
			"period": "Neo-Assyrian",
			"pleiades_id": "893945",
			"popular_name": "RIMA 3 A.0.0.1079",
			"primary_publication": "Unidentified Ruler 1079",
			"provenience": "Qalat Sherqat (Assur)",
			"script": "Neo-Assyrian",
			"script_remarks": "inscribed",
			"script_type": "Cuneiform",
			"subgenre": "Unidentified Ruler",
			"supergenre": "LIT"
		},
		"geometry": {
			"type": "Point",
			"coordinates": [43.262037,35.458121]
		}
	}, {
		"type": "Feature",
		"properties": {
			"id_composite": "Q006746",
			"cdli_id": "P463197",
			"collection": "Vorderasiatisches Museum, Berlin, Germany",
			"credits": "Based on A. Kirk Grayson, Assyrian Rulers of the Early First Millennium BC II (858-745 BC) (RIMA 3), Toronto, 1996. Adapted by Jamie Novotny (2016) and lemmatized and updated by Nathan Morello (2016) for the Munich Open-access Cuneiform Corpus Initiative (MOCCI), a corpus-building initiative funded by LMU Munich and the Alexander von Humboldt Foundation (through the establishment of the Alexander von Humboldt Chair for Ancient History of the Near and Middle East) and based at the Historisches Seminar - Abteilung Alte Geschichte of Ludwig-Maximilians-Universität München. The annotated edition is released under the Creative Commons Attribution Share-Alike license 3.0. Please cite this page as http://oracc.org/riao/Q006746/.",
			"date_of_origin": "9th-8th century",
			"designation": "Unidentified Ruler 1080",
			"display_name": "RIAo Unidentified Ruler 1080",
			"dynastic_seat": "Assyria",
			"exemplars": "VA Ass 02144",
			"genre": "Royal Inscription",
			"language": "Akkadian",
			"material": "clay",
			"object_type": "cone",
			"period": "Neo-Assyrian",
			"pleiades_id": "893945",
			"popular_name": "RIMA 3 A.0.0.1080",
			"primary_publication": "Unidentified Ruler 1080",
			"provenience": "Qalat Sherqat (Assur)",
			"script": "Neo-Assyrian",
			"script_remarks": "inscribed",
			"script_type": "Cuneiform",
			"subgenre": "Unidentified Ruler",
			"supergenre": "LIT"
		},
		"geometry": {
			"type": "Point",
			"coordinates": [43.262037,35.458121]
		}
	}, {
		"type": "Feature",
		"properties": {
			"id_composite": "Q006747",
			"cdli_id": "P463198",
			"collection": "Vorderasiatisches Museum, Berlin, Germany",
			"credits": "Based on A. Kirk Grayson, Assyrian Rulers of the Early First Millennium BC II (858-745 BC) (RIMA 3), Toronto, 1996. Adapted by Jamie Novotny (2016) and lemmatized and updated by Nathan Morello (2016) for the Munich Open-access Cuneiform Corpus Initiative (MOCCI), a corpus-building initiative funded by LMU Munich and the Alexander von Humboldt Foundation (through the establishment of the Alexander von Humboldt Chair for Ancient History of the Near and Middle East) and based at the Historisches Seminar - Abteilung Alte Geschichte of Ludwig-Maximilians-Universität München. The annotated edition is released under the Creative Commons Attribution Share-Alike license 3.0. Please cite this page as http://oracc.org/riao/Q006747/.",
			"date_of_origin": "9th-8th century",
			"designation": "Unidentified Ruler 1081",
			"display_name": "RIAo Unidentified Ruler 1081",
			"dynastic_seat": "Assyria",
			"exemplars": "VA Ass 02089 (Ass 05313)",
			"genre": "Royal Inscription",
			"language": "Akkadian",
			"material": "clay",
			"object_type": "cone",
			"period": "Neo-Assyrian",
			"pleiades_id": "893945",
			"popular_name": "RIMA 3 A.0.0.1081",
			"primary_publication": "Unidentified Ruler 1081",
			"provenience": "Qalat Sherqat (Assur)",
			"script": "Neo-Assyrian",
			"script_remarks": "inscribed",
			"script_type": "Cuneiform",
			"subgenre": "Unidentified Ruler",
			"supergenre": "LIT"
		},
		"geometry": {
			"type": "Point",
			"coordinates": [43.262037,35.458121]
		}
	}, {
		"type": "Feature",
		"properties": {
			"id_composite": "Q006748",
			"cdli_id": "P463199",
			"collection": "Vorderasiatisches Museum, Berlin, Germany",
			"credits": "Based on A. Kirk Grayson, Assyrian Rulers of the Early First Millennium BC II (858-745 BC) (RIMA 3), Toronto, 1996. Adapted by Jamie Novotny (2016) and lemmatized and updated by Nathan Morello (2016) for the Munich Open-access Cuneiform Corpus Initiative (MOCCI), a corpus-building initiative funded by LMU Munich and the Alexander von Humboldt Foundation (through the establishment of the Alexander von Humboldt Chair for Ancient History of the Near and Middle East) and based at the Historisches Seminar - Abteilung Alte Geschichte of Ludwig-Maximilians-Universität München. The annotated edition is released under the Creative Commons Attribution Share-Alike license 3.0. Please cite this page as http://oracc.org/riao/Q006748/.",
			"date_of_origin": "9th-8th century",
			"designation": "Unidentified Ruler 1082",
			"display_name": "RIAo Unidentified Ruler 1082",
			"dynastic_seat": "Assyria",
			"exemplars": "VA Ass 02118 (Ass 08435b)",
			"genre": "Royal Inscription",
			"language": "Akkadian",
			"material": "clay",
			"object_type": "cone",
			"period": "Neo-Assyrian",
			"pleiades_id": "893945",
			"popular_name": "RIMA 3 A.0.0.1082",
			"primary_publication": "Unidentified Ruler 1082",
			"provenience": "Qalat Sherqat (Assur)",
			"script": "Neo-Assyrian",
			"script_remarks": "inscribed",
			"script_type": "Cuneiform",
			"subgenre": "Unidentified Ruler",
			"supergenre": "LIT"
		},
		"geometry": {
			"type": "Point",
			"coordinates": [43.262037,35.458121]
		}
	}, {
		"type": "Feature",
		"properties": {
			"id_composite": "Q006749",
			"cdli_id": "P463200",
			"collection": "Vorderasiatisches Museum, Berlin, Germany",
			"credits": "Based on A. Kirk Grayson, Assyrian Rulers of the Early First Millennium BC II (858-745 BC) (RIMA 3), Toronto, 1996. Adapted by Jamie Novotny (2016) and lemmatized and updated by Nathan Morello (2016) for the Munich Open-access Cuneiform Corpus Initiative (MOCCI), a corpus-building initiative funded by LMU Munich and the Alexander von Humboldt Foundation (through the establishment of the Alexander von Humboldt Chair for Ancient History of the Near and Middle East) and based at the Historisches Seminar - Abteilung Alte Geschichte of Ludwig-Maximilians-Universität München. The annotated edition is released under the Creative Commons Attribution Share-Alike license 3.0. Please cite this page as http://oracc.org/riao/Q006749/.",
			"date_of_origin": "9th-8th century",
			"designation": "Unidentified Ruler 1083",
			"display_name": "RIAo Unidentified Ruler 1083",
			"dynastic_seat": "Assyria",
			"exemplars": "VA Ass 02129 (Ass 10707)",
			"genre": "Royal Inscription",
			"language": "Akkadian",
			"material": "clay",
			"object_type": "cone",
			"period": "Neo-Assyrian",
			"pleiades_id": "893945",
			"popular_name": "RIMA 3 A.0.0.1083",
			"primary_publication": "Unidentified Ruler 1083",
			"provenience": "Qalat Sherqat (Assur)",
			"script": "Neo-Assyrian",
			"script_remarks": "inscribed",
			"script_type": "Cuneiform",
			"subgenre": "Unidentified Ruler",
			"supergenre": "LIT"
		},
		"geometry": {
			"type": "Point",
			"coordinates": [43.262037,35.458121]
		}
	}, {
		"type": "Feature",
		"properties": {
			"id_composite": "Q006750",
			"cdli_id": "P463201",
			"collection": "Vorderasiatisches Museum, Berlin, Germany",
			"credits": "Based on A. Kirk Grayson, Assyrian Rulers of the Early First Millennium BC II (858-745 BC) (RIMA 3), Toronto, 1996. Adapted by Jamie Novotny (2016) and lemmatized and updated by Nathan Morello (2016) for the Munich Open-access Cuneiform Corpus Initiative (MOCCI), a corpus-building initiative funded by LMU Munich and the Alexander von Humboldt Foundation (through the establishment of the Alexander von Humboldt Chair for Ancient History of the Near and Middle East) and based at the Historisches Seminar - Abteilung Alte Geschichte of Ludwig-Maximilians-Universität München. The annotated edition is released under the Creative Commons Attribution Share-Alike license 3.0. Please cite this page as http://oracc.org/riao/Q006750/.",
			"date_of_origin": "9th-8th century",
			"designation": "Unidentified Ruler 1084",
			"display_name": "RIAo Unidentified Ruler 1084",
			"dynastic_seat": "Assyria",
			"exemplars": "VA Ass 02110 (Ass 05526)",
			"genre": "Royal Inscription",
			"language": "Akkadian",
			"material": "clay",
			"object_type": "cone",
			"period": "Neo-Assyrian",
			"pleiades_id": "893945",
			"popular_name": "RIMA 3 A.0.0.1084",
			"primary_publication": "Unidentified Ruler 1084",
			"provenience": "Qalat Sherqat (Assur)",
			"script": "Neo-Assyrian",
			"script_remarks": "inscribed",
			"script_type": "Cuneiform",
			"subgenre": "Unidentified Ruler",
			"supergenre": "LIT"
		},
		"geometry": {
			"type": "Point",
			"coordinates": [43.262037,35.458121]
		}
	}, {
		"type": "Feature",
		"properties": {
			"id_composite": "Q006751",
			"cdli_id": "P463202",
			"collection": "Vorderasiatisches Museum, Berlin, Germany",
			"credits": "Based on A. Kirk Grayson, Assyrian Rulers of the Early First Millennium BC II (858-745 BC) (RIMA 3), Toronto, 1996. Adapted by Jamie Novotny (2016) and lemmatized and updated by Nathan Morello (2016) for the Munich Open-access Cuneiform Corpus Initiative (MOCCI), a corpus-building initiative funded by LMU Munich and the Alexander von Humboldt Foundation (through the establishment of the Alexander von Humboldt Chair for Ancient History of the Near and Middle East) and based at the Historisches Seminar - Abteilung Alte Geschichte of Ludwig-Maximilians-Universität München. The annotated edition is released under the Creative Commons Attribution Share-Alike license 3.0. Please cite this page as http://oracc.org/riao/Q006751/.",
			"date_of_origin": "9th-8th century",
			"designation": "Unidentified Ruler 1085",
			"display_name": "RIAo Unidentified Ruler 1085",
			"dynastic_seat": "Assyria",
			"exemplars": "VA Ass 02145",
			"genre": "Royal Inscription",
			"language": "Akkadian",
			"material": "clay",
			"object_type": "cone",
			"period": "Neo-Assyrian",
			"pleiades_id": "893945",
			"popular_name": "RIMA 3 A.0.0.1085",
			"primary_publication": "Unidentified Ruler 1085",
			"provenience": "Qalat Sherqat (Assur)",
			"script": "Neo-Assyrian",
			"script_remarks": "inscribed",
			"script_type": "Cuneiform",
			"subgenre": "Unidentified Ruler",
			"supergenre": "LIT"
		},
		"geometry": {
			"type": "Point",
			"coordinates": [43.262037,35.458121]
		}
	}, {
		"type": "Feature",
		"properties": {
			"id_composite": "Q006752",
			"cdli_id": "P463203",
			"collection": "Vorderasiatisches Museum, Berlin, Germany",
			"credits": "Based on A. Kirk Grayson, Assyrian Rulers of the Early First Millennium BC II (858-745 BC) (RIMA 3), Toronto, 1996. Adapted by Jamie Novotny (2016) and lemmatized and updated by Nathan Morello (2016) for the Munich Open-access Cuneiform Corpus Initiative (MOCCI), a corpus-building initiative funded by LMU Munich and the Alexander von Humboldt Foundation (through the establishment of the Alexander von Humboldt Chair for Ancient History of the Near and Middle East) and based at the Historisches Seminar - Abteilung Alte Geschichte of Ludwig-Maximilians-Universität München. The annotated edition is released under the Creative Commons Attribution Share-Alike license 3.0. Please cite this page as http://oracc.org/riao/Q006752/.",
			"date_of_origin": "9th-8th century",
			"designation": "Unidentified Ruler 1086",
			"display_name": "RIAo Unidentified Ruler 1086",
			"dynastic_seat": "Assyria",
			"exemplars": "VA Ass 02134 (Ass 11012)",
			"genre": "Royal Inscription",
			"language": "Akkadian",
			"material": "clay",
			"object_type": "cone",
			"period": "Neo-Assyrian",
			"pleiades_id": "893945",
			"popular_name": "RIMA 3 A.0.0.1086",
			"primary_publication": "Unidentified Ruler 1086",
			"provenience": "Qalat Sherqat (Assur)",
			"script": "Neo-Assyrian",
			"script_remarks": "inscribed",
			"script_type": "Cuneiform",
			"subgenre": "Unidentified Ruler",
			"supergenre": "LIT"
		},
		"geometry": {
			"type": "Point",
			"coordinates": [43.262037,35.458121]
		}
	}, {
		"type": "Feature",
		"properties": {
			"id_composite": "Q006753",
			"cdli_id": "P463204",
			"collection": "Vorderasiatisches Museum, Berlin, Germany",
			"credits": "Based on A. Kirk Grayson, Assyrian Rulers of the Early First Millennium BC II (858-745 BC) (RIMA 3), Toronto, 1996. Adapted by Jamie Novotny (2016) and lemmatized and updated by Nathan Morello (2016) for the Munich Open-access Cuneiform Corpus Initiative (MOCCI), a corpus-building initiative funded by LMU Munich and the Alexander von Humboldt Foundation (through the establishment of the Alexander von Humboldt Chair for Ancient History of the Near and Middle East) and based at the Historisches Seminar - Abteilung Alte Geschichte of Ludwig-Maximilians-Universität München. The annotated edition is released under the Creative Commons Attribution Share-Alike license 3.0. Please cite this page as http://oracc.org/riao/Q006753/.",
			"date_of_origin": "9th-8th century",
			"designation": "Unidentified Ruler 1087",
			"display_name": "RIAo Unidentified Ruler 1087",
			"dynastic_seat": "Assyria",
			"exemplars": "VA Ass 02120 (Ass 08701)",
			"genre": "Royal Inscription",
			"language": "Akkadian",
			"material": "clay",
			"object_type": "cone",
			"period": "Neo-Assyrian",
			"pleiades_id": "893945",
			"popular_name": "RIMA 3 A.0.0.1087",
			"primary_publication": "Unidentified Ruler 1087",
			"provenience": "Qalat Sherqat (Assur)",
			"script": "Neo-Assyrian",
			"script_remarks": "inscribed",
			"script_type": "Cuneiform",
			"subgenre": "Unidentified Ruler",
			"supergenre": "LIT"
		},
		"geometry": {
			"type": "Point",
			"coordinates": [43.262037,35.458121]
		}
	}, {
		"type": "Feature",
		"properties": {
			"id_composite": "Q006754",
			"cdli_id": "P463205",
			"collection": "Vorderasiatisches Museum, Berlin, Germany",
			"credits": "Based on A. Kirk Grayson, Assyrian Rulers of the Early First Millennium BC II (858-745 BC) (RIMA 3), Toronto, 1996. Adapted by Jamie Novotny (2016) and lemmatized and updated by Nathan Morello (2016) for the Munich Open-access Cuneiform Corpus Initiative (MOCCI), a corpus-building initiative funded by LMU Munich and the Alexander von Humboldt Foundation (through the establishment of the Alexander von Humboldt Chair for Ancient History of the Near and Middle East) and based at the Historisches Seminar - Abteilung Alte Geschichte of Ludwig-Maximilians-Universität München. The annotated edition is released under the Creative Commons Attribution Share-Alike license 3.0. Please cite this page as http://oracc.org/riao/Q006754/.",
			"date_of_origin": "9th-8th century",
			"designation": "Unidentified Ruler 1088",
			"display_name": "RIAo Unidentified Ruler 1088",
			"dynastic_seat": "Assyria",
			"exemplars": "VA Ass 02140 (Ass 19416d)",
			"genre": "Royal Inscription",
			"language": "Akkadian",
			"material": "clay",
			"object_type": "cone",
			"period": "Neo-Assyrian",
			"pleiades_id": "893945",
			"popular_name": "RIMA 3 A.0.0.1088",
			"primary_publication": "Unidentified Ruler 1088",
			"provenience": "Qalat Sherqat (Assur)",
			"script": "Neo-Assyrian",
			"script_remarks": "inscribed",
			"script_type": "Cuneiform",
			"subgenre": "Unidentified Ruler",
			"supergenre": "LIT"
		},
		"geometry": {
			"type": "Point",
			"coordinates": [43.262037,35.458121]
		}
	}, {
		"type": "Feature",
		"properties": {
			"id_composite": "Q006755",
			"cdli_id": "P463206",
			"collection": "Vorderasiatisches Museum, Berlin, Germany",
			"credits": "Based on A. Kirk Grayson, Assyrian Rulers of the Early First Millennium BC II (858-745 BC) (RIMA 3), Toronto, 1996. Adapted by Jamie Novotny (2016) and lemmatized and updated by Nathan Morello (2016) for the Munich Open-access Cuneiform Corpus Initiative (MOCCI), a corpus-building initiative funded by LMU Munich and the Alexander von Humboldt Foundation (through the establishment of the Alexander von Humboldt Chair for Ancient History of the Near and Middle East) and based at the Historisches Seminar - Abteilung Alte Geschichte of Ludwig-Maximilians-Universität München. The annotated edition is released under the Creative Commons Attribution Share-Alike license 3.0. Please cite this page as http://oracc.org/riao/Q006755/.",
			"date_of_origin": "9th-8th century",
			"designation": "Unidentified Ruler 1089",
			"display_name": "RIAo Unidentified Ruler 1089",
			"dynastic_seat": "Assyria",
			"exemplars": "VA Ass 02048 (Ass 10093g)",
			"genre": "Royal Inscription",
			"language": "Akkadian",
			"material": "clay",
			"object_type": "cone",
			"period": "Neo-Assyrian",
			"pleiades_id": "893945",
			"popular_name": "RIMA 3 A.0.0.1089",
			"primary_publication": "Unidentified Ruler 1089",
			"provenience": "Qalat Sherqat (Assur)",
			"script": "Neo-Assyrian",
			"script_remarks": "inscribed",
			"script_type": "Cuneiform",
			"subgenre": "Unidentified Ruler",
			"supergenre": "LIT"
		},
		"geometry": {
			"type": "Point",
			"coordinates": [43.262037,35.458121]
		}
	}, {
		"type": "Feature",
		"properties": {
			"id_composite": "Q006756",
			"cdli_id": "P463207",
			"collection": "Vorderasiatisches Museum, Berlin, Germany",
			"credits": "Based on A. Kirk Grayson, Assyrian Rulers of the Early First Millennium BC II (858-745 BC) (RIMA 3), Toronto, 1996. Adapted by Jamie Novotny (2016) and lemmatized and updated by Nathan Morello (2016) for the Munich Open-access Cuneiform Corpus Initiative (MOCCI), a corpus-building initiative funded by LMU Munich and the Alexander von Humboldt Foundation (through the establishment of the Alexander von Humboldt Chair for Ancient History of the Near and Middle East) and based at the Historisches Seminar - Abteilung Alte Geschichte of Ludwig-Maximilians-Universität München. The annotated edition is released under the Creative Commons Attribution Share-Alike license 3.0. Please cite this page as http://oracc.org/riao/Q006756/.",
			"date_of_origin": "9th-8th century",
			"designation": "Unidentified Ruler 1090",
			"display_name": "RIAo Unidentified Ruler 1090",
			"dynastic_seat": "Assyria",
			"exemplars": "VA Ass 02116 (Ass 08142)",
			"genre": "Royal Inscription",
			"language": "Akkadian",
			"material": "clay",
			"object_type": "cone",
			"period": "Neo-Assyrian",
			"pleiades_id": "893945",
			"popular_name": "RIMA 3 A.0.0.1090",
			"primary_publication": "Unidentified Ruler 1090",
			"provenience": "Qalat Sherqat (Assur)",
			"script": "Neo-Assyrian",
			"script_remarks": "inscribed",
			"script_type": "Cuneiform",
			"subgenre": "Unidentified Ruler",
			"supergenre": "LIT"
		},
		"geometry": {
			"type": "Point",
			"coordinates": [43.262037,35.458121]
		}
	}, {
		"type": "Feature",
		"properties": {
			"id_composite": "Q006757",
			"cdli_id": "P463208",
			"collection": "Vorderasiatisches Museum, Berlin, Germany",
			"credits": "Based on A. Kirk Grayson, Assyrian Rulers of the Early First Millennium BC II (858-745 BC) (RIMA 3), Toronto, 1996. Adapted by Jamie Novotny (2016) and lemmatized and updated by Nathan Morello (2016) for the Munich Open-access Cuneiform Corpus Initiative (MOCCI), a corpus-building initiative funded by LMU Munich and the Alexander von Humboldt Foundation (through the establishment of the Alexander von Humboldt Chair for Ancient History of the Near and Middle East) and based at the Historisches Seminar - Abteilung Alte Geschichte of Ludwig-Maximilians-Universität München. The annotated edition is released under the Creative Commons Attribution Share-Alike license 3.0. Please cite this page as http://oracc.org/riao/Q006757/.",
			"date_of_origin": "9th-8th century",
			"designation": "Unidentified Ruler 1091",
			"display_name": "RIAo Unidentified Ruler 1091",
			"dynastic_seat": "Assyria",
			"exemplars": "VA Ass 02122 (Ass 09055)",
			"genre": "Royal Inscription",
			"language": "Akkadian",
			"material": "clay",
			"object_type": "cone",
			"period": "Neo-Assyrian",
			"pleiades_id": "893945",
			"popular_name": "RIMA 3 A.0.0.1091",
			"primary_publication": "Unidentified Ruler 1091",
			"provenience": "Qalat Sherqat (Assur)",
			"script": "Neo-Assyrian",
			"script_remarks": "inscribed",
			"script_type": "Cuneiform",
			"subgenre": "Unidentified Ruler",
			"supergenre": "LIT"
		},
		"geometry": {
			"type": "Point",
			"coordinates": [43.262037,35.458121]
		}
	}, {
		"type": "Feature",
		"properties": {
			"id_composite": "Q006758",
			"cdli_id": "P463209",
			"collection": "Vorderasiatisches Museum, Berlin, Germany",
			"credits": "Based on A. Kirk Grayson, Assyrian Rulers of the Early First Millennium BC II (858-745 BC) (RIMA 3), Toronto, 1996. Adapted by Jamie Novotny (2016) and lemmatized and updated by Nathan Morello (2016) for the Munich Open-access Cuneiform Corpus Initiative (MOCCI), a corpus-building initiative funded by LMU Munich and the Alexander von Humboldt Foundation (through the establishment of the Alexander von Humboldt Chair for Ancient History of the Near and Middle East) and based at the Historisches Seminar - Abteilung Alte Geschichte of Ludwig-Maximilians-Universität München. The annotated edition is released under the Creative Commons Attribution Share-Alike license 3.0. Please cite this page as http://oracc.org/riao/Q006758/.",
			"date_of_origin": "9th-8th century",
			"designation": "Unidentified Ruler 1092",
			"display_name": "RIAo Unidentified Ruler 1092",
			"dynastic_seat": "Assyria",
			"exemplars": "VA Ass 02135 (Ass 11077a)",
			"genre": "Royal Inscription",
			"language": "Akkadian",
			"material": "clay",
			"object_type": "cone",
			"period": "Neo-Assyrian",
			"pleiades_id": "893945",
			"popular_name": "RIMA 3 A.0.0.1092",
			"primary_publication": "Unidentified Ruler 1092",
			"provenience": "Qalat Sherqat (Assur)",
			"script": "Neo-Assyrian",
			"script_remarks": "inscribed",
			"script_type": "Cuneiform",
			"subgenre": "Unidentified Ruler",
			"supergenre": "LIT"
		},
		"geometry": {
			"type": "Point",
			"coordinates": [43.262037,35.458121]
		}
	}, {
		"type": "Feature",
		"properties": {
			"id_composite": "Q006759",
			"cdli_id": "P463210",
			"credits": "Based on A. Kirk Grayson, Assyrian Rulers of the Early First Millennium BC II (858-745 BC) (RIMA 3), Toronto, 1996. Adapted by Jamie Novotny (2016) and lemmatized and updated by Nathan Morello (2016) for the Munich Open-access Cuneiform Corpus Initiative (MOCCI), a corpus-building initiative funded by LMU Munich and the Alexander von Humboldt Foundation (through the establishment of the Alexander von Humboldt Chair for Ancient History of the Near and Middle East) and based at the Historisches Seminar - Abteilung Alte Geschichte of Ludwig-Maximilians-Universität München. The annotated edition is released under the Creative Commons Attribution Share-Alike license 3.0. Please cite this page as http://oracc.org/riao/Q006759/.",
			"date_of_origin": "9th-8th century",
			"designation": "Unidentified Ruler 1093",
			"display_name": "RIAo Unidentified Ruler 1093",
			"dynastic_seat": "Assyria",
			"exemplars": "Ass 06063",
			"genre": "Royal Inscription",
			"language": "Akkadian",
			"material": "clay",
			"object_type": "cone",
			"period": "Neo-Assyrian",
			"pleiades_id": "893945",
			"popular_name": "RIMA 3 A.0.0.1093",
			"primary_publication": "Unidentified Ruler 1093",
			"provenience": "Qalat Sherqat (Assur)",
			"script": "Neo-Assyrian",
			"script_remarks": "inscribed",
			"script_type": "Cuneiform",
			"subgenre": "Unidentified Ruler",
			"supergenre": "LIT"
		},
		"geometry": {
			"type": "Point",
			"coordinates": [43.262037,35.458121]
		}
	}, {
		"type": "Feature",
		"properties": {
			"id_composite": "Q006760",
			"cdli_id": "P463211",
			"credits": "Based on A. Kirk Grayson, Assyrian Rulers of the Early First Millennium BC II (858-745 BC) (RIMA 3), Toronto, 1996. Adapted by Jamie Novotny (2016) and lemmatized and updated by Nathan Morello (2016) for the Munich Open-access Cuneiform Corpus Initiative (MOCCI), a corpus-building initiative funded by LMU Munich and the Alexander von Humboldt Foundation (through the establishment of the Alexander von Humboldt Chair for Ancient History of the Near and Middle East) and based at the Historisches Seminar - Abteilung Alte Geschichte of Ludwig-Maximilians-Universität München. The annotated edition is released under the Creative Commons Attribution Share-Alike license 3.0. Please cite this page as http://oracc.org/riao/Q006760/.",
			"date_of_origin": "9th-8th century",
			"designation": "Unidentified Ruler 1094",
			"display_name": "RIAo Unidentified Ruler 1094",
			"dynastic_seat": "Assyria",
			"exemplars": "Thompson, AAA 18 pl. XXX no. 1",
			"genre": "Royal Inscription",
			"language": "Akkadian",
			"material": "clay",
			"object_type": "brick",
			"period": "Neo-Assyrian",
			"pleiades_id": "874621",
			"popular_name": "RIMA 3 A.0.0.1094",
			"primary_publication": "Unidentified Ruler 1094",
			"provenience": "Kuyunjik (Nineveh)",
			"script": "Neo-Assyrian",
			"script_remarks": "inscribed",
			"script_type": "Cuneiform",
			"subgenre": "Unidentified Ruler",
			"supergenre": "LIT"
		},
		"geometry": {
			"type": "Point",
			"coordinates": [43.151937,36.358684]
		}
	}, {
		"type": "Feature",
		"properties": {
			"id_composite": "Q006761",
			"cdli_id": "P463212",
			"credits": "Based on A. Kirk Grayson, Assyrian Rulers of the Early First Millennium BC II (858-745 BC) (RIMA 3), Toronto, 1996. Adapted by Jamie Novotny (2016) and lemmatized and updated by Nathan Morello (2016) for the Munich Open-access Cuneiform Corpus Initiative (MOCCI), a corpus-building initiative funded by LMU Munich and the Alexander von Humboldt Foundation (through the establishment of the Alexander von Humboldt Chair for Ancient History of the Near and Middle East) and based at the Historisches Seminar - Abteilung Alte Geschichte of Ludwig-Maximilians-Universität München. The annotated edition is released under the Creative Commons Attribution Share-Alike license 3.0. Please cite this page as http://oracc.org/riao/Q006761/.",
			"date_of_origin": "9th-8th century",
			"designation": "Unidentified Ruler 1095",
			"display_name": "RIAo Unidentified Ruler 1095",
			"dynastic_seat": "Assyria",
			"exemplars": "Thompson, AAA 18 pl. XXXII no. 1",
			"genre": "Royal Inscription",
			"language": "Akkadian",
			"material": "clay",
			"object_type": "brick",
			"period": "Neo-Assyrian",
			"pleiades_id": "874621",
			"popular_name": "RIMA 3 A.0.0.1095",
			"primary_publication": "Unidentified Ruler 1095",
			"provenience": "Kuyunjik (Nineveh)",
			"script": "Neo-Assyrian",
			"script_remarks": "inscribed",
			"script_type": "Cuneiform",
			"subgenre": "Unidentified Ruler",
			"supergenre": "LIT"
		},
		"geometry": {
			"type": "Point",
			"coordinates": [43.151937,36.358684]
		}
	}, {
		"type": "Feature",
		"properties": {
			"id_composite": "Q006762",
			"cdli_id": "P428092",
			"collection": "British Museum, London, UK",
			"credits": "Based on A. Kirk Grayson, Assyrian Rulers of the Early First Millennium BC II (858-745 BC) (RIMA 3), Toronto, 1996. Adapted by Jamie Novotny (2016) and lemmatized and updated by Nathan Morello (2016) for the Munich Open-access Cuneiform Corpus Initiative (MOCCI), a corpus-building initiative funded by LMU Munich and the Alexander von Humboldt Foundation (through the establishment of the Alexander von Humboldt Chair for Ancient History of the Near and Middle East) and based at the Historisches Seminar - Abteilung Alte Geschichte of Ludwig-Maximilians-Universität München. The annotated edition is released under the Creative Commons Attribution Share-Alike license 3.0. Please cite this page as http://oracc.org/riao/Q006762/.",
			"date_of_origin": "9th-8th century",
			"designation": "Unidentified Ruler 1096",
			"display_name": "RIAo Unidentified Ruler 1096",
			"dynastic_seat": "Assyria",
			"exemplars": "BM 090495 (1979-12-20, 0275)",
			"genre": "Royal Inscription",
			"language": "Akkadian",
			"material": "clay",
			"object_type": "brick",
			"period": "Neo-Assyrian",
			"pleiades_id": "874621",
			"popular_name": "RIMA 3 A.0.0.1096",
			"primary_publication": "Unidentified Ruler 1096",
			"provenience": "Kuyunjik (Nineveh)",
			"script": "Neo-Assyrian",
			"script_remarks": "inscribed",
			"script_type": "Cuneiform",
			"subgenre": "Unidentified Ruler",
			"supergenre": "LIT"
		},
		"geometry": {
			"type": "Point",
			"coordinates": [43.151937,36.358684]
		}
	}, {
		"type": "Feature",
		"properties": {
			"id_composite": "Q006763",
			"cdli_id": "P428523",
			"collection": "British Museum, London, UK",
			"credits": "Based on A. Kirk Grayson, Assyrian Rulers of the Early First Millennium BC II (858-745 BC) (RIMA 3), Toronto, 1996. Adapted by Jamie Novotny (2016) and lemmatized and updated by Nathan Morello (2016) for the Munich Open-access Cuneiform Corpus Initiative (MOCCI), a corpus-building initiative funded by LMU Munich and the Alexander von Humboldt Foundation (through the establishment of the Alexander von Humboldt Chair for Ancient History of the Near and Middle East) and based at the Historisches Seminar - Abteilung Alte Geschichte of Ludwig-Maximilians-Universität München. The annotated edition is released under the Creative Commons Attribution Share-Alike license 3.0. Please cite this page as http://oracc.org/riao/Q006763/.",
			"date_of_origin": "9th-8th century",
			"designation": "Unidentified Ruler 1097",
			"display_name": "RIAo Unidentified Ruler 1097",
			"dynastic_seat": "Assyria",
			"exemplars": "BM 137368 (1979-12-18, 0003)",
			"genre": "Royal Inscription",
			"language": "Akkadian",
			"material": "clay",
			"object_type": "brick",
			"period": "Neo-Assyrian",
			"pleiades_id": "874621",
			"popular_name": "RIMA 3 A.0.0.1097",
			"primary_publication": "Unidentified Ruler 1097",
			"provenience": "Kuyunjik (Nineveh)",
			"script": "Neo-Assyrian",
			"script_remarks": "inscribed",
			"script_type": "Cuneiform",
			"subgenre": "Unidentified Ruler",
			"supergenre": "LIT"
		},
		"geometry": {
			"type": "Point",
			"coordinates": [43.151937,36.358684]
		}
	}, {
		"type": "Feature",
		"properties": {
			"id_composite": "Q006764",
			"cdli_id": "P464957",
			"collection": "British Museum, London, UK",
			"credits": "Based on A. Kirk Grayson, Assyrian Rulers of the Early First Millennium BC II (858-745 BC) (RIMA 3), Toronto, 1996. Adapted by Jamie Novotny (2016) and lemmatized and updated by Nathan Morello (2016) for the Munich Open-access Cuneiform Corpus Initiative (MOCCI), a corpus-building initiative funded by LMU Munich and the Alexander von Humboldt Foundation (through the establishment of the Alexander von Humboldt Chair for Ancient History of the Near and Middle East) and based at the Historisches Seminar - Abteilung Alte Geschichte of Ludwig-Maximilians-Universität München. The annotated edition is released under the Creative Commons Attribution Share-Alike license 3.0. Please cite this page as http://oracc.org/riao/Q006764/.",
			"date_of_origin": "9th-8th century",
			"designation": "Unidentified Ruler 1098",
			"display_name": "RIAo Unidentified Ruler 1098",
			"dynastic_seat": "Assyria",
			"exemplars": "AH 1882-07-14, 1040",
			"genre": "Royal Inscription",
			"language": "Akkadian",
			"material": "stone",
			"object_type": "vessel",
			"period": "Neo-Assyrian",
			"pleiades_id": "894089",
			"popular_name": "RIMA 3 A.0.0.1098",
			"primary_publication": "Unidentified Ruler 1098",
			"provenience": "Tell Abu Habbah (Sippar-Yahrurum)",
			"script": "Neo-Assyrian",
			"script_remarks": "inscribed",
			"script_type": "Cuneiform",
			"subgenre": "Unidentified Ruler",
			"supergenre": "LIT"
		},
		"geometry": {
			"type": "Point",
			"coordinates": [44.253809,33.059195]
		}
	}, {
		"type": "Feature",
		"properties": {
			"id_composite": "Q006765",
			"cdli_id": "P463215",
			"collection": "British Museum, London, UK",
			"credits": "Based on A. Kirk Grayson, Assyrian Rulers of the Early First Millennium BC II (858-745 BC) (RIMA 3), Toronto, 1996. Adapted by Jamie Novotny (2016) and lemmatized and updated by Nathan Morello (2016) for the Munich Open-access Cuneiform Corpus Initiative (MOCCI), a corpus-building initiative funded by LMU Munich and the Alexander von Humboldt Foundation (through the establishment of the Alexander von Humboldt Chair for Ancient History of the Near and Middle East) and based at the Historisches Seminar - Abteilung Alte Geschichte of Ludwig-Maximilians-Universität München. The annotated edition is released under the Creative Commons Attribution Share-Alike license 3.0. Please cite this page as http://oracc.org/riao/Q006765/.",
			"date_of_origin": "9th-8th century",
			"designation": "Unidentified Ruler 1099",
			"display_name": "RIAo Unidentified Ruler 1099",
			"dynastic_seat": "Assyria",
			"exemplars": "BM 123342",
			"genre": "Royal Inscription",
			"language": "Akkadian",
			"material": "stone",
			"object_type": "obelisk",
			"period": "Neo-Assyrian",
			"pleiades_id": "874621",
			"popular_name": "RIMA 3 A.0.0.1099",
			"primary_publication": "Unidentified Ruler 1099",
			"provenience": "Kuyunjik (Nineveh)",
			"script": "Neo-Assyrian",
			"script_remarks": "inscribed",
			"script_type": "Cuneiform",
			"subgenre": "Unidentified Ruler",
			"supergenre": "LIT"
		},
		"geometry": {
			"type": "Point",
			"coordinates": [43.151937,36.358684]
		}
	}, {
		"type": "Feature",
		"properties": {
			"id_composite": "Q006766",
			"cdli_id": "P463216",
			"collection": "British Museum, London, UK",
			"credits": "Based on A. Kirk Grayson, Assyrian Rulers of the Early First Millennium BC II (858-745 BC) (RIMA 3), Toronto, 1996. Adapted by Jamie Novotny (2016) and lemmatized and updated by Nathan Morello (2016) for the Munich Open-access Cuneiform Corpus Initiative (MOCCI), a corpus-building initiative funded by LMU Munich and the Alexander von Humboldt Foundation (through the establishment of the Alexander von Humboldt Chair for Ancient History of the Near and Middle East) and based at the Historisches Seminar - Abteilung Alte Geschichte of Ludwig-Maximilians-Universität München. The annotated edition is released under the Creative Commons Attribution Share-Alike license 3.0. Please cite this page as http://oracc.org/riao/Q006766/.",
			"date_of_origin": "9th-8th century",
			"designation": "Unidentified Ruler 1100",
			"display_name": "RIAo Unidentified Ruler 1100",
			"dynastic_seat": "Assyria",
			"exemplars": "K 12826",
			"genre": "Royal Inscription",
			"language": "Akkadian",
			"material": "metal",
			"object_type": "strip",
			"period": "Neo-Assyrian",
			"pleiades_id": "874621",
			"popular_name": "RIMA 3 A.0.0.1100",
			"primary_publication": "Unidentified Ruler 1100",
			"provenience": "Kuyunjik (Nineveh)",
			"script": "Neo-Assyrian",
			"script_remarks": "inscribed",
			"script_type": "Cuneiform",
			"subgenre": "Unidentified Ruler",
			"supergenre": "LIT"
		},
		"geometry": {
			"type": "Point",
			"coordinates": [43.151937,36.358684]
		}
	}, {
		"type": "Feature",
		"properties": {
			"id_composite": "Q006767",
			"cdli_id": "P463217",
			"credits": "Based on A. Kirk Grayson, Assyrian Rulers of the Early First Millennium BC II (858-745 BC) (RIMA 3), Toronto, 1996. Adapted by Jamie Novotny (2016) and lemmatized and updated by Nathan Morello (2016) for the Munich Open-access Cuneiform Corpus Initiative (MOCCI), a corpus-building initiative funded by LMU Munich and the Alexander von Humboldt Foundation (through the establishment of the Alexander von Humboldt Chair for Ancient History of the Near and Middle East) and based at the Historisches Seminar - Abteilung Alte Geschichte of Ludwig-Maximilians-Universität München. The annotated edition is released under the Creative Commons Attribution Share-Alike license 3.0. Please cite this page as http://oracc.org/riao/Q006767/.",
			"date_of_origin": "9th-8th century",
			"designation": "Unidentified Ruler 1101",
			"display_name": "RIAo Unidentified Ruler 1101",
			"dynastic_seat": "Assyria",
			"exemplars": "Andrae, AAT pl. XXX",
			"genre": "Royal Inscription",
			"language": "Akkadian",
			"material": "stone",
			"object_type": "uncertain",
			"period": "Neo-Assyrian",
			"pleiades_id": "893945",
			"popular_name": "RIMA 3 A.0.0.1101",
			"primary_publication": "Unidentified Ruler 1101",
			"provenience": "Qalat Sherqat (Assur)",
			"script": "Neo-Assyrian",
			"script_remarks": "inscribed",
			"script_type": "Cuneiform",
			"subgenre": "Unidentified Ruler",
			"supergenre": "LIT"
		},
		"geometry": {
			"type": "Point",
			"coordinates": [43.262037,35.458121]
		}
	}]
}
