{
	"type": "FeatureCollection",
	"features": [{
		"type": "Feature",
		"properties": {
			"designation": "SAA 07 001",
			"atae_lists": "atae/saao:P335693",
			"has_date": "yes",
			"date": "X-17",
			"month": "X",
			"day": "17",
			"accession_no": "K 01276",
			"add_no": "ADD 0851",
			"archive": "099 - Miscellaneous",
			"cdli_accession_no": "K 01276",
			"cdli_id": "P335693",
			"cdli_museum_no": "BM —",
			"ch_name": "Lists of Court Personnel",
			"ch_no": "Ch. 1",
			"ch_num_name": "Ch. 1 (Lists of Court Personnel)",
			"collection": "British Museum, London, UK",
			"comp_wit": "witness",
			"credits": "Adapted from F. Mario Fales and J. Nicholas Postgate, Imperial Administrative Records, Part I: Palace and Temple Administration (State Archives of Assyria, 7), 1992. Lemmatised by Mikko Luukko, 2017, as part of the research programme of the Alexander von Humboldt Chair in the Ancient History of the Near and Middle East at LMU Munich (Karen Radner, Humboldt Professorship 2015. The annotated edition is released under the Creative Commons Attribution Share-Alike license 3.0.  Please cite this page as http://oracc.org/saao/P335693/.",
			"date_gen": "X-17",
			"date_of_origin": "00.000.10.17",
			"display_name": "SAA 07 001",
			"edited_twice": "no",
			"genre": "Administrative Record",
			"id_text": "P335693",
			"language": "Akkadian",
			"long_date": "Kanūnu 17th",
			"long_date_gen": "Kanūnu 17th",
			"material": "clay",
			"museum_no": "BM —",
			"object_type": "tablet",
			"oracc_header": "&amp;P335693 = SAA 07 001#project: saao/saa22#atf: lang nb#key: file=SAA22/SAA22.saa#key: musno=K 01276#key: cdli=K 01276#key: date=Esarhaddon or Ashurbanipal#key: writer=#key: preservation=",
			"period": "Neo-Assyrian",
			"please_cite": "Please cite this page as http://oracc.org/saao/P335693/.",
			"pleiades_id": "874621",
			"primary_publication": "ADD 0851",
			"project": "saa07",
			"proposed_date": "(ca. 674-650)",
			"provenience": "Kuyunjik (Nineveh)",
			"publication_history": "SAA 07, 001",
			"rework": "no",
			"ruler": "Esarhaddon or Ashurbanipal",
			"saa_attribution": "Adapted from F. Mario Fales and J. Nicholas Postgate, Imperial Administrative Records, Part I: Palace and Temple Administration (State Archives of Assyria, 7), 1992. Lemmatised by Mikko Luukko, 2017, as part of the research programme of the Alexander von Humboldt Chair in the Ancient History of the Near and Middle East at LMU Munich (Karen Radner, Humboldt Professorship 2015. The annotated edition is released under the Creative Commons Attribution Share-Alike license 3.0.",
			"saa_cdli_accession": "yes",
			"saa_cdli_id": "yes",
			"saa_cdli_museum": "yes",
			"saao_lists": "saao/saa07:P335693",
			"script": "Neo-Assyrian",
			"script_remarks": "inscribed",
			"script_type": "Cuneiform",
			"secondary_record": "no",
			"short_title": "Administrative Records 1",
			"title": "List of Experts at Court",
			"vol_title": "Imperial Administrative Records, Part I: Palace and Temple Administration",
			"volume": "SAA 7"
		},
		"geometry": {
			"type": "Point",
			"coordinates": [43.151937,36.358684]
		}
	}, {
		"type": "Feature",
		"properties": {
			"designation": "SAA 07 002",
			"atae_lists": "atae/saao:P240273",
			"has_date": "no",
			"accession_no": "Sm 0471",
			"archive": "099 - Miscellaneous",
			"cdli_accession_no": "Sm 0471",
			"cdli_id": "P240273",
			"cdli_museum_no": "BM —",
			"ch_name": "Lists of Court Personnel",
			"ch_no": "Ch. 1",
			"ch_num_name": "Ch. 1 (Lists of Court Personnel)",
			"collection": "British Museum, London, UK",
			"comp_wit": "witness",
			"credits": "Adapted from F. Mario Fales and J. Nicholas Postgate, Imperial Administrative Records, Part I: Palace and Temple Administration (State Archives of Assyria, 7), 1992. Lemmatised by Mikko Luukko, 2017, as part of the research programme of the Alexander von Humboldt Chair in the Ancient History of the Near and Middle East at LMU Munich (Karen Radner, Humboldt Professorship 2015. The annotated edition is released under the Creative Commons Attribution Share-Alike license 3.0.  Please cite this page as http://oracc.org/saao/P240273/.",
			"date_of_origin": "00.000.00.00",
			"display_name": "SAA 07 002",
			"edited_twice": "no",
			"genre": "Administrative Record",
			"id_text": "P240273",
			"language": "Akkadian",
			"material": "clay",
			"museum_no": "BM —",
			"object_type": "tablet",
			"oracc_header": "&amp;P240273 = SAA 07 002#project: saao/saa22#atf: lang nb#key: file=SAA22/SAA22.saa#key: musno=Sm 0471#key: cdli=Sm 0471#key: date=Esarhaddon or Ashurbanipal#key: writer=#key: preservation=",
			"period": "Neo-Assyrian",
			"please_cite": "Please cite this page as http://oracc.org/saao/P240273/.",
			"pleiades_id": "874621",
			"project": "saa07",
			"proposed_date": "(ca. 674-650)",
			"provenience": "Kuyunjik (Nineveh)",
			"publication_history": "SAA 07, 002",
			"rework": "no",
			"ruler": "Esarhaddon or Ashurbanipal",
			"saa_attribution": "Adapted from F. Mario Fales and J. Nicholas Postgate, Imperial Administrative Records, Part I: Palace and Temple Administration (State Archives of Assyria, 7), 1992. Lemmatised by Mikko Luukko, 2017, as part of the research programme of the Alexander von Humboldt Chair in the Ancient History of the Near and Middle East at LMU Munich (Karen Radner, Humboldt Professorship 2015. The annotated edition is released under the Creative Commons Attribution Share-Alike license 3.0.",
			"saa_cdli_accession": "yes",
			"saa_cdli_id": "yes",
			"saa_cdli_museum": "yes",
			"saao_lists": "saao/saa07:P240273",
			"script": "Neo-Babylonian",
			"script_remarks": "inscribed",
			"script_type": "Cuneiform",
			"secondary_record": "no",
			"short_title": "Administrative Records 1",
			"title": "List of Experts",
			"vol_title": "Imperial Administrative Records, Part I: Palace and Temple Administration",
			"volume": "SAA 7"
		},
		"geometry": {
			"type": "Point",
			"coordinates": [43.151937,36.358684]
		}
	}, {
		"type": "Feature",
		"properties": {
			"designation": "SAA 07 003",
			"atae_lists": "atae/saao:P335695",
			"has_date": "yes",
			"date": "X-16",
			"month": "X",
			"day": "16",
			"accession_no": "K 09921",
			"add_no": "ADD 0853",
			"archive": "099 - Miscellaneous",
			"cdli_accession_no": "K 09921",
			"cdli_id": "P335695",
			"cdli_museum_no": "BM —",
			"ch_name": "Lists of Court Personnel",
			"ch_no": "Ch. 1",
			"ch_num_name": "Ch. 1 (Lists of Court Personnel)",
			"collection": "British Museum, London, UK",
			"comp_wit": "witness",
			"credits": "Adapted from F. Mario Fales and J. Nicholas Postgate, Imperial Administrative Records, Part I: Palace and Temple Administration (State Archives of Assyria, 7), 1992. Lemmatised by Mikko Luukko, 2017, as part of the research programme of the Alexander von Humboldt Chair in the Ancient History of the Near and Middle East at LMU Munich (Karen Radner, Humboldt Professorship 2015. The annotated edition is released under the Creative Commons Attribution Share-Alike license 3.0.  Please cite this page as http://oracc.org/saao/P335695/.",
			"date_gen": "X-16",
			"date_of_origin": "00.000.10.16",
			"display_name": "SAA 07 003",
			"edited_twice": "no",
			"genre": "Administrative Record",
			"id_text": "P335695",
			"language": "Akkadian",
			"long_date": "Kanūnu 16th",
			"long_date_gen": "Kanūnu 16th",
			"material": "clay",
			"museum_no": "BM —",
			"object_type": "tablet",
			"oracc_header": "&amp;P335695 = SAA 07 003#project: saao/saa22#atf: lang nb#key: file=SAA22/SAA22.saa#key: musno=K 09921#key: cdli=K 09921#key: date=Esarhaddon or Ashurbanipal#key: writer=#key: preservation=",
			"period": "Neo-Assyrian",
			"please_cite": "Please cite this page as http://oracc.org/saao/P335695/.",
			"pleiades_id": "874621",
			"primary_publication": "ADD 0853",
			"project": "saa07",
			"proposed_date": "(ca. 674-650)",
			"provenience": "Kuyunjik (Nineveh)",
			"publication_history": "SAA 07, 003",
			"rework": "no",
			"ruler": "Esarhaddon or Ashurbanipal",
			"saa_attribution": "Adapted from F. Mario Fales and J. Nicholas Postgate, Imperial Administrative Records, Part I: Palace and Temple Administration (State Archives of Assyria, 7), 1992. Lemmatised by Mikko Luukko, 2017, as part of the research programme of the Alexander von Humboldt Chair in the Ancient History of the Near and Middle East at LMU Munich (Karen Radner, Humboldt Professorship 2015. The annotated edition is released under the Creative Commons Attribution Share-Alike license 3.0.",
			"saa_cdli_accession": "yes",
			"saa_cdli_id": "yes",
			"saa_cdli_museum": "yes",
			"saao_lists": "saao/saa07:P335695",
			"script": "Neo-Assyrian",
			"script_remarks": "inscribed",
			"script_type": "Cuneiform",
			"secondary_record": "no",
			"short_title": "Administrative Records 1",
			"title": "List of Governors and Other High Officials",
			"vol_title": "Imperial Administrative Records, Part I: Palace and Temple Administration",
			"volume": "SAA 7"
		},
		"geometry": {
			"type": "Point",
			"coordinates": [43.151937,36.358684]
		}
	}, {
		"type": "Feature",
		"properties": {
			"designation": "SAA 07 004",
			"atae_lists": "atae/saao:P335696",
			"has_date": "unknown",
			"accession_no": "1883-01-18, 0347",
			"add_no": "ADD 0854",
			"archive": "099 - Miscellaneous",
			"cdli_accession_no": "1883-01-18, 0347",
			"cdli_id": "P335696",
			"cdli_museum_no": "BM —",
			"ch_name": "Lists of Court Personnel",
			"ch_no": "Ch. 1",
			"ch_num_name": "Ch. 1 (Lists of Court Personnel)",
			"collection": "British Museum, London, UK",
			"comp_wit": "witness",
			"credits": "Adapted from F. Mario Fales and J. Nicholas Postgate, Imperial Administrative Records, Part I: Palace and Temple Administration (State Archives of Assyria, 7), 1992. Lemmatised by Mikko Luukko, 2017, as part of the research programme of the Alexander von Humboldt Chair in the Ancient History of the Near and Middle East at LMU Munich (Karen Radner, Humboldt Professorship 2015. The annotated edition is released under the Creative Commons Attribution Share-Alike license 3.0.  Please cite this page as http://oracc.org/saao/P335696/.",
			"date_of_origin": "00.000.00.00",
			"display_name": "SAA 07 004",
			"edited_twice": "no",
			"genre": "Administrative Record",
			"id_text": "P335696",
			"language": "Akkadian",
			"material": "clay",
			"museum_no": "BM —",
			"object_type": "tablet",
			"oracc_header": "&amp;P335696 = SAA 07 004#project: saao/saa22#atf: lang nb#key: file=SAA22/SAA22.saa#key: musno=1883-01-18, 0347#key: cdli=1883-01-18, 0347#key: date=Esarhaddon or Ashurbanipal#key: writer=#key: preservation=",
			"period": "Neo-Assyrian",
			"please_cite": "Please cite this page as http://oracc.org/saao/P335696/.",
			"pleiades_id": "874621",
			"primary_publication": "ADD 0854",
			"project": "saa07",
			"proposed_date": "(ca. 674-650)",
			"provenience": "Kuyunjik (Nineveh)",
			"publication_history": "SAA 07, 004",
			"rework": "no",
			"ruler": "Esarhaddon or Ashurbanipal",
			"saa_attribution": "Adapted from F. Mario Fales and J. Nicholas Postgate, Imperial Administrative Records, Part I: Palace and Temple Administration (State Archives of Assyria, 7), 1992. Lemmatised by Mikko Luukko, 2017, as part of the research programme of the Alexander von Humboldt Chair in the Ancient History of the Near and Middle East at LMU Munich (Karen Radner, Humboldt Professorship 2015. The annotated edition is released under the Creative Commons Attribution Share-Alike license 3.0.",
			"saa_cdli_accession": "yes",
			"saa_cdli_id": "yes",
			"saa_cdli_museum": "yes",
			"saao_lists": "saao/saa07:P335696",
			"script": "Neo-Assyrian",
			"script_remarks": "inscribed",
			"script_type": "Cuneiform",
			"secondary_record": "no",
			"short_title": "Administrative Records 1",
			"title": "List of Governors and Other High Officials",
			"vol_title": "Imperial Administrative Records, Part I: Palace and Temple Administration",
			"volume": "SAA 7"
		},
		"geometry": {
			"type": "Point",
			"coordinates": [43.151937,36.358684]
		}
	}, {
		"type": "Feature",
		"properties": {
			"designation": "SAA 07 005",
			"atae_lists": "atae/saao:P335699",
			"has_date": "yes, but date partially preserved",
			"date": "[...]-[x]+4",
			"month": "[...]",
			"day": "[x]+4",
			"accession_no": "K 01359 + K 13197",
			"add_no": "ADD 0857",
			"archive": "099 - Miscellaneous",
			"cdli_accession_no": "K 01359 + K 13197",
			"cdli_id": "P335699",
			"cdli_museum_no": "BM —",
			"ch_name": "Lists of Court Personnel",
			"ch_no": "Ch. 1",
			"ch_num_name": "Ch. 1 (Lists of Court Personnel)",
			"collection": "British Museum, London, UK",
			"comp_wit": "witness",
			"credits": "Adapted from F. Mario Fales and J. Nicholas Postgate, Imperial Administrative Records, Part I: Palace and Temple Administration (State Archives of Assyria, 7), 1992. Lemmatised by Mikko Luukko, 2017, as part of the research programme of the Alexander von Humboldt Chair in the Ancient History of the Near and Middle East at LMU Munich (Karen Radner, Humboldt Professorship 2015. The annotated edition is released under the Creative Commons Attribution Share-Alike license 3.0.  Please cite this page as http://oracc.org/saao/P335699/.",
			"date_gen": "[...]-[x]+4",
			"date_of_origin": "00.000.00.[x]+4",
			"display_name": "SAA 07 005",
			"edited_twice": "no",
			"genre": "Administrative Record",
			"id_text": "P335699",
			"language": "Akkadian",
			"long_date": "[... x]+4th",
			"long_date_gen": "... [x]+4th",
			"material": "clay",
			"museum_no": "BM —",
			"object_type": "tablet",
			"oracc_header": "&amp;P335699 = SAA 07 005#project: saao/saa22#atf: lang nb#key: file=SAA22/SAA22.saa#key: musno=K 01359 + K 13197#key: cdli=K 01359 + K 13197#key: date=Esarhaddon or Ashurbanipal#key: writer=#key: preservation=",
			"period": "Neo-Assyrian",
			"please_cite": "Please cite this page as http://oracc.org/saao/P335699/.",
			"pleiades_id": "874621",
			"primary_publication": "ADD 0857",
			"project": "saa07",
			"proposed_date": "(ca. 674-650)",
			"provenience": "Kuyunjik (Nineveh)",
			"publication_history": "SAA 07, 005",
			"rework": "no",
			"ruler": "Esarhaddon or Ashurbanipal",
			"saa_attribution": "Adapted from F. Mario Fales and J. Nicholas Postgate, Imperial Administrative Records, Part I: Palace and Temple Administration (State Archives of Assyria, 7), 1992. Lemmatised by Mikko Luukko, 2017, as part of the research programme of the Alexander von Humboldt Chair in the Ancient History of the Near and Middle East at LMU Munich (Karen Radner, Humboldt Professorship 2015. The annotated edition is released under the Creative Commons Attribution Share-Alike license 3.0.",
			"saa_cdli_accession": "yes",
			"saa_cdli_id": "yes",
			"saa_cdli_museum": "yes",
			"saao_lists": "saao/saa07:P335699",
			"script": "Neo-Assyrian",
			"script_remarks": "inscribed",
			"script_type": "Cuneiform",
			"secondary_record": "no",
			"short_title": "Administrative Records 1",
			"title": "List of Officials at Court",
			"vol_title": "Imperial Administrative Records, Part I: Palace and Temple Administration",
			"volume": "SAA 7"
		},
		"geometry": {
			"type": "Point",
			"coordinates": [43.151937,36.358684]
		}
	}, {
		"type": "Feature",
		"properties": {
			"designation": "SAA 07 006",
			"atae_lists": "atae/saao:P335683",
			"has_date": "unknown",
			"accession_no": "K 07387 + K 12843 + 1882-03-23, 0099",
			"add_no": "ADD 0840+",
			"archive": "099 - Miscellaneous",
			"cdli_accession_no": "K 07387 + K 12843 + 1882-03-23, 0099",
			"cdli_id": "P335683",
			"cdli_museum_no": "BM —",
			"ch_name": "Lists of Court Personnel",
			"ch_no": "Ch. 1",
			"ch_num_name": "Ch. 1 (Lists of Court Personnel)",
			"collection": "British Museum, London, UK",
			"comp_wit": "witness",
			"credits": "Adapted from F. Mario Fales and J. Nicholas Postgate, Imperial Administrative Records, Part I: Palace and Temple Administration (State Archives of Assyria, 7), 1992. Lemmatised by Mikko Luukko, 2017, as part of the research programme of the Alexander von Humboldt Chair in the Ancient History of the Near and Middle East at LMU Munich (Karen Radner, Humboldt Professorship 2015. The annotated edition is released under the Creative Commons Attribution Share-Alike license 3.0.  Please cite this page as http://oracc.org/saao/P335683/.",
			"date_of_origin": "00.000.00.00",
			"display_name": "SAA 07 006",
			"edited_twice": "no",
			"genre": "Administrative Record",
			"id_text": "P335683",
			"language": "Akkadian",
			"material": "clay",
			"museum_no": "BM —",
			"object_type": "tablet",
			"oracc_header": "&amp;P335683 = SAA 07 006#project: saao/saa22#atf: lang nb#key: file=SAA22/SAA22.saa#key: musno=K 07387 + K 12843 + 1882-03-23, 0099#key: cdli=K 07387 + K 12843 + 1882-03-23, 0099#key: date=Esarhaddon or Ashurbanipal#key: writer=#key: preservation=",
			"period": "Neo-Assyrian",
			"please_cite": "Please cite this page as http://oracc.org/saao/P335683/.",
			"pleiades_id": "874621",
			"primary_publication": "ADD 0840+",
			"project": "saa07",
			"proposed_date": "(ca. 674-650)",
			"provenience": "Kuyunjik (Nineveh)",
			"publication_history": "SAA 07, 006",
			"rework": "no",
			"ruler": "Esarhaddon or Ashurbanipal",
			"saa_attribution": "Adapted from F. Mario Fales and J. Nicholas Postgate, Imperial Administrative Records, Part I: Palace and Temple Administration (State Archives of Assyria, 7), 1992. Lemmatised by Mikko Luukko, 2017, as part of the research programme of the Alexander von Humboldt Chair in the Ancient History of the Near and Middle East at LMU Munich (Karen Radner, Humboldt Professorship 2015. The annotated edition is released under the Creative Commons Attribution Share-Alike license 3.0.",
			"saa_cdli_accession": "yes",
			"saa_cdli_id": "yes",
			"saa_cdli_museum": "yes",
			"saao_lists": "saao/saa07:P335683",
			"script": "Neo-Assyrian",
			"script_remarks": "inscribed",
			"script_type": "Cuneiform",
			"secondary_record": "no",
			"short_title": "Administrative Records 1",
			"title": "List of Officials at Court",
			"vol_title": "Imperial Administrative Records, Part I: Palace and Temple Administration",
			"volume": "SAA 7"
		},
		"geometry": {
			"type": "Point",
			"coordinates": [43.151937,36.358684]
		}
	}, {
		"type": "Feature",
		"properties": {
			"designation": "SAA 07 007",
			"atae_lists": "atae/saao:P335677",
			"has_date": "unknown",
			"accession_no": "1883-01-18, 0596",
			"add_no": "ADD 0833",
			"archive": "099 - Miscellaneous",
			"cdli_accession_no": "1883-01-18, 0596",
			"cdli_id": "P335677",
			"cdli_museum_no": "BM —",
			"ch_name": "Lists of Court Personnel",
			"ch_no": "Ch. 1",
			"ch_num_name": "Ch. 1 (Lists of Court Personnel)",
			"collection": "British Museum, London, UK",
			"comp_wit": "witness",
			"credits": "Adapted from F. Mario Fales and J. Nicholas Postgate, Imperial Administrative Records, Part I: Palace and Temple Administration (State Archives of Assyria, 7), 1992. Lemmatised by Mikko Luukko, 2017, as part of the research programme of the Alexander von Humboldt Chair in the Ancient History of the Near and Middle East at LMU Munich (Karen Radner, Humboldt Professorship 2015. The annotated edition is released under the Creative Commons Attribution Share-Alike license 3.0.  Please cite this page as http://oracc.org/saao/P335677/.",
			"date_of_origin": "00.000.00.00",
			"display_name": "SAA 07 007",
			"edited_twice": "no",
			"genre": "Administrative Record",
			"id_text": "P335677",
			"language": "Akkadian",
			"material": "clay",
			"museum_no": "BM —",
			"object_type": "tablet",
			"oracc_header": "&amp;P335677 = SAA 07 007#project: saao/saa22#atf: lang nb#key: file=SAA22/SAA22.saa#key: musno=1883-01-18, 0596#key: cdli=1883-01-18, 0596#key: date=Esarhaddon or Ashurbanipal#key: writer=#key: preservation=",
			"period": "Neo-Assyrian",
			"please_cite": "Please cite this page as http://oracc.org/saao/P335677/.",
			"pleiades_id": "874621",
			"primary_publication": "ADD 0833",
			"project": "saa07",
			"proposed_date": "(ca. 674-650)",
			"provenience": "Kuyunjik (Nineveh)",
			"publication_history": "SAA 07, 007",
			"rework": "no",
			"ruler": "Esarhaddon or Ashurbanipal",
			"saa_attribution": "Adapted from F. Mario Fales and J. Nicholas Postgate, Imperial Administrative Records, Part I: Palace and Temple Administration (State Archives of Assyria, 7), 1992. Lemmatised by Mikko Luukko, 2017, as part of the research programme of the Alexander von Humboldt Chair in the Ancient History of the Near and Middle East at LMU Munich (Karen Radner, Humboldt Professorship 2015. The annotated edition is released under the Creative Commons Attribution Share-Alike license 3.0.",
			"saa_cdli_accession": "yes",
			"saa_cdli_id": "yes",
			"saa_cdli_museum": "yes",
			"saao_lists": "saao/saa07:P335677",
			"script": "Neo-Assyrian",
			"script_remarks": "inscribed",
			"script_type": "Cuneiform",
			"secondary_record": "no",
			"short_title": "Administrative Records 1",
			"title": "List of Officials at Court",
			"vol_title": "Imperial Administrative Records, Part I: Palace and Temple Administration",
			"volume": "SAA 7"
		},
		"geometry": {
			"type": "Point",
			"coordinates": [43.151937,36.358684]
		}
	}, {
		"type": "Feature",
		"properties": {
			"designation": "SAA 07 008",
			"atae_lists": "atae/saao:P335682",
			"has_date": "unknown",
			"accession_no": "1883-01-18, 0457",
			"add_no": "ADD 0839",
			"archive": "099 - Miscellaneous",
			"cdli_accession_no": "1883-01-18, 0457",
			"cdli_id": "P335682",
			"cdli_museum_no": "BM —",
			"ch_name": "Lists of Lodgings for Officials",
			"ch_no": "Ch. 2",
			"ch_num_name": "Ch. 2 (Lists of Lodgings for Officials)",
			"collection": "British Museum, London, UK",
			"comp_wit": "witness",
			"credits": "Adapted from F. Mario Fales and J. Nicholas Postgate, Imperial Administrative Records, Part I: Palace and Temple Administration (State Archives of Assyria, 7), 1992. Lemmatised by Mikko Luukko, 2017, as part of the research programme of the Alexander von Humboldt Chair in the Ancient History of the Near and Middle East at LMU Munich (Karen Radner, Humboldt Professorship 2015. The annotated edition is released under the Creative Commons Attribution Share-Alike license 3.0.  Please cite this page as http://oracc.org/saao/P335682/.",
			"date_of_origin": "00.000.00.00",
			"display_name": "SAA 07 008",
			"edited_twice": "no",
			"genre": "Administrative Record",
			"id_text": "P335682",
			"language": "Akkadian",
			"material": "clay",
			"museum_no": "BM —",
			"object_type": "tablet",
			"oracc_header": "&amp;P335682 = SAA 07 008#project: saao/saa22#atf: lang nb#key: file=SAA22/SAA22.saa#key: musno=1883-01-18, 0457#key: cdli=1883-01-18, 0457#key: date=Esarhaddon or Ashurbanipal#key: writer=#key: preservation=",
			"period": "Neo-Assyrian",
			"please_cite": "Please cite this page as http://oracc.org/saao/P335682/.",
			"pleiades_id": "874621",
			"primary_publication": "ADD 0839",
			"project": "saa07",
			"proposed_date": "(ca. 674-650)",
			"provenience": "Kuyunjik (Nineveh)",
			"publication_history": "SAA 07, 008",
			"rework": "no",
			"ruler": "Esarhaddon or Ashurbanipal",
			"saa_attribution": "Adapted from F. Mario Fales and J. Nicholas Postgate, Imperial Administrative Records, Part I: Palace and Temple Administration (State Archives of Assyria, 7), 1992. Lemmatised by Mikko Luukko, 2017, as part of the research programme of the Alexander von Humboldt Chair in the Ancient History of the Near and Middle East at LMU Munich (Karen Radner, Humboldt Professorship 2015. The annotated edition is released under the Creative Commons Attribution Share-Alike license 3.0.",
			"saa_cdli_accession": "yes",
			"saa_cdli_id": "yes",
			"saa_cdli_museum": "yes",
			"saao_lists": "saao/saa07:P335682",
			"script": "Neo-Assyrian",
			"script_remarks": "inscribed",
			"script_type": "Cuneiform",
			"secondary_record": "no",
			"short_title": "Administrative Records 1",
			"title": "List of Lodgings for Officials",
			"vol_title": "Imperial Administrative Records, Part I: Palace and Temple Administration",
			"volume": "SAA 7"
		},
		"geometry": {
			"type": "Point",
			"coordinates": [43.151937,36.358684]
		}
	}, {
		"type": "Feature",
		"properties": {
			"designation": "SAA 07 009",
			"atae_lists": "atae/saao:P335701",
			"has_date": "unknown",
			"accession_no": "K 08143 + 1880-07-19, 0105",
			"add_no": "ADD 0860",
			"archive": "099 - Miscellaneous",
			"cdli_accession_no": "K 08143 + 1880-07-19, 0105",
			"cdli_id": "P335701",
			"cdli_museum_no": "BM —",
			"ch_name": "Lists of Lodgings for Officials",
			"ch_no": "Ch. 2",
			"ch_num_name": "Ch. 2 (Lists of Lodgings for Officials)",
			"collection": "British Museum, London, UK",
			"comp_wit": "witness",
			"credits": "Adapted from F. Mario Fales and J. Nicholas Postgate, Imperial Administrative Records, Part I: Palace and Temple Administration (State Archives of Assyria, 7), 1992. Lemmatised by Mikko Luukko, 2017, as part of the research programme of the Alexander von Humboldt Chair in the Ancient History of the Near and Middle East at LMU Munich (Karen Radner, Humboldt Professorship 2015. The annotated edition is released under the Creative Commons Attribution Share-Alike license 3.0.  Please cite this page as http://oracc.org/saao/P335701/.",
			"date_of_origin": "00.000.00.00",
			"display_name": "SAA 07 009",
			"edited_twice": "no",
			"genre": "Administrative Record",
			"id_text": "P335701",
			"language": "Akkadian",
			"material": "clay",
			"museum_no": "BM —",
			"object_type": "tablet",
			"oracc_header": "&amp;P335701 = SAA 07 009#project: saao/saa22#atf: lang nb#key: file=SAA22/SAA22.saa#key: musno=K 08143 + 1880-07-19, 0105#key: cdli=K 08143 + 1880-07-19, 0105#key: date=Esarhaddon or Ashurbanipal#key: writer=#key: preservation=",
			"period": "Neo-Assyrian",
			"please_cite": "Please cite this page as http://oracc.org/saao/P335701/.",
			"pleiades_id": "874621",
			"primary_publication": "ADD 0860",
			"project": "saa07",
			"proposed_date": "(ca. 674-650)",
			"provenience": "Kuyunjik (Nineveh)",
			"publication_history": "SAA 07, 009",
			"rework": "no",
			"ruler": "Esarhaddon or Ashurbanipal",
			"saa_attribution": "Adapted from F. Mario Fales and J. Nicholas Postgate, Imperial Administrative Records, Part I: Palace and Temple Administration (State Archives of Assyria, 7), 1992. Lemmatised by Mikko Luukko, 2017, as part of the research programme of the Alexander von Humboldt Chair in the Ancient History of the Near and Middle East at LMU Munich (Karen Radner, Humboldt Professorship 2015. The annotated edition is released under the Creative Commons Attribution Share-Alike license 3.0.",
			"saa_cdli_accession": "yes",
			"saa_cdli_id": "yes",
			"saa_cdli_museum": "yes",
			"saao_lists": "saao/saa07:P335701",
			"script": "Neo-Assyrian",
			"script_remarks": "inscribed",
			"script_type": "Cuneiform",
			"secondary_record": "no",
			"short_title": "Administrative Records 1",
			"title": "List of Lodgings for Officials",
			"vol_title": "Imperial Administrative Records, Part I: Palace and Temple Administration",
			"volume": "SAA 7"
		},
		"geometry": {
			"type": "Point",
			"coordinates": [43.151937,36.358684]
		}
	}, {
		"type": "Feature",
		"properties": {
			"designation": "SAA 07 010",
			"atae_lists": "atae/saao:P335692",
			"has_date": "unknown",
			"accession_no": "1883-01-18, 0594",
			"add_no": "ADD 0850",
			"archive": "099 - Miscellaneous",
			"cdli_accession_no": "1883-01-18, 0594",
			"cdli_id": "P335692",
			"cdli_museum_no": "BM —",
			"ch_name": "Lists of Lodgings for Officials",
			"ch_no": "Ch. 2",
			"ch_num_name": "Ch. 2 (Lists of Lodgings for Officials)",
			"collection": "British Museum, London, UK",
			"comp_wit": "witness",
			"credits": "Adapted from F. Mario Fales and J. Nicholas Postgate, Imperial Administrative Records, Part I: Palace and Temple Administration (State Archives of Assyria, 7), 1992. Lemmatised by Mikko Luukko, 2017, as part of the research programme of the Alexander von Humboldt Chair in the Ancient History of the Near and Middle East at LMU Munich (Karen Radner, Humboldt Professorship 2015. The annotated edition is released under the Creative Commons Attribution Share-Alike license 3.0.  Please cite this page as http://oracc.org/saao/P335692/.",
			"date_of_origin": "00.000.00.00",
			"display_name": "SAA 07 010",
			"edited_twice": "no",
			"genre": "Administrative Record",
			"id_text": "P335692",
			"language": "Akkadian",
			"material": "clay",
			"museum_no": "BM —",
			"object_type": "tablet",
			"oracc_header": "&amp;P335692 = SAA 07 010#project: saao/saa22#atf: lang nb#key: file=SAA22/SAA22.saa#key: musno=1883-01-18, 0594#key: cdli=1883-01-18, 0594#key: date=Esarhaddon or Ashurbanipal#key: writer=#key: preservation=",
			"period": "Neo-Assyrian",
			"please_cite": "Please cite this page as http://oracc.org/saao/P335692/.",
			"pleiades_id": "874621",
			"primary_publication": "ADD 0850",
			"project": "saa07",
			"proposed_date": "(ca. 674-650)",
			"provenience": "Kuyunjik (Nineveh)",
			"publication_history": "SAA 07, 010",
			"rework": "no",
			"ruler": "Esarhaddon or Ashurbanipal",
			"saa_attribution": "Adapted from F. Mario Fales and J. Nicholas Postgate, Imperial Administrative Records, Part I: Palace and Temple Administration (State Archives of Assyria, 7), 1992. Lemmatised by Mikko Luukko, 2017, as part of the research programme of the Alexander von Humboldt Chair in the Ancient History of the Near and Middle East at LMU Munich (Karen Radner, Humboldt Professorship 2015. The annotated edition is released under the Creative Commons Attribution Share-Alike license 3.0.",
			"saa_cdli_accession": "yes",
			"saa_cdli_id": "yes",
			"saa_cdli_museum": "yes",
			"saao_lists": "saao/saa07:P335692",
			"script": "Neo-Assyrian",
			"script_remarks": "inscribed",
			"script_type": "Cuneiform",
			"secondary_record": "no",
			"short_title": "Administrative Records 1",
			"title": "List of Lodgings for Officials",
			"vol_title": "Imperial Administrative Records, Part I: Palace and Temple Administration",
			"volume": "SAA 7"
		},
		"geometry": {
			"type": "Point",
			"coordinates": [43.151937,36.358684]
		}
	}, {
		"type": "Feature",
		"properties": {
			"designation": "SAA 07 011",
			"atae_lists": "atae/saao:P335684",
			"has_date": "unknown",
			"accession_no": "1881-02-04, 0501",
			"add_no": "ADD 0841",
			"archive": "099 - Miscellaneous",
			"cdli_accession_no": "1881-02-04, 0501",
			"cdli_id": "P335684",
			"cdli_museum_no": "BM —",
			"ch_name": "Lists of Lodgings for Officials",
			"ch_no": "Ch. 2",
			"ch_num_name": "Ch. 2 (Lists of Lodgings for Officials)",
			"collection": "British Museum, London, UK",
			"comp_wit": "witness",
			"credits": "Adapted from F. Mario Fales and J. Nicholas Postgate, Imperial Administrative Records, Part I: Palace and Temple Administration (State Archives of Assyria, 7), 1992. Lemmatised by Mikko Luukko, 2017, as part of the research programme of the Alexander von Humboldt Chair in the Ancient History of the Near and Middle East at LMU Munich (Karen Radner, Humboldt Professorship 2015. The annotated edition is released under the Creative Commons Attribution Share-Alike license 3.0.  Please cite this page as http://oracc.org/saao/P335684/.",
			"date_of_origin": "00.000.00.00",
			"display_name": "SAA 07 011",
			"edited_twice": "no",
			"genre": "Administrative Record",
			"id_text": "P335684",
			"language": "Akkadian",
			"material": "clay",
			"museum_no": "BM —",
			"object_type": "tablet",
			"oracc_header": "&amp;P335684 = SAA 07 011#project: saao/saa22#atf: lang nb#key: file=SAA22/SAA22.saa#key: musno=1881-02-04, 0501#key: cdli=1881-02-04, 0501#key: date=Esarhaddon or Ashurbanipal#key: writer=#key: preservation=",
			"period": "Neo-Assyrian",
			"please_cite": "Please cite this page as http://oracc.org/saao/P335684/.",
			"pleiades_id": "874621",
			"primary_publication": "ADD 0841",
			"project": "saa07",
			"proposed_date": "(ca. 674-650)",
			"provenience": "Kuyunjik (Nineveh)",
			"publication_history": "SAA 07, 011",
			"rework": "no",
			"ruler": "Esarhaddon or Ashurbanipal",
			"saa_attribution": "Adapted from F. Mario Fales and J. Nicholas Postgate, Imperial Administrative Records, Part I: Palace and Temple Administration (State Archives of Assyria, 7), 1992. Lemmatised by Mikko Luukko, 2017, as part of the research programme of the Alexander von Humboldt Chair in the Ancient History of the Near and Middle East at LMU Munich (Karen Radner, Humboldt Professorship 2015. The annotated edition is released under the Creative Commons Attribution Share-Alike license 3.0.",
			"saa_cdli_accession": "yes",
			"saa_cdli_id": "yes",
			"saa_cdli_museum": "yes",
			"saao_lists": "saao/saa07:P335684",
			"script": "Neo-Assyrian",
			"script_remarks": "inscribed",
			"script_type": "Cuneiform",
			"secondary_record": "no",
			"short_title": "Administrative Records 1",
			"title": "List of Lodgings for Officials",
			"vol_title": "Imperial Administrative Records, Part I: Palace and Temple Administration",
			"volume": "SAA 7"
		},
		"geometry": {
			"type": "Point",
			"coordinates": [43.151937,36.358684]
		}
	}, {
		"type": "Feature",
		"properties": {
			"designation": "SAA 07 012",
			"atae_lists": "atae/saao:P335707",
			"has_date": "unknown",
			"accession_no": "1881-02-04, 0490",
			"add_no": "ADD 0866",
			"archive": "099 - Miscellaneous",
			"cdli_accession_no": "1881-02-04, 0490",
			"cdli_id": "P335707",
			"cdli_museum_no": "BM —",
			"ch_name": "Lists of Lodgings for Officials",
			"ch_no": "Ch. 2",
			"ch_num_name": "Ch. 2 (Lists of Lodgings for Officials)",
			"collection": "British Museum, London, UK",
			"comp_wit": "witness",
			"credits": "Adapted from F. Mario Fales and J. Nicholas Postgate, Imperial Administrative Records, Part I: Palace and Temple Administration (State Archives of Assyria, 7), 1992. Lemmatised by Mikko Luukko, 2017, as part of the research programme of the Alexander von Humboldt Chair in the Ancient History of the Near and Middle East at LMU Munich (Karen Radner, Humboldt Professorship 2015. The annotated edition is released under the Creative Commons Attribution Share-Alike license 3.0.  Please cite this page as http://oracc.org/saao/P335707/.",
			"date_of_origin": "00.000.00.00",
			"display_name": "SAA 07 012",
			"edited_twice": "no",
			"genre": "Administrative Record",
			"id_text": "P335707",
			"language": "Akkadian",
			"material": "clay",
			"museum_no": "BM —",
			"object_type": "tablet",
			"oracc_header": "&amp;P335707 = SAA 07 012#project: saao/saa22#atf: lang nb#key: file=SAA22/SAA22.saa#key: musno=1881-02-04, 0490#key: cdli=1881-02-04, 0490#key: date=Esarhaddon or Ashurbanipal#key: writer=#key: preservation=",
			"period": "Neo-Assyrian",
			"please_cite": "Please cite this page as http://oracc.org/saao/P335707/.",
			"pleiades_id": "874621",
			"primary_publication": "ADD 0866",
			"project": "saa07",
			"proposed_date": "(ca. 674-650)",
			"provenience": "Kuyunjik (Nineveh)",
			"publication_history": "SAA 07, 012",
			"rework": "no",
			"ruler": "Esarhaddon or Ashurbanipal",
			"saa_attribution": "Adapted from F. Mario Fales and J. Nicholas Postgate, Imperial Administrative Records, Part I: Palace and Temple Administration (State Archives of Assyria, 7), 1992. Lemmatised by Mikko Luukko, 2017, as part of the research programme of the Alexander von Humboldt Chair in the Ancient History of the Near and Middle East at LMU Munich (Karen Radner, Humboldt Professorship 2015. The annotated edition is released under the Creative Commons Attribution Share-Alike license 3.0.",
			"saa_cdli_accession": "yes",
			"saa_cdli_id": "yes",
			"saa_cdli_museum": "yes",
			"saao_lists": "saao/saa07:P335707",
			"script": "Neo-Assyrian",
			"script_remarks": "inscribed",
			"script_type": "Cuneiform",
			"secondary_record": "no",
			"short_title": "Administrative Records 1",
			"title": "List of Lodgings for Officials",
			"vol_title": "Imperial Administrative Records, Part I: Palace and Temple Administration",
			"volume": "SAA 7"
		},
		"geometry": {
			"type": "Point",
			"coordinates": [43.151937,36.358684]
		}
	}, {
		"type": "Feature",
		"properties": {
			"designation": "SAA 07 013",
			"atae_lists": "atae/saao:P335630",
			"has_date": "no",
			"accession_no": "K 00975",
			"add_no": "ADD 0769",
			"archive": "099 - Miscellaneous",
			"cdli_accession_no": "K 00975",
			"cdli_id": "P335630",
			"cdli_museum_no": "BM —",
			"ch_name": "Lists of Professional Groups",
			"ch_no": "Ch. 3",
			"ch_num_name": "Ch. 3 (Lists of Professional Groups)",
			"collection": "British Museum, London, UK",
			"comp_wit": "witness",
			"credits": "Adapted from F. Mario Fales and J. Nicholas Postgate, Imperial Administrative Records, Part I: Palace and Temple Administration (State Archives of Assyria, 7), 1992. Lemmatised by Mikko Luukko, 2017, as part of the research programme of the Alexander von Humboldt Chair in the Ancient History of the Near and Middle East at LMU Munich (Karen Radner, Humboldt Professorship 2015. The annotated edition is released under the Creative Commons Attribution Share-Alike license 3.0.  Please cite this page as http://oracc.org/saao/P335630/.",
			"date_of_origin": "00.000.00.00",
			"display_name": "SAA 07 013",
			"edited_twice": "no",
			"genre": "Administrative Record",
			"id_text": "P335630",
			"language": "Akkadian",
			"material": "clay",
			"museum_no": "BM —",
			"object_type": "tablet",
			"oracc_header": "&amp;P335630 = SAA 07 013#project: saao/saa22#atf: lang nb#key: file=SAA22/SAA22.saa#key: musno=K 00975#key: cdli=K 00975#key: date=Esarhaddon or Ashurbanipal#key: writer=#key: preservation=",
			"period": "Neo-Assyrian",
			"please_cite": "Please cite this page as http://oracc.org/saao/P335630/.",
			"pleiades_id": "874621",
			"primary_publication": "ADD 0769",
			"project": "saa07",
			"proposed_date": "(ca. 674-650)",
			"provenience": "Kuyunjik (Nineveh)",
			"publication_history": "SAA 07, 013",
			"rework": "no",
			"ruler": "Esarhaddon or Ashurbanipal",
			"saa_attribution": "Adapted from F. Mario Fales and J. Nicholas Postgate, Imperial Administrative Records, Part I: Palace and Temple Administration (State Archives of Assyria, 7), 1992. Lemmatised by Mikko Luukko, 2017, as part of the research programme of the Alexander von Humboldt Chair in the Ancient History of the Near and Middle East at LMU Munich (Karen Radner, Humboldt Professorship 2015. The annotated edition is released under the Creative Commons Attribution Share-Alike license 3.0.",
			"saa_cdli_accession": "yes",
			"saa_cdli_id": "yes",
			"saa_cdli_museum": "yes",
			"saao_lists": "saao/saa07:P335630",
			"script": "Neo-Assyrian",
			"script_remarks": "inscribed",
			"script_type": "Cuneiform",
			"secondary_record": "no",
			"short_title": "Administrative Records 1",
			"title": "List of “Architects” and Scribes",
			"vol_title": "Imperial Administrative Records, Part I: Palace and Temple Administration",
			"volume": "SAA 7"
		},
		"geometry": {
			"type": "Point",
			"coordinates": [43.151937,36.358684]
		}
	}, {
		"type": "Feature",
		"properties": {
			"designation": "SAA 07 014",
			"atae_lists": "atae/saao:P335631",
			"has_date": "no",
			"accession_no": "K 13086",
			"add_no": "ADD 0770",
			"archive": "099 - Miscellaneous",
			"cdli_accession_no": "K 13086",
			"cdli_id": "P335631",
			"cdli_museum_no": "BM —",
			"ch_name": "Lists of Professional Groups",
			"ch_no": "Ch. 3",
			"ch_num_name": "Ch. 3 (Lists of Professional Groups)",
			"collection": "British Museum, London, UK",
			"comp_wit": "witness",
			"credits": "Adapted from F. Mario Fales and J. Nicholas Postgate, Imperial Administrative Records, Part I: Palace and Temple Administration (State Archives of Assyria, 7), 1992. Lemmatised by Mikko Luukko, 2017, as part of the research programme of the Alexander von Humboldt Chair in the Ancient History of the Near and Middle East at LMU Munich (Karen Radner, Humboldt Professorship 2015. The annotated edition is released under the Creative Commons Attribution Share-Alike license 3.0.  Please cite this page as http://oracc.org/saao/P335631/.",
			"date_of_origin": "00.000.00.00",
			"display_name": "SAA 07 014",
			"edited_twice": "no",
			"genre": "Administrative Record",
			"id_text": "P335631",
			"language": "Akkadian",
			"material": "clay",
			"museum_no": "BM —",
			"object_type": "tablet",
			"oracc_header": "&amp;P335631 = SAA 07 014#project: saao/saa22#atf: lang nb#key: file=SAA22/SAA22.saa#key: musno=K 13086#key: cdli=K 13086#key: date=Esarhaddon or Ashurbanipal#key: writer=#key: preservation=",
			"period": "Neo-Assyrian",
			"please_cite": "Please cite this page as http://oracc.org/saao/P335631/.",
			"pleiades_id": "874621",
			"primary_publication": "ADD 0770",
			"project": "saa07",
			"proposed_date": "(ca. 674-650)",
			"provenience": "Kuyunjik (Nineveh)",
			"publication_history": "SAA 07, 014",
			"rework": "no",
			"ruler": "Esarhaddon or Ashurbanipal",
			"saa_attribution": "Adapted from F. Mario Fales and J. Nicholas Postgate, Imperial Administrative Records, Part I: Palace and Temple Administration (State Archives of Assyria, 7), 1992. Lemmatised by Mikko Luukko, 2017, as part of the research programme of the Alexander von Humboldt Chair in the Ancient History of the Near and Middle East at LMU Munich (Karen Radner, Humboldt Professorship 2015. The annotated edition is released under the Creative Commons Attribution Share-Alike license 3.0.",
			"saa_cdli_accession": "yes",
			"saa_cdli_id": "yes",
			"saa_cdli_museum": "yes",
			"saao_lists": "saao/saa07:P335631",
			"script": "Neo-Assyrian",
			"script_remarks": "inscribed",
			"script_type": "Cuneiform",
			"secondary_record": "no",
			"short_title": "Administrative Records 1",
			"title": "List of Various Craftsmen",
			"vol_title": "Imperial Administrative Records, Part I: Palace and Temple Administration",
			"volume": "SAA 7"
		},
		"geometry": {
			"type": "Point",
			"coordinates": [43.151937,36.358684]
		}
	}, {
		"type": "Feature",
		"properties": {
			"designation": "SAA 07 015",
			"atae_lists": "atae/saao:P335708",
			"has_date": "no",
			"accession_no": "K 01531",
			"add_no": "ADD 0867",
			"archive": "099 - Miscellaneous",
			"cdli_accession_no": "K 01531",
			"cdli_id": "P335708",
			"cdli_museum_no": "BM —",
			"ch_name": "Lists of Professional Groups",
			"ch_no": "Ch. 3",
			"ch_num_name": "Ch. 3 (Lists of Professional Groups)",
			"collection": "British Museum, London, UK",
			"comp_wit": "witness",
			"credits": "Adapted from F. Mario Fales and J. Nicholas Postgate, Imperial Administrative Records, Part I: Palace and Temple Administration (State Archives of Assyria, 7), 1992. Lemmatised by Mikko Luukko, 2017, as part of the research programme of the Alexander von Humboldt Chair in the Ancient History of the Near and Middle East at LMU Munich (Karen Radner, Humboldt Professorship 2015. The annotated edition is released under the Creative Commons Attribution Share-Alike license 3.0.  Please cite this page as http://oracc.org/saao/P335708/.",
			"date_of_origin": "00.000.00.00",
			"display_name": "SAA 07 015",
			"edited_twice": "no",
			"genre": "Administrative Record",
			"id_text": "P335708",
			"language": "Akkadian",
			"material": "clay",
			"museum_no": "BM —",
			"object_type": "tablet",
			"oracc_header": "&amp;P335708 = SAA 07 015#project: saao/saa22#atf: lang nb#key: file=SAA22/SAA22.saa#key: musno=K 01531#key: cdli=K 01531#key: date=Esarhaddon or Ashurbanipal#key: writer=#key: preservation=",
			"period": "Neo-Assyrian",
			"please_cite": "Please cite this page as http://oracc.org/saao/P335708/.",
			"pleiades_id": "874621",
			"primary_publication": "ADD 0867",
			"project": "saa07",
			"proposed_date": "(ca. 674-650)",
			"provenience": "Kuyunjik (Nineveh)",
			"publication_history": "SAA 07, 015",
			"rework": "no",
			"ruler": "Esarhaddon or Ashurbanipal",
			"saa_attribution": "Adapted from F. Mario Fales and J. Nicholas Postgate, Imperial Administrative Records, Part I: Palace and Temple Administration (State Archives of Assyria, 7), 1992. Lemmatised by Mikko Luukko, 2017, as part of the research programme of the Alexander von Humboldt Chair in the Ancient History of the Near and Middle East at LMU Munich (Karen Radner, Humboldt Professorship 2015. The annotated edition is released under the Creative Commons Attribution Share-Alike license 3.0.",
			"saa_cdli_accession": "yes",
			"saa_cdli_id": "yes",
			"saa_cdli_museum": "yes",
			"saao_lists": "saao/saa07:P335708",
			"script": "Neo-Assyrian",
			"script_remarks": "inscribed",
			"script_type": "Cuneiform",
			"secondary_record": "no",
			"short_title": "Administrative Records 1",
			"title": "Note of Foreign Governors(?) and Others",
			"vol_title": "Imperial Administrative Records, Part I: Palace and Temple Administration",
			"volume": "SAA 7"
		},
		"geometry": {
			"type": "Point",
			"coordinates": [43.151937,36.358684]
		}
	}, {
		"type": "Feature",
		"properties": {
			"designation": "SAA 07 016",
			"atae_lists": "atae/saao:P335688",
			"has_date": "unknown",
			"accession_no": "1882-03-23, 0136",
			"add_no": "ADD 0845",
			"archive": "099 - Miscellaneous",
			"cdli_accession_no": "1882-03-23, 0136",
			"cdli_id": "P335688",
			"cdli_museum_no": "BM —",
			"ch_name": "Lists of Professional Groups",
			"ch_no": "Ch. 3",
			"ch_num_name": "Ch. 3 (Lists of Professional Groups)",
			"collection": "British Museum, London, UK",
			"comp_wit": "witness",
			"credits": "Adapted from F. Mario Fales and J. Nicholas Postgate, Imperial Administrative Records, Part I: Palace and Temple Administration (State Archives of Assyria, 7), 1992. Lemmatised by Mikko Luukko, 2017, as part of the research programme of the Alexander von Humboldt Chair in the Ancient History of the Near and Middle East at LMU Munich (Karen Radner, Humboldt Professorship 2015. The annotated edition is released under the Creative Commons Attribution Share-Alike license 3.0.  Please cite this page as http://oracc.org/saao/P335688/.",
			"date_of_origin": "00.000.00.00",
			"display_name": "SAA 07 016",
			"edited_twice": "no",
			"genre": "Administrative Record",
			"id_text": "P335688",
			"language": "Akkadian",
			"material": "clay",
			"museum_no": "BM —",
			"object_type": "tablet",
			"oracc_header": "&amp;P335688 = SAA 07 016#project: saao/saa22#atf: lang nb#key: file=SAA22/SAA22.saa#key: musno=1882-03-23, 0136#key: cdli=1882-03-23, 0136#key: date=Esarhaddon or Ashurbanipal#key: writer=#key: preservation=",
			"period": "Neo-Assyrian",
			"please_cite": "Please cite this page as http://oracc.org/saao/P335688/.",
			"pleiades_id": "874621",
			"primary_publication": "ADD 0845",
			"project": "saa07",
			"proposed_date": "(ca. 674-650)",
			"provenience": "Kuyunjik (Nineveh)",
			"publication_history": "SAA 07, 016",
			"rework": "no",
			"ruler": "Esarhaddon or Ashurbanipal",
			"saa_attribution": "Adapted from F. Mario Fales and J. Nicholas Postgate, Imperial Administrative Records, Part I: Palace and Temple Administration (State Archives of Assyria, 7), 1992. Lemmatised by Mikko Luukko, 2017, as part of the research programme of the Alexander von Humboldt Chair in the Ancient History of the Near and Middle East at LMU Munich (Karen Radner, Humboldt Professorship 2015. The annotated edition is released under the Creative Commons Attribution Share-Alike license 3.0.",
			"saa_cdli_accession": "yes",
			"saa_cdli_id": "yes",
			"saa_cdli_museum": "yes",
			"saao_lists": "saao/saa07:P335688",
			"script": "Neo-Assyrian",
			"script_remarks": "inscribed",
			"script_type": "Cuneiform",
			"secondary_record": "no",
			"short_title": "Administrative Records 1",
			"title": "List of People",
			"vol_title": "Imperial Administrative Records, Part I: Palace and Temple Administration",
			"volume": "SAA 7"
		},
		"geometry": {
			"type": "Point",
			"coordinates": [43.151937,36.358684]
		}
	}, {
		"type": "Feature",
		"properties": {
			"designation": "SAA 07 017",
			"atae_lists": "atae/saao:P335720",
			"has_date": "unknown",
			"accession_no": "K 12977 + K 12980",
			"add_no": "ADD 0879",
			"archive": "099 - Miscellaneous",
			"cdli_accession_no": "K 12977 + K 12980",
			"cdli_id": "P335720",
			"cdli_museum_no": "BM —",
			"ch_name": "Lists of Professional Groups",
			"ch_no": "Ch. 3",
			"ch_num_name": "Ch. 3 (Lists of Professional Groups)",
			"collection": "British Museum, London, UK",
			"comp_wit": "witness",
			"credits": "Adapted from F. Mario Fales and J. Nicholas Postgate, Imperial Administrative Records, Part I: Palace and Temple Administration (State Archives of Assyria, 7), 1992. Lemmatised by Mikko Luukko, 2017, as part of the research programme of the Alexander von Humboldt Chair in the Ancient History of the Near and Middle East at LMU Munich (Karen Radner, Humboldt Professorship 2015. The annotated edition is released under the Creative Commons Attribution Share-Alike license 3.0.  Please cite this page as http://oracc.org/saao/P335720/.",
			"date_of_origin": "00.000.00.00",
			"display_name": "SAA 07 017",
			"edited_twice": "no",
			"genre": "Administrative Record",
			"id_text": "P335720",
			"language": "Akkadian",
			"material": "clay",
			"museum_no": "BM —",
			"object_type": "tablet",
			"oracc_header": "&amp;P335720 = SAA 07 017#project: saao/saa22#atf: lang nb#key: file=SAA22/SAA22.saa#key: musno=K 12977 + K 12980#key: cdli=K 12977 + K 12980#key: date=Esarhaddon or Ashurbanipal#key: writer=#key: preservation=",
			"period": "Neo-Assyrian",
			"please_cite": "Please cite this page as http://oracc.org/saao/P335720/.",
			"pleiades_id": "874621",
			"primary_publication": "ADD 0879",
			"project": "saa07",
			"proposed_date": "(ca. 674-650)",
			"provenience": "Kuyunjik (Nineveh)",
			"publication_history": "SAA 07, 017",
			"rework": "no",
			"ruler": "Esarhaddon or Ashurbanipal",
			"saa_attribution": "Adapted from F. Mario Fales and J. Nicholas Postgate, Imperial Administrative Records, Part I: Palace and Temple Administration (State Archives of Assyria, 7), 1992. Lemmatised by Mikko Luukko, 2017, as part of the research programme of the Alexander von Humboldt Chair in the Ancient History of the Near and Middle East at LMU Munich (Karen Radner, Humboldt Professorship 2015. The annotated edition is released under the Creative Commons Attribution Share-Alike license 3.0.",
			"saa_cdli_accession": "yes",
			"saa_cdli_id": "yes",
			"saa_cdli_museum": "yes",
			"saao_lists": "saao/saa07:P335720",
			"script": "Neo-Assyrian",
			"script_remarks": "inscribed",
			"script_type": "Cuneiform",
			"secondary_record": "no",
			"short_title": "Administrative Records 1",
			"title": "List of People and Their Superiors",
			"vol_title": "Imperial Administrative Records, Part I: Palace and Temple Administration",
			"volume": "SAA 7"
		},
		"geometry": {
			"type": "Point",
			"coordinates": [43.151937,36.358684]
		}
	}, {
		"type": "Feature",
		"properties": {
			"designation": "SAA 07 018",
			"atae_lists": "atae/saao:P335676",
			"has_date": "unknown",
			"accession_no": "1889-04-26 Bu, 0124",
			"add_no": "ADD 0832",
			"archive": "099 - Miscellaneous",
			"cdli_accession_no": "1889-04-26 Bu, 0124",
			"cdli_id": "P335676",
			"cdli_museum_no": "BM —",
			"ch_name": "Lists of Professional Groups",
			"ch_no": "Ch. 3",
			"ch_num_name": "Ch. 3 (Lists of Professional Groups)",
			"collection": "British Museum, London, UK",
			"comp_wit": "witness",
			"credits": "Adapted from F. Mario Fales and J. Nicholas Postgate, Imperial Administrative Records, Part I: Palace and Temple Administration (State Archives of Assyria, 7), 1992. Lemmatised by Mikko Luukko, 2017, as part of the research programme of the Alexander von Humboldt Chair in the Ancient History of the Near and Middle East at LMU Munich (Karen Radner, Humboldt Professorship 2015. The annotated edition is released under the Creative Commons Attribution Share-Alike license 3.0.  Please cite this page as http://oracc.org/saao/P335676/.",
			"date_of_origin": "00.000.00.00",
			"display_name": "SAA 07 018",
			"edited_twice": "no",
			"genre": "Administrative Record",
			"id_text": "P335676",
			"language": "Akkadian",
			"material": "clay",
			"museum_no": "BM —",
			"object_type": "tablet",
			"oracc_header": "&amp;P335676 = SAA 07 018#project: saao/saa22#atf: lang nb#key: file=SAA22/SAA22.saa#key: musno=1889-04-26 Bu, 0124#key: cdli=1889-04-26 Bu, 0124#key: date=Esarhaddon or Ashurbanipal#key: writer=#key: preservation=",
			"period": "Neo-Assyrian",
			"please_cite": "Please cite this page as http://oracc.org/saao/P335676/.",
			"pleiades_id": "874621",
			"primary_publication": "ADD 0832",
			"project": "saa07",
			"proposed_date": "(ca. 674-650)",
			"provenience": "Kuyunjik (Nineveh)",
			"publication_history": "SAA 07, 018",
			"rework": "no",
			"ruler": "Esarhaddon or Ashurbanipal",
			"saa_attribution": "Adapted from F. Mario Fales and J. Nicholas Postgate, Imperial Administrative Records, Part I: Palace and Temple Administration (State Archives of Assyria, 7), 1992. Lemmatised by Mikko Luukko, 2017, as part of the research programme of the Alexander von Humboldt Chair in the Ancient History of the Near and Middle East at LMU Munich (Karen Radner, Humboldt Professorship 2015. The annotated edition is released under the Creative Commons Attribution Share-Alike license 3.0.",
			"saa_cdli_accession": "yes",
			"saa_cdli_id": "yes",
			"saa_cdli_museum": "yes",
			"saao_lists": "saao/saa07:P335676",
			"script": "Neo-Assyrian",
			"script_remarks": "inscribed",
			"script_type": "Cuneiform",
			"secondary_record": "no",
			"short_title": "Administrative Records 1",
			"title": "List of People of Various Professions",
			"vol_title": "Imperial Administrative Records, Part I: Palace and Temple Administration",
			"volume": "SAA 7"
		},
		"geometry": {
			"type": "Point",
			"coordinates": [43.151937,36.358684]
		}
	}, {
		"type": "Feature",
		"properties": {
			"designation": "SAA 07 019",
			"atae_lists": "atae/saao:P335709",
			"has_date": "unknown",
			"accession_no": "K 01965",
			"add_no": "ADD 0868",
			"archive": "099 - Miscellaneous",
			"cdli_accession_no": "K 01965",
			"cdli_id": "P335709",
			"cdli_museum_no": "BM —",
			"ch_name": "Lists of Professional Groups",
			"ch_no": "Ch. 3",
			"ch_num_name": "Ch. 3 (Lists of Professional Groups)",
			"collection": "British Museum, London, UK",
			"comp_wit": "witness",
			"credits": "Adapted from F. Mario Fales and J. Nicholas Postgate, Imperial Administrative Records, Part I: Palace and Temple Administration (State Archives of Assyria, 7), 1992. Lemmatised by Mikko Luukko, 2017, as part of the research programme of the Alexander von Humboldt Chair in the Ancient History of the Near and Middle East at LMU Munich (Karen Radner, Humboldt Professorship 2015. The annotated edition is released under the Creative Commons Attribution Share-Alike license 3.0.  Please cite this page as http://oracc.org/saao/P335709/.",
			"date_of_origin": "00.000.00.00",
			"display_name": "SAA 07 019",
			"edited_twice": "no",
			"genre": "Administrative Record",
			"id_text": "P335709",
			"language": "Akkadian",
			"material": "clay",
			"museum_no": "BM —",
			"object_type": "tablet",
			"oracc_header": "&amp;P335709 = SAA 07 019#project: saao/saa22#atf: lang nb#key: file=SAA22/SAA22.saa#key: musno=K 01965#key: cdli=K 01965#key: date=Esarhaddon or Ashurbanipal#key: writer=#key: preservation=",
			"period": "Neo-Assyrian",
			"please_cite": "Please cite this page as http://oracc.org/saao/P335709/.",
			"pleiades_id": "874621",
			"primary_publication": "ADD 0868",
			"project": "saa07",
			"proposed_date": "(ca. 674-650)",
			"provenience": "Kuyunjik (Nineveh)",
			"publication_history": "SAA 07, 019",
			"rework": "no",
			"ruler": "Esarhaddon or Ashurbanipal",
			"saa_attribution": "Adapted from F. Mario Fales and J. Nicholas Postgate, Imperial Administrative Records, Part I: Palace and Temple Administration (State Archives of Assyria, 7), 1992. Lemmatised by Mikko Luukko, 2017, as part of the research programme of the Alexander von Humboldt Chair in the Ancient History of the Near and Middle East at LMU Munich (Karen Radner, Humboldt Professorship 2015. The annotated edition is released under the Creative Commons Attribution Share-Alike license 3.0.",
			"saa_cdli_accession": "yes",
			"saa_cdli_id": "yes",
			"saa_cdli_museum": "yes",
			"saao_lists": "saao/saa07:P335709",
			"script": "Neo-Assyrian",
			"script_remarks": "inscribed",
			"script_type": "Cuneiform",
			"secondary_record": "no",
			"short_title": "Administrative Records 1",
			"title": "List of Various Craftsmen",
			"vol_title": "Imperial Administrative Records, Part I: Palace and Temple Administration",
			"volume": "SAA 7"
		},
		"geometry": {
			"type": "Point",
			"coordinates": [43.151937,36.358684]
		}
	}, {
		"type": "Feature",
		"properties": {
			"designation": "SAA 07 020",
			"atae_lists": "atae/saao:P336208",
			"has_date": "unknown",
			"accession_no": "1929-10-12, 0090",
			"archive": "099 - Miscellaneous",
			"cdli_accession_no": "1929-10-12, 0090",
			"cdli_id": "P336208",
			"cdli_museum_no": "BM 121094",
			"ch_name": "Lists of Professional Groups",
			"ch_no": "Ch. 3",
			"ch_num_name": "Ch. 3 (Lists of Professional Groups)",
			"collection": "British Museum, London, UK",
			"comp_wit": "witness",
			"credits": "Adapted from F. Mario Fales and J. Nicholas Postgate, Imperial Administrative Records, Part I: Palace and Temple Administration (State Archives of Assyria, 7), 1992. Lemmatised by Mikko Luukko, 2017, as part of the research programme of the Alexander von Humboldt Chair in the Ancient History of the Near and Middle East at LMU Munich (Karen Radner, Humboldt Professorship 2015. The annotated edition is released under the Creative Commons Attribution Share-Alike license 3.0.  Please cite this page as http://oracc.org/saao/P336208/.",
			"date_of_origin": "00.000.00.00",
			"display_name": "SAA 07 020",
			"edited_twice": "no",
			"genre": "Administrative Record",
			"id_text": "P336208",
			"language": "Akkadian",
			"material": "clay",
			"museum_no": "BM 121094",
			"object_type": "tablet",
			"oracc_header": "&amp;P336208 = SAA 07 020#project: saao/saa22#atf: lang nb#key: file=SAA22/SAA22.saa#key: musno=1929-10-12, 0090#key: cdli=1929-10-12, 0090#key: date=Esarhaddon or Ashurbanipal#key: writer=#key: preservation=",
			"other_pub": "Iraq 32 24",
			"period": "Neo-Assyrian",
			"please_cite": "Please cite this page as http://oracc.org/saao/P336208/.",
			"pleiades_id": "874621",
			"primary_publication": "Iraq 32 24",
			"project": "saa07",
			"proposed_date": "(ca. 674-650)",
			"provenience": "Kuyunjik (Nineveh)",
			"publication_history": "SAA 07, 020",
			"rework": "no",
			"ruler": "Esarhaddon or Ashurbanipal",
			"saa_attribution": "Adapted from F. Mario Fales and J. Nicholas Postgate, Imperial Administrative Records, Part I: Palace and Temple Administration (State Archives of Assyria, 7), 1992. Lemmatised by Mikko Luukko, 2017, as part of the research programme of the Alexander von Humboldt Chair in the Ancient History of the Near and Middle East at LMU Munich (Karen Radner, Humboldt Professorship 2015. The annotated edition is released under the Creative Commons Attribution Share-Alike license 3.0.",
			"saa_cdli_accession": "yes",
			"saa_cdli_id": "yes",
			"saa_cdli_museum": "yes",
			"saao_lists": "saao/saa07:P336208",
			"script": "Neo-Assyrian",
			"script_remarks": "inscribed",
			"script_type": "Cuneiform",
			"secondary_record": "no",
			"short_title": "Administrative Records 1",
			"title": "List of Various Professions",
			"vol_title": "Imperial Administrative Records, Part I: Palace and Temple Administration",
			"volume": "SAA 7"
		},
		"geometry": {
			"type": "Point",
			"coordinates": [43.151937,36.358684]
		}
	}, {
		"type": "Feature",
		"properties": {
			"designation": "SAA 07 021",
			"atae_lists": "atae/saao:P335679",
			"has_date": "unknown",
			"accession_no": "1882-05-22, 0112",
			"add_no": "ADD 0835",
			"archive": "099 - Miscellaneous",
			"cdli_accession_no": "1882-05-22, 0112",
			"cdli_id": "P335679",
			"cdli_museum_no": "BM —",
			"ch_name": "Lists of Professional Groups",
			"ch_no": "Ch. 3",
			"ch_num_name": "Ch. 3 (Lists of Professional Groups)",
			"collection": "British Museum, London, UK",
			"comp_wit": "witness",
			"credits": "Adapted from F. Mario Fales and J. Nicholas Postgate, Imperial Administrative Records, Part I: Palace and Temple Administration (State Archives of Assyria, 7), 1992. Lemmatised by Mikko Luukko, 2017, as part of the research programme of the Alexander von Humboldt Chair in the Ancient History of the Near and Middle East at LMU Munich (Karen Radner, Humboldt Professorship 2015. The annotated edition is released under the Creative Commons Attribution Share-Alike license 3.0.  Please cite this page as http://oracc.org/saao/P335679/.",
			"date_of_origin": "00.000.00.00",
			"display_name": "SAA 07 021",
			"edited_twice": "no",
			"genre": "Administrative Record",
			"id_text": "P335679",
			"language": "Akkadian",
			"material": "clay",
			"museum_no": "BM —",
			"object_type": "tablet",
			"oracc_header": "&amp;P335679 = SAA 07 021#project: saao/saa22#atf: lang nb#key: file=SAA22/SAA22.saa#key: musno=1882-05-22, 0112#key: cdli=1882-05-22, 0112#key: date=Esarhaddon or Ashurbanipal#key: writer=#key: preservation=",
			"period": "Neo-Assyrian",
			"please_cite": "Please cite this page as http://oracc.org/saao/P335679/.",
			"pleiades_id": "874621",
			"primary_publication": "ADD 0835",
			"project": "saa07",
			"proposed_date": "(ca. 674-650)",
			"provenience": "Kuyunjik (Nineveh)",
			"publication_history": "SAA 07, 021",
			"rework": "no",
			"ruler": "Esarhaddon or Ashurbanipal",
			"saa_attribution": "Adapted from F. Mario Fales and J. Nicholas Postgate, Imperial Administrative Records, Part I: Palace and Temple Administration (State Archives of Assyria, 7), 1992. Lemmatised by Mikko Luukko, 2017, as part of the research programme of the Alexander von Humboldt Chair in the Ancient History of the Near and Middle East at LMU Munich (Karen Radner, Humboldt Professorship 2015. The annotated edition is released under the Creative Commons Attribution Share-Alike license 3.0.",
			"saa_cdli_accession": "yes",
			"saa_cdli_id": "yes",
			"saa_cdli_museum": "yes",
			"saao_lists": "saao/saa07:P335679",
			"script": "Neo-Assyrian",
			"script_remarks": "inscribed",
			"script_type": "Cuneiform",
			"secondary_record": "no",
			"short_title": "Administrative Records 1",
			"title": "Survey of Palace Officials",
			"vol_title": "Imperial Administrative Records, Part I: Palace and Temple Administration",
			"volume": "SAA 7"
		},
		"geometry": {
			"type": "Point",
			"coordinates": [43.151937,36.358684]
		}
	}, {
		"type": "Feature",
		"properties": {
			"designation": "SAA 07 022",
			"atae_lists": "atae/saao:P335680",
			"has_date": "unknown",
			"accession_no": "1883-01-18, 0399",
			"add_no": "ADD 0836",
			"archive": "099 - Miscellaneous",
			"cdli_accession_no": "1883-01-18, 0399",
			"cdli_id": "P335680",
			"cdli_museum_no": "BM —",
			"ch_name": "Lists of Professional Groups",
			"ch_no": "Ch. 3",
			"ch_num_name": "Ch. 3 (Lists of Professional Groups)",
			"collection": "British Museum, London, UK",
			"comp_wit": "witness",
			"credits": "Adapted from F. Mario Fales and J. Nicholas Postgate, Imperial Administrative Records, Part I: Palace and Temple Administration (State Archives of Assyria, 7), 1992. Lemmatised by Mikko Luukko, 2017, as part of the research programme of the Alexander von Humboldt Chair in the Ancient History of the Near and Middle East at LMU Munich (Karen Radner, Humboldt Professorship 2015. The annotated edition is released under the Creative Commons Attribution Share-Alike license 3.0.  Please cite this page as http://oracc.org/saao/P335680/.",
			"date_of_origin": "00.000.00.00",
			"display_name": "SAA 07 022",
			"edited_twice": "no",
			"genre": "Administrative Record",
			"id_text": "P335680",
			"language": "Akkadian",
			"material": "clay",
			"museum_no": "BM —",
			"object_type": "tablet",
			"oracc_header": "&amp;P335680 = SAA 07 022#project: saao/saa22#atf: lang nb#key: file=SAA22/SAA22.saa#key: musno=1883-01-18, 0399#key: cdli=1883-01-18, 0399#key: date=Esarhaddon or Ashurbanipal#key: writer=#key: preservation=",
			"period": "Neo-Assyrian",
			"please_cite": "Please cite this page as http://oracc.org/saao/P335680/.",
			"pleiades_id": "874621",
			"primary_publication": "ADD 0836",
			"project": "saa07",
			"proposed_date": "(ca. 674-650)",
			"provenience": "Kuyunjik (Nineveh)",
			"publication_history": "SAA 07, 022",
			"rework": "no",
			"ruler": "Esarhaddon or Ashurbanipal",
			"saa_attribution": "Adapted from F. Mario Fales and J. Nicholas Postgate, Imperial Administrative Records, Part I: Palace and Temple Administration (State Archives of Assyria, 7), 1992. Lemmatised by Mikko Luukko, 2017, as part of the research programme of the Alexander von Humboldt Chair in the Ancient History of the Near and Middle East at LMU Munich (Karen Radner, Humboldt Professorship 2015. The annotated edition is released under the Creative Commons Attribution Share-Alike license 3.0.",
			"saa_cdli_accession": "yes",
			"saa_cdli_id": "yes",
			"saa_cdli_museum": "yes",
			"saao_lists": "saao/saa07:P335680",
			"script": "Neo-Assyrian",
			"script_remarks": "inscribed",
			"script_type": "Cuneiform",
			"secondary_record": "no",
			"short_title": "Administrative Records 1",
			"title": "Partial duplicate of No. 21",
			"vol_title": "Imperial Administrative Records, Part I: Palace and Temple Administration",
			"volume": "SAA 7"
		},
		"geometry": {
			"type": "Point",
			"coordinates": [43.151937,36.358684]
		}
	}, {
		"type": "Feature",
		"properties": {
			"designation": "SAA 07 023",
			"atae_lists": "atae/saao:P335780",
			"has_date": "no",
			"accession_no": "K 00829",
			"add_no": "ADD 0950",
			"archive": "099 - Miscellaneous",
			"cdli_accession_no": "K 00829",
			"cdli_id": "P335780",
			"cdli_museum_no": "BM —",
			"ch_name": "Lists of Female Personnel",
			"ch_no": "Ch. 4",
			"ch_num_name": "Ch. 4 (Lists of Female Personnel)",
			"collection": "British Museum, London, UK",
			"comp_wit": "witness",
			"credits": "Adapted from F. Mario Fales and J. Nicholas Postgate, Imperial Administrative Records, Part I: Palace and Temple Administration (State Archives of Assyria, 7), 1992. Lemmatised by Mikko Luukko, 2017, as part of the research programme of the Alexander von Humboldt Chair in the Ancient History of the Near and Middle East at LMU Munich (Karen Radner, Humboldt Professorship 2015. The annotated edition is released under the Creative Commons Attribution Share-Alike license 3.0.  Please cite this page as http://oracc.org/saao/P335780/.",
			"date_of_origin": "00.000.00.00",
			"display_name": "SAA 07 023",
			"edited_twice": "no",
			"genre": "Administrative Record",
			"id_text": "P335780",
			"language": "Akkadian",
			"material": "clay",
			"museum_no": "BM —",
			"object_type": "tablet",
			"oracc_header": "&amp;P335780 = SAA 07 023#project: saao/saa22#atf: lang nb#key: file=SAA22/SAA22.saa#key: musno=K 00829#key: cdli=K 00829#key: date=Esarhaddon or Ashurbanipal#key: writer=#key: preservation=",
			"period": "Neo-Assyrian",
			"please_cite": "Please cite this page as http://oracc.org/saao/P335780/.",
			"pleiades_id": "874621",
			"primary_publication": "ADD 0950",
			"project": "saa07",
			"proposed_date": "(ca. 674-650)",
			"provenience": "Kuyunjik (Nineveh)",
			"publication_history": "SAA 07, 023",
			"rework": "no",
			"ruler": "Esarhaddon or Ashurbanipal",
			"saa_attribution": "Adapted from F. Mario Fales and J. Nicholas Postgate, Imperial Administrative Records, Part I: Palace and Temple Administration (State Archives of Assyria, 7), 1992. Lemmatised by Mikko Luukko, 2017, as part of the research programme of the Alexander von Humboldt Chair in the Ancient History of the Near and Middle East at LMU Munich (Karen Radner, Humboldt Professorship 2015. The annotated edition is released under the Creative Commons Attribution Share-Alike license 3.0.",
			"saa_cdli_accession": "yes",
			"saa_cdli_id": "yes",
			"saa_cdli_museum": "yes",
			"saao_lists": "saao/saa07:P335780",
			"script": "Neo-Assyrian",
			"script_remarks": "inscribed",
			"script_type": "Cuneiform",
			"secondary_record": "no",
			"short_title": "Administrative Records 1",
			"title": "Survey of Harem Governesses and Weavers",
			"vol_title": "Imperial Administrative Records, Part I: Palace and Temple Administration",
			"volume": "SAA 7"
		},
		"geometry": {
			"type": "Point",
			"coordinates": [43.151937,36.358684]
		}
	}, {
		"type": "Feature",
		"properties": {
			"designation": "SAA 07 024",
			"atae_lists": "atae/saao:P335671",
			"has_date": "unknown",
			"accession_no": "K 01473 + K 01944a + K 10447",
			"add_no": "ADD 0827+",
			"archive": "099 - Miscellaneous",
			"cdli_accession_no": "K 01473 + K 01944a + K 10447",
			"cdli_id": "P335671",
			"cdli_museum_no": "BM —",
			"ch_name": "Lists of Female Personnel",
			"ch_no": "Ch. 4",
			"ch_num_name": "Ch. 4 (Lists of Female Personnel)",
			"collection": "British Museum, London, UK",
			"comp_wit": "witness",
			"credits": "Adapted from F. Mario Fales and J. Nicholas Postgate, Imperial Administrative Records, Part I: Palace and Temple Administration (State Archives of Assyria, 7), 1992. Lemmatised by Mikko Luukko, 2017, as part of the research programme of the Alexander von Humboldt Chair in the Ancient History of the Near and Middle East at LMU Munich (Karen Radner, Humboldt Professorship 2015. The annotated edition is released under the Creative Commons Attribution Share-Alike license 3.0.  Please cite this page as http://oracc.org/saao/P335671/.",
			"date_of_origin": "00.000.00.00",
			"display_name": "SAA 07 024",
			"edited_twice": "no",
			"genre": "Administrative Record",
			"id_text": "P335671",
			"language": "Akkadian",
			"material": "clay",
			"museum_no": "BM —",
			"object_type": "tablet",
			"oracc_header": "&amp;P335671 = SAA 07 024#project: saao/saa22#atf: lang nb#key: file=SAA22/SAA22.saa#key: musno=K 01473 + K 01944a + K 10447#key: cdli=K 01473 + K 01944a + K 10447#key: date=Esarhaddon or Ashurbanipal#key: writer=#key: preservation=",
			"period": "Neo-Assyrian",
			"please_cite": "Please cite this page as http://oracc.org/saao/P335671/.",
			"pleiades_id": "874621",
			"primary_publication": "ADD 0827+",
			"project": "saa07",
			"proposed_date": "(ca. 674-650)",
			"provenience": "Kuyunjik (Nineveh)",
			"publication_history": "SAA 07, 024",
			"rework": "no",
			"ruler": "Esarhaddon or Ashurbanipal",
			"saa_attribution": "Adapted from F. Mario Fales and J. Nicholas Postgate, Imperial Administrative Records, Part I: Palace and Temple Administration (State Archives of Assyria, 7), 1992. Lemmatised by Mikko Luukko, 2017, as part of the research programme of the Alexander von Humboldt Chair in the Ancient History of the Near and Middle East at LMU Munich (Karen Radner, Humboldt Professorship 2015. The annotated edition is released under the Creative Commons Attribution Share-Alike license 3.0.",
			"saa_cdli_accession": "yes",
			"saa_cdli_id": "yes",
			"saa_cdli_museum": "yes",
			"saao_lists": "saao/saa07:P335671",
			"script": "Neo-Assyrian",
			"script_remarks": "inscribed",
			"script_type": "Cuneiform",
			"secondary_record": "no",
			"short_title": "Administrative Records 1",
			"title": "Survey of Female Singers, etc.",
			"vol_title": "Imperial Administrative Records, Part I: Palace and Temple Administration",
			"volume": "SAA 7"
		},
		"geometry": {
			"type": "Point",
			"coordinates": [43.151937,36.358684]
		}
	}, {
		"type": "Feature",
		"properties": {
			"designation": "SAA 07 025",
			"atae_lists": "atae/saao:P335740",
			"has_date": "unknown",
			"accession_no": "K 13218",
			"add_no": "ADD 0901",
			"archive": "099 - Miscellaneous",
			"cdli_accession_no": "K 13218",
			"cdli_id": "P335740",
			"cdli_museum_no": "BM —",
			"ch_name": "Lists of Female Personnel",
			"ch_no": "Ch. 4",
			"ch_num_name": "Ch. 4 (Lists of Female Personnel)",
			"collection": "British Museum, London, UK",
			"comp_wit": "witness",
			"credits": "Adapted from F. Mario Fales and J. Nicholas Postgate, Imperial Administrative Records, Part I: Palace and Temple Administration (State Archives of Assyria, 7), 1992. Lemmatised by Mikko Luukko, 2017, as part of the research programme of the Alexander von Humboldt Chair in the Ancient History of the Near and Middle East at LMU Munich (Karen Radner, Humboldt Professorship 2015. The annotated edition is released under the Creative Commons Attribution Share-Alike license 3.0.  Please cite this page as http://oracc.org/saao/P335740/.",
			"date_of_origin": "00.000.00.00",
			"display_name": "SAA 07 025",
			"edited_twice": "no",
			"genre": "Administrative Record",
			"id_text": "P335740",
			"language": "Akkadian",
			"material": "clay",
			"museum_no": "BM —",
			"object_type": "tablet",
			"oracc_header": "&amp;P335740 = SAA 07 025#project: saao/saa22#atf: lang nb#key: file=SAA22/SAA22.saa#key: musno=K 13218#key: cdli=K 13218#key: date=Esarhaddon or Ashurbanipal#key: writer=#key: preservation=",
			"period": "Neo-Assyrian",
			"please_cite": "Please cite this page as http://oracc.org/saao/P335740/.",
			"pleiades_id": "874621",
			"primary_publication": "ADD 0901",
			"project": "saa07",
			"proposed_date": "(ca. 674-650)",
			"provenience": "Kuyunjik (Nineveh)",
			"publication_history": "SAA 07, 025",
			"rework": "no",
			"ruler": "Esarhaddon or Ashurbanipal",
			"saa_attribution": "Adapted from F. Mario Fales and J. Nicholas Postgate, Imperial Administrative Records, Part I: Palace and Temple Administration (State Archives of Assyria, 7), 1992. Lemmatised by Mikko Luukko, 2017, as part of the research programme of the Alexander von Humboldt Chair in the Ancient History of the Near and Middle East at LMU Munich (Karen Radner, Humboldt Professorship 2015. The annotated edition is released under the Creative Commons Attribution Share-Alike license 3.0.",
			"saa_cdli_accession": "yes",
			"saa_cdli_id": "yes",
			"saa_cdli_museum": "yes",
			"saao_lists": "saao/saa07:P335740",
			"script": "Neo-Assyrian",
			"script_remarks": "inscribed",
			"script_type": "Cuneiform",
			"secondary_record": "no",
			"short_title": "Administrative Records 1",
			"title": "Survey of Female Personnel",
			"vol_title": "Imperial Administrative Records, Part I: Palace and Temple Administration",
			"volume": "SAA 7"
		},
		"geometry": {
			"type": "Point",
			"coordinates": [43.151937,36.358684]
		}
	}, {
		"type": "Feature",
		"properties": {
			"designation": "SAA 07 026",
			"atae_lists": "atae/saao:P335672",
			"has_date": "no",
			"accession_no": "1882-03-23, 0009",
			"add_no": "ADD 0828",
			"archive": "099 - Miscellaneous",
			"cdli_accession_no": "1882-03-23, 0009",
			"cdli_id": "P335672",
			"cdli_museum_no": "BM —",
			"ch_name": "Lists of Female Personnel",
			"ch_no": "Ch. 4",
			"ch_num_name": "Ch. 4 (Lists of Female Personnel)",
			"collection": "British Museum, London, UK",
			"comp_wit": "witness",
			"credits": "Adapted from F. Mario Fales and J. Nicholas Postgate, Imperial Administrative Records, Part I: Palace and Temple Administration (State Archives of Assyria, 7), 1992. Lemmatised by Mikko Luukko, 2017, as part of the research programme of the Alexander von Humboldt Chair in the Ancient History of the Near and Middle East at LMU Munich (Karen Radner, Humboldt Professorship 2015. The annotated edition is released under the Creative Commons Attribution Share-Alike license 3.0.  Please cite this page as http://oracc.org/saao/P335672/.",
			"date_of_origin": "00.000.00.00",
			"display_name": "SAA 07 026",
			"edited_twice": "no",
			"genre": "Administrative Record",
			"id_text": "P335672",
			"language": "Akkadian",
			"material": "clay",
			"museum_no": "BM —",
			"object_type": "tablet",
			"oracc_header": "&amp;P335672 = SAA 07 026#project: saao/saa22#atf: lang nb#key: file=SAA22/SAA22.saa#key: musno=1882-03-23, 0009#key: cdli=1882-03-23, 0009#key: date=Esarhaddon or Ashurbanipal#key: writer=#key: preservation=",
			"period": "Neo-Assyrian",
			"please_cite": "Please cite this page as http://oracc.org/saao/P335672/.",
			"pleiades_id": "874621",
			"primary_publication": "ADD 0828",
			"project": "saa07",
			"proposed_date": "(ca. 674-650)",
			"provenience": "Kuyunjik (Nineveh)",
			"publication_history": "SAA 07, 026",
			"rework": "no",
			"ruler": "Esarhaddon or Ashurbanipal",
			"saa_attribution": "Adapted from F. Mario Fales and J. Nicholas Postgate, Imperial Administrative Records, Part I: Palace and Temple Administration (State Archives of Assyria, 7), 1992. Lemmatised by Mikko Luukko, 2017, as part of the research programme of the Alexander von Humboldt Chair in the Ancient History of the Near and Middle East at LMU Munich (Karen Radner, Humboldt Professorship 2015. The annotated edition is released under the Creative Commons Attribution Share-Alike license 3.0.",
			"saa_cdli_accession": "yes",
			"saa_cdli_id": "yes",
			"saa_cdli_museum": "yes",
			"saao_lists": "saao/saa07:P335672",
			"script": "Neo-Assyrian",
			"script_remarks": "inscribed",
			"script_type": "Cuneiform",
			"secondary_record": "no",
			"short_title": "Administrative Records 1",
			"title": "Survey of Female Personnel",
			"vol_title": "Imperial Administrative Records, Part I: Palace and Temple Administration",
			"volume": "SAA 7"
		},
		"geometry": {
			"type": "Point",
			"coordinates": [43.151937,36.358684]
		}
	}, {
		"type": "Feature",
		"properties": {
			"designation": "SAA 07 027",
			"atae_lists": "atae/saao:P335760",
			"has_date": "no",
			"accession_no": "K 03782 + DT 217",
			"add_no": "ADD 0925+",
			"archive": "099 - Miscellaneous",
			"cdli_accession_no": "K 03782 + DT 217",
			"cdli_id": "P335760",
			"cdli_museum_no": "BM —",
			"ch_name": "Lists of Debts",
			"ch_no": "Ch. 5",
			"ch_num_name": "Ch. 5 (Lists of Debts)",
			"collection": "British Museum, London, UK",
			"comp_wit": "witness",
			"credits": "Adapted from F. Mario Fales and J. Nicholas Postgate, Imperial Administrative Records, Part I: Palace and Temple Administration (State Archives of Assyria, 7), 1992. Lemmatised by Mikko Luukko, 2017, as part of the research programme of the Alexander von Humboldt Chair in the Ancient History of the Near and Middle East at LMU Munich (Karen Radner, Humboldt Professorship 2015. The annotated edition is released under the Creative Commons Attribution Share-Alike license 3.0.  Please cite this page as http://oracc.org/saao/P335760/.",
			"date_of_origin": "00.000.00.00",
			"display_name": "SAA 07 027",
			"edited_twice": "no",
			"genre": "Administrative Record",
			"id_text": "P335760",
			"language": "Akkadian",
			"material": "clay",
			"museum_no": "BM —",
			"object_type": "tablet",
			"oracc_header": "&amp;P335760 = SAA 07 027#project: saao/saa22#atf: lang nb#key: file=SAA22/SAA22.saa#key: musno=K 03782 + DT 217#key: cdli=K 03782 + DT 217#key: date=Esarhaddon or Ashurbanipal#key: writer=#key: preservation=",
			"period": "Neo-Assyrian",
			"please_cite": "Please cite this page as http://oracc.org/saao/P335760/.",
			"pleiades_id": "874621",
			"primary_publication": "ADD 0925+",
			"project": "saa07",
			"proposed_date": "(ca. 674-650)",
			"provenience": "Kuyunjik (Nineveh)",
			"publication_history": "SAA 07, 027",
			"rework": "no",
			"ruler": "Esarhaddon or Ashurbanipal",
			"saa_attribution": "Adapted from F. Mario Fales and J. Nicholas Postgate, Imperial Administrative Records, Part I: Palace and Temple Administration (State Archives of Assyria, 7), 1992. Lemmatised by Mikko Luukko, 2017, as part of the research programme of the Alexander von Humboldt Chair in the Ancient History of the Near and Middle East at LMU Munich (Karen Radner, Humboldt Professorship 2015. The annotated edition is released under the Creative Commons Attribution Share-Alike license 3.0.",
			"saa_cdli_accession": "yes",
			"saa_cdli_id": "yes",
			"saa_cdli_museum": "yes",
			"saao_lists": "saao/saa07:P335760",
			"script": "Neo-Assyrian",
			"script_remarks": "inscribed",
			"script_type": "Cuneiform",
			"secondary_record": "no",
			"short_title": "Administrative Records 1",
			"title": "List of Miscellaneous Debts",
			"vol_title": "Imperial Administrative Records, Part I: Palace and Temple Administration",
			"volume": "SAA 7"
		},
		"geometry": {
			"type": "Point",
			"coordinates": [43.151937,36.358684]
		}
	}, {
		"type": "Feature",
		"properties": {
			"designation": "SAA 07 028",
			"atae_lists": "atae/saao:P335659",
			"has_date": "no",
			"accession_no": "K 04761",
			"add_no": "ADD 0814",
			"archive": "099 - Miscellaneous",
			"cdli_accession_no": "K 04761",
			"cdli_id": "P335659",
			"cdli_museum_no": "BM —",
			"ch_name": "Lists of Debts",
			"ch_no": "Ch. 5",
			"ch_num_name": "Ch. 5 (Lists of Debts)",
			"collection": "British Museum, London, UK",
			"comp_wit": "witness",
			"credits": "Adapted from F. Mario Fales and J. Nicholas Postgate, Imperial Administrative Records, Part I: Palace and Temple Administration (State Archives of Assyria, 7), 1992. Lemmatised by Mikko Luukko, 2017, as part of the research programme of the Alexander von Humboldt Chair in the Ancient History of the Near and Middle East at LMU Munich (Karen Radner, Humboldt Professorship 2015. The annotated edition is released under the Creative Commons Attribution Share-Alike license 3.0.  Please cite this page as http://oracc.org/saao/P335659/.",
			"date_of_origin": "00.000.00.00",
			"display_name": "SAA 07 028",
			"edited_twice": "no",
			"genre": "Administrative Record",
			"id_text": "P335659",
			"language": "Akkadian",
			"material": "clay",
			"museum_no": "BM —",
			"object_type": "tablet",
			"oracc_header": "&amp;P335659 = SAA 07 028#project: saao/saa22#atf: lang nb#key: file=SAA22/SAA22.saa#key: musno=K 04761#key: cdli=K 04761#key: date=Esarhaddon or Ashurbanipal#key: writer=#key: preservation=",
			"period": "Neo-Assyrian",
			"please_cite": "Please cite this page as http://oracc.org/saao/P335659/.",
			"pleiades_id": "874621",
			"primary_publication": "ADD 0814",
			"project": "saa07",
			"proposed_date": "(ca. 674-650)",
			"provenience": "Kuyunjik (Nineveh)",
			"publication_history": "SAA 07, 028",
			"rework": "no",
			"ruler": "Esarhaddon or Ashurbanipal",
			"saa_attribution": "Adapted from F. Mario Fales and J. Nicholas Postgate, Imperial Administrative Records, Part I: Palace and Temple Administration (State Archives of Assyria, 7), 1992. Lemmatised by Mikko Luukko, 2017, as part of the research programme of the Alexander von Humboldt Chair in the Ancient History of the Near and Middle East at LMU Munich (Karen Radner, Humboldt Professorship 2015. The annotated edition is released under the Creative Commons Attribution Share-Alike license 3.0.",
			"saa_cdli_accession": "yes",
			"saa_cdli_id": "yes",
			"saa_cdli_museum": "yes",
			"saao_lists": "saao/saa07:P335659",
			"script": "Neo-Assyrian",
			"script_remarks": "inscribed",
			"script_type": "Cuneiform",
			"secondary_record": "no",
			"short_title": "Administrative Records 1",
			"title": "List of Debts in Si’imme Province",
			"vol_title": "Imperial Administrative Records, Part I: Palace and Temple Administration",
			"volume": "SAA 7"
		},
		"geometry": {
			"type": "Point",
			"coordinates": [43.151937,36.358684]
		}
	}, {
		"type": "Feature",
		"properties": {
			"designation": "SAA 07 029",
			"atae_lists": "atae/saao:P335759",
			"has_date": "unknown",
			"accession_no": "1881-02-04, 0403 + 1883-01-18, 0593",
			"add_no": "ADD 0924+",
			"archive": "099 - Miscellaneous",
			"cdli_accession_no": "1881-02-04, 0403 + 1883-01-18, 0593",
			"cdli_id": "P335759",
			"cdli_museum_no": "BM —",
			"ch_name": "Lists of Debts",
			"ch_no": "Ch. 5",
			"ch_num_name": "Ch. 5 (Lists of Debts)",
			"collection": "British Museum, London, UK",
			"comp_wit": "witness",
			"credits": "Adapted from F. Mario Fales and J. Nicholas Postgate, Imperial Administrative Records, Part I: Palace and Temple Administration (State Archives of Assyria, 7), 1992. Lemmatised by Mikko Luukko, 2017, as part of the research programme of the Alexander von Humboldt Chair in the Ancient History of the Near and Middle East at LMU Munich (Karen Radner, Humboldt Professorship 2015. The annotated edition is released under the Creative Commons Attribution Share-Alike license 3.0.  Please cite this page as http://oracc.org/saao/P335759/.",
			"date_of_origin": "00.000.00.00",
			"display_name": "SAA 07 029",
			"edited_twice": "no",
			"genre": "Administrative Record",
			"id_text": "P335759",
			"language": "Akkadian",
			"material": "clay",
			"museum_no": "BM —",
			"object_type": "tablet",
			"oracc_header": "&amp;P335759 = SAA 07 029#project: saao/saa22#atf: lang nb#key: file=SAA22/SAA22.saa#key: musno=1881-02-04, 0403 + 1883-01-18, 0593#key: cdli=1881-02-04, 0403 + 1883-01-18, 0593#key: date=Esarhaddon or Ashurbanipal#key: writer=#key: preservation=",
			"period": "Neo-Assyrian",
			"please_cite": "Please cite this page as http://oracc.org/saao/P335759/.",
			"pleiades_id": "874621",
			"primary_publication": "ADD 0924+",
			"project": "saa07",
			"proposed_date": "(ca. 674-650)",
			"provenience": "Kuyunjik (Nineveh)",
			"publication_history": "SAA 07, 029",
			"rework": "no",
			"ruler": "Esarhaddon or Ashurbanipal",
			"saa_attribution": "Adapted from F. Mario Fales and J. Nicholas Postgate, Imperial Administrative Records, Part I: Palace and Temple Administration (State Archives of Assyria, 7), 1992. Lemmatised by Mikko Luukko, 2017, as part of the research programme of the Alexander von Humboldt Chair in the Ancient History of the Near and Middle East at LMU Munich (Karen Radner, Humboldt Professorship 2015. The annotated edition is released under the Creative Commons Attribution Share-Alike license 3.0.",
			"saa_cdli_accession": "yes",
			"saa_cdli_id": "yes",
			"saa_cdli_museum": "yes",
			"saao_lists": "saao/saa07:P335759",
			"script": "Neo-Assyrian",
			"script_remarks": "inscribed",
			"script_type": "Cuneiform",
			"secondary_record": "no",
			"short_title": "Administrative Records 1",
			"title": "List of Debts",
			"vol_title": "Imperial Administrative Records, Part I: Palace and Temple Administration",
			"volume": "SAA 7"
		},
		"geometry": {
			"type": "Point",
			"coordinates": [43.151937,36.358684]
		}
	}, {
		"type": "Feature",
		"properties": {
			"designation": "SAA 07 030",
			"atae_lists": "atae/saao:P335660",
			"has_date": "unknown",
			"accession_no": "K 08103 + K 08774 + K 13209",
			"add_no": "ADD 0815+",
			"archive": "099 - Miscellaneous",
			"cdli_accession_no": "K 08103 + K 08774 + K 13209",
			"cdli_id": "P335660",
			"cdli_museum_no": "BM —",
			"ch_name": "Lists of Debts",
			"ch_no": "Ch. 5",
			"ch_num_name": "Ch. 5 (Lists of Debts)",
			"collection": "British Museum, London, UK",
			"comp_wit": "witness",
			"credits": "Adapted from F. Mario Fales and J. Nicholas Postgate, Imperial Administrative Records, Part I: Palace and Temple Administration (State Archives of Assyria, 7), 1992. Lemmatised by Mikko Luukko, 2017, as part of the research programme of the Alexander von Humboldt Chair in the Ancient History of the Near and Middle East at LMU Munich (Karen Radner, Humboldt Professorship 2015. The annotated edition is released under the Creative Commons Attribution Share-Alike license 3.0.  Please cite this page as http://oracc.org/saao/P335660/.",
			"date_of_origin": "00.000.00.00",
			"display_name": "SAA 07 030",
			"edited_twice": "no",
			"genre": "Administrative Record",
			"id_text": "P335660",
			"language": "Akkadian",
			"material": "clay",
			"museum_no": "BM —",
			"object_type": "tablet",
			"oracc_header": "&amp;P335660 = SAA 07 030#project: saao/saa22#atf: lang nb#key: file=SAA22/SAA22.saa#key: musno=K 08103 + K 08774 + K 13209#key: cdli=K 08103 + K 08774 + K 13209#key: date=Esarhaddon or Ashurbanipal#key: writer=#key: preservation=",
			"period": "Neo-Assyrian",
			"please_cite": "Please cite this page as http://oracc.org/saao/P335660/.",
			"pleiades_id": "874621",
			"primary_publication": "ADD 0815+",
			"project": "saa07",
			"proposed_date": "(ca. 674-650)",
			"provenience": "Kuyunjik (Nineveh)",
			"publication_history": "SAA 07, 030",
			"rework": "no",
			"ruler": "Esarhaddon or Ashurbanipal",
			"saa_attribution": "Adapted from F. Mario Fales and J. Nicholas Postgate, Imperial Administrative Records, Part I: Palace and Temple Administration (State Archives of Assyria, 7), 1992. Lemmatised by Mikko Luukko, 2017, as part of the research programme of the Alexander von Humboldt Chair in the Ancient History of the Near and Middle East at LMU Munich (Karen Radner, Humboldt Professorship 2015. The annotated edition is released under the Creative Commons Attribution Share-Alike license 3.0.",
			"saa_cdli_accession": "yes",
			"saa_cdli_id": "yes",
			"saa_cdli_museum": "yes",
			"saao_lists": "saao/saa07:P335660",
			"script": "Neo-Assyrian",
			"script_remarks": "inscribed",
			"script_type": "Cuneiform",
			"secondary_record": "no",
			"short_title": "Administrative Records 1",
			"title": "List of Various Debts",
			"vol_title": "Imperial Administrative Records, Part I: Palace and Temple Administration",
			"volume": "SAA 7"
		},
		"geometry": {
			"type": "Point",
			"coordinates": [43.151937,36.358684]
		}
	}, {
		"type": "Feature",
		"properties": {
			"designation": "SAA 07 031",
			"atae_lists": "atae/saao:P335661",
			"has_date": "unknown",
			"accession_no": "1882-03-23, 0013",
			"add_no": "ADD 0816",
			"archive": "099 - Miscellaneous",
			"cdli_accession_no": "1882-03-23, 0013",
			"cdli_id": "P335661",
			"cdli_museum_no": "BM —",
			"ch_name": "Lists of Debts",
			"ch_no": "Ch. 5",
			"ch_num_name": "Ch. 5 (Lists of Debts)",
			"collection": "British Museum, London, UK",
			"comp_wit": "witness",
			"credits": "Adapted from F. Mario Fales and J. Nicholas Postgate, Imperial Administrative Records, Part I: Palace and Temple Administration (State Archives of Assyria, 7), 1992. Lemmatised by Mikko Luukko, 2017, as part of the research programme of the Alexander von Humboldt Chair in the Ancient History of the Near and Middle East at LMU Munich (Karen Radner, Humboldt Professorship 2015. The annotated edition is released under the Creative Commons Attribution Share-Alike license 3.0.  Please cite this page as http://oracc.org/saao/P335661/.",
			"date_of_origin": "00.000.00.00",
			"display_name": "SAA 07 031",
			"edited_twice": "no",
			"genre": "Administrative Record",
			"id_text": "P335661",
			"language": "Akkadian",
			"material": "clay",
			"museum_no": "BM —",
			"object_type": "tablet",
			"oracc_header": "&amp;P335661 = SAA 07 031#project: saao/saa22#atf: lang nb#key: file=SAA22/SAA22.saa#key: musno=1882-03-23, 0013#key: cdli=1882-03-23, 0013#key: date=Esarhaddon or Ashurbanipal#key: writer=#key: preservation=",
			"period": "Neo-Assyrian",
			"please_cite": "Please cite this page as http://oracc.org/saao/P335661/.",
			"pleiades_id": "874621",
			"primary_publication": "ADD 0816",
			"project": "saa07",
			"proposed_date": "(ca. 674-650)",
			"provenience": "Kuyunjik (Nineveh)",
			"publication_history": "SAA 07, 031",
			"rework": "no",
			"ruler": "Esarhaddon or Ashurbanipal",
			"saa_attribution": "Adapted from F. Mario Fales and J. Nicholas Postgate, Imperial Administrative Records, Part I: Palace and Temple Administration (State Archives of Assyria, 7), 1992. Lemmatised by Mikko Luukko, 2017, as part of the research programme of the Alexander von Humboldt Chair in the Ancient History of the Near and Middle East at LMU Munich (Karen Radner, Humboldt Professorship 2015. The annotated edition is released under the Creative Commons Attribution Share-Alike license 3.0.",
			"saa_cdli_accession": "yes",
			"saa_cdli_id": "yes",
			"saa_cdli_museum": "yes",
			"saao_lists": "saao/saa07:P335661",
			"script": "Neo-Assyrian",
			"script_remarks": "inscribed",
			"script_type": "Cuneiform",
			"secondary_record": "no",
			"short_title": "Administrative Records 1",
			"title": "Probable List of Debts",
			"vol_title": "Imperial Administrative Records, Part I: Palace and Temple Administration",
			"volume": "SAA 7"
		},
		"geometry": {
			"type": "Point",
			"coordinates": [43.151937,36.358684]
		}
	}, {
		"type": "Feature",
		"properties": {
			"designation": "SAA 07 032",
			"atae_lists": "atae/saao:P335757",
			"has_date": "unknown",
			"accession_no": "K 09669",
			"add_no": "ADD 0922",
			"archive": "099 - Miscellaneous",
			"cdli_accession_no": "K 09669",
			"cdli_id": "P335757",
			"cdli_museum_no": "BM —",
			"ch_name": "Lists of Debts",
			"ch_no": "Ch. 5",
			"ch_num_name": "Ch. 5 (Lists of Debts)",
			"collection": "British Museum, London, UK",
			"comp_wit": "witness",
			"credits": "Adapted from F. Mario Fales and J. Nicholas Postgate, Imperial Administrative Records, Part I: Palace and Temple Administration (State Archives of Assyria, 7), 1992. Lemmatised by Mikko Luukko, 2017, as part of the research programme of the Alexander von Humboldt Chair in the Ancient History of the Near and Middle East at LMU Munich (Karen Radner, Humboldt Professorship 2015. The annotated edition is released under the Creative Commons Attribution Share-Alike license 3.0.  Please cite this page as http://oracc.org/saao/P335757/.",
			"date_of_origin": "00.000.00.00",
			"display_name": "SAA 07 032",
			"edited_twice": "no",
			"genre": "Administrative Record",
			"id_text": "P335757",
			"language": "Akkadian",
			"material": "clay",
			"museum_no": "BM —",
			"object_type": "tablet",
			"oracc_header": "&amp;P335757 = SAA 07 032#project: saao/saa22#atf: lang nb#key: file=SAA22/SAA22.saa#key: musno=K 09669#key: cdli=K 09669#key: date=Esarhaddon or Ashurbanipal#key: writer=#key: preservation=",
			"period": "Neo-Assyrian",
			"please_cite": "Please cite this page as http://oracc.org/saao/P335757/.",
			"pleiades_id": "874621",
			"primary_publication": "ADD 0922",
			"project": "saa07",
			"proposed_date": "(ca. 674-650)",
			"provenience": "Kuyunjik (Nineveh)",
			"publication_history": "SAA 07, 032",
			"rework": "no",
			"ruler": "Esarhaddon or Ashurbanipal",
			"saa_attribution": "Adapted from F. Mario Fales and J. Nicholas Postgate, Imperial Administrative Records, Part I: Palace and Temple Administration (State Archives of Assyria, 7), 1992. Lemmatised by Mikko Luukko, 2017, as part of the research programme of the Alexander von Humboldt Chair in the Ancient History of the Near and Middle East at LMU Munich (Karen Radner, Humboldt Professorship 2015. The annotated edition is released under the Creative Commons Attribution Share-Alike license 3.0.",
			"saa_cdli_accession": "yes",
			"saa_cdli_id": "yes",
			"saa_cdli_museum": "yes",
			"saao_lists": "saao/saa07:P335757",
			"script": "Neo-Assyrian",
			"script_remarks": "inscribed",
			"script_type": "Cuneiform",
			"secondary_record": "no",
			"short_title": "Administrative Records 1",
			"title": "Probable List of Debts",
			"vol_title": "Imperial Administrative Records, Part I: Palace and Temple Administration",
			"volume": "SAA 7"
		},
		"geometry": {
			"type": "Point",
			"coordinates": [43.151937,36.358684]
		}
	}, {
		"type": "Feature",
		"properties": {
			"designation": "SAA 07 033",
			"atae_lists": "atae/saao:P335920",
			"has_date": "no",
			"accession_no": "1882-03-23, 0073",
			"add_no": "ADD 1123",
			"archive": "099 - Miscellaneous",
			"cdli_accession_no": "1882-03-23, 0073",
			"cdli_id": "P335920",
			"cdli_museum_no": "BM —",
			"ch_name": "Lists of Debts",
			"ch_no": "Ch. 5",
			"ch_num_name": "Ch. 5 (Lists of Debts)",
			"collection": "British Museum, London, UK",
			"comp_wit": "witness",
			"credits": "Adapted from F. Mario Fales and J. Nicholas Postgate, Imperial Administrative Records, Part I: Palace and Temple Administration (State Archives of Assyria, 7), 1992. Lemmatised by Mikko Luukko, 2017, as part of the research programme of the Alexander von Humboldt Chair in the Ancient History of the Near and Middle East at LMU Munich (Karen Radner, Humboldt Professorship 2015. The annotated edition is released under the Creative Commons Attribution Share-Alike license 3.0.  Please cite this page as http://oracc.org/saao/P335920/.",
			"date_of_origin": "00.000.00.00",
			"display_name": "SAA 07 033",
			"edited_twice": "no",
			"genre": "Administrative Record",
			"id_text": "P335920",
			"language": "Akkadian",
			"material": "clay",
			"museum_no": "BM —",
			"object_type": "tablet",
			"oracc_header": "&amp;P335920 = SAA 07 033#project: saao/saa22#atf: lang nb#key: file=SAA22/SAA22.saa#key: musno=1882-03-23, 0073#key: cdli=1882-03-23, 0073#key: date=Esarhaddon or Ashurbanipal#key: writer=#key: preservation=",
			"period": "Neo-Assyrian",
			"please_cite": "Please cite this page as http://oracc.org/saao/P335920/.",
			"pleiades_id": "874621",
			"primary_publication": "ADD 1123",
			"project": "saa07",
			"proposed_date": "(ca. 674-650)",
			"provenience": "Kuyunjik (Nineveh)",
			"publication_history": "SAA 07, 033",
			"rework": "no",
			"ruler": "Esarhaddon or Ashurbanipal",
			"saa_attribution": "Adapted from F. Mario Fales and J. Nicholas Postgate, Imperial Administrative Records, Part I: Palace and Temple Administration (State Archives of Assyria, 7), 1992. Lemmatised by Mikko Luukko, 2017, as part of the research programme of the Alexander von Humboldt Chair in the Ancient History of the Near and Middle East at LMU Munich (Karen Radner, Humboldt Professorship 2015. The annotated edition is released under the Creative Commons Attribution Share-Alike license 3.0.",
			"saa_cdli_accession": "yes",
			"saa_cdli_id": "yes",
			"saa_cdli_museum": "yes",
			"saao_lists": "saao/saa07:P335920",
			"script": "Neo-Assyrian",
			"script_remarks": "inscribed",
			"script_type": "Cuneiform",
			"secondary_record": "no",
			"short_title": "Administrative Records 1",
			"title": "Probable List of Debts",
			"vol_title": "Imperial Administrative Records, Part I: Palace and Temple Administration",
			"volume": "SAA 7"
		},
		"geometry": {
			"type": "Point",
			"coordinates": [43.151937,36.358684]
		}
	}, {
		"type": "Feature",
		"properties": {
			"designation": "SAA 07 034",
			"atae_lists": "atae/saao:P335761",
			"has_date": "unknown",
			"date": "(after 713)",
			"accession_no": "Sm 0736",
			"add_no": "ADD 0926",
			"archive": "099 - Miscellaneous",
			"cdli_accession_no": "Sm 0736",
			"cdli_id": "P335761",
			"cdli_museum_no": "BM —",
			"ch_name": "Lists of Debts",
			"ch_no": "Ch. 5",
			"ch_num_name": "Ch. 5 (Lists of Debts)",
			"collection": "British Museum, London, UK",
			"comp_wit": "witness",
			"credits": "Adapted from F. Mario Fales and J. Nicholas Postgate, Imperial Administrative Records, Part I: Palace and Temple Administration (State Archives of Assyria, 7), 1992. Lemmatised by Mikko Luukko, 2017, as part of the research programme of the Alexander von Humboldt Chair in the Ancient History of the Near and Middle East at LMU Munich (Karen Radner, Humboldt Professorship 2015. The annotated edition is released under the Creative Commons Attribution Share-Alike license 3.0.  Please cite this page as http://oracc.org/saao/P335761/.",
			"date_of_origin": "Sargon2.000.00.00",
			"display_name": "SAA 07 034",
			"edited_twice": "no",
			"genre": "Administrative Record",
			"id_text": "P335761",
			"language": "Akkadian",
			"material": "clay",
			"museum_no": "BM —",
			"object_type": "tablet",
			"oracc_header": "&amp;P335761 = SAA 07 034#project: saao/saa22#atf: lang nb#key: file=SAA22/SAA22.saa#key: musno=Sm 0736#key: cdli=Sm 0736#key: date=Sargon II#key: writer=#key: preservation=",
			"period": "Neo-Assyrian",
			"please_cite": "Please cite this page as http://oracc.org/saao/P335761/.",
			"pleiades_id": "874621",
			"primary_publication": "ADD 0926",
			"project": "saa07",
			"proposed_date": "(ca. 712-705)",
			"provenience": "Kuyunjik (Nineveh)",
			"publication_history": "SAA 07, 034",
			"regnal_dates": "721–705 BC",
			"rework": "no",
			"ruler": "Sargon II",
			"saa_attribution": "Adapted from F. Mario Fales and J. Nicholas Postgate, Imperial Administrative Records, Part I: Palace and Temple Administration (State Archives of Assyria, 7), 1992. Lemmatised by Mikko Luukko, 2017, as part of the research programme of the Alexander von Humboldt Chair in the Ancient History of the Near and Middle East at LMU Munich (Karen Radner, Humboldt Professorship 2015. The annotated edition is released under the Creative Commons Attribution Share-Alike license 3.0.",
			"saa_cdli_accession": "yes",
			"saa_cdli_id": "yes",
			"saa_cdli_museum": "yes",
			"saao_lists": "saao/saa07:P335761",
			"script": "Neo-Assyrian",
			"script_remarks": "inscribed",
			"script_type": "Cuneiform",
			"secondary_record": "no",
			"short_title": "Administrative Records 1",
			"title": "List of Debts from the Reign of Sargon",
			"vol_title": "Imperial Administrative Records, Part I: Palace and Temple Administration",
			"volume": "SAA 7"
		},
		"geometry": {
			"type": "Point",
			"coordinates": [43.151937,36.358684]
		}
	}, {
		"type": "Feature",
		"properties": {
			"designation": "SAA 07 035",
			"atae_lists": "atae/saao:P335758",
			"has_date": "unknown",
			"accession_no": "K 05823",
			"add_no": "ADD 0923",
			"archive": "099 - Miscellaneous",
			"cdli_accession_no": "K 05823",
			"cdli_id": "P335758",
			"cdli_museum_no": "BM —",
			"ch_name": "Lists of Debts",
			"ch_no": "Ch. 5",
			"ch_num_name": "Ch. 5 (Lists of Debts)",
			"collection": "British Museum, London, UK",
			"comp_wit": "witness",
			"credits": "Adapted from F. Mario Fales and J. Nicholas Postgate, Imperial Administrative Records, Part I: Palace and Temple Administration (State Archives of Assyria, 7), 1992. Lemmatised by Mikko Luukko, 2017, as part of the research programme of the Alexander von Humboldt Chair in the Ancient History of the Near and Middle East at LMU Munich (Karen Radner, Humboldt Professorship 2015. The annotated edition is released under the Creative Commons Attribution Share-Alike license 3.0.  Please cite this page as http://oracc.org/saao/P335758/.",
			"date_of_origin": "00.000.00.00",
			"display_name": "SAA 07 035",
			"edited_twice": "no",
			"genre": "Administrative Record",
			"id_text": "P335758",
			"language": "Akkadian",
			"material": "clay",
			"museum_no": "BM —",
			"object_type": "tablet",
			"oracc_header": "&amp;P335758 = SAA 07 035#project: saao/saa22#atf: lang nb#key: file=SAA22/SAA22.saa#key: musno=K 05823#key: cdli=K 05823#key: date=Esarhaddon or Ashurbanipal#key: writer=#key: preservation=",
			"period": "Neo-Assyrian",
			"please_cite": "Please cite this page as http://oracc.org/saao/P335758/.",
			"pleiades_id": "874621",
			"primary_publication": "ADD 0923",
			"project": "saa07",
			"proposed_date": "(ca. 674-650)",
			"provenience": "Kuyunjik (Nineveh)",
			"publication_history": "SAA 07, 035",
			"rework": "no",
			"ruler": "Esarhaddon or Ashurbanipal",
			"saa_attribution": "Adapted from F. Mario Fales and J. Nicholas Postgate, Imperial Administrative Records, Part I: Palace and Temple Administration (State Archives of Assyria, 7), 1992. Lemmatised by Mikko Luukko, 2017, as part of the research programme of the Alexander von Humboldt Chair in the Ancient History of the Near and Middle East at LMU Munich (Karen Radner, Humboldt Professorship 2015. The annotated edition is released under the Creative Commons Attribution Share-Alike license 3.0.",
			"saa_cdli_accession": "yes",
			"saa_cdli_id": "yes",
			"saa_cdli_museum": "yes",
			"saao_lists": "saao/saa07:P335758",
			"script": "Neo-Assyrian",
			"script_remarks": "inscribed",
			"script_type": "Cuneiform",
			"secondary_record": "no",
			"short_title": "Administrative Records 1",
			"title": "List of Debts",
			"vol_title": "Imperial Administrative Records, Part I: Palace and Temple Administration",
			"volume": "SAA 7"
		},
		"geometry": {
			"type": "Point",
			"coordinates": [43.151937,36.358684]
		}
	}, {
		"type": "Feature",
		"properties": {
			"designation": "SAA 07 036",
			"atae_lists": "atae/saao:P335665",
			"has_date": "no",
			"accession_no": "K 14247",
			"add_no": "ADD 0821",
			"archive": "099 - Miscellaneous",
			"cdli_accession_no": "K 14247",
			"cdli_id": "P335665",
			"cdli_museum_no": "BM —",
			"ch_name": "Lists of Debts",
			"ch_no": "Ch. 5",
			"ch_num_name": "Ch. 5 (Lists of Debts)",
			"collection": "British Museum, London, UK",
			"comp_wit": "witness",
			"credits": "Adapted from F. Mario Fales and J. Nicholas Postgate, Imperial Administrative Records, Part I: Palace and Temple Administration (State Archives of Assyria, 7), 1992. Lemmatised by Mikko Luukko, 2017, as part of the research programme of the Alexander von Humboldt Chair in the Ancient History of the Near and Middle East at LMU Munich (Karen Radner, Humboldt Professorship 2015. The annotated edition is released under the Creative Commons Attribution Share-Alike license 3.0.  Please cite this page as http://oracc.org/saao/P335665/.",
			"date_of_origin": "00.000.00.00",
			"display_name": "SAA 07 036",
			"edited_twice": "no",
			"genre": "Administrative Record",
			"id_text": "P335665",
			"language": "Akkadian",
			"material": "clay",
			"museum_no": "BM —",
			"object_type": "tablet",
			"oracc_header": "&amp;P335665 = SAA 07 036#project: saao/saa22#atf: lang nb#key: file=SAA22/SAA22.saa#key: musno=K 14247#key: cdli=K 14247#key: date=Esarhaddon or Ashurbanipal#key: writer=#key: preservation=",
			"period": "Neo-Assyrian",
			"please_cite": "Please cite this page as http://oracc.org/saao/P335665/.",
			"pleiades_id": "874621",
			"primary_publication": "ADD 0821",
			"project": "saa07",
			"proposed_date": "(ca. 674-650)",
			"provenience": "Kuyunjik (Nineveh)",
			"publication_history": "SAA 07, 036",
			"rework": "no",
			"ruler": "Esarhaddon or Ashurbanipal",
			"saa_attribution": "Adapted from F. Mario Fales and J. Nicholas Postgate, Imperial Administrative Records, Part I: Palace and Temple Administration (State Archives of Assyria, 7), 1992. Lemmatised by Mikko Luukko, 2017, as part of the research programme of the Alexander von Humboldt Chair in the Ancient History of the Near and Middle East at LMU Munich (Karen Radner, Humboldt Professorship 2015. The annotated edition is released under the Creative Commons Attribution Share-Alike license 3.0.",
			"saa_cdli_accession": "yes",
			"saa_cdli_id": "yes",
			"saa_cdli_museum": "yes",
			"saao_lists": "saao/saa07:P335665",
			"script": "Neo-Assyrian",
			"script_remarks": "inscribed",
			"script_type": "Cuneiform",
			"secondary_record": "no",
			"short_title": "Administrative Records 1",
			"title": "Possible List of Debts",
			"vol_title": "Imperial Administrative Records, Part I: Palace and Temple Administration",
			"volume": "SAA 7"
		},
		"geometry": {
			"type": "Point",
			"coordinates": [43.151937,36.358684]
		}
	}, {
		"type": "Feature",
		"properties": {
			"designation": "SAA 07 037",
			"atae_lists": "atae/saao:P336638",
			"has_date": "unknown",
			"accession_no": "K 13033",
			"archive": "099 - Miscellaneous",
			"cdli_accession_no": "K 13033",
			"cdli_id": "P336638",
			"cdli_museum_no": "BM —",
			"ch_name": "Lists of Debts",
			"ch_no": "Ch. 5",
			"ch_num_name": "Ch. 5 (Lists of Debts)",
			"collection": "British Museum, London, UK",
			"comp_wit": "witness",
			"credits": "Adapted from F. Mario Fales and J. Nicholas Postgate, Imperial Administrative Records, Part I: Palace and Temple Administration (State Archives of Assyria, 7), 1992. Lemmatised by Mikko Luukko, 2017, as part of the research programme of the Alexander von Humboldt Chair in the Ancient History of the Near and Middle East at LMU Munich (Karen Radner, Humboldt Professorship 2015. The annotated edition is released under the Creative Commons Attribution Share-Alike license 3.0.  Please cite this page as http://oracc.org/saao/P336638/.",
			"date_of_origin": "00.000.00.00",
			"display_name": "SAA 07 037",
			"edited_twice": "no",
			"genre": "Administrative Record",
			"id_text": "P336638",
			"language": "Akkadian",
			"material": "clay",
			"museum_no": "BM —",
			"object_type": "tablet",
			"oracc_header": "&amp;P336638 = SAA 07 037#project: saao/saa22#atf: lang nb#key: file=SAA22/SAA22.saa#key: musno=K 13033#key: cdli=K 13033#key: date=Esarhaddon or Ashurbanipal#key: writer=#key: preservation=",
			"period": "Neo-Assyrian",
			"please_cite": "Please cite this page as http://oracc.org/saao/P336638/.",
			"pleiades_id": "874621",
			"project": "saa07",
			"proposed_date": "(ca. 674-650)",
			"provenience": "Kuyunjik (Nineveh)",
			"publication_history": "SAA 07, 037",
			"rework": "no",
			"ruler": "Esarhaddon or Ashurbanipal",
			"saa_attribution": "Adapted from F. Mario Fales and J. Nicholas Postgate, Imperial Administrative Records, Part I: Palace and Temple Administration (State Archives of Assyria, 7), 1992. Lemmatised by Mikko Luukko, 2017, as part of the research programme of the Alexander von Humboldt Chair in the Ancient History of the Near and Middle East at LMU Munich (Karen Radner, Humboldt Professorship 2015. The annotated edition is released under the Creative Commons Attribution Share-Alike license 3.0.",
			"saa_cdli_accession": "yes",
			"saa_cdli_id": "yes",
			"saa_cdli_museum": "yes",
			"saao_lists": "saao/saa07:P336638",
			"script": "Neo-Assyrian",
			"script_remarks": "inscribed",
			"script_type": "Cuneiform",
			"secondary_record": "no",
			"short_title": "Administrative Records 1",
			"title": "Possible List of Debts",
			"vol_title": "Imperial Administrative Records, Part I: Palace and Temple Administration",
			"volume": "SAA 7"
		},
		"geometry": {
			"type": "Point",
			"coordinates": [43.151937,36.358684]
		}
	}, {
		"type": "Feature",
		"properties": {
			"designation": "SAA 07 038",
			"atae_lists": "atae/saao:P335862",
			"has_date": "unknown",
			"accession_no": "K 01416",
			"add_no": "ADD 1044",
			"archive": "099 - Miscellaneous",
			"cdli_accession_no": "K 01416",
			"cdli_id": "P335862",
			"cdli_museum_no": "BM —",
			"ch_name": "Lists of Debts",
			"ch_no": "Ch. 5",
			"ch_num_name": "Ch. 5 (Lists of Debts)",
			"collection": "British Museum, London, UK",
			"comp_wit": "witness",
			"credits": "Adapted from F. Mario Fales and J. Nicholas Postgate, Imperial Administrative Records, Part I: Palace and Temple Administration (State Archives of Assyria, 7), 1992. Lemmatised by Mikko Luukko, 2017, as part of the research programme of the Alexander von Humboldt Chair in the Ancient History of the Near and Middle East at LMU Munich (Karen Radner, Humboldt Professorship 2015. The annotated edition is released under the Creative Commons Attribution Share-Alike license 3.0.  Please cite this page as http://oracc.org/saao/P335862/.",
			"date_of_origin": "00.000.00.00",
			"display_name": "SAA 07 038",
			"edited_twice": "no",
			"genre": "Administrative Record",
			"id_text": "P335862",
			"language": "Akkadian",
			"material": "clay",
			"museum_no": "BM —",
			"object_type": "tablet",
			"oracc_header": "&amp;P335862 = SAA 07 038#project: saao/saa22#atf: lang nb#key: file=SAA22/SAA22.saa#key: musno=K 01416#key: cdli=K 01416#key: date=Esarhaddon or Ashurbanipal#key: writer=#key: preservation=",
			"period": "Neo-Assyrian",
			"please_cite": "Please cite this page as http://oracc.org/saao/P335862/.",
			"pleiades_id": "874621",
			"primary_publication": "ADD 1044",
			"project": "saa07",
			"proposed_date": "(ca. 674-650)",
			"provenience": "Kuyunjik (Nineveh)",
			"publication_history": "SAA 07, 038",
			"rework": "no",
			"ruler": "Esarhaddon or Ashurbanipal",
			"saa_attribution": "Adapted from F. Mario Fales and J. Nicholas Postgate, Imperial Administrative Records, Part I: Palace and Temple Administration (State Archives of Assyria, 7), 1992. Lemmatised by Mikko Luukko, 2017, as part of the research programme of the Alexander von Humboldt Chair in the Ancient History of the Near and Middle East at LMU Munich (Karen Radner, Humboldt Professorship 2015. The annotated edition is released under the Creative Commons Attribution Share-Alike license 3.0.",
			"saa_cdli_accession": "yes",
			"saa_cdli_id": "yes",
			"saa_cdli_museum": "yes",
			"saao_lists": "saao/saa07:P335862",
			"script": "Neo-Assyrian",
			"script_remarks": "inscribed",
			"script_type": "Cuneiform",
			"secondary_record": "no",
			"short_title": "Administrative Records 1",
			"title": "Possible List of Debts",
			"vol_title": "Imperial Administrative Records, Part I: Palace and Temple Administration",
			"volume": "SAA 7"
		},
		"geometry": {
			"type": "Point",
			"coordinates": [43.151937,36.358684]
		}
	}, {
		"type": "Feature",
		"properties": {
			"designation": "SAA 07 039",
			"atae_lists": "atae/saao:P335666",
			"has_date": "unknown",
			"accession_no": "K 14237",
			"add_no": "ADD 0822",
			"archive": "099 - Miscellaneous",
			"cdli_accession_no": "K 14237",
			"cdli_id": "P335666",
			"cdli_museum_no": "BM —",
			"ch_name": "Lists of Debts",
			"ch_no": "Ch. 5",
			"ch_num_name": "Ch. 5 (Lists of Debts)",
			"collection": "British Museum, London, UK",
			"comp_wit": "witness",
			"credits": "Adapted from F. Mario Fales and J. Nicholas Postgate, Imperial Administrative Records, Part I: Palace and Temple Administration (State Archives of Assyria, 7), 1992. Lemmatised by Mikko Luukko, 2017, as part of the research programme of the Alexander von Humboldt Chair in the Ancient History of the Near and Middle East at LMU Munich (Karen Radner, Humboldt Professorship 2015. The annotated edition is released under the Creative Commons Attribution Share-Alike license 3.0.  Please cite this page as http://oracc.org/saao/P335666/.",
			"date_of_origin": "00.000.00.00",
			"display_name": "SAA 07 039",
			"edited_twice": "no",
			"genre": "Administrative Record",
			"id_text": "P335666",
			"language": "Akkadian",
			"material": "clay",
			"museum_no": "BM —",
			"object_type": "tablet",
			"oracc_header": "&amp;P335666 = SAA 07 039#project: saao/saa22#atf: lang nb#key: file=SAA22/SAA22.saa#key: musno=K 14237#key: cdli=K 14237#key: date=Esarhaddon or Ashurbanipal#key: writer=#key: preservation=",
			"period": "Neo-Assyrian",
			"please_cite": "Please cite this page as http://oracc.org/saao/P335666/.",
			"pleiades_id": "874621",
			"primary_publication": "ADD 0822",
			"project": "saa07",
			"proposed_date": "(ca. 674-650)",
			"provenience": "Kuyunjik (Nineveh)",
			"publication_history": "SAA 07, 039",
			"rework": "no",
			"ruler": "Esarhaddon or Ashurbanipal",
			"saa_attribution": "Adapted from F. Mario Fales and J. Nicholas Postgate, Imperial Administrative Records, Part I: Palace and Temple Administration (State Archives of Assyria, 7), 1992. Lemmatised by Mikko Luukko, 2017, as part of the research programme of the Alexander von Humboldt Chair in the Ancient History of the Near and Middle East at LMU Munich (Karen Radner, Humboldt Professorship 2015. The annotated edition is released under the Creative Commons Attribution Share-Alike license 3.0.",
			"saa_cdli_accession": "yes",
			"saa_cdli_id": "yes",
			"saa_cdli_museum": "yes",
			"saao_lists": "saao/saa07:P335666",
			"script": "Neo-Assyrian",
			"script_remarks": "inscribed",
			"script_type": "Cuneiform",
			"secondary_record": "no",
			"short_title": "Administrative Records 1",
			"title": "Possible List of Debts",
			"vol_title": "Imperial Administrative Records, Part I: Palace and Temple Administration",
			"volume": "SAA 7"
		},
		"geometry": {
			"type": "Point",
			"coordinates": [43.151937,36.358684]
		}
	}, {
		"type": "Feature",
		"properties": {
			"designation": "SAA 07 040",
			"atae_lists": "atae/saao:P337171",
			"has_date": "unknown",
			"accession_no": "1904-10-09, 0259",
			"archive": "099 - Miscellaneous",
			"cdli_accession_no": "1904-10-09, 0259",
			"cdli_id": "P337171",
			"cdli_museum_no": "BM 099227",
			"ch_name": "Lists of Debts",
			"ch_no": "Ch. 5",
			"ch_num_name": "Ch. 5 (Lists of Debts)",
			"collection": "British Museum, London, UK",
			"comp_wit": "witness",
			"credits": "Adapted from F. Mario Fales and J. Nicholas Postgate, Imperial Administrative Records, Part I: Palace and Temple Administration (State Archives of Assyria, 7), 1992. Lemmatised by Mikko Luukko, 2017, as part of the research programme of the Alexander von Humboldt Chair in the Ancient History of the Near and Middle East at LMU Munich (Karen Radner, Humboldt Professorship 2015. The annotated edition is released under the Creative Commons Attribution Share-Alike license 3.0.  Please cite this page as http://oracc.org/saao/P337171/.",
			"date_of_origin": "00.000.00.00",
			"display_name": "SAA 07 040",
			"edited_twice": "no",
			"genre": "Administrative Record",
			"id_text": "P337171",
			"language": "Akkadian",
			"material": "clay",
			"museum_no": "BM 099227",
			"object_type": "tablet",
			"oracc_header": "&amp;P337171 = SAA 07 040#project: saao/saa22#atf: lang nb#key: file=SAA22/SAA22.saa#key: musno=1904-10-09, 0259#key: cdli=1904-10-09, 0259#key: date=Esarhaddon or Ashurbanipal#key: writer=#key: preservation=",
			"other_pub": "ZA 73 06",
			"period": "Neo-Assyrian",
			"please_cite": "Please cite this page as http://oracc.org/saao/P337171/.",
			"pleiades_id": "874621",
			"primary_publication": "ZA 73 06",
			"project": "saa07",
			"proposed_date": "(ca. 674-650)",
			"provenience": "Kuyunjik (Nineveh)",
			"publication_history": "SAA 07, 040",
			"rework": "no",
			"ruler": "Esarhaddon or Ashurbanipal",
			"saa_attribution": "Adapted from F. Mario Fales and J. Nicholas Postgate, Imperial Administrative Records, Part I: Palace and Temple Administration (State Archives of Assyria, 7), 1992. Lemmatised by Mikko Luukko, 2017, as part of the research programme of the Alexander von Humboldt Chair in the Ancient History of the Near and Middle East at LMU Munich (Karen Radner, Humboldt Professorship 2015. The annotated edition is released under the Creative Commons Attribution Share-Alike license 3.0.",
			"saa_cdli_accession": "yes",
			"saa_cdli_id": "yes",
			"saa_cdli_museum": "yes",
			"saao_lists": "saao/saa07:P337171",
			"script": "Neo-Assyrian",
			"script_remarks": "inscribed",
			"script_type": "Cuneiform",
			"secondary_record": "no",
			"short_title": "Administrative Records 1",
			"title": "Possible List of Debts",
			"vol_title": "Imperial Administrative Records, Part I: Palace and Temple Administration",
			"volume": "SAA 7"
		},
		"geometry": {
			"type": "Point",
			"coordinates": [43.151937,36.358684]
		}
	}, {
		"type": "Feature",
		"properties": {
			"designation": "SAA 07 041",
			"atae_lists": "atae/saao:P335912",
			"has_date": "unknown",
			"accession_no": "K 04771",
			"add_no": "ADD 1106",
			"archive": "099 - Miscellaneous",
			"cdli_accession_no": "K 04771",
			"cdli_id": "P335912",
			"cdli_museum_no": "BM —",
			"ch_name": "Various Financial Memoranda",
			"ch_no": "Ch. 6",
			"ch_num_name": "Ch. 6 (Various Financial Memoranda)",
			"collection": "British Museum, London, UK",
			"comp_wit": "witness",
			"credits": "Adapted from F. Mario Fales and J. Nicholas Postgate, Imperial Administrative Records, Part I: Palace and Temple Administration (State Archives of Assyria, 7), 1992. Lemmatised by Mikko Luukko, 2017, as part of the research programme of the Alexander von Humboldt Chair in the Ancient History of the Near and Middle East at LMU Munich (Karen Radner, Humboldt Professorship 2015. The annotated edition is released under the Creative Commons Attribution Share-Alike license 3.0.  Please cite this page as http://oracc.org/saao/P335912/.",
			"date_of_origin": "00.000.00.00",
			"display_name": "SAA 07 041",
			"edited_twice": "no",
			"genre": "Administrative Record",
			"id_text": "P335912",
			"language": "Akkadian",
			"material": "clay",
			"museum_no": "BM —",
			"object_type": "tablet",
			"oracc_header": "&amp;P335912 = SAA 07 041#project: saao/saa22#atf: lang nb#key: file=SAA22/SAA22.saa#key: musno=K 04771#key: cdli=K 04771#key: date=Esarhaddon or Ashurbanipal#key: writer=#key: preservation=",
			"period": "Neo-Assyrian",
			"please_cite": "Please cite this page as http://oracc.org/saao/P335912/.",
			"pleiades_id": "874621",
			"primary_publication": "ADD 1106",
			"project": "saa07",
			"proposed_date": "(ca. 674-650)",
			"provenience": "Kuyunjik (Nineveh)",
			"publication_history": "SAA 07, 041",
			"rework": "no",
			"ruler": "Esarhaddon or Ashurbanipal",
			"saa_attribution": "Adapted from F. Mario Fales and J. Nicholas Postgate, Imperial Administrative Records, Part I: Palace and Temple Administration (State Archives of Assyria, 7), 1992. Lemmatised by Mikko Luukko, 2017, as part of the research programme of the Alexander von Humboldt Chair in the Ancient History of the Near and Middle East at LMU Munich (Karen Radner, Humboldt Professorship 2015. The annotated edition is released under the Creative Commons Attribution Share-Alike license 3.0.",
			"saa_cdli_accession": "yes",
			"saa_cdli_id": "yes",
			"saa_cdli_museum": "yes",
			"saao_lists": "saao/saa07:P335912",
			"script": "Neo-Assyrian",
			"script_remarks": "inscribed",
			"script_type": "Cuneiform",
			"secondary_record": "no",
			"short_title": "Administrative Records 1",
			"title": "Note of Silver Amounts",
			"vol_title": "Imperial Administrative Records, Part I: Palace and Temple Administration",
			"volume": "SAA 7"
		},
		"geometry": {
			"type": "Point",
			"coordinates": [43.151937,36.358684]
		}
	}, {
		"type": "Feature",
		"properties": {
			"designation": "SAA 07 042",
			"atae_lists": "atae/saao:P335658",
			"has_date": "no",
			"accession_no": "K 04295",
			"add_no": "ADD 0813",
			"archive": "099 - Miscellaneous",
			"cdli_accession_no": "K 04295",
			"cdli_id": "P335658",
			"cdli_museum_no": "BM —",
			"ch_name": "Various Financial Memoranda",
			"ch_no": "Ch. 6",
			"ch_num_name": "Ch. 6 (Various Financial Memoranda)",
			"collection": "British Museum, London, UK",
			"comp_wit": "witness",
			"credits": "Adapted from F. Mario Fales and J. Nicholas Postgate, Imperial Administrative Records, Part I: Palace and Temple Administration (State Archives of Assyria, 7), 1992. Lemmatised by Mikko Luukko, 2017, as part of the research programme of the Alexander von Humboldt Chair in the Ancient History of the Near and Middle East at LMU Munich (Karen Radner, Humboldt Professorship 2015. The annotated edition is released under the Creative Commons Attribution Share-Alike license 3.0.  Please cite this page as http://oracc.org/saao/P335658/.",
			"date_of_origin": "00.000.00.00",
			"display_name": "SAA 07 042",
			"edited_twice": "no",
			"genre": "Administrative Record",
			"id_text": "P335658",
			"language": "Akkadian",
			"material": "clay",
			"museum_no": "BM —",
			"object_type": "tablet",
			"oracc_header": "&amp;P335658 = SAA 07 042#project: saao/saa22#atf: lang nb#key: file=SAA22/SAA22.saa#key: musno=K 04295#key: cdli=K 04295#key: date=Esarhaddon or Ashurbanipal#key: writer=#key: preservation=",
			"period": "Neo-Assyrian",
			"please_cite": "Please cite this page as http://oracc.org/saao/P335658/.",
			"pleiades_id": "874621",
			"primary_publication": "ADD 0813",
			"project": "saa07",
			"proposed_date": "(ca. 674-650)",
			"provenience": "Kuyunjik (Nineveh)",
			"publication_history": "SAA 07, 042",
			"rework": "no",
			"ruler": "Esarhaddon or Ashurbanipal",
			"saa_attribution": "Adapted from F. Mario Fales and J. Nicholas Postgate, Imperial Administrative Records, Part I: Palace and Temple Administration (State Archives of Assyria, 7), 1992. Lemmatised by Mikko Luukko, 2017, as part of the research programme of the Alexander von Humboldt Chair in the Ancient History of the Near and Middle East at LMU Munich (Karen Radner, Humboldt Professorship 2015. The annotated edition is released under the Creative Commons Attribution Share-Alike license 3.0.",
			"saa_cdli_accession": "yes",
			"saa_cdli_id": "yes",
			"saa_cdli_museum": "yes",
			"saao_lists": "saao/saa07:P335658",
			"script": "Neo-Assyrian",
			"script_remarks": "inscribed",
			"script_type": "Cuneiform",
			"secondary_record": "no",
			"short_title": "Administrative Records 1",
			"title": "Note of Silver Amounts",
			"vol_title": "Imperial Administrative Records, Part I: Palace and Temple Administration",
			"volume": "SAA 7"
		},
		"geometry": {
			"type": "Point",
			"coordinates": [43.151937,36.358684]
		}
	}, {
		"type": "Feature",
		"properties": {
			"designation": "SAA 07 043",
			"atae_lists": "atae/saao:P335568",
			"has_date": "unknown",
			"accession_no": "Rm 0959",
			"add_no": "ADD 0686",
			"archive": "099 - Miscellaneous",
			"cdli_accession_no": "Rm 0959",
			"cdli_id": "P335568",
			"cdli_museum_no": "BM —",
			"ch_name": "Various Financial Memoranda",
			"ch_no": "Ch. 6",
			"ch_num_name": "Ch. 6 (Various Financial Memoranda)",
			"collection": "British Museum, London, UK",
			"comp_wit": "witness",
			"credits": "Adapted from F. Mario Fales and J. Nicholas Postgate, Imperial Administrative Records, Part I: Palace and Temple Administration (State Archives of Assyria, 7), 1992. Lemmatised by Mikko Luukko, 2017, as part of the research programme of the Alexander von Humboldt Chair in the Ancient History of the Near and Middle East at LMU Munich (Karen Radner, Humboldt Professorship 2015. The annotated edition is released under the Creative Commons Attribution Share-Alike license 3.0.  Please cite this page as http://oracc.org/saao/P335568/.",
			"date_of_origin": "00.000.00.00",
			"display_name": "SAA 07 043",
			"edited_twice": "no",
			"genre": "Administrative Record",
			"id_text": "P335568",
			"language": "Akkadian",
			"material": "clay",
			"museum_no": "BM —",
			"object_type": "tablet",
			"oracc_header": "&amp;P335568 = SAA 07 043#project: saao/saa22#atf: lang nb#key: file=SAA22/SAA22.saa#key: musno=Rm 0959#key: cdli=Rm 0959#key: date=Esarhaddon or Ashurbanipal#key: writer=#key: preservation=",
			"period": "Neo-Assyrian",
			"please_cite": "Please cite this page as http://oracc.org/saao/P335568/.",
			"pleiades_id": "874621",
			"primary_publication": "ADD 0686",
			"project": "saa07",
			"proposed_date": "(ca. 674-650)",
			"provenience": "Kuyunjik (Nineveh)",
			"publication_history": "SAA 07, 043",
			"rework": "no",
			"ruler": "Esarhaddon or Ashurbanipal",
			"saa_attribution": "Adapted from F. Mario Fales and J. Nicholas Postgate, Imperial Administrative Records, Part I: Palace and Temple Administration (State Archives of Assyria, 7), 1992. Lemmatised by Mikko Luukko, 2017, as part of the research programme of the Alexander von Humboldt Chair in the Ancient History of the Near and Middle East at LMU Munich (Karen Radner, Humboldt Professorship 2015. The annotated edition is released under the Creative Commons Attribution Share-Alike license 3.0.",
			"saa_cdli_accession": "yes",
			"saa_cdli_id": "yes",
			"saa_cdli_museum": "yes",
			"saao_lists": "saao/saa07:P335568",
			"script": "Neo-Assyrian",
			"script_remarks": "inscribed",
			"script_type": "Cuneiform",
			"secondary_record": "no",
			"short_title": "Administrative Records 1",
			"title": "Memorandum re Prefects’ Silver Payments",
			"vol_title": "Imperial Administrative Records, Part I: Palace and Temple Administration",
			"volume": "SAA 7"
		},
		"geometry": {
			"type": "Point",
			"coordinates": [43.151937,36.358684]
		}
	}, {
		"type": "Feature",
		"properties": {
			"designation": "SAA 07 044",
			"atae_lists": "atae/saao:P335884",
			"has_date": "unknown",
			"accession_no": "1882-03-23, 0063",
			"add_no": "ADD 1069",
			"archive": "099 - Miscellaneous",
			"cdli_accession_no": "1882-03-23, 0063",
			"cdli_id": "P335884",
			"cdli_museum_no": "BM —",
			"ch_name": "Various Financial Memoranda",
			"ch_no": "Ch. 6",
			"ch_num_name": "Ch. 6 (Various Financial Memoranda)",
			"collection": "British Museum, London, UK",
			"comp_wit": "witness",
			"credits": "Adapted from F. Mario Fales and J. Nicholas Postgate, Imperial Administrative Records, Part I: Palace and Temple Administration (State Archives of Assyria, 7), 1992. Lemmatised by Mikko Luukko, 2017, as part of the research programme of the Alexander von Humboldt Chair in the Ancient History of the Near and Middle East at LMU Munich (Karen Radner, Humboldt Professorship 2015. The annotated edition is released under the Creative Commons Attribution Share-Alike license 3.0.  Please cite this page as http://oracc.org/saao/P335884/.",
			"date_of_origin": "00.000.00.00",
			"display_name": "SAA 07 044",
			"edited_twice": "no",
			"genre": "Administrative Record",
			"id_text": "P335884",
			"language": "Akkadian",
			"material": "clay",
			"museum_no": "BM —",
			"object_type": "tablet",
			"oracc_header": "&amp;P335884 = SAA 07 044#project: saao/saa22#atf: lang nb#key: file=SAA22/SAA22.saa#key: musno=1882-03-23, 0063#key: cdli=1882-03-23, 0063#key: date=Esarhaddon or Ashurbanipal#key: writer=#key: preservation=",
			"period": "Neo-Assyrian",
			"please_cite": "Please cite this page as http://oracc.org/saao/P335884/.",
			"pleiades_id": "874621",
			"primary_publication": "ADD 1069",
			"project": "saa07",
			"proposed_date": "(ca. 674-650)",
			"provenience": "Kuyunjik (Nineveh)",
			"publication_history": "SAA 07, 044",
			"rework": "no",
			"ruler": "Esarhaddon or Ashurbanipal",
			"saa_attribution": "Adapted from F. Mario Fales and J. Nicholas Postgate, Imperial Administrative Records, Part I: Palace and Temple Administration (State Archives of Assyria, 7), 1992. Lemmatised by Mikko Luukko, 2017, as part of the research programme of the Alexander von Humboldt Chair in the Ancient History of the Near and Middle East at LMU Munich (Karen Radner, Humboldt Professorship 2015. The annotated edition is released under the Creative Commons Attribution Share-Alike license 3.0.",
			"saa_cdli_accession": "yes",
			"saa_cdli_id": "yes",
			"saa_cdli_museum": "yes",
			"saao_lists": "saao/saa07:P335884",
			"script": "Neo-Assyrian",
			"script_remarks": "inscribed",
			"script_type": "Cuneiform",
			"secondary_record": "no",
			"short_title": "Administrative Records 1",
			"title": "Memorandum re Peculations in the Temple",
			"vol_title": "Imperial Administrative Records, Part I: Palace and Temple Administration",
			"volume": "SAA 7"
		},
		"geometry": {
			"type": "Point",
			"coordinates": [43.151937,36.358684]
		}
	}, {
		"type": "Feature",
		"properties": {
			"designation": "SAA 07 045",
			"atae_lists": "atae/saao:P335931",
			"has_date": "no",
			"accession_no": "K 12985 + K 14286",
			"add_no": "ADD 1139+",
			"archive": "099 - Miscellaneous",
			"cdli_accession_no": "K 12985 + K 14286",
			"cdli_id": "P335931",
			"cdli_museum_no": "BM —",
			"ch_name": "Various Financial Memoranda",
			"ch_no": "Ch. 6",
			"ch_num_name": "Ch. 6 (Various Financial Memoranda)",
			"collection": "British Museum, London, UK",
			"comp_wit": "witness",
			"credits": "Adapted from F. Mario Fales and J. Nicholas Postgate, Imperial Administrative Records, Part I: Palace and Temple Administration (State Archives of Assyria, 7), 1992. Lemmatised by Mikko Luukko, 2017, as part of the research programme of the Alexander von Humboldt Chair in the Ancient History of the Near and Middle East at LMU Munich (Karen Radner, Humboldt Professorship 2015. The annotated edition is released under the Creative Commons Attribution Share-Alike license 3.0.  Please cite this page as http://oracc.org/saao/P335931/.",
			"date_of_origin": "Sargon2.000.00.00",
			"display_name": "SAA 07 045",
			"edited_twice": "no",
			"genre": "Administrative Record",
			"id_text": "P335931",
			"language": "Akkadian",
			"material": "clay",
			"museum_no": "BM —",
			"object_type": "tablet",
			"oracc_header": "&amp;P335931 = SAA 07 045#project: saao/saa22#atf: lang nb#key: file=SAA22/SAA22.saa#key: musno=K 12985 + K 14286#key: cdli=K 12985 + K 14286#key: date=Sargon II#key: writer=#key: preservation=",
			"period": "Neo-Assyrian",
			"please_cite": "Please cite this page as http://oracc.org/saao/P335931/.",
			"pleiades_id": "874621",
			"primary_publication": "ADD 1139+",
			"project": "saa07",
			"proposed_date": "(ca. 721-705)",
			"provenience": "Kuyunjik (Nineveh)",
			"publication_history": "SAA 07, 045",
			"regnal_dates": "721–705 BC",
			"rework": "no",
			"ruler": "Sargon II",
			"saa_attribution": "Adapted from F. Mario Fales and J. Nicholas Postgate, Imperial Administrative Records, Part I: Palace and Temple Administration (State Archives of Assyria, 7), 1992. Lemmatised by Mikko Luukko, 2017, as part of the research programme of the Alexander von Humboldt Chair in the Ancient History of the Near and Middle East at LMU Munich (Karen Radner, Humboldt Professorship 2015. The annotated edition is released under the Creative Commons Attribution Share-Alike license 3.0.",
			"saa_cdli_accession": "yes",
			"saa_cdli_id": "yes",
			"saa_cdli_museum": "yes",
			"saao_lists": "saao/saa07:P335931",
			"script": "Neo-Assyrian",
			"script_remarks": "inscribed",
			"script_type": "Cuneiform",
			"secondary_record": "no",
			"short_title": "Administrative Records 1",
			"title": "Memorandum re Qappata’s Debts",
			"vol_title": "Imperial Administrative Records, Part I: Palace and Temple Administration",
			"volume": "SAA 7"
		},
		"geometry": {
			"type": "Point",
			"coordinates": [43.151937,36.358684]
		}
	}, {
		"type": "Feature",
		"properties": {
			"designation": "SAA 07 046",
			"atae_lists": "atae/saao:P335877",
			"has_date": "unknown",
			"accession_no": "K 07385",
			"add_no": "ADD 1062",
			"archive": "099 - Miscellaneous",
			"cdli_accession_no": "K 07385",
			"cdli_id": "P335877",
			"cdli_museum_no": "BM —",
			"ch_name": "Various Financial Memoranda",
			"ch_no": "Ch. 6",
			"ch_num_name": "Ch. 6 (Various Financial Memoranda)",
			"collection": "British Museum, London, UK",
			"comp_wit": "witness",
			"credits": "Adapted from F. Mario Fales and J. Nicholas Postgate, Imperial Administrative Records, Part I: Palace and Temple Administration (State Archives of Assyria, 7), 1992. Lemmatised by Mikko Luukko, 2017, as part of the research programme of the Alexander von Humboldt Chair in the Ancient History of the Near and Middle East at LMU Munich (Karen Radner, Humboldt Professorship 2015. The annotated edition is released under the Creative Commons Attribution Share-Alike license 3.0.  Please cite this page as http://oracc.org/saao/P335877/.",
			"date_of_origin": "00.000.00.00",
			"display_name": "SAA 07 046",
			"edited_twice": "no",
			"genre": "Administrative Record",
			"id_text": "P335877",
			"language": "Akkadian",
			"material": "clay",
			"museum_no": "BM —",
			"object_type": "tablet",
			"oracc_header": "&amp;P335877 = SAA 07 046#project: saao/saa22#atf: lang nb#key: file=SAA22/SAA22.saa#key: musno=K 07385#key: cdli=K 07385#key: date=Esarhaddon or Ashurbanipal#key: writer=#key: preservation=",
			"period": "Neo-Assyrian",
			"please_cite": "Please cite this page as http://oracc.org/saao/P335877/.",
			"pleiades_id": "874621",
			"primary_publication": "ADD 1062",
			"project": "saa07",
			"proposed_date": "(ca. 674-650)",
			"provenience": "Kuyunjik (Nineveh)",
			"publication_history": "SAA 07, 046",
			"rework": "no",
			"ruler": "Esarhaddon or Ashurbanipal",
			"saa_attribution": "Adapted from F. Mario Fales and J. Nicholas Postgate, Imperial Administrative Records, Part I: Palace and Temple Administration (State Archives of Assyria, 7), 1992. Lemmatised by Mikko Luukko, 2017, as part of the research programme of the Alexander von Humboldt Chair in the Ancient History of the Near and Middle East at LMU Munich (Karen Radner, Humboldt Professorship 2015. The annotated edition is released under the Creative Commons Attribution Share-Alike license 3.0.",
			"saa_cdli_accession": "yes",
			"saa_cdli_id": "yes",
			"saa_cdli_museum": "yes",
			"saao_lists": "saao/saa07:P335877",
			"script": "Neo-Assyrian",
			"script_remarks": "inscribed",
			"script_type": "Cuneiform",
			"secondary_record": "no",
			"short_title": "Administrative Records 1",
			"title": "Memorandum re Payments",
			"vol_title": "Imperial Administrative Records, Part I: Palace and Temple Administration",
			"volume": "SAA 7"
		},
		"geometry": {
			"type": "Point",
			"coordinates": [43.151937,36.358684]
		}
	}, {
		"type": "Feature",
		"properties": {
			"designation": "SAA 07 047",
			"atae_lists": "atae/saao:P335890",
			"has_date": "no",
			"accession_no": "K 01577",
			"add_no": "ADD 1076",
			"archive": "099 - Miscellaneous",
			"cdli_accession_no": "K 01577",
			"cdli_id": "P335890",
			"cdli_museum_no": "BM —",
			"ch_name": "Various Financial Memoranda",
			"ch_no": "Ch. 6",
			"ch_num_name": "Ch. 6 (Various Financial Memoranda)",
			"collection": "British Museum, London, UK",
			"comp_wit": "witness",
			"credits": "Adapted from F. Mario Fales and J. Nicholas Postgate, Imperial Administrative Records, Part I: Palace and Temple Administration (State Archives of Assyria, 7), 1992. Lemmatised by Mikko Luukko, 2017, as part of the research programme of the Alexander von Humboldt Chair in the Ancient History of the Near and Middle East at LMU Munich (Karen Radner, Humboldt Professorship 2015. The annotated edition is released under the Creative Commons Attribution Share-Alike license 3.0.  Please cite this page as http://oracc.org/saao/P335890/.",
			"date_of_origin": "00.000.00.00",
			"display_name": "SAA 07 047",
			"edited_twice": "no",
			"genre": "Administrative Record",
			"id_text": "P335890",
			"language": "Akkadian",
			"material": "clay",
			"museum_no": "BM —",
			"object_type": "tablet",
			"oracc_header": "&amp;P335890 = SAA 07 047#project: saao/saa22#atf: lang nb#key: file=SAA22/SAA22.saa#key: musno=K 01577#key: cdli=K 01577#key: date=Esarhaddon or Ashurbanipal#key: writer=#key: preservation=",
			"period": "Neo-Assyrian",
			"please_cite": "Please cite this page as http://oracc.org/saao/P335890/.",
			"pleiades_id": "874621",
			"primary_publication": "ADD 1076",
			"project": "saa07",
			"proposed_date": "(ca. 674-650)",
			"provenience": "Kuyunjik (Nineveh)",
			"publication_history": "SAA 07, 047",
			"rework": "no",
			"ruler": "Esarhaddon or Ashurbanipal",
			"saa_attribution": "Adapted from F. Mario Fales and J. Nicholas Postgate, Imperial Administrative Records, Part I: Palace and Temple Administration (State Archives of Assyria, 7), 1992. Lemmatised by Mikko Luukko, 2017, as part of the research programme of the Alexander von Humboldt Chair in the Ancient History of the Near and Middle East at LMU Munich (Karen Radner, Humboldt Professorship 2015. The annotated edition is released under the Creative Commons Attribution Share-Alike license 3.0.",
			"saa_cdli_accession": "yes",
			"saa_cdli_id": "yes",
			"saa_cdli_museum": "yes",
			"saao_lists": "saao/saa07:P335890",
			"script": "Neo-Assyrian",
			"script_remarks": "inscribed",
			"script_type": "Cuneiform",
			"secondary_record": "no",
			"short_title": "Administrative Records 1",
			"title": "Memorandum re Activities of a Eunuch, etc.",
			"vol_title": "Imperial Administrative Records, Part I: Palace and Temple Administration",
			"volume": "SAA 7"
		},
		"geometry": {
			"type": "Point",
			"coordinates": [43.151937,36.358684]
		}
	}, {
		"type": "Feature",
		"properties": {
			"designation": "SAA 07 048",
			"atae_lists": "atae/saao:P335889",
			"has_date": "no",
			"accession_no": "K 01493",
			"add_no": "ADD 1075",
			"archive": "099 - Miscellaneous",
			"cdli_accession_no": "K 01493",
			"cdli_id": "P335889",
			"cdli_museum_no": "BM —",
			"ch_name": "Various Financial Memoranda",
			"ch_no": "Ch. 6",
			"ch_num_name": "Ch. 6 (Various Financial Memoranda)",
			"collection": "British Museum, London, UK",
			"comp_wit": "witness",
			"credits": "Adapted from F. Mario Fales and J. Nicholas Postgate, Imperial Administrative Records, Part I: Palace and Temple Administration (State Archives of Assyria, 7), 1992. Lemmatised by Mikko Luukko, 2017, as part of the research programme of the Alexander von Humboldt Chair in the Ancient History of the Near and Middle East at LMU Munich (Karen Radner, Humboldt Professorship 2015. The annotated edition is released under the Creative Commons Attribution Share-Alike license 3.0.  Please cite this page as http://oracc.org/saao/P335889/.",
			"date_of_origin": "00.000.00.00",
			"display_name": "SAA 07 048",
			"edited_twice": "no",
			"genre": "Administrative Record",
			"id_text": "P335889",
			"language": "Akkadian",
			"material": "clay",
			"museum_no": "BM —",
			"object_type": "tablet",
			"oracc_header": "&amp;P335889 = SAA 07 048#project: saao/saa22#atf: lang nb#key: file=SAA22/SAA22.saa#key: musno=K 01493#key: cdli=K 01493#key: date=Esarhaddon or Ashurbanipal#key: writer=#key: preservation=",
			"period": "Neo-Assyrian",
			"please_cite": "Please cite this page as http://oracc.org/saao/P335889/.",
			"pleiades_id": "874621",
			"primary_publication": "ADD 1075",
			"project": "saa07",
			"proposed_date": "(ca. 674-650)",
			"provenience": "Kuyunjik (Nineveh)",
			"publication_history": "SAA 07, 048",
			"rework": "no",
			"ruler": "Esarhaddon or Ashurbanipal",
			"saa_attribution": "Adapted from F. Mario Fales and J. Nicholas Postgate, Imperial Administrative Records, Part I: Palace and Temple Administration (State Archives of Assyria, 7), 1992. Lemmatised by Mikko Luukko, 2017, as part of the research programme of the Alexander von Humboldt Chair in the Ancient History of the Near and Middle East at LMU Munich (Karen Radner, Humboldt Professorship 2015. The annotated edition is released under the Creative Commons Attribution Share-Alike license 3.0.",
			"saa_cdli_accession": "yes",
			"saa_cdli_id": "yes",
			"saa_cdli_museum": "yes",
			"saao_lists": "saao/saa07:P335889",
			"script": "Neo-Assyrian",
			"script_remarks": "inscribed",
			"script_type": "Cuneiform",
			"secondary_record": "no",
			"short_title": "Administrative Records 1",
			"title": "Silver Payments to do with the Queen Mother",
			"vol_title": "Imperial Administrative Records, Part I: Palace and Temple Administration",
			"volume": "SAA 7"
		},
		"geometry": {
			"type": "Point",
			"coordinates": [43.151937,36.358684]
		}
	}, {
		"type": "Feature",
		"properties": {
			"designation": "SAA 07 049",
			"atae_lists": "atae/saao:P335775",
			"has_date": "yes",
			"date": "648*-XI-01",
			"year": "648*",
			"month": "XI",
			"day": "01",
			"accession_no": "1880-07-19, 0144 (+) 1880-07-19, 0262",
			"add_no": "ADD 0943+",
			"archive": "099 - Miscellaneous",
			"cdli_accession_no": "1880-07-19, 0144 (+) 1880-07-19, 0262",
			"cdli_id": "P335775",
			"cdli_museum_no": "BM —",
			"ch_name": "Tablets and Writing Boards",
			"ch_no": "Ch. 7",
			"ch_num_name": "Ch. 7 (Tablets and Writing Boards)",
			"collection": "British Museum, London, UK",
			"comp_wit": "witness",
			"credits": "Adapted from F. Mario Fales and J. Nicholas Postgate, Imperial Administrative Records, Part I: Palace and Temple Administration (State Archives of Assyria, 7), 1992. Lemmatised by Mikko Luukko, 2017, as part of the research programme of the Alexander von Humboldt Chair in the Ancient History of the Near and Middle East at LMU Munich (Karen Radner, Humboldt Professorship 2015. The annotated edition is released under the Creative Commons Attribution Share-Alike license 3.0.  Please cite this page as http://oracc.org/saao/P335775/.",
			"date_gen": "648*-XI-01",
			"date_of_origin": "Assurbanipal.limu Belshunu.11.01",
			"display_name": "SAA 07 049",
			"edited_twice": "no",
			"eponym": "Bēlšunu",
			"genre": "Administrative Record",
			"id_text": "P335775",
			"language": "Akkadian",
			"long_date": "Šabāṭu 1st, eponymy of Bēlšunu, governor of Hindānu",
			"long_date_gen": "Šabāṭu 1st, eponymy of Bēlšunu",
			"material": "clay",
			"museum_no": "BM —",
			"object_type": "tablet",
			"oracc_header": "&amp;P335775 = SAA 07 049#project: saao/saa22#atf: lang nb#key: file=SAA22/SAA22.saa#key: musno=1880-07-19, 0144 (+) 1880-07-19, 0262#key: cdli=1880-07-19, 0144 (+) 1880-07-19, 0262#key: date=Ashurbanipal#key: writer=#key: preservation=",
			"period": "Neo-Assyrian",
			"please_cite": "Please cite this page as http://oracc.org/saao/P335775/.",
			"pleiades_id": "874621",
			"primary_publication": "ADD 0943+",
			"project": "saa07",
			"provenience": "Kuyunjik (Nineveh)",
			"publication_history": "SAA 07, 049",
			"regnal_dates": "668–ca. 631 BC",
			"rework": "no",
			"ruler": "Ashurbanipal",
			"saa_attribution": "Adapted from F. Mario Fales and J. Nicholas Postgate, Imperial Administrative Records, Part I: Palace and Temple Administration (State Archives of Assyria, 7), 1992. Lemmatised by Mikko Luukko, 2017, as part of the research programme of the Alexander von Humboldt Chair in the Ancient History of the Near and Middle East at LMU Munich (Karen Radner, Humboldt Professorship 2015. The annotated edition is released under the Creative Commons Attribution Share-Alike license 3.0.",
			"saa_cdli_accession": "yes",
			"saa_cdli_id": "yes",
			"saa_cdli_museum": "yes",
			"saao_lists": "saao/saa07:P335775",
			"script": "Neo-Assyrian",
			"script_remarks": "inscribed",
			"script_type": "Cuneiform",
			"secondary_record": "no",
			"short_title": "Administrative Records 1",
			"title": "Inventory of Tablets and Writing Boards",
			"vol_title": "Imperial Administrative Records, Part I: Palace and Temple Administration",
			"volume": "SAA 7"
		},
		"geometry": {
			"type": "Point",
			"coordinates": [43.151937,36.358684]
		}
	}, {
		"type": "Feature",
		"properties": {
			"designation": "SAA 07 050",
			"atae_lists": "atae/saao:P335710",
			"has_date": "yes, but date completely destroyed",
			"accession_no": "K 04753 + K 05711 + 1881-02-04, 0268 (+) K 12722",
			"add_no": "ADD 0869+",
			"archive": "099 - Miscellaneous",
			"cdli_accession_no": "K 04753 + K 05711 + 1881-02-04, 0268 (+) K 12722",
			"cdli_id": "P335710",
			"cdli_museum_no": "BM —",
			"ch_name": "Tablets and Writing Boards",
			"ch_no": "Ch. 7",
			"ch_num_name": "Ch. 7 (Tablets and Writing Boards)",
			"collection": "British Museum, London, UK",
			"comp_wit": "witness",
			"credits": "Adapted from F. Mario Fales and J. Nicholas Postgate, Imperial Administrative Records, Part I: Palace and Temple Administration (State Archives of Assyria, 7), 1992. Lemmatised by Mikko Luukko, 2017, as part of the research programme of the Alexander von Humboldt Chair in the Ancient History of the Near and Middle East at LMU Munich (Karen Radner, Humboldt Professorship 2015. The annotated edition is released under the Creative Commons Attribution Share-Alike license 3.0.  Please cite this page as http://oracc.org/saao/P335710/.",
			"date_of_origin": "Assurbanipal.000.00.00",
			"display_name": "SAA 07 050",
			"edited_twice": "no",
			"genre": "Administrative Record",
			"id_text": "P335710",
			"language": "Akkadian",
			"material": "clay",
			"museum_no": "BM —",
			"object_type": "tablet",
			"oracc_header": "&amp;P335710 = SAA 07 050#project: saao/saa22#atf: lang nb#key: file=SAA22/SAA22.saa#key: musno=K 04753 + K 05711 + 1881-02-04, 0268 (+) K 12722#key: cdli=K 04753 + K 05711 + 1881-02-04, 0268 (+) K 12722#key: date=Ashurbanipal#key: writer=#key: preservation=",
			"period": "Neo-Assyrian",
			"please_cite": "Please cite this page as http://oracc.org/saao/P335710/.",
			"pleiades_id": "874621",
			"primary_publication": "ADD 0869+",
			"project": "saa07",
			"proposed_date": "(ca. 668-648)",
			"provenience": "Kuyunjik (Nineveh)",
			"publication_history": "SAA 07, 050",
			"regnal_dates": "668–ca. 631 BC",
			"rework": "no",
			"ruler": "Ashurbanipal",
			"saa_attribution": "Adapted from F. Mario Fales and J. Nicholas Postgate, Imperial Administrative Records, Part I: Palace and Temple Administration (State Archives of Assyria, 7), 1992. Lemmatised by Mikko Luukko, 2017, as part of the research programme of the Alexander von Humboldt Chair in the Ancient History of the Near and Middle East at LMU Munich (Karen Radner, Humboldt Professorship 2015. The annotated edition is released under the Creative Commons Attribution Share-Alike license 3.0.",
			"saa_cdli_accession": "yes",
			"saa_cdli_id": "yes",
			"saa_cdli_museum": "yes",
			"saao_lists": "saao/saa07:P335710",
			"script": "Neo-Assyrian",
			"script_remarks": "inscribed",
			"script_type": "Cuneiform",
			"secondary_record": "no",
			"short_title": "Administrative Records 1",
			"title": "Inventory of Tablets and Writing Boards",
			"vol_title": "Imperial Administrative Records, Part I: Palace and Temple Administration",
			"volume": "SAA 7"
		},
		"geometry": {
			"type": "Point",
			"coordinates": [43.151937,36.358684]
		}
	}, {
		"type": "Feature",
		"properties": {
			"designation": "SAA 07 051",
			"atae_lists": "atae/saao:P335869",
			"has_date": "yes",
			"date": "648*-XII-29",
			"year": "648*",
			"month": "XII",
			"day": "29",
			"accession_no": "1882-05-22, 0533",
			"add_no": "ADD 1053",
			"archive": "099 - Miscellaneous",
			"cdli_accession_no": "1882-05-22, 0533",
			"cdli_id": "P335869",
			"cdli_museum_no": "BM —",
			"ch_name": "Tablets and Writing Boards",
			"ch_no": "Ch. 7",
			"ch_num_name": "Ch. 7 (Tablets and Writing Boards)",
			"collection": "British Museum, London, UK",
			"comp_wit": "witness",
			"credits": "Adapted from F. Mario Fales and J. Nicholas Postgate, Imperial Administrative Records, Part I: Palace and Temple Administration (State Archives of Assyria, 7), 1992. Lemmatised by Mikko Luukko, 2017, as part of the research programme of the Alexander von Humboldt Chair in the Ancient History of the Near and Middle East at LMU Munich (Karen Radner, Humboldt Professorship 2015. The annotated edition is released under the Creative Commons Attribution Share-Alike license 3.0.  Please cite this page as http://oracc.org/saao/P335869/.",
			"date_gen": "648*-XII-29",
			"date_of_origin": "Assurbanipal.limu Belshunu.12.29",
			"display_name": "SAA 07 051",
			"edited_twice": "no",
			"eponym": "Bēlšunu",
			"genre": "Administrative Record",
			"id_text": "P335869",
			"language": "Akkadian",
			"long_date": "Addaru 29th, eponymy of Bēlšunu",
			"long_date_gen": "Addaru 29th, eponymy of Bēlšunu",
			"material": "clay",
			"museum_no": "BM —",
			"object_type": "tablet",
			"oracc_header": "&amp;P335869 = SAA 07 051#project: saao/saa22#atf: lang nb#key: file=SAA22/SAA22.saa#key: musno=1882-05-22, 0533#key: cdli=1882-05-22, 0533#key: date=Ashurbanipal#key: writer=#key: preservation=",
			"period": "Neo-Assyrian",
			"please_cite": "Please cite this page as http://oracc.org/saao/P335869/.",
			"pleiades_id": "874621",
			"primary_publication": "ADD 1053",
			"project": "saa07",
			"provenience": "Kuyunjik (Nineveh)",
			"publication_history": "SAA 07, 051",
			"regnal_dates": "668–ca. 631 BC",
			"rework": "no",
			"ruler": "Ashurbanipal",
			"saa_attribution": "Adapted from F. Mario Fales and J. Nicholas Postgate, Imperial Administrative Records, Part I: Palace and Temple Administration (State Archives of Assyria, 7), 1992. Lemmatised by Mikko Luukko, 2017, as part of the research programme of the Alexander von Humboldt Chair in the Ancient History of the Near and Middle East at LMU Munich (Karen Radner, Humboldt Professorship 2015. The annotated edition is released under the Creative Commons Attribution Share-Alike license 3.0.",
			"saa_cdli_accession": "yes",
			"saa_cdli_id": "yes",
			"saa_cdli_museum": "yes",
			"saao_lists": "saao/saa07:P335869",
			"script": "Neo-Assyrian",
			"script_remarks": "inscribed",
			"script_type": "Cuneiform",
			"secondary_record": "no",
			"short_title": "Administrative Records 1",
			"title": "Inventory of Tablets and Writing Boards",
			"vol_title": "Imperial Administrative Records, Part I: Palace and Temple Administration",
			"volume": "SAA 7"
		},
		"geometry": {
			"type": "Point",
			"coordinates": [43.151937,36.358684]
		}
	}, {
		"type": "Feature",
		"properties": {
			"designation": "SAA 07 052",
			"atae_lists": "atae/saao:P336222",
			"has_date": "yes, but date completely destroyed",
			"accession_no": "K 13280 + K 13818",
			"archive": "099 - Miscellaneous",
			"cdli_accession_no": "K 13280 + K 13818",
			"cdli_id": "P336222",
			"cdli_museum_no": "BM —",
			"ch_name": "Tablets and Writing Boards",
			"ch_no": "Ch. 7",
			"ch_num_name": "Ch. 7 (Tablets and Writing Boards)",
			"collection": "British Museum, London, UK",
			"comp_wit": "witness",
			"credits": "Adapted from F. Mario Fales and J. Nicholas Postgate, Imperial Administrative Records, Part I: Palace and Temple Administration (State Archives of Assyria, 7), 1992. Lemmatised by Mikko Luukko, 2017, as part of the research programme of the Alexander von Humboldt Chair in the Ancient History of the Near and Middle East at LMU Munich (Karen Radner, Humboldt Professorship 2015. The annotated edition is released under the Creative Commons Attribution Share-Alike license 3.0.  Please cite this page as http://oracc.org/saao/P336222/.",
			"date_of_origin": "Assurbanipal.000.00.00",
			"display_name": "SAA 07 052",
			"edited_twice": "no",
			"genre": "Administrative Record",
			"id_text": "P336222",
			"language": "Akkadian",
			"material": "clay",
			"museum_no": "BM —",
			"object_type": "tablet",
			"oracc_header": "&amp;P336222 = SAA 07 052#project: saao/saa22#atf: lang nb#key: file=SAA22/SAA22.saa#key: musno=K 13280 + K 13818#key: cdli=K 13280 + K 13818#key: date=Ashurbanipal#key: writer=#key: preservation=",
			"other_pub": "JNES 42 24",
			"period": "Neo-Assyrian",
			"please_cite": "Please cite this page as http://oracc.org/saao/P336222/.",
			"pleiades_id": "874621",
			"primary_publication": "JNES 42 24",
			"project": "saa07",
			"proposed_date": "(ca. 668-648)",
			"provenience": "Kuyunjik (Nineveh)",
			"publication_history": "SAA 07, 052",
			"regnal_dates": "668–ca. 631 BC",
			"rework": "no",
			"ruler": "Ashurbanipal",
			"saa_attribution": "Adapted from F. Mario Fales and J. Nicholas Postgate, Imperial Administrative Records, Part I: Palace and Temple Administration (State Archives of Assyria, 7), 1992. Lemmatised by Mikko Luukko, 2017, as part of the research programme of the Alexander von Humboldt Chair in the Ancient History of the Near and Middle East at LMU Munich (Karen Radner, Humboldt Professorship 2015. The annotated edition is released under the Creative Commons Attribution Share-Alike license 3.0.",
			"saa_cdli_accession": "yes",
			"saa_cdli_id": "yes",
			"saa_cdli_museum": "yes",
			"saao_lists": "saao/saa07:P336222",
			"script": "Neo-Assyrian",
			"script_remarks": "inscribed",
			"script_type": "Cuneiform",
			"secondary_record": "no",
			"short_title": "Administrative Records 1",
			"title": "Fragment of Tablet Inventory",
			"vol_title": "Imperial Administrative Records, Part I: Palace and Temple Administration",
			"volume": "SAA 7"
		},
		"geometry": {
			"type": "Point",
			"coordinates": [43.151937,36.358684]
		}
	}, {
		"type": "Feature",
		"properties": {
			"designation": "SAA 07 053",
			"atae_lists": "atae/saao:P336223",
			"has_date": "yes, but date completely destroyed",
			"accession_no": "K 06962",
			"archive": "099 - Miscellaneous",
			"cdli_accession_no": "K 06962",
			"cdli_id": "P336223",
			"cdli_museum_no": "BM —",
			"ch_name": "Tablets and Writing Boards",
			"ch_no": "Ch. 7",
			"ch_num_name": "Ch. 7 (Tablets and Writing Boards)",
			"collection": "British Museum, London, UK",
			"comp_wit": "witness",
			"credits": "Adapted from F. Mario Fales and J. Nicholas Postgate, Imperial Administrative Records, Part I: Palace and Temple Administration (State Archives of Assyria, 7), 1992. Lemmatised by Mikko Luukko, 2017, as part of the research programme of the Alexander von Humboldt Chair in the Ancient History of the Near and Middle East at LMU Munich (Karen Radner, Humboldt Professorship 2015. The annotated edition is released under the Creative Commons Attribution Share-Alike license 3.0.  Please cite this page as http://oracc.org/saao/P336223/.",
			"date_of_origin": "Assurbanipal.000.00.00",
			"display_name": "SAA 07 053",
			"edited_twice": "no",
			"genre": "Administrative Record",
			"id_text": "P336223",
			"language": "Akkadian",
			"material": "clay",
			"museum_no": "BM —",
			"object_type": "tablet",
			"oracc_header": "&amp;P336223 = SAA 07 053#project: saao/saa22#atf: lang nb#key: file=SAA22/SAA22.saa#key: musno=K 06962#key: cdli=K 06962#key: date=Ashurbanipal#key: writer=#key: preservation=",
			"other_pub": "JNES 42 26",
			"period": "Neo-Assyrian",
			"please_cite": "Please cite this page as http://oracc.org/saao/P336223/.",
			"pleiades_id": "874621",
			"primary_publication": "JNES 42 26",
			"project": "saa07",
			"proposed_date": "(ca. 668-648)",
			"provenience": "Kuyunjik (Nineveh)",
			"publication_history": "SAA 07, 053",
			"regnal_dates": "668–ca. 631 BC",
			"rework": "no",
			"ruler": "Ashurbanipal",
			"saa_attribution": "Adapted from F. Mario Fales and J. Nicholas Postgate, Imperial Administrative Records, Part I: Palace and Temple Administration (State Archives of Assyria, 7), 1992. Lemmatised by Mikko Luukko, 2017, as part of the research programme of the Alexander von Humboldt Chair in the Ancient History of the Near and Middle East at LMU Munich (Karen Radner, Humboldt Professorship 2015. The annotated edition is released under the Creative Commons Attribution Share-Alike license 3.0.",
			"saa_cdli_accession": "yes",
			"saa_cdli_id": "yes",
			"saa_cdli_museum": "yes",
			"saao_lists": "saao/saa07:P336223",
			"script": "Neo-Assyrian",
			"script_remarks": "inscribed",
			"script_type": "Cuneiform",
			"secondary_record": "no",
			"short_title": "Administrative Records 1",
			"title": "Fragment of Tablet Inventory",
			"vol_title": "Imperial Administrative Records, Part I: Palace and Temple Administration",
			"volume": "SAA 7"
		},
		"geometry": {
			"type": "Point",
			"coordinates": [43.151937,36.358684]
		}
	}, {
		"type": "Feature",
		"properties": {
			"designation": "SAA 07 054",
			"atae_lists": "atae/saao:P335913",
			"has_date": "yes, but date completely destroyed",
			"accession_no": "K 05184",
			"add_no": "ADD 1107",
			"archive": "099 - Miscellaneous",
			"cdli_accession_no": "K 05184",
			"cdli_id": "P335913",
			"cdli_museum_no": "BM —",
			"ch_name": "Tablets and Writing Boards",
			"ch_no": "Ch. 7",
			"ch_num_name": "Ch. 7 (Tablets and Writing Boards)",
			"collection": "British Museum, London, UK",
			"comp_wit": "witness",
			"credits": "Adapted from F. Mario Fales and J. Nicholas Postgate, Imperial Administrative Records, Part I: Palace and Temple Administration (State Archives of Assyria, 7), 1992. Lemmatised by Mikko Luukko, 2017, as part of the research programme of the Alexander von Humboldt Chair in the Ancient History of the Near and Middle East at LMU Munich (Karen Radner, Humboldt Professorship 2015. The annotated edition is released under the Creative Commons Attribution Share-Alike license 3.0.  Please cite this page as http://oracc.org/saao/P335913/.",
			"date_of_origin": "Assurbanipal.000.00.00",
			"display_name": "SAA 07 054",
			"edited_twice": "no",
			"genre": "Administrative Record",
			"id_text": "P335913",
			"language": "Akkadian",
			"material": "clay",
			"museum_no": "BM —",
			"object_type": "tablet",
			"oracc_header": "&amp;P335913 = SAA 07 054#project: saao/saa22#atf: lang nb#key: file=SAA22/SAA22.saa#key: musno=K 05184#key: cdli=K 05184#key: date=Ashurbanipal#key: writer=#key: preservation=",
			"period": "Neo-Assyrian",
			"please_cite": "Please cite this page as http://oracc.org/saao/P335913/.",
			"pleiades_id": "874621",
			"primary_publication": "ADD 1107",
			"project": "saa07",
			"proposed_date": "(ca. 668-648)",
			"provenience": "Kuyunjik (Nineveh)",
			"publication_history": "SAA 07, 054",
			"regnal_dates": "668–ca. 631 BC",
			"rework": "no",
			"ruler": "Ashurbanipal",
			"saa_attribution": "Adapted from F. Mario Fales and J. Nicholas Postgate, Imperial Administrative Records, Part I: Palace and Temple Administration (State Archives of Assyria, 7), 1992. Lemmatised by Mikko Luukko, 2017, as part of the research programme of the Alexander von Humboldt Chair in the Ancient History of the Near and Middle East at LMU Munich (Karen Radner, Humboldt Professorship 2015. The annotated edition is released under the Creative Commons Attribution Share-Alike license 3.0.",
			"saa_cdli_accession": "yes",
			"saa_cdli_id": "yes",
			"saa_cdli_museum": "yes",
			"saao_lists": "saao/saa07:P335913",
			"script": "Neo-Assyrian",
			"script_remarks": "inscribed",
			"script_type": "Cuneiform",
			"secondary_record": "no",
			"short_title": "Administrative Records 1",
			"title": "Fragment of Tablet Inventory",
			"vol_title": "Imperial Administrative Records, Part I: Palace and Temple Administration",
			"volume": "SAA 7"
		},
		"geometry": {
			"type": "Point",
			"coordinates": [43.151937,36.358684]
		}
	}, {
		"type": "Feature",
		"properties": {
			"designation": "SAA 07 055",
			"atae_lists": "atae/saao:P336221",
			"has_date": "yes, but date completely destroyed",
			"accession_no": "K 12722",
			"archive": "099 - Miscellaneous",
			"cdli_accession_no": "K 04753 + K 05711 + 1881-02-04, 0268 (+) K 12722",
			"cdli_id": "P335710",
			"cdli_museum_no": "BM —",
			"ch_name": "Tablets and Writing Boards",
			"ch_no": "Ch. 7",
			"ch_num_name": "Ch. 7 (Tablets and Writing Boards)",
			"collection": "British Museum, London, UK",
			"comp_wit": "witness",
			"credits": "Adapted from F. Mario Fales and J. Nicholas Postgate, Imperial Administrative Records, Part I: Palace and Temple Administration (State Archives of Assyria, 7), 1992. Lemmatised by Mikko Luukko, 2017, as part of the research programme of the Alexander von Humboldt Chair in the Ancient History of the Near and Middle East at LMU Munich (Karen Radner, Humboldt Professorship 2015. The annotated edition is released under the Creative Commons Attribution Share-Alike license 3.0.  Please cite this page as http://oracc.org/saao/P336221/.",
			"date_of_origin": "Assurbanipal.000.00.00",
			"display_name": "SAA 07 055",
			"edited_twice": "no",
			"editorial_comments": "[JN] CDLI joins K 04753 + K 05711 + 1881-02-04, 0268 (+) K 12722 (SAA 07, 050; Parpola, Simo, JNES 42, 017).",
			"genre": "Administrative Record",
			"id_text": "P336221",
			"language": "Akkadian",
			"material": "clay",
			"museum_no": "BM —",
			"object_type": "tablet",
			"oracc_header": "&amp;P336221 = SAA 07 055#project: saao/saa22#atf: lang nb#key: file=SAA22/SAA22.saa#key: musno=K 12722#key: cdli=K 12722#key: date=Ashurbanipal#key: writer=#key: preservation=",
			"other_pub": "JNES 42 17",
			"period": "Neo-Assyrian",
			"please_cite": "Please cite this page as http://oracc.org/saao/P336221/.",
			"pleiades_id": "874621",
			"primary_publication": "JNES 42 17",
			"project": "saa07",
			"proposed_date": "(ca. 668-648)",
			"provenience": "Kuyunjik (Nineveh)",
			"publication_history": "SAA 07, 055",
			"regnal_dates": "668–ca. 631 BC",
			"rework": "yes",
			"ruler": "Ashurbanipal",
			"saa_attribution": "Adapted from F. Mario Fales and J. Nicholas Postgate, Imperial Administrative Records, Part I: Palace and Temple Administration (State Archives of Assyria, 7), 1992. Lemmatised by Mikko Luukko, 2017, as part of the research programme of the Alexander von Humboldt Chair in the Ancient History of the Near and Middle East at LMU Munich (Karen Radner, Humboldt Professorship 2015. The annotated edition is released under the Creative Commons Attribution Share-Alike license 3.0.",
			"saa_cdli_accession": "no",
			"saa_cdli_id": "no",
			"saa_cdli_museum": "yes",
			"saao_lists": "saao/saa07:P336221",
			"script": "Neo-Assyrian",
			"script_remarks": "inscribed",
			"script_type": "Cuneiform",
			"secondary_record": "no",
			"short_title": "Administrative Records 1",
			"title": "Fragment of Tablet Inventory",
			"vol_title": "Imperial Administrative Records, Part I: Palace and Temple Administration",
			"volume": "SAA 7"
		},
		"geometry": {
			"type": "Point",
			"coordinates": [43.151937,36.358684]
		}
	}, {
		"type": "Feature",
		"properties": {
			"designation": "SAA 07 056",
			"atae_lists": "atae/saao:P336165",
			"has_date": "yes, but date completely destroyed",
			"accession_no": "K 10182 + K 19757",
			"archive": "099 - Miscellaneous",
			"cdli_accession_no": "K 10182 + K 19757",
			"cdli_id": "P336165",
			"cdli_museum_no": "BM —",
			"ch_name": "Tablets and Writing Boards",
			"ch_no": "Ch. 7",
			"ch_num_name": "Ch. 7 (Tablets and Writing Boards)",
			"collection": "British Museum, London, UK",
			"comp_wit": "witness",
			"credits": "Adapted from F. Mario Fales and J. Nicholas Postgate, Imperial Administrative Records, Part I: Palace and Temple Administration (State Archives of Assyria, 7), 1992. Lemmatised by Mikko Luukko, 2017, as part of the research programme of the Alexander von Humboldt Chair in the Ancient History of the Near and Middle East at LMU Munich (Karen Radner, Humboldt Professorship 2015. The annotated edition is released under the Creative Commons Attribution Share-Alike license 3.0.  Please cite this page as http://oracc.org/saao/P336165/.",
			"date_of_origin": "Assurbanipal.000.00.00",
			"display_name": "SAA 07 056",
			"edited_twice": "no",
			"genre": "Administrative Record",
			"id_text": "P336165",
			"language": "Akkadian",
			"material": "clay",
			"museum_no": "BM —",
			"object_type": "tablet",
			"oracc_header": "&amp;P336165 = SAA 07 056#project: saao/saa22#atf: lang nb#key: file=SAA22/SAA22.saa#key: musno=K 10182 + K 19757#key: cdli=K 10182 + K 19757#key: date=Ashurbanipal#key: writer=#key: preservation=",
			"other_pub": "Mel.Fin.98",
			"period": "Neo-Assyrian",
			"please_cite": "Please cite this page as http://oracc.org/saao/P336165/.",
			"pleiades_id": "874621",
			"primary_publication": "Mel.Fin.98",
			"project": "saa07",
			"proposed_date": "(ca. 668-648)",
			"provenience": "Kuyunjik (Nineveh)",
			"publication_history": "SAA 07, 056",
			"regnal_dates": "668–ca. 631 BC",
			"rework": "no",
			"ruler": "Ashurbanipal",
			"saa_attribution": "Adapted from F. Mario Fales and J. Nicholas Postgate, Imperial Administrative Records, Part I: Palace and Temple Administration (State Archives of Assyria, 7), 1992. Lemmatised by Mikko Luukko, 2017, as part of the research programme of the Alexander von Humboldt Chair in the Ancient History of the Near and Middle East at LMU Munich (Karen Radner, Humboldt Professorship 2015. The annotated edition is released under the Creative Commons Attribution Share-Alike license 3.0.",
			"saa_cdli_accession": "yes",
			"saa_cdli_id": "yes",
			"saa_cdli_museum": "yes",
			"saao_lists": "saao/saa07:P336165",
			"script": "Neo-Assyrian",
			"script_remarks": "inscribed",
			"script_type": "Cuneiform",
			"secondary_record": "no",
			"short_title": "Administrative Records 1",
			"title": "Fragment of Tablet Inventory",
			"vol_title": "Imperial Administrative Records, Part I: Palace and Temple Administration",
			"volume": "SAA 7"
		},
		"geometry": {
			"type": "Point",
			"coordinates": [43.151937,36.358684]
		}
	}, {
		"type": "Feature",
		"properties": {
			"designation": "SAA 07 057",
			"atae_lists": "atae/saao:P335763",
			"has_date": "unknown",
			"accession_no": "K 04783 + K 10451",
			"add_no": "ADD 0928",
			"archive": "099 - Miscellaneous",
			"cdli_accession_no": "K 04783 + K 10451",
			"cdli_id": "P335763",
			"cdli_museum_no": "BM —",
			"ch_name": "Metals and Stones",
			"ch_no": "Ch. 8",
			"ch_num_name": "Ch. 8 (Metals and Stones)",
			"collection": "British Museum, London, UK",
			"comp_wit": "witness",
			"credits": "Adapted from F. Mario Fales and J. Nicholas Postgate, Imperial Administrative Records, Part I: Palace and Temple Administration (State Archives of Assyria, 7), 1992. Lemmatised by Mikko Luukko, 2017, as part of the research programme of the Alexander von Humboldt Chair in the Ancient History of the Near and Middle East at LMU Munich (Karen Radner, Humboldt Professorship 2015. The annotated edition is released under the Creative Commons Attribution Share-Alike license 3.0.  Please cite this page as http://oracc.org/saao/P335763/.",
			"date_of_origin": "Sargon2.000.00.00",
			"display_name": "SAA 07 057",
			"edited_twice": "no",
			"genre": "Administrative Record",
			"id_text": "P335763",
			"language": "Akkadian",
			"material": "clay",
			"museum_no": "BM —",
			"object_type": "tablet",
			"oracc_header": "&amp;P335763 = SAA 07 057#project: saao/saa22#atf: lang nb#key: file=SAA22/SAA22.saa#key: musno=K 04783 + K 10451#key: cdli=K 04783 + K 10451#key: date=Sargon II#key: writer=#key: preservation=",
			"period": "Neo-Assyrian",
			"please_cite": "Please cite this page as http://oracc.org/saao/P335763/.",
			"pleiades_id": "874621",
			"primary_publication": "ADD 0928",
			"project": "saa07",
			"proposed_date": "(ca. 712-705)",
			"provenience": "Kuyunjik (Nineveh)",
			"publication_history": "SAA 07, 057",
			"regnal_dates": "721–705 BC",
			"rework": "no",
			"ruler": "Sargon II",
			"saa_attribution": "Adapted from F. Mario Fales and J. Nicholas Postgate, Imperial Administrative Records, Part I: Palace and Temple Administration (State Archives of Assyria, 7), 1992. Lemmatised by Mikko Luukko, 2017, as part of the research programme of the Alexander von Humboldt Chair in the Ancient History of the Near and Middle East at LMU Munich (Karen Radner, Humboldt Professorship 2015. The annotated edition is released under the Creative Commons Attribution Share-Alike license 3.0.",
			"saa_cdli_accession": "yes",
			"saa_cdli_id": "yes",
			"saa_cdli_museum": "yes",
			"saao_lists": "saao/saa07:P335763",
			"script": "Neo-Assyrian",
			"script_remarks": "inscribed",
			"script_type": "Cuneiform",
			"secondary_record": "no",
			"short_title": "Administrative Records 1",
			"title": "Account of Precious Items, Reign of Sargon",
			"vol_title": "Imperial Administrative Records, Part I: Palace and Temple Administration",
			"volume": "SAA 7"
		},
		"geometry": {
			"type": "Point",
			"coordinates": [43.151937,36.358684]
		}
	}, {
		"type": "Feature",
		"properties": {
			"designation": "SAA 07 058",
			"atae_lists": "atae/saao:P335915",
			"has_date": "unknown",
			"accession_no": "K 08787 + K 09060 + K 10329 + K 12983 + K 12988 + K 13200 + K 13214 + K 13216 + K 13223 + K 14305 + K 18983 + K 19090 + K 20414",
			"add_no": "ADD 1110+",
			"archive": "099 - Miscellaneous",
			"cdli_accession_no": "K 08787 + K 09060 + K 10329 + K 12983 + K 12988 + K 13200 + K 13214 + K 13216 + K 13223 + K 14305 + K 18983 + K 19090 + K 20414",
			"cdli_id": "P335915",
			"cdli_museum_no": "BM —",
			"ch_name": "Metals and Stones",
			"ch_no": "Ch. 8",
			"ch_num_name": "Ch. 8 (Metals and Stones)",
			"collection": "British Museum, London, UK",
			"comp_wit": "witness",
			"credits": "Adapted from F. Mario Fales and J. Nicholas Postgate, Imperial Administrative Records, Part I: Palace and Temple Administration (State Archives of Assyria, 7), 1992. Lemmatised by Mikko Luukko, 2017, as part of the research programme of the Alexander von Humboldt Chair in the Ancient History of the Near and Middle East at LMU Munich (Karen Radner, Humboldt Professorship 2015. The annotated edition is released under the Creative Commons Attribution Share-Alike license 3.0.  Please cite this page as http://oracc.org/saao/P335915/.",
			"date_of_origin": "Sargon2.000.00.00",
			"display_name": "SAA 07 058",
			"edited_twice": "no",
			"genre": "Administrative Record",
			"id_text": "P335915",
			"language": "Akkadian",
			"material": "clay",
			"museum_no": "BM —",
			"object_type": "tablet",
			"oracc_header": "&amp;P335915 = SAA 07 058#project: saao/saa22#atf: lang nb#key: file=SAA22/SAA22.saa#key: musno=K 08787 + K 09060 + K 10329 + K 12983 + K 12988 + K 13200 + K 13214 + K 13216 + K 13223 + K 14305 + K 18983 + K 19090 + K 20414#key: cdli=K 08787 + K 09060 + K 10329 + K 12983 + K 12988 + K 13200 + K 13214 + K 13216 + K 13223 + K 14305 + K 18983 + K 19090 + K 20414#key: date=Sargon II#key: writer=#key: preservation=",
			"period": "Neo-Assyrian",
			"please_cite": "Please cite this page as http://oracc.org/saao/P335915/.",
			"pleiades_id": "874621",
			"primary_publication": "ADD 1110+",
			"project": "saa07",
			"proposed_date": "(ca. 712-705)",
			"provenience": "Kuyunjik (Nineveh)",
			"publication_history": "SAA 07, 058",
			"regnal_dates": "721–705 BC",
			"rework": "no",
			"ruler": "Sargon II",
			"saa_attribution": "Adapted from F. Mario Fales and J. Nicholas Postgate, Imperial Administrative Records, Part I: Palace and Temple Administration (State Archives of Assyria, 7), 1992. Lemmatised by Mikko Luukko, 2017, as part of the research programme of the Alexander von Humboldt Chair in the Ancient History of the Near and Middle East at LMU Munich (Karen Radner, Humboldt Professorship 2015. The annotated edition is released under the Creative Commons Attribution Share-Alike license 3.0.",
			"saa_cdli_accession": "yes",
			"saa_cdli_id": "yes",
			"saa_cdli_museum": "yes",
			"saao_lists": "saao/saa07:P335915",
			"script": "Neo-Assyrian",
			"script_remarks": "inscribed",
			"script_type": "Cuneiform",
			"secondary_record": "no",
			"short_title": "Administrative Records 1",
			"title": "Precious Items Issued to Visiting Delegations",
			"vol_title": "Imperial Administrative Records, Part I: Palace and Temple Administration",
			"volume": "SAA 7"
		},
		"geometry": {
			"type": "Point",
			"coordinates": [43.151937,36.358684]
		}
	}, {
		"type": "Feature",
		"properties": {
			"designation": "SAA 07 059",
			"atae_lists": "atae/saao:P335762",
			"has_date": "unknown",
			"date": "(after 646*)",
			"accession_no": "K 04773",
			"add_no": "ADD 0927",
			"archive": "099 - Miscellaneous",
			"cdli_accession_no": "K 04773",
			"cdli_id": "P335762",
			"cdli_museum_no": "BM —",
			"ch_name": "Metals and Stones",
			"ch_no": "Ch. 8",
			"ch_num_name": "Ch. 8 (Metals and Stones)",
			"collection": "British Museum, London, UK",
			"comp_wit": "witness",
			"credits": "Adapted from F. Mario Fales and J. Nicholas Postgate, Imperial Administrative Records, Part I: Palace and Temple Administration (State Archives of Assyria, 7), 1992. Lemmatised by Mikko Luukko, 2017, as part of the research programme of the Alexander von Humboldt Chair in the Ancient History of the Near and Middle East at LMU Munich (Karen Radner, Humboldt Professorship 2015. The annotated edition is released under the Creative Commons Attribution Share-Alike license 3.0.  Please cite this page as http://oracc.org/saao/P335762/.",
			"date_of_origin": "Assurbanipal.000.00.00",
			"display_name": "SAA 07 059",
			"edited_twice": "no",
			"genre": "Administrative Record",
			"id_text": "P335762",
			"language": "Akkadian",
			"material": "clay",
			"museum_no": "BM —",
			"object_type": "tablet",
			"oracc_header": "&amp;P335762 = SAA 07 059#project: saao/saa22#atf: lang nb#key: file=SAA22/SAA22.saa#key: musno=K 04773#key: cdli=K 04773#key: date=Ashurbanipal#key: writer=#key: preservation=",
			"period": "Neo-Assyrian",
			"please_cite": "Please cite this page as http://oracc.org/saao/P335762/.",
			"pleiades_id": "874621",
			"primary_publication": "ADD 0927",
			"project": "saa07",
			"proposed_date": "(646*)",
			"provenience": "Kuyunjik (Nineveh)",
			"publication_history": "SAA 07, 059",
			"regnal_dates": "668–ca. 631 BC",
			"rework": "no",
			"ruler": "Ashurbanipal",
			"saa_attribution": "Adapted from F. Mario Fales and J. Nicholas Postgate, Imperial Administrative Records, Part I: Palace and Temple Administration (State Archives of Assyria, 7), 1992. Lemmatised by Mikko Luukko, 2017, as part of the research programme of the Alexander von Humboldt Chair in the Ancient History of the Near and Middle East at LMU Munich (Karen Radner, Humboldt Professorship 2015. The annotated edition is released under the Creative Commons Attribution Share-Alike license 3.0.",
			"saa_cdli_accession": "yes",
			"saa_cdli_id": "yes",
			"saa_cdli_museum": "yes",
			"saao_lists": "saao/saa07:P335762",
			"script": "Neo-Assyrian",
			"script_remarks": "inscribed",
			"script_type": "Cuneiform",
			"secondary_record": "no",
			"short_title": "Administrative Records 1",
			"title": "Six Years’ Receipts of Precious Items in the Reign of Assurbanipal",
			"vol_title": "Imperial Administrative Records, Part I: Palace and Temple Administration",
			"volume": "SAA 7"
		},
		"geometry": {
			"type": "Point",
			"coordinates": [43.151937,36.358684]
		}
	}, {
		"type": "Feature",
		"properties": {
			"designation": "SAA 07 060",
			"atae_lists": "atae/saao:P335764",
			"has_date": "no",
			"accession_no": "K 08247 + K 13182",
			"add_no": "ADD 0930",
			"archive": "099 - Miscellaneous",
			"cdli_accession_no": "K 08247 + K 13182",
			"cdli_id": "P335764",
			"cdli_museum_no": "BM —",
			"ch_name": "Metals and Stones",
			"ch_no": "Ch. 8",
			"ch_num_name": "Ch. 8 (Metals and Stones)",
			"collection": "British Museum, London, UK",
			"comp_wit": "witness",
			"credits": "Adapted from F. Mario Fales and J. Nicholas Postgate, Imperial Administrative Records, Part I: Palace and Temple Administration (State Archives of Assyria, 7), 1992. Lemmatised by Mikko Luukko, 2017, as part of the research programme of the Alexander von Humboldt Chair in the Ancient History of the Near and Middle East at LMU Munich (Karen Radner, Humboldt Professorship 2015. The annotated edition is released under the Creative Commons Attribution Share-Alike license 3.0.  Please cite this page as http://oracc.org/saao/P335764/.",
			"date_of_origin": "Esarhaddon.000.00.00",
			"display_name": "SAA 07 060",
			"edited_twice": "no",
			"genre": "Administrative Record",
			"id_text": "P335764",
			"language": "Akkadian",
			"material": "clay",
			"museum_no": "BM —",
			"object_type": "tablet",
			"oracc_header": "&amp;P335764 = SAA 07 060#project: saao/saa22#atf: lang nb#key: file=SAA22/SAA22.saa#key: musno=K 08247 + K 13182#key: cdli=K 08247 + K 13182#key: date=Esarhaddon#key: writer=#key: preservation=",
			"period": "Neo-Assyrian",
			"please_cite": "Please cite this page as http://oracc.org/saao/P335764/.",
			"pleiades_id": "874621",
			"primary_publication": "ADD 0930",
			"project": "saa07",
			"proposed_date": "(680-669)",
			"provenience": "Kuyunjik (Nineveh)",
			"publication_history": "SAA 07, 060",
			"regnal_dates": "680–669 BC",
			"rework": "no",
			"ruler": "Esarhaddon",
			"saa_attribution": "Adapted from F. Mario Fales and J. Nicholas Postgate, Imperial Administrative Records, Part I: Palace and Temple Administration (State Archives of Assyria, 7), 1992. Lemmatised by Mikko Luukko, 2017, as part of the research programme of the Alexander von Humboldt Chair in the Ancient History of the Near and Middle East at LMU Munich (Karen Radner, Humboldt Professorship 2015. The annotated edition is released under the Creative Commons Attribution Share-Alike license 3.0.",
			"saa_cdli_accession": "yes",
			"saa_cdli_id": "yes",
			"saa_cdli_museum": "yes",
			"saao_lists": "saao/saa07:P335764",
			"script": "Neo-Assyrian",
			"script_remarks": "inscribed",
			"script_type": "Cuneiform",
			"secondary_record": "no",
			"short_title": "Administrative Records 1",
			"title": "List of Temple Treasures Sent to Elam",
			"vol_title": "Imperial Administrative Records, Part I: Palace and Temple Administration",
			"volume": "SAA 7"
		},
		"geometry": {
			"type": "Point",
			"coordinates": [43.151937,36.358684]
		}
	}, {
		"type": "Feature",
		"properties": {
			"designation": "SAA 07 061",
			"atae_lists": "atae/saao:P335663",
			"has_date": "yes, but date partially preserved",
			"date": "646*-VII-07",
			"year": "646*",
			"month": "VII",
			"day": "07",
			"accession_no": "Sm 0469",
			"add_no": "ADD 0818",
			"archive": "099 - Miscellaneous",
			"cdli_accession_no": "Sm 0469",
			"cdli_id": "P335663",
			"cdli_museum_no": "BM —",
			"ch_name": "Metals and Stones",
			"ch_no": "Ch. 8",
			"ch_num_name": "Ch. 8 (Metals and Stones)",
			"collection": "British Museum, London, UK",
			"comp_wit": "witness",
			"credits": "Adapted from F. Mario Fales and J. Nicholas Postgate, Imperial Administrative Records, Part I: Palace and Temple Administration (State Archives of Assyria, 7), 1992. Lemmatised by Mikko Luukko, 2017, as part of the research programme of the Alexander von Humboldt Chair in the Ancient History of the Near and Middle East at LMU Munich (Karen Radner, Humboldt Professorship 2015. The annotated edition is released under the Creative Commons Attribution Share-Alike license 3.0.  Please cite this page as http://oracc.org/saao/P335663/.",
			"date_gen": "646*-VII-07",
			"date_of_origin": "Assurbanipal.limu Nabu-shar-ahheshu.07.07",
			"display_name": "SAA 07 061",
			"edited_twice": "no",
			"eponym": "Nabû-šar-ahhēšu",
			"genre": "Administrative Record",
			"id_text": "P335663",
			"language": "Akkadian",
			"long_date": "Tašrītu 7[th], eponymy of Nabû-šar-ahhēšu",
			"long_date_gen": "Tašrītu 7th, eponymy of Nabû-šar-ahhēšu",
			"material": "clay",
			"museum_no": "BM —",
			"object_type": "tablet",
			"oracc_header": "&amp;P335663 = SAA 07 061#project: saao/saa22#atf: lang nb#key: file=SAA22/SAA22.saa#key: musno=Sm 0469#key: cdli=Sm 0469#key: date=Ashurbanipal#key: writer=#key: preservation=",
			"period": "Neo-Assyrian",
			"please_cite": "Please cite this page as http://oracc.org/saao/P335663/.",
			"pleiades_id": "874621",
			"primary_publication": "ADD 0818",
			"project": "saa07",
			"proposed_date": "(ca. 668-648)",
			"provenience": "Kuyunjik (Nineveh)",
			"publication_history": "SAA 07, 061",
			"regnal_dates": "668–ca. 631 BC",
			"rework": "no",
			"ruler": "Ashurbanipal",
			"saa_attribution": "Adapted from F. Mario Fales and J. Nicholas Postgate, Imperial Administrative Records, Part I: Palace and Temple Administration (State Archives of Assyria, 7), 1992. Lemmatised by Mikko Luukko, 2017, as part of the research programme of the Alexander von Humboldt Chair in the Ancient History of the Near and Middle East at LMU Munich (Karen Radner, Humboldt Professorship 2015. The annotated edition is released under the Creative Commons Attribution Share-Alike license 3.0.",
			"saa_cdli_accession": "yes",
			"saa_cdli_id": "yes",
			"saa_cdli_museum": "yes",
			"saao_lists": "saao/saa07:P335663",
			"script": "Neo-Assyrian",
			"script_remarks": "inscribed",
			"script_type": "Cuneiform",
			"secondary_record": "no",
			"short_title": "Administrative Records 1",
			"title": "Record of Precious Items, Reign of Assurbanipal",
			"vol_title": "Imperial Administrative Records, Part I: Palace and Temple Administration",
			"volume": "SAA 7"
		},
		"geometry": {
			"type": "Point",
			"coordinates": [43.151937,36.358684]
		}
	}, {
		"type": "Feature",
		"properties": {
			"designation": "SAA 07 062",
			"atae_lists": "atae/saao:P335770",
			"has_date": "unknown",
			"accession_no": "K 04750 + 1891-05-09 Bu, 0035",
			"add_no": "ADD 0936+",
			"archive": "099 - Miscellaneous",
			"cdli_accession_no": "K 04750 + 1891-05-09 Bu, 0035",
			"cdli_id": "P335770",
			"cdli_museum_no": "BM —",
			"ch_name": "Metals and Stones",
			"ch_no": "Ch. 8",
			"ch_num_name": "Ch. 8 (Metals and Stones)",
			"collection": "British Museum, London, UK",
			"comp_wit": "witness",
			"credits": "Adapted from F. Mario Fales and J. Nicholas Postgate, Imperial Administrative Records, Part I: Palace and Temple Administration (State Archives of Assyria, 7), 1992. Lemmatised by Mikko Luukko, 2017, as part of the research programme of the Alexander von Humboldt Chair in the Ancient History of the Near and Middle East at LMU Munich (Karen Radner, Humboldt Professorship 2015. The annotated edition is released under the Creative Commons Attribution Share-Alike license 3.0.  Please cite this page as http://oracc.org/saao/P335770/.",
			"date_of_origin": "Assurbanipal.000.00.00",
			"display_name": "SAA 07 062",
			"edited_twice": "no",
			"genre": "Administrative Record",
			"id_text": "P335770",
			"language": "Akkadian",
			"material": "clay",
			"museum_no": "BM —",
			"object_type": "tablet",
			"oracc_header": "&amp;P335770 = SAA 07 062#project: saao/saa22#atf: lang nb#key: file=SAA22/SAA22.saa#key: musno=K 04750 + 1891-05-09 Bu, 0035#key: cdli=K 04750 + 1891-05-09 Bu, 0035#key: date=Ashurbanipal#key: writer=#key: preservation=",
			"period": "Neo-Assyrian",
			"please_cite": "Please cite this page as http://oracc.org/saao/P335770/.",
			"pleiades_id": "874621",
			"primary_publication": "ADD 0936+",
			"project": "saa07",
			"proposed_date": "(ca. 668-648)",
			"provenience": "Kuyunjik (Nineveh)",
			"publication_history": "SAA 07, 062",
			"regnal_dates": "668–ca. 631 BC",
			"rework": "no",
			"ruler": "Ashurbanipal",
			"saa_attribution": "Adapted from F. Mario Fales and J. Nicholas Postgate, Imperial Administrative Records, Part I: Palace and Temple Administration (State Archives of Assyria, 7), 1992. Lemmatised by Mikko Luukko, 2017, as part of the research programme of the Alexander von Humboldt Chair in the Ancient History of the Near and Middle East at LMU Munich (Karen Radner, Humboldt Professorship 2015. The annotated edition is released under the Creative Commons Attribution Share-Alike license 3.0.",
			"saa_cdli_accession": "yes",
			"saa_cdli_id": "yes",
			"saa_cdli_museum": "yes",
			"saao_lists": "saao/saa07:P335770",
			"script": "Neo-Assyrian",
			"script_remarks": "inscribed",
			"script_type": "Cuneiform",
			"secondary_record": "no",
			"short_title": "Administrative Records 1",
			"title": "Precious Items for(?) the Gods",
			"vol_title": "Imperial Administrative Records, Part I: Palace and Temple Administration",
			"volume": "SAA 7"
		},
		"geometry": {
			"type": "Point",
			"coordinates": [43.151937,36.358684]
		}
	}, {
		"type": "Feature",
		"properties": {
			"designation": "SAA 07 063",
			"atae_lists": "atae/saao:P335664",
			"has_date": "unknown",
			"accession_no": "K 08358 + K 11941",
			"add_no": "ADD 0819+",
			"archive": "099 - Miscellaneous",
			"cdli_accession_no": "K 08358 + K 11941",
			"cdli_id": "P335664",
			"cdli_museum_no": "BM —",
			"ch_name": "Metals and Stones",
			"ch_no": "Ch. 8",
			"ch_num_name": "Ch. 8 (Metals and Stones)",
			"collection": "British Museum, London, UK",
			"comp_wit": "witness",
			"credits": "Adapted from F. Mario Fales and J. Nicholas Postgate, Imperial Administrative Records, Part I: Palace and Temple Administration (State Archives of Assyria, 7), 1992. Lemmatised by Mikko Luukko, 2017, as part of the research programme of the Alexander von Humboldt Chair in the Ancient History of the Near and Middle East at LMU Munich (Karen Radner, Humboldt Professorship 2015. The annotated edition is released under the Creative Commons Attribution Share-Alike license 3.0.  Please cite this page as http://oracc.org/saao/P335664/.",
			"date_of_origin": "Assurbanipal.000.00.00",
			"display_name": "SAA 07 063",
			"edited_twice": "no",
			"genre": "Administrative Record",
			"id_text": "P335664",
			"language": "Akkadian",
			"material": "clay",
			"museum_no": "BM —",
			"object_type": "tablet",
			"oracc_header": "&amp;P335664 = SAA 07 063#project: saao/saa22#atf: lang nb#key: file=SAA22/SAA22.saa#key: musno=K 08358 + K 11941#key: cdli=K 08358 + K 11941#key: date=Ashurbanipal#key: writer=#key: preservation=",
			"period": "Neo-Assyrian",
			"please_cite": "Please cite this page as http://oracc.org/saao/P335664/.",
			"pleiades_id": "874621",
			"primary_publication": "ADD 0819+",
			"project": "saa07",
			"proposed_date": "(ca. 668-648)",
			"provenience": "Kuyunjik (Nineveh)",
			"publication_history": "SAA 07, 063",
			"regnal_dates": "668–ca. 631 BC",
			"rework": "no",
			"ruler": "Ashurbanipal",
			"saa_attribution": "Adapted from F. Mario Fales and J. Nicholas Postgate, Imperial Administrative Records, Part I: Palace and Temple Administration (State Archives of Assyria, 7), 1992. Lemmatised by Mikko Luukko, 2017, as part of the research programme of the Alexander von Humboldt Chair in the Ancient History of the Near and Middle East at LMU Munich (Karen Radner, Humboldt Professorship 2015. The annotated edition is released under the Creative Commons Attribution Share-Alike license 3.0.",
			"saa_cdli_accession": "yes",
			"saa_cdli_id": "yes",
			"saa_cdli_museum": "yes",
			"saao_lists": "saao/saa07:P335664",
			"script": "Neo-Assyrian",
			"script_remarks": "inscribed",
			"script_type": "Cuneiform",
			"secondary_record": "no",
			"short_title": "Administrative Records 1",
			"title": "Record of Precious Items",
			"vol_title": "Imperial Administrative Records, Part I: Palace and Temple Administration",
			"volume": "SAA 7"
		},
		"geometry": {
			"type": "Point",
			"coordinates": [43.151937,36.358684]
		}
	}, {
		"type": "Feature",
		"properties": {
			"designation": "SAA 07 064",
			"atae_lists": "atae/saao:P335772",
			"has_date": "no",
			"accession_no": "K 12966 + 1882-03-23, 0008",
			"add_no": "ADD 0938+",
			"archive": "099 - Miscellaneous",
			"cdli_accession_no": "K 12966 + 1882-03-23, 0008",
			"cdli_id": "P335772",
			"cdli_museum_no": "BM —",
			"ch_name": "Metals and Stones",
			"ch_no": "Ch. 8",
			"ch_num_name": "Ch. 8 (Metals and Stones)",
			"collection": "British Museum, London, UK",
			"comp_wit": "witness",
			"credits": "Adapted from F. Mario Fales and J. Nicholas Postgate, Imperial Administrative Records, Part I: Palace and Temple Administration (State Archives of Assyria, 7), 1992. Lemmatised by Mikko Luukko, 2017, as part of the research programme of the Alexander von Humboldt Chair in the Ancient History of the Near and Middle East at LMU Munich (Karen Radner, Humboldt Professorship 2015. The annotated edition is released under the Creative Commons Attribution Share-Alike license 3.0.  Please cite this page as http://oracc.org/saao/P335772/.",
			"date_of_origin": "Assurbanipal.000.00.00",
			"display_name": "SAA 07 064",
			"edited_twice": "no",
			"genre": "Administrative Record",
			"id_text": "P335772",
			"language": "Akkadian",
			"material": "clay",
			"museum_no": "BM —",
			"object_type": "tablet",
			"oracc_header": "&amp;P335772 = SAA 07 064#project: saao/saa22#atf: lang nb#key: file=SAA22/SAA22.saa#key: musno=K 12966 + 1882-03-23, 0008#key: cdli=K 12966 + 1882-03-23, 0008#key: date=Ashurbanipal#key: writer=#key: preservation=",
			"period": "Neo-Assyrian",
			"please_cite": "Please cite this page as http://oracc.org/saao/P335772/.",
			"pleiades_id": "874621",
			"primary_publication": "ADD 0938+",
			"project": "saa07",
			"proposed_date": "(ca. 668-648)",
			"provenience": "Kuyunjik (Nineveh)",
			"publication_history": "SAA 07, 064",
			"regnal_dates": "668–ca. 631 BC",
			"rework": "no",
			"ruler": "Ashurbanipal",
			"saa_attribution": "Adapted from F. Mario Fales and J. Nicholas Postgate, Imperial Administrative Records, Part I: Palace and Temple Administration (State Archives of Assyria, 7), 1992. Lemmatised by Mikko Luukko, 2017, as part of the research programme of the Alexander von Humboldt Chair in the Ancient History of the Near and Middle East at LMU Munich (Karen Radner, Humboldt Professorship 2015. The annotated edition is released under the Creative Commons Attribution Share-Alike license 3.0.",
			"saa_cdli_accession": "yes",
			"saa_cdli_id": "yes",
			"saa_cdli_museum": "yes",
			"saao_lists": "saao/saa07:P335772",
			"script": "Neo-Assyrian",
			"script_remarks": "inscribed",
			"script_type": "Cuneiform",
			"secondary_record": "no",
			"short_title": "Administrative Records 1",
			"title": "Record of Precious Items",
			"vol_title": "Imperial Administrative Records, Part I: Palace and Temple Administration",
			"volume": "SAA 7"
		},
		"geometry": {
			"type": "Point",
			"coordinates": [43.151937,36.358684]
		}
	}, {
		"type": "Feature",
		"properties": {
			"designation": "SAA 07 065",
			"atae_lists": "atae/saao:P335773",
			"has_date": "unknown",
			"accession_no": "K 13155",
			"add_no": "ADD 0940",
			"archive": "099 - Miscellaneous",
			"cdli_accession_no": "K 13155",
			"cdli_id": "P335773",
			"cdli_museum_no": "BM —",
			"ch_name": "Metals and Stones",
			"ch_no": "Ch. 8",
			"ch_num_name": "Ch. 8 (Metals and Stones)",
			"collection": "British Museum, London, UK",
			"comp_wit": "witness",
			"credits": "Adapted from F. Mario Fales and J. Nicholas Postgate, Imperial Administrative Records, Part I: Palace and Temple Administration (State Archives of Assyria, 7), 1992. Lemmatised by Mikko Luukko, 2017, as part of the research programme of the Alexander von Humboldt Chair in the Ancient History of the Near and Middle East at LMU Munich (Karen Radner, Humboldt Professorship 2015. The annotated edition is released under the Creative Commons Attribution Share-Alike license 3.0.  Please cite this page as http://oracc.org/saao/P335773/.",
			"date_of_origin": "Assurbanipal.000.00.00",
			"display_name": "SAA 07 065",
			"edited_twice": "no",
			"genre": "Administrative Record",
			"id_text": "P335773",
			"language": "Akkadian",
			"material": "clay",
			"museum_no": "BM —",
			"object_type": "tablet",
			"oracc_header": "&amp;P335773 = SAA 07 065#project: saao/saa22#atf: lang nb#key: file=SAA22/SAA22.saa#key: musno=K 13155#key: cdli=K 13155#key: date=Ashurbanipal#key: writer=#key: preservation=",
			"period": "Neo-Assyrian",
			"please_cite": "Please cite this page as http://oracc.org/saao/P335773/.",
			"pleiades_id": "874621",
			"primary_publication": "ADD 0940",
			"project": "saa07",
			"proposed_date": "(ca. 668-648)",
			"provenience": "Kuyunjik (Nineveh)",
			"publication_history": "SAA 07, 065",
			"regnal_dates": "668–ca. 631 BC",
			"rework": "no",
			"ruler": "Ashurbanipal",
			"saa_attribution": "Adapted from F. Mario Fales and J. Nicholas Postgate, Imperial Administrative Records, Part I: Palace and Temple Administration (State Archives of Assyria, 7), 1992. Lemmatised by Mikko Luukko, 2017, as part of the research programme of the Alexander von Humboldt Chair in the Ancient History of the Near and Middle East at LMU Munich (Karen Radner, Humboldt Professorship 2015. The annotated edition is released under the Creative Commons Attribution Share-Alike license 3.0.",
			"saa_cdli_accession": "yes",
			"saa_cdli_id": "yes",
			"saa_cdli_museum": "yes",
			"saao_lists": "saao/saa07:P335773",
			"script": "Neo-Assyrian",
			"script_remarks": "inscribed",
			"script_type": "Cuneiform",
			"secondary_record": "no",
			"short_title": "Administrative Records 1",
			"title": "Record of Precious Items",
			"vol_title": "Imperial Administrative Records, Part I: Palace and Temple Administration",
			"volume": "SAA 7"
		},
		"geometry": {
			"type": "Point",
			"coordinates": [43.151937,36.358684]
		}
	}, {
		"type": "Feature",
		"properties": {
			"designation": "SAA 07 066",
			"atae_lists": "atae/saao:P335769",
			"has_date": "unknown",
			"accession_no": "K 04272 + K 08135",
			"add_no": "ADD 0935+",
			"archive": "099 - Miscellaneous",
			"cdli_accession_no": "K 04272 + K 08135",
			"cdli_id": "P335769",
			"cdli_museum_no": "BM —",
			"ch_name": "Metals and Stones",
			"ch_no": "Ch. 8",
			"ch_num_name": "Ch. 8 (Metals and Stones)",
			"collection": "British Museum, London, UK",
			"comp_wit": "witness",
			"credits": "Adapted from F. Mario Fales and J. Nicholas Postgate, Imperial Administrative Records, Part I: Palace and Temple Administration (State Archives of Assyria, 7), 1992. Lemmatised by Mikko Luukko, 2017, as part of the research programme of the Alexander von Humboldt Chair in the Ancient History of the Near and Middle East at LMU Munich (Karen Radner, Humboldt Professorship 2015. The annotated edition is released under the Creative Commons Attribution Share-Alike license 3.0.  Please cite this page as http://oracc.org/saao/P335769/.",
			"date_of_origin": "Assurbanipal.000.00.00",
			"display_name": "SAA 07 066",
			"edited_twice": "no",
			"genre": "Administrative Record",
			"id_text": "P335769",
			"language": "Akkadian",
			"material": "clay",
			"museum_no": "BM —",
			"object_type": "tablet",
			"oracc_header": "&amp;P335769 = SAA 07 066#project: saao/saa22#atf: lang nb#key: file=SAA22/SAA22.saa#key: musno=K 04272 + K 08135#key: cdli=K 04272 + K 08135#key: date=Ashurbanipal#key: writer=#key: preservation=",
			"period": "Neo-Assyrian",
			"please_cite": "Please cite this page as http://oracc.org/saao/P335769/.",
			"pleiades_id": "874621",
			"primary_publication": "ADD 0935+",
			"project": "saa07",
			"proposed_date": "(ca. 668-648)",
			"provenience": "Kuyunjik (Nineveh)",
			"publication_history": "SAA 07, 066",
			"regnal_dates": "668–ca. 631 BC",
			"rework": "no",
			"ruler": "Ashurbanipal",
			"saa_attribution": "Adapted from F. Mario Fales and J. Nicholas Postgate, Imperial Administrative Records, Part I: Palace and Temple Administration (State Archives of Assyria, 7), 1992. Lemmatised by Mikko Luukko, 2017, as part of the research programme of the Alexander von Humboldt Chair in the Ancient History of the Near and Middle East at LMU Munich (Karen Radner, Humboldt Professorship 2015. The annotated edition is released under the Creative Commons Attribution Share-Alike license 3.0.",
			"saa_cdli_accession": "yes",
			"saa_cdli_id": "yes",
			"saa_cdli_museum": "yes",
			"saao_lists": "saao/saa07:P335769",
			"script": "Neo-Assyrian",
			"script_remarks": "inscribed",
			"script_type": "Cuneiform",
			"secondary_record": "no",
			"short_title": "Administrative Records 1",
			"title": "Record of Precious Items",
			"vol_title": "Imperial Administrative Records, Part I: Palace and Temple Administration",
			"volume": "SAA 7"
		},
		"geometry": {
			"type": "Point",
			"coordinates": [43.151937,36.358684]
		}
	}, {
		"type": "Feature",
		"properties": {
			"designation": "SAA 07 067",
			"atae_lists": "atae/saao:P335768",
			"has_date": "no",
			"accession_no": "K 02185",
			"add_no": "ADD 0934",
			"archive": "099 - Miscellaneous",
			"cdli_accession_no": "K 02185",
			"cdli_id": "P335768",
			"cdli_museum_no": "BM —",
			"ch_name": "Metals and Stones",
			"ch_no": "Ch. 8",
			"ch_num_name": "Ch. 8 (Metals and Stones)",
			"collection": "British Museum, London, UK",
			"comp_wit": "witness",
			"credits": "Adapted from F. Mario Fales and J. Nicholas Postgate, Imperial Administrative Records, Part I: Palace and Temple Administration (State Archives of Assyria, 7), 1992. Lemmatised by Mikko Luukko, 2017, as part of the research programme of the Alexander von Humboldt Chair in the Ancient History of the Near and Middle East at LMU Munich (Karen Radner, Humboldt Professorship 2015. The annotated edition is released under the Creative Commons Attribution Share-Alike license 3.0.  Please cite this page as http://oracc.org/saao/P335768/.",
			"date_of_origin": "Assurbanipal.000.00.00",
			"display_name": "SAA 07 067",
			"edited_twice": "no",
			"genre": "Administrative Record",
			"id_text": "P335768",
			"language": "Akkadian",
			"material": "clay",
			"museum_no": "BM —",
			"object_type": "tablet",
			"oracc_header": "&amp;P335768 = SAA 07 067#project: saao/saa22#atf: lang nb#key: file=SAA22/SAA22.saa#key: musno=K 02185#key: cdli=K 02185#key: date=Ashurbanipal#key: writer=#key: preservation=",
			"period": "Neo-Assyrian",
			"please_cite": "Please cite this page as http://oracc.org/saao/P335768/.",
			"pleiades_id": "874621",
			"primary_publication": "ADD 0934",
			"project": "saa07",
			"proposed_date": "(ca. 668-648)",
			"provenience": "Kuyunjik (Nineveh)",
			"publication_history": "SAA 07, 067",
			"regnal_dates": "668–ca. 631 BC",
			"rework": "no",
			"ruler": "Ashurbanipal",
			"saa_attribution": "Adapted from F. Mario Fales and J. Nicholas Postgate, Imperial Administrative Records, Part I: Palace and Temple Administration (State Archives of Assyria, 7), 1992. Lemmatised by Mikko Luukko, 2017, as part of the research programme of the Alexander von Humboldt Chair in the Ancient History of the Near and Middle East at LMU Munich (Karen Radner, Humboldt Professorship 2015. The annotated edition is released under the Creative Commons Attribution Share-Alike license 3.0.",
			"saa_cdli_accession": "yes",
			"saa_cdli_id": "yes",
			"saa_cdli_museum": "yes",
			"saao_lists": "saao/saa07:P335768",
			"script": "Neo-Assyrian",
			"script_remarks": "inscribed",
			"script_type": "Cuneiform",
			"secondary_record": "no",
			"short_title": "Administrative Records 1",
			"title": "Record of Precious Items",
			"vol_title": "Imperial Administrative Records, Part I: Palace and Temple Administration",
			"volume": "SAA 7"
		},
		"geometry": {
			"type": "Point",
			"coordinates": [43.151937,36.358684]
		}
	}, {
		"type": "Feature",
		"properties": {
			"designation": "SAA 07 068",
			"atae_lists": "atae/saao:P335892",
			"has_date": "unknown",
			"accession_no": "K 09185",
			"add_no": "ADD 1079",
			"archive": "099 - Miscellaneous",
			"cdli_accession_no": "K 09185",
			"cdli_id": "P335892",
			"cdli_museum_no": "BM —",
			"ch_name": "Metals and Stones",
			"ch_no": "Ch. 8",
			"ch_num_name": "Ch. 8 (Metals and Stones)",
			"collection": "British Museum, London, UK",
			"comp_wit": "witness",
			"credits": "Adapted from F. Mario Fales and J. Nicholas Postgate, Imperial Administrative Records, Part I: Palace and Temple Administration (State Archives of Assyria, 7), 1992. Lemmatised by Mikko Luukko, 2017, as part of the research programme of the Alexander von Humboldt Chair in the Ancient History of the Near and Middle East at LMU Munich (Karen Radner, Humboldt Professorship 2015. The annotated edition is released under the Creative Commons Attribution Share-Alike license 3.0.  Please cite this page as http://oracc.org/saao/P335892/.",
			"date_of_origin": "Assurbanipal.000.00.00",
			"display_name": "SAA 07 068",
			"edited_twice": "no",
			"genre": "Administrative Record",
			"id_text": "P335892",
			"language": "Akkadian",
			"material": "clay",
			"museum_no": "BM —",
			"object_type": "tablet",
			"oracc_header": "&amp;P335892 = SAA 07 068#project: saao/saa22#atf: lang nb#key: file=SAA22/SAA22.saa#key: musno=K 09185#key: cdli=K 09185#key: date=Ashurbanipal#key: writer=#key: preservation=",
			"period": "Neo-Assyrian",
			"please_cite": "Please cite this page as http://oracc.org/saao/P335892/.",
			"pleiades_id": "874621",
			"primary_publication": "ADD 1079",
			"project": "saa07",
			"proposed_date": "(ca. 668-648)",
			"provenience": "Kuyunjik (Nineveh)",
			"publication_history": "SAA 07, 068",
			"regnal_dates": "668–ca. 631 BC",
			"rework": "no",
			"ruler": "Ashurbanipal",
			"saa_attribution": "Adapted from F. Mario Fales and J. Nicholas Postgate, Imperial Administrative Records, Part I: Palace and Temple Administration (State Archives of Assyria, 7), 1992. Lemmatised by Mikko Luukko, 2017, as part of the research programme of the Alexander von Humboldt Chair in the Ancient History of the Near and Middle East at LMU Munich (Karen Radner, Humboldt Professorship 2015. The annotated edition is released under the Creative Commons Attribution Share-Alike license 3.0.",
			"saa_cdli_accession": "yes",
			"saa_cdli_id": "yes",
			"saa_cdli_museum": "yes",
			"saao_lists": "saao/saa07:P335892",
			"script": "Neo-Assyrian",
			"script_remarks": "inscribed",
			"script_type": "Cuneiform",
			"secondary_record": "no",
			"short_title": "Administrative Records 1",
			"title": "Record of Precious Items",
			"vol_title": "Imperial Administrative Records, Part I: Palace and Temple Administration",
			"volume": "SAA 7"
		},
		"geometry": {
			"type": "Point",
			"coordinates": [43.151937,36.358684]
		}
	}, {
		"type": "Feature",
		"properties": {
			"designation": "SAA 07 069",
			"atae_lists": "atae/saao:P335878",
			"has_date": "unknown",
			"accession_no": "K 13220",
			"add_no": "ADD 1063",
			"archive": "099 - Miscellaneous",
			"cdli_accession_no": "K 13220",
			"cdli_id": "P335878",
			"cdli_museum_no": "BM —",
			"ch_name": "Metals and Stones",
			"ch_no": "Ch. 8",
			"ch_num_name": "Ch. 8 (Metals and Stones)",
			"collection": "British Museum, London, UK",
			"comp_wit": "witness",
			"credits": "Adapted from F. Mario Fales and J. Nicholas Postgate, Imperial Administrative Records, Part I: Palace and Temple Administration (State Archives of Assyria, 7), 1992. Lemmatised by Mikko Luukko, 2017, as part of the research programme of the Alexander von Humboldt Chair in the Ancient History of the Near and Middle East at LMU Munich (Karen Radner, Humboldt Professorship 2015. The annotated edition is released under the Creative Commons Attribution Share-Alike license 3.0.  Please cite this page as http://oracc.org/saao/P335878/.",
			"date_of_origin": "Assurbanipal.000.00.00",
			"display_name": "SAA 07 069",
			"edited_twice": "no",
			"genre": "Administrative Record",
			"id_text": "P335878",
			"language": "Akkadian",
			"material": "clay",
			"museum_no": "BM —",
			"object_type": "tablet",
			"oracc_header": "&amp;P335878 = SAA 07 069#project: saao/saa22#atf: lang nb#key: file=SAA22/SAA22.saa#key: musno=K 13220#key: cdli=K 13220#key: date=Ashurbanipal#key: writer=#key: preservation=",
			"period": "Neo-Assyrian",
			"please_cite": "Please cite this page as http://oracc.org/saao/P335878/.",
			"pleiades_id": "874621",
			"primary_publication": "ADD 1063",
			"project": "saa07",
			"proposed_date": "(ca. 668-648)",
			"provenience": "Kuyunjik (Nineveh)",
			"publication_history": "SAA 07, 069",
			"regnal_dates": "668–ca. 631 BC",
			"rework": "no",
			"ruler": "Ashurbanipal",
			"saa_attribution": "Adapted from F. Mario Fales and J. Nicholas Postgate, Imperial Administrative Records, Part I: Palace and Temple Administration (State Archives of Assyria, 7), 1992. Lemmatised by Mikko Luukko, 2017, as part of the research programme of the Alexander von Humboldt Chair in the Ancient History of the Near and Middle East at LMU Munich (Karen Radner, Humboldt Professorship 2015. The annotated edition is released under the Creative Commons Attribution Share-Alike license 3.0.",
			"saa_cdli_accession": "yes",
			"saa_cdli_id": "yes",
			"saa_cdli_museum": "yes",
			"saao_lists": "saao/saa07:P335878",
			"script": "Neo-Assyrian",
			"script_remarks": "inscribed",
			"script_type": "Cuneiform",
			"secondary_record": "no",
			"short_title": "Administrative Records 1",
			"title": "Record of Precious Items",
			"vol_title": "Imperial Administrative Records, Part I: Palace and Temple Administration",
			"volume": "SAA 7"
		},
		"geometry": {
			"type": "Point",
			"coordinates": [43.151937,36.358684]
		}
	}, {
		"type": "Feature",
		"properties": {
			"designation": "SAA 07 070",
			"atae_lists": "atae/saao:P335795",
			"has_date": "unknown",
			"accession_no": "1882-03-23, 0105",
			"add_no": "ADD 0967",
			"archive": "099 - Miscellaneous",
			"cdli_accession_no": "1882-03-23, 0105",
			"cdli_id": "P335795",
			"cdli_museum_no": "BM —",
			"ch_name": "Metals and Stones",
			"ch_no": "Ch. 8",
			"ch_num_name": "Ch. 8 (Metals and Stones)",
			"collection": "British Museum, London, UK",
			"comp_wit": "witness",
			"credits": "Adapted from F. Mario Fales and J. Nicholas Postgate, Imperial Administrative Records, Part I: Palace and Temple Administration (State Archives of Assyria, 7), 1992. Lemmatised by Mikko Luukko, 2017, as part of the research programme of the Alexander von Humboldt Chair in the Ancient History of the Near and Middle East at LMU Munich (Karen Radner, Humboldt Professorship 2015. The annotated edition is released under the Creative Commons Attribution Share-Alike license 3.0.  Please cite this page as http://oracc.org/saao/P335795/.",
			"date_of_origin": "Assurbanipal.000.00.00",
			"display_name": "SAA 07 070",
			"edited_twice": "no",
			"genre": "Administrative Record",
			"id_text": "P335795",
			"language": "Akkadian",
			"material": "clay",
			"museum_no": "BM —",
			"object_type": "tablet",
			"oracc_header": "&amp;P335795 = SAA 07 070#project: saao/saa22#atf: lang nb#key: file=SAA22/SAA22.saa#key: musno=1882-03-23, 0105#key: cdli=1882-03-23, 0105#key: date=Ashurbanipal#key: writer=#key: preservation=",
			"period": "Neo-Assyrian",
			"please_cite": "Please cite this page as http://oracc.org/saao/P335795/.",
			"pleiades_id": "874621",
			"primary_publication": "ADD 0967",
			"project": "saa07",
			"proposed_date": "(ca. 668-648)",
			"provenience": "Kuyunjik (Nineveh)",
			"publication_history": "SAA 07, 070",
			"regnal_dates": "668–ca. 631 BC",
			"rework": "no",
			"ruler": "Ashurbanipal",
			"saa_attribution": "Adapted from F. Mario Fales and J. Nicholas Postgate, Imperial Administrative Records, Part I: Palace and Temple Administration (State Archives of Assyria, 7), 1992. Lemmatised by Mikko Luukko, 2017, as part of the research programme of the Alexander von Humboldt Chair in the Ancient History of the Near and Middle East at LMU Munich (Karen Radner, Humboldt Professorship 2015. The annotated edition is released under the Creative Commons Attribution Share-Alike license 3.0.",
			"saa_cdli_accession": "yes",
			"saa_cdli_id": "yes",
			"saa_cdli_museum": "yes",
			"saao_lists": "saao/saa07:P335795",
			"script": "Neo-Assyrian",
			"script_remarks": "inscribed",
			"script_type": "Cuneiform",
			"secondary_record": "no",
			"short_title": "Administrative Records 1",
			"title": "Record of Precious Items",
			"vol_title": "Imperial Administrative Records, Part I: Palace and Temple Administration",
			"volume": "SAA 7"
		},
		"geometry": {
			"type": "Point",
			"coordinates": [43.151937,36.358684]
		}
	}, {
		"type": "Feature",
		"properties": {
			"designation": "SAA 07 071",
			"atae_lists": "atae/saao:P335569",
			"has_date": "unknown",
			"accession_no": "K 13064",
			"add_no": "ADD 0687",
			"archive": "099 - Miscellaneous",
			"cdli_accession_no": "K 13064",
			"cdli_id": "P335569",
			"cdli_museum_no": "BM —",
			"ch_name": "Metals and Stones",
			"ch_no": "Ch. 8",
			"ch_num_name": "Ch. 8 (Metals and Stones)",
			"collection": "British Museum, London, UK",
			"comp_wit": "witness",
			"credits": "Adapted from F. Mario Fales and J. Nicholas Postgate, Imperial Administrative Records, Part I: Palace and Temple Administration (State Archives of Assyria, 7), 1992. Lemmatised by Mikko Luukko, 2017, as part of the research programme of the Alexander von Humboldt Chair in the Ancient History of the Near and Middle East at LMU Munich (Karen Radner, Humboldt Professorship 2015. The annotated edition is released under the Creative Commons Attribution Share-Alike license 3.0.  Please cite this page as http://oracc.org/saao/P335569/.",
			"date_of_origin": "Assurbanipal.000.00.00",
			"display_name": "SAA 07 071",
			"edited_twice": "no",
			"genre": "Administrative Record",
			"id_text": "P335569",
			"language": "Akkadian",
			"material": "clay",
			"museum_no": "BM —",
			"object_type": "tablet",
			"oracc_header": "&amp;P335569 = SAA 07 071#project: saao/saa22#atf: lang nb#key: file=SAA22/SAA22.saa#key: musno=K 13064#key: cdli=K 13064#key: date=Ashurbanipal#key: writer=#key: preservation=",
			"period": "Neo-Assyrian",
			"please_cite": "Please cite this page as http://oracc.org/saao/P335569/.",
			"pleiades_id": "874621",
			"primary_publication": "ADD 0687",
			"project": "saa07",
			"proposed_date": "(ca. 668-648)",
			"provenience": "Kuyunjik (Nineveh)",
			"publication_history": "SAA 07, 071",
			"regnal_dates": "668–ca. 631 BC",
			"rework": "no",
			"ruler": "Ashurbanipal",
			"saa_attribution": "Adapted from F. Mario Fales and J. Nicholas Postgate, Imperial Administrative Records, Part I: Palace and Temple Administration (State Archives of Assyria, 7), 1992. Lemmatised by Mikko Luukko, 2017, as part of the research programme of the Alexander von Humboldt Chair in the Ancient History of the Near and Middle East at LMU Munich (Karen Radner, Humboldt Professorship 2015. The annotated edition is released under the Creative Commons Attribution Share-Alike license 3.0.",
			"saa_cdli_accession": "yes",
			"saa_cdli_id": "yes",
			"saa_cdli_museum": "yes",
			"saao_lists": "saao/saa07:P335569",
			"script": "Neo-Assyrian",
			"script_remarks": "inscribed",
			"script_type": "Cuneiform",
			"secondary_record": "no",
			"short_title": "Administrative Records 1",
			"title": "Record of Silver",
			"vol_title": "Imperial Administrative Records, Part I: Palace and Temple Administration",
			"volume": "SAA 7"
		},
		"geometry": {
			"type": "Point",
			"coordinates": [43.151937,36.358684]
		}
	}, {
		"type": "Feature",
		"properties": {
			"designation": "SAA 07 072",
			"atae_lists": "atae/saao:P335767",
			"has_date": "no",
			"accession_no": "K 01938 + K 11914 + 1882-03-23, 0070",
			"add_no": "ADD 0933+",
			"archive": "099 - Miscellaneous",
			"cdli_accession_no": "K 01938 + K 11914 + 1882-03-23, 0070",
			"cdli_id": "P335767",
			"cdli_museum_no": "BM —",
			"ch_name": "Metals and Stones",
			"ch_no": "Ch. 8",
			"ch_num_name": "Ch. 8 (Metals and Stones)",
			"collection": "British Museum, London, UK",
			"comp_wit": "witness",
			"credits": "Adapted from F. Mario Fales and J. Nicholas Postgate, Imperial Administrative Records, Part I: Palace and Temple Administration (State Archives of Assyria, 7), 1992. Lemmatised by Mikko Luukko, 2017, as part of the research programme of the Alexander von Humboldt Chair in the Ancient History of the Near and Middle East at LMU Munich (Karen Radner, Humboldt Professorship 2015. The annotated edition is released under the Creative Commons Attribution Share-Alike license 3.0.  Please cite this page as http://oracc.org/saao/P335767/.",
			"date_of_origin": "Assurbanipal.000.00.00",
			"display_name": "SAA 07 072",
			"edited_twice": "no",
			"genre": "Administrative Record",
			"id_text": "P335767",
			"language": "Akkadian",
			"material": "clay",
			"museum_no": "BM —",
			"object_type": "tablet",
			"oracc_header": "&amp;P335767 = SAA 07 072#project: saao/saa22#atf: lang nb#key: file=SAA22/SAA22.saa#key: musno=K 01938 + K 11914 + 1882-03-23, 0070#key: cdli=K 01938 + K 11914 + 1882-03-23, 0070#key: date=Ashurbanipal#key: writer=#key: preservation=",
			"period": "Neo-Assyrian",
			"please_cite": "Please cite this page as http://oracc.org/saao/P335767/.",
			"pleiades_id": "874621",
			"primary_publication": "ADD 0933+",
			"project": "saa07",
			"proposed_date": "(ca. 668-648)",
			"provenience": "Kuyunjik (Nineveh)",
			"publication_history": "SAA 07, 072",
			"regnal_dates": "668–ca. 631 BC",
			"rework": "no",
			"ruler": "Ashurbanipal",
			"saa_attribution": "Adapted from F. Mario Fales and J. Nicholas Postgate, Imperial Administrative Records, Part I: Palace and Temple Administration (State Archives of Assyria, 7), 1992. Lemmatised by Mikko Luukko, 2017, as part of the research programme of the Alexander von Humboldt Chair in the Ancient History of the Near and Middle East at LMU Munich (Karen Radner, Humboldt Professorship 2015. The annotated edition is released under the Creative Commons Attribution Share-Alike license 3.0.",
			"saa_cdli_accession": "yes",
			"saa_cdli_id": "yes",
			"saa_cdli_museum": "yes",
			"saao_lists": "saao/saa07:P335767",
			"script": "Neo-Assyrian",
			"script_remarks": "inscribed",
			"script_type": "Cuneiform",
			"secondary_record": "no",
			"short_title": "Administrative Records 1",
			"title": "Inventory of Precious Items",
			"vol_title": "Imperial Administrative Records, Part I: Palace and Temple Administration",
			"volume": "SAA 7"
		},
		"geometry": {
			"type": "Point",
			"coordinates": [43.151937,36.358684]
		}
	}, {
		"type": "Feature",
		"properties": {
			"designation": "SAA 07 073",
			"atae_lists": "atae/saao:P335765",
			"has_date": "no",
			"accession_no": "K 00916",
			"add_no": "ADD 0931",
			"archive": "099 - Miscellaneous",
			"cdli_accession_no": "K 00916",
			"cdli_id": "P335765",
			"cdli_museum_no": "BM —",
			"ch_name": "Metals and Stones",
			"ch_no": "Ch. 8",
			"ch_num_name": "Ch. 8 (Metals and Stones)",
			"collection": "British Museum, London, UK",
			"comp_wit": "witness",
			"credits": "Adapted from F. Mario Fales and J. Nicholas Postgate, Imperial Administrative Records, Part I: Palace and Temple Administration (State Archives of Assyria, 7), 1992. Lemmatised by Mikko Luukko, 2017, as part of the research programme of the Alexander von Humboldt Chair in the Ancient History of the Near and Middle East at LMU Munich (Karen Radner, Humboldt Professorship 2015. The annotated edition is released under the Creative Commons Attribution Share-Alike license 3.0.  Please cite this page as http://oracc.org/saao/P335765/.",
			"date_of_origin": "Sargon2.000.00.00",
			"display_name": "SAA 07 073",
			"edited_twice": "no",
			"genre": "Administrative Record",
			"id_text": "P335765",
			"language": "Akkadian",
			"material": "clay",
			"museum_no": "BM —",
			"object_type": "tablet",
			"oracc_header": "&amp;P335765 = SAA 07 073#project: saao/saa22#atf: lang nb#key: file=SAA22/SAA22.saa#key: musno=K 00916#key: cdli=K 00916#key: date=Sargon II#key: writer=#key: preservation=",
			"period": "Neo-Assyrian",
			"please_cite": "Please cite this page as http://oracc.org/saao/P335765/.",
			"pleiades_id": "874621",
			"primary_publication": "ADD 0931",
			"project": "saa07",
			"proposed_date": "(ca. 712-705)",
			"provenience": "Kuyunjik (Nineveh)",
			"publication_history": "SAA 07, 073",
			"regnal_dates": "721–705 BC",
			"rework": "no",
			"ruler": "Sargon II",
			"saa_attribution": "Adapted from F. Mario Fales and J. Nicholas Postgate, Imperial Administrative Records, Part I: Palace and Temple Administration (State Archives of Assyria, 7), 1992. Lemmatised by Mikko Luukko, 2017, as part of the research programme of the Alexander von Humboldt Chair in the Ancient History of the Near and Middle East at LMU Munich (Karen Radner, Humboldt Professorship 2015. The annotated edition is released under the Creative Commons Attribution Share-Alike license 3.0.",
			"saa_cdli_accession": "yes",
			"saa_cdli_id": "yes",
			"saa_cdli_museum": "yes",
			"saao_lists": "saao/saa07:P335765",
			"script": "Neo-Assyrian",
			"script_remarks": "inscribed",
			"script_type": "Cuneiform",
			"secondary_record": "no",
			"short_title": "Administrative Records 1",
			"title": "Precious Gifts to(?) Officials",
			"vol_title": "Imperial Administrative Records, Part I: Palace and Temple Administration",
			"volume": "SAA 7"
		},
		"geometry": {
			"type": "Point",
			"coordinates": [43.151937,36.358684]
		}
	}, {
		"type": "Feature",
		"properties": {
			"designation": "SAA 07 074",
			"atae_lists": "atae/saao:P335570",
			"has_date": "unknown",
			"accession_no": "K 02120",
			"add_no": "ADD 0688",
			"archive": "099 - Miscellaneous",
			"cdli_accession_no": "K 02120",
			"cdli_id": "P335570",
			"cdli_museum_no": "BM —",
			"ch_name": "Metals and Stones",
			"ch_no": "Ch. 8",
			"ch_num_name": "Ch. 8 (Metals and Stones)",
			"collection": "British Museum, London, UK",
			"comp_wit": "witness",
			"credits": "Adapted from F. Mario Fales and J. Nicholas Postgate, Imperial Administrative Records, Part I: Palace and Temple Administration (State Archives of Assyria, 7), 1992. Lemmatised by Mikko Luukko, 2017, as part of the research programme of the Alexander von Humboldt Chair in the Ancient History of the Near and Middle East at LMU Munich (Karen Radner, Humboldt Professorship 2015. The annotated edition is released under the Creative Commons Attribution Share-Alike license 3.0.  Please cite this page as http://oracc.org/saao/P335570/.",
			"date_of_origin": "Assurbanipal.000.00.00",
			"display_name": "SAA 07 074",
			"edited_twice": "no",
			"genre": "Administrative Record",
			"id_text": "P335570",
			"language": "Akkadian",
			"material": "clay",
			"museum_no": "BM —",
			"object_type": "tablet",
			"oracc_header": "&amp;P335570 = SAA 07 074#project: saao/saa22#atf: lang nb#key: file=SAA22/SAA22.saa#key: musno=K 02120#key: cdli=K 02120#key: date=Ashurbanipal#key: writer=#key: preservation=",
			"period": "Neo-Assyrian",
			"please_cite": "Please cite this page as http://oracc.org/saao/P335570/.",
			"pleiades_id": "874621",
			"primary_publication": "ADD 0688",
			"project": "saa07",
			"proposed_date": "(ca. 668-648)",
			"provenience": "Kuyunjik (Nineveh)",
			"publication_history": "SAA 07, 074",
			"regnal_dates": "668–ca. 631 BC",
			"rework": "no",
			"ruler": "Ashurbanipal",
			"saa_attribution": "Adapted from F. Mario Fales and J. Nicholas Postgate, Imperial Administrative Records, Part I: Palace and Temple Administration (State Archives of Assyria, 7), 1992. Lemmatised by Mikko Luukko, 2017, as part of the research programme of the Alexander von Humboldt Chair in the Ancient History of the Near and Middle East at LMU Munich (Karen Radner, Humboldt Professorship 2015. The annotated edition is released under the Creative Commons Attribution Share-Alike license 3.0.",
			"saa_cdli_accession": "yes",
			"saa_cdli_id": "yes",
			"saa_cdli_museum": "yes",
			"saao_lists": "saao/saa07:P335570",
			"script": "Neo-Assyrian",
			"script_remarks": "inscribed",
			"script_type": "Cuneiform",
			"secondary_record": "no",
			"short_title": "Administrative Records 1",
			"title": "Fragment of Precious Metal Record",
			"vol_title": "Imperial Administrative Records, Part I: Palace and Temple Administration",
			"volume": "SAA 7"
		},
		"geometry": {
			"type": "Point",
			"coordinates": [43.151937,36.358684]
		}
	}, {
		"type": "Feature",
		"properties": {
			"designation": "SAA 07 075",
			"atae_lists": "atae/saao:P335667",
			"has_date": "unknown",
			"accession_no": "K 04298 + K 04742",
			"add_no": "ADD 0823+",
			"archive": "099 - Miscellaneous",
			"cdli_accession_no": "K 04298 + K 04742",
			"cdli_id": "P335667",
			"cdli_museum_no": "BM —",
			"ch_name": "Metals and Stones",
			"ch_no": "Ch. 8",
			"ch_num_name": "Ch. 8 (Metals and Stones)",
			"collection": "British Museum, London, UK",
			"comp_wit": "witness",
			"credits": "Adapted from F. Mario Fales and J. Nicholas Postgate, Imperial Administrative Records, Part I: Palace and Temple Administration (State Archives of Assyria, 7), 1992. Lemmatised by Mikko Luukko, 2017, as part of the research programme of the Alexander von Humboldt Chair in the Ancient History of the Near and Middle East at LMU Munich (Karen Radner, Humboldt Professorship 2015. The annotated edition is released under the Creative Commons Attribution Share-Alike license 3.0.  Please cite this page as http://oracc.org/saao/P335667/.",
			"date_of_origin": "Assurbanipal.000.00.00",
			"display_name": "SAA 07 075",
			"edited_twice": "no",
			"genre": "Administrative Record",
			"id_text": "P335667",
			"language": "Akkadian",
			"material": "clay",
			"museum_no": "BM —",
			"object_type": "tablet",
			"oracc_header": "&amp;P335667 = SAA 07 075#project: saao/saa22#atf: lang nb#key: file=SAA22/SAA22.saa#key: musno=K 04298 + K 04742#key: cdli=K 04298 + K 04742#key: date=Ashurbanipal#key: writer=#key: preservation=",
			"period": "Neo-Assyrian",
			"please_cite": "Please cite this page as http://oracc.org/saao/P335667/.",
			"pleiades_id": "874621",
			"primary_publication": "ADD 0823+",
			"project": "saa07",
			"proposed_date": "(ca. 668-648)",
			"provenience": "Kuyunjik (Nineveh)",
			"publication_history": "SAA 07, 075",
			"regnal_dates": "668–ca. 631 BC",
			"rework": "no",
			"ruler": "Ashurbanipal",
			"saa_attribution": "Adapted from F. Mario Fales and J. Nicholas Postgate, Imperial Administrative Records, Part I: Palace and Temple Administration (State Archives of Assyria, 7), 1992. Lemmatised by Mikko Luukko, 2017, as part of the research programme of the Alexander von Humboldt Chair in the Ancient History of the Near and Middle East at LMU Munich (Karen Radner, Humboldt Professorship 2015. The annotated edition is released under the Creative Commons Attribution Share-Alike license 3.0.",
			"saa_cdli_accession": "yes",
			"saa_cdli_id": "yes",
			"saa_cdli_museum": "yes",
			"saao_lists": "saao/saa07:P335667",
			"script": "Neo-Assyrian",
			"script_remarks": "inscribed",
			"script_type": "Cuneiform",
			"secondary_record": "no",
			"short_title": "Administrative Records 1",
			"title": "Record of Precious Metals",
			"vol_title": "Imperial Administrative Records, Part I: Palace and Temple Administration",
			"volume": "SAA 7"
		},
		"geometry": {
			"type": "Point",
			"coordinates": [43.151937,36.358684]
		}
	}, {
		"type": "Feature",
		"properties": {
			"designation": "SAA 07 076",
			"atae_lists": "atae/saao:P335571",
			"has_date": "unknown",
			"accession_no": "K 07485",
			"add_no": "ADD 0689",
			"archive": "099 - Miscellaneous",
			"cdli_accession_no": "K 07485",
			"cdli_id": "P335571",
			"cdli_museum_no": "BM —",
			"ch_name": "Metals and Stones",
			"ch_no": "Ch. 8",
			"ch_num_name": "Ch. 8 (Metals and Stones)",
			"collection": "British Museum, London, UK",
			"comp_wit": "witness",
			"credits": "Adapted from F. Mario Fales and J. Nicholas Postgate, Imperial Administrative Records, Part I: Palace and Temple Administration (State Archives of Assyria, 7), 1992. Lemmatised by Mikko Luukko, 2017, as part of the research programme of the Alexander von Humboldt Chair in the Ancient History of the Near and Middle East at LMU Munich (Karen Radner, Humboldt Professorship 2015. The annotated edition is released under the Creative Commons Attribution Share-Alike license 3.0.  Please cite this page as http://oracc.org/saao/P335571/.",
			"date_of_origin": "Assurbanipal.000.00.00",
			"display_name": "SAA 07 076",
			"edited_twice": "no",
			"genre": "Administrative Record",
			"id_text": "P335571",
			"language": "Akkadian",
			"material": "clay",
			"museum_no": "BM —",
			"object_type": "tablet",
			"oracc_header": "&amp;P335571 = SAA 07 076#project: saao/saa22#atf: lang nb#key: file=SAA22/SAA22.saa#key: musno=K 07485#key: cdli=K 07485#key: date=Ashurbanipal#key: writer=#key: preservation=",
			"period": "Neo-Assyrian",
			"please_cite": "Please cite this page as http://oracc.org/saao/P335571/.",
			"pleiades_id": "874621",
			"primary_publication": "ADD 0689",
			"project": "saa07",
			"proposed_date": "(ca. 668-648)",
			"provenience": "Kuyunjik (Nineveh)",
			"publication_history": "SAA 07, 076",
			"regnal_dates": "668–ca. 631 BC",
			"rework": "no",
			"ruler": "Ashurbanipal",
			"saa_attribution": "Adapted from F. Mario Fales and J. Nicholas Postgate, Imperial Administrative Records, Part I: Palace and Temple Administration (State Archives of Assyria, 7), 1992. Lemmatised by Mikko Luukko, 2017, as part of the research programme of the Alexander von Humboldt Chair in the Ancient History of the Near and Middle East at LMU Munich (Karen Radner, Humboldt Professorship 2015. The annotated edition is released under the Creative Commons Attribution Share-Alike license 3.0.",
			"saa_cdli_accession": "yes",
			"saa_cdli_id": "yes",
			"saa_cdli_museum": "yes",
			"saao_lists": "saao/saa07:P335571",
			"script": "Neo-Assyrian",
			"script_remarks": "inscribed",
			"script_type": "Cuneiform",
			"secondary_record": "no",
			"short_title": "Administrative Records 1",
			"title": "Note of Amounts of Metal",
			"vol_title": "Imperial Administrative Records, Part I: Palace and Temple Administration",
			"volume": "SAA 7"
		},
		"geometry": {
			"type": "Point",
			"coordinates": [43.151937,36.358684]
		}
	}, {
		"type": "Feature",
		"properties": {
			"designation": "SAA 07 077",
			"atae_lists": "atae/saao:P335626",
			"has_date": "unknown",
			"accession_no": "Sm 1341",
			"add_no": "ADD 0764",
			"archive": "099 - Miscellaneous",
			"cdli_accession_no": "Sm 1341",
			"cdli_id": "P335626",
			"cdli_museum_no": "BM —",
			"ch_name": "Metals and Stones",
			"ch_no": "Ch. 8",
			"ch_num_name": "Ch. 8 (Metals and Stones)",
			"collection": "British Museum, London, UK",
			"comp_wit": "witness",
			"credits": "Adapted from F. Mario Fales and J. Nicholas Postgate, Imperial Administrative Records, Part I: Palace and Temple Administration (State Archives of Assyria, 7), 1992. Lemmatised by Mikko Luukko, 2017, as part of the research programme of the Alexander von Humboldt Chair in the Ancient History of the Near and Middle East at LMU Munich (Karen Radner, Humboldt Professorship 2015. The annotated edition is released under the Creative Commons Attribution Share-Alike license 3.0.  Please cite this page as http://oracc.org/saao/P335626/.",
			"date_of_origin": "Assurbanipal.000.00.00",
			"display_name": "SAA 07 077",
			"edited_twice": "no",
			"genre": "Administrative Record",
			"id_text": "P335626",
			"language": "Akkadian",
			"material": "clay",
			"museum_no": "BM —",
			"object_type": "tablet",
			"oracc_header": "&amp;P335626 = SAA 07 077#project: saao/saa22#atf: lang nb#key: file=SAA22/SAA22.saa#key: musno=Sm 1341#key: cdli=Sm 1341#key: date=Ashurbanipal#key: writer=#key: preservation=",
			"period": "Neo-Assyrian",
			"please_cite": "Please cite this page as http://oracc.org/saao/P335626/.",
			"pleiades_id": "874621",
			"primary_publication": "ADD 0764",
			"project": "saa07",
			"proposed_date": "(ca. 668-648)",
			"provenience": "Kuyunjik (Nineveh)",
			"publication_history": "SAA 07, 077",
			"regnal_dates": "668–ca. 631 BC",
			"rework": "no",
			"ruler": "Ashurbanipal",
			"saa_attribution": "Adapted from F. Mario Fales and J. Nicholas Postgate, Imperial Administrative Records, Part I: Palace and Temple Administration (State Archives of Assyria, 7), 1992. Lemmatised by Mikko Luukko, 2017, as part of the research programme of the Alexander von Humboldt Chair in the Ancient History of the Near and Middle East at LMU Munich (Karen Radner, Humboldt Professorship 2015. The annotated edition is released under the Creative Commons Attribution Share-Alike license 3.0.",
			"saa_cdli_accession": "yes",
			"saa_cdli_id": "yes",
			"saa_cdli_museum": "yes",
			"saao_lists": "saao/saa07:P335626",
			"script": "Neo-Assyrian",
			"script_remarks": "inscribed",
			"script_type": "Cuneiform",
			"secondary_record": "no",
			"short_title": "Administrative Records 1",
			"title": "Note of Gold Blades",
			"vol_title": "Imperial Administrative Records, Part I: Palace and Temple Administration",
			"volume": "SAA 7"
		},
		"geometry": {
			"type": "Point",
			"coordinates": [43.151937,36.358684]
		}
	}, {
		"type": "Feature",
		"properties": {
			"designation": "SAA 07 078",
			"atae_lists": "atae/saao:P335766",
			"has_date": "unknown",
			"accession_no": "1879-07-08, 0265 + 1879-07-08, 0270",
			"add_no": "ADD 0932",
			"archive": "099 - Miscellaneous",
			"cdli_accession_no": "1879-07-08, 0265 + 1879-07-08, 0270",
			"cdli_id": "P335766",
			"cdli_museum_no": "BM —",
			"ch_name": "Metals and Stones",
			"ch_no": "Ch. 8",
			"ch_num_name": "Ch. 8 (Metals and Stones)",
			"collection": "British Museum, London, UK",
			"comp_wit": "witness",
			"credits": "Adapted from F. Mario Fales and J. Nicholas Postgate, Imperial Administrative Records, Part I: Palace and Temple Administration (State Archives of Assyria, 7), 1992. Lemmatised by Mikko Luukko, 2017, as part of the research programme of the Alexander von Humboldt Chair in the Ancient History of the Near and Middle East at LMU Munich (Karen Radner, Humboldt Professorship 2015. The annotated edition is released under the Creative Commons Attribution Share-Alike license 3.0.  Please cite this page as http://oracc.org/saao/P335766/.",
			"date_of_origin": "Assurbanipal.000.00.00",
			"display_name": "SAA 07 078",
			"edited_twice": "no",
			"genre": "Administrative Record",
			"id_text": "P335766",
			"language": "Akkadian",
			"material": "clay",
			"museum_no": "BM —",
			"object_type": "tablet",
			"oracc_header": "&amp;P335766 = SAA 07 078#project: saao/saa22#atf: lang nb#key: file=SAA22/SAA22.saa#key: musno=1879-07-08, 0265 + 1879-07-08, 0270#key: cdli=1879-07-08, 0265 + 1879-07-08, 0270#key: date=Ashurbanipal#key: writer=#key: preservation=",
			"period": "Neo-Assyrian",
			"please_cite": "Please cite this page as http://oracc.org/saao/P335766/.",
			"pleiades_id": "874621",
			"primary_publication": "ADD 0932",
			"project": "saa07",
			"proposed_date": "(ca. 668-648)",
			"provenience": "Kuyunjik (Nineveh)",
			"publication_history": "SAA 07, 078",
			"regnal_dates": "668–ca. 631 BC",
			"rework": "no",
			"ruler": "Ashurbanipal",
			"saa_attribution": "Adapted from F. Mario Fales and J. Nicholas Postgate, Imperial Administrative Records, Part I: Palace and Temple Administration (State Archives of Assyria, 7), 1992. Lemmatised by Mikko Luukko, 2017, as part of the research programme of the Alexander von Humboldt Chair in the Ancient History of the Near and Middle East at LMU Munich (Karen Radner, Humboldt Professorship 2015. The annotated edition is released under the Creative Commons Attribution Share-Alike license 3.0.",
			"saa_cdli_accession": "yes",
			"saa_cdli_id": "yes",
			"saa_cdli_museum": "yes",
			"saao_lists": "saao/saa07:P335766",
			"script": "Neo-Assyrian",
			"script_remarks": "inscribed",
			"script_type": "Cuneiform",
			"secondary_record": "no",
			"short_title": "Administrative Records 1",
			"title": "Record of Storage of Precious Items",
			"vol_title": "Imperial Administrative Records, Part I: Palace and Temple Administration",
			"volume": "SAA 7"
		},
		"geometry": {
			"type": "Point",
			"coordinates": [43.151937,36.358684]
		}
	}, {
		"type": "Feature",
		"properties": {
			"designation": "SAA 07 079",
			"atae_lists": "atae/saao:P335558",
			"has_date": "yes",
			"date": "711-II-15",
			"year": "711",
			"month": "II",
			"day": "15",
			"accession_no": "K 00351",
			"add_no": "ADD 0676",
			"archive": "099 - Miscellaneous",
			"cdli_accession_no": "K 00351",
			"cdli_id": "P335558",
			"cdli_museum_no": "BM —",
			"ch_name": "Metals and Stones",
			"ch_no": "Ch. 8",
			"ch_num_name": "Ch. 8 (Metals and Stones)",
			"collection": "British Museum, London, UK",
			"comp_wit": "witness",
			"credits": "Adapted from F. Mario Fales and J. Nicholas Postgate, Imperial Administrative Records, Part I: Palace and Temple Administration (State Archives of Assyria, 7), 1992. Lemmatised by Mikko Luukko, 2017, as part of the research programme of the Alexander von Humboldt Chair in the Ancient History of the Near and Middle East at LMU Munich (Karen Radner, Humboldt Professorship 2015. The annotated edition is released under the Creative Commons Attribution Share-Alike license 3.0.  Please cite this page as http://oracc.org/saao/P335558/.",
			"date_gen": "711-II-15",
			"date_of_origin": "Sargon2.limu Ninurta-alik-pani.02.15",
			"display_name": "SAA 07 079",
			"edited_twice": "no",
			"eponym": "Ninurta-ālik-pāni",
			"genre": "Administrative Record",
			"id_text": "P335558",
			"language": "Akkadian",
			"long_date": "Ayyāru 15th, eponymy of Inurta-ālik-pāni",
			"long_date_gen": "Ayyāru 15th, eponymy of Ninurta-ālik-pāni",
			"material": "clay",
			"museum_no": "BM —",
			"object_type": "tablet",
			"oracc_header": "&amp;P335558 = SAA 07 079#project: saao/saa22#atf: lang nb#key: file=SAA22/SAA22.saa#key: musno=K 00351#key: cdli=K 00351#key: date=Sargon II#key: writer=#key: preservation=",
			"period": "Neo-Assyrian",
			"please_cite": "Please cite this page as http://oracc.org/saao/P335558/.",
			"pleiades_id": "874621",
			"primary_publication": "ADD 0676",
			"project": "saa07",
			"proposed_date": "(ca. 710-705)",
			"provenience": "Kuyunjik (Nineveh)",
			"publication_history": "SAA 07, 079",
			"regnal_dates": "721–705 BC",
			"rework": "no",
			"ruler": "Sargon II",
			"saa_attribution": "Adapted from F. Mario Fales and J. Nicholas Postgate, Imperial Administrative Records, Part I: Palace and Temple Administration (State Archives of Assyria, 7), 1992. Lemmatised by Mikko Luukko, 2017, as part of the research programme of the Alexander von Humboldt Chair in the Ancient History of the Near and Middle East at LMU Munich (Karen Radner, Humboldt Professorship 2015. The annotated edition is released under the Creative Commons Attribution Share-Alike license 3.0.",
			"saa_cdli_accession": "yes",
			"saa_cdli_id": "yes",
			"saa_cdli_museum": "yes",
			"saao_lists": "saao/saa07:P335558",
			"script": "Neo-Assyrian",
			"script_remarks": "inscribed",
			"script_type": "Cuneiform",
			"secondary_record": "no",
			"short_title": "Administrative Records 1",
			"title": "Record of Gold Items, Reign of Sargon",
			"vol_title": "Imperial Administrative Records, Part I: Palace and Temple Administration",
			"volume": "SAA 7"
		},
		"geometry": {
			"type": "Point",
			"coordinates": [43.151937,36.358684]
		}
	}, {
		"type": "Feature",
		"properties": {
			"designation": "SAA 07 080",
			"atae_lists": "atae/saao:P335880",
			"has_date": "unknown",
			"accession_no": "K 13206",
			"add_no": "ADD 1065",
			"archive": "099 - Miscellaneous",
			"cdli_accession_no": "K 13206",
			"cdli_id": "P335880",
			"cdli_museum_no": "BM —",
			"ch_name": "Metals and Stones",
			"ch_no": "Ch. 8",
			"ch_num_name": "Ch. 8 (Metals and Stones)",
			"collection": "British Museum, London, UK",
			"comp_wit": "witness",
			"credits": "Adapted from F. Mario Fales and J. Nicholas Postgate, Imperial Administrative Records, Part I: Palace and Temple Administration (State Archives of Assyria, 7), 1992. Lemmatised by Mikko Luukko, 2017, as part of the research programme of the Alexander von Humboldt Chair in the Ancient History of the Near and Middle East at LMU Munich (Karen Radner, Humboldt Professorship 2015. The annotated edition is released under the Creative Commons Attribution Share-Alike license 3.0.  Please cite this page as http://oracc.org/saao/P335880/.",
			"date_of_origin": "Assurbanipal.000.00.00",
			"display_name": "SAA 07 080",
			"edited_twice": "no",
			"genre": "Administrative Record",
			"id_text": "P335880",
			"language": "Akkadian",
			"material": "clay",
			"museum_no": "BM —",
			"object_type": "tablet",
			"oracc_header": "&amp;P335880 = SAA 07 080#project: saao/saa22#atf: lang nb#key: file=SAA22/SAA22.saa#key: musno=K 13206#key: cdli=K 13206#key: date=Ashurbanipal#key: writer=#key: preservation=",
			"period": "Neo-Assyrian",
			"please_cite": "Please cite this page as http://oracc.org/saao/P335880/.",
			"pleiades_id": "874621",
			"primary_publication": "ADD 1065",
			"project": "saa07",
			"proposed_date": "(ca. 668-648)",
			"provenience": "Kuyunjik (Nineveh)",
			"publication_history": "SAA 07, 080",
			"regnal_dates": "668–ca. 631 BC",
			"rework": "no",
			"ruler": "Ashurbanipal",
			"saa_attribution": "Adapted from F. Mario Fales and J. Nicholas Postgate, Imperial Administrative Records, Part I: Palace and Temple Administration (State Archives of Assyria, 7), 1992. Lemmatised by Mikko Luukko, 2017, as part of the research programme of the Alexander von Humboldt Chair in the Ancient History of the Near and Middle East at LMU Munich (Karen Radner, Humboldt Professorship 2015. The annotated edition is released under the Creative Commons Attribution Share-Alike license 3.0.",
			"saa_cdli_accession": "yes",
			"saa_cdli_id": "yes",
			"saa_cdli_museum": "yes",
			"saao_lists": "saao/saa07:P335880",
			"script": "Neo-Assyrian",
			"script_remarks": "inscribed",
			"script_type": "Cuneiform",
			"secondary_record": "no",
			"short_title": "Administrative Records 1",
			"title": "Record of Gold Rings(?)",
			"vol_title": "Imperial Administrative Records, Part I: Palace and Temple Administration",
			"volume": "SAA 7"
		},
		"geometry": {
			"type": "Point",
			"coordinates": [43.151937,36.358684]
		}
	}, {
		"type": "Feature",
		"properties": {
			"designation": "SAA 07 081",
			"atae_lists": "atae/saao:P336209",
			"has_date": "yes",
			"date": "618*-XI",
			"year": "618*",
			"month": "XI",
			"accession_no": "1905-04-09, 0395",
			"archive": "099 - Miscellaneous",
			"cdli_accession_no": "1905-04-09, 0395",
			"cdli_id": "P336209",
			"cdli_museum_no": "BM 098889",
			"ch_name": "Metals and Stones",
			"ch_no": "Ch. 8",
			"ch_num_name": "Ch. 8 (Metals and Stones)",
			"collection": "British Museum, London, UK",
			"comp_wit": "witness",
			"credits": "Adapted from F. Mario Fales and J. Nicholas Postgate, Imperial Administrative Records, Part I: Palace and Temple Administration (State Archives of Assyria, 7), 1992. Lemmatised by Mikko Luukko, 2017, as part of the research programme of the Alexander von Humboldt Chair in the Ancient History of the Near and Middle East at LMU Munich (Karen Radner, Humboldt Professorship 2015. The annotated edition is released under the Creative Commons Attribution Share-Alike license 3.0.  Please cite this page as http://oracc.org/saao/P336209/.",
			"date_gen": "618*-XI",
			"date_of_origin": "Sin-sharru-ishkun.limu Nabu-sagibi.11.00",
			"display_name": "SAA 07 081",
			"edited_twice": "no",
			"eponym": "Nabû-sagībi",
			"genre": "Administrative Record",
			"id_text": "P336209",
			"language": "Akkadian",
			"long_date": "Šabāṭu, eponymy of Nabû-sagībi",
			"long_date_gen": "Šabāṭu , eponymy of Nabû-sagībi",
			"material": "clay",
			"museum_no": "BM 098889",
			"object_type": "tablet",
			"oracc_header": "&amp;P336209 = SAA 07 081#project: saao/saa22#atf: lang nb#key: file=SAA22/SAA22.saa#key: musno=1905-04-09, 0395#key: cdli=1905-04-09, 0395#key: date=Sîn-šarru-iškun#key: writer=#key: preservation=",
			"other_pub": "Iraq 32 25",
			"period": "Neo-Assyrian",
			"please_cite": "Please cite this page as http://oracc.org/saao/P336209/.",
			"pleiades_id": "874621",
			"primary_publication": "Iraq 32 25",
			"project": "saa07",
			"provenience": "Kuyunjik (Nineveh)",
			"publication_history": "SAA 07, 081",
			"regnal_dates": "ca. 626–612 BC",
			"rework": "no",
			"ruler": "Sîn-šarru-iškun",
			"saa_attribution": "Adapted from F. Mario Fales and J. Nicholas Postgate, Imperial Administrative Records, Part I: Palace and Temple Administration (State Archives of Assyria, 7), 1992. Lemmatised by Mikko Luukko, 2017, as part of the research programme of the Alexander von Humboldt Chair in the Ancient History of the Near and Middle East at LMU Munich (Karen Radner, Humboldt Professorship 2015. The annotated edition is released under the Creative Commons Attribution Share-Alike license 3.0.",
			"saa_cdli_accession": "yes",
			"saa_cdli_id": "yes",
			"saa_cdli_museum": "yes",
			"saao_lists": "saao/saa07:P336209",
			"script": "Neo-Assyrian",
			"script_remarks": "inscribed",
			"script_type": "Cuneiform",
			"secondary_record": "no",
			"short_title": "Administrative Records 1",
			"title": "Precious Items for the Gods",
			"vol_title": "Imperial Administrative Records, Part I: Palace and Temple Administration",
			"volume": "SAA 7"
		},
		"geometry": {
			"type": "Point",
			"coordinates": [43.151937,36.358684]
		}
	}, {
		"type": "Feature",
		"properties": {
			"designation": "SAA 07 082",
			"atae_lists": "atae/saao:P335861",
			"has_date": "no",
			"accession_no": "K 01462",
			"add_no": "ADD 1043",
			"archive": "099 - Miscellaneous",
			"cdli_accession_no": "K 01462",
			"cdli_id": "P335861",
			"cdli_museum_no": "BM —",
			"ch_name": "Metals and Stones",
			"ch_no": "Ch. 8",
			"ch_num_name": "Ch. 8 (Metals and Stones)",
			"collection": "British Museum, London, UK",
			"comp_wit": "witness",
			"credits": "Adapted from F. Mario Fales and J. Nicholas Postgate, Imperial Administrative Records, Part I: Palace and Temple Administration (State Archives of Assyria, 7), 1992. Lemmatised by Mikko Luukko, 2017, as part of the research programme of the Alexander von Humboldt Chair in the Ancient History of the Near and Middle East at LMU Munich (Karen Radner, Humboldt Professorship 2015. The annotated edition is released under the Creative Commons Attribution Share-Alike license 3.0.  Please cite this page as http://oracc.org/saao/P335861/.",
			"date_of_origin": "Assurbanipal.000.00.00",
			"display_name": "SAA 07 082",
			"edited_twice": "no",
			"genre": "Administrative Record",
			"id_text": "P335861",
			"language": "Akkadian",
			"material": "clay",
			"museum_no": "BM —",
			"object_type": "tablet",
			"oracc_header": "&amp;P335861 = SAA 07 082#project: saao/saa22#atf: lang nb#key: file=SAA22/SAA22.saa#key: musno=K 01462#key: cdli=K 01462#key: date=Ashurbanipal#key: writer=#key: preservation=",
			"period": "Neo-Assyrian",
			"please_cite": "Please cite this page as http://oracc.org/saao/P335861/.",
			"pleiades_id": "874621",
			"primary_publication": "ADD 1043",
			"project": "saa07",
			"proposed_date": "(ca. 668-648)",
			"provenience": "Kuyunjik (Nineveh)",
			"publication_history": "SAA 07, 082",
			"regnal_dates": "668–ca. 631 BC",
			"rework": "no",
			"ruler": "Ashurbanipal",
			"saa_attribution": "Adapted from F. Mario Fales and J. Nicholas Postgate, Imperial Administrative Records, Part I: Palace and Temple Administration (State Archives of Assyria, 7), 1992. Lemmatised by Mikko Luukko, 2017, as part of the research programme of the Alexander von Humboldt Chair in the Ancient History of the Near and Middle East at LMU Munich (Karen Radner, Humboldt Professorship 2015. The annotated edition is released under the Creative Commons Attribution Share-Alike license 3.0.",
			"saa_cdli_accession": "yes",
			"saa_cdli_id": "yes",
			"saa_cdli_museum": "yes",
			"saao_lists": "saao/saa07:P335861",
			"script": "Neo-Assyrian",
			"script_remarks": "inscribed",
			"script_type": "Cuneiform",
			"secondary_record": "no",
			"short_title": "Administrative Records 1",
			"title": "Record of Amulets(?) on Furniture",
			"vol_title": "Imperial Administrative Records, Part I: Palace and Temple Administration",
			"volume": "SAA 7"
		},
		"geometry": {
			"type": "Point",
			"coordinates": [43.151937,36.358684]
		}
	}, {
		"type": "Feature",
		"properties": {
			"designation": "SAA 07 083",
			"atae_lists": "atae/saao:P335914",
			"has_date": "unknown",
			"accession_no": "K 07559",
			"add_no": "ADD 1108",
			"archive": "099 - Miscellaneous",
			"cdli_accession_no": "K 07559",
			"cdli_id": "P335914",
			"cdli_museum_no": "BM —",
			"ch_name": "Metals and Stones",
			"ch_no": "Ch. 8",
			"ch_num_name": "Ch. 8 (Metals and Stones)",
			"collection": "British Museum, London, UK",
			"comp_wit": "witness",
			"credits": "Adapted from F. Mario Fales and J. Nicholas Postgate, Imperial Administrative Records, Part I: Palace and Temple Administration (State Archives of Assyria, 7), 1992. Lemmatised by Mikko Luukko, 2017, as part of the research programme of the Alexander von Humboldt Chair in the Ancient History of the Near and Middle East at LMU Munich (Karen Radner, Humboldt Professorship 2015. The annotated edition is released under the Creative Commons Attribution Share-Alike license 3.0.  Please cite this page as http://oracc.org/saao/P335914/.",
			"date_of_origin": "Assurbanipal.000.00.00",
			"display_name": "SAA 07 083",
			"edited_twice": "no",
			"genre": "Administrative Record",
			"id_text": "P335914",
			"language": "Akkadian",
			"material": "clay",
			"museum_no": "BM —",
			"object_type": "tablet",
			"oracc_header": "&amp;P335914 = SAA 07 083#project: saao/saa22#atf: lang nb#key: file=SAA22/SAA22.saa#key: musno=K 07559#key: cdli=K 07559#key: date=Ashurbanipal#key: writer=#key: preservation=",
			"period": "Neo-Assyrian",
			"please_cite": "Please cite this page as http://oracc.org/saao/P335914/.",
			"pleiades_id": "874621",
			"primary_publication": "ADD 1108",
			"project": "saa07",
			"proposed_date": "(ca. 668-648)",
			"provenience": "Kuyunjik (Nineveh)",
			"publication_history": "SAA 07, 083",
			"regnal_dates": "668–ca. 631 BC",
			"rework": "no",
			"ruler": "Ashurbanipal",
			"saa_attribution": "Adapted from F. Mario Fales and J. Nicholas Postgate, Imperial Administrative Records, Part I: Palace and Temple Administration (State Archives of Assyria, 7), 1992. Lemmatised by Mikko Luukko, 2017, as part of the research programme of the Alexander von Humboldt Chair in the Ancient History of the Near and Middle East at LMU Munich (Karen Radner, Humboldt Professorship 2015. The annotated edition is released under the Creative Commons Attribution Share-Alike license 3.0.",
			"saa_cdli_accession": "yes",
			"saa_cdli_id": "yes",
			"saa_cdli_museum": "yes",
			"saao_lists": "saao/saa07:P335914",
			"script": "Neo-Assyrian",
			"script_remarks": "inscribed",
			"script_type": "Cuneiform",
			"secondary_record": "no",
			"short_title": "Administrative Records 1",
			"title": "Record of Precious Stone Items",
			"vol_title": "Imperial Administrative Records, Part I: Palace and Temple Administration",
			"volume": "SAA 7"
		},
		"geometry": {
			"type": "Point",
			"coordinates": [43.151937,36.358684]
		}
	}, {
		"type": "Feature",
		"properties": {
			"designation": "SAA 07 084",
			"atae_lists": "atae/saao:P335898",
			"has_date": "unknown",
			"accession_no": "K 11471",
			"add_no": "ADD 1086",
			"archive": "099 - Miscellaneous",
			"cdli_accession_no": "K 11471",
			"cdli_id": "P335898",
			"cdli_museum_no": "BM —",
			"ch_name": "Metals and Stones",
			"ch_no": "Ch. 8",
			"ch_num_name": "Ch. 8 (Metals and Stones)",
			"collection": "British Museum, London, UK",
			"comp_wit": "witness",
			"credits": "Adapted from F. Mario Fales and J. Nicholas Postgate, Imperial Administrative Records, Part I: Palace and Temple Administration (State Archives of Assyria, 7), 1992. Lemmatised by Mikko Luukko, 2017, as part of the research programme of the Alexander von Humboldt Chair in the Ancient History of the Near and Middle East at LMU Munich (Karen Radner, Humboldt Professorship 2015. The annotated edition is released under the Creative Commons Attribution Share-Alike license 3.0.  Please cite this page as http://oracc.org/saao/P335898/.",
			"date_of_origin": "Sargon2.000.00.00",
			"display_name": "SAA 07 084",
			"edited_twice": "no",
			"genre": "Administrative Record",
			"id_text": "P335898",
			"language": "Akkadian",
			"material": "clay",
			"museum_no": "BM —",
			"object_type": "tablet",
			"oracc_header": "&amp;P335898 = SAA 07 084#project: saao/saa22#atf: lang nb#key: file=SAA22/SAA22.saa#key: musno=K 11471#key: cdli=K 11471#key: date=Sargon II#key: writer=#key: preservation=",
			"period": "Neo-Assyrian",
			"please_cite": "Please cite this page as http://oracc.org/saao/P335898/.",
			"pleiades_id": "874621",
			"primary_publication": "ADD 1086",
			"project": "saa07",
			"proposed_date": "(ca. 712-705)",
			"provenience": "Kuyunjik (Nineveh)",
			"publication_history": "SAA 07, 084",
			"regnal_dates": "721–705 BC",
			"rework": "no",
			"ruler": "Sargon II",
			"saa_attribution": "Adapted from F. Mario Fales and J. Nicholas Postgate, Imperial Administrative Records, Part I: Palace and Temple Administration (State Archives of Assyria, 7), 1992. Lemmatised by Mikko Luukko, 2017, as part of the research programme of the Alexander von Humboldt Chair in the Ancient History of the Near and Middle East at LMU Munich (Karen Radner, Humboldt Professorship 2015. The annotated edition is released under the Creative Commons Attribution Share-Alike license 3.0.",
			"saa_cdli_accession": "yes",
			"saa_cdli_id": "yes",
			"saa_cdli_museum": "yes",
			"saao_lists": "saao/saa07:P335898",
			"script": "Neo-Assyrian",
			"script_remarks": "inscribed",
			"script_type": "Cuneiform",
			"secondary_record": "no",
			"short_title": "Administrative Records 1",
			"title": "Fragment of Precious Stone Record",
			"vol_title": "Imperial Administrative Records, Part I: Palace and Temple Administration",
			"volume": "SAA 7"
		},
		"geometry": {
			"type": "Point",
			"coordinates": [43.151937,36.358684]
		}
	}, {
		"type": "Feature",
		"properties": {
			"designation": "SAA 07 085",
			"atae_lists": "atae/saao:P335771",
			"has_date": "unknown",
			"accession_no": "1881-02-04, 0146",
			"add_no": "ADD 0937",
			"archive": "099 - Miscellaneous",
			"cdli_accession_no": "1881-02-04, 0146",
			"cdli_id": "P335771",
			"cdli_museum_no": "BM —",
			"ch_name": "Metals and Stones",
			"ch_no": "Ch. 8",
			"ch_num_name": "Ch. 8 (Metals and Stones)",
			"collection": "British Museum, London, UK",
			"comp_wit": "witness",
			"credits": "Adapted from F. Mario Fales and J. Nicholas Postgate, Imperial Administrative Records, Part I: Palace and Temple Administration (State Archives of Assyria, 7), 1992. Lemmatised by Mikko Luukko, 2017, as part of the research programme of the Alexander von Humboldt Chair in the Ancient History of the Near and Middle East at LMU Munich (Karen Radner, Humboldt Professorship 2015. The annotated edition is released under the Creative Commons Attribution Share-Alike license 3.0.  Please cite this page as http://oracc.org/saao/P335771/.",
			"date_of_origin": "Assurbanipal.000.00.00",
			"display_name": "SAA 07 085",
			"edited_twice": "no",
			"genre": "Administrative Record",
			"id_text": "P335771",
			"language": "Akkadian",
			"material": "clay",
			"museum_no": "BM —",
			"object_type": "tablet",
			"oracc_header": "&amp;P335771 = SAA 07 085#project: saao/saa22#atf: lang nb#key: file=SAA22/SAA22.saa#key: musno=1881-02-04, 0146#key: cdli=1881-02-04, 0146#key: date=Ashurbanipal#key: writer=#key: preservation=",
			"period": "Neo-Assyrian",
			"please_cite": "Please cite this page as http://oracc.org/saao/P335771/.",
			"pleiades_id": "874621",
			"primary_publication": "ADD 0937",
			"project": "saa07",
			"proposed_date": "(ca. 668-648)",
			"provenience": "Kuyunjik (Nineveh)",
			"publication_history": "SAA 07, 085",
			"regnal_dates": "668–ca. 631 BC",
			"rework": "no",
			"ruler": "Ashurbanipal",
			"saa_attribution": "Adapted from F. Mario Fales and J. Nicholas Postgate, Imperial Administrative Records, Part I: Palace and Temple Administration (State Archives of Assyria, 7), 1992. Lemmatised by Mikko Luukko, 2017, as part of the research programme of the Alexander von Humboldt Chair in the Ancient History of the Near and Middle East at LMU Munich (Karen Radner, Humboldt Professorship 2015. The annotated edition is released under the Creative Commons Attribution Share-Alike license 3.0.",
			"saa_cdli_accession": "yes",
			"saa_cdli_id": "yes",
			"saa_cdli_museum": "yes",
			"saao_lists": "saao/saa07:P335771",
			"script": "Neo-Assyrian",
			"script_remarks": "inscribed",
			"script_type": "Cuneiform",
			"secondary_record": "no",
			"short_title": "Administrative Records 1",
			"title": "Record of Items of Precious Stone and Metal",
			"vol_title": "Imperial Administrative Records, Part I: Palace and Temple Administration",
			"volume": "SAA 7"
		},
		"geometry": {
			"type": "Point",
			"coordinates": [43.151937,36.358684]
		}
	}, {
		"type": "Feature",
		"properties": {
			"designation": "SAA 07 086",
			"atae_lists": "atae/saao:P336639",
			"has_date": "unknown",
			"accession_no": "K 07469 + K 09183 + K 19195",
			"archive": "099 - Miscellaneous",
			"cdli_accession_no": "K 07469 + K 09183 + K 19195",
			"cdli_id": "P336639",
			"cdli_museum_no": "BM —",
			"ch_name": "Metals and Stones",
			"ch_no": "Ch. 8",
			"ch_num_name": "Ch. 8 (Metals and Stones)",
			"collection": "British Museum, London, UK",
			"comp_wit": "witness",
			"credits": "Adapted from F. Mario Fales and J. Nicholas Postgate, Imperial Administrative Records, Part I: Palace and Temple Administration (State Archives of Assyria, 7), 1992. Lemmatised by Mikko Luukko, 2017, as part of the research programme of the Alexander von Humboldt Chair in the Ancient History of the Near and Middle East at LMU Munich (Karen Radner, Humboldt Professorship 2015. The annotated edition is released under the Creative Commons Attribution Share-Alike license 3.0.  Please cite this page as http://oracc.org/saao/P336639/.",
			"date_of_origin": "Sargon2.000.00.00",
			"display_name": "SAA 07 086",
			"edited_twice": "no",
			"genre": "Administrative Record",
			"id_text": "P336639",
			"language": "Akkadian",
			"material": "clay",
			"museum_no": "BM —",
			"object_type": "tablet",
			"oracc_header": "&amp;P336639 = SAA 07 086#project: saao/saa22#atf: lang nb#key: file=SAA22/SAA22.saa#key: musno=K 07469 + K 09183 + K 19195#key: cdli=K 07469 + K 09183 + K 19195#key: date=Sargon II#key: writer=#key: preservation=",
			"period": "Neo-Assyrian",
			"please_cite": "Please cite this page as http://oracc.org/saao/P336639/.",
			"pleiades_id": "874621",
			"project": "saa07",
			"proposed_date": "(ca. 710-705)",
			"provenience": "Kuyunjik (Nineveh)",
			"publication_history": "SAA 07, 086",
			"regnal_dates": "721–705 BC",
			"rework": "no",
			"ruler": "Sargon II",
			"saa_attribution": "Adapted from F. Mario Fales and J. Nicholas Postgate, Imperial Administrative Records, Part I: Palace and Temple Administration (State Archives of Assyria, 7), 1992. Lemmatised by Mikko Luukko, 2017, as part of the research programme of the Alexander von Humboldt Chair in the Ancient History of the Near and Middle East at LMU Munich (Karen Radner, Humboldt Professorship 2015. The annotated edition is released under the Creative Commons Attribution Share-Alike license 3.0.",
			"saa_cdli_accession": "yes",
			"saa_cdli_id": "yes",
			"saa_cdli_museum": "yes",
			"saao_lists": "saao/saa07:P336639",
			"script": "Neo-Assyrian",
			"script_remarks": "inscribed",
			"script_type": "Cuneiform",
			"secondary_record": "no",
			"short_title": "Administrative Records 1",
			"title": "Record of Precious Stone Items",
			"vol_title": "Imperial Administrative Records, Part I: Palace and Temple Administration",
			"volume": "SAA 7"
		},
		"geometry": {
			"type": "Point",
			"coordinates": [43.151937,36.358684]
		}
	}, {
		"type": "Feature",
		"properties": {
			"designation": "SAA 07 087",
			"atae_lists": "atae/saao:P335793",
			"has_date": "no",
			"accession_no": "K 04297",
			"add_no": "ADD 0963",
			"archive": "099 - Miscellaneous",
			"cdli_accession_no": "K 04297",
			"cdli_id": "P335793",
			"cdli_museum_no": "BM —",
			"ch_name": "Metals and Stones",
			"ch_no": "Ch. 8",
			"ch_num_name": "Ch. 8 (Metals and Stones)",
			"collection": "British Museum, London, UK",
			"comp_wit": "witness",
			"credits": "Adapted from F. Mario Fales and J. Nicholas Postgate, Imperial Administrative Records, Part I: Palace and Temple Administration (State Archives of Assyria, 7), 1992. Lemmatised by Mikko Luukko, 2017, as part of the research programme of the Alexander von Humboldt Chair in the Ancient History of the Near and Middle East at LMU Munich (Karen Radner, Humboldt Professorship 2015. The annotated edition is released under the Creative Commons Attribution Share-Alike license 3.0.  Please cite this page as http://oracc.org/saao/P335793/.",
			"date_of_origin": "Assurbanipal.000.00.00",
			"display_name": "SAA 07 087",
			"edited_twice": "no",
			"genre": "Administrative Record",
			"id_text": "P335793",
			"language": "Akkadian",
			"material": "clay",
			"museum_no": "BM —",
			"object_type": "tablet",
			"oracc_header": "&amp;P335793 = SAA 07 087#project: saao/saa22#atf: lang nb#key: file=SAA22/SAA22.saa#key: musno=K 04297#key: cdli=K 04297#key: date=Ashurbanipal#key: writer=#key: preservation=",
			"period": "Neo-Assyrian",
			"please_cite": "Please cite this page as http://oracc.org/saao/P335793/.",
			"pleiades_id": "874621",
			"primary_publication": "ADD 0963",
			"project": "saa07",
			"proposed_date": "(ca. 668-648)",
			"provenience": "Kuyunjik (Nineveh)",
			"publication_history": "SAA 07, 087",
			"regnal_dates": "668–ca. 631 BC",
			"rework": "no",
			"ruler": "Ashurbanipal",
			"saa_attribution": "Adapted from F. Mario Fales and J. Nicholas Postgate, Imperial Administrative Records, Part I: Palace and Temple Administration (State Archives of Assyria, 7), 1992. Lemmatised by Mikko Luukko, 2017, as part of the research programme of the Alexander von Humboldt Chair in the Ancient History of the Near and Middle East at LMU Munich (Karen Radner, Humboldt Professorship 2015. The annotated edition is released under the Creative Commons Attribution Share-Alike license 3.0.",
			"saa_cdli_accession": "yes",
			"saa_cdli_id": "yes",
			"saa_cdli_museum": "yes",
			"saao_lists": "saao/saa07:P335793",
			"script": "Neo-Assyrian",
			"script_remarks": "inscribed",
			"script_type": "Cuneiform",
			"secondary_record": "no",
			"short_title": "Administrative Records 1",
			"title": "Record of Items of Gold and Copper",
			"vol_title": "Imperial Administrative Records, Part I: Palace and Temple Administration",
			"volume": "SAA 7"
		},
		"geometry": {
			"type": "Point",
			"coordinates": [43.151937,36.358684]
		}
	}, {
		"type": "Feature",
		"properties": {
			"designation": "SAA 07 088",
			"atae_lists": "atae/saao:P335794",
			"has_date": "no",
			"accession_no": "K 01403",
			"add_no": "ADD 0964",
			"archive": "099 - Miscellaneous",
			"cdli_accession_no": "K 01403",
			"cdli_id": "P335794",
			"cdli_museum_no": "BM —",
			"ch_name": "Metals and Stones",
			"ch_no": "Ch. 8",
			"ch_num_name": "Ch. 8 (Metals and Stones)",
			"collection": "British Museum, London, UK",
			"comp_wit": "witness",
			"credits": "Adapted from F. Mario Fales and J. Nicholas Postgate, Imperial Administrative Records, Part I: Palace and Temple Administration (State Archives of Assyria, 7), 1992. Lemmatised by Mikko Luukko, 2017, as part of the research programme of the Alexander von Humboldt Chair in the Ancient History of the Near and Middle East at LMU Munich (Karen Radner, Humboldt Professorship 2015. The annotated edition is released under the Creative Commons Attribution Share-Alike license 3.0.  Please cite this page as http://oracc.org/saao/P335794/.",
			"date_of_origin": "Assurbanipal.000.00.00",
			"display_name": "SAA 07 088",
			"edited_twice": "no",
			"genre": "Administrative Record",
			"id_text": "P335794",
			"language": "Akkadian",
			"material": "clay",
			"museum_no": "BM —",
			"object_type": "tablet",
			"oracc_header": "&amp;P335794 = SAA 07 088#project: saao/saa22#atf: lang nb#key: file=SAA22/SAA22.saa#key: musno=K 01403#key: cdli=K 01403#key: date=Ashurbanipal#key: writer=#key: preservation=",
			"period": "Neo-Assyrian",
			"please_cite": "Please cite this page as http://oracc.org/saao/P335794/.",
			"pleiades_id": "874621",
			"primary_publication": "ADD 0964",
			"project": "saa07",
			"proposed_date": "(ca. 668-648)",
			"provenience": "Kuyunjik (Nineveh)",
			"publication_history": "SAA 07, 088",
			"regnal_dates": "668–ca. 631 BC",
			"rework": "no",
			"ruler": "Ashurbanipal",
			"saa_attribution": "Adapted from F. Mario Fales and J. Nicholas Postgate, Imperial Administrative Records, Part I: Palace and Temple Administration (State Archives of Assyria, 7), 1992. Lemmatised by Mikko Luukko, 2017, as part of the research programme of the Alexander von Humboldt Chair in the Ancient History of the Near and Middle East at LMU Munich (Karen Radner, Humboldt Professorship 2015. The annotated edition is released under the Creative Commons Attribution Share-Alike license 3.0.",
			"saa_cdli_accession": "yes",
			"saa_cdli_id": "yes",
			"saa_cdli_museum": "yes",
			"saao_lists": "saao/saa07:P335794",
			"script": "Neo-Assyrian",
			"script_remarks": "inscribed",
			"script_type": "Cuneiform",
			"secondary_record": "no",
			"short_title": "Administrative Records 1",
			"title": "Record of Copper Items",
			"vol_title": "Imperial Administrative Records, Part I: Palace and Temple Administration",
			"volume": "SAA 7"
		},
		"geometry": {
			"type": "Point",
			"coordinates": [43.151937,36.358684]
		}
	}, {
		"type": "Feature",
		"properties": {
			"designation": "SAA 07 089",
			"atae_lists": "atae/saao:P335867",
			"has_date": "no",
			"accession_no": "Rm 0045 + Rm 0079",
			"add_no": "ADD 1051+",
			"archive": "099 - Miscellaneous",
			"cdli_accession_no": "Rm 0045 + Rm 0079",
			"cdli_id": "P335867",
			"cdli_museum_no": "BM —",
			"ch_name": "Metals and Stones",
			"ch_no": "Ch. 8",
			"ch_num_name": "Ch. 8 (Metals and Stones)",
			"collection": "British Museum, London, UK",
			"comp_wit": "witness",
			"credits": "Adapted from F. Mario Fales and J. Nicholas Postgate, Imperial Administrative Records, Part I: Palace and Temple Administration (State Archives of Assyria, 7), 1992. Lemmatised by Mikko Luukko, 2017, as part of the research programme of the Alexander von Humboldt Chair in the Ancient History of the Near and Middle East at LMU Munich (Karen Radner, Humboldt Professorship 2015. The annotated edition is released under the Creative Commons Attribution Share-Alike license 3.0.  Please cite this page as http://oracc.org/saao/P335867/.",
			"date_of_origin": "Assurbanipal.000.00.00",
			"display_name": "SAA 07 089",
			"edited_twice": "no",
			"genre": "Administrative Record",
			"id_text": "P335867",
			"language": "Akkadian",
			"material": "clay",
			"museum_no": "BM —",
			"object_type": "tablet",
			"oracc_header": "&amp;P335867 = SAA 07 089#project: saao/saa22#atf: lang nb#key: file=SAA22/SAA22.saa#key: musno=Rm 0045 + Rm 0079#key: cdli=Rm 0045 + Rm 0079#key: date=Ashurbanipal#key: writer=#key: preservation=",
			"period": "Neo-Assyrian",
			"please_cite": "Please cite this page as http://oracc.org/saao/P335867/.",
			"pleiades_id": "874621",
			"primary_publication": "ADD 1051+",
			"project": "saa07",
			"proposed_date": "(ca. 668-648)",
			"provenience": "Kuyunjik (Nineveh)",
			"publication_history": "SAA 07, 089",
			"regnal_dates": "668–ca. 631 BC",
			"rework": "no",
			"ruler": "Ashurbanipal",
			"saa_attribution": "Adapted from F. Mario Fales and J. Nicholas Postgate, Imperial Administrative Records, Part I: Palace and Temple Administration (State Archives of Assyria, 7), 1992. Lemmatised by Mikko Luukko, 2017, as part of the research programme of the Alexander von Humboldt Chair in the Ancient History of the Near and Middle East at LMU Munich (Karen Radner, Humboldt Professorship 2015. The annotated edition is released under the Creative Commons Attribution Share-Alike license 3.0.",
			"saa_cdli_accession": "yes",
			"saa_cdli_id": "yes",
			"saa_cdli_museum": "yes",
			"saao_lists": "saao/saa07:P335867",
			"script": "Neo-Assyrian",
			"script_remarks": "inscribed",
			"script_type": "Cuneiform",
			"secondary_record": "no",
			"short_title": "Administrative Records 1",
			"title": "Record of Work on Copper Items",
			"vol_title": "Imperial Administrative Records, Part I: Palace and Temple Administration",
			"volume": "SAA 7"
		},
		"geometry": {
			"type": "Point",
			"coordinates": [43.151937,36.358684]
		}
	}, {
		"type": "Feature",
		"properties": {
			"designation": "SAA 07 090",
			"atae_lists": "atae/saao:P335776",
			"has_date": "unknown",
			"accession_no": "K 10317",
			"add_no": "ADD 0945",
			"archive": "099 - Miscellaneous",
			"cdli_accession_no": "K 10317",
			"cdli_id": "P335776",
			"cdli_museum_no": "BM —",
			"ch_name": "Metals and Stones",
			"ch_no": "Ch. 8",
			"ch_num_name": "Ch. 8 (Metals and Stones)",
			"collection": "British Museum, London, UK",
			"comp_wit": "witness",
			"credits": "Adapted from F. Mario Fales and J. Nicholas Postgate, Imperial Administrative Records, Part I: Palace and Temple Administration (State Archives of Assyria, 7), 1992. Lemmatised by Mikko Luukko, 2017, as part of the research programme of the Alexander von Humboldt Chair in the Ancient History of the Near and Middle East at LMU Munich (Karen Radner, Humboldt Professorship 2015. The annotated edition is released under the Creative Commons Attribution Share-Alike license 3.0.  Please cite this page as http://oracc.org/saao/P335776/.",
			"date_of_origin": "Assurbanipal.000.00.00",
			"display_name": "SAA 07 090",
			"edited_twice": "no",
			"genre": "Administrative Record",
			"id_text": "P335776",
			"language": "Akkadian",
			"material": "clay",
			"museum_no": "BM —",
			"object_type": "tablet",
			"oracc_header": "&amp;P335776 = SAA 07 090#project: saao/saa22#atf: lang nb#key: file=SAA22/SAA22.saa#key: musno=K 10317#key: cdli=K 10317#key: date=Ashurbanipal#key: writer=#key: preservation=",
			"period": "Neo-Assyrian",
			"please_cite": "Please cite this page as http://oracc.org/saao/P335776/.",
			"pleiades_id": "874621",
			"primary_publication": "ADD 0945",
			"project": "saa07",
			"proposed_date": "(ca. 668-648)",
			"provenience": "Kuyunjik (Nineveh)",
			"publication_history": "SAA 07, 090",
			"regnal_dates": "668–ca. 631 BC",
			"rework": "no",
			"ruler": "Ashurbanipal",
			"saa_attribution": "Adapted from F. Mario Fales and J. Nicholas Postgate, Imperial Administrative Records, Part I: Palace and Temple Administration (State Archives of Assyria, 7), 1992. Lemmatised by Mikko Luukko, 2017, as part of the research programme of the Alexander von Humboldt Chair in the Ancient History of the Near and Middle East at LMU Munich (Karen Radner, Humboldt Professorship 2015. The annotated edition is released under the Creative Commons Attribution Share-Alike license 3.0.",
			"saa_cdli_accession": "yes",
			"saa_cdli_id": "yes",
			"saa_cdli_museum": "yes",
			"saao_lists": "saao/saa07:P335776",
			"script": "Neo-Assyrian",
			"script_remarks": "inscribed",
			"script_type": "Cuneiform",
			"secondary_record": "no",
			"short_title": "Administrative Records 1",
			"title": "Fragment of Record of Metal Items",
			"vol_title": "Imperial Administrative Records, Part I: Palace and Temple Administration",
			"volume": "SAA 7"
		},
		"geometry": {
			"type": "Point",
			"coordinates": [43.151937,36.358684]
		}
	}, {
		"type": "Feature",
		"properties": {
			"designation": "SAA 07 091",
			"atae_lists": "atae/saao:P335874",
			"has_date": "unknown",
			"accession_no": "1881-02-04, 0165",
			"add_no": "ADD 1059",
			"archive": "099 - Miscellaneous",
			"cdli_accession_no": "1881-02-04, 0165",
			"cdli_id": "P335874",
			"cdli_museum_no": "BM —",
			"ch_name": "Metals and Stones",
			"ch_no": "Ch. 8",
			"ch_num_name": "Ch. 8 (Metals and Stones)",
			"collection": "British Museum, London, UK",
			"comp_wit": "witness",
			"credits": "Adapted from F. Mario Fales and J. Nicholas Postgate, Imperial Administrative Records, Part I: Palace and Temple Administration (State Archives of Assyria, 7), 1992. Lemmatised by Mikko Luukko, 2017, as part of the research programme of the Alexander von Humboldt Chair in the Ancient History of the Near and Middle East at LMU Munich (Karen Radner, Humboldt Professorship 2015. The annotated edition is released under the Creative Commons Attribution Share-Alike license 3.0.  Please cite this page as http://oracc.org/saao/P335874/.",
			"date_of_origin": "Assurbanipal.000.00.00",
			"display_name": "SAA 07 091",
			"edited_twice": "no",
			"genre": "Administrative Record",
			"id_text": "P335874",
			"language": "Akkadian",
			"material": "clay",
			"museum_no": "BM —",
			"object_type": "tablet",
			"oracc_header": "&amp;P335874 = SAA 07 091#project: saao/saa22#atf: lang nb#key: file=SAA22/SAA22.saa#key: musno=1881-02-04, 0165#key: cdli=1881-02-04, 0165#key: date=Ashurbanipal#key: writer=#key: preservation=",
			"period": "Neo-Assyrian",
			"please_cite": "Please cite this page as http://oracc.org/saao/P335874/.",
			"pleiades_id": "874621",
			"primary_publication": "ADD 1059",
			"project": "saa07",
			"proposed_date": "(ca. 668-648)",
			"provenience": "Kuyunjik (Nineveh)",
			"publication_history": "SAA 07, 091",
			"regnal_dates": "668–ca. 631 BC",
			"rework": "no",
			"ruler": "Ashurbanipal",
			"saa_attribution": "Adapted from F. Mario Fales and J. Nicholas Postgate, Imperial Administrative Records, Part I: Palace and Temple Administration (State Archives of Assyria, 7), 1992. Lemmatised by Mikko Luukko, 2017, as part of the research programme of the Alexander von Humboldt Chair in the Ancient History of the Near and Middle East at LMU Munich (Karen Radner, Humboldt Professorship 2015. The annotated edition is released under the Creative Commons Attribution Share-Alike license 3.0.",
			"saa_cdli_accession": "yes",
			"saa_cdli_id": "yes",
			"saa_cdli_museum": "yes",
			"saao_lists": "saao/saa07:P335874",
			"script": "Neo-Assyrian",
			"script_remarks": "inscribed",
			"script_type": "Cuneiform",
			"secondary_record": "no",
			"short_title": "Administrative Records 1",
			"title": "Record of Wooden and Copper Items",
			"vol_title": "Imperial Administrative Records, Part I: Palace and Temple Administration",
			"volume": "SAA 7"
		},
		"geometry": {
			"type": "Point",
			"coordinates": [43.151937,36.358684]
		}
	}, {
		"type": "Feature",
		"properties": {
			"designation": "SAA 07 092",
			"atae_lists": "atae/saao:P336640",
			"has_date": "unknown",
			"accession_no": "K 17023",
			"archive": "099 - Miscellaneous",
			"cdli_accession_no": "K 17023",
			"cdli_id": "P336640",
			"cdli_museum_no": "BM —",
			"ch_name": "Metals and Stones",
			"ch_no": "Ch. 8",
			"ch_num_name": "Ch. 8 (Metals and Stones)",
			"collection": "British Museum, London, UK",
			"comp_wit": "witness",
			"credits": "Adapted from F. Mario Fales and J. Nicholas Postgate, Imperial Administrative Records, Part I: Palace and Temple Administration (State Archives of Assyria, 7), 1992. Lemmatised by Mikko Luukko, 2017, as part of the research programme of the Alexander von Humboldt Chair in the Ancient History of the Near and Middle East at LMU Munich (Karen Radner, Humboldt Professorship 2015. The annotated edition is released under the Creative Commons Attribution Share-Alike license 3.0.  Please cite this page as http://oracc.org/saao/P336640/.",
			"date_of_origin": "Assurbanipal.000.00.00",
			"display_name": "SAA 07 092",
			"edited_twice": "no",
			"genre": "Administrative Record",
			"id_text": "P336640",
			"language": "Akkadian",
			"material": "clay",
			"museum_no": "BM —",
			"object_type": "tablet",
			"oracc_header": "&amp;P336640 = SAA 07 092#project: saao/saa22#atf: lang nb#key: file=SAA22/SAA22.saa#key: musno=K 17023#key: cdli=K 17023#key: date=Ashurbanipal#key: writer=#key: preservation=",
			"period": "Neo-Assyrian",
			"please_cite": "Please cite this page as http://oracc.org/saao/P336640/.",
			"pleiades_id": "874621",
			"project": "saa07",
			"proposed_date": "(ca. 668-648)",
			"provenience": "Kuyunjik (Nineveh)",
			"publication_history": "SAA 07, 092",
			"regnal_dates": "668–ca. 631 BC",
			"rework": "no",
			"ruler": "Ashurbanipal",
			"saa_attribution": "Adapted from F. Mario Fales and J. Nicholas Postgate, Imperial Administrative Records, Part I: Palace and Temple Administration (State Archives of Assyria, 7), 1992. Lemmatised by Mikko Luukko, 2017, as part of the research programme of the Alexander von Humboldt Chair in the Ancient History of the Near and Middle East at LMU Munich (Karen Radner, Humboldt Professorship 2015. The annotated edition is released under the Creative Commons Attribution Share-Alike license 3.0.",
			"saa_cdli_accession": "yes",
			"saa_cdli_id": "yes",
			"saa_cdli_museum": "yes",
			"saao_lists": "saao/saa07:P336640",
			"script": "Neo-Assyrian",
			"script_remarks": "inscribed",
			"script_type": "Cuneiform",
			"secondary_record": "no",
			"short_title": "Administrative Records 1",
			"title": "Fragment of Record of Precious Items(?)",
			"vol_title": "Imperial Administrative Records, Part I: Palace and Temple Administration",
			"volume": "SAA 7"
		},
		"geometry": {
			"type": "Point",
			"coordinates": [43.151937,36.358684]
		}
	}, {
		"type": "Feature",
		"properties": {
			"designation": "SAA 07 093",
			"atae_lists": "atae/saao:P335582",
			"has_date": "yes",
			"date": "658-II-02",
			"year": "658",
			"month": "II",
			"day": "02",
			"accession_no": "1882-05-22, 0040",
			"add_no": "ADD 0702",
			"archive": "099 - Miscellaneous",
			"cdli_accession_no": "1882-05-22, 0040",
			"cdli_id": "P335582",
			"cdli_museum_no": "BM —",
			"ch_name": "Textiles",
			"ch_no": "Ch. 9",
			"ch_num_name": "Ch. 9 (Textiles)",
			"collection": "British Museum, London, UK",
			"comp_wit": "witness",
			"credits": "Adapted from F. Mario Fales and J. Nicholas Postgate, Imperial Administrative Records, Part I: Palace and Temple Administration (State Archives of Assyria, 7), 1992. Lemmatised by Mikko Luukko, 2017, as part of the research programme of the Alexander von Humboldt Chair in the Ancient History of the Near and Middle East at LMU Munich (Karen Radner, Humboldt Professorship 2015. The annotated edition is released under the Creative Commons Attribution Share-Alike license 3.0.  Please cite this page as http://oracc.org/saao/P335582/.",
			"date_gen": "658-II-02",
			"date_of_origin": "Assurbanipal.limu Sha-Nabu-shu.02.02",
			"display_name": "SAA 07 093",
			"edited_twice": "no",
			"eponym": "Ša-Nabû-šû",
			"genre": "Administrative Record",
			"id_text": "P335582",
			"language": "Akkadian",
			"long_date": "Ayyāru 2nd, eponymy of Ša-Nabû-šû",
			"long_date_gen": "Ayyāru 2nd, eponymy of Ša-Nabû-šû",
			"material": "clay",
			"museum_no": "BM —",
			"object_type": "tablet",
			"oracc_header": "&amp;P335582 = SAA 07 093#project: saao/saa22#atf: lang nb#key: file=SAA22/SAA22.saa#key: musno=1882-05-22, 0040#key: cdli=1882-05-22, 0040#key: date=Ashurbanipal#key: writer=#key: preservation=",
			"period": "Neo-Assyrian",
			"please_cite": "Please cite this page as http://oracc.org/saao/P335582/.",
			"pleiades_id": "874621",
			"primary_publication": "ADD 0702",
			"project": "saa07",
			"provenience": "Kuyunjik (Nineveh)",
			"publication_history": "SAA 07, 093",
			"regnal_dates": "668–ca. 631 BC",
			"rework": "no",
			"ruler": "Ashurbanipal",
			"saa_attribution": "Adapted from F. Mario Fales and J. Nicholas Postgate, Imperial Administrative Records, Part I: Palace and Temple Administration (State Archives of Assyria, 7), 1992. Lemmatised by Mikko Luukko, 2017, as part of the research programme of the Alexander von Humboldt Chair in the Ancient History of the Near and Middle East at LMU Munich (Karen Radner, Humboldt Professorship 2015. The annotated edition is released under the Creative Commons Attribution Share-Alike license 3.0.",
			"saa_cdli_accession": "yes",
			"saa_cdli_id": "yes",
			"saa_cdli_museum": "yes",
			"saao_lists": "saao/saa07:P335582",
			"script": "Neo-Assyrian",
			"script_remarks": "inscribed",
			"script_type": "Cuneiform",
			"secondary_record": "no",
			"short_title": "Administrative Records 1",
			"title": "Textile Label, Reign of Assurbanipal",
			"vol_title": "Imperial Administrative Records, Part I: Palace and Temple Administration",
			"volume": "SAA 7"
		},
		"geometry": {
			"type": "Point",
			"coordinates": [43.151937,36.358684]
		}
	}, {
		"type": "Feature",
		"properties": {
			"designation": "SAA 07 094",
			"atae_lists": "atae/saao:P335549",
			"has_date": "yes",
			"date": "681-IX",
			"year": "681",
			"month": "IX",
			"accession_no": "K 00348 + 1904-10-09, 0246",
			"add_no": "ADD 0635+",
			"archive": "099 - Miscellaneous",
			"cdli_accession_no": "K 00348 + 1904-10-09, 0246",
			"cdli_id": "P335549",
			"cdli_museum_no": "BM 099214",
			"ch_name": "Textiles",
			"ch_no": "Ch. 9",
			"ch_num_name": "Ch. 9 (Textiles)",
			"collection": "British Museum, London, UK",
			"comp_wit": "witness",
			"credits": "Adapted from F. Mario Fales and J. Nicholas Postgate, Imperial Administrative Records, Part I: Palace and Temple Administration (State Archives of Assyria, 7), 1992. Lemmatised by Mikko Luukko, 2017, as part of the research programme of the Alexander von Humboldt Chair in the Ancient History of the Near and Middle East at LMU Munich (Karen Radner, Humboldt Professorship 2015. The annotated edition is released under the Creative Commons Attribution Share-Alike license 3.0.  Please cite this page as http://oracc.org/saao/P335549/.",
			"date_gen": "681-IX",
			"date_of_origin": "Esarhaddon.limu Nabu-ahhe-eresh.09.00",
			"display_name": "SAA 07 094",
			"edited_twice": "no",
			"eponym": "Nabû-ahhē-ēreš",
			"genre": "Administrative Record",
			"id_text": "P335549",
			"language": "Akkadian",
			"long_date": "Kislīmu , eponymy of Nabû-ahhē-ēreš",
			"long_date_gen": "Kislīmu , eponymy of Nabû-ahhē-ēreš",
			"material": "clay",
			"museum_no": "BM 099214",
			"object_type": "tablet",
			"oracc_header": "&amp;P335549 = SAA 07 094#project: saao/saa22#atf: lang nb#key: file=SAA22/SAA22.saa#key: musno=K 00348 + 1904-10-09, 0246#key: cdli=K 00348 + 1904-10-09, 0246#key: date=Esarhaddon#key: writer=#key: preservation=",
			"period": "Neo-Assyrian",
			"please_cite": "Please cite this page as http://oracc.org/saao/P335549/.",
			"pleiades_id": "874621",
			"primary_publication": "ADD 0635+",
			"project": "saa07",
			"provenience": "Kuyunjik (Nineveh)",
			"publication_history": "SAA 07, 094",
			"regnal_dates": "680–669 BC",
			"rework": "no",
			"ruler": "Esarhaddon",
			"saa_attribution": "Adapted from F. Mario Fales and J. Nicholas Postgate, Imperial Administrative Records, Part I: Palace and Temple Administration (State Archives of Assyria, 7), 1992. Lemmatised by Mikko Luukko, 2017, as part of the research programme of the Alexander von Humboldt Chair in the Ancient History of the Near and Middle East at LMU Munich (Karen Radner, Humboldt Professorship 2015. The annotated edition is released under the Creative Commons Attribution Share-Alike license 3.0.",
			"saa_cdli_accession": "yes",
			"saa_cdli_id": "yes",
			"saa_cdli_museum": "yes",
			"saao_lists": "saao/saa07:P335549",
			"script": "Neo-Assyrian",
			"script_remarks": "inscribed",
			"script_type": "Cuneiform",
			"secondary_record": "no",
			"short_title": "Administrative Records 1",
			"title": "Textile Label, Reign of Esarhaddon",
			"vol_title": "Imperial Administrative Records, Part I: Palace and Temple Administration",
			"volume": "SAA 7"
		},
		"geometry": {
			"type": "Point",
			"coordinates": [43.151937,36.358684]
		}
	}, {
		"type": "Feature",
		"properties": {
			"designation": "SAA 07 095",
			"atae_lists": "atae/saao:P335566",
			"has_date": "unknown",
			"accession_no": "1883-01-18, 0346",
			"add_no": "ADD 0684",
			"archive": "099 - Miscellaneous",
			"cdli_accession_no": "1883-01-18, 0346",
			"cdli_id": "P335566",
			"cdli_museum_no": "BM —",
			"ch_name": "Textiles",
			"ch_no": "Ch. 9",
			"ch_num_name": "Ch. 9 (Textiles)",
			"collection": "British Museum, London, UK",
			"comp_wit": "witness",
			"credits": "Adapted from F. Mario Fales and J. Nicholas Postgate, Imperial Administrative Records, Part I: Palace and Temple Administration (State Archives of Assyria, 7), 1992. Lemmatised by Mikko Luukko, 2017, as part of the research programme of the Alexander von Humboldt Chair in the Ancient History of the Near and Middle East at LMU Munich (Karen Radner, Humboldt Professorship 2015. The annotated edition is released under the Creative Commons Attribution Share-Alike license 3.0.  Please cite this page as http://oracc.org/saao/P335566/.",
			"date_of_origin": "00.000.00.00",
			"display_name": "SAA 07 095",
			"edited_twice": "no",
			"genre": "Administrative Record",
			"id_text": "P335566",
			"language": "Akkadian",
			"material": "clay",
			"museum_no": "BM —",
			"object_type": "tablet",
			"oracc_header": "&amp;P335566 = SAA 07 095#project: saao/saa22#atf: lang nb#key: file=SAA22/SAA22.saa#key: musno=1883-01-18, 0346#key: cdli=1883-01-18, 0346#key: date=Esarhaddon or Ashurbanipal#key: writer=#key: preservation=",
			"period": "Neo-Assyrian",
			"please_cite": "Please cite this page as http://oracc.org/saao/P335566/.",
			"pleiades_id": "874621",
			"primary_publication": "ADD 0684",
			"project": "saa07",
			"proposed_date": "(ca. 674-650)",
			"provenience": "Kuyunjik (Nineveh)",
			"publication_history": "SAA 07, 095",
			"rework": "no",
			"ruler": "Esarhaddon or Ashurbanipal",
			"saa_attribution": "Adapted from F. Mario Fales and J. Nicholas Postgate, Imperial Administrative Records, Part I: Palace and Temple Administration (State Archives of Assyria, 7), 1992. Lemmatised by Mikko Luukko, 2017, as part of the research programme of the Alexander von Humboldt Chair in the Ancient History of the Near and Middle East at LMU Munich (Karen Radner, Humboldt Professorship 2015. The annotated edition is released under the Creative Commons Attribution Share-Alike license 3.0.",
			"saa_cdli_accession": "yes",
			"saa_cdli_id": "yes",
			"saa_cdli_museum": "yes",
			"saao_lists": "saao/saa07:P335566",
			"script": "Neo-Assyrian",
			"script_remarks": "inscribed",
			"script_type": "Cuneiform",
			"secondary_record": "no",
			"short_title": "Administrative Records 1",
			"title": "Textile Label",
			"vol_title": "Imperial Administrative Records, Part I: Palace and Temple Administration",
			"volume": "SAA 7"
		},
		"geometry": {
			"type": "Point",
			"coordinates": [43.151937,36.358684]
		}
	}, {
		"type": "Feature",
		"properties": {
			"designation": "SAA 07 096",
			"atae_lists": "atae/saao:P335787",
			"has_date": "unknown",
			"accession_no": "Rm 0462",
			"add_no": "ADD 0957",
			"archive": "099 - Miscellaneous",
			"cdli_accession_no": "Rm 0462",
			"cdli_id": "P335787",
			"cdli_museum_no": "BM —",
			"ch_name": "Textiles",
			"ch_no": "Ch. 9",
			"ch_num_name": "Ch. 9 (Textiles)",
			"collection": "British Museum, London, UK",
			"comp_wit": "witness",
			"credits": "Adapted from F. Mario Fales and J. Nicholas Postgate, Imperial Administrative Records, Part I: Palace and Temple Administration (State Archives of Assyria, 7), 1992. Lemmatised by Mikko Luukko, 2017, as part of the research programme of the Alexander von Humboldt Chair in the Ancient History of the Near and Middle East at LMU Munich (Karen Radner, Humboldt Professorship 2015. The annotated edition is released under the Creative Commons Attribution Share-Alike license 3.0.  Please cite this page as http://oracc.org/saao/P335787/.",
			"date_of_origin": "00.000.00.00",
			"display_name": "SAA 07 096",
			"edited_twice": "no",
			"genre": "Administrative Record",
			"id_text": "P335787",
			"language": "Akkadian",
			"material": "clay",
			"museum_no": "BM —",
			"object_type": "tablet",
			"oracc_header": "&amp;P335787 = SAA 07 096#project: saao/saa22#atf: lang nb#key: file=SAA22/SAA22.saa#key: musno=Rm 0462#key: cdli=Rm 0462#key: date=Esarhaddon or Ashurbanipal#key: writer=#key: preservation=",
			"period": "Neo-Assyrian",
			"please_cite": "Please cite this page as http://oracc.org/saao/P335787/.",
			"pleiades_id": "874621",
			"primary_publication": "ADD 0957",
			"project": "saa07",
			"proposed_date": "(ca. 674-650)",
			"provenience": "Kuyunjik (Nineveh)",
			"publication_history": "SAA 07, 096",
			"rework": "no",
			"ruler": "Esarhaddon or Ashurbanipal",
			"saa_attribution": "Adapted from F. Mario Fales and J. Nicholas Postgate, Imperial Administrative Records, Part I: Palace and Temple Administration (State Archives of Assyria, 7), 1992. Lemmatised by Mikko Luukko, 2017, as part of the research programme of the Alexander von Humboldt Chair in the Ancient History of the Near and Middle East at LMU Munich (Karen Radner, Humboldt Professorship 2015. The annotated edition is released under the Creative Commons Attribution Share-Alike license 3.0.",
			"saa_cdli_accession": "yes",
			"saa_cdli_id": "yes",
			"saa_cdli_museum": "yes",
			"saao_lists": "saao/saa07:P335787",
			"script": "Neo-Assyrian",
			"script_remarks": "inscribed",
			"script_type": "Cuneiform",
			"secondary_record": "no",
			"short_title": "Administrative Records 1",
			"title": "Textile Label",
			"vol_title": "Imperial Administrative Records, Part I: Palace and Temple Administration",
			"volume": "SAA 7"
		},
		"geometry": {
			"type": "Point",
			"coordinates": [43.151937,36.358684]
		}
	}, {
		"type": "Feature",
		"properties": {
			"designation": "SAA 07 097",
			"atae_lists": "atae/saao:P335786",
			"has_date": "unknown",
			"accession_no": "1881-02-04, 0259",
			"add_no": "ADD 0956",
			"archive": "099 - Miscellaneous",
			"cdli_accession_no": "1881-02-04, 0259",
			"cdli_id": "P335786",
			"cdli_museum_no": "BM —",
			"ch_name": "Textiles",
			"ch_no": "Ch. 9",
			"ch_num_name": "Ch. 9 (Textiles)",
			"collection": "British Museum, London, UK",
			"comp_wit": "witness",
			"credits": "Adapted from F. Mario Fales and J. Nicholas Postgate, Imperial Administrative Records, Part I: Palace and Temple Administration (State Archives of Assyria, 7), 1992. Lemmatised by Mikko Luukko, 2017, as part of the research programme of the Alexander von Humboldt Chair in the Ancient History of the Near and Middle East at LMU Munich (Karen Radner, Humboldt Professorship 2015. The annotated edition is released under the Creative Commons Attribution Share-Alike license 3.0.  Please cite this page as http://oracc.org/saao/P335786/.",
			"date_of_origin": "00.000.00.00",
			"display_name": "SAA 07 097",
			"edited_twice": "no",
			"genre": "Administrative Record",
			"id_text": "P335786",
			"language": "Akkadian",
			"material": "clay",
			"museum_no": "BM —",
			"object_type": "tablet",
			"oracc_header": "&amp;P335786 = SAA 07 097#project: saao/saa22#atf: lang nb#key: file=SAA22/SAA22.saa#key: musno=1881-02-04, 0259#key: cdli=1881-02-04, 0259#key: date=Esarhaddon or Ashurbanipal#key: writer=#key: preservation=",
			"period": "Neo-Assyrian",
			"please_cite": "Please cite this page as http://oracc.org/saao/P335786/.",
			"pleiades_id": "874621",
			"primary_publication": "ADD 0956",
			"project": "saa07",
			"proposed_date": "(ca. 674-650)",
			"provenience": "Kuyunjik (Nineveh)",
			"publication_history": "SAA 07, 097",
			"rework": "no",
			"ruler": "Esarhaddon or Ashurbanipal",
			"saa_attribution": "Adapted from F. Mario Fales and J. Nicholas Postgate, Imperial Administrative Records, Part I: Palace and Temple Administration (State Archives of Assyria, 7), 1992. Lemmatised by Mikko Luukko, 2017, as part of the research programme of the Alexander von Humboldt Chair in the Ancient History of the Near and Middle East at LMU Munich (Karen Radner, Humboldt Professorship 2015. The annotated edition is released under the Creative Commons Attribution Share-Alike license 3.0.",
			"saa_cdli_accession": "yes",
			"saa_cdli_id": "yes",
			"saa_cdli_museum": "yes",
			"saao_lists": "saao/saa07:P335786",
			"script": "Neo-Assyrian",
			"script_remarks": "inscribed",
			"script_type": "Cuneiform",
			"secondary_record": "no",
			"short_title": "Administrative Records 1",
			"title": "Textile Label",
			"vol_title": "Imperial Administrative Records, Part I: Palace and Temple Administration",
			"volume": "SAA 7"
		},
		"geometry": {
			"type": "Point",
			"coordinates": [43.151937,36.358684]
		}
	}, {
		"type": "Feature",
		"properties": {
			"designation": "SAA 07 098",
			"atae_lists": "atae/saao:P335564",
			"has_date": "unknown",
			"accession_no": "K 01483",
			"add_no": "ADD 0682",
			"archive": "099 - Miscellaneous",
			"cdli_accession_no": "K 01483",
			"cdli_id": "P335564",
			"cdli_museum_no": "BM —",
			"ch_name": "Textiles",
			"ch_no": "Ch. 9",
			"ch_num_name": "Ch. 9 (Textiles)",
			"collection": "British Museum, London, UK",
			"comp_wit": "witness",
			"credits": "Adapted from F. Mario Fales and J. Nicholas Postgate, Imperial Administrative Records, Part I: Palace and Temple Administration (State Archives of Assyria, 7), 1992. Lemmatised by Mikko Luukko, 2017, as part of the research programme of the Alexander von Humboldt Chair in the Ancient History of the Near and Middle East at LMU Munich (Karen Radner, Humboldt Professorship 2015. The annotated edition is released under the Creative Commons Attribution Share-Alike license 3.0.  Please cite this page as http://oracc.org/saao/P335564/.",
			"date_of_origin": "00.000.00.00",
			"display_name": "SAA 07 098",
			"edited_twice": "no",
			"genre": "Administrative Record",
			"id_text": "P335564",
			"language": "Akkadian",
			"material": "clay",
			"museum_no": "BM —",
			"object_type": "tablet",
			"oracc_header": "&amp;P335564 = SAA 07 098#project: saao/saa22#atf: lang nb#key: file=SAA22/SAA22.saa#key: musno=K 01483#key: cdli=K 01483#key: date=Esarhaddon or Ashurbanipal#key: writer=#key: preservation=",
			"period": "Neo-Assyrian",
			"please_cite": "Please cite this page as http://oracc.org/saao/P335564/.",
			"pleiades_id": "874621",
			"primary_publication": "ADD 0682",
			"project": "saa07",
			"proposed_date": "(ca. 674-650)",
			"provenience": "Kuyunjik (Nineveh)",
			"publication_history": "SAA 07, 098",
			"rework": "no",
			"ruler": "Esarhaddon or Ashurbanipal",
			"saa_attribution": "Adapted from F. Mario Fales and J. Nicholas Postgate, Imperial Administrative Records, Part I: Palace and Temple Administration (State Archives of Assyria, 7), 1992. Lemmatised by Mikko Luukko, 2017, as part of the research programme of the Alexander von Humboldt Chair in the Ancient History of the Near and Middle East at LMU Munich (Karen Radner, Humboldt Professorship 2015. The annotated edition is released under the Creative Commons Attribution Share-Alike license 3.0.",
			"saa_cdli_accession": "yes",
			"saa_cdli_id": "yes",
			"saa_cdli_museum": "yes",
			"saao_lists": "saao/saa07:P335564",
			"script": "Neo-Assyrian",
			"script_remarks": "inscribed",
			"script_type": "Cuneiform",
			"secondary_record": "no",
			"short_title": "Administrative Records 1",
			"title": "Textile Label",
			"vol_title": "Imperial Administrative Records, Part I: Palace and Temple Administration",
			"volume": "SAA 7"
		},
		"geometry": {
			"type": "Point",
			"coordinates": [43.151937,36.358684]
		}
	}, {
		"type": "Feature",
		"properties": {
			"designation": "SAA 07 099",
			"atae_lists": "atae/saao:P335585",
			"has_date": "unknown",
			"accession_no": "K 10816",
			"add_no": "ADD 0707",
			"archive": "099 - Miscellaneous",
			"cdli_accession_no": "K 10816",
			"cdli_id": "P335585",
			"cdli_museum_no": "BM —",
			"ch_name": "Textiles",
			"ch_no": "Ch. 9",
			"ch_num_name": "Ch. 9 (Textiles)",
			"collection": "British Museum, London, UK",
			"comp_wit": "witness",
			"credits": "Adapted from F. Mario Fales and J. Nicholas Postgate, Imperial Administrative Records, Part I: Palace and Temple Administration (State Archives of Assyria, 7), 1992. Lemmatised by Mikko Luukko, 2017, as part of the research programme of the Alexander von Humboldt Chair in the Ancient History of the Near and Middle East at LMU Munich (Karen Radner, Humboldt Professorship 2015. The annotated edition is released under the Creative Commons Attribution Share-Alike license 3.0.  Please cite this page as http://oracc.org/saao/P335585/.",
			"date_of_origin": "00.000.00.00",
			"display_name": "SAA 07 099",
			"edited_twice": "no",
			"genre": "Administrative Record",
			"id_text": "P335585",
			"language": "Akkadian",
			"material": "clay",
			"museum_no": "BM —",
			"object_type": "tablet",
			"oracc_header": "&amp;P335585 = SAA 07 099#project: saao/saa22#atf: lang nb#key: file=SAA22/SAA22.saa#key: musno=K 10816#key: cdli=K 10816#key: date=Esarhaddon or Ashurbanipal#key: writer=#key: preservation=",
			"period": "Neo-Assyrian",
			"please_cite": "Please cite this page as http://oracc.org/saao/P335585/.",
			"pleiades_id": "874621",
			"primary_publication": "ADD 0707",
			"project": "saa07",
			"proposed_date": "(ca. 674-650)",
			"provenience": "Kuyunjik (Nineveh)",
			"publication_history": "SAA 07, 099",
			"rework": "no",
			"ruler": "Esarhaddon or Ashurbanipal",
			"saa_attribution": "Adapted from F. Mario Fales and J. Nicholas Postgate, Imperial Administrative Records, Part I: Palace and Temple Administration (State Archives of Assyria, 7), 1992. Lemmatised by Mikko Luukko, 2017, as part of the research programme of the Alexander von Humboldt Chair in the Ancient History of the Near and Middle East at LMU Munich (Karen Radner, Humboldt Professorship 2015. The annotated edition is released under the Creative Commons Attribution Share-Alike license 3.0.",
			"saa_cdli_accession": "yes",
			"saa_cdli_id": "yes",
			"saa_cdli_museum": "yes",
			"saao_lists": "saao/saa07:P335585",
			"script": "Neo-Assyrian",
			"script_remarks": "inscribed",
			"script_type": "Cuneiform",
			"secondary_record": "no",
			"short_title": "Administrative Records 1",
			"title": "Textile Label",
			"vol_title": "Imperial Administrative Records, Part I: Palace and Temple Administration",
			"volume": "SAA 7"
		},
		"geometry": {
			"type": "Point",
			"coordinates": [43.151937,36.358684]
		}
	}, {
		"type": "Feature",
		"properties": {
			"designation": "SAA 07 100",
			"atae_lists": "atae/saao:P335567",
			"has_date": "unknown",
			"accession_no": "1883-01-18, 0764",
			"add_no": "ADD 0685",
			"archive": "099 - Miscellaneous",
			"cdli_accession_no": "1883-01-18, 0764",
			"cdli_id": "P335567",
			"cdli_museum_no": "BM —",
			"ch_name": "Textiles",
			"ch_no": "Ch. 9",
			"ch_num_name": "Ch. 9 (Textiles)",
			"collection": "British Museum, London, UK",
			"comp_wit": "witness",
			"credits": "Adapted from F. Mario Fales and J. Nicholas Postgate, Imperial Administrative Records, Part I: Palace and Temple Administration (State Archives of Assyria, 7), 1992. Lemmatised by Mikko Luukko, 2017, as part of the research programme of the Alexander von Humboldt Chair in the Ancient History of the Near and Middle East at LMU Munich (Karen Radner, Humboldt Professorship 2015. The annotated edition is released under the Creative Commons Attribution Share-Alike license 3.0.  Please cite this page as http://oracc.org/saao/P335567/.",
			"date_of_origin": "00.000.00.00",
			"display_name": "SAA 07 100",
			"edited_twice": "no",
			"genre": "Administrative Record",
			"id_text": "P335567",
			"language": "Akkadian",
			"material": "clay",
			"museum_no": "BM —",
			"object_type": "tablet",
			"oracc_header": "&amp;P335567 = SAA 07 100#project: saao/saa22#atf: lang nb#key: file=SAA22/SAA22.saa#key: musno=1883-01-18, 0764#key: cdli=1883-01-18, 0764#key: date=Esarhaddon or Ashurbanipal#key: writer=#key: preservation=",
			"period": "Neo-Assyrian",
			"please_cite": "Please cite this page as http://oracc.org/saao/P335567/.",
			"pleiades_id": "874621",
			"primary_publication": "ADD 0685",
			"project": "saa07",
			"proposed_date": "(ca. 674-650)",
			"provenience": "Kuyunjik (Nineveh)",
			"publication_history": "SAA 07, 100",
			"rework": "no",
			"ruler": "Esarhaddon or Ashurbanipal",
			"saa_attribution": "Adapted from F. Mario Fales and J. Nicholas Postgate, Imperial Administrative Records, Part I: Palace and Temple Administration (State Archives of Assyria, 7), 1992. Lemmatised by Mikko Luukko, 2017, as part of the research programme of the Alexander von Humboldt Chair in the Ancient History of the Near and Middle East at LMU Munich (Karen Radner, Humboldt Professorship 2015. The annotated edition is released under the Creative Commons Attribution Share-Alike license 3.0.",
			"saa_cdli_accession": "yes",
			"saa_cdli_id": "yes",
			"saa_cdli_museum": "yes",
			"saao_lists": "saao/saa07:P335567",
			"script": "Neo-Assyrian",
			"script_remarks": "inscribed",
			"script_type": "Cuneiform",
			"secondary_record": "no",
			"short_title": "Administrative Records 1",
			"title": "Textile Label",
			"vol_title": "Imperial Administrative Records, Part I: Palace and Temple Administration",
			"volume": "SAA 7"
		},
		"geometry": {
			"type": "Point",
			"coordinates": [43.151937,36.358684]
		}
	}, {
		"type": "Feature",
		"properties": {
			"designation": "SAA 07 101",
			"atae_lists": "atae/saao:P335563",
			"has_date": "unknown",
			"accession_no": "K 01598",
			"add_no": "ADD 0681",
			"archive": "099 - Miscellaneous",
			"cdli_accession_no": "K 01598",
			"cdli_id": "P335563",
			"cdli_museum_no": "BM —",
			"ch_name": "Textiles",
			"ch_no": "Ch. 9",
			"ch_num_name": "Ch. 9 (Textiles)",
			"collection": "British Museum, London, UK",
			"comp_wit": "witness",
			"credits": "Adapted from F. Mario Fales and J. Nicholas Postgate, Imperial Administrative Records, Part I: Palace and Temple Administration (State Archives of Assyria, 7), 1992. Lemmatised by Mikko Luukko, 2017, as part of the research programme of the Alexander von Humboldt Chair in the Ancient History of the Near and Middle East at LMU Munich (Karen Radner, Humboldt Professorship 2015. The annotated edition is released under the Creative Commons Attribution Share-Alike license 3.0.  Please cite this page as http://oracc.org/saao/P335563/.",
			"date_of_origin": "00.000.00.00",
			"display_name": "SAA 07 101",
			"edited_twice": "no",
			"genre": "Administrative Record",
			"id_text": "P335563",
			"language": "Akkadian",
			"material": "clay",
			"museum_no": "BM —",
			"object_type": "tablet",
			"oracc_header": "&amp;P335563 = SAA 07 101#project: saao/saa22#atf: lang nb#key: file=SAA22/SAA22.saa#key: musno=K 01598#key: cdli=K 01598#key: date=Esarhaddon or Ashurbanipal#key: writer=#key: preservation=",
			"period": "Neo-Assyrian",
			"please_cite": "Please cite this page as http://oracc.org/saao/P335563/.",
			"pleiades_id": "874621",
			"primary_publication": "ADD 0681",
			"project": "saa07",
			"proposed_date": "(ca. 674-650)",
			"provenience": "Kuyunjik (Nineveh)",
			"publication_history": "SAA 07, 101",
			"rework": "no",
			"ruler": "Esarhaddon or Ashurbanipal",
			"saa_attribution": "Adapted from F. Mario Fales and J. Nicholas Postgate, Imperial Administrative Records, Part I: Palace and Temple Administration (State Archives of Assyria, 7), 1992. Lemmatised by Mikko Luukko, 2017, as part of the research programme of the Alexander von Humboldt Chair in the Ancient History of the Near and Middle East at LMU Munich (Karen Radner, Humboldt Professorship 2015. The annotated edition is released under the Creative Commons Attribution Share-Alike license 3.0.",
			"saa_cdli_accession": "yes",
			"saa_cdli_id": "yes",
			"saa_cdli_museum": "yes",
			"saao_lists": "saao/saa07:P335563",
			"script": "Neo-Assyrian",
			"script_remarks": "inscribed",
			"script_type": "Cuneiform",
			"secondary_record": "no",
			"short_title": "Administrative Records 1",
			"title": "Textile Label",
			"vol_title": "Imperial Administrative Records, Part I: Palace and Temple Administration",
			"volume": "SAA 7"
		},
		"geometry": {
			"type": "Point",
			"coordinates": [43.151937,36.358684]
		}
	}, {
		"type": "Feature",
		"properties": {
			"designation": "SAA 07 102",
			"atae_lists": "atae/saao:P335565",
			"has_date": "unknown",
			"accession_no": "1883-01-18, 0567",
			"add_no": "ADD 0683",
			"archive": "099 - Miscellaneous",
			"cdli_accession_no": "1883-01-18, 0567",
			"cdli_id": "P335565",
			"cdli_museum_no": "BM —",
			"ch_name": "Textiles",
			"ch_no": "Ch. 9",
			"ch_num_name": "Ch. 9 (Textiles)",
			"collection": "British Museum, London, UK",
			"comp_wit": "witness",
			"credits": "Adapted from F. Mario Fales and J. Nicholas Postgate, Imperial Administrative Records, Part I: Palace and Temple Administration (State Archives of Assyria, 7), 1992. Lemmatised by Mikko Luukko, 2017, as part of the research programme of the Alexander von Humboldt Chair in the Ancient History of the Near and Middle East at LMU Munich (Karen Radner, Humboldt Professorship 2015. The annotated edition is released under the Creative Commons Attribution Share-Alike license 3.0.  Please cite this page as http://oracc.org/saao/P335565/.",
			"date_of_origin": "00.000.00.00",
			"display_name": "SAA 07 102",
			"edited_twice": "no",
			"genre": "Administrative Record",
			"id_text": "P335565",
			"language": "Akkadian",
			"material": "clay",
			"museum_no": "BM —",
			"object_type": "tablet",
			"oracc_header": "&amp;P335565 = SAA 07 102#project: saao/saa22#atf: lang nb#key: file=SAA22/SAA22.saa#key: musno=1883-01-18, 0567#key: cdli=1883-01-18, 0567#key: date=Esarhaddon or Ashurbanipal#key: writer=#key: preservation=",
			"period": "Neo-Assyrian",
			"please_cite": "Please cite this page as http://oracc.org/saao/P335565/.",
			"pleiades_id": "874621",
			"primary_publication": "ADD 0683",
			"project": "saa07",
			"proposed_date": "(ca. 674-650)",
			"provenience": "Kuyunjik (Nineveh)",
			"publication_history": "SAA 07, 102",
			"rework": "no",
			"ruler": "Esarhaddon or Ashurbanipal",
			"saa_attribution": "Adapted from F. Mario Fales and J. Nicholas Postgate, Imperial Administrative Records, Part I: Palace and Temple Administration (State Archives of Assyria, 7), 1992. Lemmatised by Mikko Luukko, 2017, as part of the research programme of the Alexander von Humboldt Chair in the Ancient History of the Near and Middle East at LMU Munich (Karen Radner, Humboldt Professorship 2015. The annotated edition is released under the Creative Commons Attribution Share-Alike license 3.0.",
			"saa_cdli_accession": "yes",
			"saa_cdli_id": "yes",
			"saa_cdli_museum": "yes",
			"saao_lists": "saao/saa07:P335565",
			"script": "Neo-Assyrian",
			"script_remarks": "inscribed",
			"script_type": "Cuneiform",
			"secondary_record": "no",
			"short_title": "Administrative Records 1",
			"title": "Textile Label",
			"vol_title": "Imperial Administrative Records, Part I: Palace and Temple Administration",
			"volume": "SAA 7"
		},
		"geometry": {
			"type": "Point",
			"coordinates": [43.151937,36.358684]
		}
	}, {
		"type": "Feature",
		"properties": {
			"designation": "SAA 07 103",
			"atae_lists": "atae/saao:P335788",
			"has_date": "unknown",
			"accession_no": "1881-02-04, 0318",
			"add_no": "ADD 0958",
			"archive": "099 - Miscellaneous",
			"cdli_accession_no": "1881-02-04, 0318",
			"cdli_id": "P335788",
			"cdli_museum_no": "BM —",
			"ch_name": "Textiles",
			"ch_no": "Ch. 9",
			"ch_num_name": "Ch. 9 (Textiles)",
			"collection": "British Museum, London, UK",
			"comp_wit": "witness",
			"credits": "Adapted from F. Mario Fales and J. Nicholas Postgate, Imperial Administrative Records, Part I: Palace and Temple Administration (State Archives of Assyria, 7), 1992. Lemmatised by Mikko Luukko, 2017, as part of the research programme of the Alexander von Humboldt Chair in the Ancient History of the Near and Middle East at LMU Munich (Karen Radner, Humboldt Professorship 2015. The annotated edition is released under the Creative Commons Attribution Share-Alike license 3.0.  Please cite this page as http://oracc.org/saao/P335788/.",
			"date_of_origin": "Sargon2.000.00.00",
			"display_name": "SAA 07 103",
			"edited_twice": "no",
			"genre": "Administrative Record",
			"id_text": "P335788",
			"language": "Akkadian",
			"material": "clay",
			"museum_no": "BM —",
			"object_type": "tablet",
			"oracc_header": "&amp;P335788 = SAA 07 103#project: saao/saa22#atf: lang nb#key: file=SAA22/SAA22.saa#key: musno=1881-02-04, 0318#key: cdli=1881-02-04, 0318#key: date=Sargon II#key: writer=#key: preservation=",
			"period": "Neo-Assyrian",
			"please_cite": "Please cite this page as http://oracc.org/saao/P335788/.",
			"pleiades_id": "874621",
			"primary_publication": "ADD 0958",
			"project": "saa07",
			"proposed_date": "(ca. 712-705)",
			"provenience": "Kuyunjik (Nineveh)",
			"publication_history": "SAA 07, 103",
			"regnal_dates": "721–705 BC",
			"rework": "no",
			"ruler": "Sargon II",
			"saa_attribution": "Adapted from F. Mario Fales and J. Nicholas Postgate, Imperial Administrative Records, Part I: Palace and Temple Administration (State Archives of Assyria, 7), 1992. Lemmatised by Mikko Luukko, 2017, as part of the research programme of the Alexander von Humboldt Chair in the Ancient History of the Near and Middle East at LMU Munich (Karen Radner, Humboldt Professorship 2015. The annotated edition is released under the Creative Commons Attribution Share-Alike license 3.0.",
			"saa_cdli_accession": "yes",
			"saa_cdli_id": "yes",
			"saa_cdli_museum": "yes",
			"saao_lists": "saao/saa07:P335788",
			"script": "Neo-Assyrian",
			"script_remarks": "inscribed",
			"script_type": "Cuneiform",
			"secondary_record": "no",
			"short_title": "Administrative Records 1",
			"title": "Textile Label",
			"vol_title": "Imperial Administrative Records, Part I: Palace and Temple Administration",
			"volume": "SAA 7"
		},
		"geometry": {
			"type": "Point",
			"coordinates": [43.151937,36.358684]
		}
	}, {
		"type": "Feature",
		"properties": {
			"designation": "SAA 07 104",
			"atae_lists": "atae/saao:P335802",
			"has_date": "unknown",
			"accession_no": "K 13179",
			"add_no": "ADD 0974",
			"archive": "099 - Miscellaneous",
			"cdli_accession_no": "K 13179",
			"cdli_id": "P335802",
			"cdli_museum_no": "BM —",
			"ch_name": "Textiles",
			"ch_no": "Ch. 9",
			"ch_num_name": "Ch. 9 (Textiles)",
			"collection": "British Museum, London, UK",
			"comp_wit": "witness",
			"credits": "Adapted from F. Mario Fales and J. Nicholas Postgate, Imperial Administrative Records, Part I: Palace and Temple Administration (State Archives of Assyria, 7), 1992. Lemmatised by Mikko Luukko, 2017, as part of the research programme of the Alexander von Humboldt Chair in the Ancient History of the Near and Middle East at LMU Munich (Karen Radner, Humboldt Professorship 2015. The annotated edition is released under the Creative Commons Attribution Share-Alike license 3.0.  Please cite this page as http://oracc.org/saao/P335802/.",
			"date_of_origin": "00.000.00.00",
			"display_name": "SAA 07 104",
			"edited_twice": "no",
			"genre": "Administrative Record",
			"id_text": "P335802",
			"language": "Akkadian",
			"material": "clay",
			"museum_no": "BM —",
			"object_type": "tablet",
			"oracc_header": "&amp;P335802 = SAA 07 104#project: saao/saa22#atf: lang nb#key: file=SAA22/SAA22.saa#key: musno=K 13179#key: cdli=K 13179#key: date=Esarhaddon or Ashurbanipal#key: writer=#key: preservation=",
			"period": "Neo-Assyrian",
			"please_cite": "Please cite this page as http://oracc.org/saao/P335802/.",
			"pleiades_id": "874621",
			"primary_publication": "ADD 0974",
			"project": "saa07",
			"proposed_date": "(ca. 674-650)",
			"provenience": "Kuyunjik (Nineveh)",
			"publication_history": "SAA 07, 104",
			"rework": "no",
			"ruler": "Esarhaddon or Ashurbanipal",
			"saa_attribution": "Adapted from F. Mario Fales and J. Nicholas Postgate, Imperial Administrative Records, Part I: Palace and Temple Administration (State Archives of Assyria, 7), 1992. Lemmatised by Mikko Luukko, 2017, as part of the research programme of the Alexander von Humboldt Chair in the Ancient History of the Near and Middle East at LMU Munich (Karen Radner, Humboldt Professorship 2015. The annotated edition is released under the Creative Commons Attribution Share-Alike license 3.0.",
			"saa_cdli_accession": "yes",
			"saa_cdli_id": "yes",
			"saa_cdli_museum": "yes",
			"saao_lists": "saao/saa07:P335802",
			"script": "Neo-Assyrian",
			"script_remarks": "inscribed",
			"script_type": "Cuneiform",
			"secondary_record": "no",
			"short_title": "Administrative Records 1",
			"title": "Textile Label",
			"vol_title": "Imperial Administrative Records, Part I: Palace and Temple Administration",
			"volume": "SAA 7"
		},
		"geometry": {
			"type": "Point",
			"coordinates": [43.151937,36.358684]
		}
	}, {
		"type": "Feature",
		"properties": {
			"designation": "SAA 07 105",
			"atae_lists": "atae/saao:P336641",
			"has_date": "unknown",
			"accession_no": "Rm 2, 275",
			"archive": "099 - Miscellaneous",
			"cdli_accession_no": "Rm 2, 275",
			"cdli_id": "P336641",
			"cdli_museum_no": "BM —",
			"ch_name": "Textiles",
			"ch_no": "Ch. 9",
			"ch_num_name": "Ch. 9 (Textiles)",
			"collection": "British Museum, London, UK",
			"comp_wit": "witness",
			"credits": "Adapted from F. Mario Fales and J. Nicholas Postgate, Imperial Administrative Records, Part I: Palace and Temple Administration (State Archives of Assyria, 7), 1992. Lemmatised by Mikko Luukko, 2017, as part of the research programme of the Alexander von Humboldt Chair in the Ancient History of the Near and Middle East at LMU Munich (Karen Radner, Humboldt Professorship 2015. The annotated edition is released under the Creative Commons Attribution Share-Alike license 3.0.  Please cite this page as http://oracc.org/saao/P336641/.",
			"date_of_origin": "00.000.00.00",
			"display_name": "SAA 07 105",
			"edited_twice": "no",
			"genre": "Administrative Record",
			"id_text": "P336641",
			"language": "Akkadian",
			"material": "clay",
			"museum_no": "BM —",
			"object_type": "tablet",
			"oracc_header": "&amp;P336641 = SAA 07 105#project: saao/saa22#atf: lang nb#key: file=SAA22/SAA22.saa#key: musno=Rm 2, 275#key: cdli=Rm 2, 275#key: date=Esarhaddon or Ashurbanipal#key: writer=#key: preservation=",
			"period": "Neo-Assyrian",
			"please_cite": "Please cite this page as http://oracc.org/saao/P336641/.",
			"pleiades_id": "874621",
			"project": "saa07",
			"proposed_date": "(ca. 674-650)",
			"provenience": "Kuyunjik (Nineveh)",
			"publication_history": "SAA 07, 105",
			"rework": "no",
			"ruler": "Esarhaddon or Ashurbanipal",
			"saa_attribution": "Adapted from F. Mario Fales and J. Nicholas Postgate, Imperial Administrative Records, Part I: Palace and Temple Administration (State Archives of Assyria, 7), 1992. Lemmatised by Mikko Luukko, 2017, as part of the research programme of the Alexander von Humboldt Chair in the Ancient History of the Near and Middle East at LMU Munich (Karen Radner, Humboldt Professorship 2015. The annotated edition is released under the Creative Commons Attribution Share-Alike license 3.0.",
			"saa_cdli_accession": "yes",
			"saa_cdli_id": "yes",
			"saa_cdli_museum": "yes",
			"saao_lists": "saao/saa07:P336641",
			"script": "Neo-Assyrian",
			"script_remarks": "inscribed",
			"script_type": "Cuneiform",
			"secondary_record": "no",
			"short_title": "Administrative Records 1",
			"title": "Textile Label",
			"vol_title": "Imperial Administrative Records, Part I: Palace and Temple Administration",
			"volume": "SAA 7"
		},
		"geometry": {
			"type": "Point",
			"coordinates": [43.151937,36.358684]
		}
	}, {
		"type": "Feature",
		"properties": {
			"designation": "SAA 07 106",
			"atae_lists": "atae/saao:P335662",
			"has_date": "unknown",
			"accession_no": "Rm 2, 255",
			"add_no": "ADD 0817",
			"archive": "099 - Miscellaneous",
			"cdli_accession_no": "Rm 2, 255",
			"cdli_id": "P335662",
			"cdli_museum_no": "BM —",
			"ch_name": "Textiles",
			"ch_no": "Ch. 9",
			"ch_num_name": "Ch. 9 (Textiles)",
			"collection": "British Museum, London, UK",
			"comp_wit": "witness",
			"credits": "Adapted from F. Mario Fales and J. Nicholas Postgate, Imperial Administrative Records, Part I: Palace and Temple Administration (State Archives of Assyria, 7), 1992. Lemmatised by Mikko Luukko, 2017, as part of the research programme of the Alexander von Humboldt Chair in the Ancient History of the Near and Middle East at LMU Munich (Karen Radner, Humboldt Professorship 2015. The annotated edition is released under the Creative Commons Attribution Share-Alike license 3.0.  Please cite this page as http://oracc.org/saao/P335662/.",
			"date_of_origin": "00.000.00.00",
			"display_name": "SAA 07 106",
			"edited_twice": "no",
			"genre": "Administrative Record",
			"id_text": "P335662",
			"language": "Akkadian",
			"material": "clay",
			"museum_no": "BM —",
			"object_type": "tablet",
			"oracc_header": "&amp;P335662 = SAA 07 106#project: saao/saa22#atf: lang nb#key: file=SAA22/SAA22.saa#key: musno=Rm 2, 255#key: cdli=Rm 2, 255#key: date=Esarhaddon or Ashurbanipal#key: writer=#key: preservation=",
			"period": "Neo-Assyrian",
			"please_cite": "Please cite this page as http://oracc.org/saao/P335662/.",
			"pleiades_id": "874621",
			"primary_publication": "ADD 0817",
			"project": "saa07",
			"proposed_date": "(ca. 674-650)",
			"provenience": "Kuyunjik (Nineveh)",
			"publication_history": "SAA 07, 106",
			"rework": "no",
			"ruler": "Esarhaddon or Ashurbanipal",
			"saa_attribution": "Adapted from F. Mario Fales and J. Nicholas Postgate, Imperial Administrative Records, Part I: Palace and Temple Administration (State Archives of Assyria, 7), 1992. Lemmatised by Mikko Luukko, 2017, as part of the research programme of the Alexander von Humboldt Chair in the Ancient History of the Near and Middle East at LMU Munich (Karen Radner, Humboldt Professorship 2015. The annotated edition is released under the Creative Commons Attribution Share-Alike license 3.0.",
			"saa_cdli_accession": "yes",
			"saa_cdli_id": "yes",
			"saa_cdli_museum": "yes",
			"saao_lists": "saao/saa07:P335662",
			"script": "Neo-Assyrian",
			"script_remarks": "inscribed",
			"script_type": "Cuneiform",
			"secondary_record": "no",
			"short_title": "Administrative Records 1",
			"title": "Textile Label",
			"vol_title": "Imperial Administrative Records, Part I: Palace and Temple Administration",
			"volume": "SAA 7"
		},
		"geometry": {
			"type": "Point",
			"coordinates": [43.151937,36.358684]
		}
	}, {
		"type": "Feature",
		"properties": {
			"designation": "SAA 07 107",
			"atae_lists": "atae/saao:P335803",
			"has_date": "unknown",
			"accession_no": "K 11872",
			"add_no": "ADD 0975",
			"archive": "099 - Miscellaneous",
			"cdli_accession_no": "K 11872",
			"cdli_id": "P335803",
			"cdli_museum_no": "BM —",
			"ch_name": "Textiles",
			"ch_no": "Ch. 9",
			"ch_num_name": "Ch. 9 (Textiles)",
			"collection": "British Museum, London, UK",
			"comp_wit": "witness",
			"credits": "Adapted from F. Mario Fales and J. Nicholas Postgate, Imperial Administrative Records, Part I: Palace and Temple Administration (State Archives of Assyria, 7), 1992. Lemmatised by Mikko Luukko, 2017, as part of the research programme of the Alexander von Humboldt Chair in the Ancient History of the Near and Middle East at LMU Munich (Karen Radner, Humboldt Professorship 2015. The annotated edition is released under the Creative Commons Attribution Share-Alike license 3.0.  Please cite this page as http://oracc.org/saao/P335803/.",
			"date_of_origin": "00.000.00.00",
			"display_name": "SAA 07 107",
			"edited_twice": "no",
			"genre": "Administrative Record",
			"id_text": "P335803",
			"language": "Akkadian",
			"material": "clay",
			"museum_no": "BM —",
			"object_type": "tablet",
			"oracc_header": "&amp;P335803 = SAA 07 107#project: saao/saa22#atf: lang nb#key: file=SAA22/SAA22.saa#key: musno=K 11872#key: cdli=K 11872#key: date=Esarhaddon or Ashurbanipal#key: writer=#key: preservation=",
			"period": "Neo-Assyrian",
			"please_cite": "Please cite this page as http://oracc.org/saao/P335803/.",
			"pleiades_id": "874621",
			"primary_publication": "ADD 0975",
			"project": "saa07",
			"proposed_date": "(ca. 674-650)",
			"provenience": "Kuyunjik (Nineveh)",
			"publication_history": "SAA 07, 107",
			"rework": "no",
			"ruler": "Esarhaddon or Ashurbanipal",
			"saa_attribution": "Adapted from F. Mario Fales and J. Nicholas Postgate, Imperial Administrative Records, Part I: Palace and Temple Administration (State Archives of Assyria, 7), 1992. Lemmatised by Mikko Luukko, 2017, as part of the research programme of the Alexander von Humboldt Chair in the Ancient History of the Near and Middle East at LMU Munich (Karen Radner, Humboldt Professorship 2015. The annotated edition is released under the Creative Commons Attribution Share-Alike license 3.0.",
			"saa_cdli_accession": "yes",
			"saa_cdli_id": "yes",
			"saa_cdli_museum": "yes",
			"saao_lists": "saao/saa07:P335803",
			"script": "Neo-Assyrian",
			"script_remarks": "inscribed",
			"script_type": "Cuneiform",
			"secondary_record": "no",
			"short_title": "Administrative Records 1",
			"title": "List of Textiles",
			"vol_title": "Imperial Administrative Records, Part I: Palace and Temple Administration",
			"volume": "SAA 7"
		},
		"geometry": {
			"type": "Point",
			"coordinates": [43.151937,36.358684]
		}
	}, {
		"type": "Feature",
		"properties": {
			"designation": "SAA 07 108",
			"atae_lists": "atae/saao:P335921",
			"has_date": "unknown",
			"accession_no": "1882-05-22, 0513",
			"add_no": "ADD 1124",
			"archive": "099 - Miscellaneous",
			"cdli_accession_no": "1882-05-22, 0513",
			"cdli_id": "P335921",
			"cdli_museum_no": "BM —",
			"ch_name": "Textiles",
			"ch_no": "Ch. 9",
			"ch_num_name": "Ch. 9 (Textiles)",
			"collection": "British Museum, London, UK",
			"comp_wit": "witness",
			"credits": "Adapted from F. Mario Fales and J. Nicholas Postgate, Imperial Administrative Records, Part I: Palace and Temple Administration (State Archives of Assyria, 7), 1992. Lemmatised by Mikko Luukko, 2017, as part of the research programme of the Alexander von Humboldt Chair in the Ancient History of the Near and Middle East at LMU Munich (Karen Radner, Humboldt Professorship 2015. The annotated edition is released under the Creative Commons Attribution Share-Alike license 3.0.  Please cite this page as http://oracc.org/saao/P335921/.",
			"date_of_origin": "00.000.00.00",
			"display_name": "SAA 07 108",
			"edited_twice": "no",
			"genre": "Administrative Record",
			"id_text": "P335921",
			"language": "Akkadian",
			"material": "clay",
			"museum_no": "BM —",
			"object_type": "tablet",
			"oracc_header": "&amp;P335921 = SAA 07 108#project: saao/saa22#atf: lang nb#key: file=SAA22/SAA22.saa#key: musno=1882-05-22, 0513#key: cdli=1882-05-22, 0513#key: date=Esarhaddon or Ashurbanipal#key: writer=#key: preservation=",
			"period": "Neo-Assyrian",
			"please_cite": "Please cite this page as http://oracc.org/saao/P335921/.",
			"pleiades_id": "874621",
			"primary_publication": "ADD 1124",
			"project": "saa07",
			"proposed_date": "(ca. 674-650)",
			"provenience": "Kuyunjik (Nineveh)",
			"publication_history": "SAA 07, 108",
			"rework": "no",
			"ruler": "Esarhaddon or Ashurbanipal",
			"saa_attribution": "Adapted from F. Mario Fales and J. Nicholas Postgate, Imperial Administrative Records, Part I: Palace and Temple Administration (State Archives of Assyria, 7), 1992. Lemmatised by Mikko Luukko, 2017, as part of the research programme of the Alexander von Humboldt Chair in the Ancient History of the Near and Middle East at LMU Munich (Karen Radner, Humboldt Professorship 2015. The annotated edition is released under the Creative Commons Attribution Share-Alike license 3.0.",
			"saa_cdli_accession": "yes",
			"saa_cdli_id": "yes",
			"saa_cdli_museum": "yes",
			"saao_lists": "saao/saa07:P335921",
			"script": "Neo-Assyrian",
			"script_remarks": "inscribed",
			"script_type": "Cuneiform",
			"secondary_record": "no",
			"short_title": "Administrative Records 1",
			"title": "List of Textiles",
			"vol_title": "Imperial Administrative Records, Part I: Palace and Temple Administration",
			"volume": "SAA 7"
		},
		"geometry": {
			"type": "Point",
			"coordinates": [43.151937,36.358684]
		}
	}, {
		"type": "Feature",
		"properties": {
			"designation": "SAA 07 109",
			"atae_lists": "atae/saao:P335801",
			"has_date": "unknown",
			"accession_no": "Sm 0360 + Sm 0434",
			"add_no": "ADD 0973",
			"archive": "099 - Miscellaneous",
			"cdli_accession_no": "Sm 0360 + Sm 0434",
			"cdli_id": "P335801",
			"cdli_museum_no": "BM —",
			"ch_name": "Textiles",
			"ch_no": "Ch. 9",
			"ch_num_name": "Ch. 9 (Textiles)",
			"collection": "British Museum, London, UK",
			"comp_wit": "witness",
			"credits": "Adapted from F. Mario Fales and J. Nicholas Postgate, Imperial Administrative Records, Part I: Palace and Temple Administration (State Archives of Assyria, 7), 1992. Lemmatised by Mikko Luukko, 2017, as part of the research programme of the Alexander von Humboldt Chair in the Ancient History of the Near and Middle East at LMU Munich (Karen Radner, Humboldt Professorship 2015. The annotated edition is released under the Creative Commons Attribution Share-Alike license 3.0.  Please cite this page as http://oracc.org/saao/P335801/.",
			"date_of_origin": "00.000.00.00",
			"display_name": "SAA 07 109",
			"edited_twice": "no",
			"genre": "Administrative Record",
			"id_text": "P335801",
			"language": "Akkadian",
			"material": "clay",
			"museum_no": "BM —",
			"object_type": "tablet",
			"oracc_header": "&amp;P335801 = SAA 07 109#project: saao/saa22#atf: lang nb#key: file=SAA22/SAA22.saa#key: musno=Sm 0360 + Sm 0434#key: cdli=Sm 0360 + Sm 0434#key: date=Esarhaddon or Ashurbanipal#key: writer=#key: preservation=",
			"period": "Neo-Assyrian",
			"please_cite": "Please cite this page as http://oracc.org/saao/P335801/.",
			"pleiades_id": "874621",
			"primary_publication": "ADD 0973",
			"project": "saa07",
			"proposed_date": "(ca. 674-650)",
			"provenience": "Kuyunjik (Nineveh)",
			"publication_history": "SAA 07, 109",
			"rework": "no",
			"ruler": "Esarhaddon or Ashurbanipal",
			"saa_attribution": "Adapted from F. Mario Fales and J. Nicholas Postgate, Imperial Administrative Records, Part I: Palace and Temple Administration (State Archives of Assyria, 7), 1992. Lemmatised by Mikko Luukko, 2017, as part of the research programme of the Alexander von Humboldt Chair in the Ancient History of the Near and Middle East at LMU Munich (Karen Radner, Humboldt Professorship 2015. The annotated edition is released under the Creative Commons Attribution Share-Alike license 3.0.",
			"saa_cdli_accession": "yes",
			"saa_cdli_id": "yes",
			"saa_cdli_museum": "yes",
			"saao_lists": "saao/saa07:P335801",
			"script": "Neo-Assyrian",
			"script_remarks": "inscribed",
			"script_type": "Cuneiform",
			"secondary_record": "no",
			"short_title": "Administrative Records 1",
			"title": "List of Textiles",
			"vol_title": "Imperial Administrative Records, Part I: Palace and Temple Administration",
			"volume": "SAA 7"
		},
		"geometry": {
			"type": "Point",
			"coordinates": [43.151937,36.358684]
		}
	}, {
		"type": "Feature",
		"properties": {
			"designation": "SAA 07 110",
			"atae_lists": "atae/saao:P335784",
			"has_date": "no",
			"accession_no": "K 00827",
			"add_no": "ADD 0954",
			"archive": "099 - Miscellaneous",
			"cdli_accession_no": "K 00827",
			"cdli_id": "P335784",
			"cdli_museum_no": "BM —",
			"ch_name": "Textiles",
			"ch_no": "Ch. 9",
			"ch_num_name": "Ch. 9 (Textiles)",
			"collection": "British Museum, London, UK",
			"comp_wit": "witness",
			"credits": "Adapted from F. Mario Fales and J. Nicholas Postgate, Imperial Administrative Records, Part I: Palace and Temple Administration (State Archives of Assyria, 7), 1992. Lemmatised by Mikko Luukko, 2017, as part of the research programme of the Alexander von Humboldt Chair in the Ancient History of the Near and Middle East at LMU Munich (Karen Radner, Humboldt Professorship 2015. The annotated edition is released under the Creative Commons Attribution Share-Alike license 3.0.  Please cite this page as http://oracc.org/saao/P335784/.",
			"date_of_origin": "00.000.00.00",
			"display_name": "SAA 07 110",
			"edited_twice": "no",
			"genre": "Administrative Record",
			"id_text": "P335784",
			"language": "Akkadian",
			"material": "clay",
			"museum_no": "BM —",
			"object_type": "tablet",
			"oracc_header": "&amp;P335784 = SAA 07 110#project: saao/saa22#atf: lang nb#key: file=SAA22/SAA22.saa#key: musno=K 00827#key: cdli=K 00827#key: date=Esarhaddon or Ashurbanipal#key: writer=#key: preservation=",
			"period": "Neo-Assyrian",
			"please_cite": "Please cite this page as http://oracc.org/saao/P335784/.",
			"pleiades_id": "874621",
			"primary_publication": "ADD 0954",
			"project": "saa07",
			"proposed_date": "(ca. 674-650)",
			"provenience": "Kuyunjik (Nineveh)",
			"publication_history": "SAA 07, 110",
			"rework": "no",
			"ruler": "Esarhaddon or Ashurbanipal",
			"saa_attribution": "Adapted from F. Mario Fales and J. Nicholas Postgate, Imperial Administrative Records, Part I: Palace and Temple Administration (State Archives of Assyria, 7), 1992. Lemmatised by Mikko Luukko, 2017, as part of the research programme of the Alexander von Humboldt Chair in the Ancient History of the Near and Middle East at LMU Munich (Karen Radner, Humboldt Professorship 2015. The annotated edition is released under the Creative Commons Attribution Share-Alike license 3.0.",
			"saa_cdli_accession": "yes",
			"saa_cdli_id": "yes",
			"saa_cdli_museum": "yes",
			"saao_lists": "saao/saa07:P335784",
			"script": "Neo-Assyrian",
			"script_remarks": "inscribed",
			"script_type": "Cuneiform",
			"secondary_record": "no",
			"short_title": "Administrative Records 1",
			"title": "Record of Red and Black Wool",
			"vol_title": "Imperial Administrative Records, Part I: Palace and Temple Administration",
			"volume": "SAA 7"
		},
		"geometry": {
			"type": "Point",
			"coordinates": [43.151937,36.358684]
		}
	}, {
		"type": "Feature",
		"properties": {
			"designation": "SAA 07 111",
			"atae_lists": "atae/saao:P335785",
			"has_date": "no",
			"accession_no": "K 11468",
			"add_no": "ADD 0955",
			"archive": "099 - Miscellaneous",
			"cdli_accession_no": "K 11468",
			"cdli_id": "P335785",
			"cdli_museum_no": "BM —",
			"ch_name": "Textiles",
			"ch_no": "Ch. 9",
			"ch_num_name": "Ch. 9 (Textiles)",
			"collection": "British Museum, London, UK",
			"comp_wit": "witness",
			"credits": "Adapted from F. Mario Fales and J. Nicholas Postgate, Imperial Administrative Records, Part I: Palace and Temple Administration (State Archives of Assyria, 7), 1992. Lemmatised by Mikko Luukko, 2017, as part of the research programme of the Alexander von Humboldt Chair in the Ancient History of the Near and Middle East at LMU Munich (Karen Radner, Humboldt Professorship 2015. The annotated edition is released under the Creative Commons Attribution Share-Alike license 3.0.  Please cite this page as http://oracc.org/saao/P335785/.",
			"date_of_origin": "00.000.00.00",
			"display_name": "SAA 07 111",
			"edited_twice": "no",
			"genre": "Administrative Record",
			"id_text": "P335785",
			"language": "Akkadian",
			"material": "clay",
			"museum_no": "BM —",
			"object_type": "tablet",
			"oracc_header": "&amp;P335785 = SAA 07 111#project: saao/saa22#atf: lang nb#key: file=SAA22/SAA22.saa#key: musno=K 11468#key: cdli=K 11468#key: date=Esarhaddon or Ashurbanipal#key: writer=#key: preservation=",
			"period": "Neo-Assyrian",
			"please_cite": "Please cite this page as http://oracc.org/saao/P335785/.",
			"pleiades_id": "874621",
			"primary_publication": "ADD 0955",
			"project": "saa07",
			"proposed_date": "(ca. 674-650)",
			"provenience": "Kuyunjik (Nineveh)",
			"publication_history": "SAA 07, 111",
			"rework": "no",
			"ruler": "Esarhaddon or Ashurbanipal",
			"saa_attribution": "Adapted from F. Mario Fales and J. Nicholas Postgate, Imperial Administrative Records, Part I: Palace and Temple Administration (State Archives of Assyria, 7), 1992. Lemmatised by Mikko Luukko, 2017, as part of the research programme of the Alexander von Humboldt Chair in the Ancient History of the Near and Middle East at LMU Munich (Karen Radner, Humboldt Professorship 2015. The annotated edition is released under the Creative Commons Attribution Share-Alike license 3.0.",
			"saa_cdli_accession": "yes",
			"saa_cdli_id": "yes",
			"saa_cdli_museum": "yes",
			"saao_lists": "saao/saa07:P335785",
			"script": "Neo-Assyrian",
			"script_remarks": "inscribed",
			"script_type": "Cuneiform",
			"secondary_record": "no",
			"short_title": "Administrative Records 1",
			"title": "Record of Wool and Flax",
			"vol_title": "Imperial Administrative Records, Part I: Palace and Temple Administration",
			"volume": "SAA 7"
		},
		"geometry": {
			"type": "Point",
			"coordinates": [43.151937,36.358684]
		}
	}, {
		"type": "Feature",
		"properties": {
			"designation": "SAA 07 112",
			"atae_lists": "atae/saao:P335562",
			"has_date": "no",
			"accession_no": "K 00440",
			"add_no": "ADD 0680",
			"archive": "099 - Miscellaneous",
			"cdli_accession_no": "K 00440",
			"cdli_id": "P335562",
			"cdli_museum_no": "BM —",
			"ch_name": "Textiles",
			"ch_no": "Ch. 9",
			"ch_num_name": "Ch. 9 (Textiles)",
			"collection": "British Museum, London, UK",
			"comp_wit": "witness",
			"credits": "Adapted from F. Mario Fales and J. Nicholas Postgate, Imperial Administrative Records, Part I: Palace and Temple Administration (State Archives of Assyria, 7), 1992. Lemmatised by Mikko Luukko, 2017, as part of the research programme of the Alexander von Humboldt Chair in the Ancient History of the Near and Middle East at LMU Munich (Karen Radner, Humboldt Professorship 2015. The annotated edition is released under the Creative Commons Attribution Share-Alike license 3.0.  Please cite this page as http://oracc.org/saao/P335562/.",
			"date_of_origin": "00.000.00.00",
			"display_name": "SAA 07 112",
			"edited_twice": "no",
			"genre": "Administrative Record",
			"id_text": "P335562",
			"language": "Akkadian",
			"material": "clay",
			"museum_no": "BM —",
			"object_type": "tablet",
			"oracc_header": "&amp;P335562 = SAA 07 112#project: saao/saa22#atf: lang nb#key: file=SAA22/SAA22.saa#key: musno=K 00440#key: cdli=K 00440#key: date=Esarhaddon or Ashurbanipal#key: writer=#key: preservation=",
			"period": "Neo-Assyrian",
			"please_cite": "Please cite this page as http://oracc.org/saao/P335562/.",
			"pleiades_id": "874621",
			"primary_publication": "ADD 0680",
			"project": "saa07",
			"proposed_date": "(ca. 674-650)",
			"provenience": "Kuyunjik (Nineveh)",
			"publication_history": "SAA 07, 112",
			"rework": "no",
			"ruler": "Esarhaddon or Ashurbanipal",
			"saa_attribution": "Adapted from F. Mario Fales and J. Nicholas Postgate, Imperial Administrative Records, Part I: Palace and Temple Administration (State Archives of Assyria, 7), 1992. Lemmatised by Mikko Luukko, 2017, as part of the research programme of the Alexander von Humboldt Chair in the Ancient History of the Near and Middle East at LMU Munich (Karen Radner, Humboldt Professorship 2015. The annotated edition is released under the Creative Commons Attribution Share-Alike license 3.0.",
			"saa_cdli_accession": "yes",
			"saa_cdli_id": "yes",
			"saa_cdli_museum": "yes",
			"saao_lists": "saao/saa07:P335562",
			"script": "Neo-Assyrian",
			"script_remarks": "inscribed",
			"script_type": "Cuneiform",
			"secondary_record": "no",
			"short_title": "Administrative Records 1",
			"title": "Memorandum re Clothing",
			"vol_title": "Imperial Administrative Records, Part I: Palace and Temple Administration",
			"volume": "SAA 7"
		},
		"geometry": {
			"type": "Point",
			"coordinates": [43.151937,36.358684]
		}
	}, {
		"type": "Feature",
		"properties": {
			"designation": "SAA 07 113",
			"atae_lists": "atae/saao:P335900",
			"has_date": "unknown",
			"accession_no": "1881-02-04, 0463",
			"add_no": "ADD 1090",
			"archive": "099 - Miscellaneous",
			"cdli_accession_no": "1881-02-04, 0463",
			"cdli_id": "P335900",
			"cdli_museum_no": "BM —",
			"ch_name": "Textiles",
			"ch_no": "Ch. 9",
			"ch_num_name": "Ch. 9 (Textiles)",
			"collection": "British Museum, London, UK",
			"comp_wit": "witness",
			"credits": "Adapted from F. Mario Fales and J. Nicholas Postgate, Imperial Administrative Records, Part I: Palace and Temple Administration (State Archives of Assyria, 7), 1992. Lemmatised by Mikko Luukko, 2017, as part of the research programme of the Alexander von Humboldt Chair in the Ancient History of the Near and Middle East at LMU Munich (Karen Radner, Humboldt Professorship 2015. The annotated edition is released under the Creative Commons Attribution Share-Alike license 3.0.  Please cite this page as http://oracc.org/saao/P335900/.",
			"date_of_origin": "00.000.00.00",
			"display_name": "SAA 07 113",
			"edited_twice": "no",
			"genre": "Administrative Record",
			"id_text": "P335900",
			"language": "Akkadian",
			"material": "clay",
			"museum_no": "BM —",
			"object_type": "tablet",
			"oracc_header": "&amp;P335900 = SAA 07 113#project: saao/saa22#atf: lang nb#key: file=SAA22/SAA22.saa#key: musno=1881-02-04, 0463#key: cdli=1881-02-04, 0463#key: date=Esarhaddon or Ashurbanipal#key: writer=#key: preservation=",
			"period": "Neo-Assyrian",
			"please_cite": "Please cite this page as http://oracc.org/saao/P335900/.",
			"pleiades_id": "874621",
			"primary_publication": "ADD 1090",
			"project": "saa07",
			"proposed_date": "(ca. 674-650)",
			"provenience": "Kuyunjik (Nineveh)",
			"publication_history": "SAA 07, 113",
			"rework": "no",
			"ruler": "Esarhaddon or Ashurbanipal",
			"saa_attribution": "Adapted from F. Mario Fales and J. Nicholas Postgate, Imperial Administrative Records, Part I: Palace and Temple Administration (State Archives of Assyria, 7), 1992. Lemmatised by Mikko Luukko, 2017, as part of the research programme of the Alexander von Humboldt Chair in the Ancient History of the Near and Middle East at LMU Munich (Karen Radner, Humboldt Professorship 2015. The annotated edition is released under the Creative Commons Attribution Share-Alike license 3.0.",
			"saa_cdli_accession": "yes",
			"saa_cdli_id": "yes",
			"saa_cdli_museum": "yes",
			"saao_lists": "saao/saa07:P335900",
			"script": "Neo-Assyrian",
			"script_remarks": "inscribed",
			"script_type": "Cuneiform",
			"secondary_record": "no",
			"short_title": "Administrative Records 1",
			"title": "Memorandum re Clothing",
			"vol_title": "Imperial Administrative Records, Part I: Palace and Temple Administration",
			"volume": "SAA 7"
		},
		"geometry": {
			"type": "Point",
			"coordinates": [43.151937,36.358684]
		}
	}, {
		"type": "Feature",
		"properties": {
			"designation": "SAA 07 114",
			"atae_lists": "atae/saao:P336214",
			"has_date": "unknown",
			"accession_no": "K 15121",
			"archive": "099 - Miscellaneous",
			"cdli_accession_no": "K 15121",
			"cdli_id": "P336214",
			"cdli_museum_no": "BM —",
			"ch_name": "Textiles",
			"ch_no": "Ch. 9",
			"ch_num_name": "Ch. 9 (Textiles)",
			"collection": "British Museum, London, UK",
			"comp_wit": "witness",
			"credits": "Adapted from F. Mario Fales and J. Nicholas Postgate, Imperial Administrative Records, Part I: Palace and Temple Administration (State Archives of Assyria, 7), 1992. Lemmatised by Mikko Luukko, 2017, as part of the research programme of the Alexander von Humboldt Chair in the Ancient History of the Near and Middle East at LMU Munich (Karen Radner, Humboldt Professorship 2015. The annotated edition is released under the Creative Commons Attribution Share-Alike license 3.0.  Please cite this page as http://oracc.org/saao/P336214/.",
			"date_of_origin": "00.000.00.00",
			"display_name": "SAA 07 114",
			"edited_twice": "no",
			"genre": "Administrative Record",
			"id_text": "P336214",
			"language": "Akkadian",
			"material": "clay",
			"museum_no": "BM —",
			"object_type": "tablet",
			"oracc_header": "&amp;P336214 = SAA 07 114#project: saao/saa22#atf: lang nb#key: file=SAA22/SAA22.saa#key: musno=K 15121#key: cdli=K 15121#key: date=Esarhaddon or Ashurbanipal#key: writer=#key: preservation=",
			"other_pub": "Iraq 32 30",
			"period": "Neo-Assyrian",
			"please_cite": "Please cite this page as http://oracc.org/saao/P336214/.",
			"pleiades_id": "874621",
			"primary_publication": "Iraq 32 30",
			"project": "saa07",
			"proposed_date": "(ca. 674-650)",
			"provenience": "Kuyunjik (Nineveh)",
			"publication_history": "SAA 07, 114",
			"rework": "no",
			"ruler": "Esarhaddon or Ashurbanipal",
			"saa_attribution": "Adapted from F. Mario Fales and J. Nicholas Postgate, Imperial Administrative Records, Part I: Palace and Temple Administration (State Archives of Assyria, 7), 1992. Lemmatised by Mikko Luukko, 2017, as part of the research programme of the Alexander von Humboldt Chair in the Ancient History of the Near and Middle East at LMU Munich (Karen Radner, Humboldt Professorship 2015. The annotated edition is released under the Creative Commons Attribution Share-Alike license 3.0.",
			"saa_cdli_accession": "yes",
			"saa_cdli_id": "yes",
			"saa_cdli_museum": "yes",
			"saao_lists": "saao/saa07:P336214",
			"script": "Neo-Assyrian",
			"script_remarks": "inscribed",
			"script_type": "Cuneiform",
			"secondary_record": "no",
			"short_title": "Administrative Records 1",
			"title": "Record of Textiles",
			"vol_title": "Imperial Administrative Records, Part I: Palace and Temple Administration",
			"volume": "SAA 7"
		},
		"geometry": {
			"type": "Point",
			"coordinates": [43.151937,36.358684]
		}
	}, {
		"type": "Feature",
		"properties": {
			"designation": "SAA 07 115",
			"atae_lists": "atae/saao:P335783",
			"has_date": "no",
			"accession_no": "K 01449",
			"add_no": "ADD 0953",
			"archive": "099 - Miscellaneous",
			"cdli_accession_no": "K 01449",
			"cdli_id": "P335783",
			"cdli_museum_no": "BM —",
			"ch_name": "Textiles",
			"ch_no": "Ch. 9",
			"ch_num_name": "Ch. 9 (Textiles)",
			"collection": "British Museum, London, UK",
			"comp_wit": "witness",
			"credits": "Adapted from F. Mario Fales and J. Nicholas Postgate, Imperial Administrative Records, Part I: Palace and Temple Administration (State Archives of Assyria, 7), 1992. Lemmatised by Mikko Luukko, 2017, as part of the research programme of the Alexander von Humboldt Chair in the Ancient History of the Near and Middle East at LMU Munich (Karen Radner, Humboldt Professorship 2015. The annotated edition is released under the Creative Commons Attribution Share-Alike license 3.0.  Please cite this page as http://oracc.org/saao/P335783/.",
			"date_of_origin": "00.000.00.00",
			"display_name": "SAA 07 115",
			"edited_twice": "no",
			"genre": "Administrative Record",
			"id_text": "P335783",
			"language": "Akkadian",
			"material": "clay",
			"museum_no": "BM —",
			"object_type": "tablet",
			"oracc_header": "&amp;P335783 = SAA 07 115#project: saao/saa22#atf: lang nb#key: file=SAA22/SAA22.saa#key: musno=K 01449#key: cdli=K 01449#key: date=Esarhaddon or Ashurbanipal#key: writer=#key: preservation=",
			"period": "Neo-Assyrian",
			"please_cite": "Please cite this page as http://oracc.org/saao/P335783/.",
			"pleiades_id": "874621",
			"primary_publication": "ADD 0953",
			"project": "saa07",
			"proposed_date": "(ca. 674-650)",
			"provenience": "Kuyunjik (Nineveh)",
			"publication_history": "SAA 07, 115",
			"rework": "no",
			"ruler": "Esarhaddon or Ashurbanipal",
			"saa_attribution": "Adapted from F. Mario Fales and J. Nicholas Postgate, Imperial Administrative Records, Part I: Palace and Temple Administration (State Archives of Assyria, 7), 1992. Lemmatised by Mikko Luukko, 2017, as part of the research programme of the Alexander von Humboldt Chair in the Ancient History of the Near and Middle East at LMU Munich (Karen Radner, Humboldt Professorship 2015. The annotated edition is released under the Creative Commons Attribution Share-Alike license 3.0.",
			"saa_cdli_accession": "yes",
			"saa_cdli_id": "yes",
			"saa_cdli_museum": "yes",
			"saao_lists": "saao/saa07:P335783",
			"script": "Neo-Assyrian",
			"script_remarks": "inscribed",
			"script_type": "Cuneiform",
			"secondary_record": "no",
			"short_title": "Administrative Records 1",
			"title": "Account of Flax and Wool",
			"vol_title": "Imperial Administrative Records, Part I: Palace and Temple Administration",
			"volume": "SAA 7"
		},
		"geometry": {
			"type": "Point",
			"coordinates": [43.151937,36.358684]
		}
	}, {
		"type": "Feature",
		"properties": {
			"designation": "SAA 07 116",
			"atae_lists": "atae/saao:P335781",
			"has_date": "unknown",
			"accession_no": "K 00276",
			"add_no": "ADD 0951",
			"archive": "099 - Miscellaneous",
			"cdli_accession_no": "K 00276",
			"cdli_id": "P335781",
			"cdli_museum_no": "BM —",
			"ch_name": "Textiles",
			"ch_no": "Ch. 9",
			"ch_num_name": "Ch. 9 (Textiles)",
			"collection": "British Museum, London, UK",
			"comp_wit": "witness",
			"credits": "Adapted from F. Mario Fales and J. Nicholas Postgate, Imperial Administrative Records, Part I: Palace and Temple Administration (State Archives of Assyria, 7), 1992. Lemmatised by Mikko Luukko, 2017, as part of the research programme of the Alexander von Humboldt Chair in the Ancient History of the Near and Middle East at LMU Munich (Karen Radner, Humboldt Professorship 2015. The annotated edition is released under the Creative Commons Attribution Share-Alike license 3.0.  Please cite this page as http://oracc.org/saao/P335781/.",
			"date_of_origin": "00.000.00.00",
			"display_name": "SAA 07 116",
			"edited_twice": "no",
			"genre": "Administrative Record",
			"id_text": "P335781",
			"language": "Akkadian",
			"material": "clay",
			"museum_no": "BM —",
			"object_type": "tablet",
			"oracc_header": "&amp;P335781 = SAA 07 116#project: saao/saa22#atf: lang nb#key: file=SAA22/SAA22.saa#key: musno=K 00276#key: cdli=K 00276#key: date=Esarhaddon or Ashurbanipal#key: writer=#key: preservation=",
			"period": "Neo-Assyrian",
			"please_cite": "Please cite this page as http://oracc.org/saao/P335781/.",
			"pleiades_id": "874621",
			"primary_publication": "ADD 0951",
			"project": "saa07",
			"proposed_date": "(ca. 674-650)",
			"provenience": "Kuyunjik (Nineveh)",
			"publication_history": "SAA 07, 116",
			"rework": "no",
			"ruler": "Esarhaddon or Ashurbanipal",
			"saa_attribution": "Adapted from F. Mario Fales and J. Nicholas Postgate, Imperial Administrative Records, Part I: Palace and Temple Administration (State Archives of Assyria, 7), 1992. Lemmatised by Mikko Luukko, 2017, as part of the research programme of the Alexander von Humboldt Chair in the Ancient History of the Near and Middle East at LMU Munich (Karen Radner, Humboldt Professorship 2015. The annotated edition is released under the Creative Commons Attribution Share-Alike license 3.0.",
			"saa_cdli_accession": "yes",
			"saa_cdli_id": "yes",
			"saa_cdli_museum": "yes",
			"saao_lists": "saao/saa07:P335781",
			"script": "Neo-Assyrian",
			"script_remarks": "inscribed",
			"script_type": "Cuneiform",
			"secondary_record": "no",
			"short_title": "Administrative Records 1",
			"title": "Account of Wool and Madder",
			"vol_title": "Imperial Administrative Records, Part I: Palace and Temple Administration",
			"volume": "SAA 7"
		},
		"geometry": {
			"type": "Point",
			"coordinates": [43.151937,36.358684]
		}
	}, {
		"type": "Feature",
		"properties": {
			"designation": "SAA 07 117",
			"atae_lists": "atae/saao:P335789",
			"has_date": "no",
			"accession_no": "K 01582",
			"add_no": "ADD 0959",
			"archive": "099 - Miscellaneous",
			"cdli_accession_no": "K 01582",
			"cdli_id": "P335789",
			"cdli_museum_no": "BM —",
			"ch_name": "Miscellaneous Commodities",
			"ch_no": "Ch. 10",
			"ch_num_name": "Ch. 10 (Miscellaneous Commodities)",
			"collection": "British Museum, London, UK",
			"comp_wit": "witness",
			"credits": "Adapted from F. Mario Fales and J. Nicholas Postgate, Imperial Administrative Records, Part I: Palace and Temple Administration (State Archives of Assyria, 7), 1992. Lemmatised by Mikko Luukko, 2017, as part of the research programme of the Alexander von Humboldt Chair in the Ancient History of the Near and Middle East at LMU Munich (Karen Radner, Humboldt Professorship 2015. The annotated edition is released under the Creative Commons Attribution Share-Alike license 3.0.  Please cite this page as http://oracc.org/saao/P335789/.",
			"date_of_origin": "00.000.00.00",
			"display_name": "SAA 07 117",
			"edited_twice": "no",
			"genre": "Administrative Record",
			"id_text": "P335789",
			"language": "Akkadian",
			"material": "clay",
			"museum_no": "BM —",
			"object_type": "tablet",
			"oracc_header": "&amp;P335789 = SAA 07 117#project: saao/saa22#atf: lang nb#key: file=SAA22/SAA22.saa#key: musno=K 01582#key: cdli=K 01582#key: date=Esarhaddon or Ashurbanipal#key: writer=#key: preservation=",
			"period": "Neo-Assyrian",
			"please_cite": "Please cite this page as http://oracc.org/saao/P335789/.",
			"pleiades_id": "874621",
			"primary_publication": "ADD 0959",
			"project": "saa07",
			"proposed_date": "(ca. 674-650)",
			"provenience": "Kuyunjik (Nineveh)",
			"publication_history": "SAA 07, 117",
			"rework": "no",
			"ruler": "Esarhaddon or Ashurbanipal",
			"saa_attribution": "Adapted from F. Mario Fales and J. Nicholas Postgate, Imperial Administrative Records, Part I: Palace and Temple Administration (State Archives of Assyria, 7), 1992. Lemmatised by Mikko Luukko, 2017, as part of the research programme of the Alexander von Humboldt Chair in the Ancient History of the Near and Middle East at LMU Munich (Karen Radner, Humboldt Professorship 2015. The annotated edition is released under the Creative Commons Attribution Share-Alike license 3.0.",
			"saa_cdli_accession": "yes",
			"saa_cdli_id": "yes",
			"saa_cdli_museum": "yes",
			"saao_lists": "saao/saa07:P335789",
			"script": "Neo-Assyrian",
			"script_remarks": "inscribed",
			"script_type": "Cuneiform",
			"secondary_record": "no",
			"short_title": "Administrative Records 1",
			"title": "Memorandum re Temple Furnishings",
			"vol_title": "Imperial Administrative Records, Part I: Palace and Temple Administration",
			"volume": "SAA 7"
		},
		"geometry": {
			"type": "Point",
			"coordinates": [43.151937,36.358684]
		}
	}, {
		"type": "Feature",
		"properties": {
			"designation": "SAA 07 118",
			"atae_lists": "atae/saao:P335815",
			"has_date": "yes",
			"date": "661-VII-25",
			"year": "661",
			"month": "VII",
			"day": "25",
			"accession_no": "K 00023",
			"add_no": "ADD 0993",
			"archive": "099 - Miscellaneous",
			"cdli_accession_no": "K 00023",
			"cdli_id": "P335815",
			"cdli_museum_no": "BM —",
			"ch_name": "Miscellaneous Commodities",
			"ch_no": "Ch. 10",
			"ch_num_name": "Ch. 10 (Miscellaneous Commodities)",
			"collection": "British Museum, London, UK",
			"comp_wit": "witness",
			"credits": "Adapted from F. Mario Fales and J. Nicholas Postgate, Imperial Administrative Records, Part I: Palace and Temple Administration (State Archives of Assyria, 7), 1992. Lemmatised by Mikko Luukko, 2017, as part of the research programme of the Alexander von Humboldt Chair in the Ancient History of the Near and Middle East at LMU Munich (Karen Radner, Humboldt Professorship 2015. The annotated edition is released under the Creative Commons Attribution Share-Alike license 3.0.  Please cite this page as http://oracc.org/saao/P335815/.",
			"date_gen": "661-VII-25",
			"date_of_origin": "Assurbanipal.limu Arbailayu.07.25",
			"display_name": "SAA 07 118",
			"edited_twice": "no",
			"eponym": "Arbailāyu",
			"genre": "Administrative Record",
			"id_text": "P335815",
			"language": "Akkadian",
			"long_date": "Tašrītu 25th, eponymy of Arbailāyu",
			"long_date_gen": "Tašrītu 25th, eponymy of Arbailāyu",
			"material": "clay",
			"museum_no": "BM —",
			"object_type": "tablet",
			"oracc_header": "&amp;P335815 = SAA 07 118#project: saao/saa22#atf: lang nb#key: file=SAA22/SAA22.saa#key: musno=K 00023#key: cdli=K 00023#key: date=Ashurbanipal#key: writer=#key: preservation=",
			"period": "Neo-Assyrian",
			"please_cite": "Please cite this page as http://oracc.org/saao/P335815/.",
			"pleiades_id": "874621",
			"primary_publication": "ADD 0993",
			"project": "saa07",
			"provenience": "Kuyunjik (Nineveh)",
			"publication_history": "SAA 07, 118",
			"regnal_dates": "668–ca. 631 BC",
			"rework": "no",
			"ruler": "Ashurbanipal",
			"saa_attribution": "Adapted from F. Mario Fales and J. Nicholas Postgate, Imperial Administrative Records, Part I: Palace and Temple Administration (State Archives of Assyria, 7), 1992. Lemmatised by Mikko Luukko, 2017, as part of the research programme of the Alexander von Humboldt Chair in the Ancient History of the Near and Middle East at LMU Munich (Karen Radner, Humboldt Professorship 2015. The annotated edition is released under the Creative Commons Attribution Share-Alike license 3.0.",
			"saa_cdli_accession": "yes",
			"saa_cdli_id": "yes",
			"saa_cdli_museum": "yes",
			"saao_lists": "saao/saa07:P335815",
			"script": "Neo-Assyrian",
			"script_remarks": "inscribed",
			"script_type": "Cuneiform",
			"secondary_record": "no",
			"short_title": "Administrative Records 1",
			"title": "Record of Various Items, 663-661 B.C.",
			"vol_title": "Imperial Administrative Records, Part I: Palace and Temple Administration",
			"volume": "SAA 7"
		},
		"geometry": {
			"type": "Point",
			"coordinates": [43.151937,36.358684]
		}
	}, {
		"type": "Feature",
		"properties": {
			"designation": "SAA 07 119",
			"atae_lists": "atae/saao:P335804",
			"has_date": "unknown",
			"accession_no": "1880-07-19, 0112",
			"add_no": "ADD 0977",
			"archive": "099 - Miscellaneous",
			"cdli_accession_no": "1880-07-19, 0112",
			"cdli_id": "P335804",
			"cdli_museum_no": "BM —",
			"ch_name": "Miscellaneous Commodities",
			"ch_no": "Ch. 10",
			"ch_num_name": "Ch. 10 (Miscellaneous Commodities)",
			"collection": "British Museum, London, UK",
			"comp_wit": "witness",
			"credits": "Adapted from F. Mario Fales and J. Nicholas Postgate, Imperial Administrative Records, Part I: Palace and Temple Administration (State Archives of Assyria, 7), 1992. Lemmatised by Mikko Luukko, 2017, as part of the research programme of the Alexander von Humboldt Chair in the Ancient History of the Near and Middle East at LMU Munich (Karen Radner, Humboldt Professorship 2015. The annotated edition is released under the Creative Commons Attribution Share-Alike license 3.0.  Please cite this page as http://oracc.org/saao/P335804/.",
			"date_of_origin": "00.000.00.00",
			"display_name": "SAA 07 119",
			"edited_twice": "no",
			"genre": "Administrative Record",
			"id_text": "P335804",
			"language": "Akkadian",
			"material": "clay",
			"museum_no": "BM —",
			"object_type": "tablet",
			"oracc_header": "&amp;P335804 = SAA 07 119#project: saao/saa22#atf: lang nb#key: file=SAA22/SAA22.saa#key: musno=1880-07-19, 0112#key: cdli=1880-07-19, 0112#key: date=Esarhaddon or Ashurbanipal#key: writer=#key: preservation=",
			"period": "Neo-Assyrian",
			"please_cite": "Please cite this page as http://oracc.org/saao/P335804/.",
			"pleiades_id": "874621",
			"primary_publication": "ADD 0977",
			"project": "saa07",
			"proposed_date": "(ca. 674-650)",
			"provenience": "Kuyunjik (Nineveh)",
			"publication_history": "SAA 07, 119",
			"rework": "no",
			"ruler": "Esarhaddon or Ashurbanipal",
			"saa_attribution": "Adapted from F. Mario Fales and J. Nicholas Postgate, Imperial Administrative Records, Part I: Palace and Temple Administration (State Archives of Assyria, 7), 1992. Lemmatised by Mikko Luukko, 2017, as part of the research programme of the Alexander von Humboldt Chair in the Ancient History of the Near and Middle East at LMU Munich (Karen Radner, Humboldt Professorship 2015. The annotated edition is released under the Creative Commons Attribution Share-Alike license 3.0.",
			"saa_cdli_accession": "yes",
			"saa_cdli_id": "yes",
			"saa_cdli_museum": "yes",
			"saao_lists": "saao/saa07:P335804",
			"script": "Neo-Assyrian",
			"script_remarks": "inscribed",
			"script_type": "Cuneiform",
			"secondary_record": "no",
			"short_title": "Administrative Records 1",
			"title": "Record of Various Items",
			"vol_title": "Imperial Administrative Records, Part I: Palace and Temple Administration",
			"volume": "SAA 7"
		},
		"geometry": {
			"type": "Point",
			"coordinates": [43.151937,36.358684]
		}
	}, {
		"type": "Feature",
		"properties": {
			"designation": "SAA 07 120",
			"atae_lists": "atae/saao:P335858",
			"has_date": "no",
			"accession_no": "K 08835 + K 10335",
			"add_no": "ADD 1039",
			"archive": "099 - Miscellaneous",
			"cdli_accession_no": "K 08835 + K 10335",
			"cdli_id": "P335858",
			"cdli_museum_no": "BM —",
			"ch_name": "Miscellaneous Commodities",
			"ch_no": "Ch. 10",
			"ch_num_name": "Ch. 10 (Miscellaneous Commodities)",
			"collection": "British Museum, London, UK",
			"comp_wit": "witness",
			"credits": "Adapted from F. Mario Fales and J. Nicholas Postgate, Imperial Administrative Records, Part I: Palace and Temple Administration (State Archives of Assyria, 7), 1992. Lemmatised by Mikko Luukko, 2017, as part of the research programme of the Alexander von Humboldt Chair in the Ancient History of the Near and Middle East at LMU Munich (Karen Radner, Humboldt Professorship 2015. The annotated edition is released under the Creative Commons Attribution Share-Alike license 3.0.  Please cite this page as http://oracc.org/saao/P335858/.",
			"date_of_origin": "00.000.00.00",
			"display_name": "SAA 07 120",
			"edited_twice": "no",
			"genre": "Administrative Record",
			"id_text": "P335858",
			"language": "Akkadian",
			"material": "clay",
			"museum_no": "BM —",
			"object_type": "tablet",
			"oracc_header": "&amp;P335858 = SAA 07 120#project: saao/saa22#atf: lang nb#key: file=SAA22/SAA22.saa#key: musno=K 08835 + K 10335#key: cdli=K 08835 + K 10335#key: date=Esarhaddon or Ashurbanipal#key: writer=#key: preservation=",
			"period": "Neo-Assyrian",
			"please_cite": "Please cite this page as http://oracc.org/saao/P335858/.",
			"pleiades_id": "874621",
			"primary_publication": "ADD 1039",
			"project": "saa07",
			"proposed_date": "(ca. 674-650)",
			"provenience": "Kuyunjik (Nineveh)",
			"publication_history": "SAA 07, 120",
			"rework": "no",
			"ruler": "Esarhaddon or Ashurbanipal",
			"saa_attribution": "Adapted from F. Mario Fales and J. Nicholas Postgate, Imperial Administrative Records, Part I: Palace and Temple Administration (State Archives of Assyria, 7), 1992. Lemmatised by Mikko Luukko, 2017, as part of the research programme of the Alexander von Humboldt Chair in the Ancient History of the Near and Middle East at LMU Munich (Karen Radner, Humboldt Professorship 2015. The annotated edition is released under the Creative Commons Attribution Share-Alike license 3.0.",
			"saa_cdli_accession": "yes",
			"saa_cdli_id": "yes",
			"saa_cdli_museum": "yes",
			"saao_lists": "saao/saa07:P335858",
			"script": "Neo-Assyrian",
			"script_remarks": "inscribed",
			"script_type": "Cuneiform",
			"secondary_record": "no",
			"short_title": "Administrative Records 1",
			"title": "Record of Various Items",
			"vol_title": "Imperial Administrative Records, Part I: Palace and Temple Administration",
			"volume": "SAA 7"
		},
		"geometry": {
			"type": "Point",
			"coordinates": [43.151937,36.358684]
		}
	}, {
		"type": "Feature",
		"properties": {
			"designation": "SAA 07 121",
			"atae_lists": "atae/saao:P336210",
			"has_date": "unknown",
			"accession_no": "1904-10-09, 0156",
			"archive": "099 - Miscellaneous",
			"cdli_accession_no": "1904-10-09, 0156",
			"cdli_id": "P336210",
			"cdli_museum_no": "BM 099126",
			"ch_name": "Miscellaneous Commodities",
			"ch_no": "Ch. 10",
			"ch_num_name": "Ch. 10 (Miscellaneous Commodities)",
			"collection": "British Museum, London, UK",
			"comp_wit": "witness",
			"credits": "Adapted from F. Mario Fales and J. Nicholas Postgate, Imperial Administrative Records, Part I: Palace and Temple Administration (State Archives of Assyria, 7), 1992. Lemmatised by Mikko Luukko, 2017, as part of the research programme of the Alexander von Humboldt Chair in the Ancient History of the Near and Middle East at LMU Munich (Karen Radner, Humboldt Professorship 2015. The annotated edition is released under the Creative Commons Attribution Share-Alike license 3.0.  Please cite this page as http://oracc.org/saao/P336210/.",
			"date_of_origin": "00.000.00.00",
			"display_name": "SAA 07 121",
			"edited_twice": "no",
			"genre": "Administrative Record",
			"id_text": "P336210",
			"language": "Akkadian",
			"material": "clay",
			"museum_no": "BM 099126",
			"object_type": "tablet",
			"oracc_header": "&amp;P336210 = SAA 07 121#project: saao/saa22#atf: lang nb#key: file=SAA22/SAA22.saa#key: musno=1904-10-09, 0156#key: cdli=1904-10-09, 0156#key: date=Esarhaddon or Ashurbanipal#key: writer=#key: preservation=",
			"other_pub": "Iraq 32 26",
			"period": "Neo-Assyrian",
			"please_cite": "Please cite this page as http://oracc.org/saao/P336210/.",
			"pleiades_id": "874621",
			"primary_publication": "Iraq 32 26",
			"project": "saa07",
			"proposed_date": "(ca. 674-650)",
			"provenience": "Kuyunjik (Nineveh)",
			"publication_history": "SAA 07, 121",
			"rework": "no",
			"ruler": "Esarhaddon or Ashurbanipal",
			"saa_attribution": "Adapted from F. Mario Fales and J. Nicholas Postgate, Imperial Administrative Records, Part I: Palace and Temple Administration (State Archives of Assyria, 7), 1992. Lemmatised by Mikko Luukko, 2017, as part of the research programme of the Alexander von Humboldt Chair in the Ancient History of the Near and Middle East at LMU Munich (Karen Radner, Humboldt Professorship 2015. The annotated edition is released under the Creative Commons Attribution Share-Alike license 3.0.",
			"saa_cdli_accession": "yes",
			"saa_cdli_id": "yes",
			"saa_cdli_museum": "yes",
			"saao_lists": "saao/saa07:P336210",
			"script": "Neo-Assyrian",
			"script_remarks": "inscribed",
			"script_type": "Cuneiform",
			"secondary_record": "no",
			"short_title": "Administrative Records 1",
			"title": "Record of Various Items",
			"vol_title": "Imperial Administrative Records, Part I: Palace and Temple Administration",
			"volume": "SAA 7"
		},
		"geometry": {
			"type": "Point",
			"coordinates": [43.151937,36.358684]
		}
	}, {
		"type": "Feature",
		"properties": {
			"designation": "SAA 07 122",
			"atae_lists": "atae/saao:P336211",
			"has_date": "unknown",
			"accession_no": "1929-10-12, 0064",
			"archive": "099 - Miscellaneous",
			"cdli_accession_no": "1929-10-12, 0064",
			"cdli_id": "P336211",
			"cdli_museum_no": "BM 121068",
			"ch_name": "Miscellaneous Commodities",
			"ch_no": "Ch. 10",
			"ch_num_name": "Ch. 10 (Miscellaneous Commodities)",
			"collection": "British Museum, London, UK",
			"comp_wit": "witness",
			"credits": "Adapted from F. Mario Fales and J. Nicholas Postgate, Imperial Administrative Records, Part I: Palace and Temple Administration (State Archives of Assyria, 7), 1992. Lemmatised by Mikko Luukko, 2017, as part of the research programme of the Alexander von Humboldt Chair in the Ancient History of the Near and Middle East at LMU Munich (Karen Radner, Humboldt Professorship 2015. The annotated edition is released under the Creative Commons Attribution Share-Alike license 3.0.  Please cite this page as http://oracc.org/saao/P336211/.",
			"date_of_origin": "00.000.00.00",
			"display_name": "SAA 07 122",
			"edited_twice": "no",
			"genre": "Administrative Record",
			"id_text": "P336211",
			"language": "Akkadian",
			"material": "clay",
			"museum_no": "BM 121068",
			"object_type": "tablet",
			"oracc_header": "&amp;P336211 = SAA 07 122#project: saao/saa22#atf: lang nb#key: file=SAA22/SAA22.saa#key: musno=1929-10-12, 0064#key: cdli=1929-10-12, 0064#key: date=Esarhaddon or Ashurbanipal#key: writer=#key: preservation=",
			"other_pub": "Iraq 32 27",
			"period": "Neo-Assyrian",
			"please_cite": "Please cite this page as http://oracc.org/saao/P336211/.",
			"pleiades_id": "874621",
			"primary_publication": "Iraq 32 27",
			"project": "saa07",
			"proposed_date": "(ca. 674-650)",
			"provenience": "Kuyunjik (Nineveh)",
			"publication_history": "SAA 07, 122",
			"rework": "no",
			"ruler": "Esarhaddon or Ashurbanipal",
			"saa_attribution": "Adapted from F. Mario Fales and J. Nicholas Postgate, Imperial Administrative Records, Part I: Palace and Temple Administration (State Archives of Assyria, 7), 1992. Lemmatised by Mikko Luukko, 2017, as part of the research programme of the Alexander von Humboldt Chair in the Ancient History of the Near and Middle East at LMU Munich (Karen Radner, Humboldt Professorship 2015. The annotated edition is released under the Creative Commons Attribution Share-Alike license 3.0.",
			"saa_cdli_accession": "yes",
			"saa_cdli_id": "yes",
			"saa_cdli_museum": "yes",
			"saao_lists": "saao/saa07:P336211",
			"script": "Neo-Assyrian",
			"script_remarks": "inscribed",
			"script_type": "Cuneiform",
			"secondary_record": "no",
			"short_title": "Administrative Records 1",
			"title": "Record of Various Items",
			"vol_title": "Imperial Administrative Records, Part I: Palace and Temple Administration",
			"volume": "SAA 7"
		},
		"geometry": {
			"type": "Point",
			"coordinates": [43.151937,36.358684]
		}
	}, {
		"type": "Feature",
		"properties": {
			"designation": "SAA 07 123",
			"atae_lists": "atae/saao:P336213",
			"has_date": "unknown",
			"accession_no": "K 14263",
			"archive": "099 - Miscellaneous",
			"cdli_accession_no": "K 14263",
			"cdli_id": "P336213",
			"cdli_museum_no": "BM —",
			"ch_name": "Miscellaneous Commodities",
			"ch_no": "Ch. 10",
			"ch_num_name": "Ch. 10 (Miscellaneous Commodities)",
			"collection": "British Museum, London, UK",
			"comp_wit": "witness",
			"credits": "Adapted from F. Mario Fales and J. Nicholas Postgate, Imperial Administrative Records, Part I: Palace and Temple Administration (State Archives of Assyria, 7), 1992. Lemmatised by Mikko Luukko, 2017, as part of the research programme of the Alexander von Humboldt Chair in the Ancient History of the Near and Middle East at LMU Munich (Karen Radner, Humboldt Professorship 2015. The annotated edition is released under the Creative Commons Attribution Share-Alike license 3.0.  Please cite this page as http://oracc.org/saao/P336213/.",
			"date_of_origin": "00.000.00.00",
			"display_name": "SAA 07 123",
			"edited_twice": "no",
			"genre": "Administrative Record",
			"id_text": "P336213",
			"language": "Akkadian",
			"material": "clay",
			"museum_no": "BM —",
			"object_type": "tablet",
			"oracc_header": "&amp;P336213 = SAA 07 123#project: saao/saa22#atf: lang nb#key: file=SAA22/SAA22.saa#key: musno=K 14263#key: cdli=K 14263#key: date=Esarhaddon or Ashurbanipal#key: writer=#key: preservation=",
			"other_pub": "Iraq 32 29",
			"period": "Neo-Assyrian",
			"please_cite": "Please cite this page as http://oracc.org/saao/P336213/.",
			"pleiades_id": "874621",
			"primary_publication": "Iraq 32 29",
			"project": "saa07",
			"proposed_date": "(ca. 674-650)",
			"provenience": "Kuyunjik (Nineveh)",
			"publication_history": "SAA 07, 123",
			"rework": "no",
			"ruler": "Esarhaddon or Ashurbanipal",
			"saa_attribution": "Adapted from F. Mario Fales and J. Nicholas Postgate, Imperial Administrative Records, Part I: Palace and Temple Administration (State Archives of Assyria, 7), 1992. Lemmatised by Mikko Luukko, 2017, as part of the research programme of the Alexander von Humboldt Chair in the Ancient History of the Near and Middle East at LMU Munich (Karen Radner, Humboldt Professorship 2015. The annotated edition is released under the Creative Commons Attribution Share-Alike license 3.0.",
			"saa_cdli_accession": "yes",
			"saa_cdli_id": "yes",
			"saa_cdli_museum": "yes",
			"saao_lists": "saao/saa07:P336213",
			"script": "Neo-Assyrian",
			"script_remarks": "inscribed",
			"script_type": "Cuneiform",
			"secondary_record": "no",
			"short_title": "Administrative Records 1",
			"title": "Record of Various Items",
			"vol_title": "Imperial Administrative Records, Part I: Palace and Temple Administration",
			"volume": "SAA 7"
		},
		"geometry": {
			"type": "Point",
			"coordinates": [43.151937,36.358684]
		}
	}, {
		"type": "Feature",
		"properties": {
			"designation": "SAA 07 124",
			"atae_lists": "atae/saao:P335893",
			"has_date": "unknown",
			"accession_no": "K 13159",
			"add_no": "ADD 1080",
			"archive": "099 - Miscellaneous",
			"cdli_accession_no": "K 13159",
			"cdli_id": "P335893",
			"cdli_museum_no": "BM —",
			"ch_name": "Miscellaneous Commodities",
			"ch_no": "Ch. 10",
			"ch_num_name": "Ch. 10 (Miscellaneous Commodities)",
			"collection": "British Museum, London, UK",
			"comp_wit": "witness",
			"credits": "Adapted from F. Mario Fales and J. Nicholas Postgate, Imperial Administrative Records, Part I: Palace and Temple Administration (State Archives of Assyria, 7), 1992. Lemmatised by Mikko Luukko, 2017, as part of the research programme of the Alexander von Humboldt Chair in the Ancient History of the Near and Middle East at LMU Munich (Karen Radner, Humboldt Professorship 2015. The annotated edition is released under the Creative Commons Attribution Share-Alike license 3.0.  Please cite this page as http://oracc.org/saao/P335893/.",
			"date_of_origin": "00.000.00.00",
			"display_name": "SAA 07 124",
			"edited_twice": "no",
			"genre": "Administrative Record",
			"id_text": "P335893",
			"language": "Akkadian",
			"material": "clay",
			"museum_no": "BM —",
			"object_type": "tablet",
			"oracc_header": "&amp;P335893 = SAA 07 124#project: saao/saa22#atf: lang nb#key: file=SAA22/SAA22.saa#key: musno=K 13159#key: cdli=K 13159#key: date=Esarhaddon or Ashurbanipal#key: writer=#key: preservation=",
			"period": "Neo-Assyrian",
			"please_cite": "Please cite this page as http://oracc.org/saao/P335893/.",
			"pleiades_id": "874621",
			"primary_publication": "ADD 1080",
			"project": "saa07",
			"proposed_date": "(ca. 674-650)",
			"provenience": "Kuyunjik (Nineveh)",
			"publication_history": "SAA 07, 124",
			"rework": "no",
			"ruler": "Esarhaddon or Ashurbanipal",
			"saa_attribution": "Adapted from F. Mario Fales and J. Nicholas Postgate, Imperial Administrative Records, Part I: Palace and Temple Administration (State Archives of Assyria, 7), 1992. Lemmatised by Mikko Luukko, 2017, as part of the research programme of the Alexander von Humboldt Chair in the Ancient History of the Near and Middle East at LMU Munich (Karen Radner, Humboldt Professorship 2015. The annotated edition is released under the Creative Commons Attribution Share-Alike license 3.0.",
			"saa_cdli_accession": "yes",
			"saa_cdli_id": "yes",
			"saa_cdli_museum": "yes",
			"saao_lists": "saao/saa07:P335893",
			"script": "Neo-Assyrian",
			"script_remarks": "inscribed",
			"script_type": "Cuneiform",
			"secondary_record": "no",
			"short_title": "Administrative Records 1",
			"title": "Record of Various Items",
			"vol_title": "Imperial Administrative Records, Part I: Palace and Temple Administration",
			"volume": "SAA 7"
		},
		"geometry": {
			"type": "Point",
			"coordinates": [43.151937,36.358684]
		}
	}, {
		"type": "Feature",
		"properties": {
			"designation": "SAA 07 125",
			"atae_lists": "atae/saao:P335923",
			"has_date": "unknown",
			"accession_no": "1883-01-18, 0351",
			"add_no": "ADD 1126",
			"archive": "099 - Miscellaneous",
			"cdli_accession_no": "1883-01-18, 0351",
			"cdli_id": "P335923",
			"cdli_museum_no": "BM —",
			"ch_name": "Miscellaneous Commodities",
			"ch_no": "Ch. 10",
			"ch_num_name": "Ch. 10 (Miscellaneous Commodities)",
			"collection": "British Museum, London, UK",
			"comp_wit": "witness",
			"credits": "Adapted from F. Mario Fales and J. Nicholas Postgate, Imperial Administrative Records, Part I: Palace and Temple Administration (State Archives of Assyria, 7), 1992. Lemmatised by Mikko Luukko, 2017, as part of the research programme of the Alexander von Humboldt Chair in the Ancient History of the Near and Middle East at LMU Munich (Karen Radner, Humboldt Professorship 2015. The annotated edition is released under the Creative Commons Attribution Share-Alike license 3.0.  Please cite this page as http://oracc.org/saao/P335923/.",
			"date_of_origin": "00.000.00.00",
			"display_name": "SAA 07 125",
			"edited_twice": "no",
			"genre": "Administrative Record",
			"id_text": "P335923",
			"language": "Akkadian",
			"material": "clay",
			"museum_no": "BM —",
			"object_type": "tablet",
			"oracc_header": "&amp;P335923 = SAA 07 125#project: saao/saa22#atf: lang nb#key: file=SAA22/SAA22.saa#key: musno=1883-01-18, 0351#key: cdli=1883-01-18, 0351#key: date=Esarhaddon or Ashurbanipal#key: writer=#key: preservation=",
			"period": "Neo-Assyrian",
			"please_cite": "Please cite this page as http://oracc.org/saao/P335923/.",
			"pleiades_id": "874621",
			"primary_publication": "ADD 1126",
			"project": "saa07",
			"proposed_date": "(ca. 674-650)",
			"provenience": "Kuyunjik (Nineveh)",
			"publication_history": "SAA 07, 125",
			"rework": "no",
			"ruler": "Esarhaddon or Ashurbanipal",
			"saa_attribution": "Adapted from F. Mario Fales and J. Nicholas Postgate, Imperial Administrative Records, Part I: Palace and Temple Administration (State Archives of Assyria, 7), 1992. Lemmatised by Mikko Luukko, 2017, as part of the research programme of the Alexander von Humboldt Chair in the Ancient History of the Near and Middle East at LMU Munich (Karen Radner, Humboldt Professorship 2015. The annotated edition is released under the Creative Commons Attribution Share-Alike license 3.0.",
			"saa_cdli_accession": "yes",
			"saa_cdli_id": "yes",
			"saa_cdli_museum": "yes",
			"saao_lists": "saao/saa07:P335923",
			"script": "Neo-Assyrian",
			"script_remarks": "inscribed",
			"script_type": "Cuneiform",
			"secondary_record": "no",
			"short_title": "Administrative Records 1",
			"title": "Record of Pottery Vessels, etc.",
			"vol_title": "Imperial Administrative Records, Part I: Palace and Temple Administration",
			"volume": "SAA 7"
		},
		"geometry": {
			"type": "Point",
			"coordinates": [43.151937,36.358684]
		}
	}, {
		"type": "Feature",
		"properties": {
			"designation": "SAA 07 126",
			"atae_lists": "atae/saao:P335859",
			"has_date": "no",
			"accession_no": "K 00919",
			"add_no": "ADD 1040",
			"archive": "099 - Miscellaneous",
			"cdli_accession_no": "K 00919",
			"cdli_id": "P335859",
			"cdli_museum_no": "BM —",
			"ch_name": "Miscellaneous Commodities",
			"ch_no": "Ch. 10",
			"ch_num_name": "Ch. 10 (Miscellaneous Commodities)",
			"collection": "British Museum, London, UK",
			"comp_wit": "witness",
			"credits": "Adapted from F. Mario Fales and J. Nicholas Postgate, Imperial Administrative Records, Part I: Palace and Temple Administration (State Archives of Assyria, 7), 1992. Lemmatised by Mikko Luukko, 2017, as part of the research programme of the Alexander von Humboldt Chair in the Ancient History of the Near and Middle East at LMU Munich (Karen Radner, Humboldt Professorship 2015. The annotated edition is released under the Creative Commons Attribution Share-Alike license 3.0.  Please cite this page as http://oracc.org/saao/P335859/.",
			"date_of_origin": "00.000.00.00",
			"display_name": "SAA 07 126",
			"edited_twice": "no",
			"genre": "Administrative Record",
			"id_text": "P335859",
			"language": "Akkadian",
			"material": "clay",
			"museum_no": "BM —",
			"object_type": "tablet",
			"oracc_header": "&amp;P335859 = SAA 07 126#project: saao/saa22#atf: lang nb#key: file=SAA22/SAA22.saa#key: musno=K 00919#key: cdli=K 00919#key: date=Esarhaddon or Ashurbanipal#key: writer=#key: preservation=",
			"period": "Neo-Assyrian",
			"please_cite": "Please cite this page as http://oracc.org/saao/P335859/.",
			"pleiades_id": "874621",
			"primary_publication": "ADD 1040",
			"project": "saa07",
			"proposed_date": "(ca. 674-650)",
			"provenience": "Kuyunjik (Nineveh)",
			"publication_history": "SAA 07, 126",
			"rework": "no",
			"ruler": "Esarhaddon or Ashurbanipal",
			"saa_attribution": "Adapted from F. Mario Fales and J. Nicholas Postgate, Imperial Administrative Records, Part I: Palace and Temple Administration (State Archives of Assyria, 7), 1992. Lemmatised by Mikko Luukko, 2017, as part of the research programme of the Alexander von Humboldt Chair in the Ancient History of the Near and Middle East at LMU Munich (Karen Radner, Humboldt Professorship 2015. The annotated edition is released under the Creative Commons Attribution Share-Alike license 3.0.",
			"saa_cdli_accession": "yes",
			"saa_cdli_id": "yes",
			"saa_cdli_museum": "yes",
			"saao_lists": "saao/saa07:P335859",
			"script": "Neo-Assyrian",
			"script_remarks": "inscribed",
			"script_type": "Cuneiform",
			"secondary_record": "no",
			"short_title": "Administrative Records 1",
			"title": "Record of Various Items",
			"vol_title": "Imperial Administrative Records, Part I: Palace and Temple Administration",
			"volume": "SAA 7"
		},
		"geometry": {
			"type": "Point",
			"coordinates": [43.151937,36.358684]
		}
	}, {
		"type": "Feature",
		"properties": {
			"designation": "SAA 07 127",
			"atae_lists": "atae/saao:P335621",
			"has_date": "unknown",
			"accession_no": "K 01254",
			"add_no": "ADD 0758",
			"archive": "099 - Miscellaneous",
			"cdli_accession_no": "K 01254",
			"cdli_id": "P335621",
			"cdli_museum_no": "BM —",
			"ch_name": "Miscellaneous Commodities",
			"ch_no": "Ch. 10",
			"ch_num_name": "Ch. 10 (Miscellaneous Commodities)",
			"collection": "British Museum, London, UK",
			"comp_wit": "witness",
			"credits": "Adapted from F. Mario Fales and J. Nicholas Postgate, Imperial Administrative Records, Part I: Palace and Temple Administration (State Archives of Assyria, 7), 1992. Lemmatised by Mikko Luukko, 2017, as part of the research programme of the Alexander von Humboldt Chair in the Ancient History of the Near and Middle East at LMU Munich (Karen Radner, Humboldt Professorship 2015. The annotated edition is released under the Creative Commons Attribution Share-Alike license 3.0.  Please cite this page as http://oracc.org/saao/P335621/.",
			"date_of_origin": "00.000.00.00",
			"display_name": "SAA 07 127",
			"edited_twice": "no",
			"genre": "Administrative Record",
			"id_text": "P335621",
			"language": "Akkadian",
			"material": "clay",
			"museum_no": "BM —",
			"object_type": "tablet",
			"oracc_header": "&amp;P335621 = SAA 07 127#project: saao/saa22#atf: lang nb#key: file=SAA22/SAA22.saa#key: musno=K 01254#key: cdli=K 01254#key: date=Esarhaddon or Ashurbanipal#key: writer=#key: preservation=",
			"period": "Neo-Assyrian",
			"please_cite": "Please cite this page as http://oracc.org/saao/P335621/.",
			"pleiades_id": "874621",
			"primary_publication": "ADD 0758",
			"project": "saa07",
			"proposed_date": "(ca. 674-650)",
			"provenience": "Kuyunjik (Nineveh)",
			"publication_history": "SAA 07, 127",
			"rework": "no",
			"ruler": "Esarhaddon or Ashurbanipal",
			"saa_attribution": "Adapted from F. Mario Fales and J. Nicholas Postgate, Imperial Administrative Records, Part I: Palace and Temple Administration (State Archives of Assyria, 7), 1992. Lemmatised by Mikko Luukko, 2017, as part of the research programme of the Alexander von Humboldt Chair in the Ancient History of the Near and Middle East at LMU Munich (Karen Radner, Humboldt Professorship 2015. The annotated edition is released under the Creative Commons Attribution Share-Alike license 3.0.",
			"saa_cdli_accession": "yes",
			"saa_cdli_id": "yes",
			"saa_cdli_museum": "yes",
			"saao_lists": "saao/saa07:P335621",
			"script": "Neo-Assyrian",
			"script_remarks": "inscribed",
			"script_type": "Cuneiform",
			"secondary_record": "no",
			"short_title": "Administrative Records 1",
			"title": "Various Gifts to Urarṭian Envoys",
			"vol_title": "Imperial Administrative Records, Part I: Palace and Temple Administration",
			"volume": "SAA 7"
		},
		"geometry": {
			"type": "Point",
			"coordinates": [43.151937,36.358684]
		}
	}, {
		"type": "Feature",
		"properties": {
			"designation": "SAA 07 128",
			"atae_lists": "atae/saao:P335814",
			"has_date": "no",
			"accession_no": "Rm 0070",
			"add_no": "ADD 0992",
			"archive": "099 - Miscellaneous",
			"cdli_accession_no": "Rm 0070",
			"cdli_id": "P335814",
			"cdli_museum_no": "BM —",
			"ch_name": "Miscellaneous Commodities",
			"ch_no": "Ch. 10",
			"ch_num_name": "Ch. 10 (Miscellaneous Commodities)",
			"collection": "British Museum, London, UK",
			"comp_wit": "witness",
			"credits": "Adapted from F. Mario Fales and J. Nicholas Postgate, Imperial Administrative Records, Part I: Palace and Temple Administration (State Archives of Assyria, 7), 1992. Lemmatised by Mikko Luukko, 2017, as part of the research programme of the Alexander von Humboldt Chair in the Ancient History of the Near and Middle East at LMU Munich (Karen Radner, Humboldt Professorship 2015. The annotated edition is released under the Creative Commons Attribution Share-Alike license 3.0.  Please cite this page as http://oracc.org/saao/P335814/.",
			"date_of_origin": "00.000.00.00",
			"display_name": "SAA 07 128",
			"edited_twice": "no",
			"genre": "Administrative Record",
			"id_text": "P335814",
			"language": "Akkadian",
			"material": "clay",
			"museum_no": "BM —",
			"object_type": "tablet",
			"oracc_header": "&amp;P335814 = SAA 07 128#project: saao/saa22#atf: lang nb#key: file=SAA22/SAA22.saa#key: musno=Rm 0070#key: cdli=Rm 0070#key: date=Esarhaddon or Ashurbanipal#key: writer=#key: preservation=",
			"period": "Neo-Assyrian",
			"please_cite": "Please cite this page as http://oracc.org/saao/P335814/.",
			"pleiades_id": "874621",
			"primary_publication": "ADD 0992",
			"project": "saa07",
			"proposed_date": "(ca. 674-650)",
			"provenience": "Kuyunjik (Nineveh)",
			"publication_history": "SAA 07, 128",
			"rework": "no",
			"ruler": "Esarhaddon or Ashurbanipal",
			"saa_attribution": "Adapted from F. Mario Fales and J. Nicholas Postgate, Imperial Administrative Records, Part I: Palace and Temple Administration (State Archives of Assyria, 7), 1992. Lemmatised by Mikko Luukko, 2017, as part of the research programme of the Alexander von Humboldt Chair in the Ancient History of the Near and Middle East at LMU Munich (Karen Radner, Humboldt Professorship 2015. The annotated edition is released under the Creative Commons Attribution Share-Alike license 3.0.",
			"saa_cdli_accession": "yes",
			"saa_cdli_id": "yes",
			"saa_cdli_museum": "yes",
			"saao_lists": "saao/saa07:P335814",
			"script": "Neo-Assyrian",
			"script_remarks": "inscribed",
			"script_type": "Cuneiform",
			"secondary_record": "no",
			"short_title": "Administrative Records 1",
			"title": "Miscellaneous Contributions from(?) Officials",
			"vol_title": "Imperial Administrative Records, Part I: Palace and Temple Administration",
			"volume": "SAA 7"
		},
		"geometry": {
			"type": "Point",
			"coordinates": [43.151937,36.358684]
		}
	}, {
		"type": "Feature",
		"properties": {
			"designation": "SAA 07 129",
			"atae_lists": "atae/saao:P336642",
			"has_date": "unknown",
			"accession_no": "K 09211",
			"archive": "099 - Miscellaneous",
			"cdli_accession_no": "K 09211",
			"cdli_id": "P336642",
			"cdli_museum_no": "BM —",
			"ch_name": "Miscellaneous Commodities",
			"ch_no": "Ch. 10",
			"ch_num_name": "Ch. 10 (Miscellaneous Commodities)",
			"collection": "British Museum, London, UK",
			"comp_wit": "witness",
			"credits": "Adapted from F. Mario Fales and J. Nicholas Postgate, Imperial Administrative Records, Part I: Palace and Temple Administration (State Archives of Assyria, 7), 1992. Lemmatised by Mikko Luukko, 2017, as part of the research programme of the Alexander von Humboldt Chair in the Ancient History of the Near and Middle East at LMU Munich (Karen Radner, Humboldt Professorship 2015. The annotated edition is released under the Creative Commons Attribution Share-Alike license 3.0.  Please cite this page as http://oracc.org/saao/P336642/.",
			"date_of_origin": "00.000.00.00",
			"display_name": "SAA 07 129",
			"edited_twice": "no",
			"genre": "Administrative Record",
			"id_text": "P336642",
			"language": "Akkadian",
			"material": "clay",
			"museum_no": "BM —",
			"object_type": "tablet",
			"oracc_header": "&amp;P336642 = SAA 07 129#project: saao/saa22#atf: lang nb#key: file=SAA22/SAA22.saa#key: musno=K 09211#key: cdli=K 09211#key: date=Esarhaddon or Ashurbanipal#key: writer=#key: preservation=",
			"period": "Neo-Assyrian",
			"please_cite": "Please cite this page as http://oracc.org/saao/P336642/.",
			"pleiades_id": "874621",
			"project": "saa07",
			"proposed_date": "(ca. 674-650)",
			"provenience": "Kuyunjik (Nineveh)",
			"publication_history": "SAA 07, 129",
			"rework": "no",
			"ruler": "Esarhaddon or Ashurbanipal",
			"saa_attribution": "Adapted from F. Mario Fales and J. Nicholas Postgate, Imperial Administrative Records, Part I: Palace and Temple Administration (State Archives of Assyria, 7), 1992. Lemmatised by Mikko Luukko, 2017, as part of the research programme of the Alexander von Humboldt Chair in the Ancient History of the Near and Middle East at LMU Munich (Karen Radner, Humboldt Professorship 2015. The annotated edition is released under the Creative Commons Attribution Share-Alike license 3.0.",
			"saa_cdli_accession": "yes",
			"saa_cdli_id": "yes",
			"saa_cdli_museum": "yes",
			"saao_lists": "saao/saa07:P336642",
			"script": "Neo-Assyrian",
			"script_remarks": "inscribed",
			"script_type": "Cuneiform",
			"secondary_record": "no",
			"short_title": "Administrative Records 1",
			"title": "Record of Various Precious Items",
			"vol_title": "Imperial Administrative Records, Part I: Palace and Temple Administration",
			"volume": "SAA 7"
		},
		"geometry": {
			"type": "Point",
			"coordinates": [43.151937,36.358684]
		}
	}, {
		"type": "Feature",
		"properties": {
			"designation": "SAA 07 130",
			"atae_lists": "atae/saao:P335911",
			"has_date": "no",
			"accession_no": "K 01988",
			"add_no": "ADD 1104",
			"archive": "099 - Miscellaneous",
			"cdli_accession_no": "K 01988",
			"cdli_id": "P335911",
			"cdli_museum_no": "BM —",
			"ch_name": "Food Contributions from Officials",
			"ch_no": "Ch. 11",
			"ch_num_name": "Ch. 11 (Food Contributions from Officials)",
			"collection": "British Museum, London, UK",
			"comp_wit": "witness",
			"credits": "Adapted from F. Mario Fales and J. Nicholas Postgate, Imperial Administrative Records, Part I: Palace and Temple Administration (State Archives of Assyria, 7), 1992. Lemmatised by Mikko Luukko, 2017, as part of the research programme of the Alexander von Humboldt Chair in the Ancient History of the Near and Middle East at LMU Munich (Karen Radner, Humboldt Professorship 2015. The annotated edition is released under the Creative Commons Attribution Share-Alike license 3.0.  Please cite this page as http://oracc.org/saao/P335911/.",
			"date_of_origin": "00.000.00.00",
			"display_name": "SAA 07 130",
			"edited_twice": "no",
			"genre": "Administrative Record",
			"id_text": "P335911",
			"language": "Akkadian",
			"material": "clay",
			"museum_no": "BM —",
			"object_type": "tablet",
			"oracc_header": "&amp;P335911 = SAA 07 130#project: saao/saa22#atf: lang nb#key: file=SAA22/SAA22.saa#key: musno=K 01988#key: cdli=K 01988#key: date=Esarhaddon or Ashurbanipal#key: writer=#key: preservation=",
			"period": "Neo-Assyrian",
			"please_cite": "Please cite this page as http://oracc.org/saao/P335911/.",
			"pleiades_id": "874621",
			"primary_publication": "ADD 1104",
			"project": "saa07",
			"proposed_date": "(ca. 674-650)",
			"provenience": "Kuyunjik (Nineveh)",
			"publication_history": "SAA 07, 130",
			"rework": "no",
			"ruler": "Esarhaddon or Ashurbanipal",
			"saa_attribution": "Adapted from F. Mario Fales and J. Nicholas Postgate, Imperial Administrative Records, Part I: Palace and Temple Administration (State Archives of Assyria, 7), 1992. Lemmatised by Mikko Luukko, 2017, as part of the research programme of the Alexander von Humboldt Chair in the Ancient History of the Near and Middle East at LMU Munich (Karen Radner, Humboldt Professorship 2015. The annotated edition is released under the Creative Commons Attribution Share-Alike license 3.0.",
			"saa_cdli_accession": "yes",
			"saa_cdli_id": "yes",
			"saa_cdli_museum": "yes",
			"saao_lists": "saao/saa07:P335911",
			"script": "Neo-Assyrian",
			"script_remarks": "inscribed",
			"script_type": "Cuneiform",
			"secondary_record": "no",
			"short_title": "Administrative Records 1",
			"title": "Various Foods from Officials to the Lady of the House",
			"vol_title": "Imperial Administrative Records, Part I: Palace and Temple Administration",
			"volume": "SAA 7"
		},
		"geometry": {
			"type": "Point",
			"coordinates": [43.151937,36.358684]
		}
	}, {
		"type": "Feature",
		"properties": {
			"designation": "SAA 07 131",
			"atae_lists": "atae/saao:P335573",
			"has_date": "unknown",
			"accession_no": "1883-01-18, 0144",
			"add_no": "ADD 0693",
			"archive": "099 - Miscellaneous",
			"cdli_accession_no": "1883-01-18, 0144",
			"cdli_id": "P335573",
			"cdli_museum_no": "BM —",
			"ch_name": "Food Contributions from Officials",
			"ch_no": "Ch. 11",
			"ch_num_name": "Ch. 11 (Food Contributions from Officials)",
			"collection": "British Museum, London, UK",
			"comp_wit": "witness",
			"credits": "Adapted from F. Mario Fales and J. Nicholas Postgate, Imperial Administrative Records, Part I: Palace and Temple Administration (State Archives of Assyria, 7), 1992. Lemmatised by Mikko Luukko, 2017, as part of the research programme of the Alexander von Humboldt Chair in the Ancient History of the Near and Middle East at LMU Munich (Karen Radner, Humboldt Professorship 2015. The annotated edition is released under the Creative Commons Attribution Share-Alike license 3.0.  Please cite this page as http://oracc.org/saao/P335573/.",
			"date_of_origin": "Esarhaddon.000.00.00",
			"display_name": "SAA 07 131",
			"edited_twice": "no",
			"genre": "Administrative Record",
			"id_text": "P335573",
			"language": "Akkadian",
			"material": "clay",
			"museum_no": "BM —",
			"object_type": "tablet",
			"oracc_header": "&amp;P335573 = SAA 07 131#project: saao/saa22#atf: lang nb#key: file=SAA22/SAA22.saa#key: musno=1883-01-18, 0144#key: cdli=1883-01-18, 0144#key: date=Esarhaddon#key: writer=#key: preservation=",
			"period": "Neo-Assyrian",
			"please_cite": "Please cite this page as http://oracc.org/saao/P335573/.",
			"pleiades_id": "874621",
			"primary_publication": "ADD 0693",
			"project": "saa07",
			"proposed_date": "(ca. 672-669)",
			"provenience": "Kuyunjik (Nineveh)",
			"publication_history": "SAA 07, 131",
			"regnal_dates": "680–669 BC",
			"rework": "no",
			"ruler": "Esarhaddon",
			"saa_attribution": "Adapted from F. Mario Fales and J. Nicholas Postgate, Imperial Administrative Records, Part I: Palace and Temple Administration (State Archives of Assyria, 7), 1992. Lemmatised by Mikko Luukko, 2017, as part of the research programme of the Alexander von Humboldt Chair in the Ancient History of the Near and Middle East at LMU Munich (Karen Radner, Humboldt Professorship 2015. The annotated edition is released under the Creative Commons Attribution Share-Alike license 3.0.",
			"saa_cdli_accession": "yes",
			"saa_cdli_id": "yes",
			"saa_cdli_museum": "yes",
			"saao_lists": "saao/saa07:P335573",
			"script": "Neo-Assyrian",
			"script_remarks": "inscribed",
			"script_type": "Cuneiform",
			"secondary_record": "no",
			"short_title": "Administrative Records 1",
			"title": "Various Foods from Officials",
			"vol_title": "Imperial Administrative Records, Part I: Palace and Temple Administration",
			"volume": "SAA 7"
		},
		"geometry": {
			"type": "Point",
			"coordinates": [43.151937,36.358684]
		}
	}, {
		"type": "Feature",
		"properties": {
			"designation": "SAA 07 132",
			"atae_lists": "atae/saao:P335875",
			"has_date": "yes",
			"date": "VII-07",
			"month": "VII",
			"day": "07",
			"accession_no": "1881-02-04, 0339",
			"add_no": "ADD 1060",
			"archive": "099 - Miscellaneous",
			"cdli_accession_no": "1881-02-04, 0339",
			"cdli_id": "P335875",
			"cdli_museum_no": "BM —",
			"ch_name": "Food Contributions from Officials",
			"ch_no": "Ch. 11",
			"ch_num_name": "Ch. 11 (Food Contributions from Officials)",
			"collection": "British Museum, London, UK",
			"comp_wit": "witness",
			"credits": "Adapted from F. Mario Fales and J. Nicholas Postgate, Imperial Administrative Records, Part I: Palace and Temple Administration (State Archives of Assyria, 7), 1992. Lemmatised by Mikko Luukko, 2017, as part of the research programme of the Alexander von Humboldt Chair in the Ancient History of the Near and Middle East at LMU Munich (Karen Radner, Humboldt Professorship 2015. The annotated edition is released under the Creative Commons Attribution Share-Alike license 3.0.  Please cite this page as http://oracc.org/saao/P335875/.",
			"date_gen": "VII-07",
			"date_of_origin": "00.000.07.07",
			"display_name": "SAA 07 132",
			"edited_twice": "no",
			"genre": "Administrative Record",
			"id_text": "P335875",
			"language": "Akkadian",
			"long_date": "Tašrītu 7th",
			"long_date_gen": "Tašrītu 7th",
			"material": "clay",
			"museum_no": "BM —",
			"object_type": "tablet",
			"oracc_header": "&amp;P335875 = SAA 07 132#project: saao/saa22#atf: lang nb#key: file=SAA22/SAA22.saa#key: musno=1881-02-04, 0339#key: cdli=1881-02-04, 0339#key: date=Esarhaddon or Ashurbanipal#key: writer=#key: preservation=",
			"period": "Neo-Assyrian",
			"please_cite": "Please cite this page as http://oracc.org/saao/P335875/.",
			"pleiades_id": "874621",
			"primary_publication": "ADD 1060",
			"project": "saa07",
			"proposed_date": "(ca. 674-650)",
			"provenience": "Kuyunjik (Nineveh)",
			"publication_history": "SAA 07, 132",
			"rework": "no",
			"ruler": "Esarhaddon or Ashurbanipal",
			"saa_attribution": "Adapted from F. Mario Fales and J. Nicholas Postgate, Imperial Administrative Records, Part I: Palace and Temple Administration (State Archives of Assyria, 7), 1992. Lemmatised by Mikko Luukko, 2017, as part of the research programme of the Alexander von Humboldt Chair in the Ancient History of the Near and Middle East at LMU Munich (Karen Radner, Humboldt Professorship 2015. The annotated edition is released under the Creative Commons Attribution Share-Alike license 3.0.",
			"saa_cdli_accession": "yes",
			"saa_cdli_id": "yes",
			"saa_cdli_museum": "yes",
			"saao_lists": "saao/saa07:P335875",
			"script": "Neo-Assyrian",
			"script_remarks": "inscribed",
			"script_type": "Cuneiform",
			"secondary_record": "no",
			"short_title": "Administrative Records 1",
			"title": "Fruit and Drink for the Queen",
			"vol_title": "Imperial Administrative Records, Part I: Palace and Temple Administration",
			"volume": "SAA 7"
		},
		"geometry": {
			"type": "Point",
			"coordinates": [43.151937,36.358684]
		}
	}, {
		"type": "Feature",
		"properties": {
			"designation": "SAA 07 133",
			"atae_lists": "atae/saao:P335926",
			"has_date": "no",
			"accession_no": "DT 228",
			"add_no": "ADD 1131",
			"archive": "099 - Miscellaneous",
			"cdli_accession_no": "DT 228",
			"cdli_id": "P335926",
			"cdli_museum_no": "BM —",
			"ch_name": "Food Contributions from Officials",
			"ch_no": "Ch. 11",
			"ch_num_name": "Ch. 11 (Food Contributions from Officials)",
			"collection": "British Museum, London, UK",
			"comp_wit": "witness",
			"credits": "Adapted from F. Mario Fales and J. Nicholas Postgate, Imperial Administrative Records, Part I: Palace and Temple Administration (State Archives of Assyria, 7), 1992. Lemmatised by Mikko Luukko, 2017, as part of the research programme of the Alexander von Humboldt Chair in the Ancient History of the Near and Middle East at LMU Munich (Karen Radner, Humboldt Professorship 2015. The annotated edition is released under the Creative Commons Attribution Share-Alike license 3.0.  Please cite this page as http://oracc.org/saao/P335926/.",
			"date_of_origin": "00.000.00.00",
			"display_name": "SAA 07 133",
			"edited_twice": "no",
			"genre": "Administrative Record",
			"id_text": "P335926",
			"language": "Akkadian",
			"material": "clay",
			"museum_no": "BM —",
			"object_type": "tablet",
			"oracc_header": "&amp;P335926 = SAA 07 133#project: saao/saa22#atf: lang nb#key: file=SAA22/SAA22.saa#key: musno=DT 228#key: cdli=DT 228#key: date=Esarhaddon or Ashurbanipal#key: writer=#key: preservation=",
			"period": "Neo-Assyrian",
			"please_cite": "Please cite this page as http://oracc.org/saao/P335926/.",
			"pleiades_id": "874621",
			"primary_publication": "ADD 1131",
			"project": "saa07",
			"proposed_date": "(ca. 674-650)",
			"provenience": "Kuyunjik (Nineveh)",
			"publication_history": "SAA 07, 133",
			"rework": "no",
			"ruler": "Esarhaddon or Ashurbanipal",
			"saa_attribution": "Adapted from F. Mario Fales and J. Nicholas Postgate, Imperial Administrative Records, Part I: Palace and Temple Administration (State Archives of Assyria, 7), 1992. Lemmatised by Mikko Luukko, 2017, as part of the research programme of the Alexander von Humboldt Chair in the Ancient History of the Near and Middle East at LMU Munich (Karen Radner, Humboldt Professorship 2015. The annotated edition is released under the Creative Commons Attribution Share-Alike license 3.0.",
			"saa_cdli_accession": "yes",
			"saa_cdli_id": "yes",
			"saa_cdli_museum": "yes",
			"saao_lists": "saao/saa07:P335926",
			"script": "Neo-Assyrian",
			"script_remarks": "inscribed",
			"script_type": "Cuneiform",
			"secondary_record": "no",
			"short_title": "Administrative Records 1",
			"title": "Various Foods from Officials",
			"vol_title": "Imperial Administrative Records, Part I: Palace and Temple Administration",
			"volume": "SAA 7"
		},
		"geometry": {
			"type": "Point",
			"coordinates": [43.151937,36.358684]
		}
	}, {
		"type": "Feature",
		"properties": {
			"designation": "SAA 07 134",
			"atae_lists": "atae/saao:P335872",
			"has_date": "unknown",
			"accession_no": "1883-01-18, 0256",
			"add_no": "ADD 1057",
			"archive": "099 - Miscellaneous",
			"cdli_accession_no": "1883-01-18, 0256",
			"cdli_id": "P335872",
			"cdli_museum_no": "BM —",
			"ch_name": "Food Contributions from Officials",
			"ch_no": "Ch. 11",
			"ch_num_name": "Ch. 11 (Food Contributions from Officials)",
			"collection": "British Museum, London, UK",
			"comp_wit": "witness",
			"credits": "Adapted from F. Mario Fales and J. Nicholas Postgate, Imperial Administrative Records, Part I: Palace and Temple Administration (State Archives of Assyria, 7), 1992. Lemmatised by Mikko Luukko, 2017, as part of the research programme of the Alexander von Humboldt Chair in the Ancient History of the Near and Middle East at LMU Munich (Karen Radner, Humboldt Professorship 2015. The annotated edition is released under the Creative Commons Attribution Share-Alike license 3.0.  Please cite this page as http://oracc.org/saao/P335872/.",
			"date_of_origin": "00.000.00.00",
			"display_name": "SAA 07 134",
			"edited_twice": "no",
			"genre": "Administrative Record",
			"id_text": "P335872",
			"language": "Akkadian",
			"material": "clay",
			"museum_no": "BM —",
			"object_type": "tablet",
			"oracc_header": "&amp;P335872 = SAA 07 134#project: saao/saa22#atf: lang nb#key: file=SAA22/SAA22.saa#key: musno=1883-01-18, 0256#key: cdli=1883-01-18, 0256#key: date=Esarhaddon or Ashurbanipal#key: writer=#key: preservation=",
			"period": "Neo-Assyrian",
			"please_cite": "Please cite this page as http://oracc.org/saao/P335872/.",
			"pleiades_id": "874621",
			"primary_publication": "ADD 1057",
			"project": "saa07",
			"proposed_date": "(ca. 674-650)",
			"provenience": "Kuyunjik (Nineveh)",
			"publication_history": "SAA 07, 134",
			"rework": "no",
			"ruler": "Esarhaddon or Ashurbanipal",
			"saa_attribution": "Adapted from F. Mario Fales and J. Nicholas Postgate, Imperial Administrative Records, Part I: Palace and Temple Administration (State Archives of Assyria, 7), 1992. Lemmatised by Mikko Luukko, 2017, as part of the research programme of the Alexander von Humboldt Chair in the Ancient History of the Near and Middle East at LMU Munich (Karen Radner, Humboldt Professorship 2015. The annotated edition is released under the Creative Commons Attribution Share-Alike license 3.0.",
			"saa_cdli_accession": "yes",
			"saa_cdli_id": "yes",
			"saa_cdli_museum": "yes",
			"saao_lists": "saao/saa07:P335872",
			"script": "Neo-Assyrian",
			"script_remarks": "inscribed",
			"script_type": "Cuneiform",
			"secondary_record": "no",
			"short_title": "Administrative Records 1",
			"title": "Various Contributions from(?) Officials",
			"vol_title": "Imperial Administrative Records, Part I: Palace and Temple Administration",
			"volume": "SAA 7"
		},
		"geometry": {
			"type": "Point",
			"coordinates": [43.151937,36.358684]
		}
	}, {
		"type": "Feature",
		"properties": {
			"designation": "SAA 07 135",
			"atae_lists": "atae/saao:P335809",
			"has_date": "yes",
			"date": "VI-14",
			"month": "VI",
			"day": "14",
			"accession_no": "1881-02-04, 0284",
			"add_no": "ADD 0985",
			"archive": "099 - Miscellaneous",
			"cdli_accession_no": "1881-02-04, 0284",
			"cdli_id": "P335809",
			"cdli_museum_no": "BM —",
			"ch_name": "Food Contributions from Officials",
			"ch_no": "Ch. 11",
			"ch_num_name": "Ch. 11 (Food Contributions from Officials)",
			"collection": "British Museum, London, UK",
			"comp_wit": "witness",
			"credits": "Adapted from F. Mario Fales and J. Nicholas Postgate, Imperial Administrative Records, Part I: Palace and Temple Administration (State Archives of Assyria, 7), 1992. Lemmatised by Mikko Luukko, 2017, as part of the research programme of the Alexander von Humboldt Chair in the Ancient History of the Near and Middle East at LMU Munich (Karen Radner, Humboldt Professorship 2015. The annotated edition is released under the Creative Commons Attribution Share-Alike license 3.0.  Please cite this page as http://oracc.org/saao/P335809/.",
			"date_gen": "VI-14",
			"date_of_origin": "00.000.06.14",
			"display_name": "SAA 07 135",
			"edited_twice": "no",
			"genre": "Administrative Record",
			"id_text": "P335809",
			"language": "Akkadian",
			"long_date": "Ulūlu 14th",
			"long_date_gen": "Ulūlu 14th",
			"material": "clay",
			"museum_no": "BM —",
			"object_type": "tablet",
			"oracc_header": "&amp;P335809 = SAA 07 135#project: saao/saa22#atf: lang nb#key: file=SAA22/SAA22.saa#key: musno=1881-02-04, 0284#key: cdli=1881-02-04, 0284#key: date=Esarhaddon or Ashurbanipal#key: writer=#key: preservation=",
			"period": "Neo-Assyrian",
			"please_cite": "Please cite this page as http://oracc.org/saao/P335809/.",
			"pleiades_id": "874621",
			"primary_publication": "ADD 0985",
			"project": "saa07",
			"proposed_date": "(ca. 674-650)",
			"provenience": "Kuyunjik (Nineveh)",
			"publication_history": "SAA 07, 135",
			"rework": "no",
			"ruler": "Esarhaddon or Ashurbanipal",
			"saa_attribution": "Adapted from F. Mario Fales and J. Nicholas Postgate, Imperial Administrative Records, Part I: Palace and Temple Administration (State Archives of Assyria, 7), 1992. Lemmatised by Mikko Luukko, 2017, as part of the research programme of the Alexander von Humboldt Chair in the Ancient History of the Near and Middle East at LMU Munich (Karen Radner, Humboldt Professorship 2015. The annotated edition is released under the Creative Commons Attribution Share-Alike license 3.0.",
			"saa_cdli_accession": "yes",
			"saa_cdli_id": "yes",
			"saa_cdli_museum": "yes",
			"saao_lists": "saao/saa07:P335809",
			"script": "Neo-Assyrian",
			"script_remarks": "inscribed",
			"script_type": "Cuneiform",
			"secondary_record": "no",
			"short_title": "Administrative Records 1",
			"title": "Various Foods from Officials(?)",
			"vol_title": "Imperial Administrative Records, Part I: Palace and Temple Administration",
			"volume": "SAA 7"
		},
		"geometry": {
			"type": "Point",
			"coordinates": [43.151937,36.358684]
		}
	}, {
		"type": "Feature",
		"properties": {
			"designation": "SAA 07 136",
			"atae_lists": "atae/saao:P335774",
			"has_date": "unknown",
			"accession_no": "K 06367",
			"add_no": "ADD 0942",
			"archive": "099 - Miscellaneous",
			"cdli_accession_no": "K 06367",
			"cdli_id": "P335774",
			"cdli_museum_no": "BM —",
			"ch_name": "Food Contributions from Officials",
			"ch_no": "Ch. 11",
			"ch_num_name": "Ch. 11 (Food Contributions from Officials)",
			"collection": "British Museum, London, UK",
			"comp_wit": "witness",
			"credits": "Adapted from F. Mario Fales and J. Nicholas Postgate, Imperial Administrative Records, Part I: Palace and Temple Administration (State Archives of Assyria, 7), 1992. Lemmatised by Mikko Luukko, 2017, as part of the research programme of the Alexander von Humboldt Chair in the Ancient History of the Near and Middle East at LMU Munich (Karen Radner, Humboldt Professorship 2015. The annotated edition is released under the Creative Commons Attribution Share-Alike license 3.0.  Please cite this page as http://oracc.org/saao/P335774/.",
			"date_of_origin": "00.000.00.00",
			"display_name": "SAA 07 136",
			"edited_twice": "no",
			"genre": "Administrative Record",
			"id_text": "P335774",
			"language": "Akkadian",
			"material": "clay",
			"museum_no": "BM —",
			"object_type": "tablet",
			"oracc_header": "&amp;P335774 = SAA 07 136#project: saao/saa22#atf: lang nb#key: file=SAA22/SAA22.saa#key: musno=K 06367#key: cdli=K 06367#key: date=Esarhaddon or Ashurbanipal#key: writer=#key: preservation=",
			"period": "Neo-Assyrian",
			"please_cite": "Please cite this page as http://oracc.org/saao/P335774/.",
			"pleiades_id": "874621",
			"primary_publication": "ADD 0942",
			"project": "saa07",
			"proposed_date": "(ca. 674-650)",
			"provenience": "Kuyunjik (Nineveh)",
			"publication_history": "SAA 07, 136",
			"rework": "no",
			"ruler": "Esarhaddon or Ashurbanipal",
			"saa_attribution": "Adapted from F. Mario Fales and J. Nicholas Postgate, Imperial Administrative Records, Part I: Palace and Temple Administration (State Archives of Assyria, 7), 1992. Lemmatised by Mikko Luukko, 2017, as part of the research programme of the Alexander von Humboldt Chair in the Ancient History of the Near and Middle East at LMU Munich (Karen Radner, Humboldt Professorship 2015. The annotated edition is released under the Creative Commons Attribution Share-Alike license 3.0.",
			"saa_cdli_accession": "yes",
			"saa_cdli_id": "yes",
			"saa_cdli_museum": "yes",
			"saao_lists": "saao/saa07:P335774",
			"script": "Neo-Assyrian",
			"script_remarks": "inscribed",
			"script_type": "Cuneiform",
			"secondary_record": "no",
			"short_title": "Administrative Records 1",
			"title": "Various Foods from(?) Officials",
			"vol_title": "Imperial Administrative Records, Part I: Palace and Temple Administration",
			"volume": "SAA 7"
		},
		"geometry": {
			"type": "Point",
			"coordinates": [43.151937,36.358684]
		}
	}, {
		"type": "Feature",
		"properties": {
			"designation": "SAA 07 137",
			"atae_lists": "atae/saao:P335691",
			"has_date": "unknown",
			"accession_no": "K 13581 + 1883-01-18, 0715",
			"add_no": "ADD 0848+",
			"archive": "099 - Miscellaneous",
			"cdli_accession_no": "K 13581 + 1883-01-18, 0715",
			"cdli_id": "P335691",
			"cdli_museum_no": "BM —",
			"ch_name": "Various Accounts of Food, Drink and Aromatics",
			"ch_no": "Ch. 12",
			"ch_num_name": "Ch. 12 (Various Accounts of Food, Drink and Aromatics)",
			"collection": "British Museum, London, UK",
			"comp_wit": "witness",
			"credits": "Adapted from F. Mario Fales and J. Nicholas Postgate, Imperial Administrative Records, Part I: Palace and Temple Administration (State Archives of Assyria, 7), 1992. Lemmatised by Mikko Luukko, 2017, as part of the research programme of the Alexander von Humboldt Chair in the Ancient History of the Near and Middle East at LMU Munich (Karen Radner, Humboldt Professorship 2015. The annotated edition is released under the Creative Commons Attribution Share-Alike license 3.0.  Please cite this page as http://oracc.org/saao/P335691/.",
			"date_of_origin": "00.000.00.00",
			"display_name": "SAA 07 137",
			"edited_twice": "no",
			"genre": "Administrative Record",
			"id_text": "P335691",
			"language": "Akkadian",
			"material": "clay",
			"museum_no": "BM —",
			"object_type": "tablet",
			"oracc_header": "&amp;P335691 = SAA 07 137#project: saao/saa22#atf: lang nb#key: file=SAA22/SAA22.saa#key: musno=K 13581 + 1883-01-18, 0715#key: cdli=K 13581 + 1883-01-18, 0715#key: date=Esarhaddon or Ashurbanipal#key: writer=#key: preservation=",
			"period": "Neo-Assyrian",
			"please_cite": "Please cite this page as http://oracc.org/saao/P335691/.",
			"pleiades_id": "874621",
			"primary_publication": "ADD 0848+",
			"project": "saa07",
			"proposed_date": "(ca. 674-650)",
			"provenience": "Kuyunjik (Nineveh)",
			"publication_history": "SAA 07, 137",
			"rework": "no",
			"ruler": "Esarhaddon or Ashurbanipal",
			"saa_attribution": "Adapted from F. Mario Fales and J. Nicholas Postgate, Imperial Administrative Records, Part I: Palace and Temple Administration (State Archives of Assyria, 7), 1992. Lemmatised by Mikko Luukko, 2017, as part of the research programme of the Alexander von Humboldt Chair in the Ancient History of the Near and Middle East at LMU Munich (Karen Radner, Humboldt Professorship 2015. The annotated edition is released under the Creative Commons Attribution Share-Alike license 3.0.",
			"saa_cdli_accession": "yes",
			"saa_cdli_id": "yes",
			"saa_cdli_museum": "yes",
			"saao_lists": "saao/saa07:P335691",
			"script": "Neo-Assyrian",
			"script_remarks": "inscribed",
			"script_type": "Cuneiform",
			"secondary_record": "no",
			"short_title": "Administrative Records 1",
			"title": "Account of Wine and Beer",
			"vol_title": "Imperial Administrative Records, Part I: Palace and Temple Administration",
			"volume": "SAA 7"
		},
		"geometry": {
			"type": "Point",
			"coordinates": [43.151937,36.358684]
		}
	}, {
		"type": "Feature",
		"properties": {
			"designation": "SAA 07 138",
			"atae_lists": "atae/saao:P335865",
			"has_date": "unknown",
			"accession_no": "K 14123",
			"add_no": "ADD 1049",
			"archive": "099 - Miscellaneous",
			"cdli_accession_no": "K 14123",
			"cdli_id": "P335865",
			"cdli_museum_no": "BM —",
			"ch_name": "Various Accounts of Food, Drink and Aromatics",
			"ch_no": "Ch. 12",
			"ch_num_name": "Ch. 12 (Various Accounts of Food, Drink and Aromatics)",
			"collection": "British Museum, London, UK",
			"comp_wit": "witness",
			"credits": "Adapted from F. Mario Fales and J. Nicholas Postgate, Imperial Administrative Records, Part I: Palace and Temple Administration (State Archives of Assyria, 7), 1992. Lemmatised by Mikko Luukko, 2017, as part of the research programme of the Alexander von Humboldt Chair in the Ancient History of the Near and Middle East at LMU Munich (Karen Radner, Humboldt Professorship 2015. The annotated edition is released under the Creative Commons Attribution Share-Alike license 3.0.  Please cite this page as http://oracc.org/saao/P335865/.",
			"date_of_origin": "00.000.00.00",
			"display_name": "SAA 07 138",
			"edited_twice": "no",
			"genre": "Administrative Record",
			"id_text": "P335865",
			"language": "Akkadian",
			"material": "clay",
			"museum_no": "BM —",
			"object_type": "tablet",
			"oracc_header": "&amp;P335865 = SAA 07 138#project: saao/saa22#atf: lang nb#key: file=SAA22/SAA22.saa#key: musno=K 14123#key: cdli=K 14123#key: date=Esarhaddon or Ashurbanipal#key: writer=#key: preservation=",
			"period": "Neo-Assyrian",
			"please_cite": "Please cite this page as http://oracc.org/saao/P335865/.",
			"pleiades_id": "874621",
			"primary_publication": "ADD 1049",
			"project": "saa07",
			"proposed_date": "(ca. 674-650)",
			"provenience": "Kuyunjik (Nineveh)",
			"publication_history": "SAA 07, 138",
			"rework": "no",
			"ruler": "Esarhaddon or Ashurbanipal",
			"saa_attribution": "Adapted from F. Mario Fales and J. Nicholas Postgate, Imperial Administrative Records, Part I: Palace and Temple Administration (State Archives of Assyria, 7), 1992. Lemmatised by Mikko Luukko, 2017, as part of the research programme of the Alexander von Humboldt Chair in the Ancient History of the Near and Middle East at LMU Munich (Karen Radner, Humboldt Professorship 2015. The annotated edition is released under the Creative Commons Attribution Share-Alike license 3.0.",
			"saa_cdli_accession": "yes",
			"saa_cdli_id": "yes",
			"saa_cdli_museum": "yes",
			"saao_lists": "saao/saa07:P335865",
			"script": "Neo-Assyrian",
			"script_remarks": "inscribed",
			"script_type": "Cuneiform",
			"secondary_record": "no",
			"short_title": "Administrative Records 1",
			"title": "Account of Wine and Beer",
			"vol_title": "Imperial Administrative Records, Part I: Palace and Temple Administration",
			"volume": "SAA 7"
		},
		"geometry": {
			"type": "Point",
			"coordinates": [43.151937,36.358684]
		}
	}, {
		"type": "Feature",
		"properties": {
			"designation": "SAA 07 139",
			"atae_lists": "atae/saao:P335866",
			"has_date": "unknown",
			"accession_no": "K 14124",
			"add_no": "ADD 1050",
			"archive": "099 - Miscellaneous",
			"cdli_accession_no": "K 14124",
			"cdli_id": "P335866",
			"cdli_museum_no": "BM —",
			"ch_name": "Various Accounts of Food, Drink and Aromatics",
			"ch_no": "Ch. 12",
			"ch_num_name": "Ch. 12 (Various Accounts of Food, Drink and Aromatics)",
			"collection": "British Museum, London, UK",
			"comp_wit": "witness",
			"credits": "Adapted from F. Mario Fales and J. Nicholas Postgate, Imperial Administrative Records, Part I: Palace and Temple Administration (State Archives of Assyria, 7), 1992. Lemmatised by Mikko Luukko, 2017, as part of the research programme of the Alexander von Humboldt Chair in the Ancient History of the Near and Middle East at LMU Munich (Karen Radner, Humboldt Professorship 2015. The annotated edition is released under the Creative Commons Attribution Share-Alike license 3.0.  Please cite this page as http://oracc.org/saao/P335866/.",
			"date_of_origin": "00.000.00.00",
			"display_name": "SAA 07 139",
			"edited_twice": "no",
			"genre": "Administrative Record",
			"id_text": "P335866",
			"language": "Akkadian",
			"material": "clay",
			"museum_no": "BM —",
			"object_type": "tablet",
			"oracc_header": "&amp;P335866 = SAA 07 139#project: saao/saa22#atf: lang nb#key: file=SAA22/SAA22.saa#key: musno=K 14124#key: cdli=K 14124#key: date=Esarhaddon or Ashurbanipal#key: writer=#key: preservation=",
			"period": "Neo-Assyrian",
			"please_cite": "Please cite this page as http://oracc.org/saao/P335866/.",
			"pleiades_id": "874621",
			"primary_publication": "ADD 1050",
			"project": "saa07",
			"proposed_date": "(ca. 674-650)",
			"provenience": "Kuyunjik (Nineveh)",
			"publication_history": "SAA 07, 139",
			"rework": "no",
			"ruler": "Esarhaddon or Ashurbanipal",
			"saa_attribution": "Adapted from F. Mario Fales and J. Nicholas Postgate, Imperial Administrative Records, Part I: Palace and Temple Administration (State Archives of Assyria, 7), 1992. Lemmatised by Mikko Luukko, 2017, as part of the research programme of the Alexander von Humboldt Chair in the Ancient History of the Near and Middle East at LMU Munich (Karen Radner, Humboldt Professorship 2015. The annotated edition is released under the Creative Commons Attribution Share-Alike license 3.0.",
			"saa_cdli_accession": "yes",
			"saa_cdli_id": "yes",
			"saa_cdli_museum": "yes",
			"saao_lists": "saao/saa07:P335866",
			"script": "Neo-Assyrian",
			"script_remarks": "inscribed",
			"script_type": "Cuneiform",
			"secondary_record": "no",
			"short_title": "Administrative Records 1",
			"title": "Account of Wine and Beer",
			"vol_title": "Imperial Administrative Records, Part I: Palace and Temple Administration",
			"volume": "SAA 7"
		},
		"geometry": {
			"type": "Point",
			"coordinates": [43.151937,36.358684]
		}
	}, {
		"type": "Feature",
		"properties": {
			"designation": "SAA 07 140",
			"atae_lists": "atae/saao:P335873",
			"has_date": "no",
			"accession_no": "K 01937 + K 09053",
			"add_no": "ADD 1058+",
			"archive": "099 - Miscellaneous",
			"cdli_accession_no": "K 01937 + K 09053",
			"cdli_id": "P335873",
			"cdli_museum_no": "BM —",
			"ch_name": "Various Accounts of Food, Drink and Aromatics",
			"ch_no": "Ch. 12",
			"ch_num_name": "Ch. 12 (Various Accounts of Food, Drink and Aromatics)",
			"collection": "British Museum, London, UK",
			"comp_wit": "witness",
			"credits": "Adapted from F. Mario Fales and J. Nicholas Postgate, Imperial Administrative Records, Part I: Palace and Temple Administration (State Archives of Assyria, 7), 1992. Lemmatised by Mikko Luukko, 2017, as part of the research programme of the Alexander von Humboldt Chair in the Ancient History of the Near and Middle East at LMU Munich (Karen Radner, Humboldt Professorship 2015. The annotated edition is released under the Creative Commons Attribution Share-Alike license 3.0.  Please cite this page as http://oracc.org/saao/P335873/.",
			"date_of_origin": "00.000.00.00",
			"display_name": "SAA 07 140",
			"edited_twice": "no",
			"genre": "Administrative Record",
			"id_text": "P335873",
			"language": "Akkadian",
			"material": "clay",
			"museum_no": "BM —",
			"object_type": "tablet",
			"oracc_header": "&amp;P335873 = SAA 07 140#project: saao/saa22#atf: lang nb#key: file=SAA22/SAA22.saa#key: musno=K 01937 + K 09053#key: cdli=K 01937 + K 09053#key: date=Esarhaddon or Ashurbanipal#key: writer=#key: preservation=",
			"period": "Neo-Assyrian",
			"please_cite": "Please cite this page as http://oracc.org/saao/P335873/.",
			"pleiades_id": "874621",
			"primary_publication": "ADD 1058+",
			"project": "saa07",
			"proposed_date": "(ca. 674-650)",
			"provenience": "Kuyunjik (Nineveh)",
			"publication_history": "SAA 07, 140",
			"rework": "no",
			"ruler": "Esarhaddon or Ashurbanipal",
			"saa_attribution": "Adapted from F. Mario Fales and J. Nicholas Postgate, Imperial Administrative Records, Part I: Palace and Temple Administration (State Archives of Assyria, 7), 1992. Lemmatised by Mikko Luukko, 2017, as part of the research programme of the Alexander von Humboldt Chair in the Ancient History of the Near and Middle East at LMU Munich (Karen Radner, Humboldt Professorship 2015. The annotated edition is released under the Creative Commons Attribution Share-Alike license 3.0.",
			"saa_cdli_accession": "yes",
			"saa_cdli_id": "yes",
			"saa_cdli_museum": "yes",
			"saao_lists": "saao/saa07:P335873",
			"script": "Neo-Assyrian",
			"script_remarks": "inscribed",
			"script_type": "Cuneiform",
			"secondary_record": "no",
			"short_title": "Administrative Records 1",
			"title": "Record of Wine for Singers",
			"vol_title": "Imperial Administrative Records, Part I: Palace and Temple Administration",
			"volume": "SAA 7"
		},
		"geometry": {
			"type": "Point",
			"coordinates": [43.151937,36.358684]
		}
	}, {
		"type": "Feature",
		"properties": {
			"designation": "SAA 07 141",
			"atae_lists": "atae/saao:P335876",
			"has_date": "unknown",
			"accession_no": "1882-03-23, 0140",
			"add_no": "ADD 1061ab",
			"archive": "099 - Miscellaneous",
			"cdli_accession_no": "1882-03-23, 0140",
			"cdli_id": "P335876",
			"cdli_museum_no": "BM —",
			"ch_name": "Various Accounts of Food, Drink and Aromatics",
			"ch_no": "Ch. 12",
			"ch_num_name": "Ch. 12 (Various Accounts of Food, Drink and Aromatics)",
			"collection": "British Museum, London, UK",
			"comp_wit": "witness",
			"credits": "Adapted from F. Mario Fales and J. Nicholas Postgate, Imperial Administrative Records, Part I: Palace and Temple Administration (State Archives of Assyria, 7), 1992. Lemmatised by Mikko Luukko, 2017, as part of the research programme of the Alexander von Humboldt Chair in the Ancient History of the Near and Middle East at LMU Munich (Karen Radner, Humboldt Professorship 2015. The annotated edition is released under the Creative Commons Attribution Share-Alike license 3.0.  Please cite this page as http://oracc.org/saao/P335876/.",
			"date_of_origin": "00.000.00.00",
			"display_name": "SAA 07 141",
			"edited_twice": "no",
			"genre": "Administrative Record",
			"id_text": "P335876",
			"language": "Akkadian",
			"material": "clay",
			"museum_no": "BM —",
			"object_type": "tablet",
			"oracc_header": "&amp;P335876 = SAA 07 141#project: saao/saa22#atf: lang nb#key: file=SAA22/SAA22.saa#key: musno=1882-03-23, 0140#key: cdli=1882-03-23, 0140#key: date=Esarhaddon or Ashurbanipal#key: writer=#key: preservation=",
			"period": "Neo-Assyrian",
			"please_cite": "Please cite this page as http://oracc.org/saao/P335876/.",
			"pleiades_id": "874621",
			"primary_publication": "ADD 1061ab",
			"project": "saa07",
			"proposed_date": "(ca. 674-650)",
			"provenience": "Kuyunjik (Nineveh)",
			"publication_history": "SAA 07, 141",
			"rework": "no",
			"ruler": "Esarhaddon or Ashurbanipal",
			"saa_attribution": "Adapted from F. Mario Fales and J. Nicholas Postgate, Imperial Administrative Records, Part I: Palace and Temple Administration (State Archives of Assyria, 7), 1992. Lemmatised by Mikko Luukko, 2017, as part of the research programme of the Alexander von Humboldt Chair in the Ancient History of the Near and Middle East at LMU Munich (Karen Radner, Humboldt Professorship 2015. The annotated edition is released under the Creative Commons Attribution Share-Alike license 3.0.",
			"saa_cdli_accession": "yes",
			"saa_cdli_id": "yes",
			"saa_cdli_museum": "yes",
			"saao_lists": "saao/saa07:P335876",
			"script": "Neo-Assyrian",
			"script_remarks": "inscribed",
			"script_type": "Cuneiform",
			"secondary_record": "no",
			"short_title": "Administrative Records 1",
			"title": "Record of Wine and Food",
			"vol_title": "Imperial Administrative Records, Part I: Palace and Temple Administration",
			"volume": "SAA 7"
		},
		"geometry": {
			"type": "Point",
			"coordinates": [43.151937,36.358684]
		}
	}, {
		"type": "Feature",
		"properties": {
			"designation": "SAA 07 142",
			"atae_lists": "atae/saao:P335620",
			"has_date": "unknown",
			"accession_no": "K 01145",
			"add_no": "ADD 0757",
			"archive": "099 - Miscellaneous",
			"cdli_accession_no": "K 01145",
			"cdli_id": "P335620",
			"cdli_museum_no": "BM —",
			"ch_name": "Various Accounts of Food, Drink and Aromatics",
			"ch_no": "Ch. 12",
			"ch_num_name": "Ch. 12 (Various Accounts of Food, Drink and Aromatics)",
			"collection": "British Museum, London, UK",
			"comp_wit": "witness",
			"credits": "Adapted from F. Mario Fales and J. Nicholas Postgate, Imperial Administrative Records, Part I: Palace and Temple Administration (State Archives of Assyria, 7), 1992. Lemmatised by Mikko Luukko, 2017, as part of the research programme of the Alexander von Humboldt Chair in the Ancient History of the Near and Middle East at LMU Munich (Karen Radner, Humboldt Professorship 2015. The annotated edition is released under the Creative Commons Attribution Share-Alike license 3.0.  Please cite this page as http://oracc.org/saao/P335620/.",
			"date_of_origin": "00.000.00.00",
			"display_name": "SAA 07 142",
			"edited_twice": "no",
			"genre": "Administrative Record",
			"id_text": "P335620",
			"language": "Akkadian",
			"material": "clay",
			"museum_no": "BM —",
			"object_type": "tablet",
			"oracc_header": "&amp;P335620 = SAA 07 142#project: saao/saa22#atf: lang nb#key: file=SAA22/SAA22.saa#key: musno=K 01145#key: cdli=K 01145#key: date=Esarhaddon or Ashurbanipal#key: writer=#key: preservation=",
			"period": "Neo-Assyrian",
			"please_cite": "Please cite this page as http://oracc.org/saao/P335620/.",
			"pleiades_id": "874621",
			"primary_publication": "ADD 0757",
			"project": "saa07",
			"proposed_date": "(ca. 674-650)",
			"provenience": "Kuyunjik (Nineveh)",
			"publication_history": "SAA 07, 142",
			"rework": "no",
			"ruler": "Esarhaddon or Ashurbanipal",
			"saa_attribution": "Adapted from F. Mario Fales and J. Nicholas Postgate, Imperial Administrative Records, Part I: Palace and Temple Administration (State Archives of Assyria, 7), 1992. Lemmatised by Mikko Luukko, 2017, as part of the research programme of the Alexander von Humboldt Chair in the Ancient History of the Near and Middle East at LMU Munich (Karen Radner, Humboldt Professorship 2015. The annotated edition is released under the Creative Commons Attribution Share-Alike license 3.0.",
			"saa_cdli_accession": "yes",
			"saa_cdli_id": "yes",
			"saa_cdli_museum": "yes",
			"saao_lists": "saao/saa07:P335620",
			"script": "Neo-Assyrian",
			"script_remarks": "inscribed",
			"script_type": "Cuneiform",
			"secondary_record": "no",
			"short_title": "Administrative Records 1",
			"title": "Bread and Beer to Various Personnel",
			"vol_title": "Imperial Administrative Records, Part I: Palace and Temple Administration",
			"volume": "SAA 7"
		},
		"geometry": {
			"type": "Point",
			"coordinates": [43.151937,36.358684]
		}
	}, {
		"type": "Feature",
		"properties": {
			"designation": "SAA 07 143",
			"atae_lists": "atae/saao:P335924",
			"has_date": "unknown",
			"accession_no": "1883-01-18, 0432",
			"add_no": "ADD 1127",
			"archive": "099 - Miscellaneous",
			"cdli_accession_no": "1883-01-18, 0432",
			"cdli_id": "P335924",
			"cdli_museum_no": "BM —",
			"ch_name": "Various Accounts of Food, Drink and Aromatics",
			"ch_no": "Ch. 12",
			"ch_num_name": "Ch. 12 (Various Accounts of Food, Drink and Aromatics)",
			"collection": "British Museum, London, UK",
			"comp_wit": "witness",
			"credits": "Adapted from F. Mario Fales and J. Nicholas Postgate, Imperial Administrative Records, Part I: Palace and Temple Administration (State Archives of Assyria, 7), 1992. Lemmatised by Mikko Luukko, 2017, as part of the research programme of the Alexander von Humboldt Chair in the Ancient History of the Near and Middle East at LMU Munich (Karen Radner, Humboldt Professorship 2015. The annotated edition is released under the Creative Commons Attribution Share-Alike license 3.0.  Please cite this page as http://oracc.org/saao/P335924/.",
			"date_of_origin": "00.000.00.00",
			"display_name": "SAA 07 143",
			"edited_twice": "no",
			"genre": "Administrative Record",
			"id_text": "P335924",
			"language": "Akkadian",
			"material": "clay",
			"museum_no": "BM —",
			"object_type": "tablet",
			"oracc_header": "&amp;P335924 = SAA 07 143#project: saao/saa22#atf: lang nb#key: file=SAA22/SAA22.saa#key: musno=1883-01-18, 0432#key: cdli=1883-01-18, 0432#key: date=Esarhaddon or Ashurbanipal#key: writer=#key: preservation=",
			"period": "Neo-Assyrian",
			"please_cite": "Please cite this page as http://oracc.org/saao/P335924/.",
			"pleiades_id": "874621",
			"primary_publication": "ADD 1127",
			"project": "saa07",
			"proposed_date": "(ca. 674-650)",
			"provenience": "Kuyunjik (Nineveh)",
			"publication_history": "SAA 07, 143",
			"rework": "no",
			"ruler": "Esarhaddon or Ashurbanipal",
			"saa_attribution": "Adapted from F. Mario Fales and J. Nicholas Postgate, Imperial Administrative Records, Part I: Palace and Temple Administration (State Archives of Assyria, 7), 1992. Lemmatised by Mikko Luukko, 2017, as part of the research programme of the Alexander von Humboldt Chair in the Ancient History of the Near and Middle East at LMU Munich (Karen Radner, Humboldt Professorship 2015. The annotated edition is released under the Creative Commons Attribution Share-Alike license 3.0.",
			"saa_cdli_accession": "yes",
			"saa_cdli_id": "yes",
			"saa_cdli_museum": "yes",
			"saao_lists": "saao/saa07:P335924",
			"script": "Neo-Assyrian",
			"script_remarks": "inscribed",
			"script_type": "Cuneiform",
			"secondary_record": "no",
			"short_title": "Administrative Records 1",
			"title": "Daily Record of Bread Received",
			"vol_title": "Imperial Administrative Records, Part I: Palace and Temple Administration",
			"volume": "SAA 7"
		},
		"geometry": {
			"type": "Point",
			"coordinates": [43.151937,36.358684]
		}
	}, {
		"type": "Feature",
		"properties": {
			"designation": "SAA 07 144",
			"atae_lists": "atae/saao:P336212",
			"has_date": "unknown",
			"accession_no": "1904-10-09, 0146 + 1904-10-09, 0331",
			"archive": "099 - Miscellaneous",
			"cdli_accession_no": "1904-10-09, 0146 + 1904-10-09, 0331",
			"cdli_id": "P336212",
			"cdli_museum_no": "BM 099117 + BM 099299",
			"ch_name": "Various Accounts of Food, Drink and Aromatics",
			"ch_no": "Ch. 12",
			"ch_num_name": "Ch. 12 (Various Accounts of Food, Drink and Aromatics)",
			"collection": "British Museum, London, UK",
			"comp_wit": "witness",
			"credits": "Adapted from F. Mario Fales and J. Nicholas Postgate, Imperial Administrative Records, Part I: Palace and Temple Administration (State Archives of Assyria, 7), 1992. Lemmatised by Mikko Luukko, 2017, as part of the research programme of the Alexander von Humboldt Chair in the Ancient History of the Near and Middle East at LMU Munich (Karen Radner, Humboldt Professorship 2015. The annotated edition is released under the Creative Commons Attribution Share-Alike license 3.0.  Please cite this page as http://oracc.org/saao/P336212/.",
			"date_of_origin": "00.000.00.00",
			"display_name": "SAA 07 144",
			"edited_twice": "no",
			"genre": "Administrative Record",
			"id_text": "P336212",
			"language": "Akkadian",
			"material": "clay",
			"museum_no": "BM 099117 + BM 099299",
			"object_type": "tablet",
			"oracc_header": "&amp;P336212 = SAA 07 144#project: saao/saa22#atf: lang nb#key: file=SAA22/SAA22.saa#key: musno=1904-10-09, 0146 + 1904-10-09, 0331#key: cdli=1904-10-09, 0146 + 1904-10-09, 0331#key: date=Esarhaddon or Ashurbanipal#key: writer=#key: preservation=",
			"other_pub": "Iraq 32 28",
			"period": "Neo-Assyrian",
			"please_cite": "Please cite this page as http://oracc.org/saao/P336212/.",
			"pleiades_id": "874621",
			"primary_publication": "Iraq 32 28",
			"project": "saa07",
			"proposed_date": "(ca. 674-650)",
			"provenience": "Kuyunjik (Nineveh)",
			"publication_history": "SAA 07, 144",
			"rework": "no",
			"ruler": "Esarhaddon or Ashurbanipal",
			"saa_attribution": "Adapted from F. Mario Fales and J. Nicholas Postgate, Imperial Administrative Records, Part I: Palace and Temple Administration (State Archives of Assyria, 7), 1992. Lemmatised by Mikko Luukko, 2017, as part of the research programme of the Alexander von Humboldt Chair in the Ancient History of the Near and Middle East at LMU Munich (Karen Radner, Humboldt Professorship 2015. The annotated edition is released under the Creative Commons Attribution Share-Alike license 3.0.",
			"saa_cdli_accession": "yes",
			"saa_cdli_id": "yes",
			"saa_cdli_museum": "yes",
			"saao_lists": "saao/saa07:P336212",
			"script": "Neo-Assyrian",
			"script_remarks": "inscribed",
			"script_type": "Cuneiform",
			"secondary_record": "no",
			"short_title": "Administrative Records 1",
			"title": "Similar to No. 143",
			"vol_title": "Imperial Administrative Records, Part I: Palace and Temple Administration",
			"volume": "SAA 7"
		},
		"geometry": {
			"type": "Point",
			"coordinates": [43.151937,36.358684]
		}
	}, {
		"type": "Feature",
		"properties": {
			"designation": "SAA 07 145",
			"atae_lists": "atae/saao:P335797",
			"has_date": "unknown",
			"accession_no": "1883-01-18, 0515",
			"add_no": "ADD 0969",
			"archive": "099 - Miscellaneous",
			"cdli_accession_no": "1883-01-18, 0515",
			"cdli_id": "P335797",
			"cdli_museum_no": "BM —",
			"ch_name": "Various Accounts of Food, Drink and Aromatics",
			"ch_no": "Ch. 12",
			"ch_num_name": "Ch. 12 (Various Accounts of Food, Drink and Aromatics)",
			"collection": "British Museum, London, UK",
			"comp_wit": "witness",
			"credits": "Adapted from F. Mario Fales and J. Nicholas Postgate, Imperial Administrative Records, Part I: Palace and Temple Administration (State Archives of Assyria, 7), 1992. Lemmatised by Mikko Luukko, 2017, as part of the research programme of the Alexander von Humboldt Chair in the Ancient History of the Near and Middle East at LMU Munich (Karen Radner, Humboldt Professorship 2015. The annotated edition is released under the Creative Commons Attribution Share-Alike license 3.0.  Please cite this page as http://oracc.org/saao/P335797/.",
			"date_of_origin": "00.000.00.00",
			"display_name": "SAA 07 145",
			"edited_twice": "no",
			"genre": "Administrative Record",
			"id_text": "P335797",
			"language": "Akkadian",
			"material": "clay",
			"museum_no": "BM —",
			"object_type": "tablet",
			"oracc_header": "&amp;P335797 = SAA 07 145#project: saao/saa22#atf: lang nb#key: file=SAA22/SAA22.saa#key: musno=1883-01-18, 0515#key: cdli=1883-01-18, 0515#key: date=Esarhaddon or Ashurbanipal#key: writer=#key: preservation=",
			"period": "Neo-Assyrian",
			"please_cite": "Please cite this page as http://oracc.org/saao/P335797/.",
			"pleiades_id": "874621",
			"primary_publication": "ADD 0969",
			"project": "saa07",
			"proposed_date": "(ca. 674-650)",
			"provenience": "Kuyunjik (Nineveh)",
			"publication_history": "SAA 07, 145",
			"rework": "no",
			"ruler": "Esarhaddon or Ashurbanipal",
			"saa_attribution": "Adapted from F. Mario Fales and J. Nicholas Postgate, Imperial Administrative Records, Part I: Palace and Temple Administration (State Archives of Assyria, 7), 1992. Lemmatised by Mikko Luukko, 2017, as part of the research programme of the Alexander von Humboldt Chair in the Ancient History of the Near and Middle East at LMU Munich (Karen Radner, Humboldt Professorship 2015. The annotated edition is released under the Creative Commons Attribution Share-Alike license 3.0.",
			"saa_cdli_accession": "yes",
			"saa_cdli_id": "yes",
			"saa_cdli_museum": "yes",
			"saao_lists": "saao/saa07:P335797",
			"script": "Neo-Assyrian",
			"script_remarks": "inscribed",
			"script_type": "Cuneiform",
			"secondary_record": "no",
			"short_title": "Administrative Records 1",
			"title": "Record of Various Commodities",
			"vol_title": "Imperial Administrative Records, Part I: Palace and Temple Administration",
			"volume": "SAA 7"
		},
		"geometry": {
			"type": "Point",
			"coordinates": [43.151937,36.358684]
		}
	}, {
		"type": "Feature",
		"properties": {
			"designation": "SAA 07 146",
			"atae_lists": "atae/saao:P335888",
			"has_date": "no",
			"accession_no": "Rm 0559",
			"add_no": "ADD 1074",
			"archive": "099 - Miscellaneous",
			"cdli_accession_no": "Rm 0559",
			"cdli_id": "P335888",
			"cdli_museum_no": "BM —",
			"ch_name": "Various Accounts of Food, Drink and Aromatics",
			"ch_no": "Ch. 12",
			"ch_num_name": "Ch. 12 (Various Accounts of Food, Drink and Aromatics)",
			"collection": "British Museum, London, UK",
			"comp_wit": "witness",
			"credits": "Adapted from F. Mario Fales and J. Nicholas Postgate, Imperial Administrative Records, Part I: Palace and Temple Administration (State Archives of Assyria, 7), 1992. Lemmatised by Mikko Luukko, 2017, as part of the research programme of the Alexander von Humboldt Chair in the Ancient History of the Near and Middle East at LMU Munich (Karen Radner, Humboldt Professorship 2015. The annotated edition is released under the Creative Commons Attribution Share-Alike license 3.0.  Please cite this page as http://oracc.org/saao/P335888/.",
			"date_of_origin": "00.000.00.00",
			"display_name": "SAA 07 146",
			"edited_twice": "no",
			"genre": "Administrative Record",
			"id_text": "P335888",
			"language": "Akkadian",
			"material": "clay",
			"museum_no": "BM —",
			"object_type": "tablet",
			"oracc_header": "&amp;P335888 = SAA 07 146#project: saao/saa22#atf: lang nb#key: file=SAA22/SAA22.saa#key: musno=Rm 0559#key: cdli=Rm 0559#key: date=Esarhaddon or Ashurbanipal#key: writer=#key: preservation=",
			"period": "Neo-Assyrian",
			"please_cite": "Please cite this page as http://oracc.org/saao/P335888/.",
			"pleiades_id": "874621",
			"primary_publication": "ADD 1074",
			"project": "saa07",
			"proposed_date": "(ca. 674-650)",
			"provenience": "Kuyunjik (Nineveh)",
			"publication_history": "SAA 07, 146",
			"rework": "no",
			"ruler": "Esarhaddon or Ashurbanipal",
			"saa_attribution": "Adapted from F. Mario Fales and J. Nicholas Postgate, Imperial Administrative Records, Part I: Palace and Temple Administration (State Archives of Assyria, 7), 1992. Lemmatised by Mikko Luukko, 2017, as part of the research programme of the Alexander von Humboldt Chair in the Ancient History of the Near and Middle East at LMU Munich (Karen Radner, Humboldt Professorship 2015. The annotated edition is released under the Creative Commons Attribution Share-Alike license 3.0.",
			"saa_cdli_accession": "yes",
			"saa_cdli_id": "yes",
			"saa_cdli_museum": "yes",
			"saao_lists": "saao/saa07:P335888",
			"script": "Neo-Assyrian",
			"script_remarks": "inscribed",
			"script_type": "Cuneiform",
			"secondary_record": "no",
			"short_title": "Administrative Records 1",
			"title": "Record of Aromatics",
			"vol_title": "Imperial Administrative Records, Part I: Palace and Temple Administration",
			"volume": "SAA 7"
		},
		"geometry": {
			"type": "Point",
			"coordinates": [43.151937,36.358684]
		}
	}, {
		"type": "Feature",
		"properties": {
			"designation": "SAA 07 147",
			"atae_lists": "atae/saao:P335899",
			"has_date": "unknown",
			"accession_no": "1883-01-18, 0402",
			"add_no": "ADD 1089",
			"archive": "099 - Miscellaneous",
			"cdli_accession_no": "1883-01-18, 0402",
			"cdli_id": "P335899",
			"cdli_museum_no": "BM —",
			"ch_name": "Various Accounts of Food, Drink and Aromatics",
			"ch_no": "Ch. 12",
			"ch_num_name": "Ch. 12 (Various Accounts of Food, Drink and Aromatics)",
			"collection": "British Museum, London, UK",
			"comp_wit": "witness",
			"credits": "Adapted from F. Mario Fales and J. Nicholas Postgate, Imperial Administrative Records, Part I: Palace and Temple Administration (State Archives of Assyria, 7), 1992. Lemmatised by Mikko Luukko, 2017, as part of the research programme of the Alexander von Humboldt Chair in the Ancient History of the Near and Middle East at LMU Munich (Karen Radner, Humboldt Professorship 2015. The annotated edition is released under the Creative Commons Attribution Share-Alike license 3.0.  Please cite this page as http://oracc.org/saao/P335899/.",
			"date_of_origin": "00.000.00.00",
			"display_name": "SAA 07 147",
			"edited_twice": "no",
			"genre": "Administrative Record",
			"id_text": "P335899",
			"language": "Akkadian",
			"material": "clay",
			"museum_no": "BM —",
			"object_type": "tablet",
			"oracc_header": "&amp;P335899 = SAA 07 147#project: saao/saa22#atf: lang nb#key: file=SAA22/SAA22.saa#key: musno=1883-01-18, 0402#key: cdli=1883-01-18, 0402#key: date=Esarhaddon or Ashurbanipal#key: writer=#key: preservation=",
			"period": "Neo-Assyrian",
			"please_cite": "Please cite this page as http://oracc.org/saao/P335899/.",
			"pleiades_id": "874621",
			"primary_publication": "ADD 1089",
			"project": "saa07",
			"proposed_date": "(ca. 674-650)",
			"provenience": "Kuyunjik (Nineveh)",
			"publication_history": "SAA 07, 147",
			"rework": "no",
			"ruler": "Esarhaddon or Ashurbanipal",
			"saa_attribution": "Adapted from F. Mario Fales and J. Nicholas Postgate, Imperial Administrative Records, Part I: Palace and Temple Administration (State Archives of Assyria, 7), 1992. Lemmatised by Mikko Luukko, 2017, as part of the research programme of the Alexander von Humboldt Chair in the Ancient History of the Near and Middle East at LMU Munich (Karen Radner, Humboldt Professorship 2015. The annotated edition is released under the Creative Commons Attribution Share-Alike license 3.0.",
			"saa_cdli_accession": "yes",
			"saa_cdli_id": "yes",
			"saa_cdli_museum": "yes",
			"saao_lists": "saao/saa07:P335899",
			"script": "Neo-Assyrian",
			"script_remarks": "inscribed",
			"script_type": "Cuneiform",
			"secondary_record": "no",
			"short_title": "Administrative Records 1",
			"title": "Record of Aromatic Ointments",
			"vol_title": "Imperial Administrative Records, Part I: Palace and Temple Administration",
			"volume": "SAA 7"
		},
		"geometry": {
			"type": "Point",
			"coordinates": [43.151937,36.358684]
		}
	}, {
		"type": "Feature",
		"properties": {
			"designation": "SAA 07 148",
			"atae_lists": "atae/saao:P335895",
			"has_date": "unknown",
			"accession_no": "K 02023",
			"add_no": "ADD 1083",
			"archive": "099 - Miscellaneous",
			"cdli_accession_no": "K 02023",
			"cdli_id": "P335895",
			"cdli_museum_no": "BM —",
			"ch_name": "Accounts of Banquets",
			"ch_no": "Ch. 13",
			"ch_num_name": "Ch. 13 (Accounts of Banquets)",
			"collection": "British Museum, London, UK",
			"comp_wit": "witness",
			"credits": "Adapted from F. Mario Fales and J. Nicholas Postgate, Imperial Administrative Records, Part I: Palace and Temple Administration (State Archives of Assyria, 7), 1992. Lemmatised by Mikko Luukko, 2017, as part of the research programme of the Alexander von Humboldt Chair in the Ancient History of the Near and Middle East at LMU Munich (Karen Radner, Humboldt Professorship 2015. The annotated edition is released under the Creative Commons Attribution Share-Alike license 3.0.  Please cite this page as http://oracc.org/saao/P335895/.",
			"date_of_origin": "Esarhaddon.000.00.00",
			"display_name": "SAA 07 148",
			"edited_twice": "no",
			"genre": "Administrative Record",
			"id_text": "P335895",
			"language": "Akkadian",
			"material": "clay",
			"museum_no": "BM —",
			"object_type": "tablet",
			"oracc_header": "&amp;P335895 = SAA 07 148#project: saao/saa22#atf: lang nb#key: file=SAA22/SAA22.saa#key: musno=K 02023#key: cdli=K 02023#key: date=Esarhaddon#key: writer=#key: preservation=",
			"period": "Neo-Assyrian",
			"please_cite": "Please cite this page as http://oracc.org/saao/P335895/.",
			"pleiades_id": "874621",
			"primary_publication": "ADD 1083",
			"project": "saa07",
			"proposed_date": "(ca. 672-669)",
			"provenience": "Kuyunjik (Nineveh)",
			"publication_history": "SAA 07, 148",
			"regnal_dates": "680–669 BC",
			"rework": "no",
			"ruler": "Esarhaddon",
			"saa_attribution": "Adapted from F. Mario Fales and J. Nicholas Postgate, Imperial Administrative Records, Part I: Palace and Temple Administration (State Archives of Assyria, 7), 1992. Lemmatised by Mikko Luukko, 2017, as part of the research programme of the Alexander von Humboldt Chair in the Ancient History of the Near and Middle East at LMU Munich (Karen Radner, Humboldt Professorship 2015. The annotated edition is released under the Creative Commons Attribution Share-Alike license 3.0.",
			"saa_cdli_accession": "yes",
			"saa_cdli_id": "yes",
			"saa_cdli_museum": "yes",
			"saao_lists": "saao/saa07:P335895",
			"script": "Neo-Assyrian",
			"script_remarks": "inscribed",
			"script_type": "Cuneiform",
			"secondary_record": "no",
			"short_title": "Administrative Records 1",
			"title": "Accounts from Ceremonial Banquet",
			"vol_title": "Imperial Administrative Records, Part I: Palace and Temple Administration",
			"volume": "SAA 7"
		},
		"geometry": {
			"type": "Point",
			"coordinates": [43.151937,36.358684]
		}
	}, {
		"type": "Feature",
		"properties": {
			"designation": "SAA 07 149",
			"atae_lists": "atae/saao:P335922",
			"has_date": "unknown",
			"accession_no": "1882-05-22, 0548",
			"add_no": "ADD 1125",
			"archive": "099 - Miscellaneous",
			"cdli_accession_no": "1882-05-22, 0548",
			"cdli_id": "P335922",
			"cdli_museum_no": "BM —",
			"ch_name": "Accounts of Banquets",
			"ch_no": "Ch. 13",
			"ch_num_name": "Ch. 13 (Accounts of Banquets)",
			"collection": "British Museum, London, UK",
			"comp_wit": "witness",
			"credits": "Adapted from F. Mario Fales and J. Nicholas Postgate, Imperial Administrative Records, Part I: Palace and Temple Administration (State Archives of Assyria, 7), 1992. Lemmatised by Mikko Luukko, 2017, as part of the research programme of the Alexander von Humboldt Chair in the Ancient History of the Near and Middle East at LMU Munich (Karen Radner, Humboldt Professorship 2015. The annotated edition is released under the Creative Commons Attribution Share-Alike license 3.0.  Please cite this page as http://oracc.org/saao/P335922/.",
			"date_of_origin": "Esarhaddon.000.00.00",
			"display_name": "SAA 07 149",
			"edited_twice": "no",
			"genre": "Administrative Record",
			"id_text": "P335922",
			"language": "Akkadian",
			"material": "clay",
			"museum_no": "BM —",
			"object_type": "tablet",
			"oracc_header": "&amp;P335922 = SAA 07 149#project: saao/saa22#atf: lang nb#key: file=SAA22/SAA22.saa#key: musno=1882-05-22, 0548#key: cdli=1882-05-22, 0548#key: date=Esarhaddon#key: writer=#key: preservation=",
			"period": "Neo-Assyrian",
			"please_cite": "Please cite this page as http://oracc.org/saao/P335922/.",
			"pleiades_id": "874621",
			"primary_publication": "ADD 1125",
			"project": "saa07",
			"proposed_date": "(ca. 672-669)",
			"provenience": "Kuyunjik (Nineveh)",
			"publication_history": "SAA 07, 149",
			"regnal_dates": "680–669 BC",
			"rework": "no",
			"ruler": "Esarhaddon",
			"saa_attribution": "Adapted from F. Mario Fales and J. Nicholas Postgate, Imperial Administrative Records, Part I: Palace and Temple Administration (State Archives of Assyria, 7), 1992. Lemmatised by Mikko Luukko, 2017, as part of the research programme of the Alexander von Humboldt Chair in the Ancient History of the Near and Middle East at LMU Munich (Karen Radner, Humboldt Professorship 2015. The annotated edition is released under the Creative Commons Attribution Share-Alike license 3.0.",
			"saa_cdli_accession": "yes",
			"saa_cdli_id": "yes",
			"saa_cdli_museum": "yes",
			"saao_lists": "saao/saa07:P335922",
			"script": "Neo-Assyrian",
			"script_remarks": "inscribed",
			"script_type": "Cuneiform",
			"secondary_record": "no",
			"short_title": "Administrative Records 1",
			"title": "Accounts from Ceremonial Banquet",
			"vol_title": "Imperial Administrative Records, Part I: Palace and Temple Administration",
			"volume": "SAA 7"
		},
		"geometry": {
			"type": "Point",
			"coordinates": [43.151937,36.358684]
		}
	}, {
		"type": "Feature",
		"properties": {
			"designation": "SAA 07 150",
			"atae_lists": "atae/saao:P335678",
			"has_date": "unknown",
			"accession_no": "K 07702 + K 13029 + K 13198 + K 13752 + K 18554",
			"add_no": "ADD 0834+",
			"archive": "099 - Miscellaneous",
			"cdli_accession_no": "K 07702 + K 13029 + K 13198 + K 13752 + K 18554",
			"cdli_id": "P335678",
			"cdli_museum_no": "BM —",
			"ch_name": "Accounts of Banquets",
			"ch_no": "Ch. 13",
			"ch_num_name": "Ch. 13 (Accounts of Banquets)",
			"collection": "British Museum, London, UK",
			"comp_wit": "witness",
			"credits": "Adapted from F. Mario Fales and J. Nicholas Postgate, Imperial Administrative Records, Part I: Palace and Temple Administration (State Archives of Assyria, 7), 1992. Lemmatised by Mikko Luukko, 2017, as part of the research programme of the Alexander von Humboldt Chair in the Ancient History of the Near and Middle East at LMU Munich (Karen Radner, Humboldt Professorship 2015. The annotated edition is released under the Creative Commons Attribution Share-Alike license 3.0.  Please cite this page as http://oracc.org/saao/P335678/.",
			"date_of_origin": "Esarhaddon.000.00.00",
			"display_name": "SAA 07 150",
			"edited_twice": "no",
			"genre": "Administrative Record",
			"id_text": "P335678",
			"language": "Akkadian",
			"material": "clay",
			"museum_no": "BM —",
			"object_type": "tablet",
			"oracc_header": "&amp;P335678 = SAA 07 150#project: saao/saa22#atf: lang nb#key: file=SAA22/SAA22.saa#key: musno=K 07702 + K 13029 + K 13198 + K 13752 + K 18554#key: cdli=K 07702 + K 13029 + K 13198 + K 13752 + K 18554#key: date=Esarhaddon#key: writer=#key: preservation=",
			"period": "Neo-Assyrian",
			"please_cite": "Please cite this page as http://oracc.org/saao/P335678/.",
			"pleiades_id": "874621",
			"primary_publication": "ADD 0834+",
			"project": "saa07",
			"proposed_date": "(ca. 672-669)",
			"provenience": "Kuyunjik (Nineveh)",
			"publication_history": "SAA 07, 150",
			"regnal_dates": "680–669 BC",
			"rework": "no",
			"ruler": "Esarhaddon",
			"saa_attribution": "Adapted from F. Mario Fales and J. Nicholas Postgate, Imperial Administrative Records, Part I: Palace and Temple Administration (State Archives of Assyria, 7), 1992. Lemmatised by Mikko Luukko, 2017, as part of the research programme of the Alexander von Humboldt Chair in the Ancient History of the Near and Middle East at LMU Munich (Karen Radner, Humboldt Professorship 2015. The annotated edition is released under the Creative Commons Attribution Share-Alike license 3.0.",
			"saa_cdli_accession": "yes",
			"saa_cdli_id": "yes",
			"saa_cdli_museum": "yes",
			"saao_lists": "saao/saa07:P335678",
			"script": "Neo-Assyrian",
			"script_remarks": "inscribed",
			"script_type": "Cuneiform",
			"secondary_record": "no",
			"short_title": "Administrative Records 1",
			"title": "Accounts from Ceremonial Banquet",
			"vol_title": "Imperial Administrative Records, Part I: Palace and Temple Administration",
			"volume": "SAA 7"
		},
		"geometry": {
			"type": "Point",
			"coordinates": [43.151937,36.358684]
		}
	}, {
		"type": "Feature",
		"properties": {
			"designation": "SAA 07 151",
			"atae_lists": "atae/saao:P335806",
			"has_date": "unknown",
			"accession_no": "1883-01-18, 0454",
			"add_no": "ADD 0981",
			"archive": "099 - Miscellaneous",
			"cdli_accession_no": "1883-01-18, 0454",
			"cdli_id": "P335806",
			"cdli_museum_no": "BM —",
			"ch_name": "Accounts of Banquets",
			"ch_no": "Ch. 13",
			"ch_num_name": "Ch. 13 (Accounts of Banquets)",
			"collection": "British Museum, London, UK",
			"comp_wit": "witness",
			"credits": "Adapted from F. Mario Fales and J. Nicholas Postgate, Imperial Administrative Records, Part I: Palace and Temple Administration (State Archives of Assyria, 7), 1992. Lemmatised by Mikko Luukko, 2017, as part of the research programme of the Alexander von Humboldt Chair in the Ancient History of the Near and Middle East at LMU Munich (Karen Radner, Humboldt Professorship 2015. The annotated edition is released under the Creative Commons Attribution Share-Alike license 3.0.  Please cite this page as http://oracc.org/saao/P335806/.",
			"date_of_origin": "Esarhaddon.000.00.00",
			"display_name": "SAA 07 151",
			"edited_twice": "no",
			"genre": "Administrative Record",
			"id_text": "P335806",
			"language": "Akkadian",
			"material": "clay",
			"museum_no": "BM —",
			"object_type": "tablet",
			"oracc_header": "&amp;P335806 = SAA 07 151#project: saao/saa22#atf: lang nb#key: file=SAA22/SAA22.saa#key: musno=1883-01-18, 0454#key: cdli=1883-01-18, 0454#key: date=Esarhaddon#key: writer=#key: preservation=",
			"period": "Neo-Assyrian",
			"please_cite": "Please cite this page as http://oracc.org/saao/P335806/.",
			"pleiades_id": "874621",
			"primary_publication": "ADD 0981",
			"project": "saa07",
			"proposed_date": "(ca. 672-669)",
			"provenience": "Kuyunjik (Nineveh)",
			"publication_history": "SAA 07, 151",
			"regnal_dates": "680–669 BC",
			"rework": "no",
			"ruler": "Esarhaddon",
			"saa_attribution": "Adapted from F. Mario Fales and J. Nicholas Postgate, Imperial Administrative Records, Part I: Palace and Temple Administration (State Archives of Assyria, 7), 1992. Lemmatised by Mikko Luukko, 2017, as part of the research programme of the Alexander von Humboldt Chair in the Ancient History of the Near and Middle East at LMU Munich (Karen Radner, Humboldt Professorship 2015. The annotated edition is released under the Creative Commons Attribution Share-Alike license 3.0.",
			"saa_cdli_accession": "yes",
			"saa_cdli_id": "yes",
			"saa_cdli_museum": "yes",
			"saao_lists": "saao/saa07:P335806",
			"script": "Neo-Assyrian",
			"script_remarks": "inscribed",
			"script_type": "Cuneiform",
			"secondary_record": "no",
			"short_title": "Administrative Records 1",
			"title": "Accounts from Ceremonial Banquet",
			"vol_title": "Imperial Administrative Records, Part I: Palace and Temple Administration",
			"volume": "SAA 7"
		},
		"geometry": {
			"type": "Point",
			"coordinates": [43.151937,36.358684]
		}
	}, {
		"type": "Feature",
		"properties": {
			"designation": "SAA 07 152",
			"atae_lists": "atae/saao:P335799",
			"has_date": "unknown",
			"accession_no": "Sm 0287",
			"add_no": "ADD 0971",
			"archive": "099 - Miscellaneous",
			"cdli_accession_no": "Sm 0287",
			"cdli_id": "P335799",
			"cdli_museum_no": "BM —",
			"ch_name": "Accounts of Banquets",
			"ch_no": "Ch. 13",
			"ch_num_name": "Ch. 13 (Accounts of Banquets)",
			"collection": "British Museum, London, UK",
			"comp_wit": "witness",
			"credits": "Adapted from F. Mario Fales and J. Nicholas Postgate, Imperial Administrative Records, Part I: Palace and Temple Administration (State Archives of Assyria, 7), 1992. Lemmatised by Mikko Luukko, 2017, as part of the research programme of the Alexander von Humboldt Chair in the Ancient History of the Near and Middle East at LMU Munich (Karen Radner, Humboldt Professorship 2015. The annotated edition is released under the Creative Commons Attribution Share-Alike license 3.0.  Please cite this page as http://oracc.org/saao/P335799/.",
			"date_of_origin": "Esarhaddon.000.00.00",
			"display_name": "SAA 07 152",
			"edited_twice": "no",
			"genre": "Administrative Record",
			"id_text": "P335799",
			"language": "Akkadian",
			"material": "clay",
			"museum_no": "BM —",
			"object_type": "tablet",
			"oracc_header": "&amp;P335799 = SAA 07 152#project: saao/saa22#atf: lang nb#key: file=SAA22/SAA22.saa#key: musno=Sm 0287#key: cdli=Sm 0287#key: date=Esarhaddon#key: writer=#key: preservation=",
			"period": "Neo-Assyrian",
			"please_cite": "Please cite this page as http://oracc.org/saao/P335799/.",
			"pleiades_id": "874621",
			"primary_publication": "ADD 0971",
			"project": "saa07",
			"proposed_date": "(ca. 672-669)",
			"provenience": "Kuyunjik (Nineveh)",
			"publication_history": "SAA 07, 152",
			"regnal_dates": "680–669 BC",
			"rework": "no",
			"ruler": "Esarhaddon",
			"saa_attribution": "Adapted from F. Mario Fales and J. Nicholas Postgate, Imperial Administrative Records, Part I: Palace and Temple Administration (State Archives of Assyria, 7), 1992. Lemmatised by Mikko Luukko, 2017, as part of the research programme of the Alexander von Humboldt Chair in the Ancient History of the Near and Middle East at LMU Munich (Karen Radner, Humboldt Professorship 2015. The annotated edition is released under the Creative Commons Attribution Share-Alike license 3.0.",
			"saa_cdli_accession": "yes",
			"saa_cdli_id": "yes",
			"saa_cdli_museum": "yes",
			"saao_lists": "saao/saa07:P335799",
			"script": "Neo-Assyrian",
			"script_remarks": "inscribed",
			"script_type": "Cuneiform",
			"secondary_record": "no",
			"short_title": "Administrative Records 1",
			"title": "Accounts from Ceremonial Banquet",
			"vol_title": "Imperial Administrative Records, Part I: Palace and Temple Administration",
			"volume": "SAA 7"
		},
		"geometry": {
			"type": "Point",
			"coordinates": [43.151937,36.358684]
		}
	}, {
		"type": "Feature",
		"properties": {
			"designation": "SAA 07 153",
			"atae_lists": "atae/saao:P335864",
			"has_date": "unknown",
			"accession_no": "K 11955",
			"add_no": "ADD 1046",
			"archive": "099 - Miscellaneous",
			"cdli_accession_no": "K 11955",
			"cdli_id": "P335864",
			"cdli_museum_no": "BM —",
			"ch_name": "Accounts of Banquets",
			"ch_no": "Ch. 13",
			"ch_num_name": "Ch. 13 (Accounts of Banquets)",
			"collection": "British Museum, London, UK",
			"comp_wit": "witness",
			"credits": "Adapted from F. Mario Fales and J. Nicholas Postgate, Imperial Administrative Records, Part I: Palace and Temple Administration (State Archives of Assyria, 7), 1992. Lemmatised by Mikko Luukko, 2017, as part of the research programme of the Alexander von Humboldt Chair in the Ancient History of the Near and Middle East at LMU Munich (Karen Radner, Humboldt Professorship 2015. The annotated edition is released under the Creative Commons Attribution Share-Alike license 3.0.  Please cite this page as http://oracc.org/saao/P335864/.",
			"date_of_origin": "Esarhaddon.000.00.00",
			"display_name": "SAA 07 153",
			"edited_twice": "no",
			"genre": "Administrative Record",
			"id_text": "P335864",
			"language": "Akkadian",
			"material": "clay",
			"museum_no": "BM —",
			"object_type": "tablet",
			"oracc_header": "&amp;P335864 = SAA 07 153#project: saao/saa22#atf: lang nb#key: file=SAA22/SAA22.saa#key: musno=K 11955#key: cdli=K 11955#key: date=Esarhaddon#key: writer=#key: preservation=",
			"period": "Neo-Assyrian",
			"please_cite": "Please cite this page as http://oracc.org/saao/P335864/.",
			"pleiades_id": "874621",
			"primary_publication": "ADD 1046",
			"project": "saa07",
			"proposed_date": "(ca. 672-669)",
			"provenience": "Kuyunjik (Nineveh)",
			"publication_history": "SAA 07, 153",
			"regnal_dates": "680–669 BC",
			"rework": "no",
			"ruler": "Esarhaddon",
			"saa_attribution": "Adapted from F. Mario Fales and J. Nicholas Postgate, Imperial Administrative Records, Part I: Palace and Temple Administration (State Archives of Assyria, 7), 1992. Lemmatised by Mikko Luukko, 2017, as part of the research programme of the Alexander von Humboldt Chair in the Ancient History of the Near and Middle East at LMU Munich (Karen Radner, Humboldt Professorship 2015. The annotated edition is released under the Creative Commons Attribution Share-Alike license 3.0.",
			"saa_cdli_accession": "yes",
			"saa_cdli_id": "yes",
			"saa_cdli_museum": "yes",
			"saao_lists": "saao/saa07:P335864",
			"script": "Neo-Assyrian",
			"script_remarks": "inscribed",
			"script_type": "Cuneiform",
			"secondary_record": "no",
			"short_title": "Administrative Records 1",
			"title": "Accounts from Ceremonial Banquet",
			"vol_title": "Imperial Administrative Records, Part I: Palace and Temple Administration",
			"volume": "SAA 7"
		},
		"geometry": {
			"type": "Point",
			"coordinates": [43.151937,36.358684]
		}
	}, {
		"type": "Feature",
		"properties": {
			"designation": "SAA 07 154",
			"atae_lists": "atae/saao:P335798",
			"has_date": "unknown",
			"accession_no": "K 09119 + K 11420",
			"add_no": "ADD 0970+",
			"archive": "099 - Miscellaneous",
			"cdli_accession_no": "K 09119 + K 11420",
			"cdli_id": "P335798",
			"cdli_museum_no": "BM —",
			"ch_name": "Accounts of Banquets",
			"ch_no": "Ch. 13",
			"ch_num_name": "Ch. 13 (Accounts of Banquets)",
			"collection": "British Museum, London, UK",
			"comp_wit": "witness",
			"credits": "Adapted from F. Mario Fales and J. Nicholas Postgate, Imperial Administrative Records, Part I: Palace and Temple Administration (State Archives of Assyria, 7), 1992. Lemmatised by Mikko Luukko, 2017, as part of the research programme of the Alexander von Humboldt Chair in the Ancient History of the Near and Middle East at LMU Munich (Karen Radner, Humboldt Professorship 2015. The annotated edition is released under the Creative Commons Attribution Share-Alike license 3.0.  Please cite this page as http://oracc.org/saao/P335798/.",
			"date_of_origin": "Esarhaddon.000.00.00",
			"display_name": "SAA 07 154",
			"edited_twice": "no",
			"genre": "Administrative Record",
			"id_text": "P335798",
			"language": "Akkadian",
			"material": "clay",
			"museum_no": "BM —",
			"object_type": "tablet",
			"oracc_header": "&amp;P335798 = SAA 07 154#project: saao/saa22#atf: lang nb#key: file=SAA22/SAA22.saa#key: musno=K 09119 + K 11420#key: cdli=K 09119 + K 11420#key: date=Esarhaddon#key: writer=#key: preservation=",
			"period": "Neo-Assyrian",
			"please_cite": "Please cite this page as http://oracc.org/saao/P335798/.",
			"pleiades_id": "874621",
			"primary_publication": "ADD 0970+",
			"project": "saa07",
			"proposed_date": "(ca. 672-669)",
			"provenience": "Kuyunjik (Nineveh)",
			"publication_history": "SAA 07, 154",
			"regnal_dates": "680–669 BC",
			"rework": "no",
			"ruler": "Esarhaddon",
			"saa_attribution": "Adapted from F. Mario Fales and J. Nicholas Postgate, Imperial Administrative Records, Part I: Palace and Temple Administration (State Archives of Assyria, 7), 1992. Lemmatised by Mikko Luukko, 2017, as part of the research programme of the Alexander von Humboldt Chair in the Ancient History of the Near and Middle East at LMU Munich (Karen Radner, Humboldt Professorship 2015. The annotated edition is released under the Creative Commons Attribution Share-Alike license 3.0.",
			"saa_cdli_accession": "yes",
			"saa_cdli_id": "yes",
			"saa_cdli_museum": "yes",
			"saao_lists": "saao/saa07:P335798",
			"script": "Neo-Assyrian",
			"script_remarks": "inscribed",
			"script_type": "Cuneiform",
			"secondary_record": "no",
			"short_title": "Administrative Records 1",
			"title": "Accounts from Ceremonial Banquet",
			"vol_title": "Imperial Administrative Records, Part I: Palace and Temple Administration",
			"volume": "SAA 7"
		},
		"geometry": {
			"type": "Point",
			"coordinates": [43.151937,36.358684]
		}
	}, {
		"type": "Feature",
		"properties": {
			"designation": "SAA 07 155",
			"atae_lists": "atae/saao:P335738",
			"has_date": "unknown",
			"accession_no": "K 08822",
			"add_no": "ADD 0898",
			"archive": "099 - Miscellaneous",
			"cdli_accession_no": "K 08822",
			"cdli_id": "P335738",
			"cdli_museum_no": "BM —",
			"ch_name": "Accounts of Banquets",
			"ch_no": "Ch. 13",
			"ch_num_name": "Ch. 13 (Accounts of Banquets)",
			"collection": "British Museum, London, UK",
			"comp_wit": "witness",
			"credits": "Adapted from F. Mario Fales and J. Nicholas Postgate, Imperial Administrative Records, Part I: Palace and Temple Administration (State Archives of Assyria, 7), 1992. Lemmatised by Mikko Luukko, 2017, as part of the research programme of the Alexander von Humboldt Chair in the Ancient History of the Near and Middle East at LMU Munich (Karen Radner, Humboldt Professorship 2015. The annotated edition is released under the Creative Commons Attribution Share-Alike license 3.0.  Please cite this page as http://oracc.org/saao/P335738/.",
			"date_of_origin": "Esarhaddon.000.00.00",
			"display_name": "SAA 07 155",
			"edited_twice": "no",
			"genre": "Administrative Record",
			"id_text": "P335738",
			"language": "Akkadian",
			"material": "clay",
			"museum_no": "BM —",
			"object_type": "tablet",
			"oracc_header": "&amp;P335738 = SAA 07 155#project: saao/saa22#atf: lang nb#key: file=SAA22/SAA22.saa#key: musno=K 08822#key: cdli=K 08822#key: date=Esarhaddon#key: writer=#key: preservation=",
			"period": "Neo-Assyrian",
			"please_cite": "Please cite this page as http://oracc.org/saao/P335738/.",
			"pleiades_id": "874621",
			"primary_publication": "ADD 0898",
			"project": "saa07",
			"proposed_date": "(ca. 672-669)",
			"provenience": "Kuyunjik (Nineveh)",
			"publication_history": "SAA 07, 155",
			"regnal_dates": "680–669 BC",
			"rework": "no",
			"ruler": "Esarhaddon",
			"saa_attribution": "Adapted from F. Mario Fales and J. Nicholas Postgate, Imperial Administrative Records, Part I: Palace and Temple Administration (State Archives of Assyria, 7), 1992. Lemmatised by Mikko Luukko, 2017, as part of the research programme of the Alexander von Humboldt Chair in the Ancient History of the Near and Middle East at LMU Munich (Karen Radner, Humboldt Professorship 2015. The annotated edition is released under the Creative Commons Attribution Share-Alike license 3.0.",
			"saa_cdli_accession": "yes",
			"saa_cdli_id": "yes",
			"saa_cdli_museum": "yes",
			"saao_lists": "saao/saa07:P335738",
			"script": "Neo-Assyrian",
			"script_remarks": "inscribed",
			"script_type": "Cuneiform",
			"secondary_record": "no",
			"short_title": "Administrative Records 1",
			"title": "Account of Banquet(?)",
			"vol_title": "Imperial Administrative Records, Part I: Palace and Temple Administration",
			"volume": "SAA 7"
		},
		"geometry": {
			"type": "Point",
			"coordinates": [43.151937,36.358684]
		}
	}, {
		"type": "Feature",
		"properties": {
			"designation": "SAA 07 156",
			"atae_lists": "atae/saao:P335687",
			"has_date": "no",
			"accession_no": "1880-07-19, 0347",
			"add_no": "ADD 0844",
			"archive": "099 - Miscellaneous",
			"cdli_accession_no": "1880-07-19, 0347",
			"cdli_id": "P335687",
			"cdli_museum_no": "BM —",
			"ch_name": "Accounts of Banquets",
			"ch_no": "Ch. 13",
			"ch_num_name": "Ch. 13 (Accounts of Banquets)",
			"collection": "British Museum, London, UK",
			"comp_wit": "witness",
			"credits": "Adapted from F. Mario Fales and J. Nicholas Postgate, Imperial Administrative Records, Part I: Palace and Temple Administration (State Archives of Assyria, 7), 1992. Lemmatised by Mikko Luukko, 2017, as part of the research programme of the Alexander von Humboldt Chair in the Ancient History of the Near and Middle East at LMU Munich (Karen Radner, Humboldt Professorship 2015. The annotated edition is released under the Creative Commons Attribution Share-Alike license 3.0.  Please cite this page as http://oracc.org/saao/P335687/.",
			"date_of_origin": "Esarhaddon.000.00.00",
			"display_name": "SAA 07 156",
			"edited_twice": "no",
			"genre": "Administrative Record",
			"id_text": "P335687",
			"language": "Akkadian",
			"material": "clay",
			"museum_no": "BM —",
			"object_type": "tablet",
			"oracc_header": "&amp;P335687 = SAA 07 156#project: saao/saa22#atf: lang nb#key: file=SAA22/SAA22.saa#key: musno=1880-07-19, 0347#key: cdli=1880-07-19, 0347#key: date=Esarhaddon#key: writer=#key: preservation=",
			"period": "Neo-Assyrian",
			"please_cite": "Please cite this page as http://oracc.org/saao/P335687/.",
			"pleiades_id": "874621",
			"primary_publication": "ADD 0844",
			"project": "saa07",
			"proposed_date": "(ca. 672-669)",
			"provenience": "Kuyunjik (Nineveh)",
			"publication_history": "SAA 07, 156",
			"regnal_dates": "680–669 BC",
			"rework": "no",
			"ruler": "Esarhaddon",
			"saa_attribution": "Adapted from F. Mario Fales and J. Nicholas Postgate, Imperial Administrative Records, Part I: Palace and Temple Administration (State Archives of Assyria, 7), 1992. Lemmatised by Mikko Luukko, 2017, as part of the research programme of the Alexander von Humboldt Chair in the Ancient History of the Near and Middle East at LMU Munich (Karen Radner, Humboldt Professorship 2015. The annotated edition is released under the Creative Commons Attribution Share-Alike license 3.0.",
			"saa_cdli_accession": "yes",
			"saa_cdli_id": "yes",
			"saa_cdli_museum": "yes",
			"saao_lists": "saao/saa07:P335687",
			"script": "Neo-Assyrian",
			"script_remarks": "inscribed",
			"script_type": "Cuneiform",
			"secondary_record": "no",
			"short_title": "Administrative Records 1",
			"title": "Account of Banquet(?)",
			"vol_title": "Imperial Administrative Records, Part I: Palace and Temple Administration",
			"volume": "SAA 7"
		},
		"geometry": {
			"type": "Point",
			"coordinates": [43.151937,36.358684]
		}
	}, {
		"type": "Feature",
		"properties": {
			"designation": "SAA 07 157",
			"atae_lists": "atae/saao:P335681",
			"has_date": "unknown",
			"accession_no": "K 04672 + K 09751 + K 14261",
			"add_no": "ADD 0838+",
			"archive": "099 - Miscellaneous",
			"cdli_accession_no": "K 04672 + K 09751 + K 14261",
			"cdli_id": "P335681",
			"cdli_museum_no": "BM —",
			"ch_name": "Accounts of Banquets",
			"ch_no": "Ch. 13",
			"ch_num_name": "Ch. 13 (Accounts of Banquets)",
			"collection": "British Museum, London, UK",
			"comp_wit": "witness",
			"credits": "Adapted from F. Mario Fales and J. Nicholas Postgate, Imperial Administrative Records, Part I: Palace and Temple Administration (State Archives of Assyria, 7), 1992. Lemmatised by Mikko Luukko, 2017, as part of the research programme of the Alexander von Humboldt Chair in the Ancient History of the Near and Middle East at LMU Munich (Karen Radner, Humboldt Professorship 2015. The annotated edition is released under the Creative Commons Attribution Share-Alike license 3.0.  Please cite this page as http://oracc.org/saao/P335681/.",
			"date_of_origin": "Esarhaddon.000.00.00",
			"display_name": "SAA 07 157",
			"edited_twice": "no",
			"genre": "Administrative Record",
			"id_text": "P335681",
			"language": "Akkadian",
			"material": "clay",
			"museum_no": "BM —",
			"object_type": "tablet",
			"oracc_header": "&amp;P335681 = SAA 07 157#project: saao/saa22#atf: lang nb#key: file=SAA22/SAA22.saa#key: musno=K 04672 + K 09751 + K 14261#key: cdli=K 04672 + K 09751 + K 14261#key: date=Esarhaddon#key: writer=#key: preservation=",
			"period": "Neo-Assyrian",
			"please_cite": "Please cite this page as http://oracc.org/saao/P335681/.",
			"pleiades_id": "874621",
			"primary_publication": "ADD 0838+",
			"project": "saa07",
			"proposed_date": "(ca. 672-669)",
			"provenience": "Kuyunjik (Nineveh)",
			"publication_history": "SAA 07, 157",
			"regnal_dates": "680–669 BC",
			"rework": "no",
			"ruler": "Esarhaddon",
			"saa_attribution": "Adapted from F. Mario Fales and J. Nicholas Postgate, Imperial Administrative Records, Part I: Palace and Temple Administration (State Archives of Assyria, 7), 1992. Lemmatised by Mikko Luukko, 2017, as part of the research programme of the Alexander von Humboldt Chair in the Ancient History of the Near and Middle East at LMU Munich (Karen Radner, Humboldt Professorship 2015. The annotated edition is released under the Creative Commons Attribution Share-Alike license 3.0.",
			"saa_cdli_accession": "yes",
			"saa_cdli_id": "yes",
			"saa_cdli_museum": "yes",
			"saao_lists": "saao/saa07:P335681",
			"script": "Neo-Assyrian",
			"script_remarks": "inscribed",
			"script_type": "Cuneiform",
			"secondary_record": "no",
			"short_title": "Administrative Records 1",
			"title": "Account of Food and Drink Distribution",
			"vol_title": "Imperial Administrative Records, Part I: Palace and Temple Administration",
			"volume": "SAA 7"
		},
		"geometry": {
			"type": "Point",
			"coordinates": [43.151937,36.358684]
		}
	}, {
		"type": "Feature",
		"properties": {
			"designation": "SAA 07 158",
			"atae_lists": "atae/saao:P335887",
			"has_date": "unknown",
			"accession_no": "K 04797",
			"add_no": "ADD 1073",
			"archive": "099 - Miscellaneous",
			"cdli_accession_no": "K 04797",
			"cdli_id": "P335887",
			"cdli_museum_no": "BM —",
			"ch_name": "Miscellaneous Temple Offerings",
			"ch_no": "Ch. 14",
			"ch_num_name": "Ch. 14 (Miscellaneous Temple Offerings)",
			"collection": "British Museum, London, UK",
			"comp_wit": "witness",
			"credits": "Adapted from F. Mario Fales and J. Nicholas Postgate, Imperial Administrative Records, Part I: Palace and Temple Administration (State Archives of Assyria, 7), 1992. Lemmatised by Mikko Luukko, 2017, as part of the research programme of the Alexander von Humboldt Chair in the Ancient History of the Near and Middle East at LMU Munich (Karen Radner, Humboldt Professorship 2015. The annotated edition is released under the Creative Commons Attribution Share-Alike license 3.0.  Please cite this page as http://oracc.org/saao/P335887/.",
			"date_of_origin": "00.000.00.00",
			"display_name": "SAA 07 158",
			"edited_twice": "no",
			"genre": "Administrative Record",
			"id_text": "P335887",
			"language": "Akkadian",
			"material": "clay",
			"museum_no": "BM —",
			"object_type": "tablet",
			"oracc_header": "&amp;P335887 = SAA 07 158#project: saao/saa22#atf: lang nb#key: file=SAA22/SAA22.saa#key: musno=K 04797#key: cdli=K 04797#key: date=Esarhaddon or Ashurbanipal#key: writer=#key: preservation=",
			"period": "Neo-Assyrian",
			"please_cite": "Please cite this page as http://oracc.org/saao/P335887/.",
			"pleiades_id": "874621",
			"primary_publication": "ADD 1073",
			"project": "saa07",
			"proposed_date": "(ca. 674-650)",
			"provenience": "Kuyunjik (Nineveh)",
			"publication_history": "SAA 07, 158",
			"rework": "no",
			"ruler": "Esarhaddon or Ashurbanipal",
			"saa_attribution": "Adapted from F. Mario Fales and J. Nicholas Postgate, Imperial Administrative Records, Part I: Palace and Temple Administration (State Archives of Assyria, 7), 1992. Lemmatised by Mikko Luukko, 2017, as part of the research programme of the Alexander von Humboldt Chair in the Ancient History of the Near and Middle East at LMU Munich (Karen Radner, Humboldt Professorship 2015. The annotated edition is released under the Creative Commons Attribution Share-Alike license 3.0.",
			"saa_cdli_accession": "yes",
			"saa_cdli_id": "yes",
			"saa_cdli_museum": "yes",
			"saao_lists": "saao/saa07:P335887",
			"script": "Neo-Assyrian",
			"script_remarks": "inscribed",
			"script_type": "Cuneiform",
			"secondary_record": "no",
			"short_title": "Administrative Records 1",
			"title": "Record of Food Offerings",
			"vol_title": "Imperial Administrative Records, Part I: Palace and Temple Administration",
			"volume": "SAA 7"
		},
		"geometry": {
			"type": "Point",
			"coordinates": [43.151937,36.358684]
		}
	}, {
		"type": "Feature",
		"properties": {
			"designation": "SAA 07 159",
			"atae_lists": "atae/saao:P335817",
			"has_date": "no",
			"accession_no": "K 01548 + 1883-01-18, 0592",
			"add_no": "ADD 0995+",
			"archive": "099 - Miscellaneous",
			"cdli_accession_no": "K 01548 + 1883-01-18, 0592",
			"cdli_id": "P335817",
			"cdli_museum_no": "BM —",
			"ch_name": "Miscellaneous Temple Offerings",
			"ch_no": "Ch. 14",
			"ch_num_name": "Ch. 14 (Miscellaneous Temple Offerings)",
			"collection": "British Museum, London, UK",
			"comp_wit": "witness",
			"credits": "Adapted from F. Mario Fales and J. Nicholas Postgate, Imperial Administrative Records, Part I: Palace and Temple Administration (State Archives of Assyria, 7), 1992. Lemmatised by Mikko Luukko, 2017, as part of the research programme of the Alexander von Humboldt Chair in the Ancient History of the Near and Middle East at LMU Munich (Karen Radner, Humboldt Professorship 2015. The annotated edition is released under the Creative Commons Attribution Share-Alike license 3.0.  Please cite this page as http://oracc.org/saao/P335817/.",
			"date_of_origin": "00.000.00.00",
			"display_name": "SAA 07 159",
			"edited_twice": "no",
			"genre": "Administrative Record",
			"id_text": "P335817",
			"language": "Akkadian",
			"material": "clay",
			"museum_no": "BM —",
			"object_type": "tablet",
			"oracc_header": "&amp;P335817 = SAA 07 159#project: saao/saa22#atf: lang nb#key: file=SAA22/SAA22.saa#key: musno=K 01548 + 1883-01-18, 0592#key: cdli=K 01548 + 1883-01-18, 0592#key: date=Esarhaddon or Ashurbanipal#key: writer=#key: preservation=",
			"period": "Neo-Assyrian",
			"please_cite": "Please cite this page as http://oracc.org/saao/P335817/.",
			"pleiades_id": "874621",
			"primary_publication": "ADD 0995+",
			"project": "saa07",
			"proposed_date": "(ca. 674-650)",
			"provenience": "Kuyunjik (Nineveh)",
			"publication_history": "SAA 07, 159",
			"rework": "no",
			"ruler": "Esarhaddon or Ashurbanipal",
			"saa_attribution": "Adapted from F. Mario Fales and J. Nicholas Postgate, Imperial Administrative Records, Part I: Palace and Temple Administration (State Archives of Assyria, 7), 1992. Lemmatised by Mikko Luukko, 2017, as part of the research programme of the Alexander von Humboldt Chair in the Ancient History of the Near and Middle East at LMU Munich (Karen Radner, Humboldt Professorship 2015. The annotated edition is released under the Creative Commons Attribution Share-Alike license 3.0.",
			"saa_cdli_accession": "yes",
			"saa_cdli_id": "yes",
			"saa_cdli_museum": "yes",
			"saao_lists": "saao/saa07:P335817",
			"script": "Neo-Assyrian",
			"script_remarks": "inscribed",
			"script_type": "Cuneiform",
			"secondary_record": "no",
			"short_title": "Administrative Records 1",
			"title": "Record of Food Offerings from Officials",
			"vol_title": "Imperial Administrative Records, Part I: Palace and Temple Administration",
			"volume": "SAA 7"
		},
		"geometry": {
			"type": "Point",
			"coordinates": [43.151937,36.358684]
		}
	}, {
		"type": "Feature",
		"properties": {
			"designation": "SAA 07 160",
			"atae_lists": "atae/saao:P335891",
			"has_date": "no",
			"accession_no": "K 09761",
			"add_no": "ADD 1078",
			"archive": "099 - Miscellaneous",
			"cdli_accession_no": "K 09761",
			"cdli_id": "P335891",
			"cdli_museum_no": "BM —",
			"ch_name": "Miscellaneous Temple Offerings",
			"ch_no": "Ch. 14",
			"ch_num_name": "Ch. 14 (Miscellaneous Temple Offerings)",
			"collection": "British Museum, London, UK",
			"comp_wit": "witness",
			"credits": "Adapted from F. Mario Fales and J. Nicholas Postgate, Imperial Administrative Records, Part I: Palace and Temple Administration (State Archives of Assyria, 7), 1992. Lemmatised by Mikko Luukko, 2017, as part of the research programme of the Alexander von Humboldt Chair in the Ancient History of the Near and Middle East at LMU Munich (Karen Radner, Humboldt Professorship 2015. The annotated edition is released under the Creative Commons Attribution Share-Alike license 3.0.  Please cite this page as http://oracc.org/saao/P335891/.",
			"date_of_origin": "00.000.00.00",
			"display_name": "SAA 07 160",
			"edited_twice": "no",
			"genre": "Administrative Record",
			"id_text": "P335891",
			"language": "Akkadian",
			"material": "clay",
			"museum_no": "BM —",
			"object_type": "tablet",
			"oracc_header": "&amp;P335891 = SAA 07 160#project: saao/saa22#atf: lang nb#key: file=SAA22/SAA22.saa#key: musno=K 09761#key: cdli=K 09761#key: date=Esarhaddon or Ashurbanipal#key: writer=#key: preservation=",
			"period": "Neo-Assyrian",
			"please_cite": "Please cite this page as http://oracc.org/saao/P335891/.",
			"pleiades_id": "874621",
			"primary_publication": "ADD 1078",
			"project": "saa07",
			"proposed_date": "(ca. 674-650)",
			"provenience": "Kuyunjik (Nineveh)",
			"publication_history": "SAA 07, 160",
			"rework": "no",
			"ruler": "Esarhaddon or Ashurbanipal",
			"saa_attribution": "Adapted from F. Mario Fales and J. Nicholas Postgate, Imperial Administrative Records, Part I: Palace and Temple Administration (State Archives of Assyria, 7), 1992. Lemmatised by Mikko Luukko, 2017, as part of the research programme of the Alexander von Humboldt Chair in the Ancient History of the Near and Middle East at LMU Munich (Karen Radner, Humboldt Professorship 2015. The annotated edition is released under the Creative Commons Attribution Share-Alike license 3.0.",
			"saa_cdli_accession": "yes",
			"saa_cdli_id": "yes",
			"saa_cdli_museum": "yes",
			"saao_lists": "saao/saa07:P335891",
			"script": "Neo-Assyrian",
			"script_remarks": "inscribed",
			"script_type": "Cuneiform",
			"secondary_record": "no",
			"short_title": "Administrative Records 1",
			"title": "Record of Mixed Food Offerings",
			"vol_title": "Imperial Administrative Records, Part I: Palace and Temple Administration",
			"volume": "SAA 7"
		},
		"geometry": {
			"type": "Point",
			"coordinates": [43.151937,36.358684]
		}
	}, {
		"type": "Feature",
		"properties": {
			"designation": "SAA 07 161",
			"atae_lists": "atae/saao:P335790",
			"has_date": "yes",
			"date": "IV-28",
			"month": "IV",
			"day": "28",
			"accession_no": "K 00108 (+) K 01579",
			"add_no": "ADD 0960+",
			"archive": "099 - Miscellaneous",
			"cdli_accession_no": "K 00108 (+) K 01579",
			"cdli_id": "P335790",
			"cdli_museum_no": "BM —",
			"ch_name": "Miscellaneous Temple Offerings",
			"ch_no": "Ch. 14",
			"ch_num_name": "Ch. 14 (Miscellaneous Temple Offerings)",
			"collection": "British Museum, London, UK",
			"comp_wit": "witness",
			"credits": "Adapted from F. Mario Fales and J. Nicholas Postgate, Imperial Administrative Records, Part I: Palace and Temple Administration (State Archives of Assyria, 7), 1992. Lemmatised by Mikko Luukko, 2017, as part of the research programme of the Alexander von Humboldt Chair in the Ancient History of the Near and Middle East at LMU Munich (Karen Radner, Humboldt Professorship 2015. The annotated edition is released under the Creative Commons Attribution Share-Alike license 3.0.  Please cite this page as http://oracc.org/saao/P335790/.",
			"date_gen": "IV-28",
			"date_of_origin": "00.000.04.28",
			"display_name": "SAA 07 161",
			"edited_twice": "no",
			"genre": "Administrative Record",
			"id_text": "P335790",
			"language": "Akkadian",
			"long_date": "Duʾūzu 28th",
			"long_date_gen": "Duʾūzu 28th",
			"material": "clay",
			"museum_no": "BM —",
			"object_type": "tablet",
			"oracc_header": "&amp;P335790 = SAA 07 161#project: saao/saa22#atf: lang nb#key: file=SAA22/SAA22.saa#key: musno=K 00108 (+) K 01579#key: cdli=K 00108 (+) K 01579#key: date=Esarhaddon or Ashurbanipal#key: writer=#key: preservation=",
			"period": "Neo-Assyrian",
			"please_cite": "Please cite this page as http://oracc.org/saao/P335790/.",
			"pleiades_id": "874621",
			"primary_publication": "ADD 0960+",
			"project": "saa07",
			"proposed_date": "(ca. 674-650)",
			"provenience": "Kuyunjik (Nineveh)",
			"publication_history": "SAA 07, 161",
			"rework": "no",
			"ruler": "Esarhaddon or Ashurbanipal",
			"saa_attribution": "Adapted from F. Mario Fales and J. Nicholas Postgate, Imperial Administrative Records, Part I: Palace and Temple Administration (State Archives of Assyria, 7), 1992. Lemmatised by Mikko Luukko, 2017, as part of the research programme of the Alexander von Humboldt Chair in the Ancient History of the Near and Middle East at LMU Munich (Karen Radner, Humboldt Professorship 2015. The annotated edition is released under the Creative Commons Attribution Share-Alike license 3.0.",
			"saa_cdli_accession": "yes",
			"saa_cdli_id": "yes",
			"saa_cdli_museum": "yes",
			"saao_lists": "saao/saa07:P335790",
			"script": "Neo-Assyrian",
			"script_remarks": "inscribed",
			"script_type": "Cuneiform",
			"secondary_record": "no",
			"short_title": "Administrative Records 1",
			"title": "Record of Food Offerings from Officials",
			"vol_title": "Imperial Administrative Records, Part I: Palace and Temple Administration",
			"volume": "SAA 7"
		},
		"geometry": {
			"type": "Point",
			"coordinates": [43.151937,36.358684]
		}
	}, {
		"type": "Feature",
		"properties": {
			"designation": "SAA 07 162",
			"atae_lists": "atae/saao:P335791",
			"has_date": "unknown",
			"accession_no": "1880-07-19, 0104",
			"add_no": "ADD 0961",
			"archive": "099 - Miscellaneous",
			"cdli_accession_no": "1880-07-19, 0104",
			"cdli_id": "P335791",
			"cdli_museum_no": "BM —",
			"ch_name": "Miscellaneous Temple Offerings",
			"ch_no": "Ch. 14",
			"ch_num_name": "Ch. 14 (Miscellaneous Temple Offerings)",
			"collection": "British Museum, London, UK",
			"comp_wit": "witness",
			"credits": "Adapted from F. Mario Fales and J. Nicholas Postgate, Imperial Administrative Records, Part I: Palace and Temple Administration (State Archives of Assyria, 7), 1992. Lemmatised by Mikko Luukko, 2017, as part of the research programme of the Alexander von Humboldt Chair in the Ancient History of the Near and Middle East at LMU Munich (Karen Radner, Humboldt Professorship 2015. The annotated edition is released under the Creative Commons Attribution Share-Alike license 3.0.  Please cite this page as http://oracc.org/saao/P335791/.",
			"date_of_origin": "00.000.00.00",
			"display_name": "SAA 07 162",
			"edited_twice": "no",
			"genre": "Administrative Record",
			"id_text": "P335791",
			"language": "Akkadian",
			"material": "clay",
			"museum_no": "BM —",
			"object_type": "tablet",
			"oracc_header": "&amp;P335791 = SAA 07 162#project: saao/saa22#atf: lang nb#key: file=SAA22/SAA22.saa#key: musno=1880-07-19, 0104#key: cdli=1880-07-19, 0104#key: date=Esarhaddon or Ashurbanipal#key: writer=#key: preservation=",
			"period": "Neo-Assyrian",
			"please_cite": "Please cite this page as http://oracc.org/saao/P335791/.",
			"pleiades_id": "874621",
			"primary_publication": "ADD 0961",
			"project": "saa07",
			"proposed_date": "(ca. 674-650)",
			"provenience": "Kuyunjik (Nineveh)",
			"publication_history": "SAA 07, 162",
			"rework": "no",
			"ruler": "Esarhaddon or Ashurbanipal",
			"saa_attribution": "Adapted from F. Mario Fales and J. Nicholas Postgate, Imperial Administrative Records, Part I: Palace and Temple Administration (State Archives of Assyria, 7), 1992. Lemmatised by Mikko Luukko, 2017, as part of the research programme of the Alexander von Humboldt Chair in the Ancient History of the Near and Middle East at LMU Munich (Karen Radner, Humboldt Professorship 2015. The annotated edition is released under the Creative Commons Attribution Share-Alike license 3.0.",
			"saa_cdli_accession": "yes",
			"saa_cdli_id": "yes",
			"saa_cdli_museum": "yes",
			"saao_lists": "saao/saa07:P335791",
			"script": "Neo-Assyrian",
			"script_remarks": "inscribed",
			"script_type": "Cuneiform",
			"secondary_record": "no",
			"short_title": "Administrative Records 1",
			"title": "Record of Food Offerings from Officials",
			"vol_title": "Imperial Administrative Records, Part I: Palace and Temple Administration",
			"volume": "SAA 7"
		},
		"geometry": {
			"type": "Point",
			"coordinates": [43.151937,36.358684]
		}
	}, {
		"type": "Feature",
		"properties": {
			"designation": "SAA 07 163",
			"atae_lists": "atae/saao:P335792",
			"has_date": "no",
			"accession_no": "K 09984 + K 10191",
			"add_no": "ADD 0962",
			"archive": "099 - Miscellaneous",
			"cdli_accession_no": "K 09984 + K 10191",
			"cdli_id": "P335792",
			"cdli_museum_no": "BM —",
			"ch_name": "Miscellaneous Temple Offerings",
			"ch_no": "Ch. 14",
			"ch_num_name": "Ch. 14 (Miscellaneous Temple Offerings)",
			"collection": "British Museum, London, UK",
			"comp_wit": "witness",
			"credits": "Adapted from F. Mario Fales and J. Nicholas Postgate, Imperial Administrative Records, Part I: Palace and Temple Administration (State Archives of Assyria, 7), 1992. Lemmatised by Mikko Luukko, 2017, as part of the research programme of the Alexander von Humboldt Chair in the Ancient History of the Near and Middle East at LMU Munich (Karen Radner, Humboldt Professorship 2015. The annotated edition is released under the Creative Commons Attribution Share-Alike license 3.0.  Please cite this page as http://oracc.org/saao/P335792/.",
			"date_of_origin": "00.000.00.00",
			"display_name": "SAA 07 163",
			"edited_twice": "no",
			"genre": "Administrative Record",
			"id_text": "P335792",
			"language": "Akkadian",
			"material": "clay",
			"museum_no": "BM —",
			"object_type": "tablet",
			"oracc_header": "&amp;P335792 = SAA 07 163#project: saao/saa22#atf: lang nb#key: file=SAA22/SAA22.saa#key: musno=K 09984 + K 10191#key: cdli=K 09984 + K 10191#key: date=Esarhaddon or Ashurbanipal#key: writer=#key: preservation=",
			"period": "Neo-Assyrian",
			"please_cite": "Please cite this page as http://oracc.org/saao/P335792/.",
			"pleiades_id": "874621",
			"primary_publication": "ADD 0962",
			"project": "saa07",
			"proposed_date": "(ca. 674-650)",
			"provenience": "Kuyunjik (Nineveh)",
			"publication_history": "SAA 07, 163",
			"rework": "no",
			"ruler": "Esarhaddon or Ashurbanipal",
			"saa_attribution": "Adapted from F. Mario Fales and J. Nicholas Postgate, Imperial Administrative Records, Part I: Palace and Temple Administration (State Archives of Assyria, 7), 1992. Lemmatised by Mikko Luukko, 2017, as part of the research programme of the Alexander von Humboldt Chair in the Ancient History of the Near and Middle East at LMU Munich (Karen Radner, Humboldt Professorship 2015. The annotated edition is released under the Creative Commons Attribution Share-Alike license 3.0.",
			"saa_cdli_accession": "yes",
			"saa_cdli_id": "yes",
			"saa_cdli_museum": "yes",
			"saao_lists": "saao/saa07:P335792",
			"script": "Neo-Assyrian",
			"script_remarks": "inscribed",
			"script_type": "Cuneiform",
			"secondary_record": "no",
			"short_title": "Administrative Records 1",
			"title": "Record of Mixed Food Offerings",
			"vol_title": "Imperial Administrative Records, Part I: Palace and Temple Administration",
			"volume": "SAA 7"
		},
		"geometry": {
			"type": "Point",
			"coordinates": [43.151937,36.358684]
		}
	}, {
		"type": "Feature",
		"properties": {
			"designation": "SAA 07 164",
			"atae_lists": "atae/saao:P335819",
			"has_date": "no",
			"accession_no": "K 01534",
			"add_no": "ADD 0997",
			"archive": "099 - Miscellaneous",
			"cdli_accession_no": "K 01534",
			"cdli_id": "P335819",
			"cdli_museum_no": "BM —",
			"ch_name": "Miscellaneous Temple Offerings",
			"ch_no": "Ch. 14",
			"ch_num_name": "Ch. 14 (Miscellaneous Temple Offerings)",
			"collection": "British Museum, London, UK",
			"comp_wit": "witness",
			"credits": "Adapted from F. Mario Fales and J. Nicholas Postgate, Imperial Administrative Records, Part I: Palace and Temple Administration (State Archives of Assyria, 7), 1992. Lemmatised by Mikko Luukko, 2017, as part of the research programme of the Alexander von Humboldt Chair in the Ancient History of the Near and Middle East at LMU Munich (Karen Radner, Humboldt Professorship 2015. The annotated edition is released under the Creative Commons Attribution Share-Alike license 3.0.  Please cite this page as http://oracc.org/saao/P335819/.",
			"date_of_origin": "00.000.00.00",
			"display_name": "SAA 07 164",
			"edited_twice": "no",
			"genre": "Administrative Record",
			"id_text": "P335819",
			"language": "Akkadian",
			"material": "clay",
			"museum_no": "BM —",
			"object_type": "tablet",
			"oracc_header": "&amp;P335819 = SAA 07 164#project: saao/saa22#atf: lang nb#key: file=SAA22/SAA22.saa#key: musno=K 01534#key: cdli=K 01534#key: date=Esarhaddon or Ashurbanipal#key: writer=#key: preservation=",
			"period": "Neo-Assyrian",
			"please_cite": "Please cite this page as http://oracc.org/saao/P335819/.",
			"pleiades_id": "874621",
			"primary_publication": "ADD 0997",
			"project": "saa07",
			"proposed_date": "(ca. 674-650)",
			"provenience": "Kuyunjik (Nineveh)",
			"publication_history": "SAA 07, 164",
			"rework": "no",
			"ruler": "Esarhaddon or Ashurbanipal",
			"saa_attribution": "Adapted from F. Mario Fales and J. Nicholas Postgate, Imperial Administrative Records, Part I: Palace and Temple Administration (State Archives of Assyria, 7), 1992. Lemmatised by Mikko Luukko, 2017, as part of the research programme of the Alexander von Humboldt Chair in the Ancient History of the Near and Middle East at LMU Munich (Karen Radner, Humboldt Professorship 2015. The annotated edition is released under the Creative Commons Attribution Share-Alike license 3.0.",
			"saa_cdli_accession": "yes",
			"saa_cdli_id": "yes",
			"saa_cdli_museum": "yes",
			"saao_lists": "saao/saa07:P335819",
			"script": "Neo-Assyrian",
			"script_remarks": "inscribed",
			"script_type": "Cuneiform",
			"secondary_record": "no",
			"short_title": "Administrative Records 1",
			"title": "Account of Sheep Offerings",
			"vol_title": "Imperial Administrative Records, Part I: Palace and Temple Administration",
			"volume": "SAA 7"
		},
		"geometry": {
			"type": "Point",
			"coordinates": [43.151937,36.358684]
		}
	}, {
		"type": "Feature",
		"properties": {
			"designation": "SAA 07 165",
			"atae_lists": "atae/saao:P335894",
			"has_date": "no",
			"accession_no": "K 13067",
			"add_no": "ADD 1081",
			"archive": "099 - Miscellaneous",
			"cdli_accession_no": "K 13067",
			"cdli_id": "P335894",
			"cdli_museum_no": "BM —",
			"ch_name": "Miscellaneous Temple Offerings",
			"ch_no": "Ch. 14",
			"ch_num_name": "Ch. 14 (Miscellaneous Temple Offerings)",
			"collection": "British Museum, London, UK",
			"comp_wit": "witness",
			"credits": "Adapted from F. Mario Fales and J. Nicholas Postgate, Imperial Administrative Records, Part I: Palace and Temple Administration (State Archives of Assyria, 7), 1992. Lemmatised by Mikko Luukko, 2017, as part of the research programme of the Alexander von Humboldt Chair in the Ancient History of the Near and Middle East at LMU Munich (Karen Radner, Humboldt Professorship 2015. The annotated edition is released under the Creative Commons Attribution Share-Alike license 3.0.  Please cite this page as http://oracc.org/saao/P335894/.",
			"date_of_origin": "00.000.00.00",
			"display_name": "SAA 07 165",
			"edited_twice": "no",
			"genre": "Administrative Record",
			"id_text": "P335894",
			"language": "Akkadian",
			"material": "clay",
			"museum_no": "BM —",
			"object_type": "tablet",
			"oracc_header": "&amp;P335894 = SAA 07 165#project: saao/saa22#atf: lang nb#key: file=SAA22/SAA22.saa#key: musno=K 13067#key: cdli=K 13067#key: date=Esarhaddon or Ashurbanipal#key: writer=#key: preservation=",
			"period": "Neo-Assyrian",
			"please_cite": "Please cite this page as http://oracc.org/saao/P335894/.",
			"pleiades_id": "874621",
			"primary_publication": "ADD 1081",
			"project": "saa07",
			"proposed_date": "(ca. 674-650)",
			"provenience": "Kuyunjik (Nineveh)",
			"publication_history": "SAA 07, 165",
			"rework": "no",
			"ruler": "Esarhaddon or Ashurbanipal",
			"saa_attribution": "Adapted from F. Mario Fales and J. Nicholas Postgate, Imperial Administrative Records, Part I: Palace and Temple Administration (State Archives of Assyria, 7), 1992. Lemmatised by Mikko Luukko, 2017, as part of the research programme of the Alexander von Humboldt Chair in the Ancient History of the Near and Middle East at LMU Munich (Karen Radner, Humboldt Professorship 2015. The annotated edition is released under the Creative Commons Attribution Share-Alike license 3.0.",
			"saa_cdli_accession": "yes",
			"saa_cdli_id": "yes",
			"saa_cdli_museum": "yes",
			"saao_lists": "saao/saa07:P335894",
			"script": "Neo-Assyrian",
			"script_remarks": "inscribed",
			"script_type": "Cuneiform",
			"secondary_record": "no",
			"short_title": "Administrative Records 1",
			"title": "Record of Miscellaneous Items",
			"vol_title": "Imperial Administrative Records, Part I: Palace and Temple Administration",
			"volume": "SAA 7"
		},
		"geometry": {
			"type": "Point",
			"coordinates": [43.151937,36.358684]
		}
	}, {
		"type": "Feature",
		"properties": {
			"designation": "SAA 07 166",
			"atae_lists": "atae/saao:P335805",
			"has_date": "unknown",
			"accession_no": "1881-02-04, 0054",
			"add_no": "ADD 0979",
			"archive": "099 - Miscellaneous",
			"cdli_accession_no": "1881-02-04, 0054",
			"cdli_id": "P335805",
			"cdli_museum_no": "BM —",
			"ch_name": "Miscellaneous Temple Offerings",
			"ch_no": "Ch. 14",
			"ch_num_name": "Ch. 14 (Miscellaneous Temple Offerings)",
			"collection": "British Museum, London, UK",
			"comp_wit": "witness",
			"credits": "Adapted from F. Mario Fales and J. Nicholas Postgate, Imperial Administrative Records, Part I: Palace and Temple Administration (State Archives of Assyria, 7), 1992. Lemmatised by Mikko Luukko, 2017, as part of the research programme of the Alexander von Humboldt Chair in the Ancient History of the Near and Middle East at LMU Munich (Karen Radner, Humboldt Professorship 2015. The annotated edition is released under the Creative Commons Attribution Share-Alike license 3.0.  Please cite this page as http://oracc.org/saao/P335805/.",
			"date_of_origin": "00.000.00.00",
			"display_name": "SAA 07 166",
			"edited_twice": "no",
			"genre": "Administrative Record",
			"id_text": "P335805",
			"language": "Akkadian",
			"material": "clay",
			"museum_no": "BM —",
			"object_type": "tablet",
			"oracc_header": "&amp;P335805 = SAA 07 166#project: saao/saa22#atf: lang nb#key: file=SAA22/SAA22.saa#key: musno=1881-02-04, 0054#key: cdli=1881-02-04, 0054#key: date=Esarhaddon or Ashurbanipal#key: writer=#key: preservation=",
			"period": "Neo-Assyrian",
			"please_cite": "Please cite this page as http://oracc.org/saao/P335805/.",
			"pleiades_id": "874621",
			"primary_publication": "ADD 0979",
			"project": "saa07",
			"proposed_date": "(ca. 674-650)",
			"provenience": "Kuyunjik (Nineveh)",
			"publication_history": "SAA 07, 166",
			"rework": "no",
			"ruler": "Esarhaddon or Ashurbanipal",
			"saa_attribution": "Adapted from F. Mario Fales and J. Nicholas Postgate, Imperial Administrative Records, Part I: Palace and Temple Administration (State Archives of Assyria, 7), 1992. Lemmatised by Mikko Luukko, 2017, as part of the research programme of the Alexander von Humboldt Chair in the Ancient History of the Near and Middle East at LMU Munich (Karen Radner, Humboldt Professorship 2015. The annotated edition is released under the Creative Commons Attribution Share-Alike license 3.0.",
			"saa_cdli_accession": "yes",
			"saa_cdli_id": "yes",
			"saa_cdli_museum": "yes",
			"saao_lists": "saao/saa07:P335805",
			"script": "Neo-Assyrian",
			"script_remarks": "inscribed",
			"script_type": "Cuneiform",
			"secondary_record": "no",
			"short_title": "Administrative Records 1",
			"title": "Subsistence Consignment of Various Items",
			"vol_title": "Imperial Administrative Records, Part I: Palace and Temple Administration",
			"volume": "SAA 7"
		},
		"geometry": {
			"type": "Point",
			"coordinates": [43.151937,36.358684]
		}
	}, {
		"type": "Feature",
		"properties": {
			"designation": "SAA 07 167",
			"atae_lists": "atae/saao:P335796",
			"has_date": "no",
			"accession_no": "K 09544",
			"add_no": "ADD 0968",
			"archive": "099 - Miscellaneous",
			"cdli_accession_no": "K 09544",
			"cdli_id": "P335796",
			"cdli_museum_no": "BM —",
			"ch_name": "Miscellaneous Temple Offerings",
			"ch_no": "Ch. 14",
			"ch_num_name": "Ch. 14 (Miscellaneous Temple Offerings)",
			"collection": "British Museum, London, UK",
			"comp_wit": "witness",
			"credits": "Adapted from F. Mario Fales and J. Nicholas Postgate, Imperial Administrative Records, Part I: Palace and Temple Administration (State Archives of Assyria, 7), 1992. Lemmatised by Mikko Luukko, 2017, as part of the research programme of the Alexander von Humboldt Chair in the Ancient History of the Near and Middle East at LMU Munich (Karen Radner, Humboldt Professorship 2015. The annotated edition is released under the Creative Commons Attribution Share-Alike license 3.0.  Please cite this page as http://oracc.org/saao/P335796/.",
			"date_of_origin": "00.000.00.00",
			"display_name": "SAA 07 167",
			"edited_twice": "no",
			"genre": "Administrative Record",
			"id_text": "P335796",
			"language": "Akkadian",
			"material": "clay",
			"museum_no": "BM —",
			"object_type": "tablet",
			"oracc_header": "&amp;P335796 = SAA 07 167#project: saao/saa22#atf: lang nb#key: file=SAA22/SAA22.saa#key: musno=K 09544#key: cdli=K 09544#key: date=Esarhaddon or Ashurbanipal#key: writer=#key: preservation=",
			"period": "Neo-Assyrian",
			"please_cite": "Please cite this page as http://oracc.org/saao/P335796/.",
			"pleiades_id": "874621",
			"primary_publication": "ADD 0968",
			"project": "saa07",
			"proposed_date": "(ca. 674-650)",
			"provenience": "Kuyunjik (Nineveh)",
			"publication_history": "SAA 07, 167",
			"rework": "no",
			"ruler": "Esarhaddon or Ashurbanipal",
			"saa_attribution": "Adapted from F. Mario Fales and J. Nicholas Postgate, Imperial Administrative Records, Part I: Palace and Temple Administration (State Archives of Assyria, 7), 1992. Lemmatised by Mikko Luukko, 2017, as part of the research programme of the Alexander von Humboldt Chair in the Ancient History of the Near and Middle East at LMU Munich (Karen Radner, Humboldt Professorship 2015. The annotated edition is released under the Creative Commons Attribution Share-Alike license 3.0.",
			"saa_cdli_accession": "yes",
			"saa_cdli_id": "yes",
			"saa_cdli_museum": "yes",
			"saao_lists": "saao/saa07:P335796",
			"script": "Neo-Assyrian",
			"script_remarks": "inscribed",
			"script_type": "Cuneiform",
			"secondary_record": "no",
			"short_title": "Administrative Records 1",
			"title": "Subsistence Consignment of Various Items",
			"vol_title": "Imperial Administrative Records, Part I: Palace and Temple Administration",
			"volume": "SAA 7"
		},
		"geometry": {
			"type": "Point",
			"coordinates": [43.151937,36.358684]
		}
	}, {
		"type": "Feature",
		"properties": {
			"designation": "SAA 07 168",
			"atae_lists": "atae/saao:P335871",
			"has_date": "unknown",
			"accession_no": "K 05570",
			"add_no": "ADD 1056",
			"archive": "099 - Miscellaneous",
			"cdli_accession_no": "K 05570",
			"cdli_id": "P335871",
			"cdli_museum_no": "BM —",
			"ch_name": "Miscellaneous Temple Offerings",
			"ch_no": "Ch. 14",
			"ch_num_name": "Ch. 14 (Miscellaneous Temple Offerings)",
			"collection": "British Museum, London, UK",
			"comp_wit": "witness",
			"credits": "Adapted from F. Mario Fales and J. Nicholas Postgate, Imperial Administrative Records, Part I: Palace and Temple Administration (State Archives of Assyria, 7), 1992. Lemmatised by Mikko Luukko, 2017, as part of the research programme of the Alexander von Humboldt Chair in the Ancient History of the Near and Middle East at LMU Munich (Karen Radner, Humboldt Professorship 2015. The annotated edition is released under the Creative Commons Attribution Share-Alike license 3.0.  Please cite this page as http://oracc.org/saao/P335871/.",
			"date_of_origin": "00.000.00.00",
			"display_name": "SAA 07 168",
			"edited_twice": "no",
			"genre": "Administrative Record",
			"id_text": "P335871",
			"language": "Akkadian",
			"material": "clay",
			"museum_no": "BM —",
			"object_type": "tablet",
			"oracc_header": "&amp;P335871 = SAA 07 168#project: saao/saa22#atf: lang nb#key: file=SAA22/SAA22.saa#key: musno=K 05570#key: cdli=K 05570#key: date=Esarhaddon or Ashurbanipal#key: writer=#key: preservation=",
			"period": "Neo-Assyrian",
			"please_cite": "Please cite this page as http://oracc.org/saao/P335871/.",
			"pleiades_id": "874621",
			"primary_publication": "ADD 1056",
			"project": "saa07",
			"proposed_date": "(ca. 674-650)",
			"provenience": "Kuyunjik (Nineveh)",
			"publication_history": "SAA 07, 168",
			"rework": "no",
			"ruler": "Esarhaddon or Ashurbanipal",
			"saa_attribution": "Adapted from F. Mario Fales and J. Nicholas Postgate, Imperial Administrative Records, Part I: Palace and Temple Administration (State Archives of Assyria, 7), 1992. Lemmatised by Mikko Luukko, 2017, as part of the research programme of the Alexander von Humboldt Chair in the Ancient History of the Near and Middle East at LMU Munich (Karen Radner, Humboldt Professorship 2015. The annotated edition is released under the Creative Commons Attribution Share-Alike license 3.0.",
			"saa_cdli_accession": "yes",
			"saa_cdli_id": "yes",
			"saa_cdli_museum": "yes",
			"saao_lists": "saao/saa07:P335871",
			"script": "Neo-Assyrian",
			"script_remarks": "inscribed",
			"script_type": "Cuneiform",
			"secondary_record": "no",
			"short_title": "Administrative Records 1",
			"title": "Record of Food Offerings from Officials",
			"vol_title": "Imperial Administrative Records, Part I: Palace and Temple Administration",
			"volume": "SAA 7"
		},
		"geometry": {
			"type": "Point",
			"coordinates": [43.151937,36.358684]
		}
	}, {
		"type": "Feature",
		"properties": {
			"designation": "SAA 07 169",
			"atae_lists": "atae/saao:P335883",
			"has_date": "unknown",
			"accession_no": "K 13091",
			"add_no": "ADD 1068",
			"archive": "099 - Miscellaneous",
			"cdli_accession_no": "K 13091",
			"cdli_id": "P335883",
			"cdli_museum_no": "BM —",
			"ch_name": "Miscellaneous Temple Offerings",
			"ch_no": "Ch. 14",
			"ch_num_name": "Ch. 14 (Miscellaneous Temple Offerings)",
			"collection": "British Museum, London, UK",
			"comp_wit": "witness",
			"credits": "Adapted from F. Mario Fales and J. Nicholas Postgate, Imperial Administrative Records, Part I: Palace and Temple Administration (State Archives of Assyria, 7), 1992. Lemmatised by Mikko Luukko, 2017, as part of the research programme of the Alexander von Humboldt Chair in the Ancient History of the Near and Middle East at LMU Munich (Karen Radner, Humboldt Professorship 2015. The annotated edition is released under the Creative Commons Attribution Share-Alike license 3.0.  Please cite this page as http://oracc.org/saao/P335883/.",
			"date_of_origin": "00.000.00.00",
			"display_name": "SAA 07 169",
			"edited_twice": "no",
			"genre": "Administrative Record",
			"id_text": "P335883",
			"language": "Akkadian",
			"material": "clay",
			"museum_no": "BM —",
			"object_type": "tablet",
			"oracc_header": "&amp;P335883 = SAA 07 169#project: saao/saa22#atf: lang nb#key: file=SAA22/SAA22.saa#key: musno=K 13091#key: cdli=K 13091#key: date=Esarhaddon or Ashurbanipal#key: writer=#key: preservation=",
			"period": "Neo-Assyrian",
			"please_cite": "Please cite this page as http://oracc.org/saao/P335883/.",
			"pleiades_id": "874621",
			"primary_publication": "ADD 1068",
			"project": "saa07",
			"proposed_date": "(ca. 674-650)",
			"provenience": "Kuyunjik (Nineveh)",
			"publication_history": "SAA 07, 169",
			"rework": "no",
			"ruler": "Esarhaddon or Ashurbanipal",
			"saa_attribution": "Adapted from F. Mario Fales and J. Nicholas Postgate, Imperial Administrative Records, Part I: Palace and Temple Administration (State Archives of Assyria, 7), 1992. Lemmatised by Mikko Luukko, 2017, as part of the research programme of the Alexander von Humboldt Chair in the Ancient History of the Near and Middle East at LMU Munich (Karen Radner, Humboldt Professorship 2015. The annotated edition is released under the Creative Commons Attribution Share-Alike license 3.0.",
			"saa_cdli_accession": "yes",
			"saa_cdli_id": "yes",
			"saa_cdli_museum": "yes",
			"saao_lists": "saao/saa07:P335883",
			"script": "Neo-Assyrian",
			"script_remarks": "inscribed",
			"script_type": "Cuneiform",
			"secondary_record": "no",
			"short_title": "Administrative Records 1",
			"title": "Record of Miscellaneous Items",
			"vol_title": "Imperial Administrative Records, Part I: Palace and Temple Administration",
			"volume": "SAA 7"
		},
		"geometry": {
			"type": "Point",
			"coordinates": [43.151937,36.358684]
		}
	}, {
		"type": "Feature",
		"properties": {
			"designation": "SAA 07 170",
			"atae_lists": "atae/saao:P335870",
			"has_date": "unknown",
			"accession_no": "K 13057",
			"add_no": "ADD 1055",
			"archive": "099 - Miscellaneous",
			"cdli_accession_no": "K 13057",
			"cdli_id": "P335870",
			"cdli_museum_no": "BM —",
			"ch_name": "Miscellaneous Temple Offerings",
			"ch_no": "Ch. 14",
			"ch_num_name": "Ch. 14 (Miscellaneous Temple Offerings)",
			"collection": "British Museum, London, UK",
			"comp_wit": "witness",
			"credits": "Adapted from F. Mario Fales and J. Nicholas Postgate, Imperial Administrative Records, Part I: Palace and Temple Administration (State Archives of Assyria, 7), 1992. Lemmatised by Mikko Luukko, 2017, as part of the research programme of the Alexander von Humboldt Chair in the Ancient History of the Near and Middle East at LMU Munich (Karen Radner, Humboldt Professorship 2015. The annotated edition is released under the Creative Commons Attribution Share-Alike license 3.0.  Please cite this page as http://oracc.org/saao/P335870/.",
			"date_of_origin": "00.000.00.00",
			"display_name": "SAA 07 170",
			"edited_twice": "no",
			"genre": "Administrative Record",
			"id_text": "P335870",
			"language": "Akkadian",
			"material": "clay",
			"museum_no": "BM —",
			"object_type": "tablet",
			"oracc_header": "&amp;P335870 = SAA 07 170#project: saao/saa22#atf: lang nb#key: file=SAA22/SAA22.saa#key: musno=K 13057#key: cdli=K 13057#key: date=Esarhaddon or Ashurbanipal#key: writer=#key: preservation=",
			"period": "Neo-Assyrian",
			"please_cite": "Please cite this page as http://oracc.org/saao/P335870/.",
			"pleiades_id": "874621",
			"primary_publication": "ADD 1055",
			"project": "saa07",
			"proposed_date": "(ca. 674-650)",
			"provenience": "Kuyunjik (Nineveh)",
			"publication_history": "SAA 07, 170",
			"rework": "no",
			"ruler": "Esarhaddon or Ashurbanipal",
			"saa_attribution": "Adapted from F. Mario Fales and J. Nicholas Postgate, Imperial Administrative Records, Part I: Palace and Temple Administration (State Archives of Assyria, 7), 1992. Lemmatised by Mikko Luukko, 2017, as part of the research programme of the Alexander von Humboldt Chair in the Ancient History of the Near and Middle East at LMU Munich (Karen Radner, Humboldt Professorship 2015. The annotated edition is released under the Creative Commons Attribution Share-Alike license 3.0.",
			"saa_cdli_accession": "yes",
			"saa_cdli_id": "yes",
			"saa_cdli_museum": "yes",
			"saao_lists": "saao/saa07:P335870",
			"script": "Neo-Assyrian",
			"script_remarks": "inscribed",
			"script_type": "Cuneiform",
			"secondary_record": "no",
			"short_title": "Administrative Records 1",
			"title": "Record of Food Offerings(?)",
			"vol_title": "Imperial Administrative Records, Part I: Palace and Temple Administration",
			"volume": "SAA 7"
		},
		"geometry": {
			"type": "Point",
			"coordinates": [43.151937,36.358684]
		}
	}, {
		"type": "Feature",
		"properties": {
			"designation": "SAA 07 171",
			"atae_lists": "atae/saao:P336643",
			"has_date": "no",
			"accession_no": "K 01464",
			"archive": "099 - Miscellaneous",
			"cdli_accession_no": "K 01464",
			"cdli_id": "P336643",
			"cdli_museum_no": "BM —",
			"ch_name": "Miscellaneous Temple Offerings",
			"ch_no": "Ch. 14",
			"ch_num_name": "Ch. 14 (Miscellaneous Temple Offerings)",
			"collection": "British Museum, London, UK",
			"comp_wit": "witness",
			"credits": "Adapted from F. Mario Fales and J. Nicholas Postgate, Imperial Administrative Records, Part I: Palace and Temple Administration (State Archives of Assyria, 7), 1992. Lemmatised by Mikko Luukko, 2017, as part of the research programme of the Alexander von Humboldt Chair in the Ancient History of the Near and Middle East at LMU Munich (Karen Radner, Humboldt Professorship 2015. The annotated edition is released under the Creative Commons Attribution Share-Alike license 3.0.  Please cite this page as http://oracc.org/saao/P336643/.",
			"date_of_origin": "00.000.00.00",
			"display_name": "SAA 07 171",
			"edited_twice": "no",
			"genre": "Administrative Record",
			"id_text": "P336643",
			"language": "Akkadian",
			"material": "clay",
			"museum_no": "BM —",
			"object_type": "tablet",
			"oracc_header": "&amp;P336643 = SAA 07 171#project: saao/saa22#atf: lang nb#key: file=SAA22/SAA22.saa#key: musno=K 01464#key: cdli=K 01464#key: date=Esarhaddon or Ashurbanipal#key: writer=#key: preservation=",
			"period": "Neo-Assyrian",
			"please_cite": "Please cite this page as http://oracc.org/saao/P336643/.",
			"pleiades_id": "874621",
			"project": "saa07",
			"proposed_date": "(ca. 674-650)",
			"provenience": "Kuyunjik (Nineveh)",
			"publication_history": "SAA 07, 171",
			"rework": "no",
			"ruler": "Esarhaddon or Ashurbanipal",
			"saa_attribution": "Adapted from F. Mario Fales and J. Nicholas Postgate, Imperial Administrative Records, Part I: Palace and Temple Administration (State Archives of Assyria, 7), 1992. Lemmatised by Mikko Luukko, 2017, as part of the research programme of the Alexander von Humboldt Chair in the Ancient History of the Near and Middle East at LMU Munich (Karen Radner, Humboldt Professorship 2015. The annotated edition is released under the Creative Commons Attribution Share-Alike license 3.0.",
			"saa_cdli_accession": "yes",
			"saa_cdli_id": "yes",
			"saa_cdli_museum": "yes",
			"saao_lists": "saao/saa07:P336643",
			"script": "Neo-Assyrian",
			"script_remarks": "inscribed",
			"script_type": "Cuneiform",
			"secondary_record": "no",
			"short_title": "Administrative Records 1",
			"title": "Record of Wine for the Gods",
			"vol_title": "Imperial Administrative Records, Part I: Palace and Temple Administration",
			"volume": "SAA 7"
		},
		"geometry": {
			"type": "Point",
			"coordinates": [43.151937,36.358684]
		}
	}, {
		"type": "Feature",
		"properties": {
			"designation": "SAA 07 172",
			"atae_lists": "atae/saao:P335841",
			"has_date": "no",
			"accession_no": "Rm 0066",
			"add_no": "ADD 1020",
			"archive": "099 - Miscellaneous",
			"cdli_accession_no": "Rm 0066",
			"cdli_id": "P335841",
			"cdli_museum_no": "BM —",
			"ch_name": "Miscellaneous Temple Offerings",
			"ch_no": "Ch. 14",
			"ch_num_name": "Ch. 14 (Miscellaneous Temple Offerings)",
			"collection": "British Museum, London, UK",
			"comp_wit": "witness",
			"credits": "Adapted from F. Mario Fales and J. Nicholas Postgate, Imperial Administrative Records, Part I: Palace and Temple Administration (State Archives of Assyria, 7), 1992. Lemmatised by Mikko Luukko, 2017, as part of the research programme of the Alexander von Humboldt Chair in the Ancient History of the Near and Middle East at LMU Munich (Karen Radner, Humboldt Professorship 2015. The annotated edition is released under the Creative Commons Attribution Share-Alike license 3.0.  Please cite this page as http://oracc.org/saao/P335841/.",
			"date_of_origin": "00.000.00.00",
			"display_name": "SAA 07 172",
			"edited_twice": "no",
			"genre": "Administrative Record",
			"id_text": "P335841",
			"language": "Akkadian",
			"material": "clay",
			"museum_no": "BM —",
			"object_type": "tablet",
			"oracc_header": "&amp;P335841 = SAA 07 172#project: saao/saa22#atf: lang nb#key: file=SAA22/SAA22.saa#key: musno=Rm 0066#key: cdli=Rm 0066#key: date=Esarhaddon or Ashurbanipal#key: writer=#key: preservation=",
			"period": "Neo-Assyrian",
			"please_cite": "Please cite this page as http://oracc.org/saao/P335841/.",
			"pleiades_id": "874621",
			"primary_publication": "ADD 1020",
			"project": "saa07",
			"proposed_date": "(ca. 674-650)",
			"provenience": "Kuyunjik (Nineveh)",
			"publication_history": "SAA 07, 172",
			"rework": "no",
			"ruler": "Esarhaddon or Ashurbanipal",
			"saa_attribution": "Adapted from F. Mario Fales and J. Nicholas Postgate, Imperial Administrative Records, Part I: Palace and Temple Administration (State Archives of Assyria, 7), 1992. Lemmatised by Mikko Luukko, 2017, as part of the research programme of the Alexander von Humboldt Chair in the Ancient History of the Near and Middle East at LMU Munich (Karen Radner, Humboldt Professorship 2015. The annotated edition is released under the Creative Commons Attribution Share-Alike license 3.0.",
			"saa_cdli_accession": "yes",
			"saa_cdli_id": "yes",
			"saa_cdli_museum": "yes",
			"saao_lists": "saao/saa07:P335841",
			"script": "Neo-Assyrian",
			"script_remarks": "inscribed",
			"script_type": "Cuneiform",
			"secondary_record": "no",
			"short_title": "Administrative Records 1",
			"title": "Record of Various Items from(?) Officials",
			"vol_title": "Imperial Administrative Records, Part I: Palace and Temple Administration",
			"volume": "SAA 7"
		},
		"geometry": {
			"type": "Point",
			"coordinates": [43.151937,36.358684]
		}
	}, {
		"type": "Feature",
		"properties": {
			"designation": "SAA 07 173",
			"atae_lists": "atae/saao:P335852",
			"has_date": "no",
			"accession_no": "K 11559",
			"add_no": "ADD 1032",
			"archive": "099 - Miscellaneous",
			"cdli_accession_no": "K 11559",
			"cdli_id": "P335852",
			"cdli_museum_no": "BM —",
			"ch_name": "Miscellaneous Temple Offerings",
			"ch_no": "Ch. 14",
			"ch_num_name": "Ch. 14 (Miscellaneous Temple Offerings)",
			"collection": "British Museum, London, UK",
			"comp_wit": "witness",
			"credits": "Adapted from F. Mario Fales and J. Nicholas Postgate, Imperial Administrative Records, Part I: Palace and Temple Administration (State Archives of Assyria, 7), 1992. Lemmatised by Mikko Luukko, 2017, as part of the research programme of the Alexander von Humboldt Chair in the Ancient History of the Near and Middle East at LMU Munich (Karen Radner, Humboldt Professorship 2015. The annotated edition is released under the Creative Commons Attribution Share-Alike license 3.0.  Please cite this page as http://oracc.org/saao/P335852/.",
			"date_of_origin": "00.000.00.00",
			"display_name": "SAA 07 173",
			"edited_twice": "no",
			"genre": "Administrative Record",
			"id_text": "P335852",
			"language": "Akkadian",
			"material": "clay",
			"museum_no": "BM —",
			"object_type": "tablet",
			"oracc_header": "&amp;P335852 = SAA 07 173#project: saao/saa22#atf: lang nb#key: file=SAA22/SAA22.saa#key: musno=K 11559#key: cdli=K 11559#key: date=Esarhaddon or Ashurbanipal#key: writer=#key: preservation=",
			"period": "Neo-Assyrian",
			"please_cite": "Please cite this page as http://oracc.org/saao/P335852/.",
			"pleiades_id": "874621",
			"primary_publication": "ADD 1032",
			"project": "saa07",
			"proposed_date": "(ca. 674-650)",
			"provenience": "Kuyunjik (Nineveh)",
			"publication_history": "SAA 07, 173",
			"rework": "no",
			"ruler": "Esarhaddon or Ashurbanipal",
			"saa_attribution": "Adapted from F. Mario Fales and J. Nicholas Postgate, Imperial Administrative Records, Part I: Palace and Temple Administration (State Archives of Assyria, 7), 1992. Lemmatised by Mikko Luukko, 2017, as part of the research programme of the Alexander von Humboldt Chair in the Ancient History of the Near and Middle East at LMU Munich (Karen Radner, Humboldt Professorship 2015. The annotated edition is released under the Creative Commons Attribution Share-Alike license 3.0.",
			"saa_cdli_accession": "yes",
			"saa_cdli_id": "yes",
			"saa_cdli_museum": "yes",
			"saao_lists": "saao/saa07:P335852",
			"script": "Neo-Assyrian",
			"script_remarks": "inscribed",
			"script_type": "Cuneiform",
			"secondary_record": "no",
			"short_title": "Administrative Records 1",
			"title": "Record of Various Items",
			"vol_title": "Imperial Administrative Records, Part I: Palace and Temple Administration",
			"volume": "SAA 7"
		},
		"geometry": {
			"type": "Point",
			"coordinates": [43.151937,36.358684]
		}
	}, {
		"type": "Feature",
		"properties": {
			"designation": "SAA 07 174",
			"atae_lists": "atae/saao:P335844",
			"has_date": "no",
			"accession_no": "K 01291",
			"add_no": "ADD 1023",
			"archive": "099 - Miscellaneous",
			"cdli_accession_no": "K 01291",
			"cdli_id": "P335844",
			"cdli_museum_no": "BM —",
			"ch_name": "Miscellaneous Temple Offerings",
			"ch_no": "Ch. 14",
			"ch_num_name": "Ch. 14 (Miscellaneous Temple Offerings)",
			"collection": "British Museum, London, UK",
			"comp_wit": "witness",
			"credits": "Adapted from F. Mario Fales and J. Nicholas Postgate, Imperial Administrative Records, Part I: Palace and Temple Administration (State Archives of Assyria, 7), 1992. Lemmatised by Mikko Luukko, 2017, as part of the research programme of the Alexander von Humboldt Chair in the Ancient History of the Near and Middle East at LMU Munich (Karen Radner, Humboldt Professorship 2015. The annotated edition is released under the Creative Commons Attribution Share-Alike license 3.0.  Please cite this page as http://oracc.org/saao/P335844/.",
			"date_of_origin": "00.000.00.00",
			"display_name": "SAA 07 174",
			"edited_twice": "no",
			"genre": "Administrative Record",
			"id_text": "P335844",
			"language": "Akkadian",
			"material": "clay",
			"museum_no": "BM —",
			"object_type": "tablet",
			"oracc_header": "&amp;P335844 = SAA 07 174#project: saao/saa22#atf: lang nb#key: file=SAA22/SAA22.saa#key: musno=K 01291#key: cdli=K 01291#key: date=Esarhaddon or Ashurbanipal#key: writer=#key: preservation=",
			"period": "Neo-Assyrian",
			"please_cite": "Please cite this page as http://oracc.org/saao/P335844/.",
			"pleiades_id": "874621",
			"primary_publication": "ADD 1023",
			"project": "saa07",
			"proposed_date": "(ca. 674-650)",
			"provenience": "Kuyunjik (Nineveh)",
			"publication_history": "SAA 07, 174",
			"rework": "no",
			"ruler": "Esarhaddon or Ashurbanipal",
			"saa_attribution": "Adapted from F. Mario Fales and J. Nicholas Postgate, Imperial Administrative Records, Part I: Palace and Temple Administration (State Archives of Assyria, 7), 1992. Lemmatised by Mikko Luukko, 2017, as part of the research programme of the Alexander von Humboldt Chair in the Ancient History of the Near and Middle East at LMU Munich (Karen Radner, Humboldt Professorship 2015. The annotated edition is released under the Creative Commons Attribution Share-Alike license 3.0.",
			"saa_cdli_accession": "yes",
			"saa_cdli_id": "yes",
			"saa_cdli_museum": "yes",
			"saao_lists": "saao/saa07:P335844",
			"script": "Neo-Assyrian",
			"script_remarks": "inscribed",
			"script_type": "Cuneiform",
			"secondary_record": "no",
			"short_title": "Administrative Records 1",
			"title": "Record of Various Items (for the Temple)",
			"vol_title": "Imperial Administrative Records, Part I: Palace and Temple Administration",
			"volume": "SAA 7"
		},
		"geometry": {
			"type": "Point",
			"coordinates": [43.151937,36.358684]
		}
	}, {
		"type": "Feature",
		"properties": {
			"designation": "SAA 07 175",
			"atae_lists": "atae/saao:P335855",
			"has_date": "yes",
			"date": "IV-06",
			"month": "IV",
			"day": "06",
			"accession_no": "K 01450",
			"add_no": "ADD 1035",
			"archive": "099 - Miscellaneous",
			"cdli_accession_no": "K 01450",
			"cdli_id": "P335855",
			"cdli_museum_no": "BM —",
			"ch_name": "Miscellaneous Temple Offerings",
			"ch_no": "Ch. 14",
			"ch_num_name": "Ch. 14 (Miscellaneous Temple Offerings)",
			"collection": "British Museum, London, UK",
			"comp_wit": "witness",
			"credits": "Adapted from F. Mario Fales and J. Nicholas Postgate, Imperial Administrative Records, Part I: Palace and Temple Administration (State Archives of Assyria, 7), 1992. Lemmatised by Mikko Luukko, 2017, as part of the research programme of the Alexander von Humboldt Chair in the Ancient History of the Near and Middle East at LMU Munich (Karen Radner, Humboldt Professorship 2015. The annotated edition is released under the Creative Commons Attribution Share-Alike license 3.0.  Please cite this page as http://oracc.org/saao/P335855/.",
			"date_gen": "IV-06",
			"date_of_origin": "00.000.04.06",
			"display_name": "SAA 07 175",
			"edited_twice": "no",
			"genre": "Administrative Record",
			"id_text": "P335855",
			"language": "Akkadian",
			"long_date": "Duʾūzu 6th",
			"long_date_gen": "Duʾūzu 6th",
			"material": "clay",
			"museum_no": "BM —",
			"object_type": "tablet",
			"oracc_header": "&amp;P335855 = SAA 07 175#project: saao/saa22#atf: lang nb#key: file=SAA22/SAA22.saa#key: musno=K 01450#key: cdli=K 01450#key: date=Esarhaddon or Ashurbanipal#key: writer=#key: preservation=",
			"period": "Neo-Assyrian",
			"please_cite": "Please cite this page as http://oracc.org/saao/P335855/.",
			"pleiades_id": "874621",
			"primary_publication": "ADD 1035",
			"project": "saa07",
			"proposed_date": "(ca. 674-650)",
			"provenience": "Kuyunjik (Nineveh)",
			"publication_history": "SAA 07, 175",
			"rework": "no",
			"ruler": "Esarhaddon or Ashurbanipal",
			"saa_attribution": "Adapted from F. Mario Fales and J. Nicholas Postgate, Imperial Administrative Records, Part I: Palace and Temple Administration (State Archives of Assyria, 7), 1992. Lemmatised by Mikko Luukko, 2017, as part of the research programme of the Alexander von Humboldt Chair in the Ancient History of the Near and Middle East at LMU Munich (Karen Radner, Humboldt Professorship 2015. The annotated edition is released under the Creative Commons Attribution Share-Alike license 3.0.",
			"saa_cdli_accession": "yes",
			"saa_cdli_id": "yes",
			"saa_cdli_museum": "yes",
			"saao_lists": "saao/saa07:P335855",
			"script": "Neo-Assyrian",
			"script_remarks": "inscribed",
			"script_type": "Cuneiform",
			"secondary_record": "no",
			"short_title": "Administrative Records 1",
			"title": "Animal Offerings of the Queen",
			"vol_title": "Imperial Administrative Records, Part I: Palace and Temple Administration",
			"volume": "SAA 7"
		},
		"geometry": {
			"type": "Point",
			"coordinates": [43.151937,36.358684]
		}
	}, {
		"type": "Feature",
		"properties": {
			"designation": "SAA 07 176",
			"atae_lists": "atae/saao:P336644",
			"has_date": "no",
			"accession_no": "1881-07-27, 0150",
			"archive": "099 - Miscellaneous",
			"cdli_accession_no": "1881-07-27, 0150",
			"cdli_id": "P336644",
			"cdli_museum_no": "BM —",
			"ch_name": "Miscellaneous Temple Offerings",
			"ch_no": "Ch. 14",
			"ch_num_name": "Ch. 14 (Miscellaneous Temple Offerings)",
			"collection": "British Museum, London, UK",
			"comp_wit": "witness",
			"credits": "Adapted from F. Mario Fales and J. Nicholas Postgate, Imperial Administrative Records, Part I: Palace and Temple Administration (State Archives of Assyria, 7), 1992. Lemmatised by Mikko Luukko, 2017, as part of the research programme of the Alexander von Humboldt Chair in the Ancient History of the Near and Middle East at LMU Munich (Karen Radner, Humboldt Professorship 2015. The annotated edition is released under the Creative Commons Attribution Share-Alike license 3.0.  Please cite this page as http://oracc.org/saao/P336644/.",
			"date_of_origin": "00.000.00.00",
			"display_name": "SAA 07 176",
			"edited_twice": "no",
			"genre": "Administrative Record",
			"id_text": "P336644",
			"language": "Akkadian",
			"material": "clay",
			"museum_no": "BM —",
			"object_type": "tablet",
			"oracc_header": "&amp;P336644 = SAA 07 176#project: saao/saa22#atf: lang nb#key: file=SAA22/SAA22.saa#key: musno=1881-07-27, 0150#key: cdli=1881-07-27, 0150#key: date=Esarhaddon or Ashurbanipal#key: writer=#key: preservation=",
			"period": "Neo-Assyrian",
			"please_cite": "Please cite this page as http://oracc.org/saao/P336644/.",
			"pleiades_id": "874621",
			"project": "saa07",
			"proposed_date": "(ca. 674-650)",
			"provenience": "Kuyunjik (Nineveh)",
			"publication_history": "SAA 07, 176",
			"rework": "no",
			"ruler": "Esarhaddon or Ashurbanipal",
			"saa_attribution": "Adapted from F. Mario Fales and J. Nicholas Postgate, Imperial Administrative Records, Part I: Palace and Temple Administration (State Archives of Assyria, 7), 1992. Lemmatised by Mikko Luukko, 2017, as part of the research programme of the Alexander von Humboldt Chair in the Ancient History of the Near and Middle East at LMU Munich (Karen Radner, Humboldt Professorship 2015. The annotated edition is released under the Creative Commons Attribution Share-Alike license 3.0.",
			"saa_cdli_accession": "yes",
			"saa_cdli_id": "yes",
			"saa_cdli_museum": "yes",
			"saao_lists": "saao/saa07:P336644",
			"script": "Neo-Assyrian",
			"script_remarks": "inscribed",
			"script_type": "Cuneiform",
			"secondary_record": "no",
			"short_title": "Administrative Records 1",
			"title": "Record of Miscellaneous Offerings",
			"vol_title": "Imperial Administrative Records, Part I: Palace and Temple Administration",
			"volume": "SAA 7"
		},
		"geometry": {
			"type": "Point",
			"coordinates": [43.151937,36.358684]
		}
	}, {
		"type": "Feature",
		"properties": {
			"designation": "SAA 07 177",
			"atae_lists": "atae/saao:P336645",
			"has_date": "unknown",
			"accession_no": "K 18201",
			"archive": "099 - Miscellaneous",
			"cdli_accession_no": "K 18201",
			"cdli_id": "P336645",
			"cdli_museum_no": "BM —",
			"ch_name": "Miscellaneous Temple Offerings",
			"ch_no": "Ch. 14",
			"ch_num_name": "Ch. 14 (Miscellaneous Temple Offerings)",
			"collection": "British Museum, London, UK",
			"comp_wit": "witness",
			"credits": "Adapted from F. Mario Fales and J. Nicholas Postgate, Imperial Administrative Records, Part I: Palace and Temple Administration (State Archives of Assyria, 7), 1992. Lemmatised by Mikko Luukko, 2017, as part of the research programme of the Alexander von Humboldt Chair in the Ancient History of the Near and Middle East at LMU Munich (Karen Radner, Humboldt Professorship 2015. The annotated edition is released under the Creative Commons Attribution Share-Alike license 3.0.  Please cite this page as http://oracc.org/saao/P336645/.",
			"date_of_origin": "00.000.00.00",
			"display_name": "SAA 07 177",
			"edited_twice": "no",
			"genre": "Administrative Record",
			"id_text": "P336645",
			"language": "Akkadian",
			"material": "clay",
			"museum_no": "BM —",
			"object_type": "tablet",
			"oracc_header": "&amp;P336645 = SAA 07 177#project: saao/saa22#atf: lang nb#key: file=SAA22/SAA22.saa#key: musno=K 18201#key: cdli=K 18201#key: date=Esarhaddon or Ashurbanipal#key: writer=#key: preservation=",
			"period": "Neo-Assyrian",
			"please_cite": "Please cite this page as http://oracc.org/saao/P336645/.",
			"pleiades_id": "874621",
			"project": "saa07",
			"proposed_date": "(ca. 674-650)",
			"provenience": "Kuyunjik (Nineveh)",
			"publication_history": "SAA 07, 177",
			"rework": "no",
			"ruler": "Esarhaddon or Ashurbanipal",
			"saa_attribution": "Adapted from F. Mario Fales and J. Nicholas Postgate, Imperial Administrative Records, Part I: Palace and Temple Administration (State Archives of Assyria, 7), 1992. Lemmatised by Mikko Luukko, 2017, as part of the research programme of the Alexander von Humboldt Chair in the Ancient History of the Near and Middle East at LMU Munich (Karen Radner, Humboldt Professorship 2015. The annotated edition is released under the Creative Commons Attribution Share-Alike license 3.0.",
			"saa_cdli_accession": "yes",
			"saa_cdli_id": "yes",
			"saa_cdli_museum": "yes",
			"saao_lists": "saao/saa07:P336645",
			"script": "Neo-Assyrian",
			"script_remarks": "inscribed",
			"script_type": "Cuneiform",
			"secondary_record": "no",
			"short_title": "Administrative Records 1",
			"title": "Miscellaneous Offerings(?)",
			"vol_title": "Imperial Administrative Records, Part I: Palace and Temple Administration",
			"volume": "SAA 7"
		},
		"geometry": {
			"type": "Point",
			"coordinates": [43.151937,36.358684]
		}
	}, {
		"type": "Feature",
		"properties": {
			"designation": "SAA 07 178",
			"atae_lists": "atae/saao:P336646",
			"has_date": "unknown",
			"accession_no": "K 17758",
			"archive": "099 - Miscellaneous",
			"cdli_accession_no": "K 17758",
			"cdli_id": "P336646",
			"cdli_museum_no": "BM —",
			"ch_name": "Miscellaneous Temple Offerings",
			"ch_no": "Ch. 14",
			"ch_num_name": "Ch. 14 (Miscellaneous Temple Offerings)",
			"collection": "British Museum, London, UK",
			"comp_wit": "witness",
			"credits": "Adapted from F. Mario Fales and J. Nicholas Postgate, Imperial Administrative Records, Part I: Palace and Temple Administration (State Archives of Assyria, 7), 1992. Lemmatised by Mikko Luukko, 2017, as part of the research programme of the Alexander von Humboldt Chair in the Ancient History of the Near and Middle East at LMU Munich (Karen Radner, Humboldt Professorship 2015. The annotated edition is released under the Creative Commons Attribution Share-Alike license 3.0.  Please cite this page as http://oracc.org/saao/P336646/.",
			"date_of_origin": "00.000.00.00",
			"display_name": "SAA 07 178",
			"edited_twice": "no",
			"genre": "Administrative Record",
			"id_text": "P336646",
			"language": "Akkadian",
			"material": "clay",
			"museum_no": "BM —",
			"object_type": "tablet",
			"oracc_header": "&amp;P336646 = SAA 07 178#project: saao/saa22#atf: lang nb#key: file=SAA22/SAA22.saa#key: musno=K 17758#key: cdli=K 17758#key: date=Esarhaddon or Ashurbanipal#key: writer=#key: preservation=",
			"period": "Neo-Assyrian",
			"please_cite": "Please cite this page as http://oracc.org/saao/P336646/.",
			"pleiades_id": "874621",
			"project": "saa07",
			"proposed_date": "(ca. 674-650)",
			"provenience": "Kuyunjik (Nineveh)",
			"publication_history": "SAA 07, 178",
			"rework": "no",
			"ruler": "Esarhaddon or Ashurbanipal",
			"saa_attribution": "Adapted from F. Mario Fales and J. Nicholas Postgate, Imperial Administrative Records, Part I: Palace and Temple Administration (State Archives of Assyria, 7), 1992. Lemmatised by Mikko Luukko, 2017, as part of the research programme of the Alexander von Humboldt Chair in the Ancient History of the Near and Middle East at LMU Munich (Karen Radner, Humboldt Professorship 2015. The annotated edition is released under the Creative Commons Attribution Share-Alike license 3.0.",
			"saa_cdli_accession": "yes",
			"saa_cdli_id": "yes",
			"saa_cdli_museum": "yes",
			"saao_lists": "saao/saa07:P336646",
			"script": "Neo-Assyrian",
			"script_remarks": "inscribed",
			"script_type": "Cuneiform",
			"secondary_record": "no",
			"short_title": "Administrative Records 1",
			"title": "Food Offerings(?)",
			"vol_title": "Imperial Administrative Records, Part I: Palace and Temple Administration",
			"volume": "SAA 7"
		},
		"geometry": {
			"type": "Point",
			"coordinates": [43.151937,36.358684]
		}
	}, {
		"type": "Feature",
		"properties": {
			"designation": "SAA 07 179",
			"atae_lists": "atae/saao:P336647",
			"has_date": "unknown",
			"accession_no": "K 18554",
			"archive": "099 - Miscellaneous",
			"cdli_accession_no": "K 07702 + K 13029 + K 13198 + K 13752 + K 18554",
			"cdli_id": "P335678",
			"cdli_museum_no": "BM —",
			"ch_name": "Miscellaneous Temple Offerings",
			"ch_no": "Ch. 14",
			"ch_num_name": "Ch. 14 (Miscellaneous Temple Offerings)",
			"collection": "British Museum, London, UK",
			"comp_wit": "witness",
			"credits": "Adapted from F. Mario Fales and J. Nicholas Postgate, Imperial Administrative Records, Part I: Palace and Temple Administration (State Archives of Assyria, 7), 1992. Lemmatised by Mikko Luukko, 2017, as part of the research programme of the Alexander von Humboldt Chair in the Ancient History of the Near and Middle East at LMU Munich (Karen Radner, Humboldt Professorship 2015. The annotated edition is released under the Creative Commons Attribution Share-Alike license 3.0.  Please cite this page as http://oracc.org/saao/P336647/.",
			"date_of_origin": "00.000.00.00",
			"display_name": "SAA 07 179",
			"edited_twice": "no",
			"editorial_comments": "[JN] CDLI joins K 07702 + K 13029 + K 13198 + K 13752 + K 18554 ( SAA 07, 150; SAA 07, 179).",
			"genre": "Administrative Record",
			"id_text": "P336647",
			"language": "Akkadian",
			"material": "clay",
			"museum_no": "BM —",
			"object_type": "tablet",
			"oracc_header": "&amp;P336647 = SAA 07 179#project: saao/saa22#atf: lang nb#key: file=SAA22/SAA22.saa#key: musno=K 18554#key: cdli=K 18554#key: date=Esarhaddon or Ashurbanipal#key: writer=#key: preservation=",
			"period": "Neo-Assyrian",
			"please_cite": "Please cite this page as http://oracc.org/saao/P336647/.",
			"pleiades_id": "874621",
			"project": "saa07",
			"proposed_date": "(ca. 674-650)",
			"provenience": "Kuyunjik (Nineveh)",
			"publication_history": "SAA 07, 179",
			"rework": "yes",
			"ruler": "Esarhaddon or Ashurbanipal",
			"saa_attribution": "Adapted from F. Mario Fales and J. Nicholas Postgate, Imperial Administrative Records, Part I: Palace and Temple Administration (State Archives of Assyria, 7), 1992. Lemmatised by Mikko Luukko, 2017, as part of the research programme of the Alexander von Humboldt Chair in the Ancient History of the Near and Middle East at LMU Munich (Karen Radner, Humboldt Professorship 2015. The annotated edition is released under the Creative Commons Attribution Share-Alike license 3.0.",
			"saa_cdli_accession": "no",
			"saa_cdli_id": "no",
			"saa_cdli_museum": "yes",
			"saao_lists": "saao/saa07:P336647",
			"script": "Neo-Assyrian",
			"script_remarks": "inscribed",
			"script_type": "Cuneiform",
			"secondary_record": "no",
			"short_title": "Administrative Records 1",
			"title": "Food and Drink Offerings(?)",
			"vol_title": "Imperial Administrative Records, Part I: Palace and Temple Administration",
			"volume": "SAA 7"
		},
		"geometry": {
			"type": "Point",
			"coordinates": [43.151937,36.358684]
		}
	}, {
		"type": "Feature",
		"properties": {
			"designation": "SAA 07 180",
			"atae_lists": "atae/saao:P336648",
			"has_date": "unknown",
			"accession_no": "K 18018",
			"archive": "099 - Miscellaneous",
			"cdli_accession_no": "K 18018",
			"cdli_id": "P336648",
			"cdli_museum_no": "BM —",
			"ch_name": "Miscellaneous Temple Offerings",
			"ch_no": "Ch. 14",
			"ch_num_name": "Ch. 14 (Miscellaneous Temple Offerings)",
			"collection": "British Museum, London, UK",
			"comp_wit": "witness",
			"credits": "Adapted from F. Mario Fales and J. Nicholas Postgate, Imperial Administrative Records, Part I: Palace and Temple Administration (State Archives of Assyria, 7), 1992. Lemmatised by Mikko Luukko, 2017, as part of the research programme of the Alexander von Humboldt Chair in the Ancient History of the Near and Middle East at LMU Munich (Karen Radner, Humboldt Professorship 2015. The annotated edition is released under the Creative Commons Attribution Share-Alike license 3.0.  Please cite this page as http://oracc.org/saao/P336648/.",
			"date_of_origin": "00.000.00.00",
			"display_name": "SAA 07 180",
			"edited_twice": "no",
			"genre": "Administrative Record",
			"id_text": "P336648",
			"language": "Akkadian",
			"material": "clay",
			"museum_no": "BM —",
			"object_type": "tablet",
			"oracc_header": "&amp;P336648 = SAA 07 180#project: saao/saa22#atf: lang nb#key: file=SAA22/SAA22.saa#key: musno=K 18018#key: cdli=K 18018#key: date=Esarhaddon or Ashurbanipal#key: writer=#key: preservation=",
			"period": "Neo-Assyrian",
			"please_cite": "Please cite this page as http://oracc.org/saao/P336648/.",
			"pleiades_id": "874621",
			"project": "saa07",
			"proposed_date": "(ca. 674-650)",
			"provenience": "Kuyunjik (Nineveh)",
			"publication_history": "SAA 07, 180",
			"rework": "no",
			"ruler": "Esarhaddon or Ashurbanipal",
			"saa_attribution": "Adapted from F. Mario Fales and J. Nicholas Postgate, Imperial Administrative Records, Part I: Palace and Temple Administration (State Archives of Assyria, 7), 1992. Lemmatised by Mikko Luukko, 2017, as part of the research programme of the Alexander von Humboldt Chair in the Ancient History of the Near and Middle East at LMU Munich (Karen Radner, Humboldt Professorship 2015. The annotated edition is released under the Creative Commons Attribution Share-Alike license 3.0.",
			"saa_cdli_accession": "yes",
			"saa_cdli_id": "yes",
			"saa_cdli_museum": "yes",
			"saao_lists": "saao/saa07:P336648",
			"script": "Neo-Assyrian",
			"script_remarks": "inscribed",
			"script_type": "Cuneiform",
			"secondary_record": "no",
			"short_title": "Administrative Records 1",
			"title": "Wine Offerings(?)",
			"vol_title": "Imperial Administrative Records, Part I: Palace and Temple Administration",
			"volume": "SAA 7"
		},
		"geometry": {
			"type": "Point",
			"coordinates": [43.151937,36.358684]
		}
	}, {
		"type": "Feature",
		"properties": {
			"designation": "SAA 07 181",
			"atae_lists": "atae/saao:P335835",
			"has_date": "no",
			"accession_no": "1882-05-22, 0039",
			"add_no": "ADD 1014",
			"archive": "099 - Miscellaneous",
			"cdli_accession_no": "1882-05-22, 0039",
			"cdli_id": "P335835",
			"cdli_museum_no": "BM —",
			"ch_name": "Miscellaneous Temple Offerings",
			"ch_no": "Ch. 14",
			"ch_num_name": "Ch. 14 (Miscellaneous Temple Offerings)",
			"collection": "British Museum, London, UK",
			"comp_wit": "witness",
			"credits": "Adapted from F. Mario Fales and J. Nicholas Postgate, Imperial Administrative Records, Part I: Palace and Temple Administration (State Archives of Assyria, 7), 1992. Lemmatised by Mikko Luukko, 2017, as part of the research programme of the Alexander von Humboldt Chair in the Ancient History of the Near and Middle East at LMU Munich (Karen Radner, Humboldt Professorship 2015. The annotated edition is released under the Creative Commons Attribution Share-Alike license 3.0.  Please cite this page as http://oracc.org/saao/P335835/.",
			"date_of_origin": "00.000.00.00",
			"display_name": "SAA 07 181",
			"edited_twice": "no",
			"genre": "Administrative Record",
			"id_text": "P335835",
			"language": "Akkadian",
			"material": "clay",
			"museum_no": "BM —",
			"object_type": "tablet",
			"oracc_header": "&amp;P335835 = SAA 07 181#project: saao/saa22#atf: lang nb#key: file=SAA22/SAA22.saa#key: musno=1882-05-22, 0039#key: cdli=1882-05-22, 0039#key: date=Esarhaddon or Ashurbanipal#key: writer=#key: preservation=",
			"period": "Neo-Assyrian",
			"please_cite": "Please cite this page as http://oracc.org/saao/P335835/.",
			"pleiades_id": "874621",
			"primary_publication": "ADD 1014",
			"project": "saa07",
			"proposed_date": "(ca. 674-650)",
			"provenience": "Kuyunjik (Nineveh)",
			"publication_history": "SAA 07, 181",
			"rework": "no",
			"ruler": "Esarhaddon or Ashurbanipal",
			"saa_attribution": "Adapted from F. Mario Fales and J. Nicholas Postgate, Imperial Administrative Records, Part I: Palace and Temple Administration (State Archives of Assyria, 7), 1992. Lemmatised by Mikko Luukko, 2017, as part of the research programme of the Alexander von Humboldt Chair in the Ancient History of the Near and Middle East at LMU Munich (Karen Radner, Humboldt Professorship 2015. The annotated edition is released under the Creative Commons Attribution Share-Alike license 3.0.",
			"saa_cdli_accession": "yes",
			"saa_cdli_id": "yes",
			"saa_cdli_museum": "yes",
			"saao_lists": "saao/saa07:P335835",
			"script": "Neo-Assyrian",
			"script_remarks": "inscribed",
			"script_type": "Cuneiform",
			"secondary_record": "no",
			"short_title": "Administrative Records 1",
			"title": "Animal Offerings from the Palace",
			"vol_title": "Imperial Administrative Records, Part I: Palace and Temple Administration",
			"volume": "SAA 7"
		},
		"geometry": {
			"type": "Point",
			"coordinates": [43.151937,36.358684]
		}
	}, {
		"type": "Feature",
		"properties": {
			"designation": "SAA 07 182",
			"atae_lists": "atae/saao:P335824",
			"has_date": "yes",
			"accession_no": "K 00796",
			"add_no": "ADD 1002",
			"archive": "099 - Miscellaneous",
			"cdli_accession_no": "K 00796",
			"cdli_id": "P335824",
			"cdli_museum_no": "BM —",
			"ch_name": "Offerings for the Aššur Temple",
			"ch_no": "Ch. 15",
			"ch_num_name": "Ch. 15 (Offerings for the Aššur Temple)",
			"collection": "British Museum, London, UK",
			"comp_wit": "witness",
			"credits": "Adapted from F. Mario Fales and J. Nicholas Postgate, Imperial Administrative Records, Part I: Palace and Temple Administration (State Archives of Assyria, 7), 1992. Lemmatised by Mikko Luukko, 2017, as part of the research programme of the Alexander von Humboldt Chair in the Ancient History of the Near and Middle East at LMU Munich (Karen Radner, Humboldt Professorship 2015. The annotated edition is released under the Creative Commons Attribution Share-Alike license 3.0.  Please cite this page as http://oracc.org/saao/P335824/.",
			"date_of_origin": "00.000.00.00",
			"display_name": "SAA 07 182",
			"edited_twice": "no",
			"genre": "Administrative Record",
			"id_text": "P335824",
			"language": "Akkadian",
			"material": "clay",
			"museum_no": "BM —",
			"object_type": "tablet",
			"oracc_header": "&amp;P335824 = SAA 07 182#project: saao/saa22#atf: lang nb#key: file=SAA22/SAA22.saa#key: musno=K 00796#key: cdli=K 00796#key: date=Esarhaddon or Ashurbanipal#key: writer=#key: preservation=",
			"period": "Neo-Assyrian",
			"please_cite": "Please cite this page as http://oracc.org/saao/P335824/.",
			"pleiades_id": "874621",
			"primary_publication": "ADD 1002",
			"project": "saa07",
			"proposed_date": "(ca. 674-650)",
			"provenience": "Kuyunjik (Nineveh)",
			"publication_history": "SAA 07, 182",
			"rework": "no",
			"ruler": "Esarhaddon or Ashurbanipal",
			"saa_attribution": "Adapted from F. Mario Fales and J. Nicholas Postgate, Imperial Administrative Records, Part I: Palace and Temple Administration (State Archives of Assyria, 7), 1992. Lemmatised by Mikko Luukko, 2017, as part of the research programme of the Alexander von Humboldt Chair in the Ancient History of the Near and Middle East at LMU Munich (Karen Radner, Humboldt Professorship 2015. The annotated edition is released under the Creative Commons Attribution Share-Alike license 3.0.",
			"saa_cdli_accession": "yes",
			"saa_cdli_id": "yes",
			"saa_cdli_museum": "yes",
			"saao_lists": "saao/saa07:P335824",
			"script": "Neo-Assyrian",
			"script_remarks": "inscribed",
			"script_type": "Cuneiform",
			"secondary_record": "no",
			"short_title": "Administrative Records 1",
			"title": "Aššur Temple Offerings, Day 5",
			"vol_title": "Imperial Administrative Records, Part I: Palace and Temple Administration",
			"volume": "SAA 7"
		},
		"geometry": {
			"type": "Point",
			"coordinates": [43.151937,36.358684]
		}
	}, {
		"type": "Feature",
		"properties": {
			"designation": "SAA 07 183",
			"atae_lists": "atae/saao:P335820",
			"has_date": "yes",
			"date": "05",
			"day": "05",
			"accession_no": "K 00707",
			"add_no": "ADD 0998",
			"archive": "099 - Miscellaneous",
			"cdli_accession_no": "K 00707",
			"cdli_id": "P335820",
			"cdli_museum_no": "BM —",
			"ch_name": "Offerings for the Aššur Temple",
			"ch_no": "Ch. 15",
			"ch_num_name": "Ch. 15 (Offerings for the Aššur Temple)",
			"collection": "British Museum, London, UK",
			"comp_wit": "witness",
			"credits": "Adapted from F. Mario Fales and J. Nicholas Postgate, Imperial Administrative Records, Part I: Palace and Temple Administration (State Archives of Assyria, 7), 1992. Lemmatised by Mikko Luukko, 2017, as part of the research programme of the Alexander von Humboldt Chair in the Ancient History of the Near and Middle East at LMU Munich (Karen Radner, Humboldt Professorship 2015. The annotated edition is released under the Creative Commons Attribution Share-Alike license 3.0.  Please cite this page as http://oracc.org/saao/P335820/.",
			"date_gen": "-05",
			"date_of_origin": "00.000.00.05",
			"display_name": "SAA 07 183",
			"edited_twice": "no",
			"genre": "Administrative Record",
			"id_text": "P335820",
			"language": "Akkadian",
			"long_date": "5th day",
			"long_date_gen": "5th",
			"material": "clay",
			"museum_no": "BM —",
			"object_type": "tablet",
			"oracc_header": "&amp;P335820 = SAA 07 183#project: saao/saa22#atf: lang nb#key: file=SAA22/SAA22.saa#key: musno=K 00707#key: cdli=K 00707#key: date=Esarhaddon or Ashurbanipal#key: writer=#key: preservation=",
			"period": "Neo-Assyrian",
			"please_cite": "Please cite this page as http://oracc.org/saao/P335820/.",
			"pleiades_id": "874621",
			"primary_publication": "ADD 0998",
			"project": "saa07",
			"proposed_date": "(ca. 674-650)",
			"provenience": "Kuyunjik (Nineveh)",
			"publication_history": "SAA 07, 183",
			"rework": "no",
			"ruler": "Esarhaddon or Ashurbanipal",
			"saa_attribution": "Adapted from F. Mario Fales and J. Nicholas Postgate, Imperial Administrative Records, Part I: Palace and Temple Administration (State Archives of Assyria, 7), 1992. Lemmatised by Mikko Luukko, 2017, as part of the research programme of the Alexander von Humboldt Chair in the Ancient History of the Near and Middle East at LMU Munich (Karen Radner, Humboldt Professorship 2015. The annotated edition is released under the Creative Commons Attribution Share-Alike license 3.0.",
			"saa_cdli_accession": "yes",
			"saa_cdli_id": "yes",
			"saa_cdli_museum": "yes",
			"saao_lists": "saao/saa07:P335820",
			"script": "Neo-Assyrian",
			"script_remarks": "inscribed",
			"script_type": "Cuneiform",
			"secondary_record": "no",
			"short_title": "Administrative Records 1",
			"title": "Aššur Temple Offerings to Mullissu, Day 17",
			"vol_title": "Imperial Administrative Records, Part I: Palace and Temple Administration",
			"volume": "SAA 7"
		},
		"geometry": {
			"type": "Point",
			"coordinates": [43.151937,36.358684]
		}
	}, {
		"type": "Feature",
		"properties": {
			"designation": "SAA 07 184",
			"atae_lists": "atae/saao:P335821",
			"has_date": "yes",
			"date": "17",
			"day": "17",
			"accession_no": "K 00708",
			"add_no": "ADD 0999",
			"archive": "099 - Miscellaneous",
			"cdli_accession_no": "K 00708",
			"cdli_id": "P335821",
			"cdli_museum_no": "BM —",
			"ch_name": "Offerings for the Aššur Temple",
			"ch_no": "Ch. 15",
			"ch_num_name": "Ch. 15 (Offerings for the Aššur Temple)",
			"collection": "British Museum, London, UK",
			"comp_wit": "witness",
			"credits": "Adapted from F. Mario Fales and J. Nicholas Postgate, Imperial Administrative Records, Part I: Palace and Temple Administration (State Archives of Assyria, 7), 1992. Lemmatised by Mikko Luukko, 2017, as part of the research programme of the Alexander von Humboldt Chair in the Ancient History of the Near and Middle East at LMU Munich (Karen Radner, Humboldt Professorship 2015. The annotated edition is released under the Creative Commons Attribution Share-Alike license 3.0.  Please cite this page as http://oracc.org/saao/P335821/.",
			"date_gen": "-17",
			"date_of_origin": "00.000.00.17",
			"display_name": "SAA 07 184",
			"edited_twice": "no",
			"genre": "Administrative Record",
			"id_text": "P335821",
			"language": "Akkadian",
			"long_date": "17th day",
			"long_date_gen": "17th",
			"material": "clay",
			"museum_no": "BM —",
			"object_type": "tablet",
			"oracc_header": "&amp;P335821 = SAA 07 184#project: saao/saa22#atf: lang nb#key: file=SAA22/SAA22.saa#key: musno=K 00708#key: cdli=K 00708#key: date=Esarhaddon or Ashurbanipal#key: writer=#key: preservation=",
			"period": "Neo-Assyrian",
			"please_cite": "Please cite this page as http://oracc.org/saao/P335821/.",
			"pleiades_id": "874621",
			"primary_publication": "ADD 0999",
			"project": "saa07",
			"proposed_date": "(ca. 674-650)",
			"provenience": "Kuyunjik (Nineveh)",
			"publication_history": "SAA 07, 184",
			"rework": "no",
			"ruler": "Esarhaddon or Ashurbanipal",
			"saa_attribution": "Adapted from F. Mario Fales and J. Nicholas Postgate, Imperial Administrative Records, Part I: Palace and Temple Administration (State Archives of Assyria, 7), 1992. Lemmatised by Mikko Luukko, 2017, as part of the research programme of the Alexander von Humboldt Chair in the Ancient History of the Near and Middle East at LMU Munich (Karen Radner, Humboldt Professorship 2015. The annotated edition is released under the Creative Commons Attribution Share-Alike license 3.0.",
			"saa_cdli_accession": "yes",
			"saa_cdli_id": "yes",
			"saa_cdli_museum": "yes",
			"saao_lists": "saao/saa07:P335821",
			"script": "Neo-Assyrian",
			"script_remarks": "inscribed",
			"script_type": "Cuneiform",
			"secondary_record": "no",
			"short_title": "Administrative Records 1",
			"title": "Aššur Temple Offerings to Mullissu, Day 18",
			"vol_title": "Imperial Administrative Records, Part I: Palace and Temple Administration",
			"volume": "SAA 7"
		},
		"geometry": {
			"type": "Point",
			"coordinates": [43.151937,36.358684]
		}
	}, {
		"type": "Feature",
		"properties": {
			"designation": "SAA 07 185",
			"atae_lists": "atae/saao:P335823",
			"has_date": "yes",
			"date": "18",
			"day": "18",
			"accession_no": "Sm 1039",
			"add_no": "ADD 1001",
			"archive": "099 - Miscellaneous",
			"cdli_accession_no": "Sm 1039",
			"cdli_id": "P335823",
			"cdli_museum_no": "BM —",
			"ch_name": "Offerings for the Aššur Temple",
			"ch_no": "Ch. 15",
			"ch_num_name": "Ch. 15 (Offerings for the Aššur Temple)",
			"collection": "British Museum, London, UK",
			"comp_wit": "witness",
			"credits": "Adapted from F. Mario Fales and J. Nicholas Postgate, Imperial Administrative Records, Part I: Palace and Temple Administration (State Archives of Assyria, 7), 1992. Lemmatised by Mikko Luukko, 2017, as part of the research programme of the Alexander von Humboldt Chair in the Ancient History of the Near and Middle East at LMU Munich (Karen Radner, Humboldt Professorship 2015. The annotated edition is released under the Creative Commons Attribution Share-Alike license 3.0.  Please cite this page as http://oracc.org/saao/P335823/.",
			"date_gen": "-18",
			"date_of_origin": "00.000.00.18",
			"display_name": "SAA 07 185",
			"edited_twice": "no",
			"genre": "Administrative Record",
			"id_text": "P335823",
			"language": "Akkadian",
			"long_date": "18th day",
			"long_date_gen": "18th",
			"material": "clay",
			"museum_no": "BM —",
			"object_type": "tablet",
			"oracc_header": "&amp;P335823 = SAA 07 185#project: saao/saa22#atf: lang nb#key: file=SAA22/SAA22.saa#key: musno=Sm 1039#key: cdli=Sm 1039#key: date=Esarhaddon or Ashurbanipal#key: writer=#key: preservation=",
			"period": "Neo-Assyrian",
			"please_cite": "Please cite this page as http://oracc.org/saao/P335823/.",
			"pleiades_id": "874621",
			"primary_publication": "ADD 1001",
			"project": "saa07",
			"proposed_date": "(ca. 674-650)",
			"provenience": "Kuyunjik (Nineveh)",
			"publication_history": "SAA 07, 185",
			"rework": "no",
			"ruler": "Esarhaddon or Ashurbanipal",
			"saa_attribution": "Adapted from F. Mario Fales and J. Nicholas Postgate, Imperial Administrative Records, Part I: Palace and Temple Administration (State Archives of Assyria, 7), 1992. Lemmatised by Mikko Luukko, 2017, as part of the research programme of the Alexander von Humboldt Chair in the Ancient History of the Near and Middle East at LMU Munich (Karen Radner, Humboldt Professorship 2015. The annotated edition is released under the Creative Commons Attribution Share-Alike license 3.0.",
			"saa_cdli_accession": "yes",
			"saa_cdli_id": "yes",
			"saa_cdli_museum": "yes",
			"saao_lists": "saao/saa07:P335823",
			"script": "Neo-Assyrian",
			"script_remarks": "inscribed",
			"script_type": "Cuneiform",
			"secondary_record": "no",
			"short_title": "Administrative Records 1",
			"title": "Aššur Temple Offerings to Mullissu, Day 19",
			"vol_title": "Imperial Administrative Records, Part I: Palace and Temple Administration",
			"volume": "SAA 7"
		},
		"geometry": {
			"type": "Point",
			"coordinates": [43.151937,36.358684]
		}
	}, {
		"type": "Feature",
		"properties": {
			"designation": "SAA 07 186",
			"atae_lists": "atae/saao:P335822",
			"has_date": "yes",
			"date": "19",
			"day": "19",
			"accession_no": "K 00797",
			"add_no": "ADD 1000",
			"archive": "099 - Miscellaneous",
			"cdli_accession_no": "K 00797",
			"cdli_id": "P335822",
			"cdli_museum_no": "BM —",
			"ch_name": "Offerings for the Aššur Temple",
			"ch_no": "Ch. 15",
			"ch_num_name": "Ch. 15 (Offerings for the Aššur Temple)",
			"collection": "British Museum, London, UK",
			"comp_wit": "witness",
			"credits": "Adapted from F. Mario Fales and J. Nicholas Postgate, Imperial Administrative Records, Part I: Palace and Temple Administration (State Archives of Assyria, 7), 1992. Lemmatised by Mikko Luukko, 2017, as part of the research programme of the Alexander von Humboldt Chair in the Ancient History of the Near and Middle East at LMU Munich (Karen Radner, Humboldt Professorship 2015. The annotated edition is released under the Creative Commons Attribution Share-Alike license 3.0.  Please cite this page as http://oracc.org/saao/P335822/.",
			"date_gen": "-19",
			"date_of_origin": "00.000.00.19",
			"display_name": "SAA 07 186",
			"edited_twice": "no",
			"genre": "Administrative Record",
			"id_text": "P335822",
			"language": "Akkadian",
			"long_date": "19th day",
			"long_date_gen": "19th",
			"material": "clay",
			"museum_no": "BM —",
			"object_type": "tablet",
			"oracc_header": "&amp;P335822 = SAA 07 186#project: saao/saa22#atf: lang nb#key: file=SAA22/SAA22.saa#key: musno=K 00797#key: cdli=K 00797#key: date=Esarhaddon or Ashurbanipal#key: writer=#key: preservation=",
			"period": "Neo-Assyrian",
			"please_cite": "Please cite this page as http://oracc.org/saao/P335822/.",
			"pleiades_id": "874621",
			"primary_publication": "ADD 1000",
			"project": "saa07",
			"proposed_date": "(ca. 674-650)",
			"provenience": "Kuyunjik (Nineveh)",
			"publication_history": "SAA 07, 186",
			"rework": "no",
			"ruler": "Esarhaddon or Ashurbanipal",
			"saa_attribution": "Adapted from F. Mario Fales and J. Nicholas Postgate, Imperial Administrative Records, Part I: Palace and Temple Administration (State Archives of Assyria, 7), 1992. Lemmatised by Mikko Luukko, 2017, as part of the research programme of the Alexander von Humboldt Chair in the Ancient History of the Near and Middle East at LMU Munich (Karen Radner, Humboldt Professorship 2015. The annotated edition is released under the Creative Commons Attribution Share-Alike license 3.0.",
			"saa_cdli_accession": "yes",
			"saa_cdli_id": "yes",
			"saa_cdli_museum": "yes",
			"saao_lists": "saao/saa07:P335822",
			"script": "Neo-Assyrian",
			"script_remarks": "inscribed",
			"script_type": "Cuneiform",
			"secondary_record": "no",
			"short_title": "Administrative Records 1",
			"title": "Aššur Temple Offerings to Mullissu, Day 21",
			"vol_title": "Imperial Administrative Records, Part I: Palace and Temple Administration",
			"volume": "SAA 7"
		},
		"geometry": {
			"type": "Point",
			"coordinates": [43.151937,36.358684]
		}
	}, {
		"type": "Feature",
		"properties": {
			"designation": "SAA 07 187",
			"atae_lists": "atae/saao:P335846",
			"has_date": "yes",
			"date": "20",
			"day": "20",
			"accession_no": "K 01006",
			"add_no": "ADD 1025",
			"archive": "099 - Miscellaneous",
			"cdli_accession_no": "K 01006",
			"cdli_id": "P335846",
			"cdli_museum_no": "BM —",
			"ch_name": "Offerings for the Aššur Temple",
			"ch_no": "Ch. 15",
			"ch_num_name": "Ch. 15 (Offerings for the Aššur Temple)",
			"collection": "British Museum, London, UK",
			"comp_wit": "witness",
			"credits": "Adapted from F. Mario Fales and J. Nicholas Postgate, Imperial Administrative Records, Part I: Palace and Temple Administration (State Archives of Assyria, 7), 1992. Lemmatised by Mikko Luukko, 2017, as part of the research programme of the Alexander von Humboldt Chair in the Ancient History of the Near and Middle East at LMU Munich (Karen Radner, Humboldt Professorship 2015. The annotated edition is released under the Creative Commons Attribution Share-Alike license 3.0.  Please cite this page as http://oracc.org/saao/P335846/.",
			"date_gen": "-20",
			"date_of_origin": "00.000.00.20",
			"display_name": "SAA 07 187",
			"edited_twice": "no",
			"genre": "Administrative Record",
			"id_text": "P335846",
			"language": "Akkadian",
			"long_date": "20th day",
			"long_date_gen": "20th",
			"material": "clay",
			"museum_no": "BM —",
			"object_type": "tablet",
			"oracc_header": "&amp;P335846 = SAA 07 187#project: saao/saa22#atf: lang nb#key: file=SAA22/SAA22.saa#key: musno=K 01006#key: cdli=K 01006#key: date=Esarhaddon or Ashurbanipal#key: writer=#key: preservation=",
			"period": "Neo-Assyrian",
			"please_cite": "Please cite this page as http://oracc.org/saao/P335846/.",
			"pleiades_id": "874621",
			"primary_publication": "ADD 1025",
			"project": "saa07",
			"proposed_date": "(ca. 674-650)",
			"provenience": "Kuyunjik (Nineveh)",
			"publication_history": "SAA 07, 187",
			"rework": "no",
			"ruler": "Esarhaddon or Ashurbanipal",
			"saa_attribution": "Adapted from F. Mario Fales and J. Nicholas Postgate, Imperial Administrative Records, Part I: Palace and Temple Administration (State Archives of Assyria, 7), 1992. Lemmatised by Mikko Luukko, 2017, as part of the research programme of the Alexander von Humboldt Chair in the Ancient History of the Near and Middle East at LMU Munich (Karen Radner, Humboldt Professorship 2015. The annotated edition is released under the Creative Commons Attribution Share-Alike license 3.0.",
			"saa_cdli_accession": "yes",
			"saa_cdli_id": "yes",
			"saa_cdli_museum": "yes",
			"saao_lists": "saao/saa07:P335846",
			"script": "Neo-Assyrian",
			"script_remarks": "inscribed",
			"script_type": "Cuneiform",
			"secondary_record": "no",
			"short_title": "Administrative Records 1",
			"title": "Aššur Temple Offerings, Day 20",
			"vol_title": "Imperial Administrative Records, Part I: Palace and Temple Administration",
			"volume": "SAA 7"
		},
		"geometry": {
			"type": "Point",
			"coordinates": [43.151937,36.358684]
		}
	}, {
		"type": "Feature",
		"properties": {
			"designation": "SAA 07 188",
			"atae_lists": "atae/saao:P335827",
			"has_date": "yes",
			"date": "02",
			"day": "02",
			"accession_no": "K 00880A",
			"add_no": "ADD 1006",
			"archive": "099 - Miscellaneous",
			"cdli_accession_no": "K 00880a",
			"cdli_id": "P335827",
			"cdli_museum_no": "BM —",
			"ch_name": "Offerings for the Aššur Temple",
			"ch_no": "Ch. 15",
			"ch_num_name": "Ch. 15 (Offerings for the Aššur Temple)",
			"collection": "British Museum, London, UK",
			"comp_wit": "witness",
			"credits": "Adapted from F. Mario Fales and J. Nicholas Postgate, Imperial Administrative Records, Part I: Palace and Temple Administration (State Archives of Assyria, 7), 1992. Lemmatised by Mikko Luukko, 2017, as part of the research programme of the Alexander von Humboldt Chair in the Ancient History of the Near and Middle East at LMU Munich (Karen Radner, Humboldt Professorship 2015. The annotated edition is released under the Creative Commons Attribution Share-Alike license 3.0.  Please cite this page as http://oracc.org/saao/P335827/.",
			"date_gen": "-02",
			"date_of_origin": "00.000.00.02",
			"display_name": "SAA 07 188",
			"edited_twice": "no",
			"genre": "Administrative Record",
			"id_text": "P335827",
			"language": "Akkadian",
			"long_date": "2nd day",
			"long_date_gen": "2nd",
			"material": "clay",
			"museum_no": "BM —",
			"object_type": "tablet",
			"oracc_header": "&amp;P335827 = SAA 07 188#project: saao/saa22#atf: lang nb#key: file=SAA22/SAA22.saa#key: musno=K 00880A#key: cdli=K 00880A#key: date=Esarhaddon or Ashurbanipal#key: writer=#key: preservation=",
			"period": "Neo-Assyrian",
			"please_cite": "Please cite this page as http://oracc.org/saao/P335827/.",
			"pleiades_id": "874621",
			"primary_publication": "ADD 1006",
			"project": "saa07",
			"proposed_date": "(ca. 674-650)",
			"provenience": "Kuyunjik (Nineveh)",
			"publication_history": "SAA 07, 188",
			"rework": "no",
			"ruler": "Esarhaddon or Ashurbanipal",
			"saa_attribution": "Adapted from F. Mario Fales and J. Nicholas Postgate, Imperial Administrative Records, Part I: Palace and Temple Administration (State Archives of Assyria, 7), 1992. Lemmatised by Mikko Luukko, 2017, as part of the research programme of the Alexander von Humboldt Chair in the Ancient History of the Near and Middle East at LMU Munich (Karen Radner, Humboldt Professorship 2015. The annotated edition is released under the Creative Commons Attribution Share-Alike license 3.0.",
			"saa_cdli_accession": "yes",
			"saa_cdli_id": "yes",
			"saa_cdli_museum": "yes",
			"saao_lists": "saao/saa07:P335827",
			"script": "Neo-Assyrian",
			"script_remarks": "inscribed",
			"script_type": "Cuneiform",
			"secondary_record": "no",
			"short_title": "Administrative Records 1",
			"title": "Aššur Temple Offerings, Day 2",
			"vol_title": "Imperial Administrative Records, Part I: Palace and Temple Administration",
			"volume": "SAA 7"
		},
		"geometry": {
			"type": "Point",
			"coordinates": [43.151937,36.358684]
		}
	}, {
		"type": "Feature",
		"properties": {
			"designation": "SAA 07 189",
			"atae_lists": "atae/saao:P335826",
			"has_date": "yes",
			"date": "04",
			"day": "04",
			"accession_no": "K 00836",
			"add_no": "ADD 1005",
			"archive": "099 - Miscellaneous",
			"cdli_accession_no": "K 00836",
			"cdli_id": "P335826",
			"cdli_museum_no": "BM —",
			"ch_name": "Offerings for the Aššur Temple",
			"ch_no": "Ch. 15",
			"ch_num_name": "Ch. 15 (Offerings for the Aššur Temple)",
			"collection": "British Museum, London, UK",
			"comp_wit": "witness",
			"credits": "Adapted from F. Mario Fales and J. Nicholas Postgate, Imperial Administrative Records, Part I: Palace and Temple Administration (State Archives of Assyria, 7), 1992. Lemmatised by Mikko Luukko, 2017, as part of the research programme of the Alexander von Humboldt Chair in the Ancient History of the Near and Middle East at LMU Munich (Karen Radner, Humboldt Professorship 2015. The annotated edition is released under the Creative Commons Attribution Share-Alike license 3.0.  Please cite this page as http://oracc.org/saao/P335826/.",
			"date_gen": "-04",
			"date_of_origin": "00.000.00.04",
			"display_name": "SAA 07 189",
			"edited_twice": "no",
			"genre": "Administrative Record",
			"id_text": "P335826",
			"language": "Akkadian",
			"long_date": "4th day",
			"long_date_gen": "4th",
			"material": "clay",
			"museum_no": "BM —",
			"object_type": "tablet",
			"oracc_header": "&amp;P335826 = SAA 07 189#project: saao/saa22#atf: lang nb#key: file=SAA22/SAA22.saa#key: musno=K 00836#key: cdli=K 00836#key: date=Esarhaddon or Ashurbanipal#key: writer=#key: preservation=",
			"period": "Neo-Assyrian",
			"please_cite": "Please cite this page as http://oracc.org/saao/P335826/.",
			"pleiades_id": "874621",
			"primary_publication": "ADD 1005",
			"project": "saa07",
			"proposed_date": "(ca. 674-650)",
			"provenience": "Kuyunjik (Nineveh)",
			"publication_history": "SAA 07, 189",
			"rework": "no",
			"ruler": "Esarhaddon or Ashurbanipal",
			"saa_attribution": "Adapted from F. Mario Fales and J. Nicholas Postgate, Imperial Administrative Records, Part I: Palace and Temple Administration (State Archives of Assyria, 7), 1992. Lemmatised by Mikko Luukko, 2017, as part of the research programme of the Alexander von Humboldt Chair in the Ancient History of the Near and Middle East at LMU Munich (Karen Radner, Humboldt Professorship 2015. The annotated edition is released under the Creative Commons Attribution Share-Alike license 3.0.",
			"saa_cdli_accession": "yes",
			"saa_cdli_id": "yes",
			"saa_cdli_museum": "yes",
			"saao_lists": "saao/saa07:P335826",
			"script": "Neo-Assyrian",
			"script_remarks": "inscribed",
			"script_type": "Cuneiform",
			"secondary_record": "no",
			"short_title": "Administrative Records 1",
			"title": "Aššur Temple Offerings, Day 4",
			"vol_title": "Imperial Administrative Records, Part I: Palace and Temple Administration",
			"volume": "SAA 7"
		},
		"geometry": {
			"type": "Point",
			"coordinates": [43.151937,36.358684]
		}
	}, {
		"type": "Feature",
		"properties": {
			"designation": "SAA 07 190",
			"atae_lists": "atae/saao:P335842",
			"has_date": "yes",
			"date": "06",
			"day": "06",
			"accession_no": "1883-01-18, 0080",
			"add_no": "ADD 1021",
			"archive": "099 - Miscellaneous",
			"cdli_accession_no": "1883-01-18, 0080",
			"cdli_id": "P335842",
			"cdli_museum_no": "BM —",
			"ch_name": "Offerings for the Aššur Temple",
			"ch_no": "Ch. 15",
			"ch_num_name": "Ch. 15 (Offerings for the Aššur Temple)",
			"collection": "British Museum, London, UK",
			"comp_wit": "witness",
			"credits": "Adapted from F. Mario Fales and J. Nicholas Postgate, Imperial Administrative Records, Part I: Palace and Temple Administration (State Archives of Assyria, 7), 1992. Lemmatised by Mikko Luukko, 2017, as part of the research programme of the Alexander von Humboldt Chair in the Ancient History of the Near and Middle East at LMU Munich (Karen Radner, Humboldt Professorship 2015. The annotated edition is released under the Creative Commons Attribution Share-Alike license 3.0.  Please cite this page as http://oracc.org/saao/P335842/.",
			"date_gen": "-06",
			"date_of_origin": "00.000.00.06",
			"display_name": "SAA 07 190",
			"edited_twice": "no",
			"genre": "Administrative Record",
			"id_text": "P335842",
			"language": "Akkadian",
			"long_date": "6th day",
			"long_date_gen": "6th",
			"material": "clay",
			"museum_no": "BM —",
			"object_type": "tablet",
			"oracc_header": "&amp;P335842 = SAA 07 190#project: saao/saa22#atf: lang nb#key: file=SAA22/SAA22.saa#key: musno=1883-01-18, 0080#key: cdli=1883-01-18, 0080#key: date=Esarhaddon or Ashurbanipal#key: writer=#key: preservation=",
			"period": "Neo-Assyrian",
			"please_cite": "Please cite this page as http://oracc.org/saao/P335842/.",
			"pleiades_id": "874621",
			"primary_publication": "ADD 1021",
			"project": "saa07",
			"proposed_date": "(ca. 674-650)",
			"provenience": "Kuyunjik (Nineveh)",
			"publication_history": "SAA 07, 190",
			"rework": "no",
			"ruler": "Esarhaddon or Ashurbanipal",
			"saa_attribution": "Adapted from F. Mario Fales and J. Nicholas Postgate, Imperial Administrative Records, Part I: Palace and Temple Administration (State Archives of Assyria, 7), 1992. Lemmatised by Mikko Luukko, 2017, as part of the research programme of the Alexander von Humboldt Chair in the Ancient History of the Near and Middle East at LMU Munich (Karen Radner, Humboldt Professorship 2015. The annotated edition is released under the Creative Commons Attribution Share-Alike license 3.0.",
			"saa_cdli_accession": "yes",
			"saa_cdli_id": "yes",
			"saa_cdli_museum": "yes",
			"saao_lists": "saao/saa07:P335842",
			"script": "Neo-Assyrian",
			"script_remarks": "inscribed",
			"script_type": "Cuneiform",
			"secondary_record": "no",
			"short_title": "Administrative Records 1",
			"title": "Aššur Temple Offerings, Day 6",
			"vol_title": "Imperial Administrative Records, Part I: Palace and Temple Administration",
			"volume": "SAA 7"
		},
		"geometry": {
			"type": "Point",
			"coordinates": [43.151937,36.358684]
		}
	}, {
		"type": "Feature",
		"properties": {
			"designation": "SAA 07 191",
			"atae_lists": "atae/saao:P335833",
			"has_date": "yes",
			"date": "10",
			"day": "10",
			"accession_no": "1881-02-04, 0099",
			"add_no": "ADD 1012",
			"archive": "099 - Miscellaneous",
			"cdli_accession_no": "1881-02-04, 0099",
			"cdli_id": "P335833",
			"cdli_museum_no": "BM —",
			"ch_name": "Offerings for the Aššur Temple",
			"ch_no": "Ch. 15",
			"ch_num_name": "Ch. 15 (Offerings for the Aššur Temple)",
			"collection": "British Museum, London, UK",
			"comp_wit": "witness",
			"credits": "Adapted from F. Mario Fales and J. Nicholas Postgate, Imperial Administrative Records, Part I: Palace and Temple Administration (State Archives of Assyria, 7), 1992. Lemmatised by Mikko Luukko, 2017, as part of the research programme of the Alexander von Humboldt Chair in the Ancient History of the Near and Middle East at LMU Munich (Karen Radner, Humboldt Professorship 2015. The annotated edition is released under the Creative Commons Attribution Share-Alike license 3.0.  Please cite this page as http://oracc.org/saao/P335833/.",
			"date_gen": "-10",
			"date_of_origin": "00.000.00.10",
			"display_name": "SAA 07 191",
			"edited_twice": "no",
			"genre": "Administrative Record",
			"id_text": "P335833",
			"language": "Akkadian",
			"long_date": "10th day",
			"long_date_gen": "10th",
			"material": "clay",
			"museum_no": "BM —",
			"object_type": "tablet",
			"oracc_header": "&amp;P335833 = SAA 07 191#project: saao/saa22#atf: lang nb#key: file=SAA22/SAA22.saa#key: musno=1881-02-04, 0099#key: cdli=1881-02-04, 0099#key: date=Esarhaddon or Ashurbanipal#key: writer=#key: preservation=",
			"period": "Neo-Assyrian",
			"please_cite": "Please cite this page as http://oracc.org/saao/P335833/.",
			"pleiades_id": "874621",
			"primary_publication": "ADD 1012",
			"project": "saa07",
			"proposed_date": "(ca. 674-650)",
			"provenience": "Kuyunjik (Nineveh)",
			"publication_history": "SAA 07, 191",
			"rework": "no",
			"ruler": "Esarhaddon or Ashurbanipal",
			"saa_attribution": "Adapted from F. Mario Fales and J. Nicholas Postgate, Imperial Administrative Records, Part I: Palace and Temple Administration (State Archives of Assyria, 7), 1992. Lemmatised by Mikko Luukko, 2017, as part of the research programme of the Alexander von Humboldt Chair in the Ancient History of the Near and Middle East at LMU Munich (Karen Radner, Humboldt Professorship 2015. The annotated edition is released under the Creative Commons Attribution Share-Alike license 3.0.",
			"saa_cdli_accession": "yes",
			"saa_cdli_id": "yes",
			"saa_cdli_museum": "yes",
			"saao_lists": "saao/saa07:P335833",
			"script": "Neo-Assyrian",
			"script_remarks": "inscribed",
			"script_type": "Cuneiform",
			"secondary_record": "no",
			"short_title": "Administrative Records 1",
			"title": "Aššur Temple Offerings, Day 10",
			"vol_title": "Imperial Administrative Records, Part I: Palace and Temple Administration",
			"volume": "SAA 7"
		},
		"geometry": {
			"type": "Point",
			"coordinates": [43.151937,36.358684]
		}
	}, {
		"type": "Feature",
		"properties": {
			"designation": "SAA 07 192",
			"atae_lists": "atae/saao:P335840",
			"has_date": "yes",
			"date": "14",
			"day": "14",
			"accession_no": "Rm 0057",
			"add_no": "ADD 1019",
			"archive": "099 - Miscellaneous",
			"cdli_accession_no": "Rm 0057",
			"cdli_id": "P335840",
			"cdli_museum_no": "BM —",
			"ch_name": "Offerings for the Aššur Temple",
			"ch_no": "Ch. 15",
			"ch_num_name": "Ch. 15 (Offerings for the Aššur Temple)",
			"collection": "British Museum, London, UK",
			"comp_wit": "witness",
			"credits": "Adapted from F. Mario Fales and J. Nicholas Postgate, Imperial Administrative Records, Part I: Palace and Temple Administration (State Archives of Assyria, 7), 1992. Lemmatised by Mikko Luukko, 2017, as part of the research programme of the Alexander von Humboldt Chair in the Ancient History of the Near and Middle East at LMU Munich (Karen Radner, Humboldt Professorship 2015. The annotated edition is released under the Creative Commons Attribution Share-Alike license 3.0.  Please cite this page as http://oracc.org/saao/P335840/.",
			"date_gen": "-14",
			"date_of_origin": "00.000.00.14",
			"display_name": "SAA 07 192",
			"edited_twice": "no",
			"genre": "Administrative Record",
			"id_text": "P335840",
			"language": "Akkadian",
			"long_date": "14th day",
			"long_date_gen": "14th",
			"material": "clay",
			"museum_no": "BM —",
			"object_type": "tablet",
			"oracc_header": "&amp;P335840 = SAA 07 192#project: saao/saa22#atf: lang nb#key: file=SAA22/SAA22.saa#key: musno=Rm 0057#key: cdli=Rm 0057#key: date=Esarhaddon or Ashurbanipal#key: writer=#key: preservation=",
			"period": "Neo-Assyrian",
			"please_cite": "Please cite this page as http://oracc.org/saao/P335840/.",
			"pleiades_id": "874621",
			"primary_publication": "ADD 1019",
			"project": "saa07",
			"proposed_date": "(ca. 674-650)",
			"provenience": "Kuyunjik (Nineveh)",
			"publication_history": "SAA 07, 192",
			"rework": "no",
			"ruler": "Esarhaddon or Ashurbanipal",
			"saa_attribution": "Adapted from F. Mario Fales and J. Nicholas Postgate, Imperial Administrative Records, Part I: Palace and Temple Administration (State Archives of Assyria, 7), 1992. Lemmatised by Mikko Luukko, 2017, as part of the research programme of the Alexander von Humboldt Chair in the Ancient History of the Near and Middle East at LMU Munich (Karen Radner, Humboldt Professorship 2015. The annotated edition is released under the Creative Commons Attribution Share-Alike license 3.0.",
			"saa_cdli_accession": "yes",
			"saa_cdli_id": "yes",
			"saa_cdli_museum": "yes",
			"saao_lists": "saao/saa07:P335840",
			"script": "Neo-Assyrian",
			"script_remarks": "inscribed",
			"script_type": "Cuneiform",
			"secondary_record": "no",
			"short_title": "Administrative Records 1",
			"title": "Aššur Temple Offerings, Day 14",
			"vol_title": "Imperial Administrative Records, Part I: Palace and Temple Administration",
			"volume": "SAA 7"
		},
		"geometry": {
			"type": "Point",
			"coordinates": [43.151937,36.358684]
		}
	}, {
		"type": "Feature",
		"properties": {
			"designation": "SAA 07 193",
			"atae_lists": "atae/saao:P335902",
			"has_date": "yes",
			"date": "23",
			"day": "23",
			"accession_no": "K 00837",
			"add_no": "ADD 1092",
			"archive": "099 - Miscellaneous",
			"cdli_accession_no": "K 00837",
			"cdli_id": "P335902",
			"cdli_museum_no": "BM —",
			"ch_name": "Offerings for the Aššur Temple",
			"ch_no": "Ch. 15",
			"ch_num_name": "Ch. 15 (Offerings for the Aššur Temple)",
			"collection": "British Museum, London, UK",
			"comp_wit": "witness",
			"credits": "Adapted from F. Mario Fales and J. Nicholas Postgate, Imperial Administrative Records, Part I: Palace and Temple Administration (State Archives of Assyria, 7), 1992. Lemmatised by Mikko Luukko, 2017, as part of the research programme of the Alexander von Humboldt Chair in the Ancient History of the Near and Middle East at LMU Munich (Karen Radner, Humboldt Professorship 2015. The annotated edition is released under the Creative Commons Attribution Share-Alike license 3.0.  Please cite this page as http://oracc.org/saao/P335902/.",
			"date_gen": "-23",
			"date_of_origin": "00.000.00.23",
			"display_name": "SAA 07 193",
			"edited_twice": "no",
			"genre": "Administrative Record",
			"id_text": "P335902",
			"language": "Akkadian",
			"long_date": "23rd day",
			"long_date_gen": "23rd",
			"material": "clay",
			"museum_no": "BM —",
			"object_type": "tablet",
			"oracc_header": "&amp;P335902 = SAA 07 193#project: saao/saa22#atf: lang nb#key: file=SAA22/SAA22.saa#key: musno=K 00837#key: cdli=K 00837#key: date=Esarhaddon or Ashurbanipal#key: writer=#key: preservation=",
			"period": "Neo-Assyrian",
			"please_cite": "Please cite this page as http://oracc.org/saao/P335902/.",
			"pleiades_id": "874621",
			"primary_publication": "ADD 1092",
			"project": "saa07",
			"proposed_date": "(ca. 674-650)",
			"provenience": "Kuyunjik (Nineveh)",
			"publication_history": "SAA 07, 193",
			"rework": "no",
			"ruler": "Esarhaddon or Ashurbanipal",
			"saa_attribution": "Adapted from F. Mario Fales and J. Nicholas Postgate, Imperial Administrative Records, Part I: Palace and Temple Administration (State Archives of Assyria, 7), 1992. Lemmatised by Mikko Luukko, 2017, as part of the research programme of the Alexander von Humboldt Chair in the Ancient History of the Near and Middle East at LMU Munich (Karen Radner, Humboldt Professorship 2015. The annotated edition is released under the Creative Commons Attribution Share-Alike license 3.0.",
			"saa_cdli_accession": "yes",
			"saa_cdli_id": "yes",
			"saa_cdli_museum": "yes",
			"saao_lists": "saao/saa07:P335902",
			"script": "Neo-Assyrian",
			"script_remarks": "inscribed",
			"script_type": "Cuneiform",
			"secondary_record": "no",
			"short_title": "Administrative Records 1",
			"title": "Aššur Temple Offerings, Day 23",
			"vol_title": "Imperial Administrative Records, Part I: Palace and Temple Administration",
			"volume": "SAA 7"
		},
		"geometry": {
			"type": "Point",
			"coordinates": [43.151937,36.358684]
		}
	}, {
		"type": "Feature",
		"properties": {
			"designation": "SAA 07 194",
			"atae_lists": "atae/saao:P335829",
			"has_date": "no",
			"accession_no": "K 00928",
			"add_no": "ADD 1008",
			"archive": "099 - Miscellaneous",
			"cdli_accession_no": "K 00928",
			"cdli_id": "P335829",
			"cdli_museum_no": "BM —",
			"ch_name": "Offerings for the Aššur Temple",
			"ch_no": "Ch. 15",
			"ch_num_name": "Ch. 15 (Offerings for the Aššur Temple)",
			"collection": "British Museum, London, UK",
			"comp_wit": "witness",
			"credits": "Adapted from F. Mario Fales and J. Nicholas Postgate, Imperial Administrative Records, Part I: Palace and Temple Administration (State Archives of Assyria, 7), 1992. Lemmatised by Mikko Luukko, 2017, as part of the research programme of the Alexander von Humboldt Chair in the Ancient History of the Near and Middle East at LMU Munich (Karen Radner, Humboldt Professorship 2015. The annotated edition is released under the Creative Commons Attribution Share-Alike license 3.0.  Please cite this page as http://oracc.org/saao/P335829/.",
			"date_of_origin": "00.000.00.00",
			"display_name": "SAA 07 194",
			"edited_twice": "no",
			"genre": "Administrative Record",
			"id_text": "P335829",
			"language": "Akkadian",
			"material": "clay",
			"museum_no": "BM —",
			"object_type": "tablet",
			"oracc_header": "&amp;P335829 = SAA 07 194#project: saao/saa22#atf: lang nb#key: file=SAA22/SAA22.saa#key: musno=K 00928#key: cdli=K 00928#key: date=Esarhaddon or Ashurbanipal#key: writer=#key: preservation=",
			"period": "Neo-Assyrian",
			"please_cite": "Please cite this page as http://oracc.org/saao/P335829/.",
			"pleiades_id": "874621",
			"primary_publication": "ADD 1008",
			"project": "saa07",
			"proposed_date": "(ca. 674-650)",
			"provenience": "Kuyunjik (Nineveh)",
			"publication_history": "SAA 07, 194",
			"rework": "no",
			"ruler": "Esarhaddon or Ashurbanipal",
			"saa_attribution": "Adapted from F. Mario Fales and J. Nicholas Postgate, Imperial Administrative Records, Part I: Palace and Temple Administration (State Archives of Assyria, 7), 1992. Lemmatised by Mikko Luukko, 2017, as part of the research programme of the Alexander von Humboldt Chair in the Ancient History of the Near and Middle East at LMU Munich (Karen Radner, Humboldt Professorship 2015. The annotated edition is released under the Creative Commons Attribution Share-Alike license 3.0.",
			"saa_cdli_accession": "yes",
			"saa_cdli_id": "yes",
			"saa_cdli_museum": "yes",
			"saao_lists": "saao/saa07:P335829",
			"script": "Neo-Assyrian",
			"script_remarks": "inscribed",
			"script_type": "Cuneiform",
			"secondary_record": "no",
			"short_title": "Administrative Records 1",
			"title": "Aššur Temple Offerings",
			"vol_title": "Imperial Administrative Records, Part I: Palace and Temple Administration",
			"volume": "SAA 7"
		},
		"geometry": {
			"type": "Point",
			"coordinates": [43.151937,36.358684]
		}
	}, {
		"type": "Feature",
		"properties": {
			"designation": "SAA 07 195",
			"atae_lists": "atae/saao:P335830",
			"has_date": "unknown",
			"accession_no": "K 01863",
			"add_no": "ADD 1009",
			"archive": "099 - Miscellaneous",
			"cdli_accession_no": "K 01863",
			"cdli_id": "P335830",
			"cdli_museum_no": "BM —",
			"ch_name": "Offerings for the Aššur Temple",
			"ch_no": "Ch. 15",
			"ch_num_name": "Ch. 15 (Offerings for the Aššur Temple)",
			"collection": "British Museum, London, UK",
			"comp_wit": "witness",
			"credits": "Adapted from F. Mario Fales and J. Nicholas Postgate, Imperial Administrative Records, Part I: Palace and Temple Administration (State Archives of Assyria, 7), 1992. Lemmatised by Mikko Luukko, 2017, as part of the research programme of the Alexander von Humboldt Chair in the Ancient History of the Near and Middle East at LMU Munich (Karen Radner, Humboldt Professorship 2015. The annotated edition is released under the Creative Commons Attribution Share-Alike license 3.0.  Please cite this page as http://oracc.org/saao/P335830/.",
			"date_of_origin": "00.000.00.00",
			"display_name": "SAA 07 195",
			"edited_twice": "no",
			"genre": "Administrative Record",
			"id_text": "P335830",
			"language": "Akkadian",
			"material": "clay",
			"museum_no": "BM —",
			"object_type": "tablet",
			"oracc_header": "&amp;P335830 = SAA 07 195#project: saao/saa22#atf: lang nb#key: file=SAA22/SAA22.saa#key: musno=K 01863#key: cdli=K 01863#key: date=Esarhaddon or Ashurbanipal#key: writer=#key: preservation=",
			"period": "Neo-Assyrian",
			"please_cite": "Please cite this page as http://oracc.org/saao/P335830/.",
			"pleiades_id": "874621",
			"primary_publication": "ADD 1009",
			"project": "saa07",
			"proposed_date": "(ca. 674-650)",
			"provenience": "Kuyunjik (Nineveh)",
			"publication_history": "SAA 07, 195",
			"rework": "no",
			"ruler": "Esarhaddon or Ashurbanipal",
			"saa_attribution": "Adapted from F. Mario Fales and J. Nicholas Postgate, Imperial Administrative Records, Part I: Palace and Temple Administration (State Archives of Assyria, 7), 1992. Lemmatised by Mikko Luukko, 2017, as part of the research programme of the Alexander von Humboldt Chair in the Ancient History of the Near and Middle East at LMU Munich (Karen Radner, Humboldt Professorship 2015. The annotated edition is released under the Creative Commons Attribution Share-Alike license 3.0.",
			"saa_cdli_accession": "yes",
			"saa_cdli_id": "yes",
			"saa_cdli_museum": "yes",
			"saao_lists": "saao/saa07:P335830",
			"script": "Neo-Assyrian",
			"script_remarks": "inscribed",
			"script_type": "Cuneiform",
			"secondary_record": "no",
			"short_title": "Administrative Records 1",
			"title": "Aššur Temple Offerings",
			"vol_title": "Imperial Administrative Records, Part I: Palace and Temple Administration",
			"volume": "SAA 7"
		},
		"geometry": {
			"type": "Point",
			"coordinates": [43.151937,36.358684]
		}
	}, {
		"type": "Feature",
		"properties": {
			"designation": "SAA 07 196",
			"atae_lists": "atae/saao:P335836",
			"has_date": "unknown",
			"accession_no": "1891-05-09 Bu, 0158",
			"add_no": "ADD 1015",
			"archive": "099 - Miscellaneous",
			"cdli_accession_no": "1891-05-09 Bu, 0158",
			"cdli_id": "P335836",
			"cdli_museum_no": "BM —",
			"ch_name": "Offerings for the Aššur Temple",
			"ch_no": "Ch. 15",
			"ch_num_name": "Ch. 15 (Offerings for the Aššur Temple)",
			"collection": "British Museum, London, UK",
			"comp_wit": "witness",
			"credits": "Adapted from F. Mario Fales and J. Nicholas Postgate, Imperial Administrative Records, Part I: Palace and Temple Administration (State Archives of Assyria, 7), 1992. Lemmatised by Mikko Luukko, 2017, as part of the research programme of the Alexander von Humboldt Chair in the Ancient History of the Near and Middle East at LMU Munich (Karen Radner, Humboldt Professorship 2015. The annotated edition is released under the Creative Commons Attribution Share-Alike license 3.0.  Please cite this page as http://oracc.org/saao/P335836/.",
			"date_of_origin": "00.000.00.00",
			"display_name": "SAA 07 196",
			"edited_twice": "no",
			"genre": "Administrative Record",
			"id_text": "P335836",
			"language": "Akkadian",
			"material": "clay",
			"museum_no": "BM —",
			"object_type": "tablet",
			"oracc_header": "&amp;P335836 = SAA 07 196#project: saao/saa22#atf: lang nb#key: file=SAA22/SAA22.saa#key: musno=1891-05-09 Bu, 0158#key: cdli=1891-05-09 Bu, 0158#key: date=Esarhaddon or Ashurbanipal#key: writer=#key: preservation=",
			"period": "Neo-Assyrian",
			"please_cite": "Please cite this page as http://oracc.org/saao/P335836/.",
			"pleiades_id": "874621",
			"primary_publication": "ADD 1015",
			"project": "saa07",
			"proposed_date": "(ca. 674-650)",
			"provenience": "Kuyunjik (Nineveh)",
			"publication_history": "SAA 07, 196",
			"rework": "no",
			"ruler": "Esarhaddon or Ashurbanipal",
			"saa_attribution": "Adapted from F. Mario Fales and J. Nicholas Postgate, Imperial Administrative Records, Part I: Palace and Temple Administration (State Archives of Assyria, 7), 1992. Lemmatised by Mikko Luukko, 2017, as part of the research programme of the Alexander von Humboldt Chair in the Ancient History of the Near and Middle East at LMU Munich (Karen Radner, Humboldt Professorship 2015. The annotated edition is released under the Creative Commons Attribution Share-Alike license 3.0.",
			"saa_cdli_accession": "yes",
			"saa_cdli_id": "yes",
			"saa_cdli_museum": "yes",
			"saao_lists": "saao/saa07:P335836",
			"script": "Neo-Assyrian",
			"script_remarks": "inscribed",
			"script_type": "Cuneiform",
			"secondary_record": "no",
			"short_title": "Administrative Records 1",
			"title": "Aššur Temple Offerings",
			"vol_title": "Imperial Administrative Records, Part I: Palace and Temple Administration",
			"volume": "SAA 7"
		},
		"geometry": {
			"type": "Point",
			"coordinates": [43.151937,36.358684]
		}
	}, {
		"type": "Feature",
		"properties": {
			"designation": "SAA 07 197",
			"atae_lists": "atae/saao:P335837",
			"has_date": "no",
			"accession_no": "K 07524 + 1880-07-19, 0029",
			"add_no": "ADD 1016+",
			"archive": "099 - Miscellaneous",
			"cdli_accession_no": "K 07524 + 1880-07-19, 0029",
			"cdli_id": "P335837",
			"cdli_museum_no": "BM —",
			"ch_name": "Offerings for the Aššur Temple",
			"ch_no": "Ch. 15",
			"ch_num_name": "Ch. 15 (Offerings for the Aššur Temple)",
			"collection": "British Museum, London, UK",
			"comp_wit": "witness",
			"credits": "Adapted from F. Mario Fales and J. Nicholas Postgate, Imperial Administrative Records, Part I: Palace and Temple Administration (State Archives of Assyria, 7), 1992. Lemmatised by Mikko Luukko, 2017, as part of the research programme of the Alexander von Humboldt Chair in the Ancient History of the Near and Middle East at LMU Munich (Karen Radner, Humboldt Professorship 2015. The annotated edition is released under the Creative Commons Attribution Share-Alike license 3.0.  Please cite this page as http://oracc.org/saao/P335837/.",
			"date_of_origin": "00.000.00.00",
			"display_name": "SAA 07 197",
			"edited_twice": "no",
			"genre": "Administrative Record",
			"id_text": "P335837",
			"language": "Akkadian",
			"material": "clay",
			"museum_no": "BM —",
			"object_type": "tablet",
			"oracc_header": "&amp;P335837 = SAA 07 197#project: saao/saa22#atf: lang nb#key: file=SAA22/SAA22.saa#key: musno=K 07524 + 1880-07-19, 0029#key: cdli=K 07524 + 1880-07-19, 0029#key: date=Esarhaddon or Ashurbanipal#key: writer=#key: preservation=",
			"period": "Neo-Assyrian",
			"please_cite": "Please cite this page as http://oracc.org/saao/P335837/.",
			"pleiades_id": "874621",
			"primary_publication": "ADD 1016+",
			"project": "saa07",
			"proposed_date": "(ca. 674-650)",
			"provenience": "Kuyunjik (Nineveh)",
			"publication_history": "SAA 07, 197",
			"rework": "no",
			"ruler": "Esarhaddon or Ashurbanipal",
			"saa_attribution": "Adapted from F. Mario Fales and J. Nicholas Postgate, Imperial Administrative Records, Part I: Palace and Temple Administration (State Archives of Assyria, 7), 1992. Lemmatised by Mikko Luukko, 2017, as part of the research programme of the Alexander von Humboldt Chair in the Ancient History of the Near and Middle East at LMU Munich (Karen Radner, Humboldt Professorship 2015. The annotated edition is released under the Creative Commons Attribution Share-Alike license 3.0.",
			"saa_cdli_accession": "yes",
			"saa_cdli_id": "yes",
			"saa_cdli_museum": "yes",
			"saao_lists": "saao/saa07:P335837",
			"script": "Neo-Assyrian",
			"script_remarks": "inscribed",
			"script_type": "Cuneiform",
			"secondary_record": "no",
			"short_title": "Administrative Records 1",
			"title": "Aššur Temple Offerings in the Mausoleum",
			"vol_title": "Imperial Administrative Records, Part I: Palace and Temple Administration",
			"volume": "SAA 7"
		},
		"geometry": {
			"type": "Point",
			"coordinates": [43.151937,36.358684]
		}
	}, {
		"type": "Feature",
		"properties": {
			"designation": "SAA 07 198",
			"atae_lists": "atae/saao:P335847",
			"has_date": "unknown",
			"accession_no": "1883-01-18, 0595",
			"add_no": "ADD 1026",
			"archive": "099 - Miscellaneous",
			"cdli_accession_no": "1883-01-18, 0595",
			"cdli_id": "P335847",
			"cdli_museum_no": "BM —",
			"ch_name": "Offerings for the Aššur Temple",
			"ch_no": "Ch. 15",
			"ch_num_name": "Ch. 15 (Offerings for the Aššur Temple)",
			"collection": "British Museum, London, UK",
			"comp_wit": "witness",
			"credits": "Adapted from F. Mario Fales and J. Nicholas Postgate, Imperial Administrative Records, Part I: Palace and Temple Administration (State Archives of Assyria, 7), 1992. Lemmatised by Mikko Luukko, 2017, as part of the research programme of the Alexander von Humboldt Chair in the Ancient History of the Near and Middle East at LMU Munich (Karen Radner, Humboldt Professorship 2015. The annotated edition is released under the Creative Commons Attribution Share-Alike license 3.0.  Please cite this page as http://oracc.org/saao/P335847/.",
			"date_of_origin": "00.000.00.00",
			"display_name": "SAA 07 198",
			"edited_twice": "no",
			"genre": "Administrative Record",
			"id_text": "P335847",
			"language": "Akkadian",
			"material": "clay",
			"museum_no": "BM —",
			"object_type": "tablet",
			"oracc_header": "&amp;P335847 = SAA 07 198#project: saao/saa22#atf: lang nb#key: file=SAA22/SAA22.saa#key: musno=1883-01-18, 0595#key: cdli=1883-01-18, 0595#key: date=Esarhaddon or Ashurbanipal#key: writer=#key: preservation=",
			"period": "Neo-Assyrian",
			"please_cite": "Please cite this page as http://oracc.org/saao/P335847/.",
			"pleiades_id": "874621",
			"primary_publication": "ADD 1026",
			"project": "saa07",
			"proposed_date": "(ca. 674-650)",
			"provenience": "Kuyunjik (Nineveh)",
			"publication_history": "SAA 07, 198",
			"rework": "no",
			"ruler": "Esarhaddon or Ashurbanipal",
			"saa_attribution": "Adapted from F. Mario Fales and J. Nicholas Postgate, Imperial Administrative Records, Part I: Palace and Temple Administration (State Archives of Assyria, 7), 1992. Lemmatised by Mikko Luukko, 2017, as part of the research programme of the Alexander von Humboldt Chair in the Ancient History of the Near and Middle East at LMU Munich (Karen Radner, Humboldt Professorship 2015. The annotated edition is released under the Creative Commons Attribution Share-Alike license 3.0.",
			"saa_cdli_accession": "yes",
			"saa_cdli_id": "yes",
			"saa_cdli_museum": "yes",
			"saao_lists": "saao/saa07:P335847",
			"script": "Neo-Assyrian",
			"script_remarks": "inscribed",
			"script_type": "Cuneiform",
			"secondary_record": "no",
			"short_title": "Administrative Records 1",
			"title": "Aššur Temple Offerings",
			"vol_title": "Imperial Administrative Records, Part I: Palace and Temple Administration",
			"volume": "SAA 7"
		},
		"geometry": {
			"type": "Point",
			"coordinates": [43.151937,36.358684]
		}
	}, {
		"type": "Feature",
		"properties": {
			"designation": "SAA 07 199",
			"atae_lists": "atae/saao:P335848",
			"has_date": "unknown",
			"accession_no": "K 07341",
			"add_no": "ADD 1027",
			"archive": "099 - Miscellaneous",
			"cdli_accession_no": "K 07341",
			"cdli_id": "P335848",
			"cdli_museum_no": "BM —",
			"ch_name": "Offerings for the Aššur Temple",
			"ch_no": "Ch. 15",
			"ch_num_name": "Ch. 15 (Offerings for the Aššur Temple)",
			"collection": "British Museum, London, UK",
			"comp_wit": "witness",
			"credits": "Adapted from F. Mario Fales and J. Nicholas Postgate, Imperial Administrative Records, Part I: Palace and Temple Administration (State Archives of Assyria, 7), 1992. Lemmatised by Mikko Luukko, 2017, as part of the research programme of the Alexander von Humboldt Chair in the Ancient History of the Near and Middle East at LMU Munich (Karen Radner, Humboldt Professorship 2015. The annotated edition is released under the Creative Commons Attribution Share-Alike license 3.0.  Please cite this page as http://oracc.org/saao/P335848/.",
			"date_of_origin": "00.000.00.00",
			"display_name": "SAA 07 199",
			"edited_twice": "no",
			"genre": "Administrative Record",
			"id_text": "P335848",
			"language": "Akkadian",
			"material": "clay",
			"museum_no": "BM —",
			"object_type": "tablet",
			"oracc_header": "&amp;P335848 = SAA 07 199#project: saao/saa22#atf: lang nb#key: file=SAA22/SAA22.saa#key: musno=K 07341#key: cdli=K 07341#key: date=Esarhaddon or Ashurbanipal#key: writer=#key: preservation=",
			"period": "Neo-Assyrian",
			"please_cite": "Please cite this page as http://oracc.org/saao/P335848/.",
			"pleiades_id": "874621",
			"primary_publication": "ADD 1027",
			"project": "saa07",
			"proposed_date": "(ca. 674-650)",
			"provenience": "Kuyunjik (Nineveh)",
			"publication_history": "SAA 07, 199",
			"rework": "no",
			"ruler": "Esarhaddon or Ashurbanipal",
			"saa_attribution": "Adapted from F. Mario Fales and J. Nicholas Postgate, Imperial Administrative Records, Part I: Palace and Temple Administration (State Archives of Assyria, 7), 1992. Lemmatised by Mikko Luukko, 2017, as part of the research programme of the Alexander von Humboldt Chair in the Ancient History of the Near and Middle East at LMU Munich (Karen Radner, Humboldt Professorship 2015. The annotated edition is released under the Creative Commons Attribution Share-Alike license 3.0.",
			"saa_cdli_accession": "yes",
			"saa_cdli_id": "yes",
			"saa_cdli_museum": "yes",
			"saao_lists": "saao/saa07:P335848",
			"script": "Neo-Assyrian",
			"script_remarks": "inscribed",
			"script_type": "Cuneiform",
			"secondary_record": "no",
			"short_title": "Administrative Records 1",
			"title": "Aššur Temple Offerings",
			"vol_title": "Imperial Administrative Records, Part I: Palace and Temple Administration",
			"volume": "SAA 7"
		},
		"geometry": {
			"type": "Point",
			"coordinates": [43.151937,36.358684]
		}
	}, {
		"type": "Feature",
		"properties": {
			"designation": "SAA 07 200",
			"atae_lists": "atae/saao:P336649",
			"has_date": "unknown",
			"accession_no": "1883-01-18, 0252",
			"archive": "099 - Miscellaneous",
			"cdli_accession_no": "1883-01-18, 0252",
			"cdli_id": "P336649",
			"cdli_museum_no": "BM —",
			"ch_name": "Offerings for the Aššur Temple",
			"ch_no": "Ch. 15",
			"ch_num_name": "Ch. 15 (Offerings for the Aššur Temple)",
			"collection": "British Museum, London, UK",
			"comp_wit": "witness",
			"credits": "Adapted from F. Mario Fales and J. Nicholas Postgate, Imperial Administrative Records, Part I: Palace and Temple Administration (State Archives of Assyria, 7), 1992. Lemmatised by Mikko Luukko, 2017, as part of the research programme of the Alexander von Humboldt Chair in the Ancient History of the Near and Middle East at LMU Munich (Karen Radner, Humboldt Professorship 2015. The annotated edition is released under the Creative Commons Attribution Share-Alike license 3.0.  Please cite this page as http://oracc.org/saao/P336649/.",
			"date_of_origin": "00.000.00.00",
			"display_name": "SAA 07 200",
			"edited_twice": "no",
			"genre": "Administrative Record",
			"id_text": "P336649",
			"language": "Akkadian",
			"material": "clay",
			"museum_no": "BM —",
			"object_type": "tablet",
			"oracc_header": "&amp;P336649 = SAA 07 200#project: saao/saa22#atf: lang nb#key: file=SAA22/SAA22.saa#key: musno=1883-01-18, 0252#key: cdli=1883-01-18, 0252#key: date=Esarhaddon or Ashurbanipal#key: writer=#key: preservation=",
			"period": "Neo-Assyrian",
			"please_cite": "Please cite this page as http://oracc.org/saao/P336649/.",
			"pleiades_id": "874621",
			"project": "saa07",
			"proposed_date": "(ca. 674-650)",
			"provenience": "Kuyunjik (Nineveh)",
			"publication_history": "SAA 07, 200",
			"rework": "no",
			"ruler": "Esarhaddon or Ashurbanipal",
			"saa_attribution": "Adapted from F. Mario Fales and J. Nicholas Postgate, Imperial Administrative Records, Part I: Palace and Temple Administration (State Archives of Assyria, 7), 1992. Lemmatised by Mikko Luukko, 2017, as part of the research programme of the Alexander von Humboldt Chair in the Ancient History of the Near and Middle East at LMU Munich (Karen Radner, Humboldt Professorship 2015. The annotated edition is released under the Creative Commons Attribution Share-Alike license 3.0.",
			"saa_cdli_accession": "yes",
			"saa_cdli_id": "yes",
			"saa_cdli_museum": "yes",
			"saao_lists": "saao/saa07:P336649",
			"script": "Neo-Assyrian",
			"script_remarks": "inscribed",
			"script_type": "Cuneiform",
			"secondary_record": "no",
			"short_title": "Administrative Records 1",
			"title": "Aššur Temple Offerings",
			"vol_title": "Imperial Administrative Records, Part I: Palace and Temple Administration",
			"volume": "SAA 7"
		},
		"geometry": {
			"type": "Point",
			"coordinates": [43.151937,36.358684]
		}
	}, {
		"type": "Feature",
		"properties": {
			"designation": "SAA 07 201",
			"atae_lists": "atae/saao:P335850",
			"has_date": "yes, but date partially preserved",
			"date": "[...]",
			"day": "[...]",
			"accession_no": "1883-01-18, 0327",
			"add_no": "ADD 1030",
			"archive": "099 - Miscellaneous",
			"cdli_accession_no": "1883-01-18, 0327",
			"cdli_id": "P335850",
			"cdli_museum_no": "BM —",
			"ch_name": "Offerings for the Aššur Temple",
			"ch_no": "Ch. 15",
			"ch_num_name": "Ch. 15 (Offerings for the Aššur Temple)",
			"collection": "British Museum, London, UK",
			"comp_wit": "witness",
			"credits": "Adapted from F. Mario Fales and J. Nicholas Postgate, Imperial Administrative Records, Part I: Palace and Temple Administration (State Archives of Assyria, 7), 1992. Lemmatised by Mikko Luukko, 2017, as part of the research programme of the Alexander von Humboldt Chair in the Ancient History of the Near and Middle East at LMU Munich (Karen Radner, Humboldt Professorship 2015. The annotated edition is released under the Creative Commons Attribution Share-Alike license 3.0.  Please cite this page as http://oracc.org/saao/P335850/.",
			"date_gen": "-[...]",
			"date_of_origin": "00.000.00.00",
			"display_name": "SAA 07 201",
			"edited_twice": "no",
			"genre": "Administrative Record",
			"id_text": "P335850",
			"language": "Akkadian",
			"long_date": "[...]th [day]",
			"long_date_gen": "...th",
			"material": "clay",
			"museum_no": "BM —",
			"object_type": "tablet",
			"oracc_header": "&amp;P335850 = SAA 07 201#project: saao/saa22#atf: lang nb#key: file=SAA22/SAA22.saa#key: musno=1883-01-18, 0327#key: cdli=1883-01-18, 0327#key: date=Esarhaddon or Ashurbanipal#key: writer=#key: preservation=",
			"period": "Neo-Assyrian",
			"please_cite": "Please cite this page as http://oracc.org/saao/P335850/.",
			"pleiades_id": "874621",
			"primary_publication": "ADD 1030",
			"project": "saa07",
			"proposed_date": "(ca. 674-650)",
			"provenience": "Kuyunjik (Nineveh)",
			"publication_history": "SAA 07, 201",
			"rework": "no",
			"ruler": "Esarhaddon or Ashurbanipal",
			"saa_attribution": "Adapted from F. Mario Fales and J. Nicholas Postgate, Imperial Administrative Records, Part I: Palace and Temple Administration (State Archives of Assyria, 7), 1992. Lemmatised by Mikko Luukko, 2017, as part of the research programme of the Alexander von Humboldt Chair in the Ancient History of the Near and Middle East at LMU Munich (Karen Radner, Humboldt Professorship 2015. The annotated edition is released under the Creative Commons Attribution Share-Alike license 3.0.",
			"saa_cdli_accession": "yes",
			"saa_cdli_id": "yes",
			"saa_cdli_museum": "yes",
			"saao_lists": "saao/saa07:P335850",
			"script": "Neo-Assyrian",
			"script_remarks": "inscribed",
			"script_type": "Cuneiform",
			"secondary_record": "no",
			"short_title": "Administrative Records 1",
			"title": "Aššur Temple Offerings",
			"vol_title": "Imperial Administrative Records, Part I: Palace and Temple Administration",
			"volume": "SAA 7"
		},
		"geometry": {
			"type": "Point",
			"coordinates": [43.151937,36.358684]
		}
	}, {
		"type": "Feature",
		"properties": {
			"designation": "SAA 07 202",
			"atae_lists": "atae/saao:P335851",
			"has_date": "unknown",
			"accession_no": "K 01163",
			"add_no": "ADD 1031",
			"archive": "099 - Miscellaneous",
			"cdli_accession_no": "K 01163",
			"cdli_id": "P335851",
			"cdli_museum_no": "BM —",
			"ch_name": "Offerings for the Aššur Temple",
			"ch_no": "Ch. 15",
			"ch_num_name": "Ch. 15 (Offerings for the Aššur Temple)",
			"collection": "British Museum, London, UK",
			"comp_wit": "witness",
			"credits": "Adapted from F. Mario Fales and J. Nicholas Postgate, Imperial Administrative Records, Part I: Palace and Temple Administration (State Archives of Assyria, 7), 1992. Lemmatised by Mikko Luukko, 2017, as part of the research programme of the Alexander von Humboldt Chair in the Ancient History of the Near and Middle East at LMU Munich (Karen Radner, Humboldt Professorship 2015. The annotated edition is released under the Creative Commons Attribution Share-Alike license 3.0.  Please cite this page as http://oracc.org/saao/P335851/.",
			"date_of_origin": "00.000.00.00",
			"display_name": "SAA 07 202",
			"edited_twice": "no",
			"genre": "Administrative Record",
			"id_text": "P335851",
			"language": "Akkadian",
			"material": "clay",
			"museum_no": "BM —",
			"object_type": "tablet",
			"oracc_header": "&amp;P335851 = SAA 07 202#project: saao/saa22#atf: lang nb#key: file=SAA22/SAA22.saa#key: musno=K 01163#key: cdli=K 01163#key: date=Esarhaddon or Ashurbanipal#key: writer=#key: preservation=",
			"period": "Neo-Assyrian",
			"please_cite": "Please cite this page as http://oracc.org/saao/P335851/.",
			"pleiades_id": "874621",
			"primary_publication": "ADD 1031",
			"project": "saa07",
			"proposed_date": "(ca. 674-650)",
			"provenience": "Kuyunjik (Nineveh)",
			"publication_history": "SAA 07, 202",
			"rework": "no",
			"ruler": "Esarhaddon or Ashurbanipal",
			"saa_attribution": "Adapted from F. Mario Fales and J. Nicholas Postgate, Imperial Administrative Records, Part I: Palace and Temple Administration (State Archives of Assyria, 7), 1992. Lemmatised by Mikko Luukko, 2017, as part of the research programme of the Alexander von Humboldt Chair in the Ancient History of the Near and Middle East at LMU Munich (Karen Radner, Humboldt Professorship 2015. The annotated edition is released under the Creative Commons Attribution Share-Alike license 3.0.",
			"saa_cdli_accession": "yes",
			"saa_cdli_id": "yes",
			"saa_cdli_museum": "yes",
			"saao_lists": "saao/saa07:P335851",
			"script": "Neo-Assyrian",
			"script_remarks": "inscribed",
			"script_type": "Cuneiform",
			"secondary_record": "no",
			"short_title": "Administrative Records 1",
			"title": "Aššur Temple Offerings",
			"vol_title": "Imperial Administrative Records, Part I: Palace and Temple Administration",
			"volume": "SAA 7"
		},
		"geometry": {
			"type": "Point",
			"coordinates": [43.151937,36.358684]
		}
	}, {
		"type": "Feature",
		"properties": {
			"designation": "SAA 07 203",
			"atae_lists": "atae/saao:P335854",
			"has_date": "unknown",
			"accession_no": "1881-02-04, 0160",
			"add_no": "ADD 1034",
			"archive": "099 - Miscellaneous",
			"cdli_accession_no": "1881-02-04, 0160",
			"cdli_id": "P335854",
			"cdli_museum_no": "BM —",
			"ch_name": "Offerings for the Aššur Temple",
			"ch_no": "Ch. 15",
			"ch_num_name": "Ch. 15 (Offerings for the Aššur Temple)",
			"collection": "British Museum, London, UK",
			"comp_wit": "witness",
			"credits": "Adapted from F. Mario Fales and J. Nicholas Postgate, Imperial Administrative Records, Part I: Palace and Temple Administration (State Archives of Assyria, 7), 1992. Lemmatised by Mikko Luukko, 2017, as part of the research programme of the Alexander von Humboldt Chair in the Ancient History of the Near and Middle East at LMU Munich (Karen Radner, Humboldt Professorship 2015. The annotated edition is released under the Creative Commons Attribution Share-Alike license 3.0.  Please cite this page as http://oracc.org/saao/P335854/.",
			"date_of_origin": "00.000.00.00",
			"display_name": "SAA 07 203",
			"edited_twice": "no",
			"genre": "Administrative Record",
			"id_text": "P335854",
			"language": "Akkadian",
			"material": "clay",
			"museum_no": "BM —",
			"object_type": "tablet",
			"oracc_header": "&amp;P335854 = SAA 07 203#project: saao/saa22#atf: lang nb#key: file=SAA22/SAA22.saa#key: musno=1881-02-04, 0160#key: cdli=1881-02-04, 0160#key: date=Esarhaddon or Ashurbanipal#key: writer=#key: preservation=",
			"period": "Neo-Assyrian",
			"please_cite": "Please cite this page as http://oracc.org/saao/P335854/.",
			"pleiades_id": "874621",
			"primary_publication": "ADD 1034",
			"project": "saa07",
			"proposed_date": "(ca. 674-650)",
			"provenience": "Kuyunjik (Nineveh)",
			"publication_history": "SAA 07, 203",
			"rework": "no",
			"ruler": "Esarhaddon or Ashurbanipal",
			"saa_attribution": "Adapted from F. Mario Fales and J. Nicholas Postgate, Imperial Administrative Records, Part I: Palace and Temple Administration (State Archives of Assyria, 7), 1992. Lemmatised by Mikko Luukko, 2017, as part of the research programme of the Alexander von Humboldt Chair in the Ancient History of the Near and Middle East at LMU Munich (Karen Radner, Humboldt Professorship 2015. The annotated edition is released under the Creative Commons Attribution Share-Alike license 3.0.",
			"saa_cdli_accession": "yes",
			"saa_cdli_id": "yes",
			"saa_cdli_museum": "yes",
			"saao_lists": "saao/saa07:P335854",
			"script": "Neo-Assyrian",
			"script_remarks": "inscribed",
			"script_type": "Cuneiform",
			"secondary_record": "no",
			"short_title": "Administrative Records 1",
			"title": "Aššur Temple Offerings",
			"vol_title": "Imperial Administrative Records, Part I: Palace and Temple Administration",
			"volume": "SAA 7"
		},
		"geometry": {
			"type": "Point",
			"coordinates": [43.151937,36.358684]
		}
	}, {
		"type": "Feature",
		"properties": {
			"designation": "SAA 07 204",
			"atae_lists": "atae/saao:P335857",
			"has_date": "unknown",
			"accession_no": "Sm 1613",
			"add_no": "ADD 1037",
			"archive": "099 - Miscellaneous",
			"cdli_accession_no": "Sm 1613",
			"cdli_id": "P335857",
			"cdli_museum_no": "BM —",
			"ch_name": "Offerings for the Aššur Temple",
			"ch_no": "Ch. 15",
			"ch_num_name": "Ch. 15 (Offerings for the Aššur Temple)",
			"collection": "British Museum, London, UK",
			"comp_wit": "witness",
			"credits": "Adapted from F. Mario Fales and J. Nicholas Postgate, Imperial Administrative Records, Part I: Palace and Temple Administration (State Archives of Assyria, 7), 1992. Lemmatised by Mikko Luukko, 2017, as part of the research programme of the Alexander von Humboldt Chair in the Ancient History of the Near and Middle East at LMU Munich (Karen Radner, Humboldt Professorship 2015. The annotated edition is released under the Creative Commons Attribution Share-Alike license 3.0.  Please cite this page as http://oracc.org/saao/P335857/.",
			"date_of_origin": "00.000.00.00",
			"display_name": "SAA 07 204",
			"edited_twice": "no",
			"genre": "Administrative Record",
			"id_text": "P335857",
			"language": "Akkadian",
			"material": "clay",
			"museum_no": "BM —",
			"object_type": "tablet",
			"oracc_header": "&amp;P335857 = SAA 07 204#project: saao/saa22#atf: lang nb#key: file=SAA22/SAA22.saa#key: musno=Sm 1613#key: cdli=Sm 1613#key: date=Esarhaddon or Ashurbanipal#key: writer=#key: preservation=",
			"period": "Neo-Assyrian",
			"please_cite": "Please cite this page as http://oracc.org/saao/P335857/.",
			"pleiades_id": "874621",
			"primary_publication": "ADD 1037",
			"project": "saa07",
			"proposed_date": "(ca. 674-650)",
			"provenience": "Kuyunjik (Nineveh)",
			"publication_history": "SAA 07, 204",
			"rework": "no",
			"ruler": "Esarhaddon or Ashurbanipal",
			"saa_attribution": "Adapted from F. Mario Fales and J. Nicholas Postgate, Imperial Administrative Records, Part I: Palace and Temple Administration (State Archives of Assyria, 7), 1992. Lemmatised by Mikko Luukko, 2017, as part of the research programme of the Alexander von Humboldt Chair in the Ancient History of the Near and Middle East at LMU Munich (Karen Radner, Humboldt Professorship 2015. The annotated edition is released under the Creative Commons Attribution Share-Alike license 3.0.",
			"saa_cdli_accession": "yes",
			"saa_cdli_id": "yes",
			"saa_cdli_museum": "yes",
			"saao_lists": "saao/saa07:P335857",
			"script": "Neo-Assyrian",
			"script_remarks": "inscribed",
			"script_type": "Cuneiform",
			"secondary_record": "no",
			"short_title": "Administrative Records 1",
			"title": "Aššur Temple Offerings",
			"vol_title": "Imperial Administrative Records, Part I: Palace and Temple Administration",
			"volume": "SAA 7"
		},
		"geometry": {
			"type": "Point",
			"coordinates": [43.151937,36.358684]
		}
	}, {
		"type": "Feature",
		"properties": {
			"designation": "SAA 07 205",
			"atae_lists": "atae/saao:P336650",
			"has_date": "unknown",
			"accession_no": "1904-10-09, 0222",
			"archive": "099 - Miscellaneous",
			"cdli_accession_no": "1904-10-09, 0222",
			"cdli_id": "P336650",
			"cdli_museum_no": "BM 099190",
			"ch_name": "Offerings for the Aššur Temple",
			"ch_no": "Ch. 15",
			"ch_num_name": "Ch. 15 (Offerings for the Aššur Temple)",
			"collection": "British Museum, London, UK",
			"comp_wit": "witness",
			"credits": "Adapted from F. Mario Fales and J. Nicholas Postgate, Imperial Administrative Records, Part I: Palace and Temple Administration (State Archives of Assyria, 7), 1992. Lemmatised by Mikko Luukko, 2017, as part of the research programme of the Alexander von Humboldt Chair in the Ancient History of the Near and Middle East at LMU Munich (Karen Radner, Humboldt Professorship 2015. The annotated edition is released under the Creative Commons Attribution Share-Alike license 3.0.  Please cite this page as http://oracc.org/saao/P336650/.",
			"date_of_origin": "00.000.00.00",
			"display_name": "SAA 07 205",
			"edited_twice": "no",
			"genre": "Administrative Record",
			"id_text": "P336650",
			"language": "Akkadian",
			"material": "clay",
			"museum_no": "BM 099190",
			"object_type": "tablet",
			"oracc_header": "&amp;P336650 = SAA 07 205#project: saao/saa22#atf: lang nb#key: file=SAA22/SAA22.saa#key: musno=1904-10-09, 0222#key: cdli=1904-10-09, 0222#key: date=Esarhaddon or Ashurbanipal#key: writer=#key: preservation=",
			"period": "Neo-Assyrian",
			"please_cite": "Please cite this page as http://oracc.org/saao/P336650/.",
			"pleiades_id": "874621",
			"project": "saa07",
			"proposed_date": "(ca. 674-650)",
			"provenience": "Kuyunjik (Nineveh)",
			"publication_history": "SAA 07, 205",
			"rework": "no",
			"ruler": "Esarhaddon or Ashurbanipal",
			"saa_attribution": "Adapted from F. Mario Fales and J. Nicholas Postgate, Imperial Administrative Records, Part I: Palace and Temple Administration (State Archives of Assyria, 7), 1992. Lemmatised by Mikko Luukko, 2017, as part of the research programme of the Alexander von Humboldt Chair in the Ancient History of the Near and Middle East at LMU Munich (Karen Radner, Humboldt Professorship 2015. The annotated edition is released under the Creative Commons Attribution Share-Alike license 3.0.",
			"saa_cdli_accession": "yes",
			"saa_cdli_id": "yes",
			"saa_cdli_museum": "yes",
			"saao_lists": "saao/saa07:P336650",
			"script": "Neo-Assyrian",
			"script_remarks": "inscribed",
			"script_type": "Cuneiform",
			"secondary_record": "no",
			"short_title": "Administrative Records 1",
			"title": "Aššur Temple Offerings",
			"vol_title": "Imperial Administrative Records, Part I: Palace and Temple Administration",
			"volume": "SAA 7"
		},
		"geometry": {
			"type": "Point",
			"coordinates": [43.151937,36.358684]
		}
	}, {
		"type": "Feature",
		"properties": {
			"designation": "SAA 07 206",
			"atae_lists": "atae/saao:P335622",
			"has_date": "no",
			"accession_no": "K 01387",
			"add_no": "ADD 0760",
			"archive": "099 - Miscellaneous",
			"cdli_accession_no": "K 01387",
			"cdli_id": "P335622",
			"cdli_museum_no": "BM —",
			"ch_name": "Offerings for the Aššur Temple",
			"ch_no": "Ch. 15",
			"ch_num_name": "Ch. 15 (Offerings for the Aššur Temple)",
			"collection": "British Museum, London, UK",
			"comp_wit": "witness",
			"credits": "Adapted from F. Mario Fales and J. Nicholas Postgate, Imperial Administrative Records, Part I: Palace and Temple Administration (State Archives of Assyria, 7), 1992. Lemmatised by Mikko Luukko, 2017, as part of the research programme of the Alexander von Humboldt Chair in the Ancient History of the Near and Middle East at LMU Munich (Karen Radner, Humboldt Professorship 2015. The annotated edition is released under the Creative Commons Attribution Share-Alike license 3.0.  Please cite this page as http://oracc.org/saao/P335622/.",
			"date_of_origin": "00.000.00.00",
			"display_name": "SAA 07 206",
			"edited_twice": "no",
			"genre": "Administrative Record",
			"id_text": "P335622",
			"language": "Akkadian",
			"material": "clay",
			"museum_no": "BM —",
			"object_type": "tablet",
			"oracc_header": "&amp;P335622 = SAA 07 206#project: saao/saa22#atf: lang nb#key: file=SAA22/SAA22.saa#key: musno=K 01387#key: cdli=K 01387#key: date=Esarhaddon or Ashurbanipal#key: writer=#key: preservation=",
			"period": "Neo-Assyrian",
			"please_cite": "Please cite this page as http://oracc.org/saao/P335622/.",
			"pleiades_id": "874621",
			"primary_publication": "ADD 0760",
			"project": "saa07",
			"proposed_date": "(ca. 674-650)",
			"provenience": "Kuyunjik (Nineveh)",
			"publication_history": "SAA 07, 206",
			"rework": "no",
			"ruler": "Esarhaddon or Ashurbanipal",
			"saa_attribution": "Adapted from F. Mario Fales and J. Nicholas Postgate, Imperial Administrative Records, Part I: Palace and Temple Administration (State Archives of Assyria, 7), 1992. Lemmatised by Mikko Luukko, 2017, as part of the research programme of the Alexander von Humboldt Chair in the Ancient History of the Near and Middle East at LMU Munich (Karen Radner, Humboldt Professorship 2015. The annotated edition is released under the Creative Commons Attribution Share-Alike license 3.0.",
			"saa_cdli_accession": "yes",
			"saa_cdli_id": "yes",
			"saa_cdli_museum": "yes",
			"saao_lists": "saao/saa07:P335622",
			"script": "Neo-Assyrian",
			"script_remarks": "inscribed",
			"script_type": "Cuneiform",
			"secondary_record": "no",
			"short_title": "Administrative Records 1",
			"title": "Aššur Temple Offerings",
			"vol_title": "Imperial Administrative Records, Part I: Palace and Temple Administration",
			"volume": "SAA 7"
		},
		"geometry": {
			"type": "Point",
			"coordinates": [43.151937,36.358684]
		}
	}, {
		"type": "Feature",
		"properties": {
			"designation": "SAA 07 207",
			"atae_lists": "atae/saao:P335825",
			"has_date": "yes",
			"date": "19",
			"day": "19",
			"accession_no": "K 00936 + K 16509",
			"add_no": "ADD 1003+",
			"archive": "099 - Miscellaneous",
			"cdli_accession_no": "K 00936 + K 16509",
			"cdli_id": "P335825",
			"cdli_museum_no": "BM —",
			"ch_name": "Offerings for the Aššur Temple",
			"ch_no": "Ch. 15",
			"ch_num_name": "Ch. 15 (Offerings for the Aššur Temple)",
			"collection": "British Museum, London, UK",
			"comp_wit": "witness",
			"credits": "Adapted from F. Mario Fales and J. Nicholas Postgate, Imperial Administrative Records, Part I: Palace and Temple Administration (State Archives of Assyria, 7), 1992. Lemmatised by Mikko Luukko, 2017, as part of the research programme of the Alexander von Humboldt Chair in the Ancient History of the Near and Middle East at LMU Munich (Karen Radner, Humboldt Professorship 2015. The annotated edition is released under the Creative Commons Attribution Share-Alike license 3.0.  Please cite this page as http://oracc.org/saao/P335825/.",
			"date_gen": "-19",
			"date_of_origin": "00.000.00.19",
			"display_name": "SAA 07 207",
			"edited_twice": "no",
			"genre": "Administrative Record",
			"id_text": "P335825",
			"language": "Akkadian",
			"long_date": "19th day",
			"long_date_gen": "19th",
			"material": "clay",
			"museum_no": "BM —",
			"object_type": "tablet",
			"oracc_header": "&amp;P335825 = SAA 07 207#project: saao/saa22#atf: lang nb#key: file=SAA22/SAA22.saa#key: musno=K 00936 + K 16509#key: cdli=K 00936 + K 16509#key: date=Esarhaddon or Ashurbanipal#key: writer=#key: preservation=",
			"period": "Neo-Assyrian",
			"please_cite": "Please cite this page as http://oracc.org/saao/P335825/.",
			"pleiades_id": "874621",
			"primary_publication": "ADD 1003+",
			"project": "saa07",
			"proposed_date": "(ca. 674-650)",
			"provenience": "Kuyunjik (Nineveh)",
			"publication_history": "SAA 07, 207",
			"rework": "no",
			"ruler": "Esarhaddon or Ashurbanipal",
			"saa_attribution": "Adapted from F. Mario Fales and J. Nicholas Postgate, Imperial Administrative Records, Part I: Palace and Temple Administration (State Archives of Assyria, 7), 1992. Lemmatised by Mikko Luukko, 2017, as part of the research programme of the Alexander von Humboldt Chair in the Ancient History of the Near and Middle East at LMU Munich (Karen Radner, Humboldt Professorship 2015. The annotated edition is released under the Creative Commons Attribution Share-Alike license 3.0.",
			"saa_cdli_accession": "yes",
			"saa_cdli_id": "yes",
			"saa_cdli_museum": "yes",
			"saao_lists": "saao/saa07:P335825",
			"script": "Neo-Assyrian",
			"script_remarks": "inscribed",
			"script_type": "Cuneiform",
			"secondary_record": "no",
			"short_title": "Administrative Records 1",
			"title": "Aššur Temple Offerings, Day 19",
			"vol_title": "Imperial Administrative Records, Part I: Palace and Temple Administration",
			"volume": "SAA 7"
		},
		"geometry": {
			"type": "Point",
			"coordinates": [43.151937,36.358684]
		}
	}, {
		"type": "Feature",
		"properties": {
			"designation": "SAA 07 208",
			"atae_lists": "atae/saao:P335845",
			"has_date": "yes",
			"date": "21",
			"day": "21",
			"accession_no": "K 00881",
			"add_no": "ADD 1024",
			"archive": "099 - Miscellaneous",
			"cdli_accession_no": "K 00881",
			"cdli_id": "P335845",
			"cdli_museum_no": "BM —",
			"ch_name": "Offerings for the Aššur Temple",
			"ch_no": "Ch. 15",
			"ch_num_name": "Ch. 15 (Offerings for the Aššur Temple)",
			"collection": "British Museum, London, UK",
			"comp_wit": "witness",
			"credits": "Adapted from F. Mario Fales and J. Nicholas Postgate, Imperial Administrative Records, Part I: Palace and Temple Administration (State Archives of Assyria, 7), 1992. Lemmatised by Mikko Luukko, 2017, as part of the research programme of the Alexander von Humboldt Chair in the Ancient History of the Near and Middle East at LMU Munich (Karen Radner, Humboldt Professorship 2015. The annotated edition is released under the Creative Commons Attribution Share-Alike license 3.0.  Please cite this page as http://oracc.org/saao/P335845/.",
			"date_gen": "-21",
			"date_of_origin": "00.000.00.21",
			"display_name": "SAA 07 208",
			"edited_twice": "no",
			"genre": "Administrative Record",
			"id_text": "P335845",
			"language": "Akkadian",
			"long_date": "21st day",
			"long_date_gen": "21st",
			"material": "clay",
			"museum_no": "BM —",
			"object_type": "tablet",
			"oracc_header": "&amp;P335845 = SAA 07 208#project: saao/saa22#atf: lang nb#key: file=SAA22/SAA22.saa#key: musno=K 00881#key: cdli=K 00881#key: date=Esarhaddon or Ashurbanipal#key: writer=#key: preservation=",
			"period": "Neo-Assyrian",
			"please_cite": "Please cite this page as http://oracc.org/saao/P335845/.",
			"pleiades_id": "874621",
			"primary_publication": "ADD 1024",
			"project": "saa07",
			"proposed_date": "(ca. 674-650)",
			"provenience": "Kuyunjik (Nineveh)",
			"publication_history": "SAA 07, 208",
			"rework": "no",
			"ruler": "Esarhaddon or Ashurbanipal",
			"saa_attribution": "Adapted from F. Mario Fales and J. Nicholas Postgate, Imperial Administrative Records, Part I: Palace and Temple Administration (State Archives of Assyria, 7), 1992. Lemmatised by Mikko Luukko, 2017, as part of the research programme of the Alexander von Humboldt Chair in the Ancient History of the Near and Middle East at LMU Munich (Karen Radner, Humboldt Professorship 2015. The annotated edition is released under the Creative Commons Attribution Share-Alike license 3.0.",
			"saa_cdli_accession": "yes",
			"saa_cdli_id": "yes",
			"saa_cdli_museum": "yes",
			"saao_lists": "saao/saa07:P335845",
			"script": "Neo-Assyrian",
			"script_remarks": "inscribed",
			"script_type": "Cuneiform",
			"secondary_record": "no",
			"short_title": "Administrative Records 1",
			"title": "Aššur Temple Offerings, Day 21",
			"vol_title": "Imperial Administrative Records, Part I: Palace and Temple Administration",
			"volume": "SAA 7"
		},
		"geometry": {
			"type": "Point",
			"coordinates": [43.151937,36.358684]
		}
	}, {
		"type": "Feature",
		"properties": {
			"designation": "SAA 07 209",
			"atae_lists": "atae/saao:P335831",
			"has_date": "yes",
			"date": "22",
			"day": "22",
			"accession_no": "1881-02-04, 0090",
			"add_no": "ADD 1010",
			"archive": "099 - Miscellaneous",
			"cdli_accession_no": "1881-02-04, 0090",
			"cdli_id": "P335831",
			"cdli_museum_no": "BM —",
			"ch_name": "Offerings for the Aššur Temple",
			"ch_no": "Ch. 15",
			"ch_num_name": "Ch. 15 (Offerings for the Aššur Temple)",
			"collection": "British Museum, London, UK",
			"comp_wit": "witness",
			"credits": "Adapted from F. Mario Fales and J. Nicholas Postgate, Imperial Administrative Records, Part I: Palace and Temple Administration (State Archives of Assyria, 7), 1992. Lemmatised by Mikko Luukko, 2017, as part of the research programme of the Alexander von Humboldt Chair in the Ancient History of the Near and Middle East at LMU Munich (Karen Radner, Humboldt Professorship 2015. The annotated edition is released under the Creative Commons Attribution Share-Alike license 3.0.  Please cite this page as http://oracc.org/saao/P335831/.",
			"date_gen": "-22",
			"date_of_origin": "00.000.00.22",
			"display_name": "SAA 07 209",
			"edited_twice": "no",
			"genre": "Administrative Record",
			"id_text": "P335831",
			"language": "Akkadian",
			"long_date": "22nd day",
			"long_date_gen": "22nd",
			"material": "clay",
			"museum_no": "BM —",
			"object_type": "tablet",
			"oracc_header": "&amp;P335831 = SAA 07 209#project: saao/saa22#atf: lang nb#key: file=SAA22/SAA22.saa#key: musno=1881-02-04, 0090#key: cdli=1881-02-04, 0090#key: date=Esarhaddon or Ashurbanipal#key: writer=#key: preservation=",
			"period": "Neo-Assyrian",
			"please_cite": "Please cite this page as http://oracc.org/saao/P335831/.",
			"pleiades_id": "874621",
			"primary_publication": "ADD 1010",
			"project": "saa07",
			"proposed_date": "(ca. 674-650)",
			"provenience": "Kuyunjik (Nineveh)",
			"publication_history": "SAA 07, 209",
			"rework": "no",
			"ruler": "Esarhaddon or Ashurbanipal",
			"saa_attribution": "Adapted from F. Mario Fales and J. Nicholas Postgate, Imperial Administrative Records, Part I: Palace and Temple Administration (State Archives of Assyria, 7), 1992. Lemmatised by Mikko Luukko, 2017, as part of the research programme of the Alexander von Humboldt Chair in the Ancient History of the Near and Middle East at LMU Munich (Karen Radner, Humboldt Professorship 2015. The annotated edition is released under the Creative Commons Attribution Share-Alike license 3.0.",
			"saa_cdli_accession": "yes",
			"saa_cdli_id": "yes",
			"saa_cdli_museum": "yes",
			"saao_lists": "saao/saa07:P335831",
			"script": "Neo-Assyrian",
			"script_remarks": "inscribed",
			"script_type": "Cuneiform",
			"secondary_record": "no",
			"short_title": "Administrative Records 1",
			"title": "Aššur Temple Offerings, Day 22",
			"vol_title": "Imperial Administrative Records, Part I: Palace and Temple Administration",
			"volume": "SAA 7"
		},
		"geometry": {
			"type": "Point",
			"coordinates": [43.151937,36.358684]
		}
	}, {
		"type": "Feature",
		"properties": {
			"designation": "SAA 07 210",
			"atae_lists": "atae/saao:P336368",
			"has_date": "yes",
			"date": "22",
			"day": "22",
			"archive": "099 - Miscellaneous",
			"cdli_id": "P336368",
			"cdli_museum_no": "unknown",
			"ch_name": "Offerings for the Aššur Temple",
			"ch_no": "Ch. 15",
			"ch_num_name": "Ch. 15 (Offerings for the Aššur Temple)",
			"collection": "private: annonymous",
			"comp_wit": "witness",
			"credits": "Adapted from F. Mario Fales and J. Nicholas Postgate, Imperial Administrative Records, Part I: Palace and Temple Administration (State Archives of Assyria, 7), 1992. Lemmatised by Mikko Luukko, 2017, as part of the research programme of the Alexander von Humboldt Chair in the Ancient History of the Near and Middle East at LMU Munich (Karen Radner, Humboldt Professorship 2015. The annotated edition is released under the Creative Commons Attribution Share-Alike license 3.0.  Please cite this page as http://oracc.org/saao/P336368/.",
			"date_gen": "-22",
			"date_of_origin": "00.000.00.22",
			"display_name": "SAA 07 210",
			"edited_twice": "no",
			"genre": "Administrative Record",
			"id_text": "P336368",
			"language": "Akkadian",
			"long_date": "22nd day",
			"long_date_gen": "22nd",
			"material": "clay",
			"museum_no": "unknown",
			"object_type": "tablet",
			"oracc_header": "&amp;P336368 = SAA 07 210#project: saao/saa22#atf: lang nb#key: file=SAA22/SAA22.saa#key: musno=#key: cdli=#key: date=Esarhaddon or Ashurbanipal#key: writer=#key: preservation=",
			"other_pub": "RA 69 183",
			"period": "Neo-Assyrian",
			"please_cite": "Please cite this page as http://oracc.org/saao/P336368/.",
			"pleiades_id": "874621",
			"primary_publication": "RA 69 183",
			"project": "saa07",
			"proposed_date": "(ca. 674-650)",
			"provenience": "Kuyunjik (Nineveh)",
			"publication_history": "SAA 07, 210",
			"rework": "no",
			"ruler": "Esarhaddon or Ashurbanipal",
			"saa_attribution": "Adapted from F. Mario Fales and J. Nicholas Postgate, Imperial Administrative Records, Part I: Palace and Temple Administration (State Archives of Assyria, 7), 1992. Lemmatised by Mikko Luukko, 2017, as part of the research programme of the Alexander von Humboldt Chair in the Ancient History of the Near and Middle East at LMU Munich (Karen Radner, Humboldt Professorship 2015. The annotated edition is released under the Creative Commons Attribution Share-Alike license 3.0.",
			"saa_cdli_id": "yes",
			"saa_cdli_museum": "yes",
			"saao_lists": "saao/saa07:P336368",
			"script": "Neo-Assyrian",
			"script_remarks": "inscribed",
			"script_type": "Cuneiform",
			"secondary_record": "no",
			"short_title": "Administrative Records 1",
			"title": "Aššur Temple Offerings, Day 22",
			"vol_title": "Imperial Administrative Records, Part I: Palace and Temple Administration",
			"volume": "SAA 7"
		},
		"geometry": {
			"type": "Point",
			"coordinates": [43.151937,36.358684]
		}
	}, {
		"type": "Feature",
		"properties": {
			"designation": "SAA 07 211",
			"atae_lists": "atae/saao:P335828",
			"has_date": "yes",
			"date": "24",
			"day": "24",
			"accession_no": "K 01131 + K 03039 + K 07328",
			"add_no": "ADD 1007+",
			"archive": "099 - Miscellaneous",
			"cdli_accession_no": "K 01131 + K 03039 + K 07328",
			"cdli_id": "P335828",
			"cdli_museum_no": "BM —",
			"ch_name": "Offerings for the Aššur Temple",
			"ch_no": "Ch. 15",
			"ch_num_name": "Ch. 15 (Offerings for the Aššur Temple)",
			"collection": "British Museum, London, UK",
			"comp_wit": "witness",
			"credits": "Adapted from F. Mario Fales and J. Nicholas Postgate, Imperial Administrative Records, Part I: Palace and Temple Administration (State Archives of Assyria, 7), 1992. Lemmatised by Mikko Luukko, 2017, as part of the research programme of the Alexander von Humboldt Chair in the Ancient History of the Near and Middle East at LMU Munich (Karen Radner, Humboldt Professorship 2015. The annotated edition is released under the Creative Commons Attribution Share-Alike license 3.0.  Please cite this page as http://oracc.org/saao/P335828/.",
			"date_gen": "-24",
			"date_of_origin": "00.000.00.24",
			"display_name": "SAA 07 211",
			"edited_twice": "no",
			"genre": "Administrative Record",
			"id_text": "P335828",
			"language": "Akkadian",
			"long_date": "24th day",
			"long_date_gen": "24th",
			"material": "clay",
			"museum_no": "BM —",
			"object_type": "tablet",
			"oracc_header": "&amp;P335828 = SAA 07 211#project: saao/saa22#atf: lang nb#key: file=SAA22/SAA22.saa#key: musno=K 01131 + K 03039 + K 07328#key: cdli=K 01131 + K 03039 + K 07328#key: date=Esarhaddon or Ashurbanipal#key: writer=#key: preservation=",
			"period": "Neo-Assyrian",
			"please_cite": "Please cite this page as http://oracc.org/saao/P335828/.",
			"pleiades_id": "874621",
			"primary_publication": "ADD 1007+",
			"project": "saa07",
			"proposed_date": "(ca. 674-650)",
			"provenience": "Kuyunjik (Nineveh)",
			"publication_history": "SAA 07, 211",
			"rework": "no",
			"ruler": "Esarhaddon or Ashurbanipal",
			"saa_attribution": "Adapted from F. Mario Fales and J. Nicholas Postgate, Imperial Administrative Records, Part I: Palace and Temple Administration (State Archives of Assyria, 7), 1992. Lemmatised by Mikko Luukko, 2017, as part of the research programme of the Alexander von Humboldt Chair in the Ancient History of the Near and Middle East at LMU Munich (Karen Radner, Humboldt Professorship 2015. The annotated edition is released under the Creative Commons Attribution Share-Alike license 3.0.",
			"saa_cdli_accession": "yes",
			"saa_cdli_id": "yes",
			"saa_cdli_museum": "yes",
			"saao_lists": "saao/saa07:P335828",
			"script": "Neo-Assyrian",
			"script_remarks": "inscribed",
			"script_type": "Cuneiform",
			"secondary_record": "no",
			"short_title": "Administrative Records 1",
			"title": "Aššur Temple Offerings, Day 24",
			"vol_title": "Imperial Administrative Records, Part I: Palace and Temple Administration",
			"volume": "SAA 7"
		},
		"geometry": {
			"type": "Point",
			"coordinates": [43.151937,36.358684]
		}
	}, {
		"type": "Feature",
		"properties": {
			"designation": "SAA 07 212",
			"atae_lists": "atae/saao:P335834",
			"has_date": "yes",
			"date": "25",
			"day": "25",
			"accession_no": "1882-05-22, 0170",
			"add_no": "ADD 1013",
			"archive": "099 - Miscellaneous",
			"cdli_accession_no": "1882-05-22, 0170",
			"cdli_id": "P335834",
			"cdli_museum_no": "BM —",
			"ch_name": "Offerings for the Aššur Temple",
			"ch_no": "Ch. 15",
			"ch_num_name": "Ch. 15 (Offerings for the Aššur Temple)",
			"collection": "British Museum, London, UK",
			"comp_wit": "witness",
			"credits": "Adapted from F. Mario Fales and J. Nicholas Postgate, Imperial Administrative Records, Part I: Palace and Temple Administration (State Archives of Assyria, 7), 1992. Lemmatised by Mikko Luukko, 2017, as part of the research programme of the Alexander von Humboldt Chair in the Ancient History of the Near and Middle East at LMU Munich (Karen Radner, Humboldt Professorship 2015. The annotated edition is released under the Creative Commons Attribution Share-Alike license 3.0.  Please cite this page as http://oracc.org/saao/P335834/.",
			"date_gen": "-25",
			"date_of_origin": "00.000.00.25",
			"display_name": "SAA 07 212",
			"edited_twice": "no",
			"genre": "Administrative Record",
			"id_text": "P335834",
			"language": "Akkadian",
			"long_date": "25th day",
			"long_date_gen": "25th",
			"material": "clay",
			"museum_no": "BM —",
			"object_type": "tablet",
			"oracc_header": "&amp;P335834 = SAA 07 212#project: saao/saa22#atf: lang nb#key: file=SAA22/SAA22.saa#key: musno=1882-05-22, 0170#key: cdli=1882-05-22, 0170#key: date=Esarhaddon or Ashurbanipal#key: writer=#key: preservation=",
			"period": "Neo-Assyrian",
			"please_cite": "Please cite this page as http://oracc.org/saao/P335834/.",
			"pleiades_id": "874621",
			"primary_publication": "ADD 1013",
			"project": "saa07",
			"proposed_date": "(ca. 674-650)",
			"provenience": "Kuyunjik (Nineveh)",
			"publication_history": "SAA 07, 212",
			"rework": "no",
			"ruler": "Esarhaddon or Ashurbanipal",
			"saa_attribution": "Adapted from F. Mario Fales and J. Nicholas Postgate, Imperial Administrative Records, Part I: Palace and Temple Administration (State Archives of Assyria, 7), 1992. Lemmatised by Mikko Luukko, 2017, as part of the research programme of the Alexander von Humboldt Chair in the Ancient History of the Near and Middle East at LMU Munich (Karen Radner, Humboldt Professorship 2015. The annotated edition is released under the Creative Commons Attribution Share-Alike license 3.0.",
			"saa_cdli_accession": "yes",
			"saa_cdli_id": "yes",
			"saa_cdli_museum": "yes",
			"saao_lists": "saao/saa07:P335834",
			"script": "Neo-Assyrian",
			"script_remarks": "inscribed",
			"script_type": "Cuneiform",
			"secondary_record": "no",
			"short_title": "Administrative Records 1",
			"title": "Aššur Temple Offerings, Day 25",
			"vol_title": "Imperial Administrative Records, Part I: Palace and Temple Administration",
			"volume": "SAA 7"
		},
		"geometry": {
			"type": "Point",
			"coordinates": [43.151937,36.358684]
		}
	}, {
		"type": "Feature",
		"properties": {
			"designation": "SAA 07 213",
			"atae_lists": "atae/saao:P335853",
			"has_date": "yes",
			"date": "02",
			"day": "02",
			"accession_no": "1883-01-18, 0161",
			"add_no": "ADD 1033",
			"archive": "099 - Miscellaneous",
			"cdli_accession_no": "1883-01-18, 0161",
			"cdli_id": "P335853",
			"cdli_museum_no": "BM —",
			"ch_name": "Offerings for the Aššur Temple",
			"ch_no": "Ch. 15",
			"ch_num_name": "Ch. 15 (Offerings for the Aššur Temple)",
			"collection": "British Museum, London, UK",
			"comp_wit": "witness",
			"credits": "Adapted from F. Mario Fales and J. Nicholas Postgate, Imperial Administrative Records, Part I: Palace and Temple Administration (State Archives of Assyria, 7), 1992. Lemmatised by Mikko Luukko, 2017, as part of the research programme of the Alexander von Humboldt Chair in the Ancient History of the Near and Middle East at LMU Munich (Karen Radner, Humboldt Professorship 2015. The annotated edition is released under the Creative Commons Attribution Share-Alike license 3.0.  Please cite this page as http://oracc.org/saao/P335853/.",
			"date_gen": "-02",
			"date_of_origin": "00.000.00.02",
			"display_name": "SAA 07 213",
			"edited_twice": "no",
			"genre": "Administrative Record",
			"id_text": "P335853",
			"language": "Akkadian",
			"long_date": "2nd day",
			"long_date_gen": "2nd",
			"material": "clay",
			"museum_no": "BM —",
			"object_type": "tablet",
			"oracc_header": "&amp;P335853 = SAA 07 213#project: saao/saa22#atf: lang nb#key: file=SAA22/SAA22.saa#key: musno=1883-01-18, 0161#key: cdli=1883-01-18, 0161#key: date=Esarhaddon or Ashurbanipal#key: writer=#key: preservation=",
			"period": "Neo-Assyrian",
			"please_cite": "Please cite this page as http://oracc.org/saao/P335853/.",
			"pleiades_id": "874621",
			"primary_publication": "ADD 1033",
			"project": "saa07",
			"proposed_date": "(ca. 674-650)",
			"provenience": "Kuyunjik (Nineveh)",
			"publication_history": "SAA 07, 213",
			"rework": "no",
			"ruler": "Esarhaddon or Ashurbanipal",
			"saa_attribution": "Adapted from F. Mario Fales and J. Nicholas Postgate, Imperial Administrative Records, Part I: Palace and Temple Administration (State Archives of Assyria, 7), 1992. Lemmatised by Mikko Luukko, 2017, as part of the research programme of the Alexander von Humboldt Chair in the Ancient History of the Near and Middle East at LMU Munich (Karen Radner, Humboldt Professorship 2015. The annotated edition is released under the Creative Commons Attribution Share-Alike license 3.0.",
			"saa_cdli_accession": "yes",
			"saa_cdli_id": "yes",
			"saa_cdli_museum": "yes",
			"saao_lists": "saao/saa07:P335853",
			"script": "Neo-Assyrian",
			"script_remarks": "inscribed",
			"script_type": "Cuneiform",
			"secondary_record": "no",
			"short_title": "Administrative Records 1",
			"title": "Aššur Temple Offerings, Day 2(?)",
			"vol_title": "Imperial Administrative Records, Part I: Palace and Temple Administration",
			"volume": "SAA 7"
		},
		"geometry": {
			"type": "Point",
			"coordinates": [43.151937,36.358684]
		}
	}, {
		"type": "Feature",
		"properties": {
			"designation": "SAA 07 214",
			"atae_lists": "atae/saao:P335832",
			"has_date": "unknown",
			"accession_no": "1881-02-04, 0071",
			"add_no": "ADD 1011",
			"archive": "099 - Miscellaneous",
			"cdli_accession_no": "1881-02-04, 0071",
			"cdli_id": "P335832",
			"cdli_museum_no": "BM —",
			"ch_name": "Offerings for the Aššur Temple",
			"ch_no": "Ch. 15",
			"ch_num_name": "Ch. 15 (Offerings for the Aššur Temple)",
			"collection": "British Museum, London, UK",
			"comp_wit": "witness",
			"credits": "Adapted from F. Mario Fales and J. Nicholas Postgate, Imperial Administrative Records, Part I: Palace and Temple Administration (State Archives of Assyria, 7), 1992. Lemmatised by Mikko Luukko, 2017, as part of the research programme of the Alexander von Humboldt Chair in the Ancient History of the Near and Middle East at LMU Munich (Karen Radner, Humboldt Professorship 2015. The annotated edition is released under the Creative Commons Attribution Share-Alike license 3.0.  Please cite this page as http://oracc.org/saao/P335832/.",
			"date_of_origin": "00.000.00.00",
			"display_name": "SAA 07 214",
			"edited_twice": "no",
			"genre": "Administrative Record",
			"id_text": "P335832",
			"language": "Akkadian",
			"material": "clay",
			"museum_no": "BM —",
			"object_type": "tablet",
			"oracc_header": "&amp;P335832 = SAA 07 214#project: saao/saa22#atf: lang nb#key: file=SAA22/SAA22.saa#key: musno=1881-02-04, 0071#key: cdli=1881-02-04, 0071#key: date=Esarhaddon or Ashurbanipal#key: writer=#key: preservation=",
			"period": "Neo-Assyrian",
			"please_cite": "Please cite this page as http://oracc.org/saao/P335832/.",
			"pleiades_id": "874621",
			"primary_publication": "ADD 1011",
			"project": "saa07",
			"proposed_date": "(ca. 674-650)",
			"provenience": "Kuyunjik (Nineveh)",
			"publication_history": "SAA 07, 214",
			"rework": "no",
			"ruler": "Esarhaddon or Ashurbanipal",
			"saa_attribution": "Adapted from F. Mario Fales and J. Nicholas Postgate, Imperial Administrative Records, Part I: Palace and Temple Administration (State Archives of Assyria, 7), 1992. Lemmatised by Mikko Luukko, 2017, as part of the research programme of the Alexander von Humboldt Chair in the Ancient History of the Near and Middle East at LMU Munich (Karen Radner, Humboldt Professorship 2015. The annotated edition is released under the Creative Commons Attribution Share-Alike license 3.0.",
			"saa_cdli_accession": "yes",
			"saa_cdli_id": "yes",
			"saa_cdli_museum": "yes",
			"saao_lists": "saao/saa07:P335832",
			"script": "Neo-Assyrian",
			"script_remarks": "inscribed",
			"script_type": "Cuneiform",
			"secondary_record": "no",
			"short_title": "Administrative Records 1",
			"title": "Aššur Temple Offerings",
			"vol_title": "Imperial Administrative Records, Part I: Palace and Temple Administration",
			"volume": "SAA 7"
		},
		"geometry": {
			"type": "Point",
			"coordinates": [43.151937,36.358684]
		}
	}, {
		"type": "Feature",
		"properties": {
			"designation": "SAA 07 215",
			"atae_lists": "atae/saao:P335838",
			"has_date": "unknown",
			"accession_no": "K 01114",
			"add_no": "ADD 1017",
			"archive": "099 - Miscellaneous",
			"cdli_accession_no": "K 01114",
			"cdli_id": "P335838",
			"cdli_museum_no": "BM —",
			"ch_name": "Offerings for the Aššur Temple",
			"ch_no": "Ch. 15",
			"ch_num_name": "Ch. 15 (Offerings for the Aššur Temple)",
			"collection": "British Museum, London, UK",
			"comp_wit": "witness",
			"credits": "Adapted from F. Mario Fales and J. Nicholas Postgate, Imperial Administrative Records, Part I: Palace and Temple Administration (State Archives of Assyria, 7), 1992. Lemmatised by Mikko Luukko, 2017, as part of the research programme of the Alexander von Humboldt Chair in the Ancient History of the Near and Middle East at LMU Munich (Karen Radner, Humboldt Professorship 2015. The annotated edition is released under the Creative Commons Attribution Share-Alike license 3.0.  Please cite this page as http://oracc.org/saao/P335838/.",
			"date_of_origin": "00.000.00.00",
			"display_name": "SAA 07 215",
			"edited_twice": "no",
			"genre": "Administrative Record",
			"id_text": "P335838",
			"language": "Akkadian",
			"material": "clay",
			"museum_no": "BM —",
			"object_type": "tablet",
			"oracc_header": "&amp;P335838 = SAA 07 215#project: saao/saa22#atf: lang nb#key: file=SAA22/SAA22.saa#key: musno=K 01114#key: cdli=K 01114#key: date=Esarhaddon or Ashurbanipal#key: writer=#key: preservation=",
			"period": "Neo-Assyrian",
			"please_cite": "Please cite this page as http://oracc.org/saao/P335838/.",
			"pleiades_id": "874621",
			"primary_publication": "ADD 1017",
			"project": "saa07",
			"proposed_date": "(ca. 674-650)",
			"provenience": "Kuyunjik (Nineveh)",
			"publication_history": "SAA 07, 215",
			"rework": "no",
			"ruler": "Esarhaddon or Ashurbanipal",
			"saa_attribution": "Adapted from F. Mario Fales and J. Nicholas Postgate, Imperial Administrative Records, Part I: Palace and Temple Administration (State Archives of Assyria, 7), 1992. Lemmatised by Mikko Luukko, 2017, as part of the research programme of the Alexander von Humboldt Chair in the Ancient History of the Near and Middle East at LMU Munich (Karen Radner, Humboldt Professorship 2015. The annotated edition is released under the Creative Commons Attribution Share-Alike license 3.0.",
			"saa_cdli_accession": "yes",
			"saa_cdli_id": "yes",
			"saa_cdli_museum": "yes",
			"saao_lists": "saao/saa07:P335838",
			"script": "Neo-Assyrian",
			"script_remarks": "inscribed",
			"script_type": "Cuneiform",
			"secondary_record": "no",
			"short_title": "Administrative Records 1",
			"title": "Aššur Temple Offerings",
			"vol_title": "Imperial Administrative Records, Part I: Palace and Temple Administration",
			"volume": "SAA 7"
		},
		"geometry": {
			"type": "Point",
			"coordinates": [43.151937,36.358684]
		}
	}, {
		"type": "Feature",
		"properties": {
			"designation": "SAA 07 216",
			"atae_lists": "atae/saao:P335839",
			"has_date": "yes, but date partially preserved",
			"date": "[...]",
			"day": "[...]",
			"accession_no": "Rm 0052",
			"add_no": "ADD 1018",
			"archive": "099 - Miscellaneous",
			"cdli_accession_no": "Rm 0052",
			"cdli_id": "P335839",
			"cdli_museum_no": "BM —",
			"ch_name": "Offerings for the Aššur Temple",
			"ch_no": "Ch. 15",
			"ch_num_name": "Ch. 15 (Offerings for the Aššur Temple)",
			"collection": "British Museum, London, UK",
			"comp_wit": "witness",
			"credits": "Adapted from F. Mario Fales and J. Nicholas Postgate, Imperial Administrative Records, Part I: Palace and Temple Administration (State Archives of Assyria, 7), 1992. Lemmatised by Mikko Luukko, 2017, as part of the research programme of the Alexander von Humboldt Chair in the Ancient History of the Near and Middle East at LMU Munich (Karen Radner, Humboldt Professorship 2015. The annotated edition is released under the Creative Commons Attribution Share-Alike license 3.0.  Please cite this page as http://oracc.org/saao/P335839/.",
			"date_gen": "-[...]",
			"date_of_origin": "00.000.00.00",
			"display_name": "SAA 07 216",
			"edited_twice": "no",
			"genre": "Administrative Record",
			"id_text": "P335839",
			"language": "Akkadian",
			"long_date": "[...]th [day]",
			"long_date_gen": "...th",
			"material": "clay",
			"museum_no": "BM —",
			"object_type": "tablet",
			"oracc_header": "&amp;P335839 = SAA 07 216#project: saao/saa22#atf: lang nb#key: file=SAA22/SAA22.saa#key: musno=Rm 0052#key: cdli=Rm 0052#key: date=Esarhaddon or Ashurbanipal#key: writer=#key: preservation=",
			"period": "Neo-Assyrian",
			"please_cite": "Please cite this page as http://oracc.org/saao/P335839/.",
			"pleiades_id": "874621",
			"primary_publication": "ADD 1018",
			"project": "saa07",
			"proposed_date": "(ca. 674-650)",
			"provenience": "Kuyunjik (Nineveh)",
			"publication_history": "SAA 07, 216",
			"rework": "no",
			"ruler": "Esarhaddon or Ashurbanipal",
			"saa_attribution": "Adapted from F. Mario Fales and J. Nicholas Postgate, Imperial Administrative Records, Part I: Palace and Temple Administration (State Archives of Assyria, 7), 1992. Lemmatised by Mikko Luukko, 2017, as part of the research programme of the Alexander von Humboldt Chair in the Ancient History of the Near and Middle East at LMU Munich (Karen Radner, Humboldt Professorship 2015. The annotated edition is released under the Creative Commons Attribution Share-Alike license 3.0.",
			"saa_cdli_accession": "yes",
			"saa_cdli_id": "yes",
			"saa_cdli_museum": "yes",
			"saao_lists": "saao/saa07:P335839",
			"script": "Neo-Assyrian",
			"script_remarks": "inscribed",
			"script_type": "Cuneiform",
			"secondary_record": "no",
			"short_title": "Administrative Records 1",
			"title": "Aššur Temple Offerings",
			"vol_title": "Imperial Administrative Records, Part I: Palace and Temple Administration",
			"volume": "SAA 7"
		},
		"geometry": {
			"type": "Point",
			"coordinates": [43.151937,36.358684]
		}
	}, {
		"type": "Feature",
		"properties": {
			"designation": "SAA 07 217",
			"atae_lists": "atae/saao:P335843",
			"has_date": "unknown",
			"accession_no": "1881-02-04, 0111",
			"add_no": "ADD 1022",
			"archive": "099 - Miscellaneous",
			"cdli_accession_no": "1881-02-04, 0111",
			"cdli_id": "P335843",
			"cdli_museum_no": "BM —",
			"ch_name": "Offerings for the Aššur Temple",
			"ch_no": "Ch. 15",
			"ch_num_name": "Ch. 15 (Offerings for the Aššur Temple)",
			"collection": "British Museum, London, UK",
			"comp_wit": "witness",
			"credits": "Adapted from F. Mario Fales and J. Nicholas Postgate, Imperial Administrative Records, Part I: Palace and Temple Administration (State Archives of Assyria, 7), 1992. Lemmatised by Mikko Luukko, 2017, as part of the research programme of the Alexander von Humboldt Chair in the Ancient History of the Near and Middle East at LMU Munich (Karen Radner, Humboldt Professorship 2015. The annotated edition is released under the Creative Commons Attribution Share-Alike license 3.0.  Please cite this page as http://oracc.org/saao/P335843/.",
			"date_of_origin": "00.000.00.00",
			"display_name": "SAA 07 217",
			"edited_twice": "no",
			"genre": "Administrative Record",
			"id_text": "P335843",
			"language": "Akkadian",
			"material": "clay",
			"museum_no": "BM —",
			"object_type": "tablet",
			"oracc_header": "&amp;P335843 = SAA 07 217#project: saao/saa22#atf: lang nb#key: file=SAA22/SAA22.saa#key: musno=1881-02-04, 0111#key: cdli=1881-02-04, 0111#key: date=Esarhaddon or Ashurbanipal#key: writer=#key: preservation=",
			"period": "Neo-Assyrian",
			"please_cite": "Please cite this page as http://oracc.org/saao/P335843/.",
			"pleiades_id": "874621",
			"primary_publication": "ADD 1022",
			"project": "saa07",
			"proposed_date": "(ca. 674-650)",
			"provenience": "Kuyunjik (Nineveh)",
			"publication_history": "SAA 07, 217",
			"rework": "no",
			"ruler": "Esarhaddon or Ashurbanipal",
			"saa_attribution": "Adapted from F. Mario Fales and J. Nicholas Postgate, Imperial Administrative Records, Part I: Palace and Temple Administration (State Archives of Assyria, 7), 1992. Lemmatised by Mikko Luukko, 2017, as part of the research programme of the Alexander von Humboldt Chair in the Ancient History of the Near and Middle East at LMU Munich (Karen Radner, Humboldt Professorship 2015. The annotated edition is released under the Creative Commons Attribution Share-Alike license 3.0.",
			"saa_cdli_accession": "yes",
			"saa_cdli_id": "yes",
			"saa_cdli_museum": "yes",
			"saao_lists": "saao/saa07:P335843",
			"script": "Neo-Assyrian",
			"script_remarks": "inscribed",
			"script_type": "Cuneiform",
			"secondary_record": "no",
			"short_title": "Administrative Records 1",
			"title": "Aššur Temple Offerings",
			"vol_title": "Imperial Administrative Records, Part I: Palace and Temple Administration",
			"volume": "SAA 7"
		},
		"geometry": {
			"type": "Point",
			"coordinates": [43.151937,36.358684]
		}
	}, {
		"type": "Feature",
		"properties": {
			"designation": "SAA 07 218",
			"atae_lists": "atae/saao:P335849",
			"has_date": "unknown",
			"accession_no": "1883-01-18, 0145",
			"add_no": "ADD 1029",
			"archive": "099 - Miscellaneous",
			"cdli_accession_no": "1883-01-18, 0145",
			"cdli_id": "P335849",
			"cdli_museum_no": "BM —",
			"ch_name": "Offerings for the Aššur Temple",
			"ch_no": "Ch. 15",
			"ch_num_name": "Ch. 15 (Offerings for the Aššur Temple)",
			"collection": "British Museum, London, UK",
			"comp_wit": "witness",
			"credits": "Adapted from F. Mario Fales and J. Nicholas Postgate, Imperial Administrative Records, Part I: Palace and Temple Administration (State Archives of Assyria, 7), 1992. Lemmatised by Mikko Luukko, 2017, as part of the research programme of the Alexander von Humboldt Chair in the Ancient History of the Near and Middle East at LMU Munich (Karen Radner, Humboldt Professorship 2015. The annotated edition is released under the Creative Commons Attribution Share-Alike license 3.0.  Please cite this page as http://oracc.org/saao/P335849/.",
			"date_of_origin": "00.000.00.00",
			"display_name": "SAA 07 218",
			"edited_twice": "no",
			"genre": "Administrative Record",
			"id_text": "P335849",
			"language": "Akkadian",
			"material": "clay",
			"museum_no": "BM —",
			"object_type": "tablet",
			"oracc_header": "&amp;P335849 = SAA 07 218#project: saao/saa22#atf: lang nb#key: file=SAA22/SAA22.saa#key: musno=1883-01-18, 0145#key: cdli=1883-01-18, 0145#key: date=Esarhaddon or Ashurbanipal#key: writer=#key: preservation=",
			"period": "Neo-Assyrian",
			"please_cite": "Please cite this page as http://oracc.org/saao/P335849/.",
			"pleiades_id": "874621",
			"primary_publication": "ADD 1029",
			"project": "saa07",
			"proposed_date": "(ca. 674-650)",
			"provenience": "Kuyunjik (Nineveh)",
			"publication_history": "SAA 07, 218",
			"rework": "no",
			"ruler": "Esarhaddon or Ashurbanipal",
			"saa_attribution": "Adapted from F. Mario Fales and J. Nicholas Postgate, Imperial Administrative Records, Part I: Palace and Temple Administration (State Archives of Assyria, 7), 1992. Lemmatised by Mikko Luukko, 2017, as part of the research programme of the Alexander von Humboldt Chair in the Ancient History of the Near and Middle East at LMU Munich (Karen Radner, Humboldt Professorship 2015. The annotated edition is released under the Creative Commons Attribution Share-Alike license 3.0.",
			"saa_cdli_accession": "yes",
			"saa_cdli_id": "yes",
			"saa_cdli_museum": "yes",
			"saao_lists": "saao/saa07:P335849",
			"script": "Neo-Assyrian",
			"script_remarks": "inscribed",
			"script_type": "Cuneiform",
			"secondary_record": "no",
			"short_title": "Administrative Records 1",
			"title": "Aššur Temple Offerings",
			"vol_title": "Imperial Administrative Records, Part I: Palace and Temple Administration",
			"volume": "SAA 7"
		},
		"geometry": {
			"type": "Point",
			"coordinates": [43.151937,36.358684]
		}
	}, {
		"type": "Feature",
		"properties": {
			"designation": "SAA 07 219",
			"atae_lists": "atae/saao:P336651",
			"has_date": "unknown",
			"accession_no": "K 01857",
			"archive": "099 - Miscellaneous",
			"cdli_accession_no": "K 01857",
			"cdli_id": "P336651",
			"cdli_museum_no": "BM —",
			"ch_name": "Offerings for the Aššur Temple",
			"ch_no": "Ch. 15",
			"ch_num_name": "Ch. 15 (Offerings for the Aššur Temple)",
			"collection": "British Museum, London, UK",
			"comp_wit": "witness",
			"credits": "Adapted from F. Mario Fales and J. Nicholas Postgate, Imperial Administrative Records, Part I: Palace and Temple Administration (State Archives of Assyria, 7), 1992. Lemmatised by Mikko Luukko, 2017, as part of the research programme of the Alexander von Humboldt Chair in the Ancient History of the Near and Middle East at LMU Munich (Karen Radner, Humboldt Professorship 2015. The annotated edition is released under the Creative Commons Attribution Share-Alike license 3.0.  Please cite this page as http://oracc.org/saao/P336651/.",
			"date_of_origin": "00.000.00.00",
			"display_name": "SAA 07 219",
			"edited_twice": "no",
			"genre": "Administrative Record",
			"id_text": "P336651",
			"language": "Akkadian",
			"material": "clay",
			"museum_no": "BM —",
			"object_type": "tablet",
			"oracc_header": "&amp;P336651 = SAA 07 219#project: saao/saa22#atf: lang nb#key: file=SAA22/SAA22.saa#key: musno=K 01857#key: cdli=K 01857#key: date=Esarhaddon or Ashurbanipal#key: writer=#key: preservation=",
			"period": "Neo-Assyrian",
			"please_cite": "Please cite this page as http://oracc.org/saao/P336651/.",
			"pleiades_id": "874621",
			"project": "saa07",
			"proposed_date": "(ca. 674-650)",
			"provenience": "Kuyunjik (Nineveh)",
			"publication_history": "SAA 07, 219",
			"rework": "no",
			"ruler": "Esarhaddon or Ashurbanipal",
			"saa_attribution": "Adapted from F. Mario Fales and J. Nicholas Postgate, Imperial Administrative Records, Part I: Palace and Temple Administration (State Archives of Assyria, 7), 1992. Lemmatised by Mikko Luukko, 2017, as part of the research programme of the Alexander von Humboldt Chair in the Ancient History of the Near and Middle East at LMU Munich (Karen Radner, Humboldt Professorship 2015. The annotated edition is released under the Creative Commons Attribution Share-Alike license 3.0.",
			"saa_cdli_accession": "yes",
			"saa_cdli_id": "yes",
			"saa_cdli_museum": "yes",
			"saao_lists": "saao/saa07:P336651",
			"script": "Neo-Assyrian",
			"script_remarks": "inscribed",
			"script_type": "Cuneiform",
			"secondary_record": "no",
			"short_title": "Administrative Records 1",
			"title": "Aššur Temple Offerings",
			"vol_title": "Imperial Administrative Records, Part I: Palace and Temple Administration",
			"volume": "SAA 7"
		},
		"geometry": {
			"type": "Point",
			"coordinates": [43.151937,36.358684]
		}
	}]
}
